:1000000000040020810A000015070000610A0000BA
:100010001F07000029070000330700000000000050
:10002000000000000000000000000000A50A000021
:100030003D070000000000004707000051070000D6
:100040005B070000650700006F07000079070000EC
:10005000830700008D07000097070000A10700003C
:10006000AB070000B5070000BF070000C90700008C
:10007000D3070000DD070000E7070000F1070000DC
:10008000FB070000050800000F0800001908000029
:10009000230800002D080000370800004108000078
:1000A0004B080000550800005F08000069080000C8
:1000B000730800007D080000870800009108000018
:1000C0009B080000A5080000AF080000B908000068
:1000D000C3080000CD080000D7080000E1080000B8
:1000E000EB080000F5080000FF0800000909000007
:1000F000130900001D090000270900003109000054
:100100003B0900001FB500F003F88DE80F001FBD8C
:1001100000F0ACBC40F6FC7108684FF01022401CA7
:1001200008D00868401C09D00868401C04D0086842
:1001300000F037BA9069F5E79069F9E7704770B554
:100140000B46010B184400F6FF70040B4FF0805073
:100150000022090303692403406943431D1B104621
:1001600000F048FA29462046BDE8704000F042BA47
:10017000F0B54FF6FF734FF4B4751A466E1E11E0DA
:10018000A94201D3344600E00C46091B30F8027B3B
:10019000641E3B441A44F9D19CB204EB134394B25D
:1001A00004EB12420029EBD198B200EB134002EBB2
:1001B000124140EA0140F0BDF34992B00446D1E952
:1001C0000001CDE91001FF224021684600F0F4FB58
:1001D00094E80F008DE80F00684610A902E004C8FB
:1001E00041F8042D8842FAD110216846FFF7C0FF7C
:1001F0001090AA208DF8440000F099F9FFF78AFFCB
:1002000040F6FC7420684FF01025401C0FD0206889
:1002100010226946803000F078F92068401C08D030
:100220002068082210A900F070F900F061F9A869AF
:10023000EEE7A869F5E74FF080500369406940F6A2
:10024000FC71434308684FF01022401C06D0086838
:1002500000F58050834203D2092070479069F7E788
:100260000868401C04D00868401C03D00020704778
:100270009069F9E70420704770B504460068C34DE3
:10028000072876D2DFE800F033041929631E250021
:10029000D4E9026564682946304600F062F92A46CE
:1002A0002146304600F031F9AA002146304600F0E0
:1002B00057FB002800D0032070BD00F009FC4FF46C
:1002C000805007E0201D00F040F90028F4D100F034
:1002D000FFFB60682860002070BD241D94E80700C3
:1002E000920000F03DFB0028F6D00E2070BDFFF715
:1002F000A2FF0028FAD1D4E901034FF0805100EBAE
:10030000830208694D69684382420ED840F6F8704E
:1003100005684FF010226D1C09D0056805EB8305B8
:100320000B6949694B439D4203D9092070BD55694A
:10033000F4E70168491C03D00068401C02D003E0C8
:100340005069FAE70F2070BD2046FFF735FFFFF731
:1003500072FF0028F7D1201D00F0F7F80028F2D135
:1003600060680028F0D100F0E2F8FFF7D3FE00F05B
:10037000BFF8072070BD10B50C46182802D0012028
:10038000086010BD2068FFF777FF206010BD41684E
:10039000054609B1012700E0002740F6F8742068FF
:1003A0004FF01026401C2BD02068AA68920000F065
:1003B000D7FA38B3A86881002068401C27D020688D
:1003C000FFF7BDFED7B12068401C22D026684FF051
:1003D0008050AC686D68016942695143A9420DD9EA
:1003E000016940694143A14208D92146304600F0E5
:1003F000B8F822462946304600F087F800F078F831
:100400007069D2E700F093F8FFF784FEF6E77069B1
:10041000D6E77669DBE740F6FC7420684FF01026DB
:10042000401C23D02068401C0CD02068401C1FD0EA
:100430002568206805F18005401C1BD027683879A5
:10044000AA2819D040F6F8700168491C42D001680A
:10045000491C45D00168491C3ED001680968491C07
:100460003ED00168491C39D000683EE0B069DAE747
:10047000B569DEE7B769E2E710212846FFF778FEA5
:100480003968814222D12068401C05D0D4F8001080
:1004900001F18002C03107E0B169F9E730B108CA63
:1004A00051F8040D984201D1012000E000208A4259
:1004B000F4D158B1286810B1042803D0FEE72846CB
:1004C000FFF765FF3149686808600EE0FFF722FE1C
:1004D00000F00EF87169BBE77169BFE7706904E06D
:1004E0004FF480500168491C01D000F0CBFAFEE7C0
:1004F000BFF34F8F26480168264A01F4E06111439B
:100500000160BFF34F8F00BFFDE72DE9F0411746B3
:100510000D460646002406E03046296800F054F8EF
:10052000641C2D1D361DBC42F6D3BDE8F08140F69B
:10053000FC700168491C04D0D0F800004FF48051D1
:10054000FDE54FF010208069F8E74FF080510A690F
:10055000496900684A43824201D810207047002050
:10056000704770B50C4605464FF4806608E0284693
:1005700000F017F8B44205D3A4F5806405F5805562
:10058000002CF4D170BD0000F40A0000000000202F
:100590000CED00E00400FA05144801680029FCD0C5
:1005A0007047134A0221116010490B68002BFCD0E0
:1005B0000F4B1B1D186008680028FCD0002010603D
:1005C00008680028FCD07047094B10B501221A605A
:1005D000064A1468002CFCD0016010680028FCD08A
:1005E0000020186010680028FCD010BD00E4014015
:1005F00004E5014070B50C46054600F073F810B9EB
:1006000000F07EF828B121462846BDE8704000F091
:1006100007B821462846BDE8704000F037B8000012
:100620007FB5002200920192029203920A0B000B06
:100630006946012302440AE0440900F01F0651F80C
:10064000245003FA06F6354341F82450401C8242F8
:10065000F2D80D490868009A10430860081D016827
:10066000019A1143016000F03DF800280AD00649C4
:1006700010310868029A10430860091D0868039A3F
:10068000104308607FBD00000006004030B50F4CED
:10069000002200BF04EB0213D3F800582DB9D3F8A1
:1006A000045815B9D3F808581DB1521C082AF1D3C3
:1006B00030BD082AFCD204EB0212C2F80008C3F8CD
:1006C00004180220C3F8080830BD000000E0014013
:1006D0004FF08050D0F83001082801D0002070473A
:1006E000012070474FF08050D0F83011062905D016
:1006F000D0F83001401C01D0002070470120704725
:100700004FF08050D0F830010A2801D00020704707
:100710000120704708208F490968095808471020B0
:100720008C4909680958084714208A4909680958FA
:100730000847182087490968095808473020854923
:100740000968095808473820824909680958084744
:100750003C20804909680958084740207D490968BC
:100760000958084744207B49096809580847482028
:1007700078490968095808474C207649096809589A
:10078000084750207349096809580847542071499F
:1007900009680958084758206E49096809580847E8
:1007A0005C206C4909680958084760206949096854
:1007B00009580847642067490968095808476820AC
:1007C00064490968095808476C2062490968095852
:1007D000084770205F4909680958084774205D4937
:1007E00009680958084778205A490968095808478C
:1007F0007C205849096809580847802055490968EC
:10080000095808478420534909680958084788202F
:1008100050490968095808478C204E490968095809
:10082000084790204B4909680958084794204949CE
:10083000096809580847982046490968095808472F
:100840009C204449096809580847A0204149096883
:1008500009580847A4203F49096809580847A820B3
:100860003C49096809580847AC203A4909680958C1
:100870000847B0203749096809580847B420354966
:10088000096809580847B8203249096809580847D3
:10089000BC203049096809580847C0202D4909681B
:1008A00009580847C4202B49096809580847C82037
:1008B0002849096809580847CC2026490968095879
:1008C0000847D0202349096809580847D4202149FE
:1008D000096809580847D8201E4909680958084777
:1008E000DC201C49096809580847E02019490968B3
:1008F00009580847E4201749096809580847E820BB
:100900001449096809580847EC2012490968095830
:100910000847F0200F49096809580847F4200D4995
:10092000096809580847F8200A490968095808471A
:10093000FC2008490968095808475FF48070054998
:10094000096809580847000003480449024A034B54
:100950007047000000000020000B0000000B0000AA
:1009600040EA010310B59B070FD1042A0DD310C82C
:1009700008C9121F9C42F8D020BA19BA884201D97E
:10098000012010BD4FF0FF3010BD1AB1D30703D0C6
:10099000521C07E0002010BD10F8013B11F8014B7C
:1009A0001B1B07D110F8013B11F8014B1B1B01D198
:1009B000921EF1D1184610BD02F0FF0343EA032254
:1009C00042EA024200F005B87047704770474FF0A6
:1009D00000020429C0F0128010F0030C00F01B800C
:1009E000CCF1040CBCF1020F18BF00F8012BA8BF1A
:1009F00020F8022BA1EB0C0100F00DB85FEAC17CDE
:100A000024BF00F8012B00F8012B48BF00F8012B90
:100A100070474FF0000200B51346944696462039C1
:100A200022BFA0E80C50A0E80C50B1F12001BFF4A7
:100A3000F7AF090728BFA0E80C5048BF0CC05DF80D
:100A400004EB890028BF40F8042B08BF704748BF5B
:100A500020F8022B11F0804F18BF00F8012B7047CF
:100A6000014B1B68DB6818470000002009480A4951
:100A70007047FFF7FBFFFFF745FB00BD20BFFDE719
:100A8000064B1847064A1060016881F308884068E1
:100A900000470000000B0000000B000017040000DE
:100AA000000000201EF0040F0CBFEFF30881EFF3ED
:100AB0000981886902380078182803D100E0000015
:100AC000074A1047074A12682C3212681047000084
:100AD00000B5054B1B68054A9B58984700BD0000B0
:100AE0007703000000000020F00A0000040000006E
:100AF000001000000000000000FFFFFF0090D00386
:10100000B00F002021AE010065B0000087AD0100E7
:1010100065B0000065B0000065B000000000000091
:10102000000000000000000000000000ADAE010064
:1010300065B000000000000065B0000065B0000071
:1010400015AF01001BAF010065B0000065B00000E6
:1010500065B0000065B0000065B0000065B000003C
:1010600021AF010065B0000065B0000027AF0100AE
:1010700065B000002DAF010033AF010039AF0100B2
:1010800065B0000065B0000065B0000065B000000C
:1010900065B0000065B0000065B0000065B00000FC
:1010A00065B000003FAF010065B0000065B0000012
:1010B00065B0000065B0000065B0000065B00000DC
:1010C00045AF010065B0000065B0000065B00000EC
:1010D00065B0000065B0000065B0000065B00000BC
:1010E00065B0000065B0000065B0000065B00000AC
:1010F00065B0000065B0000065B0000065B000009C
:1011000065B0000065B0000000F002F819F077FE4D
:101110000AA090E8000C82448344AAF10107DA4552
:1011200001D119F06CFEAFF2090EBAE80F0013F00E
:10113000010F18BFFB1A43F00103184770A201000A
:1011400090A201000A4410F8014B14F00F0508BFEB
:1011500010F8015B240908BF10F8014B6D1E05D083
:1011600010F8013B6D1E01F8013BF9D1641E03D05C
:10117000641E01F8015BFBD19142E4D3704700008B
:101180000023002400250026103A28BF78C1FBD890
:10119000520728BF30C148BF0B6070471FB500F031
:1011A00003F88DE80F001FBD19F026BE70B51B4C6B
:1011B00005460A202070A01C00F0D7F85920A08016
:1011C00029462046BDE8704006F0FEBE06F00CBF82
:1011D00070B50C461249097829B1A0F160015E2969
:1011E00008D3012013E0602804D0692802D043F21C
:1011F00001000CE020CC0B4E94E80E0006EB8000C2
:10120000A0F58050241FD0F8806E2846B04720609B
:1012100070BD0120704706207047000008000020C4
:101220001800002074AF01003249884201D2012029
:1012300070470020704770B50446A0F500002E4EA0
:10124000B0F1786F02D23444A4F5000429488442F6
:1012500001D2012500E0002500F043F848B125B98E
:10126000B44204D32548006808E0012070BD002086
:1012700070BD002DF9D1B442F9D321488442F6D291
:10128000F3E710B50446A0F50000B0F1786F03D283
:1012900019480444A4F5000400F023F84FF08041FD
:1012A00030B11648006804E08C4204D2012003E00B
:1012B00013488442F8D2002080F0010010BD10B520
:1012C00020B1FFF7DEFF08B1012010BD002010BDE6
:1012D00010B520B1FFF7AFFF08B1012010BD00200D
:1012E00010BD084808490068884201D101207047B4
:1012F0000020704700C00100000000201C000020FA
:101300000800002058000020BEBAFECA10B50446EE
:101310000021012000F041F800210B2000F03DF8F1
:101320000021082000F039F80421192000F035F8D8
:1013300004210D2000F031F804210E2000F02DF8DA
:1013400004210F2000F029F80421C84300F025F8FB
:101350000621162000F021F80621152000F01DF8C6
:101360002046FFF723FF002010BDCC2101807047ED
:10137000FFF72CBF1148704710487047104A10B54E
:1013800014680F4B0F4A08331A60FFF721FF0C480F
:10139000001D046010BD704770474907090E002802
:1013A00004DB00F1E02080F80014704700F00F002B
:1013B00000F1E02080F8141D7047000003F900429E
:1013C000100502400100000130B5FF4D0446062C17
:1013D000A9780ED2DFE804F0030E0E0E0509FFDF38
:1013E00008E0022906D0FFDF04E0032902D0FFDF76
:1013F00000E0FFDFAC7030BDF34810B5407E41081F
:10140000F14800F11A0005D00DF043FBBDE8104093
:1014100006F07ABC0DF024FBF8E730B50446A1F1E4
:1014200020000D460A2847D2DFE800F005070C1916
:10143000202532373C41FFDF3FE0207820283CD197
:10144000FFDF3AE0E0488078052836D0207824286D
:1014500033D0252831D023282FD0FFDF2DE020786E
:1014600022282AD0232828D8FFDF26E02078222827
:1014700023D0FFDF21E0207822281ED024281CD092
:1014800026281AD0272818D0292816D0FFDF14E0E4
:101490002078252811D0FFDF0FE0207825280CD0F8
:1014A000FFDF0AE02078252807D0FFDF05E020785D
:1014B000282802D0FFDF00E0FFDF257030BD1FB518
:1014C0000022ADF800200C88ADF802404B88ADF842
:1014D0000430CA88ADF808208988ADF806100021CC
:1014E000ADF80A10ADF80C1080B14FF6FF70062170
:1014F000844201D1ADF80210834201D1ADF804104D
:10150000824203D14FF44860ADF8080068460DF000
:10151000BEFB06F0F9FB04B010BD70B514460D46D5
:101520000646FFF788FE60B90DB1A54201D90C202F
:1015300070BD002409E000BF56F82400FFF77BFED1
:1015400008B1102070BD641CE4B2AC42F4D300209A
:1015500070BD2DE9F04105461F4690460E46002419
:101560000068FFF7B5FE30B9A98828680844401E16
:10157000FFF7AEFE10B11020BDE8F081286800280A
:10158000A88802D0B84202D850E00028F4D0092040
:10159000F2E72968085DB8B1671CCA5D152A2ED02C
:1015A0003CDC152A3AD2DFE802F039122222282840
:1015B0002A2A313139393939393939393939220019
:1015C000085D30BB641CA4B2A242F9D833E0022803
:1015D000DDD1A01C085C88F80000072801D2400774
:1015E00001D40A20C8E7307840F0010015E0C1437B
:1015F000C90707E0012807D010E00620BCE7010773
:10160000A1F180510029F5D01846B5E7307881075F
:1016100001D50B20B0E740F0020030702868005D73
:10162000384484B2A888A04202D2B0E74FF44853AD
:1016300082B2A242ADD800209EE710B502785408CD
:1016400009D0012243F20223012C07D0022C0DD035
:10165000032C13D10FE00020087005E080790324EB
:10166000B4EB901F0AD10A70002010BD8079B2EB54
:10167000901F03D1F7E780798009F4D0184610BD98
:1016800008B500208DF800004F4890F8221051B1A5
:1016900090F8230002280FD003280FD0FFDF00BFEF
:1016A0009DF8000008BD48486946193001F0C6F9A8
:1016B0000028F5D0FFDFF3E7032000E001208DF8DC
:1016C0000000EDE738B50C460546694601F0B6F96D
:1016D00000280DD19DF80010207861F3470020709C
:1016E00055F8010FC4F80100A888A4F805000020EF
:1016F00038BD38B51378C0B1022816D033A46D4672
:10170000246800944C7905EB9414247864F347031F
:10171000137003280ED003F0FE0010700868C2F8A2
:1017200001008888A2F8050038BD23F0FE0313707D
:101730000228EED1D8B240F00100EEE702210EF00F
:10174000BDBC38B50C460978222901D2082038BD25
:10175000ADF800008DF8022068460DF0D9F906F0CA
:10176000D3FA050003D121212046FFF756FE284673
:1017700038BD1CB500208DF80000CDF80100ADF893
:101780000500114890F82200022801D0012000E055
:1017900000208DF8070068460DF024FA002800D0DC
:1017A000FFDF1CBD2DE9FF478CB00025BDF834607C
:1017B00082461C4690468DF81C50700703D5606821
:1017C000FFF739FD90B903E0A00100200302FF01FB
:1017D000FE4F4FF0010997F8220058B197F8230007
:1017E000022807D16068FFF773FD18B1102010B010
:1017F000BDE8F087300702D5A089802815D870078A
:1018000004D4B8F1000F01D0387E70B1E07DC0F390
:1018100000108DF81B00617D072041B1012906D021
:101820000229E4D00429E2D117E00720DFE78DF890
:1018300017908DF819908DF81580606878B107A918
:10184000FFF7FBFE0028D2D1606850F8011FCDF8E9
:101850000F108088ADF8130005E00620C7E7CDF82B
:101860000F50ADF81350E07B0028F6D1207C002803
:10187000F3D1607C0028F0D1A07C0028EDD1E07C81
:10188000C006EAD18DF800A0BDF83400ADF8020022
:10189000A0680190A0680290CDA0D0E90010CDE929
:1018A0000A10E07C0AA901EB501000788DF80C00BA
:1018B000FFF7E6FE8DF80D009DF81C008DF80E0078
:1018C0008DF818508DF816508DF81A5009A96846F1
:1018D0000DF02CFA06F018FA89E7F0B58FB0002465
:1018E0008DF830408DF814408DF8344006468DF860
:1018F0002840019402940394049419B10FC901ADD6
:1019000085E80F00B14DA878052801D004280CD136
:1019100001986968884200D120B90398E968884233
:1019200003D110B108200FB0F0BD1F273B460DAA10
:1019300005A903A8FFF70DFE0028F4D13B460AAA2B
:101940000CA901A8FFF705FE0028ECD19DF81400B2
:10195000C00701D00A20E6E7A88A410708D4A97D7C
:1019600031B19DF82810890702D043F20120DAE74F
:101970009DF82810C90709D0400707D4288818B156
:1019800044F25061884201D90720CCE78DF8184015
:101990008DF81960BDF80800ADF81A00019807909D
:1019A00006A80DF0CEF906F0AFF90028BBD18DF8EE
:1019B00020408DF82160BDF81000ADF8220003989A
:1019C000099008A80DF0DFF906F09EF90028AAD1C9
:1019D00001AC2D1D94E80F0085E80F000020A2E760
:1019E00070B50646FFF7AAFE054606F06FFB040039
:1019F00000D1FFDF6680207820F00F00801C20F0EF
:101A0000F000203020700320207295F83E006072B4
:101A1000BDE8704006F05EBB2DE9F04385B00400E0
:101A200000D1FFDF2078694E20F00F00801C20F0ED
:101A3000F0007030207060680178C91F14292AD224
:101A4000DFE801F04DF3290AF3F33AF2292966F2AF
:101A5000F2F129F2F2F0EFF286883046FFF76EFEDF
:101A60000546304608F0BDF8C0B16068807985F859
:101A70003E0021212846FFF7D0FC304603F0FAF95A
:101A8000304604F0ADFB3146012012F047F9A87F43
:101A900020F01000A87705B0BDE8F083207820F092
:101AA000F00020302070032020726680606880790A
:101AB000607206F00FFBDCE785882846FFF73EFEE4
:101AC00000B9FFDF60688078012800D0FFDF606820
:101AD000817905B02846BDE8F04308F04ABA868807
:101AE0003046FFF72BFE050000D1FFDF06F0F2FACB
:101AF00060683146C08828816068008968816068B4
:101B00004089A881012012F009F90020A875C2E7D8
:101B1000807828B10228BED03C28BCD0FFDFBAE7CD
:101B200006F0D8FA6568A879AD1C00B9FFDFF77830
:101B3000B5F80290B046384606F05FF8060000D1CE
:101B4000FFDF0022022148460EF0AFFA040000D168
:101B5000FFDF22212046FFF760FCA17F012060F318
:101B60000101A177298B2181698B6181A98BA181D9
:101B700084F822708DF80800B0680090F068019039
:101B80006A46032148460EF090FA00B9FFDFB0889C
:101B9000ADF81000B0788DF8120004AA052148466F
:101BA0000EF083FA00B9FFDFB088ADF80C00F078D2
:101BB0008DF80E0003AA042148460EF076FA00B90B
:101BC000FFDF062105F1120006E00000A001002061
:101BD000070605040302010000F04DFF30B36879E9
:101BE000800700D5FFDF6979E07D61F34700E0758C
:101BF000D5F80600A0616889A083062105F10C00D4
:101C000000F039FFE0B198F819104A08617862F3E2
:101C100047016170D8F81A10C4F80210B8F81E0015
:101C200017E028E020E033E02DE017E0E07D20F031
:101C3000FE00801CE075D5F81200A061E88ADBE7A1
:101C4000607820F0FE00801C6070E868C4F8020034
:101C5000288AE0800320FFF7B7FB1CE705B0204689
:101C6000BDE8F04301F092BC06F034FA16F8240FF8
:101C700040F0020005E006F02DFA16F8240F40F0BF
:101C80000400307007E705B0BDE8F04306F022BA63
:101C9000B178052909D00429DFD106F01BFA02200A
:101CA00005B0BDE8F043FFF78FBB80780028D4D0A3
:101CB000F07800F0AAFE06F00DFA0320F0E72DE917
:101CC000F047054600780027000991460C463E463D
:101CD000012871D0022870D007280AD00A286DD0B8
:101CE000FFDF00BFA9F800600CB1278066800020EC
:101CF0007EE5D5F804C0DFF8448804F108009CF8BC
:101D000000204FF0010AD21F4FF6FF71142A76D23D
:101D1000DFE802F00AF9F9F9F9F9F91DF9F926C035
:101D2000889DF91061D476EE12271026BCF80400C5
:101D30002146F3E01C270A26ECB3BCF80200A08081
:101D4000686800792072686840796072CAE71B276A
:101D5000092684B30320207268684088A080C1E708
:101D60009CF802103C29BDD010272C260CF1020C47
:101D70000CB3BCF80210A180BCF818106182BCF84A
:101D800018102182BCF81A10A182BCF81C10E18244
:101D90009CF8053002460CF106011846FFF7A9FC35
:101DA0009CF8040001289DD184F80FA00020207623
:101DB00008F1040003E00BE0A8E0B2E0EAE090E8FC
:101DC0000E00D8F81000C4E90930C4E9071289E709
:101DD000A9F800608BE720271126002CF8D0A180FD
:101DE000686804F10A02807820726868807A6072FC
:101DF00069680B1DC8781946FFF77BFC72E782E023
:101E000021270A26002CE3D0BCF80200A0806868D5
:101E10000079207268684079607298F8241021F087
:101E2000040162E022270B26002CD1D0BCF804006C
:101E3000A0806868807820726868807900F02AFE47
:101E400060726868C07900F025FEA0724AE7262714
:101E50001C26002CBCD0A1806868C07860726868BD
:101E60008079A07208F1040090E80E00D8F8100004
:101E7000C4E90530C4E90312686880783C2803D0BF
:101E8000432804D0FFDF2DE784F808A02AE70220CA
:101E9000207227E724271026002C99D0BCF80200D6
:101EA000A0806868007920816868007A608168682D
:101EB000C088A08168684089E08113E72327102645
:101EC000002C85D0BCF80200A08068688088208142
:101ED0006868C088608168680089A08168684089F6
:101EE000E08198F8241021F0020188F82410F9E626
:101EF0002F272A26002C86D0A18069682222891CDF
:101F00000BF017FAEEE64A46214644E0287A02280A
:101F100001D0FFDFE6E612271026688800F098FD62
:101F2000E0E6287AB0B3012835D0022833D0032860
:101F300001D0FFDFD6E611270926002C8AD0B5F89C
:101F400002804046FFF7FAFB90F822A0A4F8048034
:101F5000687A2072042140460EF0C2F805214046FE
:101F60000EF0BEF8002140460EF0BAF801214046BE
:101F70000EF0B6F8032140460EF0B2F802214046BA
:101F80000EF0AEF8062140460EF0AAF8504600F0DA
:101F90003CFDA7E6FFE72846BDE8F04701F02CBC72
:101FA00070B5012801D0FFDF70BD8DB22846FFF764
:101FB000C5FB040000D1FFDF20782128F4D006F013
:101FC00085F880B1017821F00F01891C21F0F00122
:101FD000103101700221017245800020A075BDE81A
:101FE000704006F077B821462846BDE870401322BD
:101FF000FFF7A7BB2DE9F04116460C00804600D143
:10200000FFDF307820F00F00801C20F0F00010304F
:1020100030702078022802D0FFDFBDE8F081404612
:10202000FFF78CFB050000D1FFDFA1884FF6FF70A2
:102030000027814202D1E288824203D0814201D14D
:10204000E08840B106F046F894E80F00083686E8CC
:102050000F00AF75E1E7A87D0128DED178230022CB
:10206000414611F0B1FD0220A875D6E738B5054606
:102070000C460846FFF7DFF8A8B9242D31D006DC5E
:10208000202D0AD0212D0AD0222D04D124E0252D87
:102090001BD03F2D2DD0072038BD062038BD6068ED
:1020A000FFF70DF908B1102038BD618820886A4615
:1020B0000CF0E1FF05F028FE0028F5D16168002949
:1020C000F2D0BDF800200A8038BDA07800F00101F0
:1020D00020880DF001F808E02068BDE8384001F0E4
:1020E000C0BD618820880CF05FFFBDE8384005F076
:1020F0000BBE207800F001008DF8000068460CF05F
:10210000BDFD05F001FE38BD70B505460C4608461C
:10211000FFF7B7F808B1102070BD202D07D0212D92
:102120000DD0222D0BD0252D09D0072070BD208881
:10213000A11C0CF03CFDBDE8704005F0E5BD06209B
:1021400070BDFE481930704708B528220021FB48B1
:102150000BF019F90120FFF737F9F84968461A31F1
:1021600005F04AFFF5489DF80020417E62F34701E3
:1021700021F001014176002180F822104FF46171B5
:102180000184022180F82310FFF736F900B1FFDF48
:1021900000F0AEFC01F0CCF908BD10B50C464022B1
:1021A000002120460BF0EFF8A07F20F00300A0777D
:1021B000202020700020A07584F8230010BD7047F7
:1021C0002DE9FC410746FFF736F810B11020BDE8B5
:1021D000FC81DA4E06F11901D6F819000090B6F824
:1021E0001D50ADF80450F47F8DF806403846FFF7D7
:1021F00069FA0028EBD1FFF7FFF80028E7D0009933
:1022000046F8191FB580B471E1E710B50446FFF731
:1022100038F808B1102010BDC848C8492246407E91
:102220001A314008FFF765FA002010BD3EB504469C
:102230000D460846FFF725F808B110203EBD14B141
:1022400043F204003EBDBD488078052803D0042831
:1022500001D008203EBD694602A80BF01AFB2A46B1
:1022600069469DF80800FFF744FA00203EBDFEB520
:102270000D4604004FF0000711D00822FFF74DF97A
:10228000002811D1002608E054F826006946FFF71F
:10229000D4F9002808D1761CF6B2AE42F4D30CF083
:1022A00037FB10B143F20320FEBDA44E3776FCB1DC
:1022B00000271AE054F8270002A9FFF7BEF900B181
:1022C000FFDF9DF808008DF8000054F8270050F853
:1022D000011FCDF801108088ADF8050068460CF0AC
:1022E0003CFB00B1FFDF7F1CFFB2AF42E2D335768B
:1022F0000020FEBD2DE9F0478AB01546894604004E
:102300001DD00F4608222946FFF707F9002810D1F3
:10231000002612E054F826006946103000F08EFBCB
:10232000002806D13FB157F82600FEF784FF10B110
:1023300010200AB0DCE4761CF6B2AE42EAD30026E6
:10234000A5F101081CE000BF06F1010A0AF0FF0731
:1023500012E000BF54F82600017C4A0854F8271008
:102360000B7CB2EB530F05D10622113011310AF06C
:10237000B3FF58B17F1CFFB2AF42EBD30AF0FF06A8
:102380004645E1DB4E4624B1012003E043F205203F
:10239000CFE700200CF000FB10B90CF009FB10B1E6
:1023A00043F20420C5E75CB300270DF1170825E0D0
:1023B00054F827006946103000F040FB00B1FFDF01
:1023C00054F82700102250F8111FCDF80110808812
:1023D000ADF8050054F827100DF107000AF0A9FF29
:1023E00096B156F82710102240460AF0A2FF684620
:1023F0000CF098FA00B1FFDF7F1CFFB2AF42D7D3D9
:10240000FFF7B7F9002094E7404601F01EFCEEE725
:1024100030B585B00446FEF70EFF18B96068FEF7C8
:1024200057FF10B1102005B030BD60884AF2B811D6
:10243000884206D82078414D28B1012806D00228CC
:1024400004D00720EFE7FEF7D7FF18E060780228F6
:1024500004D0032802D043F20220E4E785F82300E9
:10246000C1B200200090ADF8040002292CD003294D
:1024700027D0FFDF68460CF00CFB05F045FC002878
:10248000D1D1606801F0D4FB207858B101208DF8DB
:1024900000000DF1010001F0D8FB68460CF075FE5C
:1024A00000B1FFDF207885F82200FFF762F960882D
:1024B00060B1288480B20CF067FA00B1FFDF002021
:1024C000B1E78DF80500D5E74020FAE74FF46170D9
:1024D000EFE710B50446FEF7D4FE20B9606838B1C6
:1024E000FEF7EDFE08B1102010BD606801F0ADFBF5
:1024F000124830F8201F6180C178617080782070A8
:10250000002010BD2DE9F843144689460646FEF723
:10251000B8FEB8B94846FEF7DBFE98B92046FEF78C
:10252000D7FE78B9054DA878012800D154B131788B
:10253000FF2909D061B143F2040001E0A0010020AD
:10254000BDE8F8831020F8E7012801D00420F4E763
:10255000CCB3052811D004280FD06946204600F0DE
:10256000A4FA0028E9D1217D49B1012909D0022925
:1025700009D0032909D00720DFE70820DDE702465C
:1025800004E0012202E0022200E00322804623460A
:10259000174600200099FFF705F90028CDD1A08942
:1025A0002880A07BE875BDF80000A882AF75BDF853
:1025B0000010090701D5A18931B1A1892980C0077F
:1025C00004D0032003E006E08021F7E70220FEF7B5
:1025D000FBFE86F800804946BDE8F8430020FFF77F
:1025E0007CB92DE9FC41FF4C06460D46A078022837
:1025F00003D0032801D00820E9E516B143F2040016
:10260000E5E506200DF00EFD10B9A078032849D0AD
:102610000FF07CFC074610F0DBFE381A00F0FF08D4
:1026200006200DF0F7FC074606200DF0FBFC391ADA
:10263000A078042809D000221144A8EB010111F070
:10264000FF0F04D0032804D00DE00122F4E713208B
:10265000BDE5284605F0D1FA10B3407810B32846FE
:1026600005F0D6FDE570FFF70BF80BF054F80120EC
:102670008DF800008DF801008DF802602088ADF81B
:102680000400E07D8DF8060068460CF050FC05F073
:102690003BFB0028B0D1A078032805D0042010E02F
:1026A000052094E5122092E5E07805F0A6FA0400F2
:1026B00000D1FFDF607800B9FFDF6078401E6070F6
:1026C0000520FEF781FE002081E51CB510B143F224
:1026D00004001CBDC34CA078042803D0052801D0F9
:1026E00008201CBD00208DF8000001218DF801108C
:1026F0008DF8020068460CF01AFC05F005FB002876
:10270000EFD1A078052805D05FF00200FEF75CFE4F
:1027100000201CBDE07800F078F90320F6E72DE9F1
:10272000FC4180460D4603260846FEF7D1FD08B160
:1027300010204CE54046FFF701F8040004D0207853
:10274000222804D2082042E543F202003FE5A07FA0
:1027500000F003073DB1012F0AD000202946FEF703
:10276000AEFE0600E5D1012F04D0FFDF30462EE596
:102770000120F3E7A07D2946022801D011B107E02E
:10278000112024E5684600F0E7FA0028D1D1694617
:10279000404607F0CEFB0600E8D10120A075E5E732
:1027A00070B50C460546FEF7C9FF010005D022466C
:1027B0002846BDE87040FEF7C4BF43F2020070BD7A
:1027C00010B5012807D1874B9B78012B00D011B1A0
:1027D00043F2040010BD0CF009F9BDE8104005F00B
:1027E00093BA012300F01BB900231A46194600F0E2
:1027F00016B970B5064615460C460846FEF741FD6B
:1028000018B92846FEF73DFD08B1102070BD2A46D4
:10281000214630460CF017FC05F076FA0028F5D179
:1028200021787F29F2D1052070BD7CB505460C4684
:102830000846FEF700FD08B110207CBD2846FEF7D3
:102840007DFF20B10078222804D208207CBD43F20D
:1028500002007CBD634890F82400400701D5112098
:102860007CBD2178C80802D16078C20801D0072059
:102870007CBD890801D1800801D006207CBDADF85F
:10288000005020788DF8020060788DF80300022057
:10289000ADF8040068460BF00FFF05F035FA7CBD7B
:1028A00070B586B014460D460646FEF747FF28B1C0
:1028B0000078222805D2082006B070BD43F202003D
:1028C000FAE72846FEF704FD20B944B12046FEF79A
:1028D000F6FC08B11020EFE700202060A0804148FE
:1028E00090F82400800701D51120E5E703A93046C0
:1028F0000BF01FFF18B100BF05F006FADCE7ADF8DA
:102900000060BDF81400ADF80200BDF81600ADF887
:102910000400BDF81000BDF81210ADF80600ADF8C7
:1029200008107DB1298809B1ADF80610698809B190
:10293000ADF80210A98809B1ADF80810E98809B10D
:10294000ADF80410DCB1BDF80610814201D9081AB7
:102950002080BDF80210BDF81400814201D9081A88
:102960006080BDF80800BDF80410BDF816200144D1
:10297000BDF812001044814201D9081AA0806846AF
:102980000BF074FFB8E770B505460C460846FEF735
:1029900078FC08B1102070BD214628460CF04AF999
:1029A000BDE8704005F0B0B93EB505460C46084696
:1029B000FEF767FC08B110203EBD0020009001909A
:1029C0000290ADF800502089ADF8080020788DF80D
:1029D0000200606801902089ADF808006089ADF8B8
:1029E0000A0001E0A001002068460CF031F905F072
:1029F0008BF93EBD0EB5ADF8000000200190684691
:102A00000CF026F905F080F90EBD10B505F0F5F8CB
:102A1000040000D1FFDF6078401C607010BD1CB561
:102A2000ADF800008DF802308DF803108DF8042009
:102A300068460CF0D7FA05F067F91CBD0278520819
:102A400004D0012A02D043F202207047FEF7F5BD00
:102A500070B50C0006460DD0FEF770FE050000D1E3
:102A6000FFDFA68028892081288960816889A0816C
:102A7000A889E08170BD10B500231A4603E0845C8C
:102A80002343521CD2B28A42F9D30BB1002010BDAD
:102A9000012010BD00B530B1012803D0022801D0BB
:102AA000FFDF002000BDFF2000BD00220A8092B29F
:102AB00022F060020A800078062817D2DFE800F0D2
:102AC000160306090C1142F0110007E042F01D0048
:102AD00009E042F0150006E042F0100040F002006C
:102AE00001E042F010000880002070470720704786
:102AF000FD48002101604160018170472DE9FF4FD1
:102B000093B09B46209F160004460DD01046FEF75A
:102B100092FB18B1102017B0BDE8F08F31460120AC
:102B2000FEF7CDFC0028F6D101258DF842504FF478
:102B3000C050ADF84000002210A9284603F016FE50
:102B40000028E8D18DF84250A8464FF428500025BF
:102B5000ADF840001C222946684607950AF013FC90
:102B60009DF81C000DF11C0A20F00F00401C20F005
:102B7000F00010308DF81C0020788DF81D00617871
:102B80009DF81E000DF1400961F3420040F0010084
:102B90008DF81E009DF8000008AA40F002008DF894
:102BA00000002089ADF83000ADF832506089ADF8F2
:102BB0003400CDF82CA060680E900AA9CDF82890BA
:102BC000684603F0C8FB0028A5D16068FEF777FBD4
:102BD00040B16068FEF77CFB20B9607800F003002C
:102BE000022801D0012000E00020BF4C08AA0AA959
:102BF0002072BDF8200020808DF8428042F601202E
:102C0000ADF840009DF81E0020F00600801C20F06A
:102C100001008DF81E000220ADF83000ADF8340040
:102C200014A80E90684603F096FB002889D1BDF8E1
:102C30002000608036B1211D304600F059F900288F
:102C4000C2D109E0BBF1000F05D00AF017F9E8BBCB
:102C50000AF014F9D0BBA58017B1012F43D04AE088
:102C60008DF8428042F6A620ADF8400046461C2270
:102C70000021684607950AF086FB9DF81C00ADF818
:102C8000346020F00F00401C20F0F00010308DF870
:102C90001C009DF81D0020F0FF008DF81D009DF820
:102CA0001E0020F0060040F00100801C8DF81E0080
:102CB0009DF800008DF8446040F002008DF800009F
:102CC000CDE90A9AADF8306011A800E011E00E904D
:102CD00008AA0AA9684603F03EFB0028A6D1BDF861
:102CE0002000E08008E00AF0C9F810B90AF0C6F840
:102CF00008B103200FE7E58000200CE73EB504464D
:102D0000794D0820ADF80000A88828B12046FEF7CC
:102D100092FA18B110203EBD06203EBD214601208A
:102D2000FEF7CDFB0028F8D12088ADF804006088BC
:102D3000ADF80600A088ADF80800E088ADF80A00FC
:102D4000A88801AB6A46002103F00CFFBDF8001013
:102D50000829E2D003203EBD7FB5634D0446A88814
:102D600068B1002002900820ADF80800CDF80CD022
:102D70002046FEF760FA20B1102004B070BD062096
:102D8000FBE7A98802AA4FF6FF7004F02DF900288E
:102D9000F3D1BDF80810082901D00320EDE7BDF8F4
:102DA00000102180BDF802106180BDF80410A180E0
:102DB000BDF80610E180E0E701B582B00220ADF871
:102DC0000000494802AB6A464088002103F0CAFE71
:102DD000BDF80010022900D003200EBD1CB5002153
:102DE00000910221ADF800100190FEF74AFA08B1F7
:102DF00010201CBD3C486A4641884FF6FF7004F025
:102E0000F3F8BDF800100229F3D003201CBDFEB575
:102E1000354C06461546207A0F46C00705D00846B1
:102E2000FEF709FA18B11020FEBD0F20FEBDF82DE7
:102E300001D90C20FEBD3046FEF7FDF918BB2088F5
:102E400001A902F08AFF0028F4D130788DF805003E
:102E5000208801A903F064FE0028EBD100909DF8C2
:102E600000009DF8051040F002008DF800000907F1
:102E700003D040F008008DF800002088694603F078
:102E8000ECFD0028D6D1ADF8085020883B4602AAB8
:102E9000002103F067FEBDF80810A942CAD0032044
:102EA000FEBD7CB505460020009001900888ADF875
:102EB00000000C4628460195FEF701FA18B9204695
:102EC000FEF7DFF908B110207CBD15B1BDF8000098
:102ED00060B105486A4601884FF6FF7004F084F837
:102EE000BDF8001021807CBDC80100200C20FAE74D
:102EF00030B5044693B000200D46014600901422E0
:102F000001A80AF040FA1C22002108A80AF03BFAA6
:102F10009DF80000CDF808D020F00F00401C20F0F4
:102F2000F00010308DF800009DF8010006AA20F096
:102F3000FF008DF801009DF8200001A940F002007B
:102F40008DF8200001208DF8460042F60420ADF8EF
:102F5000440011A801902088ADF83C006088ADF8CD
:102F60003E00A088ADF84000E088ADF842009DF832
:102F7000020020F00600801C20F001008DF8020005
:102F80000820ADF80C00ADF810000FA8059008A8B7
:102F900003F0E1F9002803D1BDF8180028800020D3
:102FA00013B030BD0A4810B5046809490948083112
:102FB00008600FF0BEFE0648001D046010BD064903
:102FC000002008604FF0E0210220C1F88002704725
:102FD0001005024001000001FC1F00400548064AA0
:102FE0000168914201D1002101600449012008607B
:102FF0007047000058000020BEBAFECA40E50140FC
:103000002CFFFFFFDBE5B15100C00100CC00FFFF4A
:1030100071000000C1CF6A00FEA0D9111C1006C3C8
:1030200089CCFC7A7B3B49141906A8C010B504462C
:10303000FEF701F908B1102010BD2078C0F302108E
:10304000042807D86078072804D3A178102901D86C
:10305000814201D2072010BDE078410706D42179D2
:103060004A0703D4000701D4080701D5062010BD84
:10307000002010BD70B514460D46064605F026F832
:1030800080B10178182221F00F01891C21F0F00194
:10309000A03100F8081B21460AF04BF9BDE870404A
:1030A00005F018B829463046BDE870401322FEF7F7
:1030B00048BB2DE9F047064608A8904690E8300442
:1030C00089461F461422002128460AF05CF9002197
:1030D000CAF80010B8F1000F03D0B9F1000F03D106
:1030E00014E03878C00711D02068FEF7CAF8C0BBDA
:1030F000B8F1000F07D12068123028602068143022
:1031000068602068A8602168CAF8001038788007D5
:1031100024D56068FEF7D3F818BBB9F1000F21D0B1
:10312000FFF70FF80168C6F868118188A6F86C11DE
:10313000807986F86E0101F034FAF84FEF6062682A
:1031400062B196F8680106F2691140081032FEF784
:10315000D0FA1022394660680AF0EBF80020BDE88A
:10316000F08706E0606820B1E8606068C6F8640136
:10317000F4E71020F3E730B5054608780C4620F058
:103180000F00401C20F0F001103121700020607011
:1031900095F8230030B104280FD0052811D0062857
:1031A00014D0FFDF20780121B1EB101F04D295F875
:1031B000200000F01F00607030BD21F0F0002030D2
:1031C00002E021F0F00030302070EBE721F0F00059
:1031D0004030F9E7F0B591B0022715460C46064697
:1031E0003A46ADF80870092103AB05F070FD049074
:1031F000002810D004208DF804008DF80170E03410
:10320000099605948DF818500AA968460EF051FCED
:1032100000B1FFDF012011B0F0BD2DE9F84F0646E7
:10322000808A0C4680B28246FEF788FA0546BB4F7C
:103230003078203F4FF002094FF000080F287CD271
:10324000DFE800F07BA39D082C5B6A7CBADAFD976F
:1032500048979700012150460CF030FF040000D140
:10326000FFDF97F85C00C00701D0386E0BE0032148
:1032700004F11D0010F06BFAD4F81D00A849B0FB52
:10328000F1F201FB1200C4F81D0070686067B068BD
:10329000A0672878252872D0FFDF70E00121504612
:1032A0000CF00CFF060000D1FFDF3078810702D55B
:1032B0002978252904D040F001003070BDE8F88F4E
:1032C00084F80090307F207106F11D002D36C4E98E
:1032D0000206F3E7012150460CF0F0FE050000D194
:1032E000FFDF2878C10604D5072020703D356560D2
:1032F000E4E740F008002870E0E7E87F000700D529
:10330000FFDF307CB28800F0010301B05046BDE819
:10331000F04F092106F06FBD05B9FFDF716821B1DB
:10332000102205F124000AF004F828212846FEF7AF
:1033300074F8307A85F82000C0E7F7E001215046A4
:103340000CF0BCFE050000D1FFDF022105F1850075
:1033500010F0FDF90420207005F5B4706060B5F838
:10336000850020826D4810387C356561C4E90270A3
:10337000A4E7012150460CF0A1FE00B9FFDF324660
:1033800029465046BDE8F84F74E605B9FFDF2878B6
:10339000212893D93079012803D1E87F40F0080033
:1033A000E877324629465046FFF764FE2846BDE8D6
:1033B000F84F2321FEF731B83279A28004F10803D7
:1033C0000921504605F083FCE06010B10520207013
:1033D00074E74546012150460CF070FE040000D110
:1033E000FFDF04F1620102231022081F0CF0FFFC32
:1033F00005703179417061E7012150460CF05EFEA5
:10340000040000D1FFDF94F8840000F003000128DD
:1034100059D1E87F10F0010003D194F8A010C9073A
:103420002AD0D4F8602132B394F88330117C63F34E
:1034300087011174AA7FD30963F3410100E071E0B1
:10344000D4F860211174D4F8602160F30001117484
:1034500090B1D4F86001102205F12401883409F0FC
:1034600068FF207E40F001002076207820F00100E7
:1034700004F8880919E0C0B994F88810C90714D075
:10348000D4F85C218AB194F88330117C63F387010E
:103490001174AA7FD309D4F85C2163F3410111743C
:1034A000D4F85C2160F30001117494F8880080075F
:1034B00009D594F87C00D4F86421400804F17D011A
:1034C0001032FEF716F98DF8009094F884006A46E1
:1034D00000F003008DF8010094F888108DF80210B8
:1034E00094F8A0008DF803002946504601F042F8F8
:1034F0002878252805D0212807D0FFDF2878222822
:1035000003D922212846FDF788FF012150460CF0FF
:10351000E7FD00283FF4DDAEFFDFCFE6F401002039
:1035200040420F00716881F80180C7E6FFDFC5E601
:1035300070B5FE4C002584F85C5025660EF085FAC7
:1035400004F11001204604F07DFD84F8305070BD78
:1035500070B50D46FEF7F2F8040000D1FFDF4FF41E
:10356000B8720021284609F00EFF2434012105F12C
:10357000E0002C610EF06AFA002800D0FFDF70BD79
:103580000A46014602F1E0000EF081BA70B5054628
:10359000406886B00178082906D00B2933D00C2961
:1035A0002FD0FFDF06B070BD46883046FEF7C6F864
:1035B000040000D1FFDF20782128F3D028281BD178
:1035C000686802210C3000F0A0FFA8B168680821EB
:1035D000001D00F09AFF78B104F1240130460BF091
:1035E000A8FC04F091FB00B1FFDF06B02046BDE867
:1035F00070402921FDF711BF06B0BDE8704004F00E
:1036000069BD01218171686886883046FEF796F8A9
:10361000040000D1FFDF20782128C3D068688179B9
:1036200009B1807808B1FFDFBCE704F053FDA07F4B
:10363000000622D5E07FC00705D094F8200000F0F6
:103640001F00102817D0052084F82300207829288F
:1036500015D02428A6D13146042010F05FFB22218A
:103660002046FDF7DAFE012130460CF039FD002836
:1036700098D0FFDF96E70620E6E70420E4E7012183
:1036800030460CF01BFD050000D1FFDF2521204650
:10369000FDF7C3FE03208DF80000694605F1E00048
:1036A0000EF0ECF90228BFD00028BDD0FFDF79E78B
:1036B0002DE9F04788B09A46164688468146FEF7BF
:1036C0003DF805003AD02878222837D3232835D072
:1036D000E87F000732D40027012148460CF0EEFCB9
:1036E000040005D10121002248460CF0DEFC04460E
:1036F000694600F066FF009800B9FFDF00983CB112
:10370000E03404612878222804D0242802D005E07F
:10371000076103E025212846FDF77FFE009801217F
:103720004170C0F824908680C0E9028A01A90EF099
:10373000C0F9022802D0002800D0FFDF08B00EE553
:1037400070B586B00546FDF7F9FF0078222814D938
:10375000012128460CF0B2FC04002CD1FFDF2AE046
:10376000B4F85E0004F1620630440178427829B171
:1037700021462846FFF72EFDB0B913E7ADF8042027
:103780000921284602AB05F0A2FA03900028F4D0E4
:1037900005208DF80000694604F1E0000EF06EF996
:1037A000022801D000B1FFDF02231022314604F1CC
:1037B0005E000CF052FBB4F860000028D0D1F1E6B6
:1037C00010B586B00446FDF7B9FF0078222811D95C
:1037D000012120460CF072FC040000D1FFDF06201E
:1037E0008DF80000694604F1E0000EF047F900286A
:1037F00000D0FFDF06B010BD2DE9F84F0546007878
:103800000C460027010904F1080090463E46BA46DE
:10381000009002297ED0072902D00A2909D142E06E
:1038200068680178082905D00B292CD00C292AD0EA
:10383000FFDF72E114271C26002C6CD04088A0808A
:10384000FDF77CFF5FEA000900D1FFDF99F8170060
:1038500009F118014008009AFDF74BFF686880895C
:10386000208268684168C4F812108068C4F81600A5
:10387000A07E20F0060040F00100A07699F81E001E
:1038800040F020014FE01A270A26002CD5D080886E
:10389000A080FDF753FF050000D1FFDF2846009907
:1038A000FFF769FC39E10CB1A88BA080287A4FF0B2
:1038B000010B0B287ED006DC01287CD0022808D022
:1038C000032804D137E00D2876D00E2875D0FFDF0D
:1038D00023E11E270926002CAFD0A088FDF72EFF7C
:1038E0005FEA000900D1FFDF287B00F00300012818
:1038F000207A1DD020F001002072297B890861F315
:1039000041002072297BC90861F382002072297B63
:10391000090901E0F7E0AEE061F3C300207299F815
:103920001E0040F0400189F81E10F6E0D40100208E
:1039300040F00100E0E713270D26002CA6D0A08858
:10394000FDF7FCFE81460121A0880CF0B7FB0500C5
:1039500000D1FFDF686F817801F003010129217A2E
:1039600050D021F00101217283789B0863F341015B
:1039700021728378DB0863F38201217283781B094B
:1039800063F3C3012172037863F306112172437854
:1039900063F3C711217284F809A0C178A17202797A
:1039A000E17A62F30001E1720279520862F34101A7
:1039B000E17203E029E067E04EE05FE002799208FF
:1039C00062F38201E1720279D20862F3C301E1720B
:1039D0004279217B62F3000121734279520862F33C
:1039E000410121734279920862F382012173407987
:1039F000C00860F3C301217399F8000023282AD975
:103A0000262139E041F00101ADE71827102694B3D3
:103A1000A088FDF793FE00900121A0880CF04EFBDA
:103A20005FEA000900D1FFDFE868A06099F80000B4
:103A300040F0040189F8001099F80100800708D5CA
:103A400084F80CB000980078232866D927210098C4
:103A500052E084F80CA060E015270F265CB1A08826
:103A6000FDF76CFE81460622E868009909F0E9FC42
:103A700084F80EB085E042E048463DE0162709266E
:103A8000ECB3287B207248E0287B19270E26B4B3BC
:103A9000C4F808A0A4F80CA0012807D0022808D078
:103AA00003280CD004280AD0FFDF15E084F808B002
:103AB00001E002202072607A20F003000BE0697BB5
:103AC000042801F00F0141F080012172F3D1607AE6
:103AD00020F00300401C6072A088FDF72FFE054611
:103AE0000078212819D0232800D0FFDF0121A088E9
:103AF0000CF0F6FA22212846FDF78FFC0DE0FFE7D7
:103B0000A8F800600EE00CB16888A080287A10B395
:103B1000012809D002283AD0FFDFA8F800600CB1D4
:103B200027806680002007E415270F26002CE7D0A9
:103B3000A088FDF703FE0121A0880CF0BFFA050064
:103B400000D1FFDFD5F81D000622009909F079FCAD
:103B500084F80EA0E1E717270926002CD0D0A08812
:103B6000FDF7ECFD81460121A0880CF0A7FA0500C5
:103B700000D1FFDF6878800701D5022000E0012036
:103B8000207299F800002328C7D9272174E7192744
:103B90000E26002CB4D0A088FDF7D0FD5FEA000906
:103BA00000D1FFDFC4F808A0A4F80CA084F808A096
:103BB000A07A40F00300A07299F81E10C90961F3C1
:103BC0008200A07299F81F2099F81E1012EAD11FE6
:103BD00005D099F8201001F01F01102925D020F000
:103BE0000800A07299F81F10607A61F3C300607238
:103BF000697A01F0030101298FD140F0040060725D
:103C0000E87A217B60F300012173AA7A607B62F37A
:103C100000006073EA7A520862F341012173A97AC5
:103C2000490861F34100607377E740F00800D8E786
:103C300010B5F84C30B10146102204F1200009F013
:103C400078FB012084F8300010BD10B5044600F068
:103C5000A8FCF04920461022BDE81040203109F0B0
:103C600068BB70B5EB4D06004FF0000412D0FDF7B5
:103C7000E2FA08B110240BE00621304609F0C8FB37
:103C8000411C04D02866012085F85C0000E0072470
:103C9000204670BD0020F7E7007810F00F0204D036
:103CA000012A05D0022A0CD110E0000909D10AE04E
:103CB0000009012807D0022805D0032803D00428D2
:103CC00001D0072070470870002070470620704719
:103CD00005282AD2DFE800F003070F171F00087835
:103CE00020F0FF001EE0087820F00F00401C20F0BC
:103CF000F000103016E0087820F00F00401C20F093
:103D0000F00020300EE0087820F00F00401C20F07A
:103D1000F000303006E0087820F00F00401C20F062
:103D2000F0004030087000207047072070472DE9F0
:103D3000F043804687B00D464FF000090846FDF776
:103D4000C7FAA8B94046FDF7F9FC060003D0307861
:103D500022280BD104E043F2020007B0BDE8F08353
:103D600035B1B07FC10601D4000703D50820F4E7C0
:103D70001020F2E7F07F000701D50D20EDE70027C6
:103D8000012140460CF09AF9040006D101210022DD
:103D900040460CF08AF9040005D0694600F011FC99
:103DA000009818B901E00420D7E7FFDF009802214E
:103DB000E0344170C0F82480446107810121017121
:103DC000297801F00102017E62F3010101762A786F
:103DD000520862F3820101762A78920862F3C301E5
:103DE00001762A78D20862F3041101762421304644
:103DF000FDF713FB01A900980DF05BFE022801D02E
:103E000000B1FFDF4846A8E72DE9FF4F0E46824983
:103E1000904697B09A4607C914AB4FF0000983E863
:103E200007001798FDF78AFC050006D02878262899
:103E300006D008201BB0BDE8F08F43F20200F9E77E
:103E400026B94046FFF7F2F80028F3D10121179870
:103E50000CF034F9040000D1FFDF852E27D007DCF9
:103E6000EEB1812E1DD0822E1DD0832E08D11CE0F4
:103E7000862E1ED0882E1ED0892E1ED08A2E1ED0B1
:103E80000F2020710F281CD004F020F9D8B1012098
:103E90008DF83400201D0E902079B0B126E100206D
:103EA000EFE70120EDE70220EBE70320E9E705203B
:103EB000E7E70620E5E70820E3E70920E1E70A2035
:103EC000DFE70720B6E71120B4E798F80000D4E94F
:103ED0001D764208A87F002162F3C710A87798F8E2
:103EE00000008208E87F62F30000E87798F800009D
:103EF000C209607862F34100607098F8000002091E
:103F0000207862F34710207098F80000C2086078AB
:103F100062F30000607098F80100607198F800008A
:103F200000F00102B07862F30100B070AA7FD209FC
:103F300062F38200B070EA7F62F3C300B07062780F
:103F400062F30410B0702278C0F3C00052093270DE
:103F50006278C2F34002727098F80220F2707171B8
:103F60003171B978C1F3C00108405FEA000B2ED06F
:103F70005046FDF760F978BBDAF80C00FDF75BF905
:103F800050BBDAF81C00FDF756F928BBDAF80C0034
:103F9000A060DAF81C00E06060787A7842EA5001AC
:103FA00061F341006070B978C0B200EA111161F3A9
:103FB000000060700020207705F117006061681C28
:103FC000A061B07800F00300012806D046E06078D8
:103FD0007A7802EA5001E3E719E0B87800F00300CC
:103FE00001283BD1321D711D404600F099FA31790C
:103FF000387901408DF8281070797A7910408DF861
:10400000300001432AD05046FDF715F930B1102099
:1040100010E70000D4010020E8B001000AF1100010
:1040200004F5AE7304F18C028DE80D0000210AAB9B
:104030005A462046FFF73DF80028E9D104F5B07252
:1040400004F1A403CDF800A0CDE9013201210CABAD
:104050005A462046FFF72DF80028D9D1607880070E
:1040600022D4B078B978C0F38000C1F3800108434E
:104070001AD0307814AA397832F810204B00DA4080
:1040800002F00309B9F1030F01D14FF00209BBF1AE
:10409000000F09D0012801D0042805D1012901D041
:1040A000042901D14FF00409A87F40F08000A877CF
:1040B000E97F6BF30001E9776078800706D503207C
:1040C000A071BBF1000F11D100202CE00220B9F14A
:1040D000020F1AD0B9F1010F19D0B9F1040F2AD08B
:1040E0000020A071A87F20F08000A8772521284615
:1040F000FDF793F90DA904F1E0000DF0BFFC10B13C
:10410000022800D0FFDF002094E6A071DCE7A07158
:104110000D22002104F1200009F035F9207840F04B
:104120000200207001208DF84C0013AA2946179830
:1041300000F020FADAE70120A071D7E72DE9F0437B
:1041400087B09046894604460025FDF7F7FA070038
:1041500004D03878272804D00820FEE543F2020076
:10416000FBE5012120460BF0A9FF040000D1FFDF91
:10417000A6795FEA090005D0012821D0B9F1020F24
:1041800026D110E0B8F1000F22D1012E05D0022E69
:1041900005D0032E05D0FFDF2EE00C252CE00125F5
:1041A0002AE0022528E04046FDF745F8B0B9032E85
:1041B0000ED11022414604F11D0009F0BAF81BE0AF
:1041C000012E02D0022E03D104E0B8F1000F13D06B
:1041D0000720C2E54046FDF72EF808B11020BCE5E7
:1041E0001022002104F11D0009F0CDF806214046FF
:1041F00009F00EF9C4F81D002078252140F00200D6
:1042000020703846FDF709F92078C10713D020F057
:104210000100207002208DF8000004F11D000290C2
:104220008DF804506946C3300DF028FC022803D0F5
:1042300010B1FFDF00E0257700208EE530B587B0B4
:104240000D460446FDF77AFA60B1012120460BF0D5
:1042500035FF04000CD02846FCF7EDFF28B11020F4
:1042600007B030BD43F20200FAE72078400701D4DE
:104270000820F5E7294604F13D002022054609F013
:1042800058F8207840F01000207001070FD520F07A
:104290000800207007208DF80000694604F1E00056
:1042A00001950DF0EBFB022801D000B1FFDF0020EB
:1042B000D6E770B50D460646FDF740FA18B100780E
:1042C000272817D102E043F2020070BD01213046D9
:1042D0000BF0F4FE040000D1FFDFA079022809D121
:1042E0006078C00706D02A4621463046FEF772FFA6
:1042F00010B10FE0082070BDB4F860000E280BD29A
:1043000004F1620102231022081F0BF070FD01214D
:1043100001704570002070BD112070BD70B506465B
:1043200014460D460846FCF786FF18B92046FCF7F0
:10433000A8FF08B1102070BDA6F57F40FF380ED051
:104340003046FDF7FBF938B1417822464B08811C15
:104350001846FDF7CEF907E043F2020070BD204693
:10436000FDF753FF0028F9D11021E01D0FF0EFF900
:10437000E21D294604F1170000F033F9002070BD5A
:104380002DE9F04104468AB015460E46002708463E
:10439000FCF79EFF18B92846FCF79AFF18B11020C9
:1043A0000AB0BDE8F0812046FDF7C8F95FEA0008D1
:1043B00004D098F80000272810D102E043F2020050
:1043C000EEE7012120460BF079FE040000D1FFDF6B
:1043D0002078400702D56078800701D40820DFE705
:1043E000D4E91D01497801B18DB1407800B176B1B1
:1043F000ADB1EA1D06A8E16800F0F3F8102206A9A5
:1044000005F1170008F068FF18B1042707E007203E
:10441000C6E71022E91D04F12D0008F08AFF2EB135
:104420001022F11D04F11D0008F083FF20782521E2
:1044300040F0020020704046FCF7EFFF2078C107F3
:1044400015D020F00100207002208DF8000004F14A
:104450001D000290103003908DF804706946B3304F
:104460000DF00CFB022803D010B1FFDF00E027772E
:10447000002095E770B50D4606460BB1072070BDCC
:10448000FDF75CF9040007D02078222802D3A07F32
:10449000800604D4082070BD43F2020070BDADB1A7
:1044A000294630460AF045FD03F02EFC297C4A08D7
:1044B000A17F62F3C711A177297CE27F61F300023B
:1044C000E277297C890884F8201004E030460AF05D
:1044D00053FD03F019FCA17F21F02001A17770BDED
:1044E00070B50D46FDF72AF9040005D02846FCF703
:1044F000C8FE20B1102070BD43F2020070BD2946F5
:104500002046FEF738FE002070BD04E010F8012BB5
:104510000AB100207047491E89B2F7D201207047C6
:1045200010B5C4780B7864F300030B70C47864088A
:1045300064F341030B70C478A40864F382030B7026
:10454000C478E40864F3C3030B700379117863F350
:104550000001117003795B0863F341011170037965
:104560009B0863F3820111700079C00860F3C301F6
:10457000117010BD70B51546064603F0A7FD040086
:1045800000D1FFDF207820F00F00801C20F0F00029
:104590002030207066802868A060BDE8704003F07D
:1045A00099BD10B5134C94F83000002808D104F1DF
:1045B0002001A1F110000DF0A3FA012084F83000D1
:1045C00010BD10B190F8B9202AB10A4890F8350012
:1045D00018B1002003E0B83001E00648343008602C
:1045E000704708B50023009313460A460BF065FF99
:1045F00008BD0000D4010020F0B5007B059F1E46D9
:1046000014460D46012800D0FFDF0C2030803A20F0
:104610003880002C08D0287A032806D0287B01286F
:1046200000D0FFDF17206081F0BDA889FBE72DE9EE
:10463000F04786B0144691F80C900E9A0D46B9F1E9
:10464000010F0BD01021007B2E8A8846052807D049
:10465000062833D0FFDF06B0BDE8F0870221F2E77D
:10466000E8890C2100EB400001EB4000188033206A
:104670001080002CEFD0E889608100271AE00096B6
:10468000688808F1020301AA696900F086FF06EB59
:104690000800801C07EB470186B204EB4102BDF81D
:1046A000040090810DF1060140460E320DF09EFA95
:1046B0007F1CBFB26089B842E1D8CCE734201080BB
:1046C000E889B9F1010F11D0122148430E3018804A
:1046D000002CC0D0E88960814846B9F1010F00D0B4
:1046E0000220207300270DF1040A1FE00621ECE7E9
:1046F0000096688808F1020301AA696900F04DFF7D
:1047000006EB0800801C86B2B9F1010F12D007EB4E
:10471000C70004EB4000BDF80410C18110220AF16B
:104720000201103008F005FE7F1CBFB26089B8425C
:10473000DED890E707EB470104EB4102BDF8040027
:10474000D0810AF10201404610320DF04FFAEBE73A
:104750002DE9F0470E4688B090F80CC096F80C8012
:10476000378AF5890C20109902F10C044FF0000AE9
:10477000BCF1030F08D0BCF1040F3FD0BCF1070F10
:104780007ED0FFDF08B067E705EB850C00EB4C003F
:10479000188031200880002AF4D0A8F1060000F02B
:1047A000FF09558126E01622002101A808F0EBFD43
:1047B00000977088434601AA716900F0EEFEBDF8CB
:1047C00004002080BDF80600E080BDF808002081CC
:1047D000A21C0DF10A0148460DF008FAB9F1000FCC
:1047E00000D018B184F804A0A4F802A007EB0800D8
:1047F00087B20A346D1EADB2D5D2C3E705EB850C86
:1048000000EB4C00188032200880002ABAD0A8F1B2
:10481000050000F0FF09558137E000977088434696
:1048200001AA716900F0B9FE9DF80600BDF80410F8
:10483000E1802179420860F3000162F341018208BE
:1048400062F38201C20862F3C301020962F3041138
:10485000420962F34511820962F386112171C00990
:104860006071BDF80700208122460DF1090148461C
:104870000DF0BCF918B184F802A0A4F800A000E083
:1048800007E007EB080087B20A346D1EADB2C4D250
:1048900078E7A8F1020084B205FB08F000F10E0CE5
:1048A000A3F800C035230B80002AA6D0558194813F
:1048B000009783B270880E32716900F06EFE61E776
:1048C0002DE9F84F1E460A9D0C4681462AB1607AB2
:1048D00000F58070D080E089108199F80C000C27D9
:1048E0004FF000084FF00E0A0D2872D2DFE800F0FA
:1048F0009D070E1B272F374554697272720021469F
:1049000048460095FFF778FEBDE8F88F207B91467A
:10491000082802D0032800D0FFDF3780302009E0CC
:10492000A9F80A80F0E7207B9146042800D0FFDF39
:10493000378031202880B9F1000FF1D1E4E7207BE6
:104940009146042800D0FFDF37803220F2E7207B39
:104950009146022800D0FFDF37803320EAE7207B32
:104960001746022800D0FFDF3420A6F800A02880D8
:10497000002FC9D0A7F80A80C6E7207B1746042875
:1049800000D0FFDF3520A6F800A02880002FBBD084
:104990004046A7F80A8012E0207B1746052802D07F
:1049A000062800D0FFDF1020308036202880002F1E
:1049B000AAD0E0897881A7F80E80B9F80E00B881F6
:1049C000A2E7207B9146072800D0FFDF3780372001
:1049D000B0E72AE04FF0120018804FF038001700BF
:1049E000288091D0E0897881A7F80E80A7F8108000
:1049F00099F80C000A2805D00B2809D00C280DD0F6
:104A0000FFDF81E7207B0A2800D0FFDF01200AE0DA
:104A1000207B0B2800D0FFDF042004E0207B0C2843
:104A200000D0FFDF052038736EE7FFDF6CE770B55D
:104A30000C460546FCF782FE20B10078222804D2FD
:104A4000082070BD43F2020070BD052128460BF01E
:104A500035FB206008B1002070BD032070BD30B46C
:104A60004880087820F00F00C01C20F0F000903043
:104A700001F8080B1DCA81E81D0030BC03F02ABBF9
:104A80002DE9FF4784B00027824602970798904699
:104A90008946123006F043FB401D20F003060798BC
:104AA00028B907A95046FFF7C2FF002854D1B9F131
:104AB000000F05D00798017B19BB052504681BE092
:104AC00098F80000092803D00D2812D0FFDF46E037
:104AD000079903254868B0B3497B428871439142E6
:104AE00039D98AB2B3B2011D0BF06DF904460780C3
:104AF00002E0079C042508340CB1208810B1032D76
:104B000029D02CE007980121123006F03AFBADF8CD
:104B10000C00024602AB2946504604F0D8F80700C4
:104B200001D1A01C029007983A461230C8F8040040
:104B3000A8F802A003A94046029B06F02FFBD8B1BB
:104B40000A2817D200E006E0DFE800F00709141495
:104B5000100B0D141412132014E6002012E611207D
:104B600010E608200EE643F203000BE6072009E6F4
:104B70000D2007E6032005E6BDF80C002346CDE92D
:104B800000702A465046079900F017FD57B9032DCB
:104B900008D10798B3B2417B406871438AB2011DC6
:104BA0000BF025F9B9F1000FD7D0079981F80C90D7
:104BB000D3E72DE9FE4F91461A881C468A46804667
:104BC000FAB102AB494604F082F8050019D040461C
:104BD000A61C27880BF0B7FB3246072629463B4622
:104BE00000960AF0D6FF20882346CDE900504A46B9
:104BF0005146404600F0E1FC002020800120BDE845
:104C0000FE8F0020FBE710B586B01C46AAB1042336
:104C10008DF800301388ADF808305288ADF80A20BE
:104C20008A788DF80E200988ADF80C1000236A46AA
:104C30002146FFF725FF06B010BD1020FBE770B539
:104C40000D4605210BF03AFA040000D1FFDF29469A
:104C500004F11200BDE8704006F07CBA2DE9F8437B
:104C60000D468046002603F031FA044628781028C5
:104C700078D2DFE800F0773B3453313112313131F3
:104C80000831313131312879001FC0B2022801D0FA
:104C9000102810D114BBFFDF35E004B9FFDF052178
:104CA00040460BF00BFA007B032806D004280BD0FB
:104CB000072828D0FFDF072655E02879801FC0B2DB
:104CC000022820D050B1F6E72879401FC0B2022850
:104CD00019D0102817D0EEE704B9FFDF13E004B9AC
:104CE000FFDF287901280ED1172137E00521404642
:104CF0000BF0E4F9070000D1FFDF07F11201404695
:104D000006F005FA2CB12A4621464046FFF7A7FED9
:104D100029E013214046FDF743FD24E004B9FFDFFD
:104D2000052140460BF0CAF9060000D1FFDF6946B5
:104D300006F1120006F0F5F9060000D0FFDFA988A1
:104D4000172901D2172200E00A46BDF8000082426E
:104D500002D9014602E005E01729C5D3404600F01C
:104D60003CFCD0E7FFDF3046BDE8F883401D20F073
:104D7000030219B102FB01F0001D00E00020104405
:104D8000704713B5009848B1002468460AF0C5FF83
:104D9000002C02D1F74A009911601CBD01240020AB
:104DA000F4E72DE9F0470C46154624220021204661
:104DB00008F0E9FA05B9FFDFA87860732888DFF802
:104DC000B4A3401D20F00301AF788946DAF8000053
:104DD0000AF0C1FF060000D1FFDF4FF00008266097
:104DE000A6F8008077B109FB07F1091D0AD0DAF8AF
:104DF00000000AF0B0FF060000D1FFDF6660C6F8D1
:104E0000008001E0C4F80480298804F11200BDE8A4
:104E1000F04706F06DB92DE9F047804601F1120028
:104E20000D46814606F07BF9401DD24F20F003026B
:104E30006E7B1446296838680AF0B8FF3EB104FB5F
:104E400006F2121D03D0696838680AF0AFFF05202A
:104E50000BF0E0F8044605200BF0E4F8201A0128D6
:104E600002D138680AF06CFF49464046BDE8F04779
:104E700006F054B970B5054605210BF01FF9040082
:104E800000D1FFDF04F112012846BDE8704006F0B2
:104E90003EB92DE9F04F91B04FF0000BADF834B0B2
:104EA000ADF804B047880C460546924605213846C1
:104EB0000BF004F9060000D1FFDF24B1A780A4F8AD
:104EC00006B0A4F808B0297809220B20B2EB111F14
:104ED0007ED12A7A04F1100138274FF00C084FF0E8
:104EE00001090391102A74D2DFE802F073F3F2F1A2
:104EF0008008D3898EA03DDCF4EFB7B7307B022861
:104F000000D0FFDFA88908EBC001ADF80410302104
:104F1000ADF83410002C25D06081B5F80E90002734
:104F20001DE004EBC708317C88F80E10F189A8F861
:104F30000C10CDF800906888042304AA296900F0B9
:104F40002CFBBDF81010A8F8101009F10400BDF8F2
:104F500012107F1C1FFA80F9A8F81210BFB26089E6
:104F6000B842DED80EE1307B022800D0FFDFE989AD
:104F700008EBC100ADF804003020ADF83400287B08
:104F80000A90001FC0B20F90002CEBD06181B5F8E1
:104F90001090002726E000BFCDF80090688869696E
:104FA00003AA0A9B00F0F9FA0A9804EBC7084844E0
:104FB0001FFA80F908F10C0204A90F980CF016FEF4
:104FC00018B188F80EB0A8F80CB0BDF80C1001E0CC
:104FD000D4E0D1E0A8F81010BDF80E107F1CA8F89E
:104FE0001210BFB26089B842D6D8CBE00DA80090AD
:104FF00001AB224629463046FFF719FBC2E0307B61
:10500000082805D0FFDF03E0307B082800D0FFDF51
:10501000E8891030ADF804003620ADF83400002CDB
:105020003FD0A9896181F189A18127E0307B0928DE
:1050300000D0FFDFA88900F10C01ADF80410372182
:10504000ADF83410002C2CD06081E8890090AB8939
:10505000688804F10C02296956E0E889392110308A
:1050600080B2ADF80400ADF83410002C74D0A989DA
:105070006181287A0E280AD002212173E989E18111
:10508000288A0090EB8968886969039A3CE00121CD
:10509000F3E70DA8009001AB224629463046FFF702
:1050A00057FB6FE0307B0A2800D0FFDF1220ADF8FD
:1050B0000400ADF834704CB3A9896181A4F810B034
:1050C000A4F80EB084F80C905CE020E002E031E03F
:1050D00039E042E0307B0B2800D0FFDF288AADF8B2
:1050E00034701230ADF8040084B104212173A98911
:1050F0006181E989E181298A2182688A00902B8A6D
:10510000688804F11202696900F047FA3AE0307BDE
:105110000C2800D0FFDF1220ADF80400ADF8347089
:105120003CB305212173A4F80AB0A4F80EB0A4F88A
:1051300010B027E00DA8009001AB2246294630466A
:10514000FFF75AFA1EE00DA8009001AB224629464F
:105150003046FFF7B5FB15E034E03B21ADF8040025
:10516000ADF8341074B3A4F80690A4F808B084F82D
:105170000AB007E010000020FFDF03E0297A0129D0
:1051800017D0FFDFBDF80400AAF800006CB1BDF82D
:1051900034002080BDF804006080BDF83400392858
:1051A00003D03C2801D086F80CB011B00020BDE837
:1051B000F08F3C21ADF80400ADF8341014B1697AD9
:1051C000A172DFE7AAF80000EFE72DE9F84356885F
:1051D0000F4680461546052130460AF06FFF040051
:1051E00000D1FFDF123400943B46414630466A68E6
:1051F00006F008F9B8E570B50D4605210AF05EFF26
:10520000040000D1FFDF294604F11200BDE8704020
:1052100005F092BF70B50D4605210AF04FFF04005E
:1052200000D1FFDF294604F11200BDE8704005F00F
:10523000B0BF70B5054605210AF040FF040000D15B
:10524000FFDF04F1080321462846BDE87040042230
:10525000AFE470B5054605210AF030FF040000D127
:10526000FFDF214628462368BDE870400522A0E400
:1052700070B5064605210AF021FF040000D1FFDFCA
:1052800004F1120005F04BFF401D20F0030511E072
:10529000011D00880322431821463046FFF789FC90
:1052A00000280BD0607BABB2684382B26068011DFE
:1052B0000AF0D3FD606841880029E9D170BD70B55E
:1052C0000E46054602F002FF040000D1FFDF012078
:1052D000207266726580207820F00F00C01C20F0DC
:1052E000F00030302070BDE8704002F0F3BE2DE9D0
:1052F000F0438BB00D461446814606A9FFF797FB95
:10530000002814D14FF6FF7601274FF420588CB1B6
:1053100003208DF800001020ADF8100007A80590BC
:1053200007AA204604A90CF080FC78B107200BB036
:10533000BDE8F0830820ADF808508DF80E708DF8A8
:105340000000ADF80A60ADF80C800CE00698A1787A
:1053500001742188C1818DF80E70ADF80850ADF848
:105360000C80ADF80A606A4602214846069BFFF7AA
:1053700087FBDCE708B501228DF8022042F6020225
:10538000ADF800200A4603236946FFF73CFC08BD40
:1053900008B501228DF8022042F60302ADF8002084
:1053A0000A4604236946FFF72EFC08BD00B587B006
:1053B00079B102228DF800200A88ADF808204988CA
:1053C000ADF80A1000236A460521FFF759FB07B024
:1053D00000BD1020FBE709B1072314E40720704744
:1053E00070B588B00D461446064606A9FFF71FFBA8
:1053F00000280ED17CB10620ADF808508DF80000D1
:10540000ADF80A40069B6A460821DC813046FFF76A
:1054100037FB08B070BD05208DF80000ADF80850CE
:10542000F0E700B587B059B107238DF80030ADF82B
:105430000820039100236A460921FFF721FBC6E7F4
:105440001020C4E770B588B00C460646002506A9B2
:10545000FFF7EDFA0028DCD106980121123005F0A3
:1054600090FE9CB12178062921D2DFE801F02005C9
:1054700005160318801E80B2C01EE28880B20AB1F1
:10548000A3681BB1824203D90C20C2E71020C0E7F9
:10549000042904D0A08850B901E00620B9E7012909
:1054A00013D0022905D004291CD005292AD00720B1
:1054B000AFE709208DF800006088ADF80800E088AB
:1054C000ADF80A00A068039023E00A208DF80000E0
:1054D0006088ADF80800E088ADF80A00A0680A25E9
:1054E000039016E00B208DF800006088ADF80800EE
:1054F000A088ADF80A00E088ADF80C00A0680B2584
:10550000049006E00C208DF8000060788DF808000B
:105510000C256A4629463046069BFFF7B1FA78E724
:1055200000B587B00D228DF80020ADF808100023DB
:105530006A461946FFF7A4FA49E700B587B071B18A
:1055400002228DF800200A88ADF808204988ADF8BD
:105550000A1000236A460621FFF792FA37E7102067
:1055600035E770B586B0064601200D46ADF8081047
:105570008DF80000014600236A463046FFF780FAA6
:10558000040008D12946304601F006FB00213046D0
:1055900001F020FB204606B070BDF8B51C4615464C
:1055A0000E46069F0AF0BDFE2346FF1DBCB23146E3
:1055B0002A4600940AF0B9FAF8BD30B41146DDE984
:1055C00002423CB1032903D0002330BC04F013BCD9
:1055D0000123FAE71A8030BC704770B50C460546C7
:1055E000FFF72DFB2146284601F0E5FA2846BDE8E5
:1055F0007040012101F0EEBA18B18178012938D14B
:1056000001E010207047018842F60112881A914289
:1056100031D018DC42F60102A1EB020091422AD0FF
:105620000CDC41B3B1F5C05F25D06FF4C050081851
:1056300021D0A0F57060FF381BD11CE001281AD0E2
:1056400002280AD117E0B0F5807F14D008DC0128C9
:1056500011D002280FD003280DD0FF2809D10AE06D
:10566000B0F5817F07D0A0F58070033803D0012802
:1056700001D0002070470F2070470A281FD008DC97
:105680000A2818D2DFE800F0191B1F1F171F231D5F
:105690001F21102815D008DC0B2812D00C2810D0A0
:1056A0000D2816D00F2806D10DE011280BD0842824
:1056B0000BD087280FD003207047002070470520AB
:1056C0007047072070470F2070470420704706205E
:1056D00070470C20704743F20200704738B50C4603
:1056E000050041D06946FEF7D7FA002819D19DF888
:1056F0000010607861F3020060706946681CFEF774
:10570000CBFA00280DD19DF80010607861F3C50038
:105710006070A978C1F34101012903D0022905D0A5
:10572000072038BD217821F0200102E0217841F0E6
:1057300020012170410704D0A978C90861F38610BF
:105740006070607810F0380F07D0A978090961F30C
:10575000C710607010F0380F02D16078400603D592
:10576000207840F040002070002038BD70B504461D
:105770000020088015466068FFF7B0FF002816D1AA
:105780002089A189884211D860688078C0070AD032
:10579000B1F5007F0AD840F20120B1FBF0F200FB26
:1057A0001210288007E0B1F5FF7F01D90C2070BDF1
:1057B00001F201212980002070BD10B50478137812
:1057C00064F3000313700478640864F341031370F6
:1057D0000478A40864F3820313700478E40864F383
:1057E000C30313700478240964F30413137004785A
:1057F000640964F3451313700078800960F386131D
:10580000137031B10878C10701D1800701D501209B
:1058100000E0002060F3C713137010BD42785307F7
:1058200002D002F0070306E012F0380F02D0C2F3F4
:10583000C20300E001234A7863F302024A70407811
:1058400010F0380F02D0C0F3C20005E0430702D0C9
:1058500000F0070000E0012060F3C5024A707047C5
:105860002DE9F04F95B00D00824613D01222002191
:10587000284607F088FD4FF6FF7B05AA0121584610
:1058800007F049FB0024264637464FF420586FF4B2
:10589000205972E0102015B0BDE8F08F9DF81E0071
:1058A00001280AD1BDF81C1041450BD011EB0900AD
:1058B0000AD001280CD002280CD0042C0ED0052CC4
:1058C0000FD10DE0012400E00224BDF81A6008E0C9
:1058D000032406E00424BDF81A7002E0052400E069
:1058E0000624BDF81A10514547D12C74BEB34FF0B1
:1058F000000810AA4FF0070ACDE90282CDE900A8FE
:105900000DF13C091023CDF810904246314658461F
:1059100007F0D1FB08BBBDF83C002A46C0B210A975
:105920000CF064F9C8B9AE81CFB1CDE900A80DF192
:10593000080C0AAE40468CE8410213230022394687
:10594000584607F0B8FB40B9BDF83C00F11CC01E3A
:10595000C0B22A1D0CF04AF910B103209BE70AE0FF
:10596000BDF82900E881062C05D19DF81E00A8721B
:10597000BDF81C00288100208DE705A807F0D7FAA4
:1059800000288BD0FFF779FE85E72DE9F0471C460C
:10599000DDE90978DDF8209015460E00824600D139
:1059A000FFDF0CB1208818B1D5B11120BDE8F08718
:1059B000022D01D0012100E0002106F1140006F0C3
:1059C00073F9A8F8000002463B462946504603F00A
:1059D0007EF9C9F8000008B9A41C3C600020E5E786
:1059E0001320E3E7F0B41446DDE904528DB100233F
:1059F00014B1022C09D101E0012306E00D7CEE0771
:105A000003D025F0010501230D742146F0BC04F0FC
:105A1000F2B91A80F0BC70472DE9FE4F91461A8802
:105A20001C468A468046FAB102AB494603F04FF95C
:105A3000050019D04046A61C27880AF084FC32468F
:105A4000072629463B4600960AF0A3F820882346FD
:105A5000CDE900504A4651464046FFF7C3FF0020BB
:105A600020800120BDE8FE8F0020FBE72DE9F047F4
:105A700086B082460EA8904690E8B000894604AAF7
:105A800005A903A88DE807001E462A462146504670
:105A9000FFF77BFF039901B101213970002818D16C
:105AA000FA4904F1140204AB0860039805998DE8E3
:105AB000070042464946504606F0A9FCA8B109280D
:105AC00011D2DFE800F005080510100A0C0C0E00DA
:105AD000002006B06AE71120FBE70720F9E708205D
:105AE000F7E70D20F5E70320F3E7BDF81010039862
:105AF000CDE9000133462A4621465046FFF772FFA2
:105B0000E6E72DE9F04389B01646DDE910870D463A
:105B100081461C461422002103A807F034FC012012
:105B200002218DF810108DF80C008DF81170ADF871
:105B3000146064B1A278D20709D08DF81600E0880D
:105B4000ADF81A00A088ADF81800A068079008A862
:105B50000095CDE90110424603A948466B68FFF75E
:105B600085FF09B0BDE8F083F0B58BB00024064690
:105B7000069407940727089405A8099401940097B0
:105B80000294CDE903400D4610232246304607F02B
:105B900092FA78B90AA806A9019400970294CDE96F
:105BA0000310BDF8143000222946304607F021F8D2
:105BB000002801D0FFF761FD0BB0F0BD06F0B2BECA
:105BC0002DE9FC410C468046002602F07FFA05468E
:105BD00020780D287ED2DFE800F0BC0713B325BD86
:105BE00049496383AF959B00A848006820B141787C
:105BF00041F010014170ADE0404602F099FAA9E091
:105C0000042140460AF05AFA070000D1FFDF07F1ED
:105C10001401404605F0DDFFA5BB13214046FCF70B
:105C2000BFFD97E0042140460AF048FA070000D182
:105C3000FFDFE088ADF800000020B8819DF800008B
:105C4000010704D5C00602D5A088B88105E09DF8FB
:105C5000010040067ED5A088F88105B9FFDF224605
:105C60002946404601F0C0FC022673E0E188ADF809
:105C700000109DF8011009060FD5072803D006284B
:105C80000AD00AE024E0042140460AF017FA060090
:105C900000D1FFDFA088F0810226CDB9FFDF17E039
:105CA000042140460AF00AFA070000D1FFDF07F19D
:105CB000140006F06EFE90F0010F02D1E0790006AC
:105CC00048D5387C022640F00200387405B9FFDF61
:105CD000224600E03DE02946404601F085FC39E0DF
:105CE000042140460AF0EAF9017C002D01F0020689
:105CF000C1F340016171017C21F002010174E7D11F
:105D0000FFDFE5E702260121404602F043FA21E0E9
:105D1000042140460AF0D2F90546606800902089C7
:105D2000ADF8040001226946404602F054FA287C8E
:105D300020F0020028740DE0002DC9D1FFDFC7E775
:105D4000022600214046FFF765FA002DC0D1FFDF93
:105D5000BEE7FFDF3046BDE8FC813EB50C0009D050
:105D600001466B4601AA002007F02AFA20B1FFF78E
:105D700084FC3EBD10203EBD00202080A0709DF818
:105D8000050002A900F00700FDF7A2FF50B99DF839
:105D9000080020709DF8050002A9C0F3C200FDF7BD
:105DA00097FF08B103203EBD9DF8080060709DF884
:105DB0000500C109A07861F30410A0709DF80510DA
:105DC000890961F3C300A0709DF80410890601D50C
:105DD000022100E0012161F342009DF8001061F30F
:105DE0000000A07000203EBD70B5144606460D466A
:105DF00051EA040005D075B10846FBF760FA78B99E
:105E000001E0072070BD2946304607F040FA10B186
:105E1000BDE8704031E454B12046FBF750FA08B1B8
:105E2000102070BD21463046BDE8704095E7002047
:105E300070BD2DE9FC5F0C469046054600270178B1
:105E40000822007A3E46B2EB111F7DD104F10A010F
:105E500000910A31821E4FF0020A04F1080B0191F1
:105E6000092A72D2DFE802F0EDE005F528287BAAC6
:105E7000CE00688804210AF021F9060000D1FFDF76
:105E8000B08928B152270726C3E00000380200205D
:105E900051271026002C7DD06888A0800120A07199
:105EA000A88900220099FFF79FFF002873D1A889D5
:105EB0002081288AE081D1E0B5F81290072824D10A
:105EC000E87B000621D5512709F1140086B2002C89
:105ED000E1D0A88900220099FFF786FF00285AD157
:105EE0006888A08084F806A0A88920810120A0737A
:105EF000288A2082A4F81290A88A009068884B46CD
:105F0000A969019A01F04CFBA8E0502709F11200A1
:105F100086B2002C3ED0A88900225946FFF764FFC4
:105F2000002838D16888A080A889E080287A0728CE
:105F300013D002202073288AE081E87BC0096073B7
:105F4000A4F81090A88A01E085E082E000906888BB
:105F50004B4604F11202A969D4E70120EAE7B5F83B
:105F60001290512709F1140086B2002C66D068887F
:105F700004210AF0A3F883466888A080A88900223B
:105F80000099FFF731FF00286ED184F806A0A88998
:105F9000208101E052E067E00420A073288A20827B
:105FA000A4F81290A88A009068884B46A969019AC3
:105FB00001F0F6FAA989ABF80E104FE06888FBF7FC
:105FC000BDFB0746688804210AF078F8064607B941
:105FD000FFDF06B9FFDF687BC00702D05127142618
:105FE00001E0502712264CB36888A080502F06D0BD
:105FF00084F806A0287B594601F0E2FA2EE0287BBF
:10600000A11DF9E7FE49A8894989814205D1542794
:1060100006269CB16888A08020E053270BE06888A2
:10602000A080A889E08019E0688804210AF046F879
:1060300000B9FFDF55270826002CF0D1A8F8006032
:1060400011E056270726002CF8D06888A080002091
:1060500013E0FFDF02E0012808D0FFDFA8F80060AE
:106060000CB1278066800020BDE8FC9F57270726DB
:10607000002CE3D06888A080687AA071EEE7401D0C
:1060800020F0030009B14143091D01EB40007047B6
:1060900013B5DB4A00201071009848B1002468460F
:1060A00009F03BFE002C02D1D64A009911601CBDBC
:1060B00001240020F4E770B50D461446064686B06C
:1060C0005C220021284607F05EF904B9FFDFA078C2
:1060D0006874A2782188284601F09DFA0020A881E2
:1060E000E881228805F11401304605F056FD6A4624
:1060F0000121304606F00FFF1AE000BF9DF80300B3
:10610000000715D5BDF806103046FFF72DFD9DF8A8
:106110000300BDF8061040F010008DF80300BDF834
:106120000300ADF81400FF233046059A07F077F816
:10613000684606F0FCFE0028E0D006B070BD10B541
:106140000C4601F1140005F060FD0146627C20461A
:10615000BDE8104001F094BA30B50446A84891B0AB
:106160004FF6FF75C18905AA284606F0D4FE30E037
:106170009DF81E00A0422AD001282AD1BDF81C009B
:10618000B0F5205F03D042F60101884221D1002002
:1061900002AB0AAA0CA9019083E80700072000902F
:1061A000BDF81A1010230022284606F084FF38B9E3
:1061B000BDF828000BAAC0B20CA90BF017FD10B156
:1061C000032011B030BD9DF82E00A04201D1002067
:1061D000F7E705A806F0ABFE0028C9D00520F0E7D8
:1061E00070B50546042109F069FF040000D1FFDF06
:1061F00004F114010C46284605F0EBFC2146284624
:10620000BDE8704005F0ECBC70B58AB00C4606469F
:10621000FBF794FA050014D02878222827D30CB174
:10622000A08890B101208DF80C0003208DF810009B
:1062300000208DF8110054B1A088ADF81800206836
:1062400007E043F202000AB070BD0920FBE7ADF899
:10625000180005900421304609F030FF040000D1F9
:10626000FFDF04F1140005F0E6FC000701D408206C
:10627000E9E701F02BFF60B108A802210094CDE905
:10628000011095F8232003A930466368FFF7EEFB61
:10629000D9E71120D7E72DE9F04FB2F802A08346E5
:1062A00089B0154689465046FBF748FA074604214F
:1062B000504609F003FF0026044605964FF00208F9
:1062C0000696ADF81C6007B9FFDF04B9FFDF414651
:1062D000504603F0DAFE50B907AA06A905A88DE8D2
:1062E00007004246214650466368FFF74EFB44488C
:1062F00007AB0660DDE9051204F11400CDF800904B
:10630000CDE90320CDE9013197F8232059465046C5
:106310006B6805F0D9FC06000AD0022E04D0032ECB
:1063200014D0042E00D0FFDF09B03046BDE8F08F56
:10633000BDF81C000028F7D00599CDE900104246B1
:10634000214650466368FFF74DFBEDE7687840F063
:1063500008006870E8E72DE9F04F99B004464FF067
:1063600000082748ADF81C80ADF82080ADF82480E7
:10637000A0F80880ADF81480ADF81880ADF82C8036
:10638000ADF82880007916460D464746012808D00A
:10639000022806D0032804D0042802D0082019B00F
:1063A000C4E72046FAF747FF70BB2846FAF743FFD9
:1063B00050BB6068FAF78CFF30BB606848B16089F9
:1063C0002189884202D8B1F5007F01D90C20E6E787
:1063D00080460EAA06A92846FFF7C8F90028DED194
:1063E00068688078C0F34100022808D19DF8190040
:1063F00010F0380F03D02869FAF761FF20B904E0E4
:10640000380200201400002022E005A92069FFF7CF
:1064100065F90028C3D1206948B1607880079DF8EC
:10642000150000F0380001D5F0B300E0E0BB9DF8A6
:10643000140080060ED59DF8150010F0380F03D01B
:106440006068FAF73CFF18B96068FAF741FF08B1D5
:106450001020A4E70AA96069FFF740F900289ED13F
:10646000606940B19DF8290000F0070101293CD185
:1064700010F0380F39D00BA9A069FFF72FF90028C9
:106480008DD19DF8280080062FD49DF82C00800621
:106490002BD4A06950B19DF82D0000F0070101290F
:1064A00023D110F0380F00E01FE01ED0E06818B1D3
:1064B0000078D0B11C2818D20FAA611C2046FFF723
:1064C0007CF90121384661F30F2082468DF8521085
:1064D000B94642F603000F46ADF850000DF13F02F9
:1064E00018A928680BF0A1FB08B1072057E79DF811
:1064F000600015A9CDF80090C01CCDE9019100F015
:10650000FF0B00230BF20122514614A806F02EFCCB
:10651000F0BBBDF854000C90FE482A89296900920E
:10652000CDE901106B89BDF838202868069906F07E
:106530001DFC01007ED120784FF0020AC10601D473
:1065400080062BD5CDF80C90606950B90AA906A831
:10655000FFF764F99DF8290020F00700401C8DF832
:1065600029009DF8280008A940F0C8008DF82800EF
:106570008DF8527042F60210ADF8500003AACDF823
:1065800000A0CDE90121002340F2032214A800E07D
:106590001EE00A9906F0EAFB01004BD1DD484D46AA
:1065A00008385B460089ADF83D000FA8CDE90290A0
:1065B000CDF80490CDF810904FF007090022CDF8E7
:1065C0000090BDF854104FF6FF7006F012FB10B1AA
:1065D000FFF753F8E3E69DF83C00000624D5294672
:1065E000012060F30F218DF852704FF42450039571
:1065F000ADF8500062789DF80C00002362F30000B3
:106600008DF80C006278CDF800A0520862F34100CA
:106610008DF80C0003AACDE9012540F2032214A84D
:1066200006F0A4FB010005D1606888B32069A8B911
:1066300005A900E084E006A8FFF7F0F8607880077D
:1066400006D49DF8150020F038008DF8150005E0FF
:106650009DF8140040F040008DF814008DF8527041
:1066600042F60110ADF85000208940F20121B0FB44
:10667000F1F201FB1202606809ABCDF80080CDE9B0
:106680000103002314A8059906F070FB010057D1FF
:106690002078C00728D00395A06950B90BA906A897
:1066A000FFF7BCF89DF82D0020F00700401C8DF886
:1066B0002D009DF82C008DF8527040F040008DF8B0
:1066C0002C0042F60310ADF8500007A903AACDF83C
:1066D00000A0CDE90121002340F2032214A80B9968
:1066E00006F044FB01002BD1E06868B32946012085
:1066F00060F30F218DF8527042F60410ADF850008F
:10670000E068002302788DF8582040788DF8590011
:10671000E06816AA4088ADF85A00E06800798DF864
:106720005C00E068C088ADF85D00CDF80090CDE970
:1067300001254FF4027214A806F018FB010003D0E3
:106740000C9800F0C9FF2AE672480321083801714D
:1067500056B100893080BDF824007080BDF820005B
:10676000B080BDF81C00F080002018E670B501254F
:106770008AB016460B46012802D0022816D104E042
:106780008DF80E504FF4205003E08DF80E5042F675
:106790000100ADF80C005BB10024601C60F30F2415
:1067A00004AA08A918460BF040FA18B107204AE5D8
:1067B000102048E504A99DF820205648CDE9002185
:1067C000801E02900023214603A802F2012206F057
:1067D000CDFA10B1FEF751FF35E54E4808380EB13D
:1067E000C1883180057100202DE5F0B593B00746D2
:1067F00001268DF83E6041F60100ADF83C0012AA7A
:106800000FA93046FFF7B2FF002849D1414C0025BF
:10681000083CEFB31C22002102A806F0B4FD9DF84D
:1068200008008DF83E6040F020008DF8080042F628
:106830000520ADF83C000E959DF83A00119520F02A
:106840000600801C8DF83A009DF838006A4620F05A
:10685000FF008DF838009DF8390009A920F0FF00ED
:106860008DF839000420ADF82C00ADF830000EA8EA
:106870000A9011A80D900FA80990ADF82E5002A80B
:10688000FFF769FD00280BD1BDF80000608100E032
:1068900008E0BDF80400A081401CE08125710020C3
:1068A00013B0F0BD6581A581BDF84800F4E72DE97E
:1068B000F74F1849A0B00024083917940A79A14667
:1068C000012A04D0022A02D0082023B02EE5CA886B
:1068D000824201D00620F8E721988A46824201D1FF
:1068E0000720F2E70120214660F30F21ADF84800B0
:1068F0004FF6FF780691ADF84A808DF86E0042F6AB
:10690000020B8DF872401CA9ADF86CB0ADF8704068
:10691000139101E040020020ADF8508012A806F06B
:1069200035FB00252E462F460DAB072212A9404607
:1069300006F02FFB78B10A285DD195B38EB3ADF880
:106940006450ADF866609DF85E008DF8144019AC97
:10695000012864D06BE09DF83A001FB3012859D19B
:10696000BDF8381059451FD118A809A901940294FF
:10697000CDE9031007200090BDF836101023002247
:10698000404606F098FBB0BBBDF86000042801D07B
:1069900006284AD1BDF82410219881423AD10F200F
:1069A00093E73AE0012835D1BDF83800B0F5205F13
:1069B00003D042F6010188422CD1BAF80600BDF896
:1069C0003610884201D1012700E0002705B19EB1B1
:1069D000219881421ED118A809AA01940294CDE9F8
:1069E0000320072000900D4610230022404606F0A9
:1069F00062FB00B902E02DE04E460BE0BDF86000FE
:106A0000022801D0102810D1C0B217AA09A90BF092
:106A1000EDF850B9BDF8369086E7052055E705A991
:106A200017A8221D0BF001F908B103204DE79DF8CE
:106A300014000023001DC2B28DF814202298009289
:106A4000CDE901401BA8069906F090F910B9022281
:106A50008AF80420FEF711FE37E710B50B46401EFA
:106A600088B084B205AA00211846FEF7A6FE0020D1
:106A70000DF1080C06AA05A901908CE80700072073
:106A800000900123002221464FF6FF7006F0B1F876
:106A90000446BDF81800012800D0FFDF2046FEF7AD
:106AA000ECFD08B010BDF0B5F74F044687B038795B
:106AB0000E46032804D0042802D0082007B0F0BDF9
:106AC00004AA03A92046FEF751FE0500F6D160682E
:106AD0008078C0F3410002280AD19DF80D0010F023
:106AE000380F05D02069FAF7EAFB08B11020E5E776
:106AF000208905AA21698DE807006389BDF8102067
:106B00002068039906F032F910B1FEF7B6FDD5E71B
:106B100016B1BDF814003080042038712846CDE746
:106B2000F8B50C0006460CD001464FF6FF75002361
:106B30006A46284606F044FB28B100BFFEF79DFDDB
:106B4000F8BD1020F8BD69462046FEF7C7FD0028B5
:106B5000F8D1A078314600F001032846009A06F0EB
:106B60005EFBEBE730B587B0144600220DF1080C50
:106B700005AD01928CE82C00072200920A460146DE
:106B800023884FF6FF7006F034F8BDF8141021800A
:106B9000FEF773FD07B030BD70B50D46042109F056
:106BA0008DFA040000D1FFDF294604F11400BDE88E
:106BB000704005F039B870B50D46042109F07EFA31
:106BC000040000D1FFDF294604F11400BDE8704045
:106BD00005F04DB870B50D46042109F06FFA0400B8
:106BE00000D1FFDF294604F11400BDE8704005F034
:106BF00065B870B50546042109F060FA040000D1BB
:106C0000FFDF214628462368BDE870400122FEF7D9
:106C100003BF70B50646042109F050FA040000D104
:106C2000FFDF04F1140004F0F0FF401D20F0030525
:106C300011E0011D00880022431821463046FEF76E
:106C4000EBFE00280BD0607CABB2684382B2A06838
:106C5000011D09F002F9A06841880029E9D170BD41
:106C600070B50546042109F029FA040000D1FFDFC0
:106C7000214628466368BDE870400222FEF7CCBE7C
:106C800070B50E46054601F021FA040000D1FFDF81
:106C90000120207266726580207820F00F00001DB0
:106CA00020F0F00040302070BDE8704001F012BAD2
:106CB00010B50446012900D0FFDF2046BDE8104092
:106CC0000121FEF7A7BA2DE9F04F97B04FF0000A67
:106CD0000C008346ADF814A0D04619D0E06830B15E
:106CE000A068A8B10188ADF81410A0F800A058461B
:106CF000FAF724FD070043F2020961D03878222810
:106D00005CD30421584609F0D9F9050005D103E008
:106D1000102017B0BDE8F08FFFDF05F1140004F07C
:106D200074FF401D20F00306A078012803D002283C
:106D300001D00720EDE7218807AA584606F0EBF8B6
:106D400030BB07A806F0F3F810BB07A806F0EFF871
:106D500048B99DF82600012805D1BDF82400A0F50A
:106D60002451023902D04FF45050D2E7E068B0B15C
:106D7000CDE902A00720009005AACDF804A0049256
:106D8000A2882188BDF81430584605F032FF10B1B2
:106D9000FEF773FCBDE7A168BDF8140008809DF8FC
:106DA0001F00C00602D543F20140B2E70B9838B18C
:106DB000A1780078012905D080071AD40820A8E717
:106DC0004846A6E7C007F9D002208DF83C00A86825
:106DD0004FF00009A0B1697C4288714391420FD9FC
:106DE0008AB2B3B2011D08F0EEFF8046A0F800A001
:106DF00006E003208DF83C00D5F800804FF0010933
:106E00009DF8200010F0380F00D1FFDF9DF8200022
:106E10001E49C0F3C200084497F8231010F8010C73
:106E2000884201D90F2074E72088ADF8400014A9EA
:106E30000095CDE90191434607220FA95846FEF778
:106E400015FE002891D19DF8500050B9A078012876
:106E500007D1687CB3B2704382B2A868011D08F004
:106E6000C6FF002055E770B5064615460C46084695
:106E7000FEF7C2FB002805D12A4621463046BDE870
:106E8000704073E470BD12E538020020F2B00100DA
:106E900070B51E4614460D0009D044B1616831B189
:106EA00038B1FC49C988814203D0072070BD102049
:106EB00070BD2068FEF7A0FB0028F9D132462146BC
:106EC0002846BDE87040FFF746BA70B515460C007D
:106ED00006D038B1EF490989814203D0072070BD3F
:106EE000102070BD2068FEF787FB0028F9D12946E5
:106EF0002046BDE87040D6E570B5064686B00D4622
:106F000014461046FAF7BDF9D0BB6068FAF7E0F90D
:106F1000B0BBA6F57F40FF3803D03046FAF70EFC31
:106F200080B128466946FEF79BFC00280CD19DF8ED
:106F300010100F2008293DD2DFE801F008060606F0
:106F4000060A0A0843F2020006B070BD0320FBE700
:106F50009DF80210012908D1BDF80010B1F5C05FFD
:106F6000F2D06FF4C052D142EED09DF80610012944
:106F70000DD1BDF80410A1F52851062907D200E073
:106F800029E0DFE801F0030304030303DCE79DF8D5
:106F90000A1001290FD1BDF80810B1F5245FD3D034
:106FA000A1F60211B1F50051CED00129CCD00229B1
:106FB00001D1C9E7FFDF606878B9002305AA294637
:106FC000304606F0FDF810B1FEF757FBBCE79DF820
:106FD0001400800601D41020B6E7618822462846B6
:106FE0006368FFF7BFFDAFE72DE9F043814687B047
:106FF000884614461046FAF744F918B1102007B035
:10700000BDE8F083002306AA4146484606F0D8F8BA
:1070100018B100BFFEF731FBF1E79DF81800C0067C
:1070200002D543F20140EAE70025072705A80195AC
:1070300000970295CDE9035062884FF6FF734146F1
:10704000484606F038F8060013D16068FAF719F9D7
:1070500060B960680195CDE90250009704952388D6
:1070600062884146484606F026F80646BDF81400F8
:1070700020803046CEE739B1864B0A889B899A42F8
:1070800002D843F2030070471DE610B586B0814C6C
:107090000423ADF81430638943B1A4898C4201D232
:1070A000914205D943F2030006B010BD0620FBE76C
:1070B000ADF81010002100910191ADF800300221CF
:1070C0008DF8021005A9029104A90391ADF81220D0
:1070D0006946FFF7F8FDE7E72DE9FC4781460D46D5
:1070E0000846FAF7A8F888BB4846FAF727FB5FEA94
:1070F00000080AD098F80000222829D30421484625
:1071000008F0DCFF070005D103E043F20200BDE810
:10711000FC87FFDF07F1140004F08DFD0646287898
:10712000012803D0022804D00720F0E7B0070FD5CC
:1071300002E016F01C0F0BD0A8792C1DC00709D057
:10714000E08838B1A068FAF776F818B11020DEE7C9
:107150000820DCE721882A780720B1F5847F35D024
:107160001EDC40F20315A1F20313A94226D00EDC67
:10717000B1F5807FCBD003DCF9B1012926D1C6E778
:10718000A1F58073013BC2D0012B1FD113E0012B6D
:10719000BDD0022B1AD0032BB9D0042B16D112E08C
:1071A000A1F20912082A11D2DFE802F00B04041040
:1071B00010101004ABE7022AA9D007E0012AA6D0DC
:1071C00004E0320700E0F206002AA0DACDB200F0B7
:1071D0007DFF50B198F82300CDE90005FA892346D8
:1071E00039464846FEF78DFC91E711208FE72DE9DF
:1071F000F04F8BB01F4615460C4683460026FAF723
:107200009DFA28B10078222805D208200BB081E52C
:1072100043F20200FAE7B80801D00720F6E7032F8F
:1072200000D100274FF6FF79CCB1022D73D3204651
:10723000FAF74EF830B904EB0508A8F10100FAF7A7
:1072400047F808B11020E1E7AD1E38F8028CAAB269
:107250002146484606F007F940455CD1ADB20D49DC
:10726000B80702D58889401C00E001201FFA80F889
:10727000F80701D08F8900E04F4605AA41465846DD
:1072800005F049FE4FF0070A4FF00009DCB3204635
:107290000BE0000038020020408810283BD8361D43
:1072A000304486B2AE4236D2A01902884245F3D3AA
:1072B00051E000BF9DF8170002074CD594B304EBD2
:1072C0000608361DB8F80230B6B2102B23D89A192A
:1072D000AA4220D8B8F8002091421CD1C0061CD583
:1072E000CDE900A90DF1080C0AAAA11948468CE8BD
:1072F0000700B8F800100022584605F07AFC20B1CB
:10730000FEF7BBF982E726E005E0B8F80200BDF819
:107310002810884201D00B2078E7B8F802003044EA
:1073200086B207E0FFE7C00604D55846FEF71CFC0E
:10733000002888D19DF81700BDF81A1020F0100021
:107340008DF81700BDF81700ADF80000FF23584670
:10735000009A05F064FF05A805F0E9FD18B9BDF82D
:107360001A10B942A6D90421584608F0A7FE040015
:1073700000D1FFDFA2895AB1CDE900A94D46002313
:1073800021465846FEF7BDFB0028BBD1A5813DE74D
:1073900000203BE72DE9FF4F8BB01E4617000D463E
:1073A0004FF0000412D0B00802D007200FB0B1E4B3
:1073B000032E00D100265DB10846F9F780FF28B9F9
:1073C0003888691E0844F9F77AFF08B11020EDE704
:1073D000C74AB00701D5D18900E00121F0074FF677
:1073E000FF7802D0D089401E00E0404686B206AA4F
:1073F0000B9805F090FD4FF000094FF0070B0DF1D1
:10740000140A38E09DF81B00000734D5CDF804902D
:10741000CDF800B0CDF80890CDE9039A434600229C
:107420000B9805F048FE60BB05B3BDF814103A8810
:1074300021442819091D8A4230D3BDF81E2020F8A6
:10744000022BBDF8142020F8022BCDE900B9CDE9BC
:107450000290CDF810A0BDF81E10BDF81430002227
:107460000B9805F028FE08B103209FE7BDF8140033
:107470002044001D84B206A805F059FD20B10A2859
:1074800006D0FEF7FAF891E7BDF81E10B142B9D95F
:1074900034B17DB13888A11C884203D20C2085E725
:1074A000052083E722462946404605F0DCFF0146D9
:1074B00028190180A41C3C80002077E710B5044601
:1074C000F9F7DFFE08B1102010BD8948C08920807F
:1074D000002010BDF0B58BB00D46064614220021E9
:1074E00003A805F050FF01208DF80C008DF8100066
:1074F00000208DF81100ADF814503046FAF71EF94F
:1075000048B10078222812D30421304608F0D6FD75
:10751000040005D103E043F202000BB0F0BDFFDF31
:1075200004F11400074604F086FB800601D408200D
:10753000F3E7207C022140F00100207409A80094A8
:10754000CDE90110072203A930466368FEF78EFAE1
:1075500020B1217C21F001012174DEE7294630466B
:10756000FDF749FE08A9384604F054FB00B1FFDFDF
:10757000BDF82040172C01D2172000E02046A84279
:1075800001D92C4602E0172C00D2172421463046A0
:10759000FFF711FB21463046FDF751FB0020BCE709
:1075A000F8B51C4615460E46069F08F0BAFE23465F
:1075B000FF1DBCB231462A46009408F0B6FAF8BD69
:1075C00070B50C4605460E220021204605F0DBFE74
:1075D000002020802DB1012D01D0FFDF70BD0620DD
:1075E00000E00520A07170BD10B5488008781346F2
:1075F00020F00F00001D20F0F00080300C460870D5
:107600001422194604F1080005F093FE00F062FD13
:107610003748046010BD2DE9F047DFF8D890491DC8
:10762000064621F0030117460C46D9F8000008F081
:1076300092FB050000D1FFDF4FF000083560A5F890
:1076400000802146D9F8000008F085FB050000D134
:10765000FFDF7560A5F800807FB104FB07F1091D0D
:107660000BD0D9F8000008F076FB040000D1FFDF52
:10767000B460C4F80080BDE8F087C6F80880FAE777
:107680002DE9F0411746491D21F00302194D064628
:1076900001681446286808F089FB2246716828684A
:1076A00008F084FB3FB104FB07F2121D03D0B16860
:1076B000286808F07BFB042008F0ACFC044604209A
:1076C00008F0B0FC201A012804D12868BDE8F04178
:1076D00008F036BBBDE8F08110B50C4605F0EAFBBA
:1076E00000B1FFDF2046BDE81040FDF7C6BF000037
:1076F00038020020140000204FF0E0214FF4004039
:10770000C1F88001BFF34F8FBFF36F8F00F021B836
:1077100010B5044600F01DF8002C09D0124A12489A
:1077200012491432124B012C03D0022C07D0FFDF78
:1077300010BD0224046011604FF0407004E0032487
:10774000046011604FF40000186010BD00B5FFDF49
:1077500000BD054800210160016005494FF06070DF
:10776000091D08607047000000F500404802002035
:1077700004F501402DE9F05FDFF850A44FF0000858
:107780008B4606469AF80940474645469AF80190C6
:1077900008E0284601F00EF8817B407811FB007765
:1077A0006D1CEDB24D45F4D19AF8090020442044F7
:1077B00020440744FF2F01D94FF013083068C01C44
:1077C00020F0030232605BEA080021D1FF48FBB2DF
:1077D000062120300CF0C8F9002408E0062C0FD256
:1077E000DFE804F005030A0A0C05F94800E0F9484F
:1077F0000CF0DAF9054604E0F748F9E7F748F7E74F
:10780000FFDFA54200D0FFDF641CE4B2062CE5D305
:10781000306800EB071030604046BDE8F09F38B597
:107820000C468288817B19B14189914200D90A4670
:107830002280C188121D90B26A4607F081FCBDF813
:107840000000032800D30320C1B2208800F0D1FF3C
:1078500038BD38B50C468288817B19B101899142C7
:1078600000D90A462280C188121D90B26A4607F0EC
:1078700067FCBDF80000022800D30220C1B22088B6
:1078800000F0B7FF401CC0B238BD2DE9FF5F824653
:107890008B46D34814460BF10302D0E90110CDE921
:1078A000021022F0030201A84421019208F035FAE7
:1078B000C64E002C02D1CB49019A8A60019901443D
:1078C0000191B57E05F1010504D1E8B20AF026F96F
:1078D00000B1FFDF019800EB0510C01C20F0030190
:1078E000019144B9727A00200870B08B80B205F023
:1078F00040F900B1FFDF0198F16908440190214689
:1079000001A8FFF737FF80460198C01C20F0030054
:107910000190717A04B1002008F0F5FA0199084449
:107920000190214601A800F06FFFA84800273D46BE
:1079300090F801900CE0284600F03CFF0646817864
:107940008088FDF713FA71786D1C00FB0177EDB2AA
:107950004D45F0D10198C01C20F00300019004B106
:1079600000203946FDF70DFA0199002708440190DF
:1079700096483D4690F801900CE0284600F01AFF2A
:107980000646C1788088FEF77AFB71786D1C00FB93
:107990000177EDB24D45F0D10198C01C20F00300F5
:1079A000019004B100203946FEF772FB01994FF0B7
:1079B00000090844019085484D4647780EE0284666
:1079C00000F0F8FE0646807B30B106F1080002F0B8
:1079D0009DF8727800FB02996D1CEDB2BD42EED1AC
:1079E0000198C01C20F00300019004B100207D49E3
:1079F0004A78494602F08EF80199084401902146E0
:107A000001A800F0B3FE0198C01D20F0070001900E
:107A1000DAF80010814204D3A0EB0B01B1F5803FEE
:107A200004DB4FF00408CAF8000004E0CAF80000C4
:107A3000B8F1000F02D0404604B0EEE674BB6A49CC
:107A40000020019A0CF0FEF9FAF77EFB5F4C207ED5
:107A50000090607E012823D0002318B300225B48E9
:107A600000210C30FBF74AF800B1FFDFE07EFEF7A3
:107A7000BCFE00B1FFDF55484FF4F67200213830EC
:107A800005F081FC51480421383080F8E91180F874
:107A9000EA11062180F8EB11032101710020CBE7E8
:107AA0000123DAE702AADAE770B5484C0646383413
:107AB000207804EB4015E078083598B9A01990F8C3
:107AC000E80100280FD0A0780F2800D3FFDF202284
:107AD0000021284605F057FC687866F302006870BC
:107AE0000120E070284670BD2DE9F04105460C46A6
:107AF00000270078052190463E46B1EB101F00D0CC
:107B0000FFDF287A50B101280ED0FFDFA8F800600F
:107B10000CB1278066800020BDE8F081012709268E
:107B200074B16888A08008E00227142644B16888F0
:107B3000A0802869E060A88A2082287B2072E5E77F
:107B4000A8F80060E7E730B5204C01200021207044
:107B50006170207260726176217621730521A182A5
:107B60001F21E182607321A121610A21A176E076C3
:107B70001C4D4FF4B060E0616868C11C21F0030146
:107B8000814200D0FFDF6868606030BD30B5154CC1
:107B90001568636810339D4202D20420136030BD23
:107BA0000A4B5D785A6802EB051210705170032081
:107BB000D080172090800120D070907000209073AA
:107BC0005878401C58706068103013E0540300204F
:107BD000A11F0000359C0000A9B000000F19010092
:107BE000F8B0010018000020000000206E52463559
:107BF000780000006060002030BD70B50646F8488F
:107C00000024457807E0204600F0D4FD0178B14219
:107C100004D0641CE4B2AC42F5D1002070BDF7B5CD
:107C2000074608780C4610B3FFF7E7FF0546A7F1B3
:107C30002006202F06D0052E19D2DFE806F00F2BE4
:107C40002B151A0000F0C2FD0DB1697800E000218B
:107C5000401AA17880B20844FF2808D8A07830B133
:107C6000A088022824D202E06088172820D20720AA
:107C7000FEBD207AE0B161881729F8D3A1881729C1
:107C8000F5D3A1790029F2D0E1790029EFD040287D
:107C900004D9ECE7242F0BD1207A48B161884FF644
:107CA000FB70814202D8A188814201D90420FEBD27
:107CB00065B9207802AA0121FFF768FF0028F6D1F4
:107CC0002078FFF79AFF050000D1FFDF052E18D2BC
:107CD000DFE806F0030B0E081100A0786870A0889A
:107CE000E8800FE06088A8800CE0A078A87009E028
:107CF000A078E87006E054F8020FA8606068E860B9
:107D000000E0FFDF0020FEBD1A2835D00DDC13286F
:107D100032D2DFE800F01B31203131272723252D17
:107D2000313129313131312F0F00302802D003DCBD
:107D30001E2821D1072070473A3809281CD2DFE8D5
:107D400000F0151B0F1B1B1B1B1B0700002070479F
:107D500043F20400704743F202007047042070476A
:107D60000D2070470F207047082070471120704782
:107D700013207047062070470320704710B5007825
:107D800000F0010007F0D2F9BDE81040BCE710B5E3
:107D9000007800F0010007F0CEF9BDE81040B3E72D
:107DA0000EB5017801F001018DF80010417801F065
:107DB00001018DF801100178C1F340018DF8021026
:107DC0004178C1F340018DF80310017889088DF8DE
:107DD0000410417889088DF8051081788DF8061017
:107DE000C1788DF8071000798DF80800684606F014
:107DF0005DFEFFF789FF0EBD2DE9F84F784CDFF8E7
:107E0000E481383400261FE0012000F048FD012005
:107E1000FFF74AFE054644214746D8F8080007F018
:107E20009AFF686000B9FFDF686806F03BFDA8B103
:107E30002846F9F7F1FD284600F036FD20B9442226
:107E40006968B86807F0B2FF94F9E9010428DBDA41
:107E5000022008F0DFF807460025A6E04422696802
:107E6000D8F8080007F0A2FFF2E7B8F80210404681
:107E7000491C89B2A8F80210B94201D300214180FF
:107E80000221B8F8020008F019F9002865D0B8F806
:107E90000200694607F0C8F8FFF736FF00B1FFDFC0
:107EA0009DF8000078B1B8F8020008F04CFA5FEADB
:107EB000000900D1FFDF484607F0CBFC18B1B8F845
:107EC000020002F0D0F8B8F8020008F02AFA5FEADF
:107ED000000900D1FFDF484607F0B3FCE8BB0321EF
:107EE000B8F8020008F0EAF85FEA000B48D1FFDFBB
:107EF00046E000BFDBF8100010B10078FF2849D041
:107F0000022000F0CCFC0220FFF7CEFD824648465E
:107F100007F0A3FDCAF8040000B9FFDFDAF8040097
:107F200007F06BFE002100900170B8F80210504677
:107F3000AAF8021001F0BAFF484607F060FE00B947
:107F4000FFDF504600F0B0FC18B99AF801000007B6
:107F500004D50099CBF8101012E024E0DBF81000F3
:107F600038B10178491C11F0FF01017008D1FFDF21
:107F700006E000221146484600F0F6FB00B9FFDF9C
:107F800094F9EA01022805DBB8F8020001F055FF78
:107F90000028AFD194F9E901042804DB484607F032
:107FA00092FE00B101266D1CEDB2BD4204D294F9DF
:107FB000EA010228BFF659AF002E7FF423AFBDE8D7
:107FC000F84F032000F06BBC10B5064CE060086869
:107FD0002061AFF2DB1002F0C8FF607010BD00003E
:107FE0005403002018000020F74800210170F748D2
:107FF0000170F7494160704770B505464FF08050F9
:108000000C46D0F8A410491C05D1D0F8A810C943DB
:108010000904090C0BD050F8A01F01F001012970D0
:10802000416821608068A080287830B970BD062141
:1080300020460BF08CFB01202870607940F0C000D6
:10804000607170BD70B54FF080540D46D4F880104B
:10805000491C0BD1D4F88410491C07D1D4F88810DE
:10806000491C03D1D4F88C10491C0CD0D4F88010D2
:108070000160D4F884104160D4F888108160D4F88D
:108080008C10C16002E010210BF061FBD4F890006D
:10809000401C0BD1D4F89400401C07D1D4F89800B0
:1080A000401C03D1D4F89C00401C09D054F8900F18
:1080B000286060686860A068A860E068E86070BDDB
:1080C0002846BDE8704010210BF041BBBE48383057
:1080D0000079E9E470B5BC4C3834E07830B32078EE
:1080E00004EB4010407A00F00700204490F9E801CA
:1080F000002800DCFFDF2078002504EB4010407AE8
:1081000000F00700011991F8E801401E81F8E8012C
:108110002078401CC0B220700F2800D12570A078B4
:10812000401CA0700BF09CF9E57070BDFFDF70BDC6
:108130003EB50546032107F0C1FF0446284608F076
:10814000F0F8054604B9FFDF206918B10078FF2870
:1081500000D1FFDF01AA6946284600F005FB60B99F
:10816000FFDF0AE0002202A9284600F0FDFA00B96C
:10817000FFDF9DF8080000B1FFDF9DF80000411E01
:108180008DF80010EED220690199884201D10020BB
:1081900020613EBD70B50546A0F57F400C46FF3816
:1081A00000D1FFDF012C01D0FFDF70BDFFF78EFF94
:1081B000040000D1FFDF207820F00F00401D20F0E8
:1081C000F000503020706580002020720120207364
:1081D000BDE870407EE72DE9F04116460D460746A2
:1081E000FFF774FF040000D1FFDF207820F00F00BC
:1081F000401D20F0F0005030207067800120207278
:1082000028682061A888A0822673BDE8F04161E754
:108210007FB5FFF7F2FC040000D1FFDF02A9204682
:10822000FFF7FDFA054603A92046FFF712FB8DF87C
:1082300000508DF80100BDF80800001DADF80200E7
:10824000BDF80C00001DADF80400E088ADF8060094
:10825000684606F053FF002800D0FFDF7FBD2DE900
:10826000F05F5A4E8146307810B10820BDE8F09F8B
:108270004846F9F706F808B11020F7E7524C207885
:1082800008B9FFF760FC647A4D4600F09FFAA042FF
:1082900007D2201AC1B22A460020FFF777FC002837
:1082A000E4D171684848C91C002721F003017160BE
:1082B000B3463E463D46BA463C4690F801800AE049
:1082C000204600F077FA4178807B0E4410FB015580
:1082D000641CE4B27F1C4445F2D10AEB870000EB3A
:1082E000C600DBF8041000EB850045185C4601224F
:1082F00029464846FFF7C9FA060013D00020FFF7C9
:108300007CFC05000CD005F11300616820F003002F
:10831000884200D0FFDF2C484178491E41706560DB
:108320003046A3E7002229464846FFF7AEFA00B1DF
:10833000FFDFD9F8000060604FF6FF706080012019
:108340002070002092E72DE9F04104461F481746AF
:108350000E46007810B10820BDE8F0810846F8F715
:108360006AFF08B11020F7E7174D287808B9FFF722
:10837000EAFB601E1E2807D8012C22D13078FE2887
:108380001FD8A8760020E7E7A4F120001F2805D811
:10839000E0B23A463146BDE8F04140E4A4F1400085
:1083A0001F2805D831462046BDE8F04100F0A2BAAA
:1083B000A4F1A0001F2804D80020A02C0AD0A12CD2
:1083C0000DD00720C8E7000054030020180000204B
:1083D00048100020317801F00101E976BCE73168EE
:1083E0000922F82901D38B0701D01046B4E76B7B33
:1083F00003F00303012B04D1EB8AD7339CB28C42E8
:10840000F3D8E961A8E72DE9F04781460E46084612
:10841000F8F737FF48B94846F8F751FF28B909F18E
:10842000030020F00301494502D01020BDE8F08789
:10843000FC484FF0000A817869B14178804600EB32
:1084400041140834378832460021204600F039FABA
:10845000050004D027E0A6F800A00520E6E7B9F162
:10846000000F24D03088B84201D90C251FE0607875
:1084700000F00705284600F012FA08EB050732461F
:1084800097F8E8014946401C87F8E801204607F5BF
:10849000F47700F016FA05463878401E387003204D
:1084A00000F0FDF92DB10C2D01D0A6F800A0284652
:1084B000BCE76078DC4E00F00701012923D00229D7
:1084C0000CD0032933D0FFDF98F801104046491C37
:1084D000C9B288F801100F2934D035E0616821B1A4
:1084E000000702D46088FFF723FE98F8EA014746A8
:1084F000012802D1707802F057FD97F9EA010428AB
:10850000E2DBFFDFE0E7616819B14422B06807F001
:108510004DFC98F8E9014746032802D1707802F033
:1085200043FD97F9E9010428CEDBFFDFCCE7C00665
:1085300002D56088FFF7FCFD98F9EB010628C3DB44
:10854000FFDFC1E780F801A08178491E8170617862
:1085500001F0070101EB080090F8E811491C80F8D0
:10856000E811A4E770B50D460446F8F764FE18B9A3
:108570002846F8F786FE08B1102070BD294620462F
:10858000BDE8704009F002BB70B5054609F021FB5B
:10859000C4B22846F8F793FE08B1102070BD35B17B
:1085A00028782C7018B1A04201D0072070BD204659
:1085B000FDF7D2FD052805D109F00FFB012801D0F8
:1085C000002070BD0F2070BD70B5044615460E46E4
:1085D0000846F8F730FE18B92846F8F752FE08B1F9
:1085E000102070BD022C03D0102C01D0092070BDCA
:1085F0002A463146204609F0F9FA0028F7D005202E
:1086000070BD70B514460D460646F8F714FE38B92D
:108610002846F8F736FE18B92046F8F750FE08B19C
:10862000102070BD22462946304609F0FEFA002887
:10863000F7D0072070BD3EB50446F8F722FE08B11A
:1086400010203EBD684606F0C0F9FFF75DFB00282C
:10865000F7D19DF806002070BDF808006080BDF8D5
:108660000A00A08000203EBD70B505460C460846B5
:10867000F8F725FE20B93CB12068F8F702FE08B1F2
:10868000102070BDA08828B121462846BDE8704062
:10869000FDF7BABD092070BD70B505460C46084609
:1086A000F8F7C9FD30B9681E1E2814D82046F8F71F
:1086B000C2FD08B1102070BD032D01D9072070BD87
:1086C00005B9FFDF594800EB850050F8041C20462F
:1086D000BDE870400847A5F120001F2805D82146B5
:1086E0002846BDE87040F9F7C1BCF02D0AD0BF2D77
:1086F000E4D1A078218800F0010001F08DFA68B182
:10870000002070BDA068F8F796FD0028D2D1204661
:1087100006F04CFDBDE87040FFF7F6BA082070BDCA
:1087200070B504460D460846F8F7ABFD30B9601E3B
:108730001E280FD82846F8F77EFD08B1102070BD1E
:10874000012C03D0022C01D0032C01D1062070BDD6
:10875000072070BDA4F120001F28F9D82946204623
:10876000BDE87040F9F7D0BC07F03AB81CB5002955
:108770001FD104F02AFE2C4800224178C06805F081
:108780001DFF29481030C0788DF8000010B1012875
:1087900002D004E0012000E000208DF800006846CF
:1087A00006F06BF9214824380068019001A806F012
:1087B000BFFA1CBD30B51B4D0446383D6878A04259
:1087C00000D8FFDF686800EB041030BD70B51548B5
:1087D000002538382C46467807E02046FFF7EAFFA8
:1087E0004078641C2844C5B2E4B2B442F5D12846AE
:1087F00070BD021D5143452900D245210844C01CCB
:10880000B0FBF2F0C0B270472DE9FC5F06460548A8
:108810004FF0000838388B464746444690F80190A0
:1088200029E000008C030020180000201CB101008A
:108830002046FFF7BFFF050000D1FFDF68786946DB
:108840003844C7B22846FEF7EAFF824601A9284607
:10885000FEF7FFFF0346BDF804005246001D81B23B
:10886000BDF80000001D80B207F0A6FC6A78641C09
:1088700000FB0288E4B24C45DAD13068C01C20F01D
:1088800003003060BBF1000F00D0002042463946A3
:1088900007F0A0FC316808443060BDE8FC9F5649F1
:1088A00008710020C87070475349CA782AB10A7805
:1088B00001EB42110831814201D0012070470020B4
:1088C00070472DE9F04106460078154600F00F0488
:1088D00000201080601E0F46052800D3FFDF4748A8
:1088E0002A4600EB8400394650F8043C3046BDE887
:1088F000F04118472DE9F0413F4E0C46383E4028E4
:1089000006D041281AD0422822D0432826D11AE086
:1089100020786578012801D913201DE5FF2D08D89E
:1089200009F0F4FA07460AF053FD381A401EA8422F
:1089300001DA122010E5208830810DE0BDE8F04119
:10894000084600F00DB80878022807D8307603E012
:108950000878022802D870760020FDE40720FBE4A6
:1089600038B50446407800F00300012803D00228FF
:108970000BD0072038BD606858B1F8F7A9FCD0B912
:108980006068F8F79CFC20B915E06068F8F753FCC4
:1089900088B969462046FBF77FF90028EAD160785C
:1089A00000F00300022808D19DF8000028B160689B
:1089B000F8F785FC08B1102038BD6189F8290ED878
:1089C000208988420BD8607800F003020A483838C2
:1089D000012A06D1D731C26989B28A4201D209205F
:1089E00038BD94E80E0000F10C0585E80E000AB9C8
:1089F00000218182002038BD8C03002004B10100D9
:108A00002DE9F041074614468846084601F024FD4A
:108A1000064608EB88001C22796802EBC0000D189E
:108A2000688C58B14146384601F025FD014678680A
:108A30000078C200082305F120000CE0E88CA8B102
:108A40004146384601F01EFD01467868082340780B
:108A5000C20005F1240007F000FA38B106212172A6
:108A60006681D0E90010C4E9031009E028780928DC
:108A70000BD00520207266816868E06000202870B5
:108A80002046BDE8F04101F0C8BC07202072668195
:108A9000F4E72DE9F04116460D460746406801EB24
:108AA00085011C2202EBC1014418204601F00CFD97
:108AB00040B10021708865F30F2160F31F4105204C
:108AC0000BF02CF909202070324629463846BDE8C3
:108AD000F04195E72DE9F0410E46074600241C21A0
:108AE000F07816E004EB8403726801EBC303D25CF8
:108AF0006AB1FFF7EBFA050000D1FFDF6F802A466D
:108B000021463046FFF7C5FF0120BDE8F081641C17
:108B1000E4B2A042E6D80020F7E770B5064600248C
:108B20001C21C0780AE000BF04EB8403726801EBEB
:108B3000C303D5182A782AB1641CE4B2A042F3D842
:108B4000402070BD28220021284604F01CFC7068DB
:108B500080892881204670BD70B5034600201C2501
:108B6000DC780CE000EB80065A6805EBC606324460
:108B7000167816B1128A8A4204D0401CC0B28442D0
:108B8000F0D8402070BDF0B5044600201C26E578E2
:108B90000EE000BF00EB8007636806EBC7073B44AD
:108BA0001F788F4202D15B78934204D0401CC0B240
:108BB0008542EFD84020F0BD0078032801D0002086
:108BC0007047012070470078022801D000207047CC
:108BD000012070470078072801D00020704701204D
:108BE00070472DE9F041064688461078F178154621
:108BF000884200D3FFDF2C781C27641CF078E4B295
:108C0000A04201D8201AC4B204EB8401706807EBBB
:108C1000C1010844017821B14146884708B12C7050
:108C200073E72878A042E8D1402028706DE770B53E
:108C300014460B880122A240134207D113430B8034
:108C400001230A22011D07F0D2F8047070BD2DE93E
:108C5000FF4F81B00878DDE90E7B9A4691460E46BB
:108C600040072CD4019807F06EFB040000D1FFDF11
:108C700007F1040820461FFA88F106F0BDFC050044
:108C800000D1FFDF204629466A4606F008FF00981B
:108C9000A0F80370A0F805A0284606F0AEFF017802
:108CA00069F306016BF3C711017020461FFA88F1C2
:108CB00006F0E5FC00B9FFDF019805F027FC06EBA4
:108CC0000900017F491C017705B0BDE8F08F2DE94F
:108CD000F84F0E469A4691460746032107F0EEF9F3
:108CE0000446008DDFF87C85002518B198F8000057
:108CF000B0421ED1384607F026FB070000D1FFDF47
:108D000009F10401384689B206F076FC050010D05E
:108D1000384629466A4606F0C2FE009800210A46F7
:108D20000180817005F067FC0098C01DCAF8000042
:108D300021E098F80000B04216D104F1260734F87B
:108D4000341F012000FA06F911EA090F00D0FFDFF5
:108D50002088012340EA090020800A22391D384674
:108D600007F060F8067006E0324604F1340104F1C1
:108D70002600FFF75CFF0A2188F800102846BDE8AE
:108D8000F88FFEB515460C46064602AB0C220621AE
:108D9000FFF79DFF002827D00299607812220A7001
:108DA000801C487008224A80A070029829880523F8
:108DB00081806988C180A9880181E9884181002575
:108DC0000C20CDE90005062221463046FFF73FFF83
:108DD0002946002266F31F41F02310460AF0F4FEF4
:108DE0006078801C60700120FEBD2DE9FE430C46BA
:108DF000804644E002AB0E2207214046FFF767FFA2
:108E0000002841D060681C2267788678BF1C06EB7A
:108E1000860102EBC10145180298142101704770C8
:108E20000A214180698A0181E98A4181A98881807A
:108E3000A9898181304601F00FFB029905230722A1
:108E4000C8806F700420287000250E20CDE9000531
:108E500021464046FFF7FBFE294666F30F2168F3E3
:108E60001F41F023002205200AF0AEFE6078FE4983
:108E7000801C607062682046921CFFF7B2FE60683A
:108E800080784028B6D10120BDE8FE83FEB50D46AE
:108E9000064638E002AB0E2207213046FFF717FFE7
:108EA000002835D068681C23C17801EB810203EBF0
:108EB000C2028418029815220270627842700A2257
:108EC0004280A2894281A2888281084601F0C4FAC8
:108ED000014602988180618AC180E18A0181A0886F
:108EE000B8B10020207000210E20CDE9000105233B
:108EF000072229463046FFF7AAFE6A68DB49284662
:108F0000D21CFFF76EFE6868C0784028C2D10120ED
:108F1000FEBD0620E6E72DE9FE430C46814644E00F
:108F2000204601F0BBFAD0B302AB08220721484625
:108F3000FFF7CDFE0028A7D060681C22657806796F
:108F4000AD1C06EB860102EBC10147180298B7F889
:108F5000108006210170457004214180304601F0E7
:108F60007BFA0146029805230722C180A0F80480FD
:108F70007D70082038700025CDE90005214648465F
:108F8000FFF765FE294666F30F2169F31F41F023C1
:108F9000002205200AF018FE6078801C607062686C
:108FA000B3492046121DFFF71CFE60680179402975
:108FB000B6D1012068E72DE9F34F83B00D4691E06B
:108FC000284601F06BFA00287ED068681C2290F8D1
:108FD00006A00AEB8A0102EBC1014418514628465B
:108FE00001F050FAA178CB0069684978CA000146BF
:108FF00004F1240006F04DFF07468188E08B4FF016
:109000000009091A8EB208B1C84607E04FF00108FE
:10901000504601F00CFA08B9B61CB6B2208BB0422B
:1090200000D80646B34602AB324607210398FFF745
:109030004EFE060007D0B8F1000F0BD0504601F0ED
:10904000F6F910B106E000203EE60299B8884FF02C
:10905000020908800196E28B3968ABEB09001FFA20
:1090600080F80A4403984E46009207F06CF9DDE957
:109070000021F61D4346009606F08BFDE08B404430
:1090800080B2E083B988884201D1012600E0002641
:10909000CDE900B6238A072229460398FFF7D7FDBA
:1090A000504601F0C4F910B9E089401EE0815EB17C
:1090B000A078401CA0706868E978427811FB02F142
:1090C000CAB20123816900E006E00E3006F08FFE8F
:1090D00080F800A00020E0836A6866492846921D57
:1090E000FFF77FFD6868817940297FF469AF01202F
:1090F000EAE570B5064648680D4614468179402970
:1091000010D104EB84011C2202EBC101084401F0E0
:10911000FCF9002806D06868294684713046BDE80D
:10912000704048E770BDFEB50C460746002645E096
:10913000204601F0B3F9D8B360681C22417901EBF5
:10914000810102EBC1014518688900B9FFDF02AB5C
:10915000082207213846FFF7BAFD002833D00299CC
:10916000607816220A70801C48700420488060686D
:10917000407901F071F901460298052307228180A8
:109180006989C1800820CDE9000621463846FFF7ED
:109190005EFD6078801C6070A88969890844B0F51C
:1091A000803F00D3FFDFA88969890844A8816E81C8
:1091B000626831492046521DFFF713FD606841790E
:1091C0004029B5D10120FEBD30B5438C458BC3F39A
:1091D000C704002345B1838B641EED1AC38A6D1E3C
:1091E0001D4495FBF3F3E4B22CB1008918B1A04201
:1091F00000D8204603444FF6FF70834200D3034655
:1092000013800C7030BD2DE9FC41074616460D4613
:10921000486802EB86011C2202EBC10144186A4631
:1092200001A92046FFF7D0FFA089618901448AB2D5
:10923000BDF80010914212D0081A00D500206081BC
:109240006868407940280AD1204601F054F9002886
:1092500005D06868294646713846FFF764FFBDE8C7
:10926000FC8100002C000020B98B0000C78B00009F
:10927000D58B00000BA50000F7A400002DE9FE4FE0
:109280000F46814615465088032106F017FF0190CE
:10929000B9F8020001F0D3F882460146019801F0C6
:1092A000FDF8002824D001981C2241680AEB8A00AE
:1092B00002EBC0000C18204601F006F9002817D177
:1092C000B9F80000E18A88420ED8A18961B1B8429C
:1092D0000ED100265146019801F0CDF8218C01EB0A
:1092E0000008608B30B114E0504601F0A0F8A0B344
:1092F000BDE8FE8F504601F09AF808B1678308E098
:10930000022FF5D3B9F804006083618A884224D81B
:109310000226B81B87B2B8F80400A28B801A002876
:1093200014DD874200DA38461FFA80FB68886968D6
:109330000291D8F800100A44009206F0F2FFF61DE0
:10934000009A5B460299009606F0EFFBA08B38442A
:1093500080B2A083618B884207D96888019903B0E5
:109360005246BDE8F04F01F0EDB81FD14FF00900B3
:109370002872B9F802006881D8E90010C5E9041024
:10938000608BA881284601F048F85146019801F009
:1093900072F801460198082340680078C20004F181
:1093A000200006F05AFD0020A0836083504601F0A3
:1093B0003EF810B9A089401EA0816888019903B0C9
:1093C0000AF0FF02BDE8F04F1DE72DE9F041064627
:1093D00015460F461C461846F7F72DFF18B92068AA
:1093E000F7F74FFF08B110201AE47168688C09780C
:1093F000B0EBC10F01D3132012E43946304601F01F
:109400003AF80146706808230078C20005F1200090
:1094100006F0EDFCD4E90012C0E90012002005E4DA
:1094200010B50446032106F049FE014600F114027E
:109430002046BDE81040A4E470B50446032106F0C0
:109440003DFE054601462046FFF765FD002816D083
:1094500029462046FFF767FE002810D029462046FF
:10946000FFF714FD00280AD029462046FFF7BDFC6F
:10947000002804D029462046BDE870409BE570BD19
:109480002DE9F0410C4680461EE0E178427811FB60
:1094900002F1CAB2816901230E3006F0DEFC0778C2
:1094A00060681C22C179491EC17107EB87016068A1
:1094B00002EBC10146183946204600F0EFFF18B113
:1094C000304600F0FAFF20B16068C1790029DCD194
:1094D0008AE7FEF7FBFD050000D1FFDF0A202872B6
:1094E000384600F0B9FF68813946204600F0CAFFCF
:1094F0000146606808234078C20006F1240006F0A7
:10950000ACFCD0E90010C5E90310A5F8028028469C
:1095100000F083FFB07800B9FFDFB078401EB07074
:1095200062E770B50C460546032106F0C7FD01460B
:109530004068C2792244C2712846BDE870409FE766
:109540002DE9FE4F8246507814460F464FF0000832
:10955000002850D0012807D0022822D0FFDF206841
:10956000B8606068F860C3E602AB0E22082150467E
:10957000FFF7ADFB0028F2D00298152105230170FA
:10958000217841700A214180C0F80480C0F8088029
:10959000A0F80C80628882810E20CDE900080822A4
:1095A00021E0A678304600F057FF054606EB86011D
:1095B0002C22786802EBC1010822465A02AB114600
:1095C0005046FFF784FB0028C9D00298072101709C
:1095D000217841700421418008218580C680CDE931
:1095E000001805230A4639464FEA0A00FFF72FFB09
:1095F00087F808807CE6A678022516B1022E13D0E3
:10960000FFDF2A1D914602AB08215046FFF75FFBA2
:109610000028A4D002980121022E01702178417007
:109620004580868002D005E00625EAE7A188C18052
:10963000E1880181CDE9009805230822394650468A
:10964000D4E710B50446032106F038FD014600F1C9
:1096500008022046BDE8104072E72DE9F04F0F46A2
:10966000054687B014465088032106F027FD4FF0C9
:1096700000088DF808800646ADF80A80042F5CD3F8
:109680006A78002A59D028784FF6FF794FF01C0AE3
:10969000132815D006DC01286FD006282BD0072808
:1096A00006D16EE0142869D0152868D0162867D036
:1096B000CDF80080CDF8048068788DF8000037E0A0
:1096C000B078904239D13078010736D5062F34D1A1
:1096D00020F0080030706088414660F31F41002090
:1096E0000AF01CFB02208DF80800ADF80C90A88849
:1096F000ADF80E00F4E0082F1FD1A888EF8881464E
:1097000000F09DFE80460146304600F0C7FE18B1CD
:10971000404600F08CFE98B1FA48D0E90010CDE93F
:1097200000106878ADF804908DF80000ADF8067070
:1097300060886A463146FFF703FF07B0BDE8F08F47
:10974000716808EB88002C2202EBC000085AB8426E
:10975000F3D1EC486A46D0E90210CDE900106878F0
:109760008DF8000008F0FF058DF802506088314642
:10977000FFF7E6FE2246294623E097E025E0CEE00B
:1097800023E1082FD9D1B5F80480E88800F057FE0E
:1097900007460146304600F081FE0028CDD007EB99
:1097A000870271680AEBC2000844028A4245C4D1AC
:1097B00001780829C1D1407869788842BDD1F9B2D1
:1097C00022463046FFF765F9B7E70E2F7FF470AFFA
:1097D000E9886F898B46B5F808903046FFF7BCF9E9
:1097E000ABF14001402901D3092048E0B9F1170F3E
:1097F00001D3172F01D20B2041E040280ED000EBFF
:10980000800271680AEBC20008440178012903D183
:1098100040786978884290D00A2030E03046FFF7DF
:109820007CF940282AD000EB800372680AEBC30160
:1098300002EB0108012288F800206A7888F80120EC
:109840007168AA884989B94200D93946AD8903238C
:109850002372A282E7812182A4F80C90658200F035
:10986000FBFD6081A8F81490A8F81870A8F80E50B5
:10987000A8F810B0204600F0D0FD5EE704200521D6
:109880002172A4F80A80E081012121739D49D1E968
:109890000421CDE9002169788DF80010ADF80200AF
:1098A00060886A463146FFF74BFEE3E7062F8BD30D
:1098B000B07890421AD13078010717D520F008000F
:1098C00030706088414660F31F4100200AF026FA9C
:1098D00002208DF80800A888ADF80C00ADF80E90B5
:1098E0006088224602A9F8F785FB26E70421304666
:1098F000FFF749F905464028BFD0022083030090B6
:1099000022462946304600F0E6FD4146608865F370
:109910000F2160F31F4105200AF000FA0DE70E2F1A
:10992000ABD104213046FFF72EF981464028A4D060
:109930004146608869F30F2160F31F4105200AF05A
:10994000EDF9A88906906889009070682F89408990
:10995000B84200D938468346B5F80680A8880190F9
:10996000484600F079FD6081069818B10220009009
:10997000069B24E0B8F1170F1ED3172F1CD3042029
:10998000207200986082E781A4F810B0A4F80C80DF
:1099900009EB890271680AEBC2000D18DDE90002CB
:1099A000A5F81480A5F818B0E8812A82204600F0B6
:1099B00034FD06202870C0E601200B2300902246CB
:1099C0004946304600F087FDB7E6082F8DD1A988BB
:1099D0003046FFF7C1F80746402886D000F027FD43
:1099E00000289BD107EB870271680AEBC20008448C
:1099F000804600F069FD002890D1ED88B8F80E008F
:109A00002844B0F5803F05D360883A46314600F0DF
:109A100099FD92E6002DCED0A8F80E0060883A4657
:109A20003146FFF766FB08202072384600F014FD2F
:109A30006081A5811EE72DE9F05F0C4601281ED04C
:109A4000957992F80480567905EB85011F2202EB87
:109A5000C10121F0030B08EB060111FB05F14FF6E4
:109A6000FF7202EAC10909F1030115FB0611264F35
:109A700021F0031ABB6840B101283ED125E061689E
:109A8000E57891F800804E78DEE75946184606F0F2
:109A900062F9606000B9FFDF5A460021606803F098
:109AA00072FCE5705146B86806F055F96168486186
:109AB00000B9FFDF6068426902EB090181616068FB
:109AC00080F800806068467017E06068524641691F
:109AD000184606F06BF95A466168B86806F066F9F0
:109AE000032006F097FA0446032006F09BFA201A9A
:109AF000012802D1B86806F023F90BEB0A00BDE893
:109B0000F09F000028B101002C0000200246002137
:109B1000022090E7F7B5FF4C0A2016462070009807
:109B200060B100254FEA0D0006F0F7F80021A170A2
:109B30006670002D01D10099A160FEBD01250020B5
:109B4000F2E770B50C46154638220021204603F096
:109B50001AFC012666700A22002104F11C0003F0A1
:109B600012FC05B9FFDF297A207861F3010020702B
:109B7000A87900282DD02A4621460020FFF75BFF58
:109B800061684020E34A88706168C8706168087144
:109B900061684871616888716168288808816168B6
:109BA00068884881606886819078002811D0616853
:109BB0000620087761682888C885616828884886F3
:109BC0006068068560686988928801868186468516
:109BD000828570BDC878002802D0002201202AE7C3
:109BE000704770B50546002165F31F4100200AF05B
:109BF00095F80321284606F061FA040000D1FFDF42
:109C000021462846FEF766FF002804D0207840F061
:109C100010002070012070BD70B505460C46032071
:109C200006F0EAF908B1002070BDBA48857084805A
:109C3000012070BD2DE9FF4180460E460F0CFEF756
:109C400045FA050007D06F800321384606F036FA42
:109C5000040008D106E004B03846BDE8F041132105
:109C6000F8F79EBDFFDF5FEA080005D0B8F1050FE9
:109C700018D0FFDFBDE8FF8120782A4620F00800D9
:109C800020700020ADF8020002208DF800004FF691
:109C9000FF70ADF80400ADF8060069463846F8F7E5
:109CA000A9F9E7E7C6F3072101EB81021C236068ED
:109CB00003EBC202805C042803D008280AD0FFDF2F
:109CC000D8E7012000904FF440432A46204600F098
:109CD00002FCCFE704B02A462046BDE8F041FEF77B
:109CE000D8BE2DE9F05F05464089002790460C4616
:109CF0003E46824600F0A3FB8146287AC01E082813
:109D00006BD2DFE800F00D04192058363C4772276B
:109D10001026002C6CD0D5E90301C4E902015CE0F7
:109D200070271226002C63D00A2205F10C0104F1E1
:109D3000080003F0FEFA50E071270C26002C57D0E3
:109D4000E868A06049E0742710269CB3D5E90301B8
:109D5000C4E902016888032106F0B0F98346FEF7E2
:109D6000B5F902466888508049465846FEF748FED5
:109D700033E075270A26ECB1A88920812DE07627EB
:109D80001426BCB105F10C0004F1080307C883E8F0
:109D9000070022E07727102664B1D5E90301C4E962
:109DA00002016888032106F089F901466888FFF7F7
:109DB00067FB12E01CE073270826CCB168880321FA
:109DC00006F07CF901460078C00606D56888FEF7E3
:109DD00081FE10B96888F7F703FEA8F800602CB17F
:109DE0002780A4F806A066806888A080002086E608
:109DF000A8F80060FAE72DE9FC410C461E4617461C
:109E00008046032106F05AF905460A2C0AD2DFE8FB
:109E100004F005050505050509090907042303E004
:109E2000062301E0FFDF0023CDE900762246294624
:109E30004046FEF70CFFBDE8FC81F8B50546A0F5ED
:109E40007F40FF382BD0284606F06BFA040000D183
:109E5000FFDF204605F001FE002821D001466A46BA
:109E6000204605F01CFE00980321B0F80560284646
:109E700006F024F90446052E13D0304600F0DFFA30
:109E800005460146204600F009FB40B1606805EB3D
:109E900085013E2202EBC101405A002800D001207A
:109EA000F8BD007A0028FAD00020F8BDF8B50446C5
:109EB000408806F036FA050000D1FFDF6A462846E2
:109EC000616800F0A8FA01460098091F8BB230F8CB
:109ED000032F0280428842800188994205D1042ADA
:109EE00008D0052A20D0062A16D022461946FFF7A8
:109EF000C5F9F8BD001D0E4605460146224630460E
:109F0000FBF763F90828F4D1224629463046FCF7CE
:109F1000C2F9F8BD2C000020636864880A46011D60
:109F20002046F9F7C5FBF4E72246001DFFF795FB35
:109F3000EFE770B50D460646032106F0BFF80400B2
:109F400004D02078000704D5112070BD43F2020030
:109F500070BD2A4621463046FEF713FF18B928681F
:109F600060616868A061207840F0080020700020DF
:109F700070BD2DE9F04F0E4691B08046032106F0EA
:109F80009DF80446404606F0DEF90746002007909B
:109F900008900990ADF830000A9002900390049068
:109FA00004B9FFDF0DF10809FFB9FFDF1DE03846F6
:109FB0000BA9002205F014FC9DF82C0000F07F0591
:109FC0000A2D00D3FFDF6019017F491E01779DF83C
:109FD0002C00000609D52A460CA907A8FEF727FE83
:109FE00019F80510491C09F80510761EF6B2DED2E4
:109FF00004F13400F84D04F1260BDFF8E0A304F17E
:10A000002A07069010E05846069900F08DFA064699
:10A0100028700A2800D3FFDF5AF8261040468847E8
:10A02000E08CC05DB04202D0208D0028EBD10A2028
:10A030002870EA4D4E4628350EE00CA907A800F01E
:10A0400073FA0446375D55F8240000B9FFDF55F870
:10A050002420394640469047BDF81E000028ECD128
:10A0600011B0BDE8F08F10B5032106F027F8040009
:10A0700000D1FFDF0A22002104F11C0003F083F964
:10A08000207840F00400207010BD10B50C4603216C
:10A0900006F014F82044007F002800D0012010BDF5
:10A0A0002DE9F84F894615468246032106F006F849
:10A0B000070004D02846F7F7BEF840B903E043F2A2
:10A0C0000200BDE8F88F4846F7F7DBF808B110202A
:10A0D000F7E7786828B169880089814201D90920A9
:10A0E000EFE7B9F800001C2488B100F0A8F9804619
:10A0F0000146384600F0D2F988B108EB880079684B
:10A1000004EBC000085C01280BD00820D9E73846D2
:10A11000FEF703FD8046402807D11320D1E7052034
:10A12000CFE7FDF7D3FF06000BD008EB8800796876
:10A1300004EBC0000C18B9F8000020B1E88910B198
:10A1400013E01120BDE72888172802D36888172854
:10A1500001D20720B5E7686838B12B1D2246414679
:10A160003846FFF732F90028ABD104F10C026946FA
:10A170002046FFF729F8288860826888E082B9F8CD
:10A18000000030B102202070E889A080E889A0B1E9
:10A190002BE003202070A889A0807868817840296E
:10A1A00005D180F8028039465046FEF71EFE404633
:10A1B00000F052F9A9F8000021E07868218B40896D
:10A1C000884200D908462083A6F802A004203072F5
:10A1D000B9F800007081E0897082F181208B3082B3
:10A1E000A08AB081304600F018F97868C17840291B
:10A1F00005D180F8038039465046FEF747FE00201F
:10A200005FE770B50D460646032105F057FF0400D1
:10A210000ED0284600F013F905460146204600F00E
:10A220003DF918B1284600F002F920B1052070BDB3
:10A2300043F2020070BD05EB85011C22606802EB51
:10A24000C101084400F040F908B1082070BD2A4659
:10A250002146304600F076F9002070BD2DE9F0412E
:10A260000C4617468046032105F028FF0546204688
:10A2700000F0E5F8044695B10146284600F00EF9D5
:10A2800080B104EB84011C22686802EBC10146180E
:10A29000304600F019F938B10820BDE8F08143F2EA
:10A2A0000200FAE70520F8E73B46324621462846F9
:10A2B000FFF78BF80028F0D1E2B229464046FEF7BE
:10A2C000A2FF708C0838082803D24348407800F079
:10A2D0006BFE0020E1E72DE9F0410D461746804670
:10A2E000032105F0EBFE0446284600F0A8F80646D8
:10A2F00024B13846F6F79FFF38B902E043F2020076
:10A30000CBE73868F6F797FF08B11020C5E731466C
:10A31000204600F0C3F860B106EB86011C2260689D
:10A3200002EBC1014518284600F0CEF818B108200C
:10A33000B3E70520B1E7B888A98A884201D90C2083
:10A34000ABE76168E88C4978B0EBC10F01D313200B
:10A35000A3E73146204600F095F8014660680823DF
:10A360004078C20005F1240005F041FDD7E9001254
:10A37000C0E90012F2B221464046FEF7BAFE0020C4
:10A380008BE72DE9F0470D461F4690468146032195
:10A3900005F094FE0446284600F051F806463CB10C
:10A3A0004DB13846F6F78BFF50B11020BDE8F0876D
:10A3B00043F20200FAE7606858B1A0F80C8028E088
:10A3C0003146204600F06AF818B1304600F02FF808
:10A3D00030B10520EAE700002C00002040B1010068
:10A3E00006EB86011C22606802EBC1014518284675
:10A3F00000F06AF808B10820D8E7A5F80880F2B2A2
:10A4000021464846FEF7FFFE1FB1A8896989084426
:10A4100038800020CAE705F042BB017821F00F0127
:10A42000491C21F0F00110310170FDF753BE20B935
:10A430004E48807808B101207047002070474B4992
:10A440008988884201D100207047402801D24020ED
:10A4500000E0403880B2704710B50446402800D96B
:10A46000FFDF2046FFF7E3FF10B14048808810BDB2
:10A470004034A0B210BD406842690078484302EB06
:10A48000C0007047C2784068037812FB03F243783B
:10A49000406901FB032100EBC1007047C2788A428A
:10A4A00009D9406801EB81011C2202EBC101405C2B
:10A4B00008B101207047002070470078062801D9B4
:10A4C00001207047002070470078062801D0012045
:10A4D000704700207047F0B401EB81061C274468E8
:10A4E00007EBC6063444049D05262670E3802571DB
:10A4F000F0BCFEF785BA10B5418911B1FFF7DDFF59
:10A5000008B1002010BD012010BD10B5C18C8278AB
:10A51000B1EBC20F04D9C18911B1FFF7CEFF08B169
:10A52000002010BD012010BD10B50C4601230A22E9
:10A53000011D05F092FC00782188012282409143A0
:10A54000218010BDF0B402EB82051C264C6806EB9E
:10A55000C505072363554B681C79402C03D11A713C
:10A56000F0BCFEF7D8BCF0BC704700002C00002007
:10A5700070B50B2000F0BDF9082000F0BAF90021F9
:10A580000B2000F0D4F90021082000F0D0F9F44CA1
:10A5900001256560A5600020C4F84001C4F84401AD
:10A5A000C4F848010B2000F0B5F9082000F0B2F91A
:10A5B0000B2000F091F9256070BD10B50B2000F064
:10A5C00098F9082000F095F9E54801214160816083
:10A5D000E4490A68002AFCD10021C0F84011C0F803
:10A5E0004411C0F848110B2000F094F9BDE8104068
:10A5F000082000F08FB910B50B2000F08BF9BDE8F2
:10A600001040082000F086B900B530B1012806D00E
:10A61000022806D0FFDF002000BDD34800BDD3488C
:10A6200000BDD248001D00BD70B5D1494FF00040BB
:10A630000860D04DC00BC5F80803CF480024046063
:10A64000C5F840410820C43500F053F9C5F83C4135
:10A65000CA48047070BD08B5C14A002128B101285C
:10A6600011D002281CD0FFDF08BD4FF48030C2F8A3
:10A670000803C2F84803BB483C300160C2F84011EF
:10A68000BDE80840D0E74FF40030C2F80803C2F834
:10A690004803B44840300160C2F84411B3480CE0AC
:10A6A0004FF48020C2F80803C2F84803AD48443094
:10A6B0000160C2F84811AD48001D0068009008BD57
:10A6C00070B516460D460446022800D9FFDF002269
:10A6D000A348012304F110018B4000EB8401C1F871
:10A6E000405526B1C1F84021C0F8043303E0C0F85A
:10A6F0000833C1F84021C0F8443370BD2DE9F04162
:10A700001D46144630B1012833D0022838D0FFDF6F
:10A71000BDE8F081891E002221F07F411046FFF73D
:10A72000CFFF012D23D00020944D924F0126687059
:10A730003E61914900203C3908600220091D0860F3
:10A740008D490420303908608B483D34046008206E
:10A750006C6000F0DFF83004C7F80403082000F054
:10A76000BBF88349F007091F08602E70D0E701206D
:10A77000DAE7012B02D00022012005E00122FBE7ED
:10A78000012B04D000220220BDE8F04198E701220D
:10A79000F9E774480068704770B500F0D8F8704C5D
:10A7A0000546D4F840010026012809D1D4F8080351
:10A7B000C00305D54FF48030C4F80803C4F84061E5
:10A7C000D4F8440101280CD1D4F80803800308D53B
:10A7D0004FF40030C4F80803C4F84461012008F0C5
:10A7E00014FAD4F8480101280CD1D4F80803400326
:10A7F00008D54FF48020C4F80803C4F8486102204B
:10A8000008F003FA5E48056070BD70B500F09FF86F
:10A810005A4D0446287850B1FFF706FF687818B102
:10A820000020687008F0F1F95548046070BD0320FD
:10A83000F8E74FF0E0214FF40010C1F80002704734
:10A84000152000F067B84B4901200861082000F08E
:10A8500061B848494FF47C10C1F808030020024653
:10A8600001EB8003C3F84025C3F84021401CC0B26F
:10A870000628F5D37047410A43F609525143C0F305
:10A88000080010FB02F000F5807001EB50207047CB
:10A8900010B5430B48F2376463431B0C5C020C6039
:10A8A000384C03FB0400384B4CF2F72443435B0D58
:10A8B00013FB04F404EB402000F58070401210708C
:10A8C00008681844086010BD2C4840687047294942
:10A8D0000120C1F800027047002809DB00F01F02C8
:10A8E000012191404009800000F1E020C0F80011F2
:10A8F000704700280DDB00F01F0201219140400944
:10A90000800000F1E020C0F88011BFF34F8FBFF34B
:10A910006F8F7047002809DB00F01F020121914072
:10A920004009800000F1E020C0F88012704749071C
:10A93000090E002804DB00F1E02080F800147047C5
:10A9400000F00F0000F1E02080F8141D70470C4863
:10A95000001F00680A4A0D49121D1160704700006F
:10A9600000B0004004B500404081004044B10040C8
:10A9700008F501400080004040850040380000207C
:10A9800014050240F7C2FFFF6F0C01000100000137
:10A9900010B5EFF3108000F0010472B6FC48417866
:10A9A000491C41704078012801D108F081FD002C3C
:10A9B00000D162B610BD70B5F54CA07848B901253C
:10A9C000A570FFF7E5FF08F084FD20B1002008F036
:10A9D0004EFD002070BD4FF08040E570C0F804537C
:10A9E000F7E770B5EFF3108000F0010572B6E84CA0
:10A9F000607800B9FFDF6078401E6070607808B949
:10AA000008F05AFD002D00D162B670BDE04810B5C7
:10AA1000817821B10021C1708170FFF7E2FF002031
:10AA200010BD10B5044608F054FDD9498978084096
:10AA300000D001202060002010BD10B5FFF7A8FF56
:10AA400008F047FD02220123D149540728B1D1481B
:10AA5000026023610320087202E00A72C4F8043322
:10AA60000020887110BD2DE9F84FDFF8249342785B
:10AA7000817889F80420002689F80510074689F8AE
:10AA800006600078DFF810B3354620B1012811D0F8
:10AA9000022811D0FFDF08F02EFD4FF0804498B15E
:10AAA00008F030FDB0420FD1304608F02FFD0028ED
:10AAB000FAD042E00126EEE7FFF76AFF5846016848
:10AAC000C907FCD00226E6E70120E060C4F8045183
:10AAD000B2490E600107D1F84412B04AC1F34231C5
:10AAE00024321160AD49343108604FF0020AC4F8D5
:10AAF00004A3A060AA480168C94341F3001101F111
:10AB00000108016841F01001016001E010F030F926
:10AB1000D4F804010028F9D0304608F0F7FC0028EA
:10AB2000FAD0B8F1000F04D19D48016821F010015E
:10AB30000160C4F808A3C4F8045199F805004E4612
:10AB400080B1387870B908F0C4FC804608F0CAFEBD
:10AB50006FF00042B8F1000F02D0C6E9032001E017
:10AB6000C6E90302DBF80000C00701D008F0ADFC25
:10AB7000387810B13572BDE8F88F4FF01808C4F876
:10AB800008830127A7614FF42070ADF8000000BFD3
:10AB9000BDF80000411EADF80010F9D2C4F80C5108
:10ABA000C4F810517A48C01D08F030FD3570FFF729
:10ABB00044FF67617949307920310860C4F8048323
:10ABC000D9E770B5050000D1FFDF4FF080424FF0AC
:10ABD000FF30C2F808030021C2F80011C2F80411C6
:10ABE000C2F80C11C2F81011694C617008F07DFCBC
:10ABF00010B10120A070607067480068C00701D0E4
:10AC000008F063FC2846BDE870402CE76048007AF5
:10AC1000002800D0012070472DE9F04F61484FF027
:10AC2000000A85B0D0F800B0D14657465D4A5E496B
:10AC3000083211608406D4F8080110B14FF0010801
:10AC400001E04FF0000808F0B4FC78B1D4F824011A
:10AC500000B101208246D4F81C0100B101208146D8
:10AC6000D4F8200108B1012700E00027D4F8000142
:10AC700000B101200490D4F8040100B10120039038
:10AC8000D4F80C0100B101200290D4F8100100B1F9
:10AC900001203F4D0190287800260090B8F1000F68
:10ACA00004D0C4F80861012008F0E1FBBAF1000FFC
:10ACB00004D0C4F82461092008F0D9FBB9F1000FD1
:10ACC00004D0C4F81C610A2008F0D1FB27B1C4F8F5
:10ACD00020610B2008F0CBFB2D48C01D08F09EFC26
:10ACE00000B1FFDFDFF8AC800498012780B1C4F821
:10ACF0000873E87818B1EE70002008F0B8FB287AE5
:10AD0000022805D1032028720221C8F8001027610B
:10AD1000039808B1C4F80461029850B1C4F80C61FA
:10AD2000287A032800D0FFDFC8F800602F72FFF7F1
:10AD300058FE019838B1C4F81061287A012801D171
:10AD400000F05CF86761009838B12E70287A01280D
:10AD500001D1FFF772FEFFF744FE0D48C01D08F059
:10AD600073FC1049091DC1F800B005B0BDE8F08FB3
:10AD7000074810B5C01D08F051FC0549B0B10120CD
:10AD800008704FF0E021C1F80002BDE81040FFE577
:10AD900040000020340C00400C0400401805004026
:10ADA00010ED00E01005024001000001087A0128C2
:10ADB00001D1FFF742FEBDE81040244808F044BC32
:10ADC00070B5224CE41FA07808B908F075FB01208B
:10ADD0008507A861207A0026032809D1D5F80C013F
:10ADE00020B9002008F092FB0028F7D1C5F80C61CB
:10ADF00026724FF0FF30C5F8080370BD70B5134CD4
:10AE0000E41F6079F0B1012803D0A179401E81428E
:10AE100018DA08F05EFB054608F064FD6179012947
:10AE200002D9A179491CA1710DB1216900E0E16845
:10AE3000411A022902DA11F1020F06DC0DB120617C
:10AE400000E0E060BDE87040F7E570BD470000201D
:10AE5000374901200860704770B50D2000F049F8AF
:10AE6000344C0020C4F800010125C4F804530D201F
:10AE700000F050F825604FF0E0216014C1F80001A7
:10AE800070BD10B50D2000F034F82A480121416052
:10AE90000021C0F80011BDE810400D2000F03AB8C4
:10AEA000254810B504682449244808310860214920
:10AEB000D1F80001012804D0FFDF1F48001D046005
:10AEC00010BD1B48001D00680022C0B2C1F800215F
:10AED00008F05FFCF1E710B5164800BFD0F800118C
:10AEE0000029FBD0FFF7DCFFBDE810400D2000F08B
:10AEF00011B800280DDB00F01F020121914040092C
:10AF0000800000F1E020C0F88011BFF34F8FBFF345
:10AF10006F8F7047002809DB00F01F02012191406C
:10AF20004009800000F1E020C0F880127047000066
:10AF300004D5004000D0004010050240010000018F
:10AF40004FF0E0214FF00070C1F8800101F5C071B1
:10AF5000BFF34F8FBFF36F8FC1F80001394B8022D1
:10AF600083F8002441F8800C704700B502460420A5
:10AF7000354903E001EBC0031B792BB1401EC0B281
:10AF8000F8D2FFDFFF2000BD41F8302001EBC00107
:10AF900000224A718A7101220A7100BD2A4A0021E9
:10AFA00002EBC0000171704710B50446042800D3BD
:10AFB000FFDF254800EBC4042079012800D0FFDF23
:10AFC0006079A179401CC0B2814200D060714FF01D
:10AFD000E0214FF00070C1F8000210BD70B50425EB
:10AFE000194E1A4C16E0217806EBC1000279012AAD
:10AFF00008D1427983799A4204D04279827156F815
:10B00000310080472078401CC0B22070042801D352
:10B01000002020706D1EEDB2E5D270BD0C4810B559
:10B0200004680B490B4808310860064890F8000492
:10B030004009042800D0FFDFFFF7D0FF0448001DBF
:10B04000046010BD19E000E07805002054000020E5
:10B0500010050240010000010F4A12680D498A42A2
:10B060000CD118470C4A12680A4B9A4206D101B516
:10B0700008F00AFC08F0DDFEBDE801400749096858
:10B080000958084706480749054A064B704700001B
:10B0900000000000BEBAFECA5800002004000020D4
:10B0A000B00F0020B00F002070B50C46054600F030
:10B0B00045FB21462846BDE8704001F026BC000053
:10B0C000F8B51D46DDE906470E000AD005F03BF94C
:10B0D0002346FF1DBCB231462A46009404F059FDB8
:10B0E000F8BDD0192246194602F023F92046F8BDD2
:10B0F00070B50D4604461022002102F044F9258166
:10B1000017206081A07B40F00A00A07370BD4FF64D
:10B11000FF720A800146022008F000BE70470089D5
:10B120007047827BD30701D1920703D480890880BE
:10B130000020704705207047827B920700D58181EF
:10B14000704701460020098841F6FE52114200D0A6
:10B150000120704700B50346807BC00701D0052061
:10B1600000BD59811846FFF7ECFFC00703D0987B5C
:10B1700040F004009873987B40F001009873002021
:10B1800000BD827B520700D509B140897047172066
:10B190007047827B61F3C302827370472DE9FC5FC5
:10B1A0000E46044601789646012000FA01F14DF65C
:10B1B000FF5201EA020962684FF6FF7B1188594588
:10B1C00002D10920BDE8FC9FB9F1000F05D041F67E
:10B1D000FE55294201D00120F4E741EA090111801E
:10B1E0001D0014D000232B7094F800C00521032209
:10B1F0001F464FF0020ABCF10E0F76D2DFE80CF0CA
:10B20000F909252F47646B77479193B4D1D804206F
:10B21000D8E7616820898B7B9B0767D517284AD3BD
:10B220000B89834247D38989172901D3814242D1AF
:10B2300085F800A0A5F80100328061688881606807
:10B24000817B21F002018173C6E0042028702089EF
:10B25000A5F801006089A5F803003180BCE0208AD0
:10B260003188C01D1FFA80F8414524D3062028707C
:10B270002089A5F801006089A5F80300A089A5F838
:10B2800005000721208ACDE90001636941E00CF047
:10B29000FF00082810D0082028702089A5F8010098
:10B2A0006089A5F8030031806A1D694604F10C002D
:10B2B00006F0BBFC10B15EE01020EDE730889DF891
:10B2C00000100844308087E00A2028702089A5F803
:10B2D0000100328044E00C2028702089A5F801008C
:10B2E0006089A5F8030031803AE082E064E02189BA
:10B2F000338800EB41021FFA82F843453BD3B8F193
:10B30000050F38D30E222A700BEA4101CDE9001057
:10B31000E36860882A467146FFF7D2FEA6F80080EF
:10B320005AE04020287060893188C01C1FFA80F8DC
:10B33000414520D32878714620F03F001230287014
:10B340002089A5F801006089CDE9000260882A46BD
:10B35000E368FFF7B5FEA6F80080287840063BD4E6
:10B3600061682089888037E0A0893288401D1FFAF3
:10B3700080F8424501D204273DE01620287020893C
:10B38000A5F801006089A5F80300A089CDE90001B6
:10B3900060882A4671462369FFF792FEA6F800806E
:10B3A000DEE718202870207A6870A6F800A013E065
:10B3B00061680A88920401D405271CE0C9882289A3
:10B3C000914201D0062716E01E2129703080606866
:10B3D000018821F400510180B9F1000F0BD0618880
:10B3E00078230022022008F0EFFB61682078887043
:10B3F00006E0338003276068018821EA09010180A3
:10B400003846DFE62DE9FF4F85B01746129C0D0048
:10B410001E461CD03078C10703D000F03F00192829
:10B4200001D9012100E000212046FFF7AAFEA84231
:10B430000DD32088A0F57F41FF3908D03078410630
:10B4400001D4000605D5082009B0BDE8F08F07201B
:10B45000FAE700208DF800008DF8010030786B1EAF
:10B4600000F03F0C0121A81E4FF0050A4FF0020921
:10B470004FF0030B9AB2BCF1200F75D2DFE80CF04D
:10B480008B10745E7468748C749C74B574BA74C8D0
:10B4900074D474E1747474F174EF74EE74ED748B9D
:10B4A000052D78D18DF80090A0788DF80400708873
:10B4B000ADF8060030798DF80100707800F03F009B
:10B4C0000C2829D00ADCA0F10200092863D2DFE8A9
:10B4D00000F0126215621A621D622000122824D048
:10B4E00004DC0E281BD01028DBD11BE016281FD04F
:10B4F0001828D6D11FE02078800701E02078400787
:10B50000002848DAEEE020780007F9E72078C00646
:10B51000F6E720788006F3E720784006F0E7207809
:10B520000006EDE72088C005EAE720884005E7E748
:10B5300020880005E4E72088C004E1E72078800740
:10B5400029D5032D27D18DF800B0B6F8010081E090
:10B55000217849071FD5062D1DD381B270780128A7
:10B5600003D0022817D102E0C9E0022000E0102039
:10B5700004228DF8002072788DF80420801CB1FB25
:10B58000F0F2ADF8062092B242438A4203D103970B
:10B59000ADF80890A6E079E02078000776D598B25B
:10B5A00082088DF800A0ADF80420B0EB820F6DD1B9
:10B5B0000297ADF8061095E02178C90666D5022DF0
:10B5C00064D381B206208DF80000707802285DD324
:10B5D000B1FBF0F28DF80400ADF8062092B24243C0
:10B5E0008A4253D1ADF808907BE0207880064DD593
:10B5F000072003E0207840067FD508208DF8000062
:10B60000A088ADF80400ADF80620ADF8081068E099
:10B610002078000671D50920ADF804208DF80000CF
:10B62000ADF8061002975DE02188C90565D5022DA9
:10B6300063D381B20A208DF80000707804285CD3AF
:10B64000C6E72088400558D5012D56D10B208DF82E
:10B650000000A088ADF8040044E021E026E016E0F8
:10B66000FFE72088000548D5052D46D30C208DF82E
:10B670000000A088ADF80400B6F803006D1FADF817
:10B680000850ADF80600ADF80AA02AE035E02088A1
:10B69000C00432D5012D30D10D208DF8000021E0FD
:10B6A0002088800429D4B6F80100E080A07B000740
:10B6B00023D5032D21D3307800F03F001B2818D06C
:10B6C0000F208DF80000208840F40050A4F80000FE
:10B6D000B6F80100ADF80400ED1EADF80650ADF867
:10B6E00008B0039769460598F9F7B8FA050008D03D
:10B6F00016E00E208DF80000EAE7072510E0082587
:10B700000EE0307800F03F001B2809D01D2807D03C
:10B710000220059908F002FB208800F400502080E8
:10B72000A07B400708D52046FFF70BFDC00703D1DB
:10B73000A07B20F00400A073284685E61FB50228F0
:10B7400006D101208DF8000088B26946F9F786FA23
:10B750001FBD0000F8B51D46DDE906470E000AD002
:10B7600004F0F1FD2346FF1DBCB231462A46009489
:10B7700004F00FFAF8BDD0192246194601F0D9FDA0
:10B780002046F8BD2DE9FF4F8DB09B46DDE91B57E4
:10B79000DDF87CA00C46082B05D0E06901F0FEF82E
:10B7A00050B11020D2E02888092140F010002880F4
:10B7B0008AF80010022617E0E16901208871E26929
:10B7C0004FF420519180E1698872E06942F60101ED
:10B7D0000181E069002181732888112140F0200057
:10B7E00028808AF80010042638780A900A203870D9
:10B7F0004FF0020904F118004D460C9001F0C6FB11
:10B80000B04681E0BBF1100F0ED1022D0CD0A9EB98
:10B810000800801C80B20221CDE9001005AB524621
:10B820001E990D98FFF796FFBDF816101A988142E1
:10B8300003D9F74800790F9004E003D10A9808B1C2
:10B8400038702FE04FF00201CDE900190DF1160319
:10B8500052461E990D98FFF77DFF1D980088401BEA
:10B86000801B83B2C6F1FF00984200D203461E99A6
:10B870000BA8D9B15FF00002DDF878C0CDE9032054
:10B8800009EB060189B2CDE901C10F980090BDF81E
:10B89000161000220D9801F00EFC387070B1C0B285
:10B8A000832807D0BDF8160020833AE00AEB09018F
:10B8B0008A19E1E7022011B0BDE8F08FBDF82C0035
:10B8C000811901F0FF08022D0DD09AF801204245A0
:10B8D00006D1BDF82010814207D0B8F1FF0F04D087
:10B8E0009AF801801FE08AF80180C9480068017851
:10B8F000052902D1BDF81610818009EB08001FFA56
:10B9000080F905EB080085B2DDE90C1005AB0F9A54
:10B9100001F03FFB28B91D980088411B4145BFF647
:10B9200071AF022D13D0BBF1100F0CD1A9EB0800A1
:10B93000801C81B20220CDE9000105AB52461E9960
:10B940000D98FFF707FF1D98058000203870002034
:10B95000B1E72DE9F8439C46089E13460027B26BD9
:10B960009AB3491F8CB2F18FA1F57F45FF3D05D0F9
:10B970005518AD882944891D8DB200E0002529198C
:10B98000B6F83C800831414520D82A44BCF8011063
:10B9900022F8021BBCF8031022F8021B984622F87A
:10B9A000024B914604F0BDFC4FF00C0C41464A4658
:10B9B0002346CDF800C004F0B8F8F587B16B00203D
:10B9C0002944A41D2144088003E001E0092700E088
:10B9D00083273846BDE8F88310B50B88848F9C42D6
:10B9E0000CD9846BE018048844B1848824F40044A2
:10B9F000A41D23440B801060002010BD0A2010BD40
:10BA00002DE9F0478AB00025904689468246ADF878
:10BA1000185007274BE0059806888088000446D414
:10BA2000A8F8006007A8019500970295CDE903509A
:10BA30004FF4007300223146504601F03CFB0400F5
:10BA40003CD1BDF81800ADF8200005980488818825
:10BA5000B44216D10A0414D401950295039521F439
:10BA600000410097049541F48043428821465046A6
:10BA700001F0BFF804000BD10598818841F4004122
:10BA8000818005AA08A94846FFF7A6FF0400DCD07C
:10BA90000097059802950195039504950188BDF8D6
:10BAA0001C300022504601F0A4F80A2C06D105AA49
:10BAB00006A94846FFF790FF0400ACD0ADF8185037
:10BAC00004E00598818821F40041818005AA06A937
:10BAD0004846FFF781FF0028F3D00A2C03D0204608
:10BAE0000AB0BDE8F0870020FAE710B50C46896B74
:10BAF00086B051B10C218DF80010A18FADF808105F
:10BB0000A16B01916946FAF75BF800204FF6FF71CF
:10BB1000A063E187A08706B010BD2DE9F0410D4676
:10BB20000746896B0020069E1446002911D0012B80
:10BB30000FD1324629463846FFF762FF002808D168
:10BB4000002C06D0324629463846BDE8F04100F0C8
:10BB500034BFBDE8F0812DE9FC411446DDE9087CE5
:10BB60000E46DDE90A15521DBCF800E092B296457A
:10BB700002D20720BDE8FC81ACF8002017222A7011
:10BB8000A5F80160A5F803300522CDE900423B4647
:10BB90002A46FFF7DFFD0020ECE770B50C4615469E
:10BBA00048220021204601F0EEFB04F1080044F891
:10BBB0001C0F00204FF6FF71E06161842084A58492
:10BBC0001720E08494F82A0040F00A0084F82A0044
:10BBD00070BD4FF6FF720A800146032008F09EB840
:10BBE00030B585B00C460546FFF77FFFA18E28468D
:10BBF00029B101218DF800106946F9F7E1FF002015
:10BC0000E0622063606305B030BDB0F8400070476B
:10BC10005C00002090F84620920703D440880880FA
:10BC20000020F4E70620F2E790F846209207EED5D0
:10BC3000A0F84410EBE70146002009880A0700D568
:10BC4000012011F0F00F01D040F00200CA0501D52B
:10BC500040F004008A0501D540F008004A0501D5EE
:10BC600040F010000905D2D540F02000CFE700B524
:10BC7000034690F84600C00701D0062000BDA3F897
:10BC800042101846FFF7D7FF10F03E0F05D093F88B
:10BC9000460040F0040083F8460013F8460F40F0D9
:10BCA00001001870002000BD90F84620520700D512
:10BCB00011B1B0F84200AAE71720A8E710F8462F04
:10BCC00061F3C3020270A2E72DE9FF4F9BB00E00A3
:10BCD000DDE92B34DDE92978289D24D02878C107B7
:10BCE00003D000F03F00192801D9012100E0002114
:10BCF0002046FFF7D9FFB04215D32878410600F05F
:10BD00003F010CD41E290CD0218811F47F6F0AD179
:10BD10003A8842B1A1F57F42FF3A04D001E01229EE
:10BD200001D1000602D504201FB0C5E5FA491D98CF
:10BD30004FF0000A08718DF818A08DF83CA00FAAEA
:10BD40000A60ADF81CA0ADF850A02978994601F022
:10BD50003F02701F5B1C04F1180C4FF0060E4FF0F1
:10BD6000040BCDF858C01F2A7ED2DFE802F07D7D9B
:10BD7000107D267DAC7DF47DF37DF27DF17DF47D3B
:10BD8000F07D7D7DEF7DEE7D7D7D7D7DED0094F808
:10BD90004610B5F80100890701D5032E02D08DF8B1
:10BDA00018B01EE34FF40061ADF85010608003211D
:10BDB0008DF83C10ADF84000D4E2052EEFD1B5F877
:10BDC00001002083ADF81C00B5F80310618308B1B1
:10BDD000884201D9012079E10020A07220814FF62C
:10BDE000FF702084169801F0D1F8052089F8000032
:10BDF0000220029083460AAB1D9A16991B9801F007
:10BE0000C8F890BB9DF82E00012804D0022089F8C4
:10BE10000100102003E0012089F8010002200590B4
:10BE2000002203A90BA805F000FFE8BB9DF80C0059
:10BE3000059981423DD13988801CA1EB0B018142DB
:10BE400037DB02990220CDE900010DF12A034A46B1
:10BE500041461B98FFF77EFC02980BF1020B801CF9
:10BE600081B217AA029101E09CE228E003A90BA885
:10BE700005F0DBFE02999DF80C00CDE9000117AB3F
:10BE80004A4641461B98FFF765FC9DF80C000AAB3B
:10BE90000BEB00011FFA81FB02991D9A084480B246
:10BEA000029016991B9800E003E001F072F8002858
:10BEB000B6D0BBF1020F02D0A7F800B04FE20A20C3
:10BEC0008DF818004BE200210391072EFFF467AFB5
:10BED000B5F801002083ADF81C00B5F8032062839B
:10BEE00000283FF477AF90423FF674AF0120A07274
:10BEF000B5F8050020810020A073E06900F04EFD38
:10BF000078B9E16901208871E2694FF4205191808C
:10BF1000E1698872E16942F601000881E069002167
:10BF20008173F01F20841E98606207206084169839
:10BF300001F02CF8072089F80000012004900290FD
:10BF40000020ADF82A0028E019E29FE135E1E5E0A4
:10BF500012E2A8E080E043E00298012814D0E069F2
:10BF60008079012803D1BDF82800ADF80E000498AF
:10BF700003ABCDE900B04A4641461B98FFF7EAFB08
:10BF80000498001D80B20490BDF82A00ADF80C00A2
:10BF9000ADF80E00059880B202900AAB1D9A169972
:10BFA0001B9800F0F6FF28B902983988001D05900B
:10BFB0008142D1D20298012881D0E069807901289C
:10BFC00003D1BDF82800ADF80E00049803ABCDE90D
:10BFD00000B04A4641461B98FFF7BCFB0298BDE102
:10BFE000072E02D0152E7FF4DAAEB5F801102183AA
:10BFF000ADF81C10B5F80320628300293FF4EAAEC7
:10C0000091423FF6E7AE0121A1724FF0000BA4F878
:10C0100008B084F80EB0052E07D0C0B2691DE269E1
:10C0200005F0E4FD00287FF44AAF4FF6FF7020844E
:10C0300001A906AA14A8CDF800B081E885032878E4
:10C04000214600F03F031D9A1B98FFF79BFB824699
:10C05000208BADF81C0082E10120032EC3D14021CA
:10C06000ADF85010B5F801102183ADF81C100AAAE4
:10C07000B8F1000F00D00023CDE9020304921D980F
:10C08000CDF80480009038880022401E83B21B98AF
:10C0900001F011F88DF8180090BB0B2089F8000012
:10C0A000BDF8280035E04FF0010C052E9BD1802013
:10C0B000ADF85000B5F801102183B5F803002084D5
:10C0C000ADF81C10B0F5007F03D907208DF81800DB
:10C0D00087E140F47C4222840CA8B8F1000F00D024
:10C0E0000023CDE90330CDE9018C1D9800903888FC
:10C0F000401E83B21B9800F0DEFF8DF8180018B1C7
:10C100008328A8D10220BFE00D2189F80010BDF8D6
:10C110003000401C22E100005C000020032E04D20D
:10C1200048067FF53CAE002018E1B5F80110ADF8E7
:10C130001C102878400602D58DF83CE002E007206C
:10C140008DF83C004FF000080320CDE902081E9B4B
:10C15000CDF810801D980193A6F1030B00901FFAF3
:10C160008BF342461B9800F044FD8DF818008DF8C3
:10C170003C80297849060DD52088C00506D5208B3E
:10C18000BDF81C10884201D1C4F8248040468DF8C7
:10C190001880E3E0832801D14FF0020A4FF4807049
:10C1A000ADF85000BDF81C002083A4F820B01E9804
:10C1B0006062032060841321CDE0052EFFF4EFAD13
:10C1C000B5F80110ADF81C10A28F6AB3A2F57F4339
:10C1D000FE3B29D008228DF83C2000BF4FF0000B19
:10C1E0000523CDE9023BDDF878C0CDF810B01D9AEB
:10C1F00080B2CDF804C040F400430092B5F80320AB
:10C200001B9800F0F6FC8DF83CB04FF400718DF8EF
:10C210001800ADF85010832810D0F8B1A18FA1F507
:10C220007F40FE3807D0DCE00B228DF83C204FF633
:10C23000FE72A287D2E7A4F83CB0D2E000942B466D
:10C2400031461E9A1B98FFF784FB8DF8180008B141
:10C2500083284BD1BDF81C00208353E700942B4664
:10C2600031461E9A1B98FFF774FB8DF81800E8BB47
:10C27000E18FA06B0844831D8DE888034388828882
:10C2800001881B98FFF767FC824668E095F80180FB
:10C29000022E70D15FEA080002D0B8F1010F6AD116
:10C2A00009208DF83C0007A800908DF84080434697
:10C2B000002221461B98FFF730FC8DF842004FF01A
:10C2C000000B8DF843B050B9B8F1010F12D0B8F19E
:10C2D000000F04D1A18FA1F57F40FF380AD0A08FB5
:10C2E00040B18DF83CB04FF4806000E037E0ADF82D
:10C2F00050000DE00FA91B98F9F762FC82468DF8FB
:10C300003CB04FF48060ADF85000BAF1020F06D097
:10C31000FC480068C07928B18DF8180027E0A4F81F
:10C32000188044E0BAF1000F03D081208DF8180086
:10C330003DE007A800904346012221461B98FFF7E5
:10C34000ECFB8DF8180021461B98FFF7CEFB9DF8FB
:10C35000180020B9192189F80010012038809DF8B3
:10C360003C0020B10FA91B98F9F72AFC8246BAF1CC
:10C37000000F33D01BE018E08DF818E031E0207892
:10C38000000712D5012E10D10A208DF83C00E0885C
:10C39000ADF8400003201B9907F0C0FC0820ADF861
:10C3A0005000C0E648067FF5FAAC4FF0040A20883A
:10C3B000BDF8501008432080BDF8500080050BD513
:10C3C000A18FA1F57F40FE3806D11E98E062289823
:10C3D0002063A6864FF0030A5046A5E49DF8180096
:10C3E00078B1012089F80000297889F80110BDF89A
:10C3F0001C10A9F802109DF8181089F804100520E7
:10C4000038802088BDF8501088432080E4E72DE96B
:10C41000FF4F8846087895B0012181404FF209000E
:10C42000249C0140ADF820102088DDF88890A0F50C
:10C430007F424FF0000AFF3A06D039B1000705D518
:10C44000012019B0BDE8F08F0820FAE7239E4FF0D5
:10C45000000B0EA886F800B018995D460988ADF863
:10C460003410A8498DF81CB0179A0A718DF838B0AD
:10C47000086098F8000001283BD0022809D0032862
:10C480006FD1307820F03F001D303070B8F80400D4
:10C49000E08098F800100320022904D1317821F0BF
:10C4A0003F011B31317094F84610090759D505AB8F
:10C4B000B9F1000F13D0002102AA82E80B00072077
:10C4C000CDE90009BDF83400B8F80410C01E83B2ED
:10C4D0000022159800F0EFFD0028D1D101E0F11CF9
:10C4E000EAE7B8F80400A6F80100BDF81400C01C83
:10C4F00004E198F805108DF81C1098F80400012844
:10C5000006D04FF4007A02282CD00328B8D16CE171
:10C510002188B8F8080011F40061ADF8201020D08F
:10C5200017281CD3B4F84010814218D3B4F8441033
:10C53000172901D3814212D1317821F03F01C91C62
:10C540003170A6F801000321ADF83410A4F84400BE
:10C5500094F8460020F0020084F8460065E10525C5
:10C560007EE177E1208808F1080700F4FE60ADF86D
:10C57000200010F0F00F1BD010F0C00F03D038884F
:10C58000228B9042EBD199B9B878C00710D0B96826
:10C590000720CDE902B1CDF804B00090CDF810B07D
:10C5A000FB88BA883988159800F023FB0028D6D17B
:10C5B0002398BDF82010401C80294ED006DC10299D
:10C5C0000DD020290BD0402987D124E0B1F5807F00
:10C5D0006ED051457ED0B1F5806F97D1DEE0C806B0
:10C5E00001D5082000E0102082460DA907AA0520E9
:10C5F000CDE902218DF83800ADF83CB0CDE90496C4
:10C6000008A93888CDE9000153460722214615982C
:10C61000FFF7B8F8A8E09DF81C2001214FF00A0AA6
:10C62000002A9BD105ABB9F1000F00D00020CDE965
:10C6300002100720CDE90009BDF834000493401E24
:10C6400083B2218B0022159800F035FD8DF81C0077
:10C650000B203070BDF8140020E09DF81C20012153
:10C660004FF00C0A002A22D113ABB9F1000F00D011
:10C670000020CDE902100720CDE900090493BDF8A0
:10C680003400228C401E83B2218B159800F013FDDC
:10C690008DF81C000D203070BDF84C00401CADF82A
:10C6A000340005208DF83800208BADF83C00BCE04C
:10C6B0003888218B88427FF452AF9DF81C004FF0E0
:10C6C000120A00281CD1606AA8B1B878C0073FF4EC
:10C6D00046AF00E018E0BA680720CDE902B2CDF815
:10C6E00004B00090CDF810B0FB88BA88159800F01F
:10C6F00080FA8DF81C00132030700120ADF8340052
:10C7000093E000005C0000203988208B8142D2D168
:10C710009DF81C004FF0160A0028A06B08D0E0B36B
:10C720004FF6FF7000215F46ADF808B0019027E09A
:10C7300068B1B978C907BED1E18F0DAB0844821D3D
:10C7400003968DE80C0243888288018809E0B87856
:10C75000C007BCD0BA680DAB03968DE80C02BB884D
:10C76000FA881598FFF7F7F905005ED0072D72D00B
:10C7700076E0019005AA02A92046FFF72DF90146AF
:10C78000E28FBDF80800824201D00029F1D0E08F8D
:10C79000A16B084407800198E08746E09DF81C00E3
:10C7A0004FF0180A40B1208BC8B138882083214649
:10C7B0001598FFF79AF938E004F118000090237EED
:10C7C000012221461598FFF7A8F98DF81C000028D2
:10C7D000EDD1192030700120ADF83400E7E70525D0
:10C7E00021461598FFF781F93AE0208800F400709F
:10C7F000ADF8200050452DD1A08FA0F57F41FE3926
:10C8000001D006252CE0D8F808004FF0160A48B1F0
:10C81000A063B8F80C10A1874FF6FF71E187A0F86C
:10C8200000B002E04FF6FF70A087BDF8200030F4A2
:10C830007F611AD0782300220320159907F0C4F9EC
:10C8400098F8000020712088BDF82010084320804F
:10C850000EE000E007252088BDF8201088432080E6
:10C86000208810F47F6F1CD03AE02188814321801A
:10C870009DF8380020B10EA91598F9F7A1F90546E1
:10C880009DF81C000028EBD086F801A00120307034
:10C89000208B70809DF81C0030710520ADF83400AD
:10C8A000DEE7A18EE1B118980DAB0088ADF8340039
:10C8B0002398CDE90304CDE90139206B0090E36AA8
:10C8C000179A1598FFF700FA054601208DF83800F1
:10C8D0000EA91598F9F774F900B10546A4F834B01B
:10C8E00094F8460040070AD52046FFF7A4F910F057
:10C8F0003E0F04D114F8460F20F004002070189861
:10C90000BDF83410018028469BE500B585B00328AA
:10C9100006D102208DF8000088B26946F9F750F977
:10C9200005B000BD10B5384C0B782268012B02D041
:10C93000022B2AD111E013780BB1052B01D104236E
:10C94000137023688A889A802268CB88D3802268F3
:10C950000B891381498951810DE08B88938022686E
:10C96000CB88D38022680B8913814B8953818B89B3
:10C970009381096911612168F9F722F92268002180
:10C980000228117003D0002800D0812010BD832020
:10C9900010BD806B002800D00120704781780129EC
:10C9A00009D10088B0F5205F03D042F6010188422A
:10C9B00001D10020704707207047F0B587B00024F0
:10C9C00015460E460746ADF8184011E00598008858
:10C9D000288005980194811DCDE902410721049426
:10C9E0000091838842880188384600F002F930B906
:10C9F00005AA06A93046FEF7EFFF0028E6D00A2870
:10CA000000D1002007B0F0BD5C00002010B58B788D
:10CA100083B102789A4205D10B885BB102E08B7931
:10CA2000091D4BB18B789A42F9D1B0F801300C88CE
:10CA3000A342F4D1002010BD812010BD072826D0CC
:10CA400012B1012A27D103E0497801F0070102E081
:10CA50004978C1F3C20105291DD2DFE801F00318AE
:10CA6000080C12000AB10320704702207047042806
:10CA70000DD250B10DE0052809D2801E022808D33E
:10CA800003E0062803D0032803D0052070470020C8
:10CA900070470F20704781207047C0B282060BD4C8
:10CAA000000607D5FA48807A4143C01D01EBD0004B
:10CAB00080B27047084670470020704770B51388F1
:10CAC0000B800B781C0625D5F14CA47A844204D83F
:10CAD00043F010000870002070BD956800F0070654
:10CAE00005EBD0052D78F54065F304130B70137832
:10CAF000D17803F0030341EA032140F20123B1FBA3
:10CB0000F3F503FB15119268E41D00FB012000EB17
:10CB1000D40070BD906870BD37B51446BDF80410E0
:10CB20001180117841F0040111709DF804100A067B
:10CB30001ED5D74AA368C1F30011927A824208D861
:10CB4000FE2811D1D21DD2084942184600F01BFC24
:10CB50000AE003EBD00200F00703012510789D40A6
:10CB6000A843994008431070207820F010002070EE
:10CB70003EBD2DE9F0410746C81C0E4620F00300DB
:10CB8000B04202D08620BDE8F081C14D002034467D
:10CB90002E60AF802881AA72E8801AE0E988491CDB
:10CBA000E980810614D4E17800F0030041EA002016
:10CBB00040F20121B0FBF1F201FB12012068FFF706
:10CBC0006CFF2989084480B22881381A3044A0605B
:10CBD0000C3420784107E1D40020D4E7AC4801228E
:10CBE0000189C08800EB400002EB8000084480B25D
:10CBF00070472DE9FF4F89B01646DDE9168A0F46CA
:10CC0000994623F44045084600F054FB040002D046
:10CC10002078400703D401200DB0BDE8F08F0998BB
:10CC200003F016FA02902078000606D59848817A1B
:10CC30000298814201D88720EEE7224601A9029896
:10CC4000FFF73CFF834600208DF80C004046B8F10A
:10CC5000070F1AD001222146FFF7F0FE0028DBD192
:10CC60002078400611D502208DF80C00ADF8107028
:10CC7000BDF80400ADF81200ADF814601898ADF8D6
:10CC80001650CDF81CA0ADF818005FEA094004D595
:10CC900000252E46A84601270CE02178E07801F017
:10CCA000030140EA012040F20121B0FBF1F280468D
:10CCB00001FB12875FEA494009D5B84507D1A17841
:10CCC000207901F0030140EA0120B04201D3BE42C5
:10CCD00001D90720A0E7A8191FFA80F9B94501D9A1
:10CCE0000D2099E79DF80C0028B103A90998F8F7E1
:10CCF00065FF002890D1B84507D1A0784FEA1921E7
:10CD000061F30100A07084F804901A9800B10580C6
:10CD1000199850EA0A0027D0199830B10BEB060099
:10CD20002A46199900F005FB0EE00BEB0608574662
:10CD3000189E099803F0F5FA2B46F61DB5B2394650
:10CD40004246009502F0F1FE224601A90298FFF743
:10CD5000B5FE9DF80400224620F010008DF8040076
:10CD6000DDE90110FFF7D8FE002055E72DE9FF4F60
:10CD7000DFF81C91824685B0B9F80610D9F800009A
:10CD800001EB410100EB810440F20120B2FBF0F124
:10CD9000174600FB1175DDE9138B4E4629460698B0
:10CDA000FFF77BFE0346FFF719FF1844B1880C30EC
:10CDB000884202D9842009B02FE70698C6B230060F
:10CDC00003D5B00601D50620F5E7B9F80620521CB8
:10CDD00092B2A9F80620BBF1000F01D0ABF80020F9
:10CDE000B00602D5C4F808800AE0B9F808201A4451
:10CDF00092B2A9F80820D9F80000891A0844A06066
:10CE00002246FE200699FFF787FEE77025712078FD
:10CE1000390A61F301002A0AA17840F0040062F3A4
:10CE20000101A17020709AF802006071BAF8000048
:10CE3000E08000252573300602D599F80A7000E0DD
:10CE40000127B00601D54FF000084E4600244FF0F0
:10CE500007090FE0CDE902580195CDF8009004953F
:10CE6000F1882046129B089AFFF7C3FE0028A2D142
:10CE7000641CE4B2BC42EDD300209CE700B5FFF790
:10CE8000ADFE03490C308A88904203D9842000BD4E
:10CE900098050020CA88086802EB420300EB830073
:10CEA000521C037823F004030370CA80002101732D
:10CEB0000846ECE72DE9F047804600F0FBF9070053
:10CEC00005D000264446F74D40F2012916E0012026
:10CED000BDE8F087204600F0EDF90278C17802F055
:10CEE000030241EA0222B2FBF9F309FB13210068B5
:10CEF000FFF7D3FD3044641C86B2A4B2E988601EFB
:10CF00008142E7DCA8F10100E8802889801B2881A4
:10CF100000203870DCE710B5144631B1491E21807D
:10CF200003F096F8A070002010BD012010BD70B570
:10CF30000446DC48C188036801E0401C208020884A
:10CF4000884207D200EB400213EB820202D0157830
:10CF50006D07F2D580B2884216D2AAB15079A0727C
:10CF6000D08820819178107901F0030140EA0120F6
:10CF7000A081A078E11CFFF7A1FD20612088401C62
:10CF80002080E080002070BD0A2070BD0121018258
:10CF900070472DE9FF4F85B04FF6FF798246A3F821
:10CFA000009048681E460D4680788DF80600486857
:10CFB0000088ADF8040000208DF80A00088A0C886B
:10CFC000A04200D304462C8251E03878400708D4B0
:10CFD000641C288AA4B2401C288208F10100C0B257
:10CFE00046E0288A401C2882781D6968FFF70EFDFC
:10CFF000D8BB3188494501D1601E30803188A1EB12
:10D00000080030806888A04238D3B878397900F0B9
:10D01000030041EA002801A9781DFFF7F7FC20BBB7
:10D02000298949452ED0002239460798FFF706FD89
:10D03000D8B92989414518D1E9680391B5F80AC0E2
:10D04000D7F808B05046CDF800C003F06AF9DDF813
:10D0500000C05A460CF1070C1FFA8CFC434603999A
:10D06000CDF800C002F02BFD60B1641CA4B200201A
:10D070008046204600F01EF90700A6D1641E2C82CF
:10D080000A2098E674807879B071F888B080397891
:10D09000F87801F0030140EA01207081A6F80C80C5
:10D0A000504602F0D5FF3A4606F10801FFF706FDAB
:10D0B000306100207FE62DE9FF4F87B081461C4696
:10D0C0009246DDF860B0DDF85480089800F0F2F880
:10D0D000050002D02878400702D401200BB09CE55F
:10D0E000484602F0B5FF2978090605D56D49897AC9
:10D0F000814201D88720F1E7CAF309062A4601A92F
:10D10000FFF7DCFC0746149807281CD000222946AC
:10D11000FFF794FC0028E1D12878400613D50120C0
:10D120008DF808000898ADF80C00BDF80400ADF8C3
:10D130000E00ADF81060ADF8124002A94846F8F7AD
:10D140003DFD0028CAD12978E87801F0030140EAC2
:10D150000121AA78287902F0030240EA022056450C
:10D1600007D0B1F5007F04D9611E814201DD0B209B
:10D17000B4E7864201D90720B0E7801B85B2A542FB
:10D1800000D92546BBF1000F01D0ABF8005017982D
:10D1900018B1B9192A4600F0CCF8B8F1000F0DD03B
:10D1A0003E4448464446169F03F0CDF82146FF1DF5
:10D1B000BCB232462B46009402F0EBFC00208DE717
:10D1C0002DE9F04107461D461646084600F072F864
:10D1D000040002D02078400701D40120D3E438466F
:10D1E00002F036FF2178090605D52E49897A814259
:10D1F00001D88720C7E422463146FFF75FFC65B1BE
:10D200002178E07801F0030140EA0120B0F5007FC9
:10D2100001D8012000E0002028700020B3E42DE9AF
:10D22000F04107461D461646084600F043F8040044
:10D2300002D02078400701D40120A4E4384602F04F
:10D2400007FF2178090605D51649897A814201D858
:10D25000872098E422463146FFF75EFCFF2D14D06C
:10D260002178E07801F0030240EA022040F2012236
:10D27000B0FBF2F302FB130015B900F2012080B2FB
:10D28000E070000A60F30101217000207BE410B51A
:10D290000C4600F00FF810B10178490704D40120C2
:10D2A00010BD000098050020C18821804079A07041
:10D2B0000020F5E70749CA88824209D340B10968CE
:10D2C00000EB40006FF00B0202EB80000844704757
:10D2D000002070479805002070B504460D46214691
:10D2E0002B460AB9002070BD01E0491C5B1C501E92
:10D2F000021E03D008781E78B042F6D008781E7857
:10D30000801BF0E730B50C4601462346051B9542CD
:10D3100006D202E0521E9D5C8D54002AFAD107E02D
:10D3200004E01D780D70491C5B1C521E002AF8D1C8
:10D3300030BDF0B50E460146334680EA030404F0E2
:10D340000304B4B906E002B9F0BD13F8017B01F89B
:10D35000017B521E01F00307002FF4D10C461D463D
:10D3600002E080CD80C4121F042AFAD221462B4647
:10D3700000BF04E013F8014B01F8014B521E002AD4
:10D38000F8D100BFE0E7F0B50C460146E6B204E094
:10D3900002B9F0BD01F8016B521E01F00307002F26
:10D3A000F6D10B46E5B245EA052545EA054501E01B
:10D3B00020C3121F042AFBD2194602E001F8016BB8
:10D3C000521E002AFAD100BFE3E710B506F0F7FEBF
:10D3D000FAF792F906F09CFDBDE8104006F02EBE6B
:10D3E000202801D2012070470020704701224FF011
:10D3F000A043824011B1C3F80C257047C3F808253B
:10D4000070474FF0A04101228240C1F818257047B3
:10D4100070B50346002002466FF02F050EE09C5CBD
:10D42000A4F130060A2E02D34FF0FF3070BD00EB9E
:10D43000800005EB4000521C2044D2B28A42EED359
:10D4400070BD30B50A230BE0B0FBF3F403FB14040A
:10D45000B0FBF3F08D183034521E05F8014CD2B2F7
:10D46000002AF1D130BD30B500234FF6FF7510E032
:10D47000040A44EA002084B2C85C6040C0F303148C
:10D48000604005EA00344440E0B25B1C84EA40108E
:10D490009BB29342ECD330BDF94A137882F88B30BB
:10D4A000A2F88C0082F88A10012082F8880092F895
:10D4B000640008B192F8600082F88E00704710B5E1
:10D4C0000B46114658B11846FFF7E6FFED48806855
:10D4D000008802F026FFBDE8104002F0CDBBBDE899
:10D4E00010404FF6FF70D7E770B50026044646702F
:10D4F000E44D1120207029682022A01C6831FFF71C
:10D5000018FF0121A171286800F8666F8078002853
:10D5100011D1DB48B0F86A20A0F89220AA68537BAA
:10D5200080F8943080F89010108802F0FAFEBDE880
:10D53000704002F0B0BB70BD70B5D24D296891F853
:10D5400096200024012A11D091F89020012A1CD0A5
:10D5500091F86620012A22D091F88820012A21D052
:10D5600091F8A020012A2ED0002070BD447017220F
:10D57000027051F8972FC0F802204A68C0F80620C0
:10D580000A7A827201F8014C1BE044700522027095
:10D59000D1F89220C0F8022081F8904011E0FFF706
:10D5A000A3FF0EE091F86620012AF8D044701422FF
:10D5B000027051F88A2FC0F802208A88C28001F8D0
:10D5C000024C012070BD44701A2200F8022B222266
:10D5D000A131FFF7AEFE286880F8A040F1E7A94826
:10D5E000006890F8661011B1B0F86A0070474FF605
:10D5F000FF70704770B5A34C206800B9FFDF20684A
:10D60000417811B10C25284670BD0025C422294659
:10D61000FFF7B9FE2168FF2008707F2081F83700EE
:10D6200013204884282081F86500012081F85C00DF
:10D63000002081F85F0007F0AFF906F091FCE2E707
:10D6400070B5904C0546206800B9FFDF21680020C6
:10D6500048706560FFF7CEFF002800D0FFDF70BD87
:10D66000884909680978814201D10120704700206A
:10D670007047844800B5016891F82400498CC0F3D4
:10D680008002C0F340031A4400F001001044132943
:10D6900015D004DC102909D0122904D10FE0152976
:10D6A00008D01D2904D0FFDF002000BD764903E02B
:10D6B000764800BD7449083131F8100000BD724948
:10D6C0000839F9E76F4840F271210068806A4843E1
:10D6D00070476C48006890F83600002800D00120A0
:10D6E000704710B5664C207B00F074FD40B1207D82
:10D6F00004F115010BF034FB082801D0012010BD06
:10D70000207B30B1022804D00120BDE8104007F092
:10D71000A6BC0020F9E75A490873704759490968BF
:10D7200081F83000704770B50646554890F82D00D6
:10D730000BF0A4FA050018D010210BF076FD00289C
:10D7400013D1504C012032462168C87628461C313E
:10D7500007F092FCD4E900101C310BF0BFFF6068A9
:10D76000BDE8704001210BF0C8BF70BD2DE9F0414C
:10D77000434C074694F82D000BF0FDFA064694F84A
:10D780002F0004F10E0528B126B194F82D000BF0FE
:10D7900018FAA0B194F83000002824D094F82E0094
:10D7A000002820D0607B294600F025FDA8B10BF0B1
:10D7B0008AFB3A462946BDE8F04107F05DBC0120EE
:10D7C00060733A462946304607F056FC94F82D100F
:10D7D0002846BDE8F0410BF065BB39462846BDE858
:10D7E000F04107F07EBCBDE8F08170B5254C2168A2
:10D7F000087BB0B1022814D0012048730E3107F025
:10D8000018FC2068007B00F0E5FC216881F82F00FF
:10D81000082081F82D00487B0E3100F0E3FC40B970
:10D8200001E00020E9E72168487B0E3100F0E3FCCD
:10D8300000B10120216881F82E0091F82F0018B95D
:10D8400091F82200400706D5087D15310BF088FAC3
:10D85000216881F82D0020680025456004F0ADFDA9
:10D86000216888600020FFF781FF2068C57690F866
:10D87000220040070CD5BDE87040002053E70000AF
:10D88000A405002064000020A0B101008F891300CE
:10D8900070BDFB4A1268137B0370D2F80E0008605B
:10D8A000508A8880704778B5F6490446F44D407B2D
:10D8B00008732A68207810706088ADF8000080B284
:10D8C00000F00101C0F3400341EA4301C0F38003CB
:10D8D00041EA8301C0F3C00341EAC301C0F300136E
:10D8E00041EA0311C0F3401341EA4311C0F3801031
:10D8F00041EA80105084E07D012825D0022825D0FF
:10D90000FFDF286880F85E60217B80F82410418C5E
:10D910001D291DD061688162617D80F83610A17B70
:10D92000C1B1022916D00121017554F80F1FC0F8AA
:10D930001510A188A0F81910217B012900D0002121
:10D9400080F83410002078BD0126DAE70226D8E7F7
:10D950000021E0E70021E7E7C948006890F82200CD
:10D96000C0F38000704700B5FFF7F6FF08B1002054
:10D9700000BD1F2000BD00B5FFF7F5FF002800D057
:10D98000012000BDBE49002209680A664B8C1D2B90
:10D9900002D081F86400704781F864207047B84A6B
:10D9A0000023126882F85D3042F84C1F90800120FD
:10D9B00050747047B24A0023126882F85C30A2F8B3
:10D9C000580042F8541F012010727047AC49096892
:10D9D00081F835007047AA49096881F85F007047EF
:10D9E000A748006890F95F007047A548006890F864
:10D9F000220000F001007047A148006890F8220062
:10DA0000C0F340007047002070479D48006890F8C0
:10DA10002200C0F3C000704701207047012070470A
:10DA20000120704770B500F0FAFB954C2068016E3C
:10DA3000491C016690F83300002530B106F0ACFFB8
:10DA400006F08EFA206880F833502068457090F810
:10DA5000381009B102201AE090F86410B1B1006EDC
:10DA6000814213D8022007F095FF206890F8220029
:10DA7000C00704D0A06843220188012003E04322AC
:10DA80004FF6FF710020BDE8704018E50020BDE8AA
:10DA9000704007F07FBF10B501280DD002280DD0CF
:10DAA00004280FD0FFDF7648006890F85E10BDE8CC
:10DAB0001040252006F0FEBB252000E0262006F0C1
:10DAC000D3FCF0E72720FAE702460020D30701D075
:10DAD000CB0705D0930705D58B0703D402207047E9
:10DAE000012070475207FCD54907FAD4042070473B
:10DAF0002DE9F041624C86B0206800B9FFDF206854
:10DB00004178E9BB0178FF2942D0002580F83150E7
:10DB1000A0F85A50857080F83850284606F09EFECE
:10DB2000182259496846FFF704FC684606F08AFE49
:10DB300006F0CCFB206890F95F0006F085FC5248A7
:10DB40001D3806F087FC5048203806F06CFE6068EF
:10DB500006F087FE2068002190F82400FFF7B4FF4C
:10DB6000FFF799FF206880F82C5006F071FE2068BE
:10DB700090F85E10002006F030FD0F21052000E037
:10DB800006E006F038FC206890F82E1051B902E04B
:10DB90000C2006B027E690F82F1019B990F8220053
:10DBA00040072BD504F009FC804620684146806878
:10DBB00005F004F9354F064690FBF7F007FB1060BF
:10DBC0004142404604F0CDF82168886096FBF7F0AA
:10DBD0004A68104448600BF0BFF821684A689042D8
:10DBE0000CD8C1E901580120FFF7C0FD206890F86A
:10DBF0002200400702D50120FFF795FD2068417BF8
:10DC00000E3006F0EAFB206890F85C1039B1B0F8ED
:10DC10005810A0F84810416D416480F85C5090F8AD
:10DC20005D1041B1B0F85010A0F84010C16C40F840
:10DC30003C1F80F821500BF0FCF8032160680BF0CA
:10DC40002FF9216881F833000020A2E70C49886091
:10DC500070472DE9F0410A4C0746002620683146FE
:10DC6000C57E6068068000F0D1FA2068408C1328D9
:10DC700040D00DDC102861D012280DD15CE00000EE
:10DC800064000020A4050020B0B1010040420F0054
:10DC9000152838D01D2836D0FFDF00BF00F0CAFAA3
:10DCA0002068418C1D2907D0152905D0B0F84820DF
:10DCB000416C60680BF028FD206890F82C1090F8FB
:10DCC0002400FFF701FF05463FB1FFF7E4FE012204
:10DCD0004FF49671002006F01EFD206890F82C107D
:10DCE000294380F82C1090F824208A434FF001013A
:10DCF00029D02DE0002160680BF0C4FC0121606890
:10DD000000F084FACAE7012160680BF0BBFC012136
:10DD1000606800F07BFAD4E9001025B11C310BF0EB
:10DD2000DDFC012104E015310BF0D8FC2068017DF9
:10DD300060680BF0E2FCB1E7062100E002216068B8
:10DD40000BF0A0FCAAE7428C1D2A0BD080F8311002
:10DD50004170418C13290ED007DC10290AD01229FA
:10DD600007D108E080F82C60F2E7152903D01D29BF
:10DD700001D0FFDF37E590F85E20BDE8F0410121DA
:10DD8000084606F05ABEF84810B50068417841B917
:10DD90000078FF2805D00021084600F059FA00203D
:10DDA00010BD00F03CFA0C2010BD2DE9F041EE4D05
:10DDB0000446174628680E4690F8660000B1FFDF5B
:10DDC0002968002F81F868704ED12088A1F86A0078
:10DDD0006088A1F88000A088A1F88200E088A1F8FE
:10DDE000840094F88C0181F8860091F82F0020B10E
:10DDF000487B0E3100F0FFF940B9296891F83000F6
:10DE000060B1487B0E3100F0EDF938B12868D0F8E8
:10DE10000E104167418AA0F8781003E02868476730
:10DE2000A0F878706968FF2E0878C0F380106076DB
:10DE3000D1F80300C4F81A00B1F80710E18314D038
:10DE4000296801F16E02C1F87A00E08BA1F87E002A
:10DE500030466D310AF099FF00B9FFDF286810F8ED
:10DE60006D1F41F002010170BDE42868C0F87A70AE
:10DE7000A0F87E70617E80F86D10D4F81A1040F81A
:10DE80006E1FE18B8180AEE470B5FFF7BEFDB64C2E
:10DE9000012538B13C22FF21A068FFF786FF2068EA
:10DEA00080F86650206890F82200C00704D0A0686F
:10DEB0003C220188012003E03C224FF6FF71002044
:10DEC000FFF7FDFA206880F8385070BDA649096850
:10DED00081F83200704770B5002507F0BAFC50B1E8
:10DEE000A14C20684178012908D0022901D00329DA
:10DEF00036D0FFDF70BDBDE8704093E58178002922
:10DF0000F8D1418C102913D090F8330020B106F0DD
:10DF100019F8402006F02DFD206890F822104907DE
:10DF200010D490F83610012904D0032902D002E061
:10DF3000002119E0102590F85E2045F00E01002028
:10DF400006F07BFD206890F8340008B106F054FD1F
:10DF50000021962006F0B1FC21680220487070BDB7
:10DF600081780029FBD18178BDE87040012000F064
:10DF70006FB957E510B57C4C206890F8340008B1B3
:10DF800000F07AF9206890F8330018B106F004FD2B
:10DF900005F0E6FF07F05DFC88B1206840780228B4
:10DFA00000D0FFDF0021012000F052F92068417805
:10DFB000002903D04078012800D0FFDF10BDBDE864
:10DFC00010402FE510B50AF0CBFE04460AF07DFFA5
:10DFD00038B120460AF052FE18B110210BF025F995
:10DFE00008B1002010BD012010BD2DE9F047DFF879
:10DFF00078910E460746032809D0FFF7F6FC044641
:10E00000D9F8000090F8320020B1012003E0FFF7BA
:10E01000F3FC04460020804606F018FA0546032F5C
:10E020002BD0012734EA080453D0D9F800004C461D
:10E0300090F8330068B10AF0E2FE30700146FF2824
:10E0400007D06068C01C0AF0B7FE30780AF0E1FE25
:10E05000054360680178C1F3801221680B7D9A4204
:10E0600005D10622C01C1531FFF736F938B1002062
:10E070003178FF290BD0D8B903E00227D2E701207D
:10E08000F6E7206890F82D00884211D008E038B1FA
:10E09000616811F8030BC0F38010FFF793FF38B1EC
:10E0A0000020216891F82210490703D5A0B910E09B
:10E0B0000120F6E785B92D4890F8360008B1B8423E
:10E0C00007D1616811F8030BC0F38010FFF77AFFE6
:10E0D00010B10020BDE8F0870120FBE7F8B5224C25
:10E0E0000746002520684078022800D0FFDF20681E
:10E0F00090F8340008B100F0BFF860680BF0E4FA63
:10E1000006460FB306F073F9F0B1052E1DD1606815
:10E1100090F8240000F01F00102816D9206890F80D
:10E12000350090B1FF208DF80000012569460520DB
:10E13000FFF75BFF40B1206880F8A05061682222A1
:10E14000A130C91CFFF7F5F815E060680BF0FCFA88
:10E1500088B1062E0FD2DFE806F00E0E0E030E0B6E
:10E1600000F0CDF806E0000064000020A4050020C7
:10E1700000F091F800B90125206890F8330018B13B
:10E1800006F00AFC05F0ECFE1DB10021012000F0B4
:10E190005FF820684178002906D04178012903D032
:10E1A0004078032800D0FFDFF8BD70B59F4E0546CC
:10E1B0000C463068807800280BD106F02FF8034613
:10E1C0003068214690F85E202846BDE8704007F090
:10E1D000C1BD70BD022803D0032801D000207047C4
:10E1E00001207047012802D14879800901D0002020
:10E1F000704701207047012806D148790121B1EB11
:10E20000901F01D101207047002070470278202321
:10E2100022F0200203EA41110A430270704710B550
:10E2200006F09AFB06F079FB06F0C8FABDE810404C
:10E2300006F0FFBA10B57D4C7D4960680BF048FAD6
:10E240007B480E38417B6068BDE810400BF04CBA4B
:10E25000764A10B5126892F831303BB1508C1D28C7
:10E2600000D1FFDFBDE81040FFF7DCBB002902D181
:10E27000BDE81040EDE410BD10B56C4C206837309F
:10E2800006F0C5FB18B921687F2081F83700BDE88A
:10E29000104006F0A7BB38B5FF208DF8000001251F
:10E2A00069460520FFF7A1FE30B3604C20688078F6
:10E2B00008BB6268A0681278417BC2F3401211402B
:10E2C0004173012100F04AF800229DF80010A06877
:10E2D000FFF76BFD2068012100F8661F82788188B6
:10E2E0000120FFF7ECF8216800204870FFF797FF46
:10E2F000012007F04FFB00E00025284638BD38B567
:10E30000FF208DF80000012569460320FFF76DFE10
:10E31000464C002820681CD090F8341031B190F899
:10E32000960018B99DF8000000F04CF860680021D4
:10E33000018004210BF0A6F9FFF77CFF2068B0F8FC
:10E340004020C16B60680BF0EFF921680320487032
:10E3500002E0807800B90025284638BD70B5334DFD
:10E360000446686850F80F2FC4F80E208288628235
:10E3700082792275C27962750289E282428962805D
:10E380008289A280C289E2800269A260027D227332
:10E39000427D02F01F022276407D400984F88C0104
:10E3A00084F8641084F86510002104F130000BF04B
:10E3B0002AFB286890F8651004F8661F90F85F0043
:10E3C000607070BD70B5194C0122216881F89620EB
:10E3D0000A7881F89720FF280DD001F19902983131
:10E3E0000AF0D3FC00B9FFDF206810F8981F41F055
:10E3F000020101700CE060680278C2F3801281F8BB
:10E400009820D0F8032041F8992FB0F807008880B1
:10E41000256895F837009F357F2800D1FFDF2068F9
:10E4200010F8371F29707F21017070BD6400002033
:10E43000B20500202DE9FC470C460646694600F06F
:10E4400010FF002860D1FFF7CAF8B0425CD0214627
:10E45000304608F0DEFF28BB019D95F82C01703591
:10E4600018B9287F08B1012000E00020814695F806
:10E4700039004FF000084FF0010AA0B195F83A00BA
:10E48000800710D584F8018084F800A084F8028009
:10E49000A68095F83B10A171A98F2181E98F618138
:10E4A00085F839802DE0304601F04DFF070000D19E
:10E4B000FFDF384601F06DF940B184F801800D218D
:10E4C0002170A680E08084F802A01AE0304601F0B6
:10E4D00028FF070000D1FFDFB9F1000F14D0384644
:10E4E00001F0AFF980B1304606F01EFD84F80180DE
:10E4F0000A21217084F80280A680697FA17185F8C5
:10E500001C800120BDE8FC870020FBE71CB56946A4
:10E5100000F0A7FE00B1FFDF684600F0AFFEF9494A
:10E5200000208968A1F8F2001CBD2DE9FC410446D9
:10E530000E46062001F06EFD00250746A84606445B
:10E5400017E02088401C80B22080B04202D34046B1
:10E55000A4F8008080B2B84204D3B04202D20020B6
:10E56000BDE8FC81694600F07CFE0028F8D06D1CF7
:10E57000EDB2AE42E5D84FF6FF7020801220EFE7F3
:10E5800010B506F043FD0AF026FBDF484FF6FF7199
:10E5900000234182818203701B2141804FF4A472C9
:10E5A0008280C180028103228275C2758272042436
:10E5B000C4728181C1810282837610BD70B5D14C55
:10E5C0000D466060217006F0ADFC00F063FEFFF7C1
:10E5D000D7FF207809F09EFD284607F04DFACA487B
:10E5E0002838FFF72DF82178606808F0F6FFBDE8BD
:10E5F00070400AF0F0BA10B501240AB1002010BD35
:10E6000021B1012903D00024204610BD02210BF0C6
:10E61000CBF8F9E7887800B90320C97801B903215C
:10E62000107019700020704730B587B0044600881C
:10E63000694600F016FE002806D1A08830B10128F6
:10E6400004D0022802D0122007B030BD05AB04AAC6
:10E6500021466846FFF7DEFF0400F5D1019901204D
:10E6600081F8C501019991F81012002539B9019975
:10E6700091F8C41119B9019991F8971009B13A2488
:10E6800015E00199039581F8C40101989DF81020C7
:10E6900080F8C621019B9DF8140083F8C7018DF80E
:10E6A0000C208DF80D0003AA01200AF0F4FE019859
:10E6B00080F8C5512046C7E710B504460020A17870
:10E6C00001B90120E2780AB940F0020000F0F6FD3D
:10E6D000002803D12046BDE81040A5E710BD70B565
:10E6E0000D4604460189002380880AF0C9FE696A44
:10E6F00081421DD2401A401CA1884008091A8AB2E2
:10E70000A2802189081A2081668895F86410104635
:10E710000AF08DFE864200D230466080E68895F889
:10E72000651020890AF083FE864200D23046E080E0
:10E7300070BDF0B585B00D46064603A900F091FD09
:10E7400000282AD104990022FB20B1F84E30FB2B7F
:10E7500000D30346B1F85040FB20FB2C00D3044605
:10E76000DFF8A8C19CE8811000900197CDF808C09F
:10E77000ADF80230ADF806406846FFF7B0FF6E8096
:10E78000BDF80400E880BDF808006881BDF802000B
:10E79000A880BDF806002881002005B0F0BD2DE955
:10E7A000F04186B004460088694600F05AFD002812
:10E7B00059D12189E08800F09BFD002853D1A18820
:10E7C000608800F095FD00284DD12189E08800F097
:10E7D00085FD002847D1A188608800F07FFD0600F4
:10E7E00041D1208802A9FFF7A4FF00B1FFDFBDF8E7
:10E7F000101062880920914235D3BDF80C10E288D0
:10E80000914230D3BDF81210BDF80E202389114477
:10E81000A2881A44914226D3019D01274FF0000897
:10E8200085F8BB71019890F8FC0105F5DD7508B11C
:10E830003A2615E0E08868806088E880218940F603
:10E840004800814200D30146A980A188814200D2BC
:10E8500008462881002228460199FFF740FF2F70C3
:10E8600085F80180304606B0BDE8F08197E710B525
:10E870000446FEF761FE002813D0207814280FD13B
:10E88000A07868B1A088062101F018FC40B100888A
:10E8900006F04AFBA088062101F022FC00B1FFDF50
:10E8A000012010BD2DE9F041060000D1FFDF164820
:10E8B000022114308046FFF738FE00B1FFDF124C12
:10E8C0000620A78A01F0A6FB0546A08AA84203D12C
:10E8D0003046FFF7CCFF20B9A08A3146FFF7AAFDEA
:10E8E00030B1304600F012FD0028EED10120BBE728
:10E8F00002214046FFF719FE10B9A08AB842E4D1C0
:10E900000020B1E77000002090060020C8B101008F
:10E9100010B500F083FC08B10C2010BD0AF096F988
:10E92000002010BD10B50446007818B1012801D0B0
:10E93000122010BD00F07DFC20B10AF0FDF908B1F5
:10E940000C2010BD207800F053FCE21D04F11703E9
:10E95000611CBDE810400AF09BB910B5044600F0F8
:10E960005DFC08B10C2010BD207818B1012801D041
:10E97000122010BD00F03CFC611C0AF041F908B106
:10E98000002010BD072010BD10B50AF0D9F908B15C
:10E99000002010BD302010BD10B5044600F049FC29
:10E9A00008B10C2010BD20460AF0C2F9002010BDAD
:10E9B00010B500F03EFC20B10AF0BEF908B10C2001
:10E9C00010BD0AF0A7F9002010BDFF2181704FF69D
:10E9D000FF718180F84949680A7882718A880281CA
:10E9E0004988418101214170002070471CB50024F5
:10E9F00012F1080F15D00CDC12F1280F11D012F112
:10EA0000140F0ED012F1100F0BD012F10C0F0CD10D
:10EA100007E012F1040F04D01AB1032A01D0042A2E
:10EA200003D1012804D0032806D0122420461CBD9F
:10EA30001046FEF7D0FFF9E708461446694600F095
:10EA400010FC08B10224F1E7019880F86740002427
:10EA5000ECE710B5134601220AF003FC002010BDBC
:10EA600010B5044600F0E5FB08B10C2010BD2146AE
:10EA7000002006F0CCFA002010BD10B5044607F0C7
:10EA800095F920B1207807F003F8002010BD0C2084
:10EA900010BD10B5044600F0CCFB08B10C2010BD31
:10EAA0002146012006F0B3FA002010BD38B5044617
:10EAB0004FF6FF70ADF80000A079E179884216D0DA
:10EAC0002079FEF78DFC90B16079FEF789FC70B17A
:10EAD0000022A07911460BF0DBFB40B90022E0795F
:10EAE00011460BF0D5FB10B9207A072801D9122066
:10EAF00038BD07F067F948B900216846FFF715FDF2
:10EB000020B1204605F0ADFB002038BD0C2038BDFB
:10EB10002DE9FC41817804461A2925D00EDC1629FE
:10EB20002DD2DFE801F02C2C2C2C2C212C2C2C2C81
:10EB30002C2C2C2C2C2C2C2C2C2121212A291ED0A5
:10EB40000BDCA1F11E010C2919D2DFE801F0181825
:10EB50001818181818181818180D3A3904290ED250
:10EB6000DFE801F00D020D022088B0F5706F06D2CB
:10EB70000127694600F075FB18B10220F0E412206D
:10EB8000EEE4019D68462E4605F5C87506F291161D
:10EB900000F05AFB08B1287808B10C20E0E42F708F
:10EBA000A0783070684600F069FB0020D8E41CB5FE
:10EBB0000C46694600F055FB002118B12160217117
:10EBC00002201CBD0198024610F1700080F842102E
:10EBD00093682360137B237190F84230002BF5D1AA
:10EBE00000201CBD10B5044600F023FB20B10AF044
:10EBF000A3F808B10C2010BD207800F0F9FAE279F2
:10EC0000611C0AF06EF908B1002010BD022010BD91
:10EC100010B5886E60B1002241F8682F0120CA71DA
:10EC2000897988400BF028FB002800D01F2010BDF8
:10EC30000C2010BD1CB50C46694600F012FB0028E4
:10EC400005D10198B0F87000401C208000201CBD48
:10EC50001CB504460088694600F003FB08B1022099
:10EC60001CBD606828B1DDE90001224600F09CFB74
:10EC70001CBDDDE90001FFF7CBFF1CBD10B500781E
:10EC8000012800D00020FEF7A1FE002010BDF0B545
:10EC900044888188C288038945898089A71F40F6F6
:10ECA0007B46B74215D28F1FB74212D28C4210D882
:10ECB000B2F5FA7F0DD2A3F10A04361FB44208D28E
:10ECC000521C4A43B2EB830F03DA854201D800207D
:10ECD000F0BD3020F0BDF8B515460E46044607F0ED
:10ECE00071F808B10C20F8BD204600F09CFB00280C
:10ECF000F9D1A078C1064FF01100F4D5E17D0329C8
:10ED0000F1D0FEF76DFE3070A07555B9FF208DF87B
:10ED1000000069460020FEF74DFE69460020FEF720
:10ED20003EFE2046BDE8F840FEF7BDBD0022D2E71A
:10ED30000078C10801D01220704720498876002051
:10ED4000704710B504460078C00704D1608810B140
:10ED5000FEF711FE80B12078618800F00102607832
:10ED600000F0ACFB002806D1FEF7FDFD01466088EF
:10ED7000884203D9072010BD122010BD6168FEF73C
:10ED800019FE002010BD10B504460078C00704D15C
:10ED9000608810B1FEF730FE90B12078618800F0F5
:10EDA0000102607800F08AFB002804D16088616865
:10EDB000FEF7F5FD002010BD700000209006002039
:10EDC0001220F8E77CB5044640784225012808D88F
:10EDD000A078FEF745FC20B120781225012802D04A
:10EDE00090B128467CBDFEF710FE20B1A088002817
:10EDF000F7D08028F5D8FEF70FFE60B160780028C4
:10EE0000EFD02078012808D006F07EF9044606F0FD
:10EE100009FE00287FD00C207CBDFEF762FC10B9F3
:10EE2000FEF7F1FD90B306F0CDFF0028F3D1FEF719
:10EE3000D6FBA0F57F41FF39EDD1FEF7D6FCA688C1
:10EE400042F210704643A079FEF79CFDFEF7CDFD1F
:10EE5000F8B10022062101A801F002F9040058D0FF
:10EE6000F7480021846020460AF01EF92046FEF78C
:10EE7000EDFEF44D04F13000AA89E989C2830184D2
:10EE8000FEF7CCFD60B1288A01210DE0FFE71220DA
:10EE90007CBD3146002006F0FEFD88B3FFDF44E074
:10EEA000FEF7BEFD0146288A06F090FE0146A062EC
:10EEB0000022204606F02BF9FEF7B0FD38B9FEF728
:10EEC000AFFD0246214601200AF0E3FAD0B1DD4A47
:10EED0002146163201200AF0DEFAE87A0090AB7A79
:10EEE000EA89A989208801F0A5F900B1FFDF20880F
:10EEF00006F019F83146204606F0CDFD00B1FFDFDF
:10EF000013E008E00621BDF8040001F0E9F800B1C3
:10EF1000FFDF09207CBD44B1208806F005F8208879
:10EF2000062101F0DDF800B1FFDF00207CBD0021EB
:10EF300048E770B50D46062101F0C0F8040003D083
:10EF400094F8930110B10AE0022070BD94F87D009E
:10EF5000142801D0152802D194F8E00108B10C2042
:10EF600070BD1022294604F5CA70FEF7E2F90120AF
:10EF700084F89301002070BD10B5062101F09EF8C1
:10EF800018B190F8931111B107E0022013E790F83F
:10EF90007D10142903D0152901D00C200BE7022184
:10EFA00080F89311002006E72DE9FC410D464BF651
:10EFB00080321221954213D895B1694600F051F97B
:10EFC00000280CD1019EB41C703627882A46394689
:10EFD00030460AF02AF82088B842F6D10020CDE564
:10EFE0000846CBE51CB504460088694600F039F9AF
:10EFF000002808D10199A378084691F82C20703197
:10F000009A4201D10C201CBD7F220A728A72002212
:10F01000CA72E17880F82D10217980F82E10A1783D
:10F0200080F82C1010461CBD1CB50C46694600F03B
:10F0300018F9002806D1019890F88C0000B1012041
:10F04000207000201CBD7CB50D461446694600F0BA
:10F0500008F9002805D1019890F82C00012801D06A
:10F060000C207CBD019890F87810297090F87900F8
:10F07000207000207CBD70B50D461646062101F0BB
:10F080001DF818B381880124C388428804EB410429
:10F09000AC4217D842F210746343A4106243B3FB2E
:10F0A000F2F2521E94B24FF4FA72944200D914460E
:10F0B000A54200D22C46491C641CB4FBF1F24A4321
:10F0C000521E91B290F8CC211AB901E0022070BD15
:10F0D00001843180002070BD10B50C46062100F07F
:10F0E000EDFF48B180F8FF4024B190F8FD1009B160
:10F0F00006F083FD00205EE602205CE6017899B10F
:10F10000417889B141881B290ED381881B290BD3F3
:10F11000C188022908D34B490268283941F8322FA7
:10F1200040684860002070471220704710B506F014
:10F130001EFD00203FE610B506F01CFD00203AE65B
:10F1400070B514460A46064600250121104606F011
:10F150003DFD002800D8284605460121304600F034
:10F160004EF806460121002000F049F8311801222E
:10F1700096318D4206D901F19600691AB1FBF0F083
:10F18000401C82B22280002070BD10B5044600F001
:10F1900050F808B10C200EE6601C09F08FFE2078B4
:10F1A00000F00100FEF7BAFA002004E610B50446AC
:10F1B000062000F021FF08B10C20FCE52078C007F4
:10F1C00010D00022607811460BF062F808B11220CE
:10F1D000F1E5A06808F073FD6078616808F078FDDB
:10F1E0000020E8E5002008F06AFD00210846F5E768
:10F1F00018B1022801D0012070470020704710B5D7
:10F20000012904D0022905D0FFDF2046D3E5C00044
:10F21000503001E080002C3084B2F6E710B506F0E3
:10F22000D1FD20B1FEF755FA08B10120C3E5002059
:10F23000C1E510B506F0C6FD002800D00120BAE5F2
:10F240007000002090060020416891F82C0191F890
:10F250008C1021B918B1042801D00120704700207A
:10F26000704710B50C46062100F028FF606018B109
:10F270000120207000209EE502209CE5416891F865
:10F28000FD20002A05D0002281F8FD20406806F00C
:10F29000B4BC704708B54FF6FF70ADF8000006E04B
:10F2A0000621BDF8000000F01BFF00B1FFDF0021C8
:10F2B0006846FFF73AF90028F2D008BD70B5144649
:10F2C0000546012200F00EF9002806D12146284605
:10F2D000BDE87040002200F005B970BDFB2803D8DE
:10F2E00040F64800814201D9112070470020704744
:10F2F0001B38E12806D2B1F5A47F03D344F2902055
:10F30000814201D912207047002070471FB58E49F5
:10F31000897ECA0702D10278192A0AD08A0702D444
:10F320000278182A24D0490739D40178122933D019
:10F3300035E04088ADF8000002A9FFF792FF00B168
:10F34000FFDF039810F8601F8DF8021040788DF8E9
:10F3500003000020ADF8040001B9FFDF9DF80300B1
:10F3600000B9FFDF6846FFF7A7F9D8B1FFDF19E062
:10F370004088ADF8000040F64800FB21ADF80400DD
:10F38000ADF80800ADF80210ADF806106846FFF7BA
:10F390006DFA38B1FFDF05E0007BC00702D0002026
:10F3A00004B008E50120FBE7F8B50646508914468D
:10F3B0000F4640B1B0F5004F05D20022A0781146AB
:10F3C0000AF066FF08B11220F8BDB86E394607F1A1
:10F3D000700530B1A07891F86E20904201D00C20D9
:10F3E000F8BD012081F86F00A07881F86E00606898
:10F3F00041F8680F608988802089A884002087F8F8
:10F400006F0020886946FFF715FCA88CBDF8001036
:10F41000081A00B2002804DD39463046FFF7F8FB31
:10F42000DDE70020F8BD38B504460078EF2841D864
:10F430006088ADF80000009800F061F888B361883A
:10F44000080708D4D4E90120824233D8202A31D3D6
:10F45000B0F5804F2ED8207B18B307282AD8607BC0
:10F4600028B1012803D0022801D0032822D14A075D
:10F4700003D4022801D0032805D1A07B08B10128BC
:10F4800018D1480707D4607D28B1012803D002288D
:10F4900001D003280ED1C806E07D03D5012809D18B
:10F4A00004E007E0012801D0032803D1E07E18B171
:10F4B000012801D0122038BD002038BD70B50C469F
:10F4C0000546FF2904D8FEF7A9FA18B11F2C01D967
:10F4D000122070BD2846FEF7C3F808B1002070BDA9
:10F4E000422070BD0AB1012200E00222024202D194
:10F4F000880802D109B1002070471120704780B2FE
:10F50000C1060BD401071CD481064FEAC07101D596
:10F51000B9B900E099B1800713D410E0410610D4C6
:10F5200081060ED4C1074FEA807104D0002902DBA6
:10F53000400704D405E0010703D4400701D40120AB
:10F5400070470020704700009006002030B5058805
:10F5500025F4004421448CB24FF4004194420AD275
:10F56000121B92B21B339A4201D2A94307E005F461
:10F570000041214303E0A21A92B2A9431143018042
:10F5800030BD0844083050434A31084480B27047C7
:10F5900070B51D4616460B46044629463046049A69
:10F5A000FFF7EFFF0646B34200D2FFDF282200211B
:10F5B0002046FDF7E8FE4FF6FF70A082283EB0B26D
:10F5C00065776080B0F5004F00D9FFDF618805F1F5
:10F5D0003C00814200D2FFDF60880835401B343890
:10F5E00080B220801B2800D21B2020800020A07722
:10F5F00070BD8161886170472DE9F05F0D46C1885B
:10F60000044600F12809008921F4004620F400484E
:10F6100000F063FB10B10020BDE8F09F4FF0000A3E
:10F620004FF0010BB0450CD9617FA8EB0600401AE2
:10F630000838854219DC09EB06000021058041806D
:10F640001AE06088617F801B471A083F0DD41B2F8A
:10F6500000DAFFDFBD4201DC294600E0B9B2681ADA
:10F660000204120C04D0424502DD84F817A0D2E750
:10F6700009EB06000180428084F817B0CCE770B532
:10F68000044600F12802C088E37D20F400402BB13D
:10F6900010440288438813448B4201D2002070BD7D
:10F6A00000258A4202D30180458008E0891A0904B6
:10F6B000090C418003D0A01D00F01FFB08E0637F10
:10F6C00000880833184481B26288A01DFFF73EFF0E
:10F6D000E575012070BD70B5034600F12804C588AA
:10F6E000808820F400462644A84202D100201882D7
:10F6F00070BD98893588A84206D3401B75882D1A9D
:10F700002044ADB2C01E05E02C1AA5B25C7F204497
:10F710003044401D0C88AC4200D90D809C8924B136
:10F72000002414700988198270BD0124F9E770B5AE
:10F73000044600F12801808820F400404518208A02
:10F74000002825D0A189084480B2A08129886A8830
:10F750001144814200D2FFDF2888698800260844CE
:10F76000A189884212D1A069807F2871698819B166
:10F77000201D00F0C2FA08E0637F2888083318448F
:10F7800081B26288201DFFF7E1FEA681268201205A
:10F7900070BD2DE9F041418987880026044600F1BB
:10F7A0002805B94219D004F10A0800BF21F400402D
:10F7B0002844418819B1404600F09FFA08E0637F71
:10F7C00000880833184481B262884046FFF7BEFEC5
:10F7D000761C6189B6B2B942E8D13046BDE8F08105
:10F7E0002DE9F04104460B4627892830A68827F4E6
:10F7F0000041B4F80A8001440D46B74201D100200F
:10F80000ECE70AB1481D106023B1627F691D1846FC
:10F81000FDF78FFD2E88698804F1080021B18A194F
:10F8200096B200F06AFA06E0637F6288083399199D
:10F8300089B2FFF78BFE474501D1208960813046B0
:10F84000CCE78188C088814201D101207047002027
:10F85000704701898088814201D1012070470020D2
:10F86000704770B58588C38800F1280425F40042EC
:10F8700023F4004114449D421AD08389058A5E19FD
:10F8800025886388EC18A64214D313B18B4211D398
:10F890000EE0437F08325C192244408892B2801AFD
:10F8A00080B22333984201D211B103E08A4201D1E0
:10F8B000002070BD012070BD2DE9F0478846C18849
:10F8C0000446008921F4004604F1280720F400458D
:10F8D00007EB060900F001FA002178BBB54204D914
:10F8E000627FA81B801A002503E06088627F801B6E
:10F8F000801A083823D4E28962B1B9F80020B9F837
:10F9000002303BB1E81A2177404518DBE0893844E2
:10F91000801A09E0801A217740450ADB607FE1897F
:10F920000830304439440844C01EA4F81280BDE8B1
:10F93000F087454503DB01202077E7E7FFE7618299
:10F940000020F4E72DE9F74F044600F12805C088B0
:10F95000884620F4004A608A05EB0A0608B1404553
:10F9600002D20020BDE8FE8FE08978B13788B6F872
:10F97000029007EB0901884200D0FFDF207F4FF0A3
:10F98000000B50EA090106D088B33BE00027A07FB6
:10F99000B9463071F2E7E18959B1607F29440830F6
:10F9A00050440844B4F81F1020F8031D94F82110A7
:10F9B0008170E28907EB080002EB0801E1813080E9
:10F9C000A6F802B002985F4650B1637F30880833D2
:10F9D000184481B26288A01DFFF7B8FDE78121E0DD
:10F9E000607FE18908305044294408442DE0FFE756
:10F9F000E089B4F81F102844C01B20F8031D94F8B8
:10FA00002110817009EB0800E28981B202EB080045
:10FA1000E081378071800298A0B1A01D00F06DF9DF
:10FA2000A4F80EB0A07F401CA077A07D08B1E088AC
:10FA3000A08284F816B000BFA4F812B084F817B002
:10FA400001208FE7E0892844C01B30F8031DA4F88B
:10FA50001F10807884F82100EEE710B5818800F14E
:10FA6000280321F400442344848AC288A14212D08E
:10FA7000914210D0818971B9826972B11046FFF745
:10FA8000E8FE50B91089283220F40040104419795A
:10FA90000079884201D1002010BD184610BD00F148
:10FAA0002803407F08300844C01E1060088808B949
:10FAB000DB1E136008884988084480B270472DE92E
:10FAC000F04100F12806407F1C460830904643185C
:10FAD00008884D88069ADB1EA0B1C01C80B29042F7
:10FAE00014D9801AA04200DB204687B298183A4603
:10FAF0004146FDF7F1FB002816D1E01B84B2B84463
:10FB0000002005E0ED1CADB2F61EE8E7101A80B249
:10FB10000119A94206D8304422464146BDE8F041C9
:10FB2000FDF7DABB4FF0FF3058E62DE9F04100F168
:10FB30002804407F1E460830904643180025088858
:10FB40004F88069ADB1E90B1C01C80B2904212D939
:10FB5000801AB04200DB304685B299182A464046EA
:10FB6000FDF7E7FB701B86B2A844002005E0FF1CF0
:10FB7000BFB2E41EEAE7101A80B28119B94206D872
:10FB8000211832464046FDF7D4FBA81985B2284615
:10FB900024E62DE9F04100F12804407F1E4608309C
:10FBA00090464318002508884F88069ADB1E90B1BE
:10FBB000C01C80B2904212D9801AB04200DB30469D
:10FBC00085B298182A464146FDF7B3FB701B86B2F2
:10FBD000A844002005E0FF1CBFB2E41EEAE7101AAB
:10FBE00080B28119B94206D8204432464146FDF719
:10FBF000A0FBA81985B22846F0E5401D704710B556
:10FC0000044600F12801C288808820F4004319448A
:10FC1000904206D0A28922B9228A12B9A28A9042C1
:10FC200001D1002010BD0888498831B1201D00F0A5
:10FC300064F800202082012010BD637F62880833B1
:10FC4000184481B2201DFFF781FCF2E70021C18139
:10FC500001774182C1758175704703881380C2891D
:10FC600042B1C28822F4004300F128021A440A601B
:10FC7000C08970470020704710B50446808AA0F5FF
:10FC80007F41FF3900D0FFDFE088A082E08900B12A
:10FC90000120A07510BD4FF6FF7181820021817592
:10FCA000704710B50446808AA0F57F41FF3900D126
:10FCB000FFDFA07D28B9A088A18A884201D1002059
:10FCC00010BD012010BD8188828A914201D1807DC2
:10FCD00008B1002070470120704720F4004221F451
:10FCE00000439A4207D100F4004001F400418842E9
:10FCF00001D0012070470020704730B504460088CD
:10FD00000D4620F40040A84200D2FFDF21884FF4C6
:10FD1000004088432843208030BD70B50C00054664
:10FD200009D0082C00D2FFDF1DB1A1B2286800F075
:10FD300044F8201D70BD0DB100202860002070BD6A
:10FD40000021026803E093881268194489B2002AEE
:10FD5000F9D100F032B870B500260D4604460829E6
:10FD600000D2FFDF206808B91EE0044620688188C1
:10FD7000A94202D001680029F7D181880646A9422C
:10FD800001D100680DE005F1080293B2002299420A
:10FD900009D32844491B02608180216809682160D9
:10FDA0000160206000E00026304670BD00230B603B
:10FDB0008A8002680A600160704700234360021D68
:10FDC000018102607047F0B50F46018840881546F2
:10FDD0000C181E46AC4200D3641B3044A84200D924
:10FDE000FFDFA019A84200D9FFDF3819F0BD2DE9C7
:10FDF000F041884606460188408815460C181F4683
:10FE0000AC4200D3641B3844A84200D9FFDFE0199C
:10FE1000A84200D9FFDF70883844708008EB0400E6
:10FE2000BDE8F0812DE9F041054600881E461746E1
:10FE3000841B8846BC4200D33C442C8068883044F4
:10FE4000B84200D9FFDFA019B84200D9FFDF6888A7
:10FE50003044688008EB0400E2E72DE9F0410688B1
:10FE60001D460446701980B2174688462080B84265
:10FE700001D3C01B20806088A84200D2FFDF701928
:10FE8000B84200D9FFDF6088401B608008EB0600A5
:10FE9000C6E730B50D460188CC18944200D3A41AA9
:10FEA0004088984200D8FFDF281930BD2DE9F04185
:10FEB000BF4D04469046A8780E46A04200D8FFDF0A
:10FEC00005EB8607786A50F8240000B1FFDFB868B8
:10FED000002816D0304600F032F90146B868FFF726
:10FEE0003AFF05000CD0786A072E40F8245000D362
:10FEF000FFDFB0484246294650F826302046984752
:10FF00002846BDE8F0812DE9F84305000C46009530
:10FF100024D00026E81C20F00300A84200D0FFDF18
:10FF2000DFF88C820027314688F8007088F801409D
:10FF300088F8024088F8034088F8044088F80540B3
:10FF400088F80640684600F003F900204246009910
:10FF5000C91C21F00301009116B10FE00126D9E779
:10FF600002EB80035962002106E000BFD3F824C0F1
:10FF70004CF82170491CC9B2A142F7D30099401C2A
:10FF800001EB8401C0B200910728E0D3481BBDE813
:10FF9000F88310B50446F1F774F908B1102010BDCC
:10FFA0002078834A618802EB800092780EE0436AF1
:10FFB00053F8213043B14A1C6280A180406A50F856
:10FFC0002100A060002010BD491C89B28A42EED8F1
:10FFD0006180052010BD70B505460C460846F1F756
:10FFE00050F908B1102070BD072D01D3072070BD56
:10FFF00025700020608070BD0EB56946FFF7EBFFED
:020000040001F9
:1000000000B1FFDF6846FFF7C4FF08B100200EBD56
:1000100001200EBD10B50446072800D3FFDF644859
:10002000005D10BD3EB5054600246946FFF7D3FFCD
:1000300018B1FFDF01E0641CE4B26846FFF7A9FFD6
:100040000028F8D02846FFF7E5FF001BC0B23EBDF0
:1000500057498978814201D9C0B27047FF20704763
:100060002DE9F04106291BD1514C00273B464FF6A4
:10007000FF7604EB810514F801C00AE0DC19D5F81D
:1000800024E0A4B25EF824E0BEF1000F04D05B1CB3
:100090009BB29C45F2D8344604802046B44201D13C
:1000A00000202EE7BDE8F04100E7A0F57F43FF3BCD
:1000B00001D0072901D300207047F7E6A0F57F4261
:1000C000FF3A0BD0072909D2394A9378834205D9E0
:1000D00002EB8101496A51F8200070470020704707
:1000E0002DE9F04104460D46A4F57F4143F202009C
:1000F000FF3902D0072D01D3072002E72C494FF02A
:1001000000088A78A242F8D901EB8506726A52F893
:100110002470002FF1D0274839461C3050F8252094
:1001200020469047716A284641F8248000F007F87D
:1001300002463946B068FFF739FE0020E1E61D4966
:10014000383131F810004FF6FC71C01C0840704780
:100150002DE9F843164E8846054600242868C01C41
:1001600020F0030028602046FFF7E9FF315D484397
:10017000B8F1000F01D0002200E02A680146009289
:1001800032B100274FEA0D00FFF7C7FD1FB106E0AF
:1001900001270020F8E706EB8401009A8A602968AD
:1001A000641C0844E4B22860072CD7D3EFE60000B3
:1001B000AC060020D4B1010070B50E461D461146B4
:1001C00000F0D5F804462946304600F0D9F820441E
:1001D000001D70BD2DE9F04190460D4604004FF022
:1001E000000610D00027E01C20F00300A04200D041
:1001F000FFDFE5B141460020FFF78FFD0C3000EB3B
:10020000850617B113E00127EDE7624F04F10C00FA
:10021000AA003C602572606000EB85002060002130
:100220006068FDF7B0F841463868FFF776FD304664
:10023000BDE8F0812DE9FF4F564C804681B0206823
:100240009A46934600B9FFDF2068027A424503D9F7
:10025000416851F8280020B143F2020005B0BDE822
:10026000F08F5146029800F082F886B258460E99F7
:1002700000F086F885B27019001D87B22068A1468B
:1002800039460068FFF767FD04001FD067802580AE
:100290002946201D0E9D07465A4601230095FFF76B
:1002A00077F92088314638440123029ACDF800A01E
:1002B000FFF76EF92088C1193846FFF79AF9D9F887
:1002C00000004168002041F82840C7E70420C5E746
:1002D00070B5304C0546206800B9FFDF2068017A10
:1002E000A9420ED9426852F8251051B1002342F8B4
:1002F00025304A880068FFF759FD216800200A7AF6
:1003000008E043F2020070BD4B6853F8203033B967
:10031000401CC0B28242F7D80868FFF711FD0020E8
:1003200070BD70B51B4E05460024306800B9FFDF74
:100330003068017AA94204D9406850F8250000B11C
:10034000041D204670BD70B5124E0546002430686D
:1003500000B9FFDF3068017AA94206D9406850F839
:10036000251011B131F8040B4418204670BD10B5AA
:100370000A460121FFF705F9C01C20F0030010BD5B
:1003800010B50A460121FFF7FCF8C01C20F003005D
:1003900010BD00007C00002070B50446C2F11005BD
:1003A0002819FCF7C6FF15F0FF0109D0491ECAB293
:1003B0008020A0542046BDE870400021FCF7E3BF38
:1003C00070BD30B505E05B1EDBB2CC5CD55C6C402B
:1003D000C454002BF7D130BD10B5002409E00B78D0
:1003E000521E44EA430300F8013B11F8013BD2B22C
:1003F000DC09002AF3D110BD2DE9F04389B01E4677
:10040000DDE9107990460D00044622D002460846E8
:10041000F949FEF71EFB102221463846FFF7DCFFA4
:10042000E07B000606D5F44A394610231032084610
:10043000FFF7C7FF102239464846FFF7CDFFF87B8C
:10044000000606D5EC4A4946102310320846FFF74D
:10045000B8FF102200212046FCF795FF0DE0103E6A
:10046000B6B208EB0601102322466846FFF7A9FF43
:10047000224628466946FEF7ECFA102EEFD818D02F
:10048000F2B241466846FFF787FF10234A466946A5
:1004900004A8FFF796FF1023224604A96846FFF739
:1004A00090FF224628466946FEF7D3FA09B0BDE818
:1004B000F08310233A464146EAE770B59CB01E46E9
:1004C0000546134620980C468DF808002022194650
:1004D0000DF10900FCF72DFF202221460DF1290026
:1004E000FCF727FF17A913A8CDE90001412302AAB1
:1004F00031462846FFF780FF1CB070BD2DE9FF4F45
:100500009FB014AEDDE92D5410AFBB49CDE90076A4
:10051000202320311AA8FFF76FFF4FF000088DF855
:1005200008804FF001098DF8099054F8010FCDF8BB
:100530000A00A088ADF80E0014F8010C1022C0F3D8
:1005400040008DF8100055F8010FCDF81100A88873
:10055000ADF8150015F8010C2C99C0F340008DF88A
:10056000170006A88246FCF7E4FE0AA8834610227C
:100570002299FCF7DEFEA0483523083802AA40681D
:100580008DF83C80CDE900760E901AA91F98FFF7F0
:1005900033FF8DF808808DF809902068CDF80A00A7
:1005A000A088ADF80E0014F8010C1022C0F3400032
:1005B0008DF810002868CDF81100A888ADF8150056
:1005C00015F8010C2C99C0F340008DF81700504627
:1005D000FCF7AFFE584610222299FCF7AAFE864887
:1005E0003523083802AA40688DF83C90CDE90076A2
:1005F0000E901AA92098FFF7FFFE23B0BDE8F08FF8
:10060000F0B59BB00C460546DDE922101E461746A4
:10061000DDE92032D0F801C0CDF808C0B0F805C03F
:10062000ADF80CC00078C0F340008DF80E00D1F892
:100630000100CDF80F00B1F80500ADF813000878FF
:100640001946C0F340008DF815001088ADF816006B
:1006500090788DF818000DF119001022FCF769FE52
:100660000DF1290010223146FCF763FE0DF139002F
:1006700010223946FCF75DFE17A913A8CDE9000149
:10068000412302AA21462846FFF7B6FE1BB0F0BD63
:10069000F0B5A3B017460D4604461E46102202A828
:1006A0002899FCF746FE06A820223946FCF741FEB1
:1006B0000EA820222946FCF73CFE1EA91AA8CDE967
:1006C0000001502302AA314616A8FFF795FE16989E
:1006D000206023B0F0BDF0B589B00446DDE90E0717
:1006E0000D463978109EC1F340018DF80010317825
:1006F0009446C1F340018DF801101968CDF802103D
:100700009988ADF8061099798DF808100168CDF830
:1007100009108188ADF80D1080798DF80F00102335
:100720006A46614604A8FFF74CFE2246284604A903
:10073000FEF78FF9D6F801000090B6F80500ADF885
:100740000400D7F80100CDF80600B7F80500ADF8B1
:100750000A000020039010236A46214604A8FFF7F0
:1007600030FE2246284604A9FEF773F909B0F0BD11
:100770001FB51C6800945B6801931368029352686C
:100780000392024608466946FEF763F91FBD10B59D
:1007900088B00446106804905068059000200690C8
:1007A000079008466A4604A9FEF753F9BDF8000011
:1007B000208008B010BD1FB51288ADF800201A883F
:1007C000ADF80220002201920292039202460846EE
:1007D0006946FEF73EF91FBD7FB5074B1446054637
:1007E000083B9A1C6846FFF7E6FF22466946284602
:1007F000FFF7CDFF7FBD000022B2010070B50446B7
:1008000000780E46012813D0052802D0092813D1FC
:100810000EE0A06861690578042003F07FFA052DD9
:100820000AD0782300220420616903F0CDF903E0A7
:100830000420616903F072FA31462046BDE8704039
:1008400001F08AB810B500F12D03C2799C78411DE2
:10085000144064F30102C271D2070DD04A795C7969
:1008600022404A710A791B791A400A718278C97844
:100870008A4200D9817010BD00224A71F5E74178A3
:10088000012900D00C21017070472DE9F04F93B081
:100890004FF0000B0C690D468DF820B00978012649
:1008A0000C2017464FF00D084FF0110A4FF00809C1
:1008B0001B2975D2DFE811F01B00C40207031F03D8
:1008C0005E037103A303B803F9031A0462049504D9
:1008D000A204EF042D05370555056005F30536061E
:1008E000390668068406FE062207EB06F00614B1F8
:1008F00020781D282AD0D5F808805FEA08004FD05C
:1009000001208DF82000686A02220D908DF82420C5
:100910000A208DF82500A8690A90A8880028EED042
:1009200098F8001091B10F2910D27DD2DFE801F0C4
:100930007C1349DEFCFBFAF9F8F738089CF6F50061
:1009400002282DD124B120780C2801D00026F0E314
:100950008DF82020CBE10420696A03F0DFF9A88834
:100960000728EED1204600F0F2FF022809D02046E9
:1009700000F0EDFF032807D9204600F0E8FF072824
:1009800002D20120207004E0002CB8D02078012889
:10099000D7D198F80400C11F0A2902D30A2061E0C8
:1009A000C4E1A070D8F80010E162B8F80410218604
:1009B00098F8060084F83200012028700320207087
:1009C00044E00728BDD1002C99D020780D28B8D15B
:1009D00098F8031094F82F20C1F3C000C2F3C002AE
:1009E000104201D0062000E00720890707D198F8BF
:1009F00005100142D2D198F806100142CED194F8E8
:100A0000312098F8051020EA02021142C6D194F86C
:100A1000322098F8061090430142BFD198F80400A4
:100A2000C11F0A29BAD200E008E2617D81427CD868
:100A3000D8F800106160B8F80410218198F8060019
:100A4000A072012028700E20207003208DF8200055
:100A5000686A0D9004F12D000990601D0A900F3016
:100A60000B9022E12875FCE3412891D1204600F04B
:100A70006EFF042802D1E078C00704D1204600F0C0
:100A800066FF0F2884D1A88CD5F80C8080B24FF077
:100A9000400BE669FFF745FC324641465B464E4651
:100AA000CDF80090FFF741F80B208DF82000686A20
:100AB0000D90E0690990002108A8FFF79FFE2078BB
:100AC000042806D0A07D58B1012809D003280AD0F7
:100AD0004AE305202070032028708DF82060CEE1C5
:100AE00084F800A032E712202070EAE11128BCD17E
:100AF000204600F02CFF042802D1E078C00719D06E
:100B0000204600F024FF062805D1E078C00711D167
:100B1000A07D02280ED0204608E0CCE084E072E1FF
:100B200051E124E103E1E9E019E0B0E100F00FFF59
:100B300011289AD1102208F1010104F13C00FCF7C0
:100B4000F8FB607801286ED012202070E078C00792
:100B500060D0A07D0028C8D00128C6D05AE0112856
:100B600090D1204600F0F3FE082804D0204600F083
:100B7000EEFE132886D104F16C00102208F1010169
:100B80000646FCF7D6FB207808280DD014202070EC
:100B9000E178C8070DD0A07D02280AD06278022A29
:100BA00004D00328A1D035E00920F0E708B10128DE
:100BB00037D1C80713D0A07D02281DD00020009097
:100BC000D4E9062133460EA8FFF777FC10220EA9C0
:100BD00004F13C00FCF780FBC8B1042042E7D4E9F3
:100BE0000912201D8DE8070004F12C0332460EA8DF
:100BF000616BFFF770FDE9E7606BC1F34401491ECB
:100C00000068C84000F0010040F08000D7E720787D
:100C1000092806D185F800908DF8209036E32870D9
:100C2000EFE30920FBE79EE1112899D1204600F06F
:100C30008EFE0A2802D1E078C00704D1204600F0D9
:100C400086FE15288CD104F13C00102208F1010128
:100C50000646FCF76EFB20780A2816D01620207076
:100C6000D4E90932606B611D8DE80F0004F15C036B
:100C700004F16C0247310EA8FFF7C2FC10220EA946
:100C80003046FCF729FB18B1F9E20B20207073E223
:100C90002046FFF7D7FDA078216AC0F110020B189B
:100CA00000211846FCF76FFB26E3394608A8FFF73A
:100CB000A5FD06463CE20228B7D1204600F047FEDB
:100CC000042804D3204600F042FE082809D3204619
:100CD00000F03DFE0E2829D3204600F038FE1228F1
:100CE00024D2A07D0228A0D10E208DF82000686AB1
:100CF0000D9098F801008DF82400F5E3022894D1B6
:100D0000204600F024FE002810D0204600F01FFEF0
:100D10000128F9D0204600F01AFE0C28F4D0042057
:100D20008DF8240098F801008DF8250060E2112864
:100D3000FCD1002CFAD020781728F7D16178606AAE
:100D4000022912D05FF0000101EB4101182606EBE9
:100D5000C1011022405808F10101FCF7EAFA042011
:100D6000696A00F0E7FD2670F0E50121ECE70B2849
:100D7000DCD1002CDAD020781828D7D16078616ACD
:100D800002281CD05FF0000000EB4002102000EBB6
:100D9000C2000958B8F8010008806078616A02282A
:100DA0000FD0002000EB4002142000EBC2000958D5
:100DB000404650F8032F0A604068486039E001203F
:100DC000E2E70120EEE71128B0D1002CAED0207868
:100DD0001928ABD16178606A022912D05FF0000156
:100DE00001EB41011C2202EBC1011022405808F125
:100DF0000101FCF79EFA0420696A00F09BFD1A20AD
:100E0000B6E00121ECE7082890D1002C8ED02078A4
:100E10001A288BD1606A98F80120017862F34701A3
:100E20000170616AD8F8022041F8012FB8F8060075
:100E300088800420696A00F07DFD90E2072011E6B9
:100E40003878012894D1182204F114007968FCF74D
:100E500070FAE079C10894F82F0001EAD001E07837
:100E600061F30000E070217D002974D1217803290D
:100E700009D0C00725D0032028708DF82090686A1B
:100E80000D90412008E3607DA178884201D90620B9
:100E9000E8E502262671E179204621F0E001E171C2
:100EA000617A21F0F0016172A17A21F0F001A17262
:100EB000FFF7C8FC2E708DF82090686A0D9007200F
:100EC000EAE20420ABE6387805289DD18DF82000B1
:100ED000686A0D90B8680A900720ADF824000A9857
:100EE0008DF830B06168016021898180A17A8171BB
:100EF00004202070F8E23978052985D18DF820107A
:100F0000696A0D91391D09AE0EC986E80E004121AE
:100F1000ADF824108DF830B01070A88CD7F80C8084
:100F200080B24026A769FFF70EFA41463A4633469B
:100F3000C846CDF80090FEF72CFE002108A8FFF768
:100F40005DFCE07820F03E00801CE07020780528F1
:100F500002D00F200CE04AE1A07D20B1012802D090
:100F6000032802D002E10720BEE584F80080EDE40A
:100F70002070EBE4102104F15C0002F0E8FB606BF0
:100F8000B0BBA07D18B1012801D00520FDE00620EE
:100F90002870F8486063A063C2E23878022894D1D0
:100FA000387908B12875B7E3A07D022802D003285C
:100FB00005D022E0B8680028F5D060631CE06078B6
:100FC000012806D0A07994F82E10012805D0E94810
:100FD00006E0A17994F82E00F7E7B8680028E2D07F
:100FE0006063E078C00701D0012902D0E14803E046
:100FF00003E0F8680028D6D0A06306200FE68DF83D
:101000002090696A0D91E1784846C90709D0617856
:10101000022903D1A17D29B1012903D0A17D032992
:1010200000D00720287033E138780528BBD120781C
:1010300007281ED084F800A005208DF82000686ADB
:101040000D90B8680A90ADF824A08DF830B0032157
:101050000170E178CA070FD0A27D022A1AD00021C0
:101060000091D4E9061204F15C03401CFFF725FA55
:101070006BE384F80090DFE7D4E90923211D8DE8B4
:101080000E0004F12C0304F15C02401C616BFFF7BD
:1010900022FB5AE3626BC1F34401491E1268CA4045
:1010A00002F0010141F08001DAE738780528BDD16E
:1010B0008DF82000686A0D90B8680A90ADF824A0F9
:1010C0008DF830B0042100F8011B102204F15C01FE
:1010D000FCF72FF9002108A8FFF790FB20780928DA
:1010E00001D0132044E70A2020709AE5E078C10778
:1010F00042D0A17D012902D0022927D038E06178B1
:1011000008A8012916D004F16C010091D4E9061257
:1011100004F15C03001DFFF7BBFA0A2028700326C8
:101120008DF82080686A0D90002108A8FFF766FB03
:10113000E1E2C7E204F15C010091D4E9062104F187
:101140006C03001DFFF7A4FA0026E9E7C0F3440191
:1011500014290DD24FF0006101EBB0104FEAB060DE
:10116000E0706078012801D01020BDE40620FFE681
:10117000607801283FF4B6AC0A2050E5E178C90751
:1011800008D0A17D012903D10B202870042030E074
:1011900028702EE00E2028706078616B012818D02E
:1011A00004F15C0304F16C020EA8FFF7E1FA20469B
:1011B000FFF748FBA0780EAEC0F1100230440021CA
:1011C000FCF7E1F806208DF82000686A09960D907A
:1011D0009BE004F16C0304F15C020EA8FFF7C8FA6F
:1011E000E8E73978022903D139790029D0D0297567
:1011F00092E28DF82000686A0D9056E5387807284D
:10120000F6D1D4E909216078012808D004F16C00F6
:10121000CDE90002029105D104F16C0304E004F170
:101220005C00F5E704F15C0304F14C007A680646C3
:10123000216AFFF763F96078012822D1A078216A3A
:10124000C0F110020B1800211846FCF79CF8D4E9F5
:101250000923606B04F12D018DE80F0004F15C039C
:1012600000E05BE204F16C0231460EA8FFF7C8F91A
:1012700010220EA904F13C00FCF72EF808B10B2057
:10128000ACE485F8008000BF8DF82090686A0D906E
:101290008DF824A009E538780528A9D18DF820001B
:1012A000686A0D90B8680A90ADF824A08DF830B047
:1012B00080F80080617801291AD0D4E9092104F16D
:1012C0002D03A66B03910096CDE9013204F16C0366
:1012D00004F15C0204F14C01401CFFF791F900217C
:1012E00008A8FFF78BFA6078012805D015203FE6A3
:1012F000D4E90912631DE4E70E20287006208DF85A
:101300002000686ACDF824B00D90A0788DF82800F0
:10131000CBE438780328C0D1E079C00770D00F2023
:101320002870072065E7387804286BD11422391D0E
:1013300004F11400FBF7FDFF616A208CA1F809009D
:10134000616AA078C871E179626A01F003011172E3
:10135000616A627A0A73616AA07A81F824001620B1
:101360005DE485F800A08DF82090696A50460D91E3
:1013700092E0000022B201003878052842D1B86816
:10138000A8616178606A022901D0012100E0002192
:1013900001EB4101142606EBC1014058082102F07F
:1013A000D6F96178606A022901D0012100E00021AC
:1013B00001EB410106EBC101425802A8E169FFF7C8
:1013C0000BFA6078626A022801D0012000E0002058
:1013D00000EB4001102000EBC1000223105802A9CD
:1013E0000932FEF7EEFF626AFD4B0EA80932A169D1
:1013F000FFF7E1F96178606A022904D0012103E076
:1014000044E18DE0BFE0002101EB4101182606EB2D
:10141000C101A27840580EA9FBF78BFF6178606A82
:10142000022901D0012100E0002101EB410106EB7E
:10143000C1014158A0780B18C0F1100200211846D4
:10144000FBF7A1FF05208DF82000686A0D90A869C0
:101450000A90ADF824A08DF830B0062101706278B2
:10146000616A022A01D0012200E0002202EB42025E
:1014700006EBC202401C89581022FBF75AFF0021DC
:1014800008A8FFF7BBF91220C5F818B028708DF82E
:101490002090686A0D900B208DF8240005E43878C0
:1014A000052870D18DF82000686A0D90B8680A9000
:1014B0000B20ADF824000A98072101706178626A58
:1014C000022901D0012100E0002101EB410310219C
:1014D00001EBC30151580988A0F801106178626AD4
:1014E000022902D0012101E02FE1002101EB41039B
:1014F000142101EBC30151580A6840F8032F4968D1
:10150000416059E01920287001208DF8300074E600
:10151000162028708DF830B0002108A8FFF76EF96A
:10152000032617E114202870AEE6387805282AD162
:101530008DF82000686A0D90B8680A90ADF824A074
:101540008DF830B080F800906278616A4E46022AC9
:1015500001D0012200E0002202EB42021C2303EB37
:10156000C202401C89581022FBF7E3FE002108A8A4
:10157000FFF744F9152028708DF82060686A0D90F7
:101580008DF8246039E680E0387805287DD18DF823
:101590002000686A0D90B8680A90ADF8249009217F
:1015A00001706169097849084170616951F8012F3A
:1015B000C0F802208988C18020781C28A8D1A1E722
:1015C000E078C00702D04FF0060C01E04FF0070CA6
:1015D000607802280AD000BF4FF0000000EB040141
:1015E00001F1090105D04FF0010004E04FF00100C6
:1015F000F4E74FF000000B78204413EA0C030B7063
:1016000010F8092F02EA0C02027004D14FF01B0CF3
:1016100084F800C0D2B394F801C0BCF1010F00D02F
:101620009BB990F800C0E0465FEACC7C04D028F07B
:1016300001060670102606E05FEA887C05D528F0D2
:101640000206067013262E70032694F801C0BCF122
:10165000020F00D092B991F800C05FEACC7804D0B4
:101660002CF001060E70172106E05FEA8C7805D594
:101670002CF002060E701921217000260078D0BBD4
:10168000CAB3C3BB1C20207035E012E002E03878FA
:10169000062841D11A2015E4207801283CD00C28D6
:1016A0003AD02046FFF7EBF809208DF82000686A51
:1016B0000D9031E03878052805D0062038700326D3
:1016C0001820287046E005208DF82000696A0D91E9
:1016D000B9680A910221ADF8241001218DF830106B
:1016E0000A990870287D4870394608A8FFF786F8DF
:1016F000064618202870012E0ED02BE001208DF810
:101700002000686A0D9003208DF82400287D8DF854
:10171000250085F814B012E0287D80B11D202070CE
:10172000172028708DF82090686A0D9002208DF89F
:101730002400394608A8FFF761F806460AE00CB114
:10174000FE2020709DF8200020B1002108A8FFF79E
:1017500055F80CE413B03046BDE8F08F2DE9F043A6
:1017600087B00C464E6900218DF8041001202578C1
:10177000034602274FF007094FF0050C85B1012DF4
:1017800053D0022D39D1FE2030708DF80030606AC0
:10179000059003208DF80400207E8DF8050063E09D
:1017A0002179012925D002292DD0032928D0042907
:1017B00023D1B17D022920D131780D1F042D04D30E
:1017C0000A3D032D01D31D2917D12189022914D3E4
:1017D0008DF80470237020899DF80410884201E080
:1017E0001AB2010018D208208DF80000606A059036
:1017F00057E070780128EBD0052007B0BDE8F083F2
:101800001D203070E4E771780229F5D131780C2978
:10181000F3D18DF80490DDE7083402F804CB94E8A6
:101820000B0082E80B000320E7E71578052DE4D1D3
:101830008DF800C0656A0595956802958DF81010C1
:1018400094F80480B8F1010F13D0B8F1020F2DD035
:10185000B8F1030F1CD0B8F1040FCED1ADF804706D
:101860000E202870207E687000216846FEF7C6FFB3
:101870000CE0ADF804700B202870207E002100F0F1
:101880001F0068706846FEF7B9FF37700020B4E7A4
:10189000ADF804708DF8103085F800C0207E6870B7
:1018A000277011466846FEF7A9FFA6E7ADF8049039
:1018B0002B70207F6870607F00F00100A870A07F0F
:1018C00000F01F00E870E27F2A71C0071CD094F876
:1018D000200000F00700687194F8210000F0070074
:1018E000A87100216846FEF789FF2868F062A88881
:1018F0003086A87986F83200A0694078707528791A
:10190000B0700D203070C1E7A9716971E9E700B5C9
:1019100087B004280CD101208DF800008DF8040058
:10192000002005918DF8050001466846FEF766FF28
:1019300007B000BD70B50C46054602F0EFF9214630
:101940002846BDE870407823002202F03DB908B176
:10195000007870470C20704770B50C0005784FF088
:1019600000010CD021702146F1F757FC694821781D
:10197000405D884201D1032070BD022070BDF1F7A7
:101980004CFC002070BD0279012A05D000220A70AB
:101990004B78012B02D003E0042070470A758A615E
:1019A00002799300521C0271C15003207047F0B5B8
:1019B00087B00F4605460124287905EB800050F8D2
:1019C000046C7078411E02290AD252493A460839FD
:1019D00001EB8000314650F8043C28469847044605
:1019E0000CB1012C11D12879401E10F0FF00287194
:1019F00001D00324E0E70A208DF80000706A05900A
:101A0000002101966846FFF7A7FF032CD4D007B04A
:101A10002046F0BD70B515460A46044629461046D4
:101A2000FFF7C5FF064674B12078FE280BD1207C55
:101A300030B100202870294604F10C00FFF7B7FFF1
:101A40002046FEF71CFF304670BD704770B50E464D
:101A500004467C220021FBF796FC0225012E03D0D0
:101A6000022E04D0052070BD0120607000E065707A
:101A70002046FEF704FFA575002070BD28B1027C4A
:101A80001AB10A4600F10C01C4E70120704710B5F5
:101A9000044686B0042002F041F92078FE2806D0E2
:101AA00000208DF8000069462046FFF7E7FF06B0EA
:101AB00010BD7CB50E4600218DF804104178012937
:101AC00003D0022903D0002405E0046900E0446942
:101AD0000CB1217C89B16D4601462846FFF753FFC2
:101AE000032809D1324629462046FFF793FF9DF887
:101AF0000410002900D004207CBD04F10C05EBE7A4
:101B000030B40C460146034A204630BC024B0C3A26
:101B1000FEF751BE60B201001AB2010070B50D4669
:101B2000040012D08DB1220100212846FBF72BFCC6
:101B3000102255492846FBF7FCFB53480121083881
:101B4000018044804560002070BD012070BD70B5EB
:101B50004D4E00240546083E10E07068AA7B00EB5D
:101B60000410817B914208D1C17BEA7B914204D170
:101B70000C222946FBF7B0FB30B1641C308884424C
:101B8000EBDB4FF0FF3070BD204670BD70B50D46E9
:101B9000060006D02DB1FFF7DAFF002803DB401C5A
:101BA00014E0102070BD384C083C20886288411C2D
:101BB000914201D9042070BD6168102201EB001030
:101BC0003146FBF7B6FB2088401C2080287000209F
:101BD00070BD2D480838008870472B49083908889F
:101BE000012802D0401E08800020704770B51446BE
:101BF0000D0018D0BCB10021A170022802D010281D
:101C000011D105E0288870B10121A170108008E091
:101C10002846FFF79CFF002805DB401CA070A88920
:101C20002080002070BD012070BD70B505461446AF
:101C30000E000BD000203070A878012808D005D9FC
:101C40001149A1F108010A8890420AD9012070BD0A
:101C500024B1287820702888000A5070022008706B
:101C60000FE064B14968102201EB001120461039E1
:101C7000FBF75FFB287820732888000A6073102028
:101C80003070002070BD0000880000202DE9F04178
:101C900090460C4607460025C2EB4811FE48072F28
:101CA00000EB410607D2DFE807F007070707040447
:101CB0000400012500E0FFDF06F81470002D13D0AA
:101CC000F5487C3000EB880191F827001F2803D0ED
:101CD00006EB4000447001E081F8264006EB440228
:101CE0001F20507081F82740BDE8F081F0B51F46F5
:101CF00014460E4605461F2A00D1FFDFE648C7EB13
:101D0000471100EB410CE4490CEB44007C3101EB42
:101D100087021F2E07D00CEB460140784B784870A5
:101D200018461F210AE092F82530407882F82500F5
:101D3000F6E701460CEB410005704078A142F8D16E
:101D400092F827401F2C03D00CEB4404637001E091
:101D500082F826300CEB41041F23637082F82710B1
:101D6000F0BD30B50D46CD4B44190022181A72EB68
:101D7000020100D2FFDFCA48854200DDFFDFC8480C
:101D80004042854200DAFFDFC448401C844207DA43
:101D9000002C01DB204630BDC048401C201830BD5F
:101DA000BE48C043FAE710B504460168407ABD4A10
:101DB00052F82020114450B10220084420F07F4006
:101DC000F8F759FD94F90810BDE81040C9E7042060
:101DD000F3E72DE9F047B04E7C3696F82D50DFF84A
:101DE000B89206EB850090F8264036E0C5EB451129
:101DF00009EB41074FF0070817F81400012806D037
:101E000004282ED005282ED0062800D0FFDF01F0B0
:101E100045F9014607EB4400427806EB850080F85F
:101E2000262090F82720A24202D11F2280F82720E6
:101E3000084601F03EF92A4621460120FFF726FF19
:101E40009948414600EB041002682046904796F8F6
:101E50002D5006EB850090F826401F2CC6D1BDE81A
:101E6000F087022000E003208046D0E710B58A4CBE
:101E70001F217C3484F8251084F8261084F827105C
:101E8000002084F8280084F82D0084F82E10411ECC
:101E9000A16044F8100B2074607420736073A07309
:101EA0008249E07720750870487000217A4A103C1A
:101EB00002F81100491CC9B21F29F9D30120F8F713
:101EC000CAFB0020F8F7C7FB012084F82200F9F7CD
:101ED00037F87748F9F749F8744CA41E2070754814
:101EE000F9F743F86070BDE81040F8F741BB10B552
:101EF000F8F763FB6D4CA41E2078F9F74FF8607873
:101F0000F9F74CF8BDE8104001F000B91F20704708
:101F10000020F8F779BB70B5054601240E46AC40A9
:101F20005AB1FFF7F5FF0146634800EBC500C0F862
:101F30001015C0F81465614801E06048001D046098
:101F400070BD2DE9F34F544D00247C3505EB810A1B
:101F500089B09AF825001F2823D0611E02915249AA
:101F6000009401EB0017391D03AB07C983E8070094
:101F700005F11400A0460189ADF81C10807A8DF897
:101F80001E009DF81500C8B10226464951F82040B0
:101F90000399A219114421F07F41019184B10221DA
:101FA0000FE00120F8F757FB0020F8F754FBF8F793
:101FB00022FB01F0ABF885F82F40A9E00426E4E706
:101FC00000218DF81810022801D0012820D1039893
:101FD00001190998081A801C9DF81C1020F07F40F8
:101FE00001B10221353181420BD203208DF8150059
:101FF0000398C4F13201401A20F07F40322403904C
:102000000CE095F8240018B901F063FA002863D0B9
:10201000322C03D214B101F06DF801E001F076F832
:10202000224A107818B393465278039B121B002162
:102030009DF81840994601281AD0032818D000208E
:102040008DF81E00002A04DD981A039001208DF8F7
:1020500018009DF81C0000B102210398184A20F0D6
:102060007F40039003AB099801F05CF810B110E0D9
:102070000120E5E79DF81D0018B99BF80000032832
:1020800029D08DF81C80CDF80C908DF818408DF873
:102090001E809DF8180015E0DC080020FF7F841EDC
:1020A0000020A10770B20100EC0600209A00002079
:1020B000773A0100D31D010000F0014004F5014012
:1020C000FFFF3F0058B103980123811900221846F1
:1020D000F8F714FB06E000200BB0BDE8F08F0120FC
:1020E000F8F7B9FA97F90C20012300200199F8F7C5
:1020F00005FBF87BC00701D0F8F7E9FB012085F864
:102100002F008AF8288020226946FE48FBF711F943
:102110000120E1E72DE9F05FDFF8E883064608EBF0
:10212000860090F825501F2D21D0A8F17C01C6EB28
:1021300046102C4601EB4007A1F5F879DFF8C8B34B
:1021400005E0A24607EB4A0044781F2C0AD0F8F7B6
:1021500020FB09EB04135A4601211B1D00F0E2FF8E
:102160000028EED0AC4202D0334652461EE0E7488B
:1021700008B1AFF30080F8F70CFB98F82F206AB194
:10218000D8F80C20411C891A0902CA1701EB126108
:102190000912002902DD0020BDE8F09F3146FFF75B
:1021A000D0FE08B10120F7E733462A461F2104205C
:1021B000FFF79CFDEFE72DE9F041D24C2569F8F7D8
:1021C000E8FA401B0002C11700EB1160001200D4B6
:1021D000FFDF94F8220000B1FFDF012784F82270AE
:1021E00094F82E001F2800D1FFDF94F82E601F20E6
:1021F00084F82E00002584F82F5084F8205084F8AD
:102200002150C34825600078022835D0032833D0F8
:1022100000202077A068401C05D04FF0FF30A06060
:102220000120F8F718FA0020F8F715FAF8F711FB73
:10223000F8F709FBF8F7DFF908F0C6F8B5480560CC
:1022400005604FF0E0214FF40040B846C1F880022D
:10225000F0F7B5FE94F82D703846FFF75BFF0028C5
:10226000FAD0A849C7EB47107C3901EB400010F8C1
:102270001600022802D006E00120CAE73A4631469D
:102280000620FFF703FD84F8238004EB870090F815
:1022900026001F2804D09E48801E4078F8F784FE50
:1022A000207F002803D0F8F7C4FA257765771BE56F
:1022B000944910B591F82D20924B0024C2EB4211A5
:1022C0007C3B03EB410100BF11F814302BB1641CBF
:1022D000E4B21F2CF8D31F2010BD8F4901EB04116D
:1022E00008600020C87321460120FFF7CFFC20467C
:1022F00010BD10B5012801D0032800D181B3814A57
:1023000092F82D307F4C0022C3EB43137C3C04EB4E
:10231000430300BF13F812400CB1082010BD521C3B
:10232000D2B21F2AF6D37A4A48B1022807D0072929
:1023300017D2DFE801F01606080A0C0E1000002183
:102340000AE01B2108E03A2106E0582104E0772149
:1023500002E0962100E0B52151701070002010BD00
:10236000FFE70720FBE76A4810B54078F8F783FAE3
:1023700080B2F4E710B51F2815D2624991F82D20DC
:10238000C2EB4213A1F17C0202EB430414F81030BB
:102390004BB191F82D30C3EB431302EB430212F81B
:1023A0001020012A01D00020D9E791F82D20014604
:1023B0000020FFF76BFC0120D1E710B5F8F7E9F931
:1023C000BDE81040F8F757BA2DE9F0410E464D4FE1
:1023D00001781F257C3FC3EB43130C4607EB4303F7
:1023E00003E0254603EB45046478944202D01F2C99
:1023F000F7D108E01F2C06D0A14206D103EB410122
:102400004978017007E000206EE403EB440003EB21
:10241000450140784870414F7EB127B1002140F21C
:102420002D40AFF300803078A04206D127B10021C3
:102430004FF48660AFF30080357027B1002140F281
:102440003540AFF3008001204EE410B542680B68C0
:102450009A1A1202D41702EB1462121216D4497A95
:1024600091B1427A82B92E4A006852F8211012685E
:1024700019441044001D891C081A0002C11700EB02
:1024800011600012322801DB012068E7002066E7B6
:102490002DE9F0478146204EC1EB411006F5F87159
:1024A0009846144601EB400713E000BF06EB041505
:1024B000291D4846FFF7C9FF68B988F80040A97B85
:1024C00099F80A00814201D80020C8E407EB4400D3
:1024D00044781F2CEAD10120C1E42DE9F04782465F
:1024E00008480E4600EB8600DFF82C8090F8254067
:1024F0001F201070C1EB46109946154608F5F8717B
:1025000010E0000058090020FFFF3F00000000001D
:102510009A00002000F50040EC06002000000000BA
:1025200070B2010001EB40070BE000BF08EB0410A4
:102530005146001DFFF789FF28B107EB44002C70BE
:1025400044781F2CF2D1297889F800104B46224696
:1025500031465046BDE8F0479AE72DE9FC410E466A
:1025600007460024FE4D08E09DF8000005EB001032
:102570008168384600F0EAFD01246B4601AA314625
:102580003846FFF7AAFF0028EED02046BDE8FC81C0
:1025900070B50446C0EB44110125F248A54300EB99
:1025A0004101C5EB451200EB42003E22FAF7C1FEA5
:1025B000ED4E26B100214FF49360AFF30080E9485F
:1025C0007C3000EB850100EB8400D0F82500C1F8D9
:1025D000250026B1002140F29C40AFF30080284640
:1025E00070BD8A4203D003460520FFF77FBB1F2939
:1025F00008D0DC4AC0EB401002EB400000EB410089
:1026000040787047D7497C3101EB800090F8250075
:102610007047D34901EB0010001DFFF7C4BB7CB528
:102620001D46134604460E4600F108022146184690
:10263000F8F72EF994F908000F2804DD1F382072EE
:102640002068401C206096B10220C84951F826102D
:10265000461820686946801B20F07F40206094F96E
:1026600008002844C01C1F2803DA012009E00420C8
:10267000EBE701AAF8F70CF99DF8040010B10098F7
:10268000401C00900099206831440844C01C20F090
:102690007F4060607CBDFEB50C46064609786079D7
:1026A000907220791F461546507279B12179002227
:1026B0002846A368FFF7B3FFAA4928467C3191F862
:1026C0002E201F2A0AD00969491D0DE0D4E90223F2
:1026D000217903B02846BDE8F040A0E7A449497835
:1026E000052900D20521314421F07F4100F02EFD63
:1026F00039462846FFF731FFD4E90232217968468E
:10270000FFF78DFF2B4600213046019A00F00AFDAD
:10271000002806D103B031462846BDE8F04000F05D
:1027200015BDFEBD2DE9FE4F814600F0CBFC38B152
:102730005FF0000799F8000020B10020BDE8FE8F8F
:102740000127F7E7874D884C4FF0000A7C3524B10C
:10275000002140F2FF40AFF3008095F82D8085F80E
:1027600023A0002624B1002140F20450AFF30080E2
:102770001FB94046FFF70CFF804624B1002140F20C
:102780000C50AFF30080F8F704F843466A46494618
:10279000FFF781FF24B1002140F21250AFF3008017
:1027A00095F82E001F280CD029690098401A0002C5
:1027B000C21700EB1260001203D5684600F0C6FC99
:1027C000012624B1002140F21C50AFF3008095F89F
:1027D00023000028BBD124B1002140F22250AFF3E6
:1027E0000080F7F7D6FF6B46624A002100F09AFCA2
:1027F0000028A3D027B941466846FFF7AEFE06433E
:1028000026B16846FFF7CFFAC9F8080024B10021C5
:1028100040F23550AFF3008001208FE72DE9F04FF3
:1028200089B08B46824600F04DFC4E4C7C3428B378
:102830009BF80000002710B1012800D0FFDF4A4DAF
:1028400025B1002140F2F750AFF300804449012048
:1028500001EB0A18A94607905FEA090604D0002197
:1028600040F2FF50AFF30080079800F022FC94F88C
:102870002D50002084F8230067B119E094F82E0051
:1028800001271F2800D1FFDF9BF800000028D6D0C9
:10289000FFDFD4E72846FFF77BFE054626B100217F
:1028A00040F20960AFF3008094F823000028D3D1F0
:1028B00026B1002140F21360AFF30080F7F769FF03
:1028C0002B4602AA59460790FFF7E5FE98F80F003D
:1028D0005FEA060900F001008DF8130004D0002122
:1028E00040F21D60AFF300803B462A4602A9CDF8B6
:1028F00000A0079800F035FC064604EB850090F830
:1029000028000090B9F1000F04D0002140F22460AB
:10291000AFF3008000F0C2FB0790B9F1000F04D0C4
:10292000002140F22A60AFF3008094F823000028D1
:1029300092D1B9F1000F04D0002140F23260AFF320
:1029400000800DF1080C9CE80E00C8E90112C8F8DF
:102950000C30BEB35FEA090612D000210CE0000083
:10296000EC060020DC0800200000000070B201002E
:102970009A000020FFFF3F0040F23F60AFF300806D
:102980000098B84312D094F82E001F280ED126B11B
:10299000002140F24460AFF300802846FFF7BAFB05
:1029A00020B99BF80000D8B3012849D0B9F1000F35
:1029B00004D0002140F26160AFF30080284600F0AF
:1029C00066FB01265FEA090504D0002140F26A6037
:1029D000AFF30080079800F06CFB25B1002140F2B6
:1029E0006E60AFF300808EB194F82D0004EB800090
:1029F00090F826001F2809D025B1002140F275600B
:102A0000AFF30080F9484078F8F7CEFA25B10021FD
:102A100040F27A60AFF3008009B03046BDE8F08F35
:102A2000FFE7B9F1000F04D0002140F24C60AFF392
:102A3000008094F82D2051460420FFF727F9C0E7C5
:102A4000002E3FF409AF002140F25760AFF3008041
:102A500002E72DE9F84FE64D814695F82D004FF03D
:102A60000008E44C4FF0010B474624B100214FF41D
:102A7000D160AFF30080584600F01BFB85F823704F
:102A800024B1002140F28D60AFF3008095F82D0055
:102A9000FFF77EFD064695F8230028B1002CE4D010
:102AA000002140F293604DE024B1002140F2976094
:102AB000AFF30080CE49C6EB46107C3901EB4001F4
:102AC00011F81900032856D1334605EB830A4A460C
:102AD0009AF82500904201D1012000E000200090EA
:102AE0000AF125000021FFF76FFC01460098014222
:102AF00003D001228AF82820AF77E1B324B1002166
:102B000040F29C60AFF30080324649460120FFF757
:102B1000BDF89AF828A024B1002140F2A760AFF3D5
:102B2000008000F0BBFA834624B1002140F2AC6083
:102B3000AFF3008095F8230038B1002C95D0002128
:102B40004FF4D660AFF300808FE7BAF1000F07D0E3
:102B500095F82E001F2803D13046FFF7DBFAE0B1CD
:102B600024B1002140F2C460AFF30080304600F091
:102B70008EFA4FF0010824B1002140F2CD60AFF38E
:102B80000080584600F095FA24B1002140F2D1604F
:102B9000AFF300804046BDE8F88F002CF1D0002153
:102BA00040F2BF60AFF30080E6E70120F7F72CBDED
:102BB0008E48007870472DE9F0418D4C94F82E0036
:102BC0001F2821D194F82D6004EB860797F8255033
:102BD0001F2D00D1FFDF8649C6EB46107C3901EB83
:102BE000400000EB4500407807F8250F0120F87001
:102BF00084F82300294684F82E50324602202234DD
:102C0000FFF744F8002020701EE42DE9F0417A4ED1
:102C1000774C012538B1012821D0022879D003282A
:102C20007DD0FFDF10E400F065FAFFF7C4FF207EDF
:102C300000B1FFDF84F821500020F7F70CFDA168F8
:102C4000481C04D0012300221846F7F757FD14F85A
:102C50002E0F217806EB01110A68012154E0FFF7DD
:102C6000AAFF0120F7F7F7FC94F8210050B1A06803
:102C7000401C07D014F82E0F217806EB01110A68CA
:102C8000062141E0207EDFF86481002708F1020878
:102C9000012803D002281ED0FFDFB5E7A777F7F79A
:102CA000C8FD98F80000032801D165772577607D7D
:102CB000524951F8200094F8201051B948B1616888
:102CC0000123091A00221846F7F718FD0220207682
:102CD0009AE7277698E784F8205000F00BFAA07F57
:102CE00050B198F8010061680123091A00221846C2
:102CF000F7F704FD257600E0277614F82E0F2178EB
:102D000006EB01110A680021BDE8F041104700E020
:102D100005E036480078BDE8F041F8F745B9FFF71F
:102D20004AFF14F82E0F217806EB01110A680521DD
:102D3000EAE710B52E4C94F82E001F2800D1FFDFD3
:102D400014F82E0F21782C4A02EB01110A68BDE815
:102D50001040042110477CB5254C054694F82E0000
:102D60001F2800D1FFDFA068401C00D0FFDF94F8CF
:102D70002E00214901AA01EB0010694690F90C00D0
:102D80002844F7F785FD9DF904000F2801DD012097
:102D900000E00020009908446168084420F07F4169
:102DA000A16094F82100002807D002B00123BDE8FB
:102DB000704000221846F7F7A1BC7CBD30B5104A20
:102DC0000B1A541CB3EB940F1ED3451AB5EB940F9A
:102DD0001AD3934203D9101A43185B1C14E095428E
:102DE00010D9511A0844401C43420DE098000020BD
:102DF0005809002000000000EC06002070B201001D
:102E0000FF7F841EFFDF0023184630BD0123002210
:102E100001460220F7F772BC0220F7F71CBCF7F757
:102E2000B8BC2DE9FE4FF24C05468A4694F82E00B8
:102E30001F2800D1FFDFEE4E94F82E10A04620464A
:102E4000A6F51B7202EB01141F218DF8001090F8FB
:102E50002D10376900EB8101D8F8000091F825901A
:102E6000284402AA01A90C36F7F712FD9DF90800C3
:102E7000002802DD0198401C0190A0680199642D92
:102E8000084453D3DB4B00225B1B72EB02014DD392
:102E90006168411A21F07F41B1F5800F46D220F0E0
:102EA0007F40706086F80AA098F82D1044466B4663
:102EB0004A463046FFF7ECFAB8B3A068401C10D081
:102EC000F7F767FCA168081A0002C11700EB116050
:102ED000001202282CDD0120F7F7BDFB4FF0FF3078
:102EE000A06094F82D009DF800201F210F34FFF7FB
:102EF00078FBA17FBE4AC1EB41117C3A02EB410154
:102F0000E27F01EB4201487054F80F0C284444F86A
:102F10000F0C012020759DF800001F2803D0B64833
:102F20004078F8F741F8012008E401E0002005E4CA
:102F30007760FBE72DE9F047AD4C074694F82D008C
:102F4000A4F17C06C0EB401006EB400010F817001F
:102F500000B9FFDF94F82D50A046A84C24B1002101
:102F600040F6E800AFF30080C5EB451040F6F409E9
:102F700040F6FD0A06EB400616F81700012819D0A6
:102F8000042811D005280FD006280DD01CB100212F
:102F90004846AFF3008007F0EBFE002CECD0002198
:102FA0005046AFF30080E7E72A4639460120FEF796
:102FB0006DFEF2E74FF0010A4FF00009454624B1DB
:102FC000002140F60410AFF30080504600F071F885
:102FD00085F8239024B1002140F60910AFF300805A
:102FE00095F82D00FFF7D4FA064695F8230028B18E
:102FF000002CE4D0002140F60F101FE024B1002186
:1030000040F61310AFF3008005EB860000F12701B6
:1030100033463A462630FFF7D7F924B1002140F66F
:103020001710AFF3008000F039F8824695F82300BE
:1030300038B1002CC3D0002140F61D10AFF3008042
:10304000BDE785F82D60012085F82300504600F08B
:1030500030F8002C04D0002140F62A10AFF3008095
:10306000BDE8F08730B5044661480D4690F82D0064
:103070005F49C0EB40107C3901EB400010F81400B0
:1030800000B9FFDF5E4800EB0410C57330BD58493E
:1030900081F82D00012081F82300704710B55948B0
:1030A00008B1AFF30080EFF3108000F0010072B6BA
:1030B00010BD10B5002804D1534808B1AFF300800B
:1030C00062B610BD51480068C005C00D10D0103860
:1030D00040B2002804DB00F1E02090F8000405E095
:1030E00000F00F0000F1E02090F8140D4009704747
:1030F0000820704710B53E4C94F82400002804D1F5
:10310000F7F746FC012084F8240010BD10B5384CB8
:1031100094F82400002804D0F7F763FC002084F81A
:10312000240010BD10B51C685B68241A181A24F01E
:103130007F4420F07F40A14206D8B4F5800F03D22F
:10314000904201D8012010BD002010BDD0E900320E
:10315000D21A21F07F43114421F07F41C0E90031B0
:1031600070472DE9FC418446214815460F46C2EBC5
:1031700045117C38089C00EB410616F81400012824
:1031800004D0022802D00020BDE8FC813B46204A42
:1031900001216046FFF7C6FFF0B101AB6A46294640
:1031A0003846FFF79AF9B8B19DF804209DF8001051
:1031B0002846FFF716FA06EB440148709DF8000018
:1031C0001F280DD006EB400044702A4621460320FC
:1031D000FEF75CFD0120D7E72A4621460420F7E7E9
:1031E0000348012100EB850000F8254FC170ECE792
:1031F00058090020FF1FA1079800002000000000D0
:10320000EC060020000000000000000004ED00E0DB
:10321000FFFF3F002DE9F041044680074FF0000515
:103220004FF001060CD56B480560066000F0DEF932
:1032300020B16948016841F48061016024F0020412
:10324000E0044FF0FF3705D564484660C0F80873C6
:1032500024F48054600003D56148056024F0804464
:10326000E0050FD55F48C0F80052C0F808735E490A
:103270000D60091D0D605C4A04210C32116006616D
:1032800024F48074A00409D558484660C0F8005260
:10329000C0F808735648056024F40054C4F3803025
:1032A000C4F3C031884200D0FFDF14F4404F14D083
:1032B00050484660C0F808734F488660C0F8005216
:1032C000C0F808734D490D600A1D16608660C0F88D
:1032D00008730D60166024F4404420050AD5484860
:1032E00046608660C0F80873C0F8487345480560BA
:1032F00024F4006407F042F84348044200D0FFDFA2
:10330000BDE8F081F0B50022202501234FEA020438
:1033100020FA02F1C9072DD051B2002910DB00BFFD
:103320004FEA51174FEA870701F01F0607F1E02720
:1033300003FA06F6C7F88061BFF34F8FBFF36F8FB4
:103340000CDB00BF4FEA51174FEA870701F01F0659
:1033500007F1E02703FA06F6C7F8806204DB01F103
:10336000E02181F8004405E001F00F0101F1E021C6
:1033700081F8144D02F10102AA42C9D3F0BD10B583
:10338000224C20600846F7F71CFC2068FFF742FF3C
:103390002068FFF7B7FF06F031FC00F088F906F06F
:1033A000EDFF06F02CFFF7F7CBFDBDE8104006F06F
:1033B000D9BC10B5154C2068FFF72CFF2068FFF72B
:1033C000A1FF06F0DBFFF7F7FBFC0020206010BD3B
:1033D0000A207047FC1F00403C17004000C000401E
:1033E00004E50140008000400485004000D000401A
:1033F00004D5004000E0004000F0004000F500402F
:1034000000B0004008B50040FEFF0FFD9C0000200A
:1034100070B526490A680AB30022154601244B6894
:103420005B1C4B600C2B00D34D600E7904FA06F345
:103430000E681E420FD0EFF3108212F0010272B636
:1034400000D001220C689C430C6002B962B6496846
:103450000160002070BD521C0C2AE0D3052070BD15
:103460004FF0E0214FF48000C1F800027047EFF305
:10347000108111F0010F72B64FF0010202FA00F252
:103480000A48036842EA0302026000D162B6E7E735
:1034900006480021016041607047012181400348D6
:1034A0000068084000D0012070470000A000002004
:1034B00001208107086070470121880741600021D1
:1034C000C0F80011184801707047174901200870B2
:1034D00070474FF08040D0F80001012803D0124817
:1034E0000078002800D00120704710480068C0070D
:1034F00000D0012070470D480C300068C00700D094
:10350000012070470948143000687047074910319E
:103510000A68D20306D5096801F00301814201D18E
:103520000120704700207047A800002008040040D8
:103530004FF08050D0F830010A2801D000207047A9
:103540000120704700B5FFF7F3FF20B14FF0805026
:10355000D0F8340108B1002000BD012000BD4FF0BB
:103560008050D0F83001062803D0401C01D0002044
:103570007047012070474FF08050D0F830010D287F
:1035800001D000207047012070474FF08050D0F8E4
:103590003001082801D000207047012070474FF00B
:1035A0008050D0F83001102801D000207047012051
:1035B000704700B5FFF7F3FF30B9FFF7DCFF18B92C
:1035C000FFF7E3FF002800D0012000BD00B5FFF7A2
:1035D000C6FF38B14FF08050D0F83401062803D32D
:1035E000401C01D0002000BD012000BD00B5FFF748
:1035F000B6FF48B14FF08050D0F83401062803D30D
:10360000401C01D0012000BD002000BD0021017040
:10361000084670470146002008707047EFF310819C
:1036200001F0010172B60278012A01D0012200E006
:1036300000220123037001B962B60AB1002070476D
:103640004FF400507047E9E7EFF3108111F0010FDC
:1036500072B64FF00002027000D162B600207047CF
:10366000F2E700002DE9F04115460E46044600271A
:1036700000F0EBF8A84215D3002341200FE000BF73
:1036800094F84220A25CF25494F84210491CB1FB19
:10369000F0F200FB12115B1C84F84210DBB2AB426B
:1036A000EED3012700F0DDF83846BDE8F08172491D
:1036B00010B5802081F800047049002081F8420094
:1036C00081F84100433181F8420081F841004331E3
:1036D00081F8420081F841006948FFF797FF684888
:1036E000401CFFF793FFF7F7B3FBBDE8104000F075
:1036F000B8B840207047614800F0A7B80A460146B4
:103700005E48AFE7402070475C48433000F09DB80A
:103710000A46014659484330A4E740210170002081
:10372000704710B504465548863000F08EF820707A
:10373000002010BD0A460146504810B58630FFF7FC
:1037400091FF08B1002010BD42F2070010BD70B516
:103750000C460646412900D9FFDF4A480068103868
:1037600040B200F054F8C5B20D2000F050F8C0B2DD
:10377000854201D3012504E0002502E00DB1F7F7F1
:10378000AAFB224631463D48FFF76CFF0028F5D0E2
:1037900070BD2DE9F0413A4F0025064617F10407A8
:1037A00057F82540204600F041F810B36D1CEDB2EB
:1037B000032DF5D33148433000F038F8002825D0E8
:1037C0002E4800F033F8002820D02C48863000F036
:1037D0002DF800281AD0F7F754FB2948FFF71EFFF1
:1037E000B0F5005F00D0FFDFBDE8F0412448FFF7EF
:1037F0002BBF94F841004121265414F8410F401C7E
:10380000B0FBF1F201FB12002070D3E74DE7002876
:1038100004DB00F1E02090F8000405E000F00F0068
:1038200000F1E02090F8140D4009704710F8411F96
:103830004122491CB1FBF2F302FB13114078814293
:1038400001D1012070470020704710F8411F4078D7
:10385000814201D3081A02E0C0F141000844C0B21D
:10386000704710B50648FFF7D9FE002803D1BDE820
:103870001040F7F7F1BA10BD0DE000E08809002014
:10388000AC00002004ED00E070B5154D2878401C18
:10389000C4B26878844202D000F0DBFA2C7070BDAC
:1038A0002DE9F0410E4C4FF0E02600BF00F0C6FAC3
:1038B00007F05EFA40BF20BF677820786070D6F8C6
:1038C0000052EDF759FD854305D1D6F8040210B931
:1038D0002078B842EAD000F0ACFA0020BDE8F081D0
:1038E000BC0000202DE9F04101264FF0E022310319
:1038F0004FF000084046C2F88011BFF34F8FBFF36E
:103900006F8F204CC4F800010C2000F02EF81E4DE3
:103910002868C04340F30017286840F01000286072
:10392000C4F8046326607F1C02E000BF07F020FAA1
:10393000D4F800010028F9D01FB9286820F0100041
:103940002860124805686660C4F80863C4F80081FE
:103950000C2000F00AF82846BDE8F08110B50446B6
:10396000FFF7C0FF2060002010BD002809DB00F039
:103970001F02012191404009800000F1E020C0F8C1
:103980008012704700C0004010ED00E008C5004004
:103990002DE9F047FF4C0646FF21A06800EB061218
:1039A00011702178FF2910D04FF0080909EB01119F
:1039B00009EB06174158C05900F0F4F9002807DD5B
:1039C000A168207801EB061108702670BDE8F08729
:1039D00094F8008045460DE0A06809EB05114158B8
:1039E000C05900F0DFF9002806DCA068A84600EB0B
:1039F00008100578FF2DEFD1A06800EB061100EB51
:103A000008100D700670E1E7F0B5E24B04460020A7
:103A100001259A680C269B780CE000BF05EB001787
:103A2000D75DA74204D106EB0017D7598F4204D0C7
:103A3000401CC0B28342F1D8FF20F0BD70B5FFF743
:103A4000EEF9D44C08252278A16805EB02128958BA
:103A500000F0A8F9012808DD2178A06805EB011124
:103A60004058BDE87040FFF7D1B9FFF7A1F8BDE8B5
:103A70007040F7F799BA2DE9F041C64C2578FFF769
:103A8000CEF9FF2D6ED04FF00808A26808EB05169E
:103A9000915900F087F90228A06801DD80595DE0A6
:103AA00000EB051109782170022101EB0511425C40
:103AB0005AB1521E4254815901F5800121F07F41D3
:103AC00081512846FFF764FF34E00423012203EB11
:103AD000051302EB051250F803C0875CBCF1000F20
:103AE00010D0BCF5007F10D9CCF3080250F806C006
:103AF0000CEB423C2CF07F4C40F806C0C3589A1A9D
:103B0000520A09E0FF2181540AE0825902EB4C324B
:103B100022F07F428251002242542846FFF738FFAC
:103B20000C21A06801EB05114158E06850F82720EE
:103B3000384690472078FF2814D0FFF770F9227894
:103B4000A16808EB02124546895800F02BF90128BC
:103B500093DD2178A06805EB01114058BDE8F041E4
:103B6000FFF754B9BDE8F081F0B51D4614460E4686
:103B70000746FF2B00D3FFDFA00700D0FFDF8548FB
:103B8000FF210022C0E90247C57006710170427032
:103B900082701046012204E002EB0013401CE15445
:103BA000C0B2A842F8D3F0BD70B57A4C064665782D
:103BB0002079854200D3FFDFE06840F82560607817
:103BC000401C6070284670BD2DE9FF5F1D468B4686
:103BD0000746FF24FFF723F9DFF8B891064699F866
:103BE0000100B84200D8FFDF00214FF001084FF07C
:103BF0000C0A99F80220D9F808000EE008EB01132E
:103C0000C35CFF2B0ED0BB4205D10AEB011350F869
:103C100003C0DC450CD0491CC9B28A42EED8FF2C47
:103C200002D00DE00C46F6E799F803108A4203D162
:103C3000FF2004B0BDE8F09F1446521C89F8022012
:103C400008EB04110AEB0412475440F802B00421B7
:103C5000029B0022012B01EB04110CD040F8012043
:103C60004FF4007808234FF0020C454513D9E905BD
:103C7000C90D02D002E04550F2E7414606EB413261
:103C800003EB041322F07F42C250691A0CEB0412BA
:103C9000490A81540BE005B9012506EB453103EBD8
:103CA000041321F07F41C1500CEB0411425499F8E8
:103CB00000502046FFF76CFE99F80000A84201D0A2
:103CC000FFF7BCFE3846B4E770B50C460546FFF773
:103CD000A6F8064621462846FFF796FE0446FF282A
:103CE0001AD02C4D082101EB0411A8684158304628
:103CF00000F058F800F58050C11700EBD140401398
:103D00000221AA6801EB0411515C09B100EB4120CA
:103D1000002800DC012070BD002070BD2DE9F047B7
:103D200088468146FFF770FE0746FF281BD0194DD5
:103D30002E78A8683146344605E0BC4206D02646B7
:103D400000EB06121478FF2CF7D10CE0FF2C0AD000
:103D5000A6420CD100EB011000782870FF2804D097
:103D6000FFF76CFE03E0002030E6FFF755F8414610
:103D70004846FFF7A9FF0123A968024603EB041395
:103D8000FF20C854A878401EB84200D1A87001EBAB
:103D9000041001E0540A002001EB061100780870BD
:103DA000104613E6081A0002C11700EB116000125A
:103DB0007047000010B5202000F07FF8202000F0B0
:103DC0008DF84D49202081F80004EDF7D3FA4B49D6
:103DD00008604B48D0F8041341F00101C0F8041307
:103DE000D0F8041341F08071C0F804134249012057
:103DF0001C39C1F8000110BD10B5202000F05DF89D
:103E00003E480021C8380160001D01603D4A481E3F
:103E100010603B4AC2F80803384B1960C2F8000131
:103E2000C2F8600138490860BDE81040202000F069
:103E300055B834493548091F08607047314933483F
:103E4000086070472D48C8380160001D521E02608E
:103E500070472C4901200860BFF34F8F70472DE950
:103E6000F0412849D0F8188028480860244CD4F83C
:103E700000010025244E6F1E28B14046EDF7D4F90D
:103E800040B9002111E0D4F8600198B14046EDF747
:103E9000CBF948B1C4F80051C4F860513760BDE8AF
:103EA000F041202000F01AB831684046BDE8F041EA
:103EB00006F068BFFFDFBDE8F08100280DDB00F0F1
:103EC0001F02012191404009800000F1E020C0F86C
:103ED0008011BFF34F8FBFF36F8F7047002809DB4E
:103EE00000F01F02012191404009800000F1E02014
:103EF000C0F880127047000020E000E0C8060240D1
:103F000000000240180502400004024001000001C8
:103F1000454800210170417010218170704770B5D3
:103F2000054616460C460220F3F7F2FB3E490120F7
:103F3000F61E08703D4806603C4808380560001FC2
:103F4000046070BD10B50220F3F7E2FB3649012092
:103F5000087000F051F836494FF40000086010BDB9
:103F600010B5314C207888B131494FF40000091D5B
:103F7000086000F04AF8002120B1012060702D484F
:103F8000006801E061701020A0702170BDE8104051
:103F90000020F3F7BDBB244810B5017859B126487D
:103FA000D0F8000128B100F030F8002800D001203E
:103FB00010BD022010BD407810BD10B5C824641E8D
:103FC000E4B2FFF7E8FF022803D0012800D0002068
:103FD00010BD002CF3D1FFDFF9E7134810B50178CD
:103FE00041B100F012F818B112480068C0B210BD1B
:103FF000102010BD807810BD0F480021C0F80011BE
:10400000C0F80411C0F8081170470B48D0F800112F
:1040100029B1D0F8041111B1D0F8080108B100207D
:104020007047012070470000BE00002010F50040DE
:1040300004F5014000F4004000F000404748002132
:1040400001704170704770B5064614460D46012058
:10405000F3F75EFB42480660001D0460001D05602A
:1040600070BD70B53D4901250D7040EA02413C4AE2
:1040700041F08071121F11603A4C0026C4F80461AF
:10408000394A4FF04071116058B1012800D0FFDF6C
:10409000C4F80062256034494FF00070091F0860C1
:1040A00070BDC4F80052256070BD2C48017871B114
:1040B0002D4A4FF0407111602A49D1F804210021A6
:1040C0001AB12A4A1268427000E041700170002063
:1040D000F3F71EBB2148017841B12248D0F8040112
:1040E000002802D021480068C0B27047407870476D
:1040F0002DE9F04700282AD01848007800B9FFDFE2
:10410000184DD5F80401002821D10227C5F8047301
:10411000174C2068C04340F30016206840F01000A0
:1041200020604FF400484FF0E029761C04E000BF07
:10413000C9F8808206F01CFED5F804010028F7D0EB
:104140001EB9206820F010002060C5F80873BDE893
:10415000F08704490120886070470000C1000020FA
:1041600008F5004000F0004008F5014000F4004070
:1041700010ED00E010B541F6A474012802D0022829
:1041800002D0FFDF204610BD41F2883010BD38B5A7
:10419000FE4D0024C5F80041C5F80C41C5F810419A
:1041A000C5F80441C5F81441C5F81841FFF70EFAE7
:1041B00008B1C5F82841F6480068009038BD70B5D0
:1041C000F44D00246C702C7000F0D2FD85F8254071
:1041D000EC620922002105F11800AC63F9F7D3F86D
:1041E000ED49601E0860091D0860091D0C60091D6D
:1041F0000860091D0C60091D0860091D0860091D83
:104200000860091D0860091D0860091D0860091D76
:104210000860091D0860091D086070BDDF4800B511
:10422000016801F00F01032905D0006800F00F00BC
:10423000042802D0FFDF012000BD022000BD00B530
:10424000012802D0022800D0FFDF002000BD00B509
:10425000012802D0022802D0FFDF282000BD18204C
:1042600000BD10B5CB4902681839CA4C0A634268D0
:104270004A63007A81F83800207E50B1207FF9F738
:10428000C0F8A07E08B1012100E00021207FF9F7ED
:10429000ADF8607E00280CD0607FF9F7B2F8E07EC0
:1042A00008B1012100E00021607FBDE81040F9F76E
:1042B0009DB810BD00F063BD10B500F060FDB348BF
:1042C000D0F80001002800D0FFDF10BD70B501203C
:1042D00000F030FDB2480025056001260660FFF7BA
:1042E00085F9B04C18B1206840F480602060FFF779
:1042F00036F928B12068AC4920F0770008432060E7
:10430000FFF764F938B1A748001D016821F47F4127
:1043100041F4B0510160A349A4483C310860FFF763
:1043200055F99C4C60B19D490220503184F8210020
:104330000860A0499E48086095481030091F086031
:104340004FF01020806C411C05D094497C310A68E4
:1043500060F317420A60914940F25B6028310860BF
:10436000091F40F203100860081F06608B490320F4
:1043700008608C48EC38066094F8211011B14FF4B5
:10438000C02100E08C498B4A41F46021943A1160CD
:104390008749884A091F083211607D490839121F70
:1043A0001160016821F440710160016841F480717D
:1043B0000160012000F0CFFC74491020C1F8040313
:1043C00084F83150E56270BD76483830016821F0DC
:1043D000010141F08071016070476E4A0368183A2C
:1043E000C2F81A308088D0836A48017270476948E1
:1043F00090F825007047674A517010707047F0B50B
:104400000546840061488B882044C0F820360B782C
:10441000D1F8011043EA0121C0F8001605F10800A7
:104420000127604C07FA00F6FC3C52B1012A00D08B
:10443000FFDF2068304320602068AF4038432060B1
:10444000F0BD2068B043F6E706F0E8B8514890F8B0
:1044500032007047514AC1781432116000684F49E8
:1044600000020C3108607047252807D0262807D0A5
:10447000272807D00A2807D8042206E0022107E0EF
:104480001A2105E0502103E0062202EB4001C9B2E7
:10449000424A083A116041494431086070473D483A
:1044A000817A012917D0022914D1417E002911D027
:1044B000827F0121C37F01FA02F299400A433D49FC
:1044C00094390A6090F820003C4A002102EB8000F9
:1044D000C0F810157047017EE8E72DE9F0472D4C34
:1044E000A17A01290BD0022975D1627E002A72D0EF
:1044F000012906D0677FE17E59B101260AE0227EBC
:10450000F4E7277FA17E09B1012600E000261121F2
:1045100001E000262421DFF898804FF0010AA8F17D
:104520004408C8F84CA0DFF898904518D9F8000066
:10453000A84200D3FFDF0021C8F84C11C9F8005091
:10454000380286F0010140EA015040F0031294F86D
:1045500020101A4800EB8103C3F8102500EB8101FD
:10456000A27F184800EBC203C3F81415164DC3F818
:104570001055E37F00EBC300C0F814150449083957
:10458000C0F810150AFA02F120E024E00010004003
:10459000181100407C0A0020000E00401015004059
:1045A000FC1F00403C170040880000802C00008960
:1045B000448000409CF5014000000404006000407D
:1045C0004C85004000F001404C8100400AFA03F0A5
:1045D0000143F9480160BDE8F0872DE9F0410E463E
:1045E000F64907460320C1F80002F54C94F8210073
:1045F00010B14FF4C02000E0F248EF4D2860304683
:1046000006F036F817B1012F0FD017E0FEF7DEFFE6
:1046100010B1304600F0C9FB0120A072A06B40F43D
:104620008010A0634FF4801007E00220A072A06BFE
:1046300040F40010A0634FF400102860F6F744F92E
:104640003146BDE8F04148E72DE9F05FDB4C074615
:1046500003200E469346C4F80002D94D95F8210078
:1046600010B14FF4C02100E0D649DFF84C93C9F8EF
:104670000010104605F0FCFFDFF83C834FF0010A04
:1046800008F1A808A7B3012F3ED0FFDFCE4806608F
:10469000C949CE48A4310860A86B40F40020A86343
:1046A000D4F800721025C4F808530020C4F80002A2
:1046B000C1494FF48028091DC1F8008004F5007439
:1046C000FFF765FD2760C9F80080C4F80451E903CD
:1046D000C9F80010BE49C1F84CA0BB48001D0068D5
:1046E000B04200D3FFDF59463046BDE8F05FF4E644
:1046F000FFE7FEF76BFF10B1584600F056FBC8F815
:10470000004085F80AA0C1E7AC49091DC8F80010AF
:104710000220A872BAE72DE9F041A94C064690465E
:1047200094F831000F46002500B9FFDF16B1012EC5
:1047300012D01DE094F83100012806D094F8302002
:104740004146384605F0A2FF10E094F8301042468A
:10475000384605F0DCFF09E094F8310094F8301099
:1047600001284246384609D005F0F8FFE16A4518AD
:10477000424629463046BDE8F04165E705F0A8FF0E
:10478000F4E708B5FF208DF800008C480021C0F840
:1047900010110121016104E09DF80010491E8DF8FF
:1047A00000109DF8001019B1D0F810110029F3D0B5
:1047B0009DF80000002800D1FFDF08BD2DE9F04181
:1047C0007E4CD4F8000220F00307D4F804034FF025
:1047D0001008C0F30016C4F808830025C4F800527E
:1047E000774890F8210010B14FF4C02000E07548E0
:1047F000714940F46020091D0860FFF750FEFFF783
:10480000C0FFC4F81051FEF7E1FE08B1C4F828510A
:1048100000F0AEFAC4F80072002E01D0C4F8048390
:10482000BDE8F081ADE700686A4920F07F4008608C
:10483000704710B5012000F07DFABDE8104001205E
:1048400000F089BA01465E4818221838F8F771BDA1
:104850004FF0E0210220C1F8000170475E49087066
:1048600070475C4938390860704770B50546F6F7FF
:104870002BF8534C2844E16A884200D8FFDF01201E
:104880002074F6F721F82844606194F8211041B1B2
:10489000084460614948D0F8001241F04001C0F876
:1048A00000124B490020C1F8440147496069091FC3
:1048B0000860BDE8704000F0A2BA70B5404C0646F2
:1048C00002200D462074FFF7A9FC024694F831003F
:1048D00094F8301001281BD0304605F081FF60614C
:1048E00094F8210048B16169084460613348D0F808
:1048F000001241F04001C0F8001235490020C1F813
:1049000044016169E06A08442F49091F086070BDCD
:104910002B46304605F037FFE1E727494FF480008A
:10492000091D08602648816B21F480018163002104
:10493000017470472A4A10B502EBC002274BC2F837
:104940001035C2F81415012181401B4801601C4834
:10495000826B0A43826310BD1D4801214160C16022
:104960000021C0F844111848001F01601448C162BA
:10497000704710B50446FEF729FE10B1104880F8C4
:1049800021401448243004600C48D0F8001241F053
:104990004001C0F8001210BD084810B5D0F8001250
:1049A00021F04001C0F80012FEF710FE0949243141
:1049B00000B10220086010BD04F501400010004065
:1049C0007C0A002000000404488500404881004023
:1049D000008000403C150040C3000020041100404E
:1049E00000F00140F948D0F8001221F01001C0F8A1
:1049F0000012012181617047F4480021C0F81C11A8
:104A0000D0F8001241F01001C0F800127047EF49D1
:104A100008B5D1F81C21012A01D0002008BDEC4ABC
:104A2000126802F07F02524202700020C1F81C019D
:104A3000E84800680090012008BDF0B517460C005A
:104A4000064600D1FFDFE44DE0072F7302D0012CB2
:104A500000D0FFDF46B102206872EC72012802D05C
:104A6000022800D0FFDFF0BD0120F5E770B5DA4C79
:104A70000021E27A930703D5830701D5430713D4B6
:104A8000D30605D594F8333013B194F835305BB1C3
:104A9000130702D594F8243033B9520702D594F89D
:104AA00025200AB1C00700D00121607A012518B184
:104AB000A1B1BDE8704081E694F8210010B14FF437
:104AC000C02000E0C548C6490860C048D0F80012C0
:104AD00021F00301C0F80012E57270BD012803D077
:104AE000022808D0FFDF70BD00F042F9A5729621C0
:104AF000227B002006E000F03BF90220A072227B1E
:104B000096210120BDE8704005E62DE9F05FDFF851
:104B1000D4B29BF80000042800D3FFDFB248D0F8DD
:104B20004C0108B1FFF7BBFCAB4CAD49A06B086072
:104B30004FF00008C4F8388000F06BF9DFF8AC9251
:104B40000546D9F80010A16294F8210008B1081AAE
:104B5000A062A648001F0068E062FFF75FFB84F8D0
:104B60003000A07ADFF868A2012184F83100AAF1B0
:104B7000440A022808D1607830B1DAF800201278AF
:104B800002402078904310D084F82480924EA807E9
:104B9000A6F1180605D5F5F797FEA16A081A31693E
:104BA0008847E80704D0002709E084F82410EDE7DF
:104BB000A80701D5012702E0280707D50227F5F746
:104BC00083FEE16A7269081A394690479BF8000033
:104BD000C0071CD1DAF800005746007800F00F003B
:104BE000072812D239680622A01C0931F8F774FB95
:104BF00038B9207A39680978B0EBD11F01D101208A
:104C000000E0002084F8250001E084F82580284693
:104C1000FFF72CFFE80701D030682FE0A80726D562
:104C200068071ED4FEF7D2FCD8B9FEF7DFFCC0B986
:104C30006748F4380168001F0068C0F3425CC0F3A5
:104C4000006700F00F03C0F30312C0F3032047B165
:104C50000BB102B128B921B1BCF1030F01D245F06B
:104C6000040545F380007168401C884709E0280767
:104C700001D5B06802E0E80602D5F068804700E0A0
:104C8000FFDFA07A02281BD1207C002818D0564ACA
:104C9000C2F8448102280FD0012800D0FFDFE16A6A
:104CA0006069884200D8FFDFD4F81410C9F80010FA
:104CB000BDE8F05F00F0A3B86169E06A0144F5E780
:104CC000BDE8F09F70B5054641F2643441F66A06CE
:104CD000022806D0012D12D0022D0CD0FFDF304665
:104CE00070BDFEF72FFC0028F6D1FEF738FC002837
:104CF000F2D141F6583441F29A00204470BD42F698
:104D0000CE3070BD324808300168032904D00068F5
:104D1000022801D000207047012070472C4808303D
:104D200001680B2904D000680A2801D000207047D0
:104D30000120704700280DDB00F01F020121914087
:104D40004009800000F1E020C0F88011BFF34F8FD0
:104D5000BFF36F8F7047002809DB00F01F020121AD
:104D600091404009800000F1E020C0F880127047B7
:104D700019480021417281720121C172704730B51A
:104D800000240546012902D002290BD0FFDF184874
:104D900004430F4834380460164805430C48303843
:104DA000056030BD4FF08074F1E7094A4032116868
:104DB00053060228D3F820031ED0C0F3062000BFFC
:104DC00021F4FE4141EA00201060704700100040CD
:104DD000481500401C1100407C0A0020000004041B
:104DE00008F50140C30000200080004044850040D9
:104DF0000801100000000302C0F30660E0E7354838
:104E0000816B41F48001816333494FF48000086075
:104E1000DBE7F8B52F4C314E0020217C19B1D6F8D4
:104E20004411012907D00023A27A2D49012A04D078
:104E3000022A0AD019E00123F6E7D1F80C01012873
:104E400001D0002011E008200FE0D1F80C0101286A
:104E500006D0002223480068012803D0042002E085
:104E60000222F7E7002010431843D1F81021012A4D
:104E70002ED0002505431C48026812F0FF0F03D016
:104E8000D1F81421012A00D0002284F832200068D1
:104E900010F0FF0F03D0D1F81801012800D0002036
:104EA00084F833000F481030006884F83400FFF7AE
:104EB00072F8012800D0002084F83500FFF767F968
:104EC0000020C6F844010948006800902846F8BD53
:104ED0001025CFE77C0A002004F501400080004047
:104EE0000010004000140040401600404481004083
:104EF00010B5444822220021F8F745FA4148002421
:104F0000017821F010010170012104F04DFC3D49B0
:104F10004FF6FF70263981F8224088843A4908808C
:104F2000488010BDE4E7704700F05FB83549016084
:104F30007047354908807047324926398A8CA2F576
:104F40007F43FF3B02D00021016008E091F822205E
:104F50002C492639012A02D0016001207047002027
:104F600070472848263810F8221F012908D001214F
:104F7000017025482349263900888884012070471C
:104F8000002070472049488070471E491E4B263933
:104F90008A8C5B889A4205D191F8222012B1016077
:104FA00001207047002070471648174A2638818C28
:104FB0005288914209D14FF6FF71818410F8221F67
:104FC00019B10021017001207047002070470D4881
:104FD0000D4A2638818C5288914204D190F82200E3
:104FE00008B10020704701207047064926398A8C95
:104FF000824205D1002081F822004FF6FF7088849C
:1050000070470000DE0A0020C400002070473D4ABF
:10501000012338B1012804D1137008689060888892
:105020009081704753700868C2F802008888D08069
:105030007047344A10B1012807D00EE0507860B1B3
:10504000D2F802000860D08804E0107828B1906897
:1050500008609089888001207047002070472949A6
:1050600010B1012802D005E0487800E0087808B1C6
:10507000012070470020704730B50C4605468DB0C2
:105080004FF0030104F1030012B1FEF741FB01E010
:10509000FEF75DFB60790D2220F0C00040F040007B
:1050A0006071002104A8F8F76EF9E0788DF81F0010
:1050B00020798DF81E0060798DF81D001022294698
:1050C0006846F8F736F9684604F036FE9DF82F007A
:1050D00020709DF82E0060709DF82D00A0700DB01E
:1050E00030BD10B5002904464FF0060102D0FEF78E
:1050F0000FFB01E0FEF72BFB607920F0C000607130
:1051000010BD0000C8000020FE48406870472DE92F
:10511000F0410E46074601461446012004F011FDF9
:10512000054697F86500FFF725F84AF2B1210844D3
:105130004FF47A71B0FBF1F1788840F2712250435C
:10514000C1EB4000041BA4F2663402F0BBFD00B1C9
:105150001E3CAE4201D2284600E03046A04204D2B6
:10516000AE4201D22C4600E034467C62BDE8F081BC
:1051700030B502460020002914D0A2FB01104C0AD1
:1051800044EAC054400A641C40F100000021D4F1FC
:10519000FF3240F2A175814100D2FFDF04F5F464D3
:1051A000B4FBF5F030BD2DE9FF4F8BB0044690F80D
:1051B00065008A460990DDE90D1008430890D24841
:1051C0000026007800F004FE054694F88C0100F0FB
:1051D000FFFD284480B2009094F87D000D2804D093
:1051E000002007900D9810B131E00120F9E794F804
:1051F0002C0103282BD1079848B3B4F8AE115145C0
:1052000025D1D4F83401C4F82001608840F2E2418D
:105210004843C4F82401B4F87A01B4F806110844EC
:10522000C4F82801204602F057FDB4F8B201E0822C
:1052300094F8B0016075B4F8B4016080B4F8B601B8
:10524000A080B4F8B801E080022084F82C01D4F8E2
:1052500084010590D4F880010390B4F80681B4F875
:105260007811D4F8740106900D9820B194F840019B
:1052700000287DD108E004F580700290743004901D
:1052800004F5B075001D07E004F5AA700290001D3A
:10529000049004F5A275001D0A90B4F87020AAEBE2
:1052A00002000FFA80F9AAEB010007B2002F05DA1D
:1052B000D4F87001069001204F46089092484FF0B4
:1052C000000B007970B3F5F7A1FC58B3B4F81801DE
:1052D000022827D394F82C01022823D094F8430104
:1052E00000BB94F88C0100F073FD00F5C86080B23B
:1052F000009094F82C01012845D0608840F2E241EA
:1053000048430099FFF734FF08EB0901CA1BD4F8A2
:10531000341180B2431A02FB03BBC4F834010120EC
:1053200084F8430194F82C0100286DD001287DD029
:1053300002287CD003287BD0FFDF00BFA6EB0B0147
:105340000698FCF70EFD0499012640F271220860D0
:105350000A990020A1F800A028702E710498006816
:10536000A8606088D4F834115043C1EB400000E0DD
:10537000BFE16549A0F23630C861896981427DD9B3
:10538000029908607BE194F88000032833D0012162
:10539000002004F0CDF8E18A40F27122514300EB85
:1053A00041000190D4F82401B8340099FFF7E0FEE1
:1053B000A16E226F431AA066DDE9001002FB03BB59
:1053C000FFF7D6FEA16FA067421A34F8B60C40F280
:1053D000E241484393440099FFF7CAFE08EB0901F4
:1053E000226FC91B8A1AE16F521E431A02FB03BBCC
:1053F000E067B83C93E7E08A40F27122D4F82411C8
:10540000504301EB4000CCE7039800B9FFDF0121D6
:10541000002004F08DF80646E08A40F271214843EE
:1054200006EB40000099FFF7A3FE02E0C0E058E061
:10543000DDE0C4F83001608840F2E2414843009961
:10544000FFF796FEC4F8340182B22046A16AFFF746
:105450005EFE14F8650FFEF7F2FE4FF47A7800F264
:10546000E140B0FBF8F1039801EB00092078FEF76A
:10547000E6FE07462078FEF77DFE00E0FDE03844BA
:105480004AF2AB310144B1FBF8F134F84F0C40F271
:105490007122504306EB4000411AD4F8CB0040F291
:1054A000E2430A1A02EB0906227814F8501C11FB99
:1054B00003F1203E00F0B9FC1349801C886114F808
:1054C0006509FEF7BCFE00F2E140B0FBF8F103987D
:1054D0000844301A40F2F6218842BFF42FAFFFDFB4
:1054E0002CE7E08A40F27122D4F82411504301EBFA
:1054F00040000099FFF73CFEC4F83001608840F29C
:10550000E24103E0000B0020D8000020484300994E
:10551000FFF72EFEC4F8340182B22046A16AFFF7DD
:10552000F6FDB8F1000F21D10E98F8B194F865603E
:105530003046FEF71FFE4AF2B12101444FF47A7063
:10554000B1FBF0F0D4F8301140F271230144E08A4D
:10555000D4F82421584302EB4000471A3046FEF7A6
:1055600076FE0599081A3E18203E0AE0E08A40F2CD
:105570007122D4F82411504301EB4000D4F83011CB
:10558000461AD4F82821D4F82011D4F8300140F27A
:10559000E24301FB020094F86520617D11FB03F1F9
:1055A00000F043FCF9498861012084F82C01C5E62C
:1055B000608840F271225043D4F83411D4F8282185
:1055C000C1EB40067E4308EB0900801AD4F8207135
:1055D000D4F83031401E07FB023200FB012094F862
:1055E0006520617D40F2E24311FB03F140E06088F9
:1055F00040F27122D4F834115043C1EB400694F8C4
:105600007C007E43242803D094F87D0024280AD10E
:10561000B4F8AE11AAEB010000B2002803DB94F845
:10562000B10100B109900898D8B1B8F1000F18D1B4
:10563000059808B1039800B9FFDF94F86500FEF7FC
:1056400099FD4AF2B12101444FF47A70B1FBF0F0B8
:10565000361A94F86500FEF7FAFD0599081A064413
:10566000203ED4F8341108EB090048430021099A80
:1056700000F0DBFBC549886160E602980160029892
:10568000616A0068084400F5D370E86002F01AFB14
:1056900010B1E8681E30E8606E71B4F8F010A1EB4C
:1056A0000A0000B2002801DD032068710798002875
:1056B0000E9822D0C0B100BFB4F81811B1B3B4F83D
:1056C0001A0100BFA4F81A0194F81C21401C42439F
:1056D0008A4209D26879401E002805DD6E71B4F84F
:1056E0001A01401CA4F81A010D9830B394F8400137
:1056F000F8B102200FB0BDE8F08F0028DCD194F89B
:105700002C010028F0D0608840F27122D4F83411C6
:105710005043C1EB4001284603F04EFE0004000C4C
:10572000E2D0189901B108800120E3E7FFE70020EB
:10573000C8E794F87C01FDF78CF994F87C012946C0
:1057400000F059FB20B10D9880F0010084F8410170
:105750000020CFE77CB50446FCF72FFE0146D4F8C5
:105760007001FDF72BFB214600F076FB94F87D10CD
:105770000D290AD0B4F87020B4F83E1113189942DC
:1057800006DB491CA4F83E1106E0B4F83E010CE02B
:10579000401C1044A4F83E0194F8420140B9B4F80A
:1057A0003E01B4F8F410884202D1401CA4F83E0136
:1057B000B4F87A0101AE401CA4F87A01B4F89A005A
:1057C000B4F89810401AB4F87010401E084485B21E
:1057D00009E000231A4620460096FFF7E4FCD0B10A
:1057E00001282ED0FFDFB4F83E11681A00B200285D
:1057F000EFDA082084F88D00012084F88C00204620
:1058000001F0F5FE204600F0F8FA60484079BDE866
:105810007C40F5F7C9BBA06E002811D0B4F83E015A
:10582000B4F89420801A01B2002909DD34F86C0F15
:105830000144491E91FBF0F189B201FB0020208553
:105840007CBDB4F83E01BDF804100844A4F83E0144
:10585000C9E770B54E4C607A08B1002070BD94F86D
:10586000300030B1616B606A884202D9F8F70CFBF6
:10587000F3E7A06AC8B1F7F725FF0546F7F7F9FE89
:10588000284442F210714618FCF797FD0546294658
:10589000E06AFDF793FAE562A16A8219914202D2A9
:1058A0000120A062E2E7081AA062012070BD70B575
:1058B000374C012500202575207494F8300004F140
:1058C000100650B14FF47A71A069FCF74AFAA06152
:1058D0000021304603F070FD10E0002000F00DFBC9
:1058E0000546F7F7EFFE05442946A069FCF739FAAB
:1058F000A0612946304603F05FFD451C208C411C09
:105900000A2901D228442084606828B1208C401CD8
:105910000A2801D3022000E003206075FFF799FFF9
:1059200038B1207B314600F066FA002800D1FFDF55
:1059300070BD00F0DAFA15484079BDE87040F5F71F
:1059400033BB38B50025044680F82C51A0F87851B7
:105950002B462A4629460095FFF725FC00B1FFDFBC
:10596000C4F828510120C4F8205184F82C01A4F86F
:105970003E51A4F83C5184F8425134F8700F401E57
:1059800024F8B80B0020A4F8525038BDD8000020ED
:10599000000B002010B530B1F749012807D00228CC
:1059A0000BD0FFDF10BDBDE8104000F0EABA486A36
:1059B000BDE81040002100F0B5BA002081F83000A9
:1059C000FCF7F9FBED484079BDE81040F5F7ECBA7B
:1059D0002DE9F0410646E8480F460178E74D0329D6
:1059E00009D1017BB14206D1406868613846BDE803
:1059F000F04100F0EEBA304600F0F3F90621FAF774
:105A00005DFB040000D1FFDF304600F0EAF9218899
:105A1000884200D0FFDF214638466C61BDE8F04186
:105A200000F027BA10B5D44C207848B1012060723C
:105A3000F8F74CFA2078032804D0207A002800D008
:105A40000C2010BD207BFDF704F8207BFDF772FAD7
:105A5000207BFCF78FFC00B9FFDF0020207010BD19
:105A600010B5FFF7DFFF00F0F1FAC348002180F81E
:105A70003010C172084610BDC049487100208870BE
:105A800001220A7048700A71C870BB490870E7E7C4
:105A9000BA49087070472DE9F047B74C07460E46E3
:105AA000207800284BD1B648FCF702FC20731F2851
:105AB00045D04FF00309676084F8009000256572B7
:105AC000257287B1012107F58E70FDF740FE062093
:105AD000FAF7A0FA97F81C11B1FBF0F200FB1210D4
:105AE000401C87F81C01FCF73EFC40F2F65188424E
:105AF00000D2084600F23F101FFA80F8F7F7B9FD10
:105B0000E061F7F7DFFD0127E0B1A772FCF755FC74
:105B10008246002000F0F1F900EB08015046FCF746
:105B200020F9A061C4E90A6A277584F815909249A2
:105B30002574207B103100F05EF990B910E00C2044
:105B4000BDE8F087FCF739FC4146FCF70AF9A06193
:105B5000A57284F83070A6F28B566663A562E3E7FF
:105B6000FFDF25840020F8F7B1F90020E8E783493A
:105B7000487070478149087170472DE9F0417F4CAA
:105B80000746E088401CE080D4E902516078D7F8ED
:105B9000806120B13246284603F036FC0546A068F5
:105BA000854205D02169281A08442061FDF7D3F801
:105BB000A560AE4205D897F82C01012801D0E07805
:105BC00010B10020BDE8F0810120FBE710B50446CC
:105BD0000846FEF7CFFA4AF2B12108444FF47A7131
:105BE000B0FBF1F040F2E2414C4300F23630844227
:105BF00001D9201A10BD002010BD7CB5044600203C
:105C000084F8400194F8FE0000283FD194F82C015C
:105C100003283BD1FCF7D1FB0146D4F87001FDF716
:105C2000CDF8002832DD214600F016F9411CB4F809
:105C300070000144A4F83C11B4F83C11B4F8F4200D
:105C4000511A09B2002921DD012184F84211B4F86A
:105C50009A10B4F8982001AE891A491E084485B2FA
:105C60000EE00096B4F83C11002301222046FFF715
:105C70009AFA00280AD0012809D0022806D0FFDFAE
:105C8000B4F83C01281A00B20028EADA7CBDB4F866
:105C90003C01BDF804100844A4F83C01F0E738B515
:105CA00000250446012902D13448C07868B1042097
:105CB00084F82C01FCF77FFAA4F87A51B4F870004C
:105CC000A4F83E0184F842515FE60095B4F8F41060
:105CD000012300222046FFF766FA0028EAD0FFDF02
:105CE000E8E710B5062916D2DFE801F00509030C34
:105CF0000C0D002100E00121BDE81040CFE7032199
:105D000080F82C1110BDB0F834118AB2816ABDE858
:105D10001040FFF7FCB9FFDF10BD70B5174CA1783C
:105D2000022916D1E188002913D16569C5F88401DB
:105D300095F86500FEF78BFAD5F88411081AA1686A
:105D40000144A160E1680844E060BDE8704000F0F3
:105D5000A9B970BD70B5054608488478022C11D0E9
:105D6000054C243401B34FF47A7601290ED0022970
:105D700010D0FFDF70BD0000000B0020D800002015
:105D8000D1590100446904F5C074EBE71846FEF7E9
:105D900056FA02E01046FEF795FF00F2E140B0FB34
:105DA000F6F0281A2060E5E72560E3E7FE4810B525
:105DB000007808B1002010BD0620FAF71DF980F028
:105DC000010010BDF8480078002800D0012070477D
:105DD00010B504460C2800D3FFDFF44830F8140057
:105DE00010BD10B504461F2800D3FFDFEE48383041
:105DF00030F8140010BDFCF711BD70B5044600204A
:105E000084F82C0194F87C514FF6FF761F2D00D3B7
:105E1000FFDFE548383020F8156094F87C01FCF786
:105E2000A9FA1F2084F87C01A4E770B505460C464A
:105E300016461046FEF79EF94AF2B12108444FF487
:105E40007A71B0FBF1F000EB450004443046FEF7F8
:105E5000FEF9204460308DE7002809D0D1F83421C4
:105E6000498840F271235943C2EB4101B0FBF1F084
:105E700070472DE9F04101250226CD4F0C46082838
:105E800031D2DFE800F0040E161611301A23204636
:105E900000F0ADF9204600F064F984F84051BE707E
:105EA00090E601F00AFF01E0FEF72FFE84F8405172
:105EB00088E62046BDE8F0414CE4FEF7B3FCFEF76F
:105EC00024FE4FF0E020C0F880627BE694F82C01BD
:105ED000042800D0FFDF2046FFF78FFF7879BDE868
:105EE000F041F5F761B8FFDF6CE610B5AE4C207BF2
:105EF000FCF740FA0020207010BD08B500284FF0D4
:105F00000101684602D0FDF703FC01E0FDF7F6FB56
:105F10009DF8000042F210710002B0FBF1F201FBAB
:105F2000120008BD2DE9F0419F4C0746002084F87F
:105F30003000A669E07220700120207201216068A3
:105F400003F0B2F86068C0F87061257B80F87C517E
:105F5000C0F88071C0F8746106881F2D00D3FFDF80
:105F60009148383020F815606068FFF7EAFC00B10E
:105F7000FFDFFCF720F98E484079BDE8F041F5F7E6
:105F800013B870B5884C0025A07A18B10120FFF72E
:105F9000B4FF0546F7F796FB4119A069FBF7E1FE50
:105FA000A061002525740320607501202075607AAA
:105FB00030B97D49207B1031FFF71DFF00B9FFDFAD
:105FC0002584FCF7F8F87A484079BDE87040F4F78A
:105FD000EBBF70B5744D04462878032800D0FFDF6E
:105FE000082C31D2DFE804F0040E2A2A2630302DA6
:105FF00000206862F7F77CFD00B1FFDF6C490320E9
:106000008870B7E6F7F735FBE9690446A14206D286
:10601000601A0421FCF705FFEC6108B906E0E861AD
:10602000F7F7B1FE0028ECD0FFDFA3E6BDE8704033
:106030000020AFE4BDE87040FEF767BDBDE87040EA
:1060400035E4BDE8704050E7FFDF93E6FEB5584CFD
:106050000120E0704FF6FF750CE00621FAF72EF8EC
:10606000060000D1FFDF96F87C01FCF763FF3046A5
:10607000FFF7C3FE69460620F9F7ADFF50B1FFDF19
:1060800008E0029830B190F82C1119B10088A842AC
:10609000E3D104E06846F9F77CFF0028F1D0002046
:1060A000E070FEBD2DE9F0474148446994F8431182
:1060B000002955D094F82C11032951D194F86590FA
:1060C0000078FFF785FE054694F88C01FFF780FE07
:1060D000284486B294F88C01FFF77AFE00F5C86078
:1060E0001FFA80F84846FEF7B2F8D4F884110D1A6A
:1060F0004846FEF73FF84FF47A7A00F2E730B0FBFB
:10610000FAF02D1A4846FEF7A2F8D4F800110F1A3B
:106110004846FEF72FF84AF2B1210144B1FBFAF0EC
:106120003A1AA2F160007043B0FBF8F1292000EBAD
:1061300052006031A0EB510200EB5100AA4201D89D
:10614000854201D3F4F714FE608840F2E2414843EF
:106150003146FFF70DF8C4F83401002084F84301FC
:10616000EEE470B50446FCF7FEF8054694F86500C9
:10617000FEF700F84AF2B12108444FF47A71B0FBFF
:10618000F1F0D4F8341140F2712201446088504398
:10619000C1EB4006303EB72D00D8B725214601207F
:1061A00003F0CFFC284405E0000B002088B201007A
:1061B000D8000020351A21460120A5F21B3503F036
:1061C000C0FC616A9C30814201D9081A00E00020BD
:1061D0002C49A842CD6000D328468860D4F86C01D1
:1061E000A0F5D3700861BDE87040FCF7B4BD10B5F0
:1061F000044624490020C4F88001C880C4F8840102
:1062000094F8410138B9FCF7D8F8D4F84C11FCF7F0
:10621000D5FD002813DCB4F83E11B4F870008142BB
:1062200001D1B4F8F410081AA4F8F600A4F870101C
:10623000D4F86801C4F84C01C4F870011CE0B4F84B
:106240003C01B4F87010401AA4F8F600B4F83C0110
:10625000A4F87000D4F84C01C4F86801C4F87001C7
:10626000D4F85401C4F80001D4F85801C4F87401FA
:10627000B4F85C01A4F878012046BDE8104001F0B4
:1062800006BC0000D80000202DE9F0410E4604466F
:1062900003F06FFB0546204603F06DFB044603F058
:1062A000FDF8FB4F010015D0386990F864208A4250
:1062B00010D090F8C4311BB190F8C63123421FD0E2
:1062C0002EB990F85D30234201D18A4218D890F857
:1062D000C401A8B1284603F0E1F870B1396991F81A
:1062E0006520824209D091F8C40118B191F8C70124
:1062F000284205D091F8C40110B10120BDE8F08119
:106300000020FBE730B5E24C85B0E06900285ED0A4
:10631000142200216846F7F736F8206990F86500E6
:10632000FDF728FF4FF47A7100F5FA70B0FBF1F534
:10633000206990F86500FDF78AFF2844ADF8060053
:1063400020690188ADF80010B0F87010ADF80410A5
:106350004188ADF8021090F8A60130B1A069C11CC7
:10636000039103F01FFA8DF81000206990F8A50141
:106370008DF80800E169684688472069002180F8A7
:10638000A61180F8A5110399002920D090F8A41136
:1063900000291CD190F87C10272918D09DF81010E6
:1063A000039A002913D013780124FF2B11D0072B57
:1063B0000DD102290BD15178FF2908D180F8A441D1
:1063C0000399C0F8A8119DF8101080F8A71105B026
:1063D00030BD1B29F2D9FAE770B5AD4C206990F8B1
:1063E0007D001B2800D0FFDF2069002580F8A75022
:1063F00090F8D80100B1FFDF206990F8A81041B1F2
:1064000080F8A8500188A0F8DC1180F8DA510C213E
:1064100008E00188A0F8DC1180F8DA51012180F849
:10642000DE110B2180F8D8110088F9F77AFFF9F70F
:1064300023FC2079F4F7B8FD206980F87D5070BD09
:1064400070B5934CA07980072CD5A078002829D16D
:1064500062692046D37801690D2B01F170005FD08D
:106460000DDCA3F102034FF001050B2B19D2DFE87D
:1064700003F01A1844506127182C183A6400152BA1
:106480006FD008DC112B4BD0122B5AD0132B62D0BB
:10649000142B06D166E0162B71D0172B70D0FF2B72
:1064A0006FD0FFDF70BD91F87F200123194602F005
:1064B00038FF0028F6D12169082081F87F0070BDDF
:1064C0001079BDE8704001F0A2BC91F87E00C007D1
:1064D00000D1FFDF01F05AFC206910F87E1F21F087
:1064E0000101017070BD91F87D00102800D0FFDF20
:1064F0002069112180F8A75008E091F87D00142848
:1065000000D0FFDF2069152180F8A75080F87D10AA
:1065100070BD91F87D00152800D0FFDF172005E041
:1065200091F87D00152800D0FFDF1920216981F83E
:106530007D0070BDBDE870404EE7BDE8704001F0E1
:106540003ABC91F87C200123002102F0EAFE00B958
:10655000FFDF0E200FE011F87E0F20F0040008701E
:106560001DE00FE091F87C200123002102F0D9FE0C
:1065700000B9FFDF1C20216981F87C0070BD12E0AA
:106580001BE022E091F87E00C0F30110012800D04A
:10659000FFDF206910F87E1F21F010010170BDE8B7
:1065A000704001F0F3BB91F87C200123002102F040
:1065B000B8FE00B9FFDF1F20DDE791F87D0021283C
:1065C00001D000B1FFDF2220B0E7BDE8704001F04C
:1065D000E9BB2F48016991F87E20130702D50121FC
:1065E0008170704742F0080281F87E208069C0788F
:1065F00081F8E10001F0C1BB10B5254C21690A8882
:10660000A1F81A2281F8180291F8640001F0A9FBA0
:10661000216981F81C0291F8650001F0A2FB216953
:1066200081F81D02012081F81602002081F8C401C2
:106630002079BDE81040F4F7B7BC10B5144C052123
:106640002069FFF74EFB206990F85A10012908D005
:1066500000F5F77103F048FA2079BDE81040F4F72F
:10666000A3BC022180F85A1010BD10B5084C0123BC
:106670000921206990F87C20703002F052FE48B168
:106680002169002001F8960F087301F81A0C10BD5B
:10669000F80000200120A070F9E770B5FE4D01233D
:1066A00029462869896990F87C2009790E2A01D148
:1066B000122903D000241C2A03D004E0BDE8704056
:1066C000D3E7142902D0202A07D008E080F87C40C4
:1066D00080F8A240BDE87040AFE7162906D0262A10
:1066E00001D1162902D0172909D00CE000F87C4FFF
:1066F00080F82640407821280CD01A2017E090F826
:106700007D20222A07D0EA69002A03D0FF2901D17F
:1067100080F8A63132E780F87D4001F037FB286928
:1067200080F8974090F8C4010028F3D00020BDE81D
:10673000704061E72DE9F843D74C206990F87C1050
:10674000202909D05FF0000790F87D10222905D09C
:106750007FB300F17C0503E00127F5E700F17D053B
:1067600010F8B01F41F004010170A06903F007F9AF
:106770004FF00108002608B33946A069FFF784FDF1
:10678000E0B16A46A169206902F096FE90B3A06963
:1067900003F0F3F82169A1F8AE01B1F8701001F02F
:1067A000C6FA40B32069282180F88D1080F88C80CB
:1067B00048E0FFE70220A070BDE8F883206990F868
:1067C000C40110B11E20FFF717FFAFB1A069216906
:1067D000C07881F8E20008FA00F1C1F3006000B966
:1067E000FFDF20690A2180F87C1090F8A20040B9F0
:1067F000FFDF06E009E01AE02E7001F0C7FAFFF7AC
:10680000E8FE206980F89760D6E7206990F8C40117
:1068100018B10020FFF7F0FE2E70206900F17D0115
:1068200080F897608D420DD180F87D600AE0206984
:106830009DF8001080F8B0119DF8011080F8B1119A
:1068400024202870206900F17D018D4203D1BDE82C
:10685000F84301F09BBA80F8A260ADE770B58E4CAA
:1068600001230B21206990F87D20703002F059FD42
:10687000202650BB20690123002190F87D20703034
:1068800002F04FFD0125F0B1206990F87C0024282A
:106890001BD0A06903F063F8C8B1206990F8B0106C
:1068A00041F0040180F8B010A1694A7902F00702B2
:1068B00080F85D20097901F0070180F85C1090F8FC
:1068C000C5311BBB06E0A57058E6A67056E6BDE8CC
:1068D00070407EE690F8C431C3B900F164035E787D
:1068E0008E4205D11978914202D180F897500DE07F
:1068F00000F504710D7002884A8090F85C200A71DE
:1069000090F85D0048712079F4F74EFB2169212051
:1069100081F87D00BDE8704001F02FBAF8B55E4CFB
:10692000206990F87E0010F0300F04D0A07840F07D
:106930000100A070F8BDA06902F0FAFF50B3A06991
:1069400002F0F0FF0746A06902F0F0FF0646A069DA
:1069500002F0E6FF0546A06902F0E6FF0146009757
:10696000206933462A46303003F046F8A079800784
:1069700003D56069C07814280FD0216991F87C0094
:106980001C280AD091F85A0001280ED091F8BB01BA
:1069900058B907E0BDE8F8401BE62169012081F8FD
:1069A0005A0002E091F8BA0130B1206910F87E1F58
:1069B00041F0100101700EE091F87E0001F5FE72C9
:1069C00040F0200081F87E0031F8300B03F080F8B1
:1069D0002079F4F7E9FABDE8F84001F0CEB970B5D6
:1069E0002D4C206990F87E10890707D590F87C20FF
:1069F00001230821703002F094FCE8B1206990F87E
:106A0000AA00800712D4A06902F073FF216981F8FF
:106A1000AB00A06930F8052FA1F8AC204088A1F8A0
:106A2000AE0011F8AA0F40F002000870206990F83B
:106A3000AA10C90703D00FE00120A0709EE590F8CE
:106A40007E00800700D5FFDF206910F87E1F41F02F
:106A50000201017001F091F92069002590F87C1085
:106A6000062906D180F87C5080F8A2502079F4F7EE
:106A70009BFA206990F8AC110429DFD180F8AC5161
:106A80002079F4F791FA206990F87C100029D5D18B
:106A900080F8A25072E50000F800002070B5FE4CAE
:106AA00001230021206990F87D20703002F039FC2C
:106AB000012578B9206990F87D20122A0AD0012397
:106AC0000521703002F02DFC10B10820A07055E5B2
:106AD000A57053E5206990F8A80008B901F04DF9B8
:106AE0002169A06901F5847102F0F1FE2169A069B4
:106AF000D83102F0F2FE206990F8E00100B1FFDF2A
:106B000021690888A1F8E20101F5F271A06902F09B
:106B1000D6FE2169A06901F5F67102F0D5FE206963
:106B200080F8E051142180F87D102079BDE8704094
:106B3000F4F73ABA70B5D84C01230021206990F8D7
:106B40007D20703002F0EDFB0125A8B1A06902F0B4
:106B50008CFE98B1A0692169B0F80D00A1F8AE01D2
:106B6000B1F8701001F0E3F858B12069282180F8DD
:106B70008D1080F88C5001E5A570FFE4BDE87040F1
:106B800027E5A0692169027981F8B021B0F80520D4
:106B9000A1F8B22102F060FE2169A1F8B401A06958
:106BA00002F05DFE2169A1F8B601A06902F05AFE6B
:106BB0002169A1F8B8010D2081F87D00DEE47CB5E3
:106BC000B54CA079C00738D0A06901230521C5784C
:106BD000206990F87D20703002F0A3FB68B1AD1EF3
:106BE0000A2D06D2DFE805F00909050509090505A2
:106BF0000909A07840F00800A070A07800281CD1F6
:106C0000A06902F0FFFD00287AD0A0690226C578AD
:106C10001DB1012D01D0162D18D1206990F87C00EE
:106C200002F067FB90B1206990F87C101F290DD00D
:106C3000202903D0162D16D0A6707CBD262180F801
:106C40007C10162D02D02A20FFF7D6FC0C2D58D030
:106C50000CDC0C2D54D2DFE805F033301D44A7A71F
:106C6000479E57A736392020A0707CBD0120152DE6
:106C700075D008DC112D73D0122D69D0132D64D07E
:106C8000142D3DD178E0162D7CD0182D7DD0FF2D10
:106C900036D183E020690123194690F87F207030B7
:106CA00002F03FFBF8B9A06902F007FE216981F804
:106CB0009201072081F87F0078E001F044F975E047
:106CC000FFF738FF72E001F01EF96FE0206990F8DD
:106CD0007D10112901D0A67068E0122180F87D1086
:106CE00064E0FFF7DBFE61E0206990F87D00172883
:106CF000F1D101F04BF821691B2081F87D0055E0AE
:106D000052E0FFF76CFE51E0206990F87E00C0076A
:106D100003D0A07840F001001FE06946A06902F0AE
:106D2000EAFD9DF8000000F02501206900F8B01F81
:106D30009DF8011001F04101417001F01EF8206939
:106D400010F87E1F41F0010114E0FFF78EFC2DE0EA
:106D5000216991F87E10490705D5A07026E00EE064
:106D600016E00FE011E001F008F8206910F87E1F2E
:106D700041F00401017019E0FFF7D0FD16E001F0C9
:106D80008AF813E0FFF76AFD10E0FFF7D3FC0DE08F
:106D900001F060F80AE0FFF780FC07E0E16919B153
:106DA000216981F8A60101E0FFF713FC2069F0E9F1
:106DB0003012491C42F10002C0E900127CBD70B5DE
:106DC000354CA07900074AD5A078002847D1206922
:106DD00090F8E400FE2800D1FFDF2069FE210025A5
:106DE00080F8E41090F87D10192906D180F8A7509A
:106DF00000F0CCFF206980F87D50206990F87C106D
:106E00001F2902D0272921D119E090F87D0002F036
:106E100070FA78B120692621012380F87C1090F85F
:106E20007D200B21703002F07CFA78B92A20FFF720
:106E3000E3FB0BE02169202081F87C0006E00121C2
:106E400080F8A51180F87C5080F8A250206990F855
:106E50007F10082903D10221217080F8E41059E441
:106E600010B50D4C216991F8B0210AB991F8642050
:106E700081F8642091F8B1210AB991F8652081F870
:106E8000652010B10020FFF7B7FB206902F0D4FDA8
:106E9000002809D0206901E0F8000020BDE810407A
:106EA00000F5F77102F020BE10BD70B5FC4C06462F
:106EB0000D46206990F8E400FE2800D0FFDF22692B
:106EC000002082F8E46015B1A2F8A40022E422F8C0
:106ED0009E0F012010711DE470B5F14C01230021BB
:106EE000206990F87C20703002F01BFA002869D0ED
:106EF000206990F8BA1111B190F8BB1139B190F82E
:106F0000C41100295DD090F8C51111B359E090F873
:106F10007D1024291BD090F87C10242917D0002341
:106F200000F5D87200F5DD7102F058FD21690020EE
:106F300081F8BA0101461420FFF7B7FF216901F17A
:106F40003000C28A21F8E62F408B48803FE00123C1
:106F5000E6E790F87D2001230B21703002F0E1F983
:106F600078BB206990F8640000F0FBFE05462069BC
:106F700090F8650000F0F5FE0646206990F8C6110D
:106F8000284600F0E0FE50B1206990F8C711304665
:106F900000F0D9FE18B10020FFF72EFB11E02069A8
:106FA0000123032190F87D20703002F0BAF940B936
:106FB00020690123022190F87D20703002F0B1F9A0
:106FC00008B1002080E400211620FFF76EFF0120A9
:106FD0007AE410B5F0BBB24C206990F87E10CA0775
:106FE00002D00121092051E08A070AD501210C2095
:106FF000FFF75BFF206910F8AA1F41F00101017043
:1070000046E04A0702D5012113203FE00A0705D5D3
:1070100010F8E11F41710121072037E011F0300F16
:107020003AD090F8BB11A9B990F8BA11D9B190F83B
:107030007D1024292ED090F87C1024292AD00023FA
:1070400000F5D87200F5DD7102F0C8FC216911F875
:107050007E0F00E020E020F0200040F010000870DB
:10706000002081F83C01206990F87E10C90613D5F4
:1070700002F0E2FCFFF7E1FA216901F13000C28A77
:1070800021F8E62F408B488001211520FFF70DFFE6
:10709000012010BD0123D3E7002010BD70B5804C46
:1070A000206990F8E410FE2978D1A178002975D1E3
:1070B00090F87F2001231946703002F032F9002841
:1070C0006CD1206990F8901149B10021A0F89C1072
:1070D00090F8911180F8E610002102205BE090F812
:1070E0007D2001230421703002F01BF90546FFF7D3
:1070F00070FF002852D1284600F089FF00284DD1AA
:1071000020690123002190F87C20703002F009F9F9
:1071100078B120690123042190F87D20703002F0BD
:1071200000F930B9206990F8960010B100211220C2
:1071300031E0206990F87C200A2A0DD0002D2DD155
:1071400001230021703002F0ECF878B1206990F84A
:10715000AC1104290AD105E010F8E21F01710021E9
:10716000072018E090F8AA00800718D0FFF7B4FEB7
:10717000002813D120690123002190F87C20703071
:1071800002F0CFF8002809D0206990F8A401002867
:1071900004D00021FF20BDE8704086E609E0002110
:1071A0000C20FFF782FE206910F8AA1F41F00101B0
:1071B000017043E43EB505466846FDF7BDFE00B9E3
:1071C000FFDF222200210098F6F7DDF80321009866
:1071D00002F0FFFA0098017821F0100101702946B1
:1071E00002F01DFB2E4C0D2D40D00BDCA5F102054D
:1071F0000B2D19D2DFE805F01F184719191F185673
:1072000018192400152D5ED008DC112D25D0122D63
:107210000BD0132D09D0142D06D154E0162D29D0F2
:10722000172D69D0FF2D73D0FFDFFDF79AFE0028E0
:1072300000D1FFDF3EBD2169009891F8E61017E00C
:10724000E26800981178017191884171090A817191
:107250005188C171090A0172E7E70321009802F021
:10726000A6FB0621009802F0A6FBDEE700980621A7
:107270000171DAE70098216991F8C621027191F84D
:10728000C7114171D1E72169009801F5887102F0B9
:1072900028FB21690098DC3102F028FBC5E70000DB
:1072A000F8000020F849D1E90001CDE90101206989
:1072B00001A990F8B00000F025008DF804000098B6
:1072C00002F048FBB1E72069B0F84810009802F0DE
:1072D00017FB2069B0F8E810009802F015FB206950
:1072E000B0F84410009802F013FB2069B0F8E610E3
:1072F000009802F011FB98E7216991F8C401002879
:107300000098B9D111F8642F02714978B9E7FFE705
:10731000206990F8A721D0F8A811009802F08DFA02
:1073200083E7DA4810B5006990F8821041B990F807
:107330007D2001230621703001F0F3FF002800D0EA
:10734000012010BD70B5D14D286990F8801039B179
:10735000012905D0022906D0032904D0FFDF0AE461
:10736000B0F8F41037E090F87F10082936D0B0F864
:107370009810B0F89A2000248B1C9A4206D3511A18
:10738000891E0C04240C01D0641EA4B290F896103F
:1073900039B190F87C2001230921703001F0C1FF40
:1073A00040B3FFF7BEFF78B129690020B1F8902003
:1073B000B1F88E108B1C9A4203D3501A801E00D055
:1073C000401EA04200D284B20CB1641EA4B228694F
:1073D000B0F8F4102144A0F8F01040E5B0F898108F
:1073E0000329BDD330F8701F428D1144491CA0F809
:1073F000801034E50024EAE770B50C4605464FF4EA
:10740000087200212046F5F7BEFF258027E5F8F732
:107410005FBF2DE9F0410D4607460621F8F74EFE05
:10742000041E3ED094F8CC010026B8B16E7007203F
:1074300028700DE0268484F8CC61D4F8CE01C5F81C
:107440000200D4F8D201C5F80600B4F8D60168816C
:1074500094F8CC010028EDD1AE70B6E094F8D801D4
:1074600090B394F8D8010B2813D00C2801D0FFDF7B
:10747000ABE02088F8F755FF0746F8F712FC78B91B
:107480006E700C20287094F8DA01A8702088A8800B
:1074900014E02088F8F745FF0746F8F702FC10B122
:1074A0000020BDE8F0816E700B20287094F8DA019E
:1074B000A8702088A88094F8DE01A87184F8D861AB
:1074C0003846F8F7E8FB80E0FFE794F80E0230B1A9
:1074D0006E700E20287084F80E626F8075E094F84C
:1074E000E00180B16E700820287020886880D4F890
:1074F000E4116960D4F8E811A960B4F8EC01A8813E
:1075000084F8E06161E094F8080270B16E701620B2
:10751000287005E084F80862D4F80A02C5F8020071
:1075200094F808020028F5D14FE094F8EE01B0B1CC
:107530006E70122028700DE084F8EE61D4F8F0012E
:10754000C5F80200D4F8F401C5F80600D4F8F80133
:10755000C5F80A0094F8EE010028EDD135E094F862
:10756000FC0180B16E701820287084F8FC61D4F89A
:10757000FE01C5F80200D4F80202C5F80600B4F80E
:107580000602688121E094F8100240B119202870A9
:1075900084F81062D4F81202C5F8020015E094F8DD
:1075A000160200283FF47DAF6E701320287008E0AB
:1075B00084F81662D4F81802C5F80200B4F81C0268
:1075C000E88094F816020028F2D1012069E72F48DC
:1075D0000021C16101620846704730B52B4D0C4651
:1075E000E860FFF7F4FF00B1FFDF2C7130BD002130
:1075F00080F87C1080F87D1080F8801090F8FE10E4
:1076000009B1022100E00321FEF76BBB2DE9F04137
:107610001E4C0546206909B1002104E0B0F80611AE
:10762000B0F8F6201144A0F8061190F8901139B97D
:1076300090F87F2001231946703001F072FE30B1BE
:10764000206930F89C1FB0F85A201144018020694D
:1076500090F8A23033B1B0F89E10B0F8F620114483
:10766000A0F89E1090F9A670002F06DDB0F8A410C7
:10767000B0F8F6201144A0F8A41001213D263DB138
:1076800080F88D6018E00000A0B20100F800002032
:107690002278022A0AD0012A11D0A2782AB380F8CF
:1076A0008C1012F0140F0DD01E2113E090F8E6207C
:1076B000062A3CD016223AE080F88C1044E090F87C
:1076C000922134E0110702D580F88D603CE09106EC
:1076D00003D5232180F88D1036E0900700D1FFDF1D
:1076E00021692A2081F88D002AE02BB1B0F89E2074
:1076F000B0F8A0309A4210D2002F05DDB0F8A420D7
:10770000B0F8A0309A4208D2B0F89C30B0F89A2075
:10771000934204D390F890310BB1222207E090F805
:1077200080303BB1B0F89830934209D3082280F8FA
:107730008D20C1E7B0F89820062A01D33E22F6E753
:10774000206990F88C1019B12069BDE8F0414EE72E
:10775000BDE8F0410021FEF7C4BA2DE9F047FF4C27
:1077600081460D4620690088F8F7EDFD060000D13E
:10777000FFDFA0782843A070A0794FF000058006B5
:10778000206904D5A0F8985080F8045103E030F83F
:10779000981F491C0180FFF7C4FD012740B3E08812
:1077A000000506D5206990F8821011B1A0F88E501E
:1077B0001EE02069B0F88E10491C89B2A0F88E1026
:1077C000B0F890208A4201D3531A00E00023B4F8A5
:1077D00008C00CF1050C634501D880F89670914201
:1077E00006D3A0F88E5080F80E722079F3F7DCFBF8
:1077F000A0794FF0020810F0600F0ED0206990F8C9
:10780000801011B1032908D102E080F8807001E0F6
:1078100080F880800121FEF764FA206990F88010DA
:10782000012904D1E188C90501D580F88080B9F12A
:10783000000F71D1E188890502D5A0F8185104E044
:10784000B0F81811491CA0F8181100F0A7FBFEF7BA
:1078500059FDFFF723FC00F0B2FD0028206902D09B
:10786000A0F8F85003E030F8F81F491C018000F040
:10787000A9FD38B1206990F80411022907D8491CE4
:1078800080F80411206990F80401022804D92069C5
:1078900020F8F85F4580057320690123002190F8E6
:1078A0007D20703001F03DFD20B9206990F87D0009
:1078B0000C286AD120690123002190F87C207030C7
:1078C00001F02FFD48B320690123002190F87F20AB
:1078D000703001F026FD00B3206990F88010022975
:1078E00053D190F80401C0B93046F7F7AAFFA0B110
:1078F000216991F8E400FE2847D1B1F8F20001288F
:1079000043D981F8FD70B1F89A20B1F89800931E20
:10791000984203DB012004E043E036E0101A401EE9
:1079200080B2B1F8F82023899A4201D3012202E003
:107930009A1A521C92B2904200D91046012801D1E5
:1079400081F8FD5091F86F206AB98A6E5AB1B1F88A
:107950009420B1F87030D21A12B2002A03DD90429E
:1079600000DB104680B291F8892192B1B1F8FA207B
:10797000B1F88A118A4201D3012102E0891A491C17
:1079800089B2884205D9084603E02169012081F8BF
:10799000FD502169B1F870201044A1F8F400FFF700
:1079A000D1FCE088C0F340214846FFF72FFE206954
:1079B00080F8FE50BDE8F047FDF7F6BA6749024689
:1079C0008878CB78184312D10846006942B189798A
:1079D000090703D590F87F00082808D001207047D8
:1079E000B0F84C10028E914201D8FEF7C6B80020C4
:1079F000704770B5594C05460E46E0882843E08034
:107A0000A80703D5E80700D0FFDF6661EA074FF05B
:107A100000014FF001001AD0A661F278062A02D0C8
:107A20000B2A14D10AE0226992F87D30172B0ED16F
:107A30000023E2E92E3302F8370C08E0226992F8BD
:107A40007D30112B03D182F8811082F8A800AA079B
:107A500018D56269D278052A02D00B2A12D10AE021
:107A6000216991F87D20152A0CD10022E1E930220C
:107A700001F83E0C06E0206990F87D20102A01D123
:107A800080F88210280601D50820E07067E42DE90F
:107A9000F84F324C00254FF00108E580A570E570E5
:107AA0004146257061F3070220619246814680F8C5
:107AB000FE800088F8F747FC070000D1FFDF20694F
:107AC0000088FDF736FA20690088FDF75BFA206927
:107AD000B0F8F21071B190F8E410FE290FD190F8CF
:107AE000901189B190F87F2001231946703001F080
:107AF00018FC78B1206990F8E400FE2804D02069D1
:107B000090F8E400FFF756FB206990F8FF1089B168
:107B1000258118E02069A0F89C5090F8911180F818
:107B2000E61000210220FFF7C0F9206980F8FD501F
:107B30000220E7E790F8CC1119B9018C82889142B4
:107B400000D881882181B0F8F610491E8EB2B0F8B5
:107B5000F8103144A0F8F81002E00000F80000200E
:107B600090F8FC1021B1A0F8FA5080F8FC5004E025
:107B7000B0F8FA103144A0F8FA1030F8981F3144E8
:107B80000180FFF7CEFB20B1206930F88E1F314411
:107B900001802069B0F8F210012902D8491CA0F830
:107BA000F2100EB180F8045190F8FD10A1B1B0F8B8
:107BB000F800218988420FD23846F7F742FE58B1C3
:107BC000206990F8891139B1B0F8FA10B0F88A013B
:107BD000814201D300F0F9FB206980F8FD5090F854
:107BE0007D100B2901D00C2916D1B0F87020B0F807
:107BF000AE31D21A12B2002A0EDBD0F8B011816079
:107C000090F8B4110173032101F04EFA206980F855
:107C10007D5080F8B28026E0242910D1B0F8701091
:107C2000B0F8AE21891A09B2002908DB90F8C40126
:107C3000FFF716F9206900F87D5F857613E090F86C
:107C40007C10242901D025290DD1B0F87010B0F88E
:107C5000AE01081A00B2002805DB0120FFF700F989
:107C6000206980F87C5020690146B0F8F620703019
:107C700001F0C8FA206990F8891109B1A0F8FA500A
:107C8000F6480090F64BF74A4946504600F0DEFAB7
:107C9000216A11B16078FCF74DFE206901230521AE
:107CA00090F87D20703001F03CFB002803D0BDE847
:107CB000F84F00F038BABDE8F88F00F045BBEA494C
:107CC000C8617047E848C069002800D001207047AB
:107CD000E54A50701162704710B50446B0F8B421FF
:107CE0004388B0F8B611B0F8B8019A4205D1A3881C
:107CF000994202D1E38898420FD02388A4F8D0316A
:107D0000A4F8D221A4F8D411A4F8D601012084F853
:107D1000CC01D5480079F3F747F90221204601F05C
:107D2000C3F9002004F87D0F0320E07010BD401A55
:107D300000B247F6FE71884201DC002801DC012018
:107D4000704700207047012802D0022805D102E0C8
:107D5000012904D001E0022901D000207047012050
:107D6000704710B5012804D0022804D0FFDF204658
:107D700010BD0124FBE70224F9E7BB48002100699C
:107D800020F8A41F8178491C81707047B64800B55F
:107D9000016911F8A60F401E40B20870002800DAF1
:107DA000FFDF00BDB0482721006980F87C1000216A
:107DB00080F8A411704710B5AB4C206990F8AC1155
:107DC000042916D190F87C2001230021703001F0A5
:107DD000A8FA00B9FFDF206990F8AA10890703D438
:107DE000062180F87C1004E0002180F8A21080F8C1
:107DF000AC11206990F87E00800707D5FFF7C6FF19
:107E0000206910F87E1F21F00201017010BD964913
:107E100010B5096991F87C200A2A09D191F8E2206D
:107E2000824205D1002081F87C0081F8A20010BDBB
:107E300091F87E20130706D522F0080081F87E0015
:107E4000BDE81040A2E7FF2801D0FFDF10BDBDE86C
:107E50001040A7E710B5844C206910F8B01F41F01E
:107E600004010170A06901F0A4FD162806D1206963
:107E700090F87C00202802D0262805D010BDA069EB
:107E800001F09BFDFEF7B8FB2169002081F87C0022
:107E900081F8A20010BDF8B5734C01230A212069B6
:107EA00090F87C20703001F03CFA38B3A06901F002
:107EB0003FFDC8B1A06901F035FD0746A06901F09A
:107EC00035FD0646A06901F02BFD0546A06901F0CD
:107ED0002BFD01460097206933462A46303001F0D9
:107EE0008BFD206901F0A8FD2169002081F8A20026
:107EF00081F87C00BDE8F840FEF79FBBA07840F019
:107F00000100A070F8BD10B5574C01230021206975
:107F100090F87D20703001F004FA30B1FFF72DFFAA
:107F20002169102081F87D0010BD20690123052101
:107F300090F87D20703001F0F4F908B1082000E0DD
:107F40000120A07010BD70B5474C012300212069AD
:107F500090F87D20703001F0E4F9012588B1A06926
:107F600001F0A8FC2169A1F8AE01B1F87010FFF78B
:107F7000DEFE40B12069282180F88D1080F88C50F9
:107F800084E5A57082E52169A06901F5D87101F049
:107F90008CFC21690B2081F87D0077E510B5FEF798
:107FA0000EFFFEF70CFE304CA079400708D5A078F4
:107FB00030B9206990F87F00072801D10120207096
:107FC000FEF73EFAA079C00609D5A07838B9206935
:107FD00090F87D100B2902D10C2180F87D10E078FB
:107FE00000070ED520690123052190F87D2070300F
:107FF00001F097F930B10820A0702169002081F8C4
:10800000D80110BDBDE81040002000F016BB10B52F
:10801000154C216991F87D2040B3102A06D0142A0E
:1080200007D0152A23D01B2A35D123E001210B20AC
:1080300022E0FBF769FB0C2820D32069082100F51A
:108040008870FBF765FB28B120690421DC30FBF761
:108050005FFB00B9FFDF012104200DE05B77010029
:10806000BD790100F3790100F800002008E000F07C
:1080700017F803E001210620FEF717FF012010BDCD
:10808000212A08D191F8970038B991F8C40110B1AC
:1080900091F8C50108B1002010BD01211720EBE7C0
:1080A00070B5184C0025206990F8931101290AD069
:1080B000022925D190F8A810A9B1062180F8E61070
:1080C0000121022017E090F8D811002918D100F101
:1080D000C80300F58471002200F5CA7001F0C1F8F0
:1080E0000121052007E090F8B000400701D51120DC
:1080F00000E00D200121FEF7D8FE206980F89351A1
:10810000C4E40000F8000020F9480078002800D0FE
:108110000C20704710B50446FFF7F6FF00B1FFDFF3
:10812000F348047210BDF2490120C871704770B560
:108130000C460546082B01D0194600E004211046E4
:1081400001F075F9844200D220460DB1001D80B2C5
:10815000C0B270BD70B5E64934314C6804F17005A9
:1081600060B1628F218F94F86530A87CFFF7DFFF44
:1081700094F86510BDE87040FCF79EB8FF2094F8B5
:108180006410F7E72DE9F0478146D9483430446858
:10819000002004F17005628F218F94F86530FFF79D
:1081A000C6FFD34F0646D34878620120FFF7D2FFBF
:1081B000A87C4FF0000840B305F15801CE4891E883
:1081C0000E1000F1080A8AE80E10A96EC0F82110FE
:1081D000E96EC0F82510FE38FCF743FBC6480121C4
:1081E00008300176D5E91412C0E90412A0F58372B3
:1081F000796AFBF728FF94F8650000F0A7FB0246B8
:1082000031460120FBF72DFF04E0786AFCF729FBDB
:10821000FBF74BFFB9F1000F03D141469620FCF765
:108220004CFB94F8642001210020FCF706FC94F834
:108230002C00012801D1FCF7DFFB02203870FCF78D
:1082400061FD002800D0FFDFBDE8F0872DE9F04395
:10825000A74D87B0804628780E9F1C461646894653
:1082600010B90EB104B107B9FFDFEF61C5E90564CC
:108270000020C5E90D89E871A871E870A87028711F
:108280009B4F6871A8813437E8817E68344636F8A0
:10829000700BF8F758F8E8622088F8F742F828637E
:1082A000FCF714F894F96700FCF7CEF804F112001B
:1082B000FCF7B9FA04F10E00FCF7CCF80120FCF74A
:1082C000CDFA18228D496846F5F733F88C480490AA
:1082D0006846FCF7B7FAF07EFCF7C6F8FCF7B8FA88
:1082E00094F86F0078B9A06E68B1B08C318888427C
:1082F00009D1B4F86C1001220844B08494F86E00DF
:10830000A16EF9F708FE628F218F94F86530B07C7A
:10831000FFF70DFF94F865402146FBF7CDFF786825
:1083200090F8880108B1FCF74FF821460120FCF7CE
:1083300054F97868D0F80001FCF797FA0120FFF7AC
:1083400021FF07B0BDE8F083694800B50078022836
:1083500000D0FFDF00BD664810B534304468FCF73C
:10836000FBFAFCF7DAFAFCF729FAFCF762FAFBF7FA
:108370009CFE94F82C00012801D1FCF733FB94F803
:108380006F0038B9A06E28B1002294F86E00114633
:10839000F9F7C1FD564CE08900F0E2FAE269A179F3
:1083A000A07890470020207010BD514810B500788B
:1083B000022800D0FFDFBDE81040CCE7CBE74C48F7
:1083C000007970474A48C078704749490120487190
:1083D00070472DE9FC474648454E3430A0F114075C
:1083E00044684FF0000A254694F875004FF00108E4
:1083F000703458B3012868D002286AD0032876D098
:10840000FFDF316AB1460826087820F008000870BE
:10841000A37906EAC303184320F004000870E37947
:10842000042606EA8303184320F0100008706779D9
:10843000D9F82C00F7F715FA0646FCF7C8FD022F0D
:1084400067D0012F65D0032F66D068E000F094FA62
:10845000AA8E0146104600F0EAFF298E814200D222
:1084600008464C21ADF8040048533846FCF78DFD12
:1084700048B14FF48060316A00F077FA03206071F0
:1084800084F80380BDE76A4601A9F06A00F05CFA4F
:10849000306210B194F8371029B13846FCF746FD28
:1084A00084F80580ADE79DF8001031B9A0F800A070
:1084B00080F802A0012101F08CF9BDF80410306AA7
:1084C00001F07DFA022060719BE73846FCF72EFD33
:1084D00097E7B5F84C00ADF804006A4601A9F06AC8
:1084E00000F032FA306200288BD1FFDF89E709E023
:1084F0001C010020780B0020780D0020A8B201009C
:108500001B5D01003846FCF740FD0028BAD1FFDFB3
:1085100077E7B04301D002E00EB1012100E0002175
:10852000D9F820004E46027842EA01110170617CC0
:1085300051B36179012927D004F15801F7488EC958
:1085400000F1080989E88E00A16EC0F82110E16EE3
:10855000C0F82510FE38FCF784F9F048083080F8A0
:1085600018A0D4E91212C0E90412A0F58371326A8E
:10857000FBF769FD95F8640000F0E8F90246FB217D
:108580000020FBF76EFD03E0FCF76BF9FBF78DFDB8
:10859000012195F865200846FCF74FFA86F804801B
:1085A000316A0A8832828978B17486F80080FCF7D3
:1085B000B5FB002800D0FFDFBDE8FC8770B5D84CC4
:1085C000054639B9012D05D1E078401CC0B2E070F4
:1085D000012820D8A16928468847E0B16179D148AF
:1085E00031B1012D04D1417811B90178C90612D5F4
:1085F000A17981B98DB9CA4910310978CA0602D466
:108600000078C00607D5A08928B9A06A28B9608972
:1086100018B1C80601D4012070BD002070BD10B58E
:10862000BF4CA06A00B9FFDF6289D4E90910D21CEF
:10863000F4F77FFEA06A606210BD2DE9F0470600E6
:10864000B748B74D00F134004468686A04F170041B
:10865000477801D0012E03D1296B02F0EDF8687044
:1086600068784FF000084FF0010938B1012816D0A2
:1086700002282FD0032844D0FFDFE5E5012E30D0BB
:10868000FFF7CDFF39460122286BF7F75BF926E0AB
:1086900084F8078030E000BF84F807902CE0012EBA
:1086A00008D0FFF7BCFF39460022286BF7F74AF9DC
:1086B000022EE2D0D4E91401401C41F10001C4E9CA
:1086C0001401E079012802D084F80790BCE584F811
:1086D0000780B9E5012E04D0286BF7F7B7FA022E10
:1086E000CBD0D4E91401401C41F10001C4E91401CC
:1086F000E0790128D0D1CBE7287ABDE8F047F2F73E
:1087000053BC012EB9D0286BF7F7A0FAF4E770B587
:108710008349834A343100264C68516A01257034FC
:108720000B7803F00303012B14D0022B12D0032B80
:1087300003D0907940F0040023E0A570D08940F484
:108740000060D081012000F010F91CE0E67170BDDE
:10875000E57170BD4978B1B1D38943F40063D38129
:10876000936A002BF5D0FB2908D8D17921B1BDE857
:108770007040802000F0F4B8057070BD907940F032
:108780001000907170BDE0790128E1D1DEE770B58D
:108790006348634D3430446828787034012800D031
:1087A000FFDFA07838B10020A0700146042000F05F
:1087B000DCF801202071296A0878C043800705D1C0
:1087C000A889400502D5022000F0CFF80121002041
:1087D000FFF7F4FE10B1BDE87040BCE5BDE87040A5
:1087E0000020CFE42DE9F84F4D4F4D4C3437002693
:1087F0007D6882468DF8006020787035022800D0B0
:10880000FFDFE08940F40070E0810020FFF7A2FC68
:10881000A87CBAF1000F5BD0FBF76AFCFBF75AFCAF
:108820004FF0010968B9A87C58B1606A417841B13C
:108830000078E979C0F3C000884202D184F8029040
:1088400059E0606A4178618121B1206BF7F734F813
:10885000A06200E0A662E089B84640F02000E08116
:10886000E670786800F17007064690F82C00012841
:1088700016D1FCF7B7F83946304600F010FD78B154
:10888000D8F804003188A0F80A12397A80F80C125E
:10889000797A80F80D1280F80892207AF2F784FB3A
:1088A000606AA9790078C0F38000884205D000F0A2
:1088B00094F8E08940F48070E081606AE97900789A
:1088C000C0F3C00088420AD16846FFF720FF06E0E7
:1088D00008B1FBF73EFCE08940F04000E0815146E2
:1088E0000120FFF76BFE00289DF8000007D010B1B3
:1088F0000020FFF7A2FEFFF72EFDBDE8F88F10B1B4
:108900000120FFF79AFEFFF764FD9DF800000028A4
:10891000F3D00220FFF791FEEFE70000780D002072
:108920001C010020780B002070B5064654480D4607
:108930004468FBF773FC034694F8642029463046EC
:10894000BDE87040FDF706BAF6F7C5BE00B50128D0
:1089500002D0022802D0FFDF002000BD012000BDB0
:10896000474A0021343A52691047454A343A9389BC
:108970000343938152691047414810B5446804F19C
:108980007001087B24280ED0497B24290BD01F2896
:108990000CD020280AD0222912D094F86400042890
:1089A00000D1082010BD94F8B01106E0222907D0AC
:1089B00094F8C60100F04FF8014694F8640008E00E
:1089C00094F8C60114F85D1F084000F044F8014611
:1089D000E079BDE8104000F048B870B52848446818
:1089E00094F875007034002832D0022810D1244D3C
:1089F000343DE86AF6F79BFE00B9FFDFD4E91201C7
:108A0000401C41F10001C4E91201287AF2F7CCFAC6
:108A100000256571207920B1257100211020FFF714
:108A2000A4FFE07878B1E570FCF7BEFA00B9FFDF8B
:108A300000210820FFF799FFD4E91201401C41F101
:108A40000001C4E91201A079012802D00120A0711F
:108A500070BDA57170BDC10701D0012070478007AE
:108A600001D50220704700207047002904D001285A
:108A700003D0012901D00220704701207047000077
:108A8000500100202DE9F0410F4606460024FE4D1E
:108A90000FE000BF05EBC40090F85311B14206D1BE
:108AA0000622394600F5AA70F4F716FC38B1641CAA
:108AB000E4B22878A042EDD81020BDE8F08120462D
:108AC000FBE7F0B50746F04816460478621C0270D2
:108AD00000EBC4050868C5F854018888A5F858015A
:108AE000102C00D3FFDF85F8537185F85A612046BA
:108AF000F0BD70B5054600F017FA10281CD1E24C05
:108B00002078401EC0B22070A84215D004EBC002ED
:108B100004EBC50102F58070D2F85321C1F853214E
:108B2000D0F85700C1F85701207800F0FDF910285F
:108B300002D0204480F8035170BD2DE9F047D24C9B
:108B40000646A719A078401EC5B2A57097F8038104
:108B5000AE422AD004EB051A04EB06190AF1030110
:108B600009F103001022F4F7E4FB0AF1830109F193
:108B700083001022F4F7DDFB601905EB450290F845
:108B8000031187F8031106EB460104EB420204EBE4
:108B90004101D2F80B31C1F80B31B2F80F21A1F825
:108BA0000F2190F83B0187F83B0104EBC80090F8D7
:108BB0005A01C00703D14046BDE8F04799E7BDE838
:108BC000F087B1498A78824203D9084490F843017A
:108BD00070470020704710B540F2D3120021AA4818
:108BE000F4F7D1FB0822FF21A848F4F7CCFBA748F3
:108BF00000210C38417081704FF46171818010BD8B
:108C000070B50D460646FFF73DFF9F4C102807D074
:108C100004EBC00191F85A11C90701D0012070BDC1
:108C20006178082910D2102808D004EBC000012177
:108C300080F85A116078401C6070EFE701222946E5
:108C40003046FFF73EFFF5E7002070BD70B58E4D52
:108C50002878401E44B20AE005EBC40090F85A019F
:108C6000C00702D0E0B200F070F9641E64B2002CBC
:108C7000F2DA864900200C39887070BD82498A7802
:108C8000824203D901EB0010C01C704700207047DE
:108C90002DE9F047984691460C460546FFF7F2FE4F
:108CA0000646102805D000F03FF9102801D0122008
:108CB00085E7754FB87808282AD2102E05D10022F2
:108CC00021462846FFF7FDFE0646BC781022601CB0
:108CD000B87007EB0415E81C494600F0B5FA05F139
:108CE00083001022414600F0AFFA1021404600F008
:108CF0009CFA3C44102184F84301484604F59674DC
:108D000000F093FAE07704F8296C0020E07356E74E
:108D1000072054E75C4810B58078401E44B204E058
:108D2000E0B2FFF70AFF641E64B2002CF8DA10BD4F
:108D300056490C394870704754480C384078704791
:108D400040B14AF2B811884204D850490C398880A1
:108D500001207047002070474C480C3880887047CD
:108D600010B5FFF78FFE102803D000F0DDF81028B3
:108D700000D1082010BD44498A78824203D901EB12
:108D8000001083307047002070473F4B10B59C782F
:108D900084420FD9184490F8030103EBC00090F807
:108DA00053310B70D0F854111160B0F85801908015
:108DB000012010BD002010BD334A114491F8032159
:108DC00032490C390A700268C1F80620808848814F
:108DD000704770B52D4B0C3B5B7873B12A4B9C7878
:108DE0005CB1451821460AB1D81C01E02648833001
:108DF0002A46FBF794F8012070BD002070BD10B525
:108E0000FBF7DBF818B1BDE81040FBF7E6B8FF2030
:108E100010BD1D498A78824209D9084490F803019F
:108E200001EBC00090F85A0100F0010070470020EB
:108E300070472DE9F04100242546134E2CE02846CA
:108E400000F072F88046FFF719FF06EBC50797F8A8
:108E50005A11C9071ED060B1B8F1100F05D006EB4A
:108E6000080191F83B11012903D0102100F0DDF930
:108E700080B10649204601F80480641C97F853210C
:108E800007F5AA71E4B203E0A80D002064010020F8
:108E9000FBF7B5FA6D1CEDB23078A842CFD80CE6DE
:108EA000012296E72E4A01EB410102EB41010268E3
:108EB000C1F80B218088A1F80F01704701461022EC
:108EC000284800F0C1B92748704725498A7882426E
:108ED00003D9084490F83B0108B1002070470120F5
:108EE00070472DE9F0410E460746154606213046EB
:108EF00000F09BF91A4C58B1002004E02118401CE6
:108F000081F83B51C0B2A1788142F7D80120D4E565
:108F100031463846FFF724FF082803D0204480F864
:108F20003B51F3E70020C8E50D4910B5034600208A
:108F30008A7806E00C1894F803419C4204D0401C47
:108F4000C0B28242F6D8102010BD05494A78521EA0
:108F50004A7001EBC001002281F85A21C9E50000E6
:108F6000A80D00207B0F002000F00101400800F058
:108F700001021144400800F001021144400800F0D1
:108F800001021144400800F001021144400800F0C1
:108F900001021144400800F00102114401EB5000AD
:108FA000704710B500240485848DDB004C43B3FB6F
:108FB000F2F394FBF2F45B1C84859BB203FB02F496
:108FC0004385B4F5C84F01DD5B1E43854FF4FA437A
:108FD000B3FBF2F35B1C0386438C02EBC3035B1E03
:108FE000B3FBF2F30384C38B4B43B3FBF2F1C183B6
:108FF00010BD70B50546087B0E4600F01F000873D3
:109000000020687604463019007AFFF7ADFF291971
:10901000641C0875697EE4B208446876052CF2D3B6
:10902000C0B2252800D9FFDF70BD0023C38342846E
:1090300001EBC202521EB2FBF1F101847047F0B5A0
:109040006FF01F02010C02EA90261F25A1F5AA402D
:1090500054380DD0A1F5AA40553809D0A1F52850B3
:10906000AA3805D0A1F52A40AA3801D0012000E095
:10907000002000221346144682EA0107FF431F43E3
:109080007F1C0FD006F00107520842EAC73205F0F4
:1090900001075B0876086D08641C43EAC733162C89
:1090A000EAD3F0BD0020F0BD2DE9F04101260446D1
:1090B000002500F1700751B1012974D0022971D047
:1090C00003296CD101463846BDE8F04191E7802282
:1090D00000213846F4F757F9BD71FD713D737D737A
:1090E000FD733D747D71BD76FD76212087F84000CB
:1090F000412087F84100FE2087F8740027887022FD
:1091000000212046F4F73FF9278084F8646084F852
:109110006560282084F8660004F1300000210746CD
:1091200000F071FC1B21F9833984A4F85210A4F8D3
:1091300054104FF4A470A4F85600A4F858006673B5
:109140004FF448606080A4F8F050A4F8F250A4F8FE
:10915000F450A4F8F650A4F8F850A4F8FA5084F8A3
:10916000FD5084F8FF50A4F8065184F80451A4F887
:109170001851A4F81A5184F8BA5184F8BB5184F8F4
:10918000C45184F8C55184F8895184F8905184F809
:10919000935184F8AC51C4F8A451C4F8A851BDE867
:1091A000F08100E025E0A4F8065184F8FE506188C3
:1091B000FE480A460844B0FBF1F0A4F890004BF6D4
:1091C0008030A4F89200E3883846FFF7EAFE214693
:1091D0003846FFF70EFFFAF7F9F920B1D4F80E0080
:1091E000FFF72DFF10B184F88851D8E784F8886123
:1091F000D5E74188B4F8B831B4F8B4213846BDE8B1
:10920000F041CEE6437E0BB1252B01D912207047E9
:109210002AB14B7B2BB1012B05D01F2070470020BA
:10922000704700F0EEB900F092B910B500231A466D
:1092300003E0845C2343521CD2B28A42F9D30BB1BF
:10924000002010BD012010BD30B5134606E0CC183B
:10925000D51A14F8014C5B1E4455DBB2002BF6D135
:1092600030BD70B50E468CB0144601461D46102226
:109270006846FFF7E9FF1022314604A8FFF7E4FF34
:10928000684600F059FD08A94FF0100228461CB1AD
:10929000FFF7DAFF0CB070BDF4F74BF8FAE738B51A
:1092A00005460C466846FBF7B2FB002820D09DF926
:1092B00000002072E17E617294F90A100022411AC6
:1092C00000D5494295F82D308B4210DCFF2B0ED093
:1092D000E17A491CC9B2E17295F82E30994202D860
:1092E000A17A7F2903D1A0720020E07201221046EA
:1092F00038BD0C2813D00B2811D00D280FD01F28F3
:109300000DD020280BD0212809D0222807D02328CF
:1093100005D0242803D0262801D000207047012042
:10932000704710B5A2F10F030C2941D2DFE801F01C
:1093300006080D1215181C40243E272EAAB337E04C
:10934000072A37D0082A35D032E00C2A32D00B2A2F
:1093500030D02DE00D2A2DD02AE00C2B2AD927E081
:10936000103A0B2A26D923E0032B23D990F8380092
:10937000F0B11B2A1ED91BE0062A1BD018E01C2ABC
:1093800018D01D2A16D01E2A14D011E01F2A11D081
:10939000202A0FD0212A0DD0222A0BD0232A09D02F
:1093A000242A07D0262A05D002E003E00E2A01D0A5
:1093B000002010BD012010BD2DE9F0410C460546EE
:1093C00040F23577866805E0F8F7F7FF3946F8F799
:1093D000C8FCA8602846F9F7A5F90028F4D08CB19C
:1093E0003046A968F9F7EAFC00280BDD2044401E4E
:1093F000B0FBF4F707FB04F13046F8F7B2FCA860C5
:109400003846CCE60020CAE670B5044690420BD23E
:10941000101B642800D2642025188D4205D8042131
:10942000F9F7FFFC08B1284670BD204670BD11F069
:109430000C0F19D04A074FF41671002A03DA00BF47
:109440004FF0100201E04FF0400201DA4FF09601B8
:1094500001F5BC71A0EB0103884202D993FBF2F045
:1094600000E0002080B27047022904D06FF00D01A7
:1094700001EBD000F6E76FF00E0101EB9000F1E791
:109480000844184498300AB1042100E0002108443F
:10949000704701207047106808667047C10701D007
:1094A00001207047810701D502207047400701D590
:1094B00008207047002070472DE9F0410546164608
:1094C00088460124084600F054FA0746404600F05A
:1094D00052FA0346FFF7E2FF02463846FFF7DEFF87
:1094E00052EA000100D10024990700D10022B907F7
:1094F00000D1002095F86410914200D10022327012
:1095000095F86510814200D10020707072B968B979
:10951000404600F032FAB5F87010401A00B247F633
:10952000FE71884201DC002800DC0024204636E67B
:1095300010B540F6C4125410012903D0022902D0FC
:10954000FFDF02E008B1104610BD204610BDF0B5A7
:109550000C7C8B7BCD7B5C404B7C02886B4044EA6F
:109560000324467E62400023D5B2120A95FAA5F57F
:1095700092FAA2F22D0E120E45EA022202EB02121C
:109580005B1C2244DBB292B2032BEDD36240252355
:10959000B2FBF3F403FB142301EBD304837603F053
:1095A00007070125247A05FA07F701E0FFDB05002C
:1095B0003C4201D0C3761AE05643320C521CD2B260
:1095C000002403191B7D934213D300230E19367A0E
:1095D00005FA03F73E4201D0521ED2B222B15B1C03
:1095E000DBB2082BF4D306E003EBC401C176002004
:1095F000F0BDD21AD2B2641CE4B2052CE1D31F2014
:10960000F0BDF0B5837E0C7E012504FB02322523DC
:10961000B2FBF3F403FB142201EBD204827602F0D6
:109620000703247A05FA03F31C4201D0C2761EE038
:10963000437EB2FBF3F403FB1422521CD2B200238C
:10964000C418247D944214D30024CE1896F80860E0
:1096500005FA04F73E4201D0521ED2B222B1641C78
:10966000E4B2082CF4D306E004EBC301C176002079
:10967000F0BD121BD2B25B1CDBB2052BE0D31F2066
:10968000F0BD000030B50546007801F00F0220F073
:109690000F0010432870092912D2DFE801F00507F6
:1096A00005070509050B0F0006240BE00C2409E053
:1096B000222407E001240020E87003E00E2401E0EA
:1096C0000024FFDF6C7030BD007800F00F007047A1
:1096D0000A6840F8032F8988818070470A6840F83B
:1096E000092F8988818070470278402322F0400248
:1096F00003EA81110A4302707047027822F0800267
:1097000042EAC1120270704770B514460E46054613
:109710001F2A00D9FFDF2246314605F10900F3F781
:1097200008FEA41D6C7070BD70B514460E4605464B
:109730001F2A00D9FFDF2246314605F10900F3F761
:10974000F8FDA41D6C7070BD30B5017801F00F01FB
:10975000032920D0052921D14578B0F81910B0F897
:109760001B40B0F81730827D222D17D1062915D362
:109770004FF44865A94211D8B4F5FA7F0ED26AB108
:10978000082A0BD88A4209D28B4207D8B0F81D00AC
:10979000A84205D902E040780C2801D0002030BD55
:1097A000012030BD4078704700B5027801F0030316
:1097B00022F003021A430270012905D0022903D0C6
:1097C000032903D0FFDF00BD002100E0012141702B
:1097D00000BD00B5027801F0030322F003021A4332
:1097E0000270012905D0022903D0032903D0FFDF2D
:1097F00000BD002100E00121417000BD007800F0B3
:1098000003007047417841B1C078192803D2704AEB
:10981000105C884201D1012070470020704730B5AC
:1098200001240546C170192902D26948445C02E04E
:10983000FF2900D0FFDF6C7030BD70B514460E46B6
:1098400005461B2A00D9FFDF6C7022463146E81C12
:10985000BDE87040F3F76DBDB0F807007047B0F891
:1098600009007047B0F80B00704770B5B0F80720DA
:10987000B0F80940B0F805300179951F40F67A46F6
:10988000B54210D8B4F5FA7F0DD261B108290AD8D3
:10989000914208D2934206D8B0F80B00B0F5486F59
:1098A00001D8012070BD002070BD42680A60007AB6
:1098B00008717047B0F80900704700797047426836
:1098C0000A6080684860704780890880704750F857
:1098D0000E2F0A60406848607047D0F81600086094
:1098E00070470A6842604968816070470968C160D2
:1098F00070470079704742680A6080684860704726
:109900000171090A417170478171090AC17170477B
:109910000172090A417270478172090AC172704767
:1099200080887047C08870470089704740897047B9
:1099300001891B290CD341894FF4A472914207D3AA
:1099400081881B2904D3C088904201D3012070472D
:10995000002070470A684260496881607047017959
:10996000490704D04079400701D00120704700200A
:1099700070470079704740797047C08870470CB5D0
:1099800014A2D2E90012CDE900120179407901F068
:10999000070269461DF80220012A04D800F00700DA
:1099A000085C012801D900200CBD01200CBD01710B
:1099B000704700797047417170474079704730B502
:1099C0000C460546FB2900D9FFDF6C7030BD000056
:1099D000C0B20100000101020102020310B58C882F
:1099E0000A894B88C988A0F84430A0F84810A0F82C
:1099F0004640A0F84A2010BD10B5029C8181C2816A
:109A00000382448210BD1B2202838282C281828132
:109A100042800281028042848284828300290AD1AA
:109A20004FF4A4714183C18241820182C18041818E
:109A30008180C18401857047F0B5B0F84830818FCE
:109A4000458EC48E8B4200D30B46B0F84A10B0F856
:109A50004020914200D20A464386C286068F478F35
:109A600000F130019E4200D21E46974200D21746B6
:109A70000E814F81AB4201D1A24201D0012400E00E
:109A80000024B0F84420C38F068E858E9A4200D3FE
:109A90001A46B0F84670B0F842309F4200D23B46BA
:109AA00090F85A70022F08D1964200D232469D4259
:109AB00000D22B46002780F85A700A808B80B24271
:109AC00001D1AB4201D0012000E000202043F0BDD5
:109AD000508088899080C889D080088A1081488AFF
:109AE000508101201070704770B502884A80048E42
:109AF0008C80838ECB80428E0A81C58E4D81B0F8DA
:109B00005660AE420BD1B0F85250954207D1B0F832
:109B100058509D4203D1B0F85430A34201D00123E4
:109B200000E000230B73A0F852204A89A0F85620C9
:109B30008A88A0F85420CA88A0F85820012008700C
:109B400070BD70B50C46088E91F8641000F016F8E0
:109B5000A18E0546A94200D20D46208F94F86510CB
:109B600000F00CF8618F814200D208460146284679
:109B7000BDE8704000221346FFF782BC11F00C0FC5
:109B800004D04FF4747101EB801006E0022902D07A
:109B9000C000703001E080003C3080B270470000AF
:109BA0002DE9F0410C4612490D68114A114908325D
:109BB0001160A0F12001312901D301200CE04128DE
:109BC00010D040CC0C4F94E80E0007EB8000241F0F
:109BD00050F8807C3046B84720600548001D05607D
:109BE000BDE8F081204601F0B9F8F5E7062070479E
:109BF0001005024001000001DCB2010010B555481B
:109C0000F9F704FD00B1FFDF5248401CF9F7FEFCF4
:109C1000002800D0FFDF10BD2DE9F14F4E4E82B07D
:109C2000D6F800B001274B48F9F7F8FCDFF824819B
:109C300020B9002708F10100F9F706FD474C00257F
:109C40004FF0030901206060C4F80051C4F80451CA
:109C5000029931602060DFF808A11BE0DAF800000B
:109C6000C00617D50E2000F068F8EFF3108010F052
:109C7000010072B600D001200090C4F80493D4F81B
:109C8000000120B9D4F8040108B901F071F8009876
:109C900000B962B6D4F8000118B9D4F8040100285C
:109CA000DCD0D4F804010028CCD137B1C6F800B01C
:109CB00008F10100F9F7B2FC11E008F10100F9F731
:109CC000ADFC0028B6D1C4F80893C4F80451C4F818
:109CD00000510E2000F031F81E48F9F7B5FC0020C5
:109CE000BDE8FE8F2DE9F0438DB00D4606460024F9
:109CF0000DF110090DF1200818E000BF04EB440736
:109D0000102255F827106846F3F713FB05EB870779
:109D1000102248467968F3F70CFB6846FFF77CFF92
:109D200010224146B868F3F704FB641CB442E5DB3B
:109D30000DB00020BDE8F0836EE7002809DB00F0DD
:109D40001F02012191404009800000F1E020C0F88D
:109D5000801270476C01002004E5004000E00040E4
:109D600010ED00E0B64900200870704770B5B54DA1
:109D700001232B60B44B1C68002CFCD0002407E0AE
:109D80000E6806601E68002EFCD0001D091D641CB4
:109D90009442F5D30020286018680028FCD070BDDC
:109DA00070B5A74E0446A94D3078022800D0FFDFD9
:109DB000AC4200D3FFDF7169A548012903D847F2FF
:109DC0003052944201DD03224271491C7161291B0A
:109DD000C1609F49707800F030F9002800D1FFDFA2
:109DE00070BD70B5964C0D466178884200D0FFDF9B
:109DF000964E082D4BD2DFE805F04A041E2D4A4A44
:109E00004A382078022800D0FFDF03202070A07895
:109E1000012801D020B108E0A06800F041FD04E075
:109E200004F1080007C8FFF7A1FF05202070BDE876
:109E30007040F8F7C0B9F8F7C0FA01466068F8F763
:109E4000BDFFB04202D2616902290BD30320F9F7AA
:109E50000EFB12E0F8F7B1FA01466068F8F7AEFFC2
:109E6000B042F3D2BDE870409AE7207802280AD0C9
:109E7000052806D0FFDF04202070BDE8704000F008
:109E8000D2B8022000E00320F9F7F1FAF3E7FFDF90
:109E900070BD70B50546F8F790FA694C606020789F
:109EA000012800D0FFDF6A490120087000200871F6
:109EB00004208D6048716548C86002202070607879
:109EC00000F0BBF8002800D1FFDF70BD10B55C4C7E
:109ED000207838B90220F9F7E0FA18B90320F9F729
:109EE000DCFA08B1112010BD5A48F8F7E1F96070AA
:109EF0001F2804D0012020700020606110BD0320C5
:109F000010BD2DE9F0471446054600EB84000E46CF
:109F1000A0F1040800F0D7FC07464FF0805001691B
:109F20004F4306EB8401091FB14201D2012100E039
:109F3000002189461CB10069B4EB900F02D90920B9
:109F4000BDE8F0872846E7F76FF990B9A84510D328
:109F5000BD4205D2B84503D245EA0600800701D0CC
:109F60001020EDE73046E7F75FF910B9B9F1000FBF
:109F700001D00F20E4E7384838490068884205D00E
:109F8000224631462846FFF7F1FE1AE0FFF79EFF12
:109F90000028D5D12A4800218560C0E9036481707A
:109FA000F9F7DDFA08B12E4801E04AF2F870604393
:109FB0004FF47A7100F2E730B0FBF1F01830FFF7A0
:109FC00068FF0020BCE770B505464FF0805004697B
:109FD0006C432046E7F728F908B10F2070BD00F068
:109FE00072FCA84201D8102070BD1B481B490068B4
:109FF000884203D0204600F053FC10E0FFF766FFD4
:10A000000028F1D10E48012184608170F9F7A7FA88
:10A0100008B1144800E014481830FFF73AFF002058
:10A0200070BD00F053BE10B5054C6078F8F7A2F98A
:10A0300000B9FFDF0020207010BDF8F7EFBB000073
:10A040007001002004E5014000E40140105C0C00B8
:10A050008C0F0020E39D010058000020BEBAFECA0C
:10A0600050280500645E0100A85B01007149096881
:10A070000160002070476F4908600020704701218F
:10A080008A0720B1012804D042F20400704791678A
:10A0900000E0D1670020704767490120086042F264
:10A0A0000600704708B50423634A1907103230B11F
:10A0B000C1F80433106840F0010010600BE0106834
:10A0C00020F001001060C1F808330020C1F8080139
:10A0D0005A4800680090002008BD011F0B2909D8CC
:10A0E000554910310A6822F01E0242EA4000086019
:10A0F0000020704742F205007047000100F18040E7
:10A10000C0F8041900207047000100F18040C0F839
:10A11000081900207047000100F18040D0F80009C4
:10A12000086000207047012801D907207047444A81
:10A1300052F8200002680A4302600020704701289C
:10A1400001D9072070473E4A52F8200002688A432E
:10A15000026000207047012801D907207047384A63
:10A1600052F820000068086000207047020035495E
:10A170004FF0000003D0012A01D0072070470A6089
:10A18000704708B54FF40072510510B1C1F80423AF
:10A1900008E0C1F808230020C1F8240127481C303A
:10A1A00000680090002008BD08B58022D10510B1DC
:10A1B000C1F8042308E0C1F808230020C1F81C01FD
:10A1C0001E48143000680090002008BD08B54FF408
:10A1D0008072910510B1C1F8042308E0C1F808238A
:10A1E0000020C1F8200115481830006800900020B8
:10A1F00008BD10493831096801600020704770B50A
:10A200004FF080450024C5F80841F9F7B4F910B9BA
:10A21000F9F7BBF928B1C5F82441C5F81C41C5F8C8
:10A2200020414FF0E020802180F800140121C0F887
:10A23000001170BD0004004000050040080100400E
:10A24000A0B30100780500406249634B0A68634986
:10A250009A42096801D1C1F31001016000207047E2
:10A260005C495D4B0A685D49091D9A4201D1C0F302
:10A2700010000860002070475649574B0A6857493C
:10A2800008319A4201D1C0F31000086000207047E5
:10A2900030B5504B504D1C6842F20803AC4202D01E
:10A2A000142802D203E0112801D3184630BDC300A0
:10A2B0004B481844C0F81015C0F81425002030BDD4
:10A2C0004449454B0A6842F209019A4202D00628E5
:10A2D00002D203E0042801D308467047404A012116
:10A2E00042F83010002070473A493B4B0A6842F26E
:10A2F00009019A4202D0062802D203E0042801D3C1
:10A3000008467047364A012102EBC0004160002038
:10A31000704770B52F4A304E314C156842F2090330
:10A3200004EB8002B54204D0062804D2C2F800181B
:10A3300007E0042801D3184670BDC1F31000C2F82D
:10A340000008002070BD70B5224A234E244C1568C9
:10A3500042F2090304EB8002B54204D0062804D27D
:10A36000D2F8000807E0042801D3184670BDD2F8DF
:10A370000008C0F310000860002070BD174910B538
:10A380000831184808601120154A002102EBC0036B
:10A39000C3F81015C3F81415401C1428F6D3002078
:10A3A00006E0042804D302EB8003C3F8001807E09A
:10A3B00002EB8003D3F80048C4F31004C3F800484C
:10A3C000401C0628EDD310BD04490648083108603A
:10A3D0007047000058000020BEBAFECA00F50140D8
:10A3E00000F001400000FEFF814B1B6803B198475D
:10A3F000BFF34F8F7F4801687F4A01F4E06111434A
:10A400000160BFF34F8F00BFFDE710B5EFF3108081
:10A4100010F0010F72B601D0012400E0002400F01A
:10A42000DDF850B1E6F7A4FFF7F761FDF8F7C1FFDB
:10A43000F9F7E2FC71490020086004B962B6002017
:10A4400010BD2DE9F0410C460546EFF3108010F0E9
:10A45000010F72B601D0012600E0002600F0BEF820
:10A4600020B106B962B60820BDE8F08100F006FD13
:10A47000E6F782FF0246002001234709BF0007F1EB
:10A48000E02700F01F01D7F80071CF40F9071BD07B
:10A49000202803D222FA00F1C90727D141B20029AE
:10A4A00004DB01F1E02191F8001405E001F00F0157
:10A4B00001F1E02191F8141D4909082916D203FA87
:10A4C00001F717F0EC0F11D0401C6428D5D3F9F731
:10A4D00071FC4B4A4B490020F9F7B4FC47494A4804
:10A4E00008602046E6F7A7FE60B904E006B962B648
:10A4F00041F20100B8E73E4804602DB12846E6F776
:10A50000E7FE18B1102428E0404D19E02878022811
:10A5100002D94FF4805420E007240028687801D045
:10A52000D8B908E0C8B1202817D8A878212814D8AD
:10A53000012812D001E0A87878B9E8780B280CD867
:10A54000E6F71AFF2946F8F71AFFF7F78FFC00F035
:10A55000EDF92846E6F7DAFE044606B962B61CB104
:10A56000FFF753FF20467FE700207DE710B5044644
:10A5700000F034F800B101202070002010BD244903
:10A5800008600020704770B50C4622490D682149CB
:10A59000214E08310E60102807D011280CD0122847
:10A5A0000FD0132811D0012013E0D4E90001FFF7E8
:10A5B00048FF354620600DE0FFF727FF00252060AB
:10A5C00008E02068FFF7D2FF03E011492068086027
:10A5D000002020600F48001D056070BD07480A4933
:10A5E0000068884201D101207047002070470000B8
:10A5F000880100200CED00E00400FA05580000205E
:10A600004810002000000020BEBAFECAA8B3010016
:10A6100004000020100502400100000100B585493A
:10A6200010F1080F19D00CDC10F1280F1DD010F11B
:10A63000140F18D010F1100F13D010F10C0F08D117
:10A640000DE010F1040F06D080B103280ED00428CD
:10A650000CD0FFDF00BDFC2008E0F82006E0F4206D
:10A6600004E0F02002E0EC2000E0D820086000BD0B
:10A67000704900B5091D012803D0022803D0FFDF6F
:10A6800000BD032000E00420086000BD2DE9F0417A
:10A6900005460C4617461046F9F76CFD4FF47A76DE
:10A6A000022C10D0012C10D040F63401441838464A
:10A6B000F9F7C5FD204449F679710844B0FBF6F07E
:10A6C000281ABDE8F0813146F0E74FF4C861EDE7A4
:10A6D00070B505460C460846FAF7F4FA022C10D07D
:10A6E000012C11D04FF4AF5149F6CA62511A0844F7
:10A6F0004FF47A7100F2E140B0FBF1F0281A801EAD
:10A7000070BD40F24C41EFE740F63401ECE770B524
:10A71000064615460C460846FAF7D4FA4FF47A7105
:10A7200040F63402022D11D0012D11D01346022C17
:10A7300011D0012C01D04FF4AF529A1A104449F6AF
:10A74000FC621044B0FBF1F0301A70BD0B46EEE72E
:10A750004FF4C863EBE740F24C42EEE770B50446B5
:10A760000E460846F9F706FD05463046F9F767FD3F
:10A7700028444AF2AB3108444FF47A71B0FBF1F04F
:10A78000201A801E70BD2DE9F04106461D460C467C
:10A790001746104600F045F806EB4601C1EBC6111E
:10A7A00000EBC100022C15D0012C16D04FF4AF5194
:10A7B00046182046FAF786FA301A4FF47A7100F6F6
:10A7C000B730B0FBF1F43846F9F741FD2044284496
:10A7D000401D76E740F24C41EAE740F63401E7E7F6
:10A7E00070B5044615460E460846F9F7C3FC04EB5F
:10A7F0004401C1EBC411C0EBC1043046F9F71FFDA1
:10A80000241A284600F00DF820444FF47A7100F61F
:10A81000B730B0FBF1F42846F9F719FD2044401D8C
:10A8200070BD082803D0042801D0F9F7A3BC4EF668
:10A83000283070470C150040F0B585B00C46054631
:10A84000FEF7DCFF07466E78204603A96A46F5F757
:10A8500004FA81198EB258B1012F02D0032005B03D
:10A86000F0BD204604AA0399F5F719F9049D01E00B
:10A87000022F0FD1ED1C042E0FD32888BDF8001035
:10A88000001D80B2884201D8864202D14FF00000FC
:10A89000E5E702D34FF00200E1E74FF00100DEE709
:10A8A0000B4A022111600B490B68002BFCD0084BAE
:10A8B0001B1D186008680028FCD000201060086884
:10A8C0000028FCD070474FF080504069704700006E
:10A8D00004E5014000E4014002000B464FF0000097
:10A8E000014620D0012A04D0022A04D0032A0DD127
:10A8F00003E0012002E0022015E00320072B05D22F
:10A90000DFE803F00406080A0C0E10000720704769
:10A91000012108E0022106E0032104E0042102E015
:10A92000052100E00621F7F7E4BC0000E24805211C
:10A9300081700021017041707047E0490A78012A56
:10A9400005D0CA681044C8604038F8F704BA8A686D
:10A9500010448860F8E7002819D00378D849D94A0C
:10A9600013B1012B0ED011E00379012B00D06BB98C
:10A9700043790BB1012B09D18368643B8B4205D22B
:10A98000C0680EE00379012B02D00BB100207047A4
:10A9900043790BB1012BF9D1C368643B8B42F5D2EB
:10A9A00080689042F2D801207047C44901220A70A1
:10A9B000027972B100220A71427962B104224A71AD
:10A9C000826852328A60C068C860BB4902208870C1
:10A9D00070470322EFE70322F1E770B5B74D044655
:10A9E00000202870207988B100202871607978B122
:10A9F0000420B14E6871A168F068F7F7B2F9A86059
:10AA0000E0685230E8600320B07070BD0120ECE7D0
:10AA10000320EEE72DE9F04105460226F8F7C5F8D8
:10AA2000006800B1FFDFA44C01273DB12878B8B120
:10AA3000012805D0022811D0032814D027710DE079
:10AA40006868C82808D30421F8F7EBF920B16868D2
:10AA5000FFF773FF012603E0002601E000F014F980
:10AA60003046BDE8F08120780028F7D16868FFF70C
:10AA700072FF0028E2D06868017879B1A0780428D4
:10AA800000D0FFDF01216868FFF7A7FF8B49E0785E
:10AA900000F003F90028E1D1FFDFDFE7FFF785FFD2
:10AAA0006770DBE72DE9F041834C0F46E17888427F
:10AAB00000D0FFDF00250126082F7DD2DFE807F058
:10AAC000040B28283D434F57A0780328C9D00228FB
:10AAD000C7D0FFDFC5E7A078032802D0022800D046
:10AAE000FFDF0420A07025712078B8BB0020FFF79D
:10AAF00024FF72480178012906D08068E06000F0E8
:10AB0000F9F82061002023E0E078F7F782FDF5E70F
:10AB1000A078032802D0022800D0FFDF207880BB75
:10AB2000022F08D05FF00500F8F7A1FCA0780328F9
:10AB300040D0A57095E70420F6E7A078042800D05F
:10AB4000FFDF022004E0A078042800D0FFDF01200E
:10AB5000A1688847FFF75EFF054633E003E0A07871
:10AB6000042800D0FFDFBDE8F04100F08DB8A078E8
:10AB7000042804D0617809B1022800D0FFDF2078D2
:10AB800018B1BDE8F04100F08AB8207920B1062064
:10AB9000F8F76DFC25710DE0607840B14749E07829
:10ABA00000F07BF800B9FFDF65705AE704E007208A
:10ABB000F8F75DFCA67054E7FFDF52E73DB1012DC9
:10ABC00003D0FFDF022DF9D14BE70420C0E70320BB
:10ABD000BEE770B5050004D0374CA078052806D133
:10ABE00001E0102070BD0820F8F757FC08B11120D3
:10ABF00070BD3548F7F75CFBE0701F2806D00121D7
:10AC0000F8F730FA0020A560A07070BD032070BD79
:10AC1000294810B5017809B1112010BD81780529A6
:10AC200006D0012906D029B101210170002010BDF4
:10AC30000F2010BD00F033F8F8E770B51E4C054644
:10AC4000A07808B1012809D155B12846FFF783FE45
:10AC500040B1287840B1A078012809D00F2070BDFC
:10AC6000102070BD072070BD2846FFF79EFE03E050
:10AC700000212846FFF7B1FE1049E07800F00DF8FA
:10AC800000B9FFDF002070BD0B4810B5006900F06F
:10AC900029F8BDE81040F7F78EBAF7F7BFBD0648B0
:10ACA00010B5C078F7F766FB00B9FFDF0820F8F7AA
:10ACB000DEFBBDE8104039E68C0100209C0F00202F
:10ACC0003D860100FF1FA107A5AA010010B5134C86
:10ACD0002060201D0160114810300260001D0360DB
:10ACE000002010BD0E490A6848F202139A4302433D
:10ACF0000A6070470A4A116848F2021301EA030029
:10AD0000994311607047054B02465B421020134483
:10AD1000FC2B01D8116000207047000000060040A5
:10AD2000C806024070477047704700001EF0040FCD
:10AD30000CBFEFF30880EFF30980014A10470000D1
:10AD40005F3E010001B41EB400B5F8F7A9FD01B4DF
:10AD50000198864601BC01B01EBD0000826903490E
:10AD600081614FF0010010447047000045AD0100C3
:10AD70000FF20C0000F10000694641F8080C20BFFA
:10AD800070470000FEDF18490978F9B904207146C0
:10AD900008421BD10699154A914217DC06990229EF
:10ADA00014DB02394878DF2810D10878FE2807D054
:10ADB000FF280BD14FF001004FF000020C4B184759
:10ADC00041F201000099019A094B1847094B002BE9
:10ADD00002D01B68DB6818474FF0FF3071464FF018
:10ADE0000002034B1847000028ED00E000C00100FE
:10ADF000E9A3010004000020174818497047FFF735
:10AE0000FBFFE6F7CBF900BD1548164909688842F3
:10AE100003D1154A13605B68184700BD20BFFDE7EA
:10AE20000F4810490968884210D1104B18684FF03C
:10AE3000FF318842F2D080F308884FF02021884209
:10AE400004DD0B48026803210A4302600948804779
:10AE500009488047FFDF0000B00F0020B00F00203E
:10AE600000100000000000200400002000C00100CD
:10AE700014090040DD2F000009AE0100F0B4404687
:10AE8000494652465B460FB402A0013001B5064860
:10AE9000004700BF01BC86460FBC804689469246EB
:10AEA0009B46F0BC70470000091100000420714669
:10AEB000084202D0EFF3098101E0EFF308818869CD
:10AEC00002380078102813DB20280FDB2C280BDB3E
:10AED0000A4A12680A4B9A4203D1602804DB094AE5
:10AEE0001047022008607047074A1047074A10477A
:10AEF000074A12682C3212681047000058000020E0
:10AF0000BEBAFECA7D130000A19B010087A5010007
:10AF1000040000200D4B0E4908470E4B0C49084712
:10AF20000D4B0B4908470D4B094908470C4B084985
:10AF300008470C4B064908470B4B054908470B4B84
:10AF4000034908470A4B02490847000019AC0000B2
:10AF500059B00000A52F00000BA8000099A7000021
:10AF6000A1AE0000991300004D7700001DB0000055
:10AF70002DAD01005F8200000784000065850000A0
:10AF8000C98500000386000037860000698600003E
:10AF90009986000021870000478300008985000012
:10AFA00013120000C12100000B2200006F220000DC
:10AFB000F522000011240000D32400000525000024
:10AFC000E3250000CB2600001F270000A12700007A
:10AFD000C1270000B92D0000DD2D0000FD2C000070
:10AFE000592D00000F2E0000A32E00002F3D000061
:10AFF000093E00003D4100003D420000B342000018
:10B000001D4300008143000017120000754400003A
:10B01000E1440000E3270000E927000017120000C8
:10B02000171200001712000017120000F32700008B
:10B030002B280000A12800001712000017120000A2
:10B040002D22000087290000A9290000F529000011
:10B05000131200001312000013120000131200005C
:10B06000EF5200007553000091530000AD530000F3
:10B070003B550000D7530000E1530000235400006B
:10B0800045540000215500006355000013120000D4
:10B0900013120000676E0000876E0000916E0000C2
:10B0A000CB6E0000F96E0000E96F000077700000C1
:10B0B0008B700000D9700000EF71000095730000E4
:10B0C000BD740000E95D0000D5740000131200009B
:10B0D00013120000A1A0000003A200005DA2000066
:10B0E000D7A2000083A30000100110013A02000063
:10B0F0001A0200040506000007000000FFFFFFFF22
:10B100000000FFFFE39C0000BF1C0000934E000006
:10B11000335E0000E97A000000000000A17D00001D
:10B120007D7D00008F7D0000000002000000000017
:10B13000000200000000000000010000000000000C
:10B14000136C0000F36B0000616C00007152000092
:10B150003352000053520000219400003994000043
:10B160004396000041370000816C000000000000A1
:10B17000B16C0000BF5200000000000000000000A1
:10B18000000000002395000000000000C13700000F
:10B19000555555D6BE898E0000006406640C6412B5
:10B1A00000000803AC055008000054044408340CA7
:10B1B00075DF0000DDE00000D7DE000073DF000077
:10B1C0001B5D0100ABE1000000000000480800002A
:10B1D0004808000051350000513500009B21000057
:10B1E000439B0000B7600000A34D0000F97301000D
:10B1F0008135000081350000BF210000D59B000093
:10B200003F610000174E00000F74010070017001D3
:10B21000400038005C002400200200000300656C40
:10B220007462000000000000000000000000000048
:10B230000000870000000000000000000000000087
:10B240000000BE83605ADB0B376038A5F5AA9183F6
:10B25000886C0000010000008B0801005D170100F0
:10B2600000000001020603040500000007000000C2
:10B2700000000000060000000A000000320000008C
:10B2800073000000B4000000F401FA0096006400AE
:10B290004B0032001E0014000A00050002000100ED
:10B2A0000041000000000000AB830100E5870100C1
:10B2B0008F870100BD830100000000002989010083
:10B2C0000C0802170D010102090901010602091803
:10B2D00018030101090903030500000049A2010048
:10B2E00061A2010079A2010091A20100C1A20100A6
:10B2F000E9A2010013A3010047A30100C79F0100B9
:10B30000039F010023A0010007AD01000D360100DD
:10B310001D360100493601001B37010023370100AB
:10B32000353701007FA0010099A001006DA0010048
:10B3300077A00100A5A00100DBA00100ED9B0100AA
:10B34000FBA0010009A1010017A1010027A1010034
:10B350003FA1010057A101006DA10100ED9B01007B
:10B3600000000000B7A900000DAA000023AA0000F9
:10B37000D9A80100199C0100E59C0100D3AB010094
:10B3800011AC01003BAC0100113401005D3901003A
:10B3900083A10100A9A10100CDA10100F3A1010039
:10B3A0001C0500402005004000100200CCB3010045
:10B3B00008000020980100004411000000B40100C2
:10B3C000A0010020100E00008011000001150545AD
:10B3D000481000200519A40500203601000100884E
:10B3E0003720FB349B5F80041F8000100D9DCB092C
:10B3F0000020880900200E0A0020024810000000EA
:10C0000000000220999A0300C19A0300C39A03001A
:10C01000C59A0300C79A0300C99A030000000000F4
:10C02000000000000000000000000000CB9A0300A8
:10C03000CD9A030000000000CF9A0300D19A0300BC
:10C04000D39A0300F1F3020039990300FD9803002D
:10C0500011990300D39A030009810300116F0300B3
:10C06000AD940300B5940300BD940300D39A03007C
:10C07000D39A0300D39A0300D39A0300D39A030000
:10C08000D39A030075A40300D39A0300D39A030044
:10C09000D39A0300D39A030099DB0300D39A0300D9
:10C0A000D39A0300D39A0300C5940300CD940300F0
:10C0B000D39A0300D39A03000000000000000000A0
:10C0C000D39A0300D39A0300D39A0300259903005F
:10C0D000D39A0300D39A0300D39A0300D39A0300A0
:10C0E0006199030000000000000000000000000053
:10C0F00000000000D39A0300000000004D990300E7
:10C10000000000000000000000000000000000002F
:10C11000000000000000000000000000000000001F
:10C12000000000000000000000000000000000000F
:10C1300000000000000000000000000000000000FF
:10C1400000000000000000000000000000000000EF
:10C1500000000000000000000000000000000000DF
:10C1600000000000000000000000000000000000CF
:10C1700000000000000000000000000000000000BF
:10C1800000000000000000000000000000000000AF
:10C19000000000000000000000000000000000009F
:10C1A000000000000000000000000000000000008F
:10C1B000000000000000000000000000000000007F
:10C1C000000000000000000000000000000000006F
:10C1D000000000000000000000000000000000005F
:10C1E000000000000000000000000000000000004F
:10C1F000000000000000000000000000000000003F
:10C200002DE9F04F85B003910778A7F10903042BBE
:10C21000044607F07F0200F10100F5D9202AF3D08F
:10C220002B2F04BF677804462D2F75D09FED427BDE
:10C230008DED007B4FF000084FF000099FB34FF0E9
:10C24000000C25464FF0000ADFF8FCB0644619E008
:10C2500028F0CAF880468946304628F05BF8424606
:10C260004B4627F00BFF5246804689465B46DDE988
:10C2700000013CB328F0E2F9CDE90001A44615F82D
:10C28000017F7FB1A7F13006092E52465B4640463A
:10C290004946DDD9CCB92E2F17D115F8017F0124DD
:10C2A000002FEFD12C4642464B46DDE9000128F035
:10C2B0009BF880468946039B404649461C6005B072
:10C2C000BDE8F08F4FF0010CD9E72C46BCF1000F10
:10C2D00029D042464B46DDE9000128F085F807F0F9
:10C2E000DF07452F80468946E5D10399681C0A225D
:10C2F00027F092FE14490246002028F0D5FB0246A2
:10C300000B464046494628F06FF88046894640462D
:10C31000494605B0BDE8F08F9FED097B67788DED4C
:10C32000007B013486E7DFF824904FF00008404698
:10C33000494605B0BDE8F08F000000000000F03F66
:10C34000000000000000F0BF000024400000F87F63
:10C350002DE9F0470023144600228046894628F044
:10C36000B5FA28B109F1004399462D232370013411
:10C37000002200234046494628F09EFA28B1302288
:10C38000002322706370BDE8F0874046494625F0DF
:10C390007BFB28F0D9FA73A3D3E90023074649466B
:10C3A000404628F093FA00284ED170A3D3E9002329
:10C3B0004046494628F0A8FA002845D10E2F07F13B
:10C3C000010540F3B980A7F10E063246002062490C
:10C3D00028F06AFB02460B464046494628F02EF9F3
:10C3E00000225E4B27F04AFE28F09AFB002DA7F1B1
:10C3F0000F0E4FF0010C4DDD594FDFF8788101220F
:10C4000045F6F3294FF02E0A494508BF40454FF045
:10C4100030030AD3B0EB080061EB0901494508BFBE
:10C42000404503F10103F5D2DBB2237050EA01036A
:10C4300004F101084AD1954252DD0132102A4FD051
:10C44000444677E90289DFE7002F33DB3A460020D4
:10C45000414928F029FB02460B464046494628F050
:10C46000EDF83BA3D3E90023804689460125002649
:10C470004046494627F0B8FF0022384B27F0FEFD22
:10C4800028F04EFB002DBC464FF0FF3E37464FF0E4
:10C490000006B1DC234630224FF02E0803F8022BB1
:10C4A00084F80180FC4345D01C4403F8012BA342CF
:10C4B000FBD1A1E77A420020274928F0F5FA02468D
:10C4C0000B464046494627F08FFFCAE7954202F1E6
:10C4D000010204BF84F801A004F10208102AAFD1C0
:10C4E0006EB14246302102F8011BC2F101037344D0
:10C4F0004344002BF7DC2EEAEE7301339844BCF181
:10C50000010F12D0BCF1000F4FF0650388F8003026
:10C51000C5BF2B2388F8013008F1010108F10201A1
:10C520006046BDE8F04713F04BB9002388F80030AF
:10C53000BDE8F0871C465FE7C7F10E020020064900
:10C5400028F0B2FA3E4602460B46012790E700BFAC
:10C550000000901EC4BCD642000024400000E03F12
:10C56000C85704008DEDB5A0F7C6B03E50EFE2D637
:10C57000E41A4B4400407A1070B54FF0FF3005F0DC
:10C5800055FF04466FF07F4005F050FF06462046F9
:10C5900027F0B0FE00220C4B27F026FF0446304661
:10C5A0000D4627F0A7FE06A3D3E9002328F046F89E
:10C5B00002460B462046294627F060FD70BD00BFAD
:10C5C0000000E0DFFFFF6F430000F03D00000000CF
:10C5D0002DE9F843036B044618680D4627F0ACFEBE
:10C5E000064668680F4668B327F094FE25F04CFABB
:10C5F000236B95ED037AD3ED007A77EE677A804668
:10C60000894617EE900A27F097FE42464B4627F0E0
:10C61000EBFE10A3D3E9002328F010F83B46324686
:10C6200027F02CFD28F0D8F907EE900AF5EEC07A35
:10C63000F1EE10FA4FF0000354BFC4ED137AE36437
:10C64000BDE8F88300200249D0E700BFAFF30080C7
:10C650000000F03F333333333333FF3F000000003B
:10C660004389DA0700F10B822DE9F04F43F0010313
:10C670004FF080424381D2F80034BD4A9BB005465A
:10C680000B92002B00F0EA81136801331360002441
:10C69000092217A905F5D060CDE917448DF864404B
:10C6A0001DF006F805F1B8031E460A9310F024FAAF
:10C6B0002146284611F0F6FA3046AE4C13F06EFBD8
:10C6C00004F1F00654F8043F184613B11B681B68C8
:10C6D0009847A642F6D1284609F09CFCA64B0A9E34
:10C6E0000024CDE9133413AB93E8030010238DE845
:10C6F00003002246029340F2FD312B46304611F0F2
:10C700007DFA9E4BCDE9153415AB93E80300C023A9
:10C710008DE80300029364222B4640F2FD3130463F
:10C7200011F06CFA6889964BA0216022802640F4B3
:10C73000C040E024688183F8094383F80A13402449
:10C7400083F81A2383F81B2383F8071383F81C1339
:10C7500083F8216383F8222305F6540283F80163EA
:10C7600005F5F9601646079283F8024383F80643FD
:10C770000AF0AEF98349304616F070FC824907464C
:10C78000304616F06BFC2B68804A5B680990934238
:10C7900040F07181642013F037FD0B9B4FF0000ACD
:10C7A0001B68089305F10C0B0FF2B419D9E9008945
:10C7B00054465B465646A3469A46089B032B00F018
:10C7C000938005F6141016F05DFB002840F0A2805F
:10C7D000002F00F0DD80FF233246214605F6B4002D
:10C7E00019F048F92B685B681420684A934240F0BE
:10C7F0008D8013F009FD0134E4B2052C0BF1010B1F
:10C8000002D1731CDEB20024BBF1190F00F091803D
:10C81000002FD2D05B49079816F054FD384628F017
:10C820001BFB099828F018FB0B9A0023136009F0F2
:10C830003BFC01460DA819F09FFC1CF0D3FE4246BC
:10C840004B46CDE9040128F017F90FA8114619F05D
:10C850007FFC42464B46DDE9040128F00DF94246D3
:10C860004B4628F009F910AB1146184619F070FC38
:10C870003DA3D3E90023DDE9040128F0FDF80146DA
:10C8800011A819F065FC10AA11A912A819F002FD4F
:10C890000FAA12A90EA819F0FDFC12A819F038FC75
:10C8A00011A819F035FC10A819F032FC0FA819F0E6
:10C8B0002FFC079A01230DA9CDE9002350460A9BBE
:10C8C0000EAA0EF013FA0EA819F022FC0DA819F00A
:10C8D0001FFC05F6141205F6A40150460DF0CCFF1E
:10C8E000089B032B7FF46DAFBBF1180F25DCFF23F2
:10C8F0003246214605F6B40019F0BCF82B68234AED
:10C900005B6893424FF00A003FF473AF014628463C
:10C91000984770E705F6381016F0B4FA00283FF48F
:10C9200057AFBBF1180F7FF756AF002F7FF453AF0F
:10C9300005E0002F3FF472AF6CE7002FD7D1099BC1
:10C9400053B3FF233246214605F6B40019F092F89E
:10C95000089A2B68032A14BF14200A205B6844E756
:10C9600000CA9A3B00000000000064A7B3B6E00DC7
:10C97000302000209C3A0020DDD70200C9D70200F9
:10C9800000E100E0AC6A0400686C040079D70200A2
:10C99000099B002B7FF41FAF09F086FB01460DA811
:10C9A00019F0EAFB1CF01EFE39A3D3E9002306466A
:10C9B0000F4628F061F80FA8114619F0C9FB34A3FF
:10C9C000D3E900233046394628F056F830A3D3E99E
:10C9D000002328F051F810A8114619F0B9FB2EA336
:10C9E000D3E900233046394628F046F8014611A81D
:10C9F00019F0AEFB10AA11A912A819F04BFC0FAA4E
:10CA000012A90EA819F046FC12A819F081FB11A872
:10CA100019F07EFB10A819F07BFB0FA819F078FB2A
:10CA20000024079B00930EAA0A9B01940DA950466F
:10CA30000EF05CF90EA819F06BFB0DA819F068FB5D
:10CA400010F096FE2B68104A5B6893420CD10A20C6
:10CA500013F0DAFB20461BB0BDE8F08F4FF47A707C
:10CA6000136013F04FFF12E628460A21984720462C
:10CA70001BB0BDE8F08F6421284698478DE6034837
:10CA8000704700BFAFF3008079D7020016FCFFFFAC
:10CA900000CA9A3B00000000000064A7B3B6E00D96
:10CAA0002DE9F04F2DED028B044683B0C06827F0CE
:10CAB00031FC80462069894627F02CFC824660695B
:10CAC0008B4627F027FC024601F1004306460F463D
:10CAD0004046494624F08CFE27F07EFFE062054682
:10CAE00024F03EFD0190284624F0EEFC019B054613
:10CAF000184627F021FC42464B4627F075FC80463D
:10CB00002846894627F018FC32463B4627F06CFC45
:10CB100002460B464046494627F0AEFA02460B460F
:10CB20005046594624F064FE27F056FF002208EED6
:10CB3000100A00233046394627F0E6FE28B3B5EE4A
:10CB4000C08AF1EE10FA1CDD11A7D7E9006718EED4
:10CB5000100A27F0F1FB02460B463046394627F013
:10CB60008BFA32463B4627F089FA27F035FFA06260
:10CB7000E38843F00203E38003B0BDEC028BBDE821
:10CB8000F08F05A7D7E90067E1E784ED0A8AEFE7B0
:10CB9000EA2E4454FB21F93FEA2E4454FB21F9BF0D
:10CBA00008B514F0C5F8DFED0C7A07EE100A67EE51
:10CBB000277A17EE900A27F0BFFB05A3D3E90023DD
:10CBC00027F03CFD27F0C0FE08BD00BFAFF300809A
:10CBD000EA2E4454FB2119400000B4430000000039
:10CBE00008B514F0B3F8DFED0C7A07EE100A67EE23
:10CBF000277A17EE900A27F09FFB05A3D3E90023BD
:10CC000027F01CFD27F0A0FE08BD00BFAFF3008099
:10CC1000EA2E4454FB2119400000B44300000000F8
:10CC200070B52DED068B044684B0406CDFED34AA60
:10CC300014F08CF80646606C14F07AF80222214653
:10CC4000054601A814F0A2F9DDED027AB8EEE78AF4
:10CC5000DDED037A3046B8EEE79A24F081FC0AEE67
:10CC6000100A304624F030FC09EE900A284624F0E1
:10CC700077FC08EE900A284624F026FC68EE287A15
:10CC80009DED017A06EE900AB8EEC77A67EE8A7AD1
:10CC900029EEC88AE7EE267A69EE288AA9EE0A8A82
:10CCA000E8EEA97A18EE101A17EE900A25F030F87F
:10CCB00007EE900A67EEAA7A17EE900A27F03CFB7F
:10CCC0000DA3D3E9002327F0B9FC27F085FEDFEDA3
:10CCD0000D7A07EE100A77EEC77AF5EEC07AF1EE1C
:10CCE00010FA48BF77EEAA7AFDEEE77A17EE900ABF
:10CCF00004B0BDEC068B70BDEA2E4454FB211940F4
:10CD00000000B4430000B44200B585B001220146E2
:10CD100001A814F03BF9DDED027AF8EEE77A17EEA0
:10CD2000901ADDED017AF8EEE77A17EE900A24F01A
:10CD3000EFFFDFED137A07EE100A67EE277A17EEA2
:10CD4000900A27F0F9FA0CA3D3E9002327F076FC28
:10CD500027F042FE07EE900AF5EEC07AF1EE10FAE7
:10CD600044BF9FED087A77EE877AFDEEE77A17EEFB
:10CD7000900A05B05DF804FBEA2E4454FB210940FB
:10CD8000000034430000B443494A21F00043934279
:10CD90002DE9704304460D4649DC464A93420E464F
:10CDA0000EDC3FA3D3E9002327F068F90022424BB1
:10CDB00027F0AAFD00284AD020462946BDE8708306
:10CDC0003E4A934239DCB3F1804F40DD24F06AFAE9
:10CDD0002246804689462B462046294627F004FBFA
:10CDE0000022354B27F04AF925F00AFB42464B4614
:10CDF00027F044F902460B4600202F4927F01EFC7D
:10CE0000424604460D464B464046494627F036F911
:10CE100002460B462046294627F030F901F0A0FED5
:10CE2000002E08DC01F100431946BDE8708302467C
:10CE30000B4627F023F9BDE8708324F033FA01F0A4
:10CE40008FFE19A3D3E9002327F018F9E8E722465B
:10CE50002B462046294627F0C7FA804689462046B9
:10CE6000294624F01FFA002204460D46124B404684
:10CE7000494627F003F925F0C3FA00220E4B27F0AC
:10CE8000FDF802460B464046494627F0D7FB2246AE
:10CE90002B4627F0F3F800F0A7FAC1E7AFF30080C4
:10CEA0009C7500883CE4377EEF39FAFE422EE63F5F
:10CEB000FFFFEF7FFFFF2F3E0000F03F0000B0417B
:10CEC0002DE9F84FBE4B21F000469E4204460D4628
:10CED0008A460EDDBB4B9E4200F3B18000F0AC8071
:10CEE000BAF1000F40F3EA8099A1D1E90001BDE851
:10CEF000F88FB54B9E4200F3BA80A3F1DE739E42D9
:10CF000040F3A5804FF0FF3B22462B4620462946A2
:10CF100027F06AFA02460B468046894627F064FAF3
:10CF20008DA3D3E9002306460F4627F05DFA8CA3B4
:10CF3000D3E9002327F0A2F832463B4627F054FA03
:10CF400089A3D3E9002327F099F832463B4627F01E
:10CF50004BFA87A3D3E9002327F090F832463B46EB
:10CF600027F042FA84A3D3E9002327F087F832465A
:10CF70003B4627F039FA82A3D3E9002327F07EF855
:10CF800042464B4627F030FA7FA3D3E90023804680
:10CF900089463046394627F027FA7DA3D3E9002396
:10CFA00027F06AF832463B4627F01EFA7AA3D3E907
:10CFB000002327F061F832463B4627F015FA78A3A4
:10CFC000D3E9002327F058F832463B4627F00CFA05
:10CFD00075A3D3E9002327F04FF832463B4627F0EC
:10CFE00003FA02460B464046494627F047F82246D8
:10CFF0002B4627F0F9F9BBF1FF3F02460B4661D003
:10D00000724B734E4FEACB0B5B44D3E9002327F0FE
:10D0100033F822462B4627F02FF8B34402460B463E
:10D02000DBE9000127F028F8BAF1000F0DDA01F171
:10D0300000431946BDE8F88F00283FF451AF22465F
:10D040002B462046294627F019F8BDE8F88F58A34B
:10D05000D3E9002327F012F800225E4B27F054FC9E
:10D0600000283FF44FAF20462946BDE8F88F24F052
:10D0700019F9594B9E4204460D4629DCA3F550236D
:10D080009E424EDC02460B4626F0F8FF0022514B32
:10D0900026F0F2FF002206460F464FF0804320465E
:10D0A000294626F0EBFF02460B463046394627F06C
:10D0B000C5FA4FF0000B04460D4625E73EA1D1E925
:10D0C0000001C2E72046294626F0D6FFBDE8F88FCA
:10D0D000424B9E421ADC0022414B26F0CDFF00223B
:10D0E00006460F463E4B2046294627F07DF9002292
:10D0F000384B26F0C3FF02460B463046394627F030
:10D100009DFA4FF0020B04460D46FDE602460B4623
:10D110000020344927F092FA4FF0030B04460D46E5
:10D12000F2E600222B4B26F0A7FF002206460F4610
:10D13000284B2046294626F0A1FF02460B463046E2
:10D14000394627F07BFA4FF0010B04460D46DBE62B
:10D15000182D4454FB21F93F11DA22E33AAD903FF8
:10D16000EB0D76244B7BA93F513DD0A0660DB13F1E
:10D170006E204CC5CD45B73FFF8300922449C23F86
:10D180000D5555555555D53F2F6C6A2C44B4A2BF4B
:10D190009AFDDE522DDEAD3F6D9A74AFF2B0B33F13
:10D1A000711623FEC671BC3FC4EB98999999C93F8B
:10D1B0009C7500883CE4377E182D4454FB21F9BF50
:10D1C000FFFF0F440000F07FFFFFDB3FF05704003C
:10D1D000D05704000000F03FFFFFF23FFF7F034005
:10D1E0000000F83F0000F0BF2DE9F041C1F30A57FD
:10D1F000A7F2FF35132D02460B460C46884606461D
:10D2000020DC002D4ADB364F2F4101EA070C5CEA97
:10D21000000C1CD030A3D3E9002326F02FFF0022FE
:10D22000002327F071FB48B1002C04DD4FF480137C
:10D2300043FA05F5A84428EA0704002621463046AB
:10D24000BDE8F081332D06DDB5F5806F38D010468E
:10D250001946BDE8F081A7F213474FF0FF3C2CFAC6
:10D2600007F70742F3D01CA3D3E9002326F006FFFB
:10D270000022002327F048FB0028DFD0002C09DD26
:10D28000142D22D00123C5F1340503FA05F5AE199A
:10D2900028BF984426EA07064446CFE70EA3D3E901
:10D2A000002326F0EBFE0022002327F02DFB0028B0
:10D2B000C4D0002C0CDB264305D00026094CBDE76A
:10D2C00026F0DCFEC5E73446B8E704F10108E1E7E3
:10D2D00000264FF00044B1E79C7500883CE4377E9F
:10D2E000FFFF0F000000F03F2DE9F041C1F30A57A6
:10D2F000A7F2FF35132D02460B460C46884606461C
:10D300001DDC002D3CDB364F2F4101EA070C5CEAA7
:10D31000000C19D030A3D3E9002326F0AFFE002281
:10D32000002327F0F1FAC8B3002C04DA4FF480137D
:10D3300043FA05F5A84428EA070400262EE0332D19
:10D3400006DDB5F5806F2DD010461946BDE8F08199
:10D35000A7F213474FF0FF3C2CFA07F70742F3D030
:10D360001DA3D3E9002326F089FE0022002327F025
:10D37000CBFA98B1002C21DB26EA070644460DE0E3
:10D3800015A3D3E9002326F079FE0022002327F01D
:10D39000BBFA18B1002C08DB002634462146304683
:10D3A000BDE8F08126F06AFED0E724F000430D4A84
:10D3B0001E43002E18BF14460026EFE7142D08D098
:10D3C0000123C5F1340503FA05F5AE1928BF9844C9
:10D3D000D2E704F10108CFE79C7500883CE4377E72
:10D3E000FFFF0F000000F0BF2DE9F04FD84B99422E
:10D3F00087B08046894643DDD64B99420E4600F3FE
:10D40000F480D54B994240F32D819FEDBB7B8DED90
:10D41000047B4FEA215A0446AAF2FF3ACF4BC6F3E7
:10D4200013069E4246F07F5500F3128145F44015E5
:10D43000204629460022CA4B26F01EFE0022044642
:10D440000D46C84B26F0D0FF22462B4626F0CCFFD7
:10D45000A046CDE90201A946CDE90001002E3AD14E
:10D46000002200232046294627F026FA002800F053
:10D470001B81BAF1000F40F0858100200021B8E047
:10D48000B94B21F000449C420A460FDD0022B74B05
:10D4900027F012FA002800F0AF80002200230020BD
:10D4A000B34927F0CBF807B0BDE8F08FB14B9C42F1
:10D4B00040F3AF80B04B1A449A4240F2D38000222E
:10D4C000A84B26F091FF42464B4626F08DFFCDE952
:10D4D00000014FF0000A00224FF0804340464946C9
:10D4E00026F0CCFD02460B464046494627F0A6F8FA
:10D4F00002460B4606460F4626F076FF80A3D3E988
:10D50000002304460D4626F06FFF7FA3D3E90023D6
:10D5100026F0B4FD22462B4626F066FF7CA3D3E915
:10D52000002326F0ABFD22462B4626F05DFF7AA3B2
:10D53000D3E9002326F0A2FD22462B4626F054FF15
:10D5400077A3D3E9002326F099FD22462B4626F047
:10D550004BFF75A3D3E9002326F090FD22462B460E
:10D5600026F042FF72A3D3E9002326F087FD22466E
:10D570002B4626F039FFDDE9002326F07FFD3246F9
:10D580003B4626F031FF04460D46BAF1000F00F08D
:10D59000A880504626F0BEFE67A3D3E9002382464A
:10D5A0008B4626F021FF66A3D3E9002306460F46EB
:10D5B0005046594626F018FFDDE9042326F05EFDAB
:10D5C00022462B4626F05AFD02460B46DDE90001B5
:10D5D00026F052FD42464B4626F04EFD02460B46D3
:10D5E0003046394626F048FD03E002460B4626F059
:10D5F00045FD07B0BDE8F08F42464B4640464946E0
:10D6000026F03AFD02460B4627F018F807B0BDE8B1
:10D61000F08F0022594B26F031FD0022002327F025
:10D6200073F910B1564B9C4262DD42464B46404670
:10D63000494626F0D9FE00224A4B26F0D5FE024686
:10D640000B464046494626F017FD07B0BDE8F08F6F
:10D6500045F40015C6F5801620462946B6100AF195
:10D66000010AE7E600223E4B4046494626F006FD09
:10D670004FEA215AAAF2FF3ABAF1000F04460D46CA
:10D680000E4640F3BD8042464B4626F0F5FC02466E
:10D690000B460020324926F0EFFC22462B4626F0AE
:10D6A000CDFFCDE90401B9E627A3D3E90023204645
:10D6B000294626F099FE02460B460020284926F00E
:10D6C000DBFCDDE9022326F08FFE06460F46BAF1A9
:10D6D000000F75D102460B462046294626F0CCFCA9
:10D6E00087E702460B46DDE9000126F0C5FCA6E708
:10D6F000404649467DE700BF0000000000000000F2
:10D7000044523EDF12F1C23F9FC678D0099AC33F10
:10D71000DE03CB966446C73FAF788E1DC571CC3F04
:10D72000599322942449D23F04FA97999999D93F61
:10D73000935555555555E53F0000E0FE422EE63F16
:10D74000763C7935EF39EA3D555555555555E53F08
:10D750007982DA3FFFFFEF7FFFFF3F439DA0060086
:10D760000000F03F0000E03FFFFFEF3F0000F0BF90
:10D77000000050C3FFFF1F3E3C412D4000005043BE
:10D78000FFFF8F3C504626F0C5FD24A3D3E90023BC
:10D7900006460F4626F028FEDDE9042326F06EFC3F
:10D7A00020A3D3E9002304460D463046394626F02F
:10D7B0001BFE02460B462046294626F05FFC18E772
:10D7C000504626F0A7FD17A3D3E9002382468B46D7
:10D7D00026F00AFE11A3D3E900238046894650466D
:10D7E000594626F001FEDDE9042326F047FC0246F7
:10D7F0000B463046394626F03FFC22462B4674E75E
:10D800000022054B26F038FC02460B4640464946AE
:10D8100026F032FC41E700BF0000F03F763C79354E
:10D82000EF39EA3D0000E0FE422EE63F0000000036
:10D8300008B524F0ABF804A3D3E9002326F0FEFEDC
:10D8400008BD00BFAFF30080EF39FAFE422EE63F7D
:10D850002DE9F043DFF8B4808BB004460D4600F0AC
:10D8600057FF98F90030013306460F462CD0224668
:10D870002B462046294627F051F8814620BB2046FA
:10D88000294623F00FFD1FA3D3E9002327F03CF81E
:10D89000D0B1194A98F90030CDF820900321CDE994
:10D8A0000445CDE90245CDE9001293B113490020AA
:10D8B000022BCDE9060111D126F056FB222303608D
:10D8C000089B9BB9DDE90667304639460BB0BDE8D9
:10D8D000F0830B4B4FF06042CDE90623684625F0FC
:10D8E000EFFF0028E8D0089B002BEBD026F03CFB94
:10D8F000089B0360E6E700BFF07F04000000F07FB4
:10D90000FFFFEF477DF8B98FCE33864032230020EA
:10D910002DE9F043DFF8E4808BB004460D4600F0BB
:10D92000A7FF98F90030013306460F4633D0204652
:10D93000294625F0BFFF70B32CA3D3E9002320466E
:10D94000294626F0E1FF814650BB2AA3D3E90023F4
:10D950002046294626F0BAFFE8B198F90030204A5F
:10D96000CDF82090002000210426022BCDE90445AB
:10D97000CDE902450096CDE90601019229D068461D
:10D9800025F09EFF28B3089B1BB126F0EDFA089BFB
:10D990000360DDE90667304639460BB0BDE8F08329
:10D9A0000F4A98F90030019203210022CDE9044585
:10D9B000CDE90245009108922BB90A4B4FF0604225
:10D9C000CDE90623DBE708490020022BCDE906015B
:10D9D000D5D126F0C9FA22230360D4E7AFF3008043
:10D9E000F87F0400FFFFEF470000F07FEF39FAFEF9
:10D9F000422E864051302DD5104987C03223002059
:10DA00002DE9F84FC44E21F00043B34204460D46C1
:10DA10000DDD03F1404303F58013034340F0B9806B
:10DA2000002940F3408100200021BDE8F88FBB4E63
:10DA3000B34208DCBA4A934200F3B5809CA1D1E915
:10DA40000001BDE8F88F0029C0F2708102460B4644
:10DA50000020B44926F010FB0022B34B26F0C4FC92
:10DA600004460D4624F0CCFC93A3D3E90023894659
:10DA700080462946204626F0B7FC91A3D3E900232F
:10DA800026F0FCFA22462B4626F0AEFC8EA3D3E904
:10DA9000002326F0F1FA22462B4626F0A5FC8CA3A3
:10DAA000D3E9002326F0EAFA22462B4626F09CFC16
:10DAB00089A3D3E9002326F0DFFA22462B4626F07D
:10DAC00093FC87A3D3E9002326F0D8FA22462B46FD
:10DAD00026F08AFC84A3D3E9002382468B462046A5
:10DAE000294626F081FC82A3D3E9002326F0C4FA5C
:10DAF00022462B4626F078FC7FA3D3E9002326F0AC
:10DB0000BDFA22462B4626F06FFC7DA3D3E9002305
:10DB100026F0B2FA22462B4626F066FC0022814B04
:10DB200026F0ACFA02460B465046594626F086FDD2
:10DB300042464B4626F058FC002682468B4632462B
:10DB40004B463046494626F04FFC02460B462046DF
:10DB5000294626F091FA324604460D464B46404689
:10DB6000494626F08BFA02460B462046294626F007
:10DB700065FD02460B465046594626F07FFA32466E
:10DB80004B4626F07BFA02460B4626F077FABDE8B4
:10DB9000F88F02460B4626F06FFA02460B4626F037
:10DBA0004DFDBDE8F88F02460B4626F01DFC42A352
:10DBB000D3E9002306460F4626F016FC40A3D3E91E
:10DBC000002326F05BFA32463B4626F00DFC3EA3CE
:10DBD000D3E9002326F050FA32463B4626F004FCF7
:10DBE0003BA3D3E9002326F049FA32463B4626F010
:10DBF000FBFB39A3D3E9002326F03EFA32463B462D
:10DC000026F0F2FB36A3D3E9002326F037FA32469A
:10DC10003B4626F0E9FB34A3D3E90023804689463E
:10DC20003046394626F0E0FB31A3D3E9002326F045
:10DC300023FA32463B4626F0D7FB2FA3D3E9002335
:10DC400026F01CFA32463B4626F0CEFB2CA3D3E945
:10DC5000002326F011FA32463B4626F0C5FB00228F
:10DC6000304B26F00BFA02460B464046494626F05A
:10DC7000E5FC22462B4626F0B7FB02460B4622A1C6
:10DC8000D1E9000126F0F8F902460B462046294664
:10DC900026F0F2F902460B4605A1D1E9000126F073
:10DCA000EBF9BDE8F88F1AA1D1E9000179E700BFCF
:10DCB000182D4454FB21F93F09F7FD0DE13D023FCA
:10DCC00088B20175E0EF493F3B8F68B52882A43FD9
:10DCD0005544880E55C1C93F7D6FEB0312D6D43F22
:10DCE000555555555555C53F82922EB1C5B8B33FD0
:10DCF00059018D1B6C06E63FC88A599CE52A0040F5
:10DD00004B2D8A1C273A0340075C143326A6913C0E
:10DD1000182D4454FB210940FFFFEF3FFFFFDF3F79
:10DD20000000603C0000F03F0000E03F00225C4B40
:10DD300026F0A4F900225B4B26F056FB40A3D3E962
:10DD4000002304460D4626F04FFB3FA3D3E90023F2
:10DD500026F094F922462B4626F046FB3CA3D3E955
:10DD6000002326F089F922462B4626F03DFB3AA3F4
:10DD7000D3E9002326F082F922462B4626F034FB15
:10DD800037A3D3E9002326F077F922462B4626F065
:10DD90002BFB35A3D3E9002326F070F922462B464E
:10DDA00026F022FB804689462046294624F028FB9F
:10DDB0002FA3D3E9002306460F462046294626F026
:10DDC00013FB2DA3D3E9002326F056F922462B4658
:10DDD00026F00AFB2AA3D3E9002326F04FF92246B6
:10DDE0002B4626F001FB28A3D3E9002326F044F9B3
:10DDF00022462B4626F0F8FA0022294B26F03EF95F
:10DE000002460B464046494626F018FC32463B4641
:10DE100026F0EAFA1EA3D3E9002326F02DF93246B4
:10DE20003B4626F02BF902460B4626F027F9024620
:10DE30000B4619A1D1E9000126F01EF9B1E600BF99
:10DE400009F7FD0DE13D023F88B20175E0EF493F62
:10DE50003B8F68B52882A43F5544880E55C1C93F01
:10DE60007D6FEB0312D6D43F555555555555C53FDB
:10DE700082922EB1C5B8B33F59018D1B6C06E63FA7
:10DE8000C88A599CE52A00404B2D8A1C273A03403A
:10DE9000075C143326A6913C182D4454FB210940FD
:10DEA0000000F03F0000E03F414A91422DE9F84375
:10DEB00004460D4637DD3F4A91420B4608DD02F12C
:10DEC000795291423DDD024626F0D8F8BDE8F8834C
:10DED00001F1404202F5801202432ED0B1F1804F91
:10DEE00037DC0022344B26F0C7F802460B460446C6
:10DEF0000D4626F0C3F8224606460F462B4620461E
:10DF0000294626F071FA02460B463046394626F07D
:10DF1000B5F824F075FA22462B4626F0AFF8BDE896
:10DF2000F843FFF761BA02460B4626F0A5F8024611
:10DF30000B4626F083FBBDE8F88300200021BDE8F6
:10DF4000F88300F00DFE18A3D3E9002326F096F81D
:10DF5000F1E7024626F048FA0022174B26F08CF82B
:10DF600024F04EFA2246804689462B462046294612
:10DF700026F084F8224606460F462B464046494680
:10DF800026F07CF802460B4600200B4926F056FB93
:10DF90000B4602463946304626F06EF8BDE8F84397
:10DFA00000F0DEBDAFF30080EF39FAFE422EE63F0F
:10DFB000FFFFEF3FFFFFAF410000F03F0000000018
:10DFC0002DE9F04FAE4B21F000479F4287B0044649
:10DFD0000D4611DD07F1404707F5801703463B4327
:10DFE00021D002460B4626F047F802460B4626F0A3
:10DFF00025FB07B0BDE8F08FA24B9F420E4629DCFF
:10E00000B7F1795F80F2468181A3D3E9002326F03E
:10E0100035F800229C4B26F077FCD8B120462946E3
:10E0200007B0BDE8F08F7CA3D3E9002326F0DCF92C
:10E030007BA3D3E9002306460F462046294626F057
:10E04000D3F902460B463046394626F017F807B09A
:10E05000BDE8F08F2046294623F024F902460B46FE
:10E060000020894926F008F80022884B26F0BCF9E8
:10E070006DA3D3E9002304460D4626F0B5F96CA341
:10E08000D3E9002325F0FAFF22462B4626F0ACF90F
:10E0900069A3D3E9002325F0EFFF22462B4626F0A3
:10E0A000A3F967A3D3E9002325F0E8FF22462B4616
:10E0B00026F09AF964A3D3E9002325F0DDFF224678
:10E0C0002B4626F091F962A3D3E9002325F0D6FF71
:10E0D00022462B4626F088F95FA3D3E90023CDE939
:10E0E00000012046294626F07FF95DA3D3E90023ED
:10E0F00025F0C2FF22462B4626F076F95AA3D3E933
:10E10000002325F0BBFF22462B4626F06DF958A3CD
:10E11000D3E9002325F0B0FF22462B4626F064F910
:10E12000594B002225F0AAFF82468B4620462946FD
:10E13000CDE902AB24F064F9554B9F4280468946F5
:10E1400000F3198102460B4625F098FFDDE9022312
:10E15000CDE90401DDE9000126F070FA02460B4624
:10E16000DDE9040126F040F94FF0000ACDE9000195
:10E1700052464B465046494626F036F902460B4673
:10E180002046294625F078FF524604460D464B4668
:10E190004046494625F072FF02460B462046294676
:10E1A00026F04CFA02460B4625F068FF02460B4665
:10E1B0001BA1D1E9000125F05FFF02460B46DDE916
:10E1C000000125F059FF524604460D464B46504685
:10E1D000494625F053FF02460B4627A1D1E900012D
:10E1E00025F04AFF02460B462046294625F044FF0B
:10E1F00002460B4620A1D1E9000125F03DFF002E8B
:10E200003FF7F7AE01F100431946F2E6AFF30080A5
:10E210009C7500883CE4377E182D4454FB21F93F5F
:10E22000075C143326A6913C09F7FD0DE13D023F42
:10E2300088B20175E0EF493F3B8F68B52882A43F63
:10E240005544880E55C1C93F7D6FEB0312D6D43FAC
:10E25000555555555555C53F82922EB1C5B8B33F5A
:10E2600059018D1B6C06E63FC88A599CE52A00407F
:10E270004B2D8A1C273A0340182D4454FB21E93FBB
:10E28000FFFFEF3FFFFFDF3F0000F03F0000E03FF8
:10E290003233EF3F02460B4626F0A6F84BA3D3E9F4
:10E2A000002306460F4626F09FF84AA3D3E9002331
:10E2B00025F0E4FE32463B4626F096F847A3D3E924
:10E2C000002325F0D9FE32463B4626F08DF845A3C3
:10E2D000D3E9002325F0D2FE32463B4626F084F8EF
:10E2E00042A3D3E9002325F0C7FE32463B4626F081
:10E2F0007BF840A3D3E9002325F0C0FE32463B461D
:10E3000026F072F83DA3D3E90023804689463046C3
:10E31000394626F069F83BA3D3E9002325F0ACFE8B
:10E3200032463B4626F060F838A3D3E9002325F0B7
:10E33000A5FE32463B4626F057F836A3D3E9002324
:10E3400025F09AFE32463B4626F04EF800221E4B40
:10E3500025F094FE02460B464046494626F06EF9EB
:10E3600022462B4626F040F822462B4625F086FE14
:10E3700007B0BDE8F08F52465B46DDE9000126F0AC
:10E380005DF942464B4626F02FF842464B4625F0B3
:10E3900075FE02460B4625F071FE07A3D3E9002364
:10E3A00025F06AFE02460B4605A1D1E9000125F0E1
:10E3B00063FE24E7AFF30080075C143326A6913C8C
:10E3C000182D4454FB21F93F0000F03F09F7FD0DE3
:10E3D000E13D023F88B20175E0EF493F3B8F68B5F0
:10E3E0002882A43F5544880E55C1C93F7D6FEB0379
:10E3F00012D6D43F555555555555C53F82922EB12D
:10E40000C5B8B33F59018D1B6C06E63FC88A599CBD
:10E41000E52A00404B2D8A1C273A034000000000EB
:10E420002DE9F84F1D465342134325F00049DFF80C
:10E43000C8C149EAD3736345144606460F4626D839
:10E44000C0F1000848EA000821F0004A4AEAD878FA
:10E45000E04503468B461AD805F1404808F5801878
:10E4600058EA0208AE4643D04FEAA57808F0020801
:10E470005AEA030348EAD17811D1B8F1020F55D016
:10E48000B8F1030F09D14AA1D1E9000105E03246F4
:10E490003B462046294625F0F1FDBDE8F88F59EAB4
:10E4A000020329D0E1452ED0E24525D0AAEB090987
:10E4B0004FEA2959B9F13C0F3CDC002D3EDA19F145
:10E4C0003C0F3BDA00200021B8F1010F4ED0B8F12B
:10E4D000020F3ED0B8F1000FDFD037A3D3E90023FD
:10E4E00025F0CAFD36A3D3E9002325F0C5FDD4E706
:10E4F000BDE8F84FFEF7E4BCBBF1000F12DB32A120
:10E50000D1E90001C9E7CA4534D0B8F1020F0DD0F6
:10E51000B8F1030FB7D0B8F1010F4FF0000036D0BB
:10E520000021BAE72AA1D1E90001B6E724A1D1E987
:10E530000001B2E724A1D1E90001C5E722462B463C
:10E540003046394626F07AF822F0ACFEFEF7B8FCE9
:10E55000BAE719A3D3E9002325F08EFD02460B4646
:10E5600017A1D1E9000125F087FD96E701F10043ED
:10E57000194692E7B8F1020F14D0B8F1030F0DD08D
:10E58000B8F1010F06D014A1D1E9000185E74FF0E1
:10E59000004182E712A1D1E900017EE712A1D1E991
:10E5A00000017AE712A1D1E9000176E7AFF300801C
:10E5B000182D4454FB2109C0075C143326A6A13C46
:10E5C000182D4454FB210940182D4454FB21F93FD8
:10E5D000182D4454FB21F9BF182D4454FB21E93F69
:10E5E000182D4454FB21E9BFD221337F7CD902C0CE
:10E5F000D221337F7CD902400000F07F0000000070
:10E6000043422DE9F047034321F000463C4A46EAE5
:10E61000D373934204460D462AD8964240D0394BD4
:10E620009E428A462EDD384B9E4235463FDD3346BC
:10E630000246314625F022FD224606460F462B466D
:10E6400000202F4925F018FD02460B46304639467A
:10E6500025F0F4FFFEF7C8FE00222C4B25F0C4FE87
:10E66000BAF1000F0CDA01F100431946BDE8F0875A
:10E6700002460B4625F000FD02460B4625F0DEFF64
:10E68000BDE8F0871CA3D3E9002325F0F7FC0022A6
:10E69000002326F039F948B120462946BDE8F08725
:10E6A0000022002325F0CAFFBDE8F0873546224648
:10E6B0002B462046294625F0E1FC22462B460646FD
:10E6C0000F4625F091FE2246804689462B460020C3
:10E6D0000B4925F0D1FC02460B464046494625F041
:10E6E000ADFF32463B4625F0C9FCFEF77DFE002219
:10E6F000064B25F079FEB3E79C7500883CE4377E35
:10E700000000F03FFFFF2F3EFFFFDF3F0000E03F34
:10E710002DE9F8434E4B21F000449C4206460F463B
:10E720001BDC4C4B9C4222DD4B4B9C4254DD4B4B43
:10E730009C4246DD4A4B9C426FDD01339C4269D0CE
:10E7400041A3D3E900231046194625F04DFE0646A5
:10E750000F4630463946BDE8F88302460B4625F0A1
:10E7600043FE06460F4630463946BDE8F88322F0A0
:10E7700099FD01F0F9FE00223A4B8046894625F0CA
:10E780007DFCB4F1725F06460F46ECDB42464B4619
:10E790004046494625F028FE32463B4604460D4693
:10E7A0003046394625F06AFC02460B46204629468B
:10E7B00025F044FF00222B4B25F060FC06460F4657
:10E7C000D1E722F06FFD00F053F80022264B25F030
:10E7D0000BFE06460F46C6E722F064FD00F048F83F
:10E7E0000022214B06460F4625F0FEFD3246044628
:10E7F0000D463B4600201C4925F020FF02460B46F3
:10E800002046294625F03AFC06460F463046394652
:10E81000BDE8F883154B984292D83046394622F02D
:10E8200041FD0022104B25F0DFFD00F021F8002211
:10E8300004460D460C4B25F0D7FD22462B4625F00D
:10E84000D3FD06460F468EE79C7500883CE4377E74
:10E85000FFFFEF7F422ED63FFFFF3540412E86401F
:10E86000CD3386400000F03F0000E03F7DF8B98FD7
:10E870002DE9F047B04F21F00042BA4284B004467F
:10E880000D464FEAD17610D9AC4FBA4240F28A8099
:10E89000C1F313030343024640F0F180002E7ED003
:10E8A0000020002104B0BDE8F087A54B9A4200F299
:10E8B000B680A44B9A4240F2D1804FF0000A224623
:10E8C0002B462046294625F08FFD85A3D3E900235A
:10E8D00006460F4625F088FD83A3D3E9002325F0E3
:10E8E000CBFB32463B4625F07FFD81A3D3E90023D5
:10E8F00025F0C4FB32463B4625F076FD7EA3D3E9E6
:10E90000002325F0B9FB32463B4625F06DFD7CA384
:10E91000D3E9002325F0B2FB32463B4625F064FDE7
:10E9200002460B462046294625F0A6FB02460B462A
:10E9300006460F462046294625F056FD8046894664
:10E94000BAF1000F00F0AB8032463B4600204FF09A
:10E95000804125F091FB02460B464046494625F092
:10E960006DFE02460B46DDE9020125F085FBDDE97F
:10E97000002325F081FB0B4602467349002025F059
:10E980007BFB6FF47F739A4580F2A3800AF57A7A55
:10E9900001EB0A5100224FF0B87325F025FD04B0B9
:10E9A000BDE8F08758A3D3E9002325F0ADFF002888
:10E9B0006BD157A3D3E900232046294625F086FFD3
:10E9C00000287FF46DAF614953A3D3E9002301EB25
:10E9D000C6062046294625F007FDD6E9002325F086
:10E9E0004DFB25F0B1FF824625F094FC4CA3D3E902
:10E9F000002306460F4625F0F7FC02460B4620464C
:10EA0000294625F039FB48A3D3E90023CDE90001CD
:10EA10003046394625F0E8FCCDE9020115E04C4BC3
:10EA20009A42D0D84B4BF4002344D3E9002325F07D
:10EA300023FB494B234493ED007BCDE900018DED91
:10EA4000027BC6F1010AAAEB060ADDE90223DDE931
:10EA5000000125F011FB04460D4630E734A3D3E94D
:10EA6000002325F00BFB0022374B25F04DFFA8B308
:10EA7000204629460022344B25F000FB8FE70B4649
:10EA800025F0FCFA04B0BDE8F08729A3D3E9002300
:10EA90001046194625F0A8FC04B0BDE8F0873046C2
:10EAA000394600224FF0804325F0E6FA02460B4635
:10EAB0004046494625F0C2FD22462B4625F0DCFAA9
:10EAC00002460B460020204925F0D6FA04B0BDE8E6
:10EAD000F08701EB0A5104B0BDE8F0878246EEE60C
:10EAE000D0A4BE726937663EF16BD2C541BDBB3E54
:10EAF0002CDE25AF6A56113F93BDBE166CC1663F32
:10EB00003E5555555555C53FEF39FAFE422E8640C4
:10EB100051302DD5104987C0FE822B654715F73F30
:10EB20000000E0FE422EE63F763C7935EF39EA3DC3
:10EB30009C7500883CE4377E412E8640FFFFEF7FC6
:10EB4000422ED63FFFFF2F3E0000F03F105804003A
:10EB5000B1A2F03F2058040030580400000000002B
:10EB60002DE9F04FB1F5801F85B006460F460B46E4
:10EB700080F2D08021F00042024300F0DA800029C8
:10EB8000C0F2E9800022D64B25F02EFCD54A0B4678
:10EB9000934206460F466FF0350E00F3C180C3F373
:10EBA000130505F5152C0CF6647C0CF4801C8CF018
:10EBB0007F5282F440121C1542EA0507A4F2FF348A
:10EBC00074440022C84B3046394604EB1C5425F0EF
:10EBD00053FAAB1CC3F31303022B82468B464FF050
:10EBE000000240F3AF804FF0804325F047FA024621
:10EBF0000B465046594625F021FD064620460F4655
:10EC000025F088FB3246CDE902013B4630463946C5
:10EC1000CDE9006725F0E8FB02460B4680468946B1
:10EC200025F0E2FB9AA3D3E9002306460F4625F020
:10EC3000DBFB99A3D3E9002325F020FA32463B46BB
:10EC400025F0D2FB96A3D3E9002325F017FA32462C
:10EC50003B4625F0C9FB94A3D3E9002325F00EFA27
:10EC600042464B4625F0C0FB91A3D3E900238046E2
:10EC700089463046394625F0B7FB8FA3D3E90023F8
:10EC800025F0FCF932463B4625F0AEFB8CA3D3E9D8
:10EC9000002325F0F3F932463B4625F0A5FB0B4651
:10ECA00002464946404625F0E9F9A5F5C223C5F5D7
:10ECB000D725A3F27A4351351D43002D06460F4652
:10ECC00040F387800022894B5046594625F08CFB43
:10ECD00052465B4625F088FB02460B468046894635
:10ECE0003046394625F0CAF9DDE9002325F07CFBE2
:10ECF00006460F46002C40F0818002460B464046F7
:10ED0000494625F0B9F902460B465046594625F0CA
:10ED1000B3F90BE0734A93424FF0000E7FF73FAF19
:10ED200032463B463046394625F0A8F905B0BDE8E5
:10ED3000F08F0022002300206D4925F07FFC05B0F4
:10ED4000BDE8F08F002325F0B7FD60B1002C7CD129
:10ED500000200021EAE7024625F08EF90022002378
:10ED600025F06CFCE2E758A3D3E90023504659464E
:10ED700025F03AFB02460B4600205C4925F07CF961
:10ED8000524606460F465B465046594625F02CFB38
:10ED900002460B463046394625F026FB06460F460E
:10EDA0002CB3204625F0B6FA49A3D3E900238046C8
:10EDB000894625F019FB48A3D3E9002304460D46F4
:10EDC0004046494625F010FB02460B463046394680
:10EDD0002CE002460B465046594625F04DF9DDE938
:10EDE000002325F001FB06460F46002C47D1324692
:10EDF0003B465046594625F03FF997E734A3D3E9FF
:10EE00000023DDE9020125F0EFFA33A3D3E9002363
:10EE100004460D46DDE9020125F0E6FA32463B469E
:10EE200025F02CF902460B464046494625F024F9C8
:10EE300052465B4625F020F902460B4620462946FD
:10EE400025F01AF905B0BDE8F08F204625F062FAEA
:10EE50001FA3D3E9002306460F4625F0C5FA1EA3DB
:10EE6000D3E9002304460D463046394625F0BCFA66
:10EE700002460B462046294625F000F956E7DDE913
:10EE8000028913A3D3E900234046494691E700BF16
:10EE900044523EDF12F1C23FDE03CB966446C73FC9
:10EEA000599322942449D23F935555555555E53FE2
:10EEB0009FC678D0099AC33FAF788E1DC571CC3FED
:10EEC00004FA97999999D93F555555555555D53FB8
:10EED0000000E0FE422EE63F763C7935EF39EA3D10
:10EEE00000005043FFFFEF7F0000F03F0000E03FD5
:10EEF000000050C300000000B1F5801F2DE9F84369
:10EF000004460D460B4619DA21F00042024359D05F
:10EF100000295FDB00223A4B25F066FA394A0D469C
:10EF20002B46934204466FF035010CDD22462B46FA
:10EF30002046294625F0A2F8BDE8F883314A9342DD
:10EF40004FF00001F2DC1815A0F2FF3008444FEA40
:10EF5000D0794844C3F3130825F0DCF9C9F57F7371
:10EF6000033348EA035506460F4620462946FFF775
:10EF7000F7FD1DA3D3E90023804689463046394674
:10EF800025F032FA1AA3D3E9002304460D46404681
:10EF9000494625F029FA02460B462046294625F027
:10EFA0006DF815A3D3E9002304460D4630463946D3
:10EFB00025F01AFA02460B462046294625F05EF84F
:10EFC000BDE8F8830022002300200F4925F036FB1E
:10EFD000BDE8F883024625F04FF80022002325F013
:10EFE0002DFBA9E7AFF30080362BF111F3FE593D5D
:10EFF0000EE526157BCBDB3F00609F501344D33FCB
:10F0000000005043FFFFEF7F000050C300000000EE
:10F010002DE9F047CA4B21F000479F4290B080464F
:10F02000894640F38F80C74B9F420C46924626DCB0
:10F030000029B9A3D3E9002340F38F8025F01CF801
:10F04000C14B9F4204460D4600F04781B4A3D3E96B
:10F05000002325F011F802460B46CAE9002320469A
:10F06000294625F009F8AEA3D3E9002325F004F8DA
:10F070000125CAE90201284610B0BDE8F087B34B6C
:10F080009F4240F38980B24B9F4200F31C813D15A3
:10F09000A5F21645A7EB055319461F46064625F06F
:10F0A00053FC25F037F98046894642464B463046A8
:10F0B0003946CDE90A8924F0DFFF0022A54B25F06F
:10F0C00093F98946804625F03FFC25F023F9064652
:10F0D0000F4632463B4640464946CDE90C6724F090
:10F0E000CBFF00229B4B25F07FF900220023CDE9C6
:10F0F0000E0125F0E1FB002800F06081002330467E
:10F100003946002225F0D8FB002814BF0123022332
:10F11000914A019202212A4600910AA8514600F024
:10F1200087FB002C054614DADAF80420DAF80C30F4
:10F1300002F1004203F100434542CAF80420CAF834
:10F140000C3006E000200021C2E90089C2E902017A
:10F150000025284610B0BDE8F08724F08FFF7A4BD9
:10F160009F4204460D4600F00B816DA3D3E90023B6
:10F1700024F084FF02460B46CAE9002329462046B4
:10F1800024F07AFF66A3D3E9002324F077FF4FF041
:10F19000FF35CAE90201DCE722F084F862A3D3E973
:10F1A00000238046894625F01FF900226B4B24F08E
:10F1B00065FF25F0C9FB054625F0ACF856A3D3E959
:10F1C0000023CDE9060125F00FF902460B46404623
:10F1D000494624F051FF52A3D3E9002380468946D3
:10F1E000DDE90601CDE9028925F0FEF81F2D024672
:10F1F0000B46CDE9042340F3B380DDE90423DDE9C8
:10F20000020124F039FF804689463F15C9F30A53AD
:10F21000FB1A102B40F3B18045A3D3E90023DDE9AD
:10F22000060125F0E1F88046894602460B46DDE9F5
:10F23000020124F021FF02460B46DDE90201CDE97F
:10F24000082324F019FF42464B4624F015FF3AA349
:10F25000D3E9002380468946DDE9060125F0C4F89C
:10F2600042464B4624F008FF0B46CDE90401024616
:10F27000DDE9080124F000FFC1F30A53FF1A312F22
:10F280008046894600F39C809DED087BCAE9008991
:10F290008DED027B42464B46DDE9020124F0ECFE97
:10F2A000DDE9042324F0E8FE002CCAE90201BFF6E0
:10F2B00050AF09F1004401F100436D42CAE90084F6
:10F2C000CAE9020345E702460B4624F0D5FE0025B5
:10F2D000CAE90201CAE900013BE715A3D3E900230B
:10F2E00024F0CAFE14A3D3E900230D46044624F0FB
:10F2F000C3FE02460B46CAE900232946204624F0F5
:10F30000BBFE0DA3D3E9002324F0B6FE0125CAE914
:10F3100002011EE7AFF3008000004054FB21F93FDB
:10F320003163621A61B4D03D83C8C96D305FE43F78
:10F330000000601A61B4D03D7370032E8A19A33B9C
:10F34000FB21E93F7BD90240FB21F93FFB213941F9
:10F35000FFFFEF7F00007041B88004000000E03F35
:10F360004046494624F088FE394B6A1E804653F8D1
:10F370002230BB4289463FF448AFCAE9008989E799
:10F380002BA3D3E9002324F079FE2BA3D3E9002398
:10F390000D46044624F072FE02460B46CAE90023DD
:10F3A0002946204624F068FE23A3D3E9002324F055
:10F3B00065FE4FF0FF35CAE90201CAE60323A7E65E
:10F3C0001FA3D3E90023DDE9060125F00DF8064669
:10F3D0000F4602460B46DDE9080124F04DFE80464B
:10F3E000894602460B46DDE90801CDE9028924F091
:10F3F00043FE32463B4624F03FFE13A3D3E90023ED
:10F4000006460F46DDE9060124F0EEFF32463B4694
:10F4100024F032FE02460B4640464946CDE904231D
:10F4200024F02AFE80468946A7E700BFAFF300809C
:10F430000000601A61B4D03D7370032E8A19A33B9B
:10F440000000002E8A19A33BC14920259A837B39ED
:10F450003880040000000000574A2DE9F84F21F0E1
:10F460000048904506460F462CDC544B0029B4BF9B
:10F47000534D544D98454FF0000411DC524B9845C4
:10F4800026DC4BA3D3E9002324F0F8FD00224F4BE8
:10F4900025F03AFA002840D030463946BDE8F88FCA
:10F4A0004B4B984530DD4B4B984568DD0133984513
:10F4B00062D0304639463EA3D3E9002324F094FFBE
:10F4C000BDE8F88F02460B4624F0D8FDBDE8F88F62
:10F4D00021F0E8FE01F048F83F4B984506460F46FC
:10F4E00023DD0022394B24F0C9FD02460B4630468D
:10F4F000394625F0A3F832463B4624F0BFFD2246AC
:10F500002B4624F071FFE1E721F0CCFEFFF7B0F9C4
:10F5100022462B4624F068FFD8E73046394621F0D2
:10F52000C1FE01F021F806460F4632463B46304602
:10F53000394624F0A3FD324682468B463B46304690
:10F54000394624F051FF0022804689461F4B304641
:10F55000394624F093FD02460B464046494625F0C5
:10F560006DF802460B465046594624F085FD22466A
:10F570002B4624F039FFA9E7184B984299D830461A
:10F58000394621F08FFE00220E4B24F02DFFFFF7AD
:10F590006FF906460F4602460B462046294624F0E0
:10F5A00023FF32463B4624F01FFF8FE7AFF3008076
:10F5B0003374AC3C1F7BAC7FFFFFEF7FFFFF354018
:10F5C0000000E0BF0000E03FFFFF2F3E0000F03FE3
:10F5D000412E8640CD338640FFFFEF3F7DF8B98F47
:10F5E0002DE9F04F21F00048B8F1795F85B006466B
:10F5F0000F4692469B466BDA25F0A6F9002800F0EC
:10F60000E18032463B463046394624F0EDFE74A395
:10F61000D3E9002304460D4624F0E6FE72A3D3E9A5
:10F62000002324F02BFD22462B4624F0DDFE70A3A0
:10F63000D3E9002324F020FD22462B4624F0D4FEFB
:10F640006DA3D3E9002324F019FD22462B4624F0B4
:10F65000CBFE6BA3D3E9002324F00EFD22462B46FC
:10F6600024F0C2FE68A3D3E9002324F007FD22465C
:10F670002B4624F0B9FECDE900010022664B20465E
:10F68000294624F0B1FEDDE9002380468946204664
:10F69000294624F0A9FE524604460D465B463046F4
:10F6A000394624F0A1FE02460B462046294624F0A6
:10F6B000E3FC02460B464046494624F0DDFC024688
:10F6C0000B460020554924F0D7FC05B0BDE8F08F6B
:10F6D00002460B4624F088FE41A3D3E900230446EA
:10F6E0000D4624F081FE40A3D3E9002324F0C6FC9C
:10F6F00022462B4624F078FE3DA3D3E9002324F0D4
:10F70000BBFC22462B4624F06FFE3BA3D3E900232B
:10F7100024F0B4FC22462B4624F066FE38A3D3E93D
:10F72000002324F0A9FC22462B4624F05DFE36A3DC
:10F73000D3E9002324F0A2FC2B46224624F054FEF9
:10F74000374B9845CDE9000197DD364B98453EDCB7
:10F75000A8F500130022002030499046994624F075
:10F760008BFCCDE9020100222B4B2046294624F0D8
:10F770003BFE42464B4624F07FFCDDE900238046F9
:10F7800089462046294624F02FFE524604460D465F
:10F790005B463046394624F027FE02460B4620469B
:10F7A000294624F069FC02460B464046494624F0AF
:10F7B00063FC02460B46DDE9020124F05DFC05B066
:10F7C000BDE8F08F1549002005B0BDE8F08F9FED32
:10F7D000107B4FF000088DED027BDFF84C90C2E704
:10F7E000D43888BEE9FAA8BDC4B1B4BD9EEE213EAE
:10F7F000AD529C804F7E923E9015CB19A001FA3EEF
:10F800007751C1166CC1563F4C5555555555A53FBE
:10F81000000000000000E73F0000E03F0000F03F74
:10F820003233D33F0000E93F0000D23F0000000028
:10F830002DE9F04FADF5197DBE4CA29EBE4D54F89A
:10F8400026600793D41E85FB0475E417C4EBA5045A
:10F8500024EAE4741D46631CA3EB8303013D02EB21
:10F86000C3030593731904960994019503900B91B2
:10F87000A4EB05071AD43B44002400255E1C0DF1BF
:10F880008008DDF88C9208E059F8270024F042FD4A
:10F890000137B742E8E8020108D0002FF4DA013757
:10F8A00020462946B742E8E80201F6D1049B002B26
:10F8B000079B4FEAC30302932ADB039A20A902EBBA
:10F8C000030801EB0309049B72AA02EBC30B0DF5BD
:10F8D000E07A019B002B4FF000064FF0000711DB90
:10F8E000039C4D4675E90223F4E8020124F07CFDF7
:10F8F00002460B463046394624F0C0FB44450646D6
:10F900000F46EFD1EAE80267DA4509F10809E0D1CC
:10F91000DDE90204049920448B0082460BA8A3F180
:10F920000802C31808930CAB13440A938B4698AB98
:10F9300003EBCB03BBF1000F53E9284529DD70AB86
:10F9400003EBCB080DF1300900227C4B2046294601
:10F9500024F04AFD24F0F8FF24F0DCFC0022784B70
:10F9600006460F4624F040FD02460B462046294637
:10F9700024F082FB24F0E8FF78E9022349F8040B25
:10F980003946304624F07AFB70AB984504460D4664
:10F99000DAD1DDF81490204629464A4601F030F8C5
:10F9A00000224FF07F5304460D4624F01DFDFDF765
:10F9B0009BFC0022634B24F017FD02460B462046B9
:10F9C000294624F059FB0D46044624F0BDFF80462D
:10F9D00024F0A0FC0B4602462946204624F04CFBAE
:10F9E0004B46002B06460F4640F3E1800BF1FF32F9
:10F9F0000CA9C9F1180351F8225045FA03F101FA94
:10FA000003F30CA8EB1A40F82230C9F1170588441B
:10FA100043FA05F5002D2CDDBBF1000F08F10108BC
:10FA200040F381820C9C002C40F0A780BBF1010FB9
:10FA30000AD00CA9012251F8044F531C002C40F0AD
:10FA40009E809B451A46F6D1059B002B0EDD012BAF
:10FA500000F0D980022B09D10BF1FF320CAB0CA9BD
:10FA600053F82230C3F3150341F82230022D00F081
:10FA7000AF80002200233046394624F01DFF0028C5
:10FA800000F05382049B0BF1FF394B4510DC0BF166
:10FA900080430CAA013B089802EB8303002253F831
:10FAA0000419834242EA0102F9D1002A40F0B680EB
:10FAB000049B0CAA013B52F82330002B40F0A1809C
:10FAC0000A9A012352F8041901330029FAD05B4441
:10FAD0000BF10109994506934CDC099A079909EB4A
:10FAE000020801EB0B0508F1804802EB030BA39B16
:10FAF00008F1FF3803EB880870AB03EBC909A39B3F
:10FB000020A903EB8B0301EBC505029358F8040F02
:10FB100024F000FC0B4601990246002905F1080B70
:10FB2000C5E900234FF000064FF000071CDB039CE3
:10FB30000CE000BF58850400ABAAAA2A0000703E62
:10FB4000000070410000204075E90223F4E8020142
:10FB500024F04AFC02460B463046394624F08EFA21
:10FB6000544506460F46EFD1029B9845E9E80267E7
:10FB70005D46CBD1DDF818B0D9E6012300220CA9EF
:10FB8000C4F180749B4541F822400EDD51F82320DA
:10FB900001EB8B0001EB83036FF07F4100E01A68FB
:10FBA0008A1A43F8042B8342F9D101244CE706D189
:10FBB0000BF1FF330CAA52F82350ED152AE700226F
:10FBC0007B4B24F097FE002840F0A381054650E7C8
:10FBD00032463B460020774924F04EFA06460F464F
:10FBE000002C3FF446AF059A7249002000F008FF50
:10FBF00002460B463046394624F03EFA06460F468A
:10FC000037E7012363E70BF1FF320CAB0CA953F884
:10FC10002230C3F3160341F8223027E70CAB059AD4
:10FC200053F82930183ACDE9068505926BB909F1E8
:10FC30008043013B0CA901EB830353F8041909F13C
:10FC4000FF39183A0029F8D00592059A5949002041
:10FC500000F0D6FEB9F1000F04460D46C0F2C08197
:10FC60004FEAC90370AA02EB030808930CAB03EB3D
:10FC70008906DFF844B14FF0000A08F1080704369E
:10FC800056F8040D24F046FB22462B4624F0ACFB2C
:10FC90005B4667E9020152462046294624F0A4FB50
:10FCA0000CAB9E4204460D46EAD148AB0393019348
:10FCB000CDF8149009F10103DDF810900293C346CA
:10FCC0004FF0000AB9F1000FC0F22A81DFF8EC8092
:10FCD0005D4635A3D3E9002300260027002403E076
:10FCE000544510DCF8E80223F5E8020124F07CFB1F
:10FCF00002460B463046394624F0C0F90134A1458E
:10FD000006460F46ECDA019BE3E802670193029B8B
:10FD10000AF1010A9A45ABF1080BD3D1A29BDDF899
:10FD20001490032B39D8DFE813F0D9000600060041
:10FD30004D0048AB0393B9F1000F4FF000004FF0B6
:10FD4000000109DB039D05EBC904083474E90223B3
:10FD500024F094F9A542F9D1079B002B40F01E81B5
:10FD60000B9BC3E900010B4603990246D1E9000150
:10FD700024F082F9B9F1000F0CDD4AAD0124013401
:10FD8000F5E8022324F07AF9A145F8DA079B002B65
:10FD900040F014810B9BC3E90201069B03F00700AE
:10FDA0000DF5197DBDE8F08F00000040FB21F93F03
:10FDB0000000E03F0000F03F0000703E5858040093
:10FDC00048AB0393B9F1000F40F32781039ACDF8B4
:10FDD00010904FEAC9030193D318D3E900AB09F19E
:10FDE0000053013B02EBC9080293914678E9026790
:10FDF00052465B463046394624F040F904460D46EB
:10FE000002460B463046394624F036F952465B46E8
:10FE100024F034F9C145A246AB46C8E90201C8E95D
:10FE20000045E3D1DDF81090B9F1010F40F3F58002
:10FE3000019B039A02991344C900D3E9006701F1B9
:10FE4000080A019192440DF5947B7AE902893246C1
:10FE50003B464046494624F011F904460D46024609
:10FE60000B464046494624F007F932463B4624F00B
:10FE700005F9D34526462F46CAE90201CAE90045DD
:10FE8000E3D1019C039B1034002000211C4403F1AA
:10FE9000100574E9022324F0F1F8A542F9D1039C7E
:10FEA000079ED4E90023D4E90245002E00F08A80A1
:10FEB00003F1004701F100430B99C1E90403069BDC
:10FEC0002646944605F1004403F00700C1E900C747
:10FED000C1E902640DF5197DBDE8F08F089C039D12
:10FEE0000834002000212C4474E9022324F0C6F8D1
:10FEF000A542F9D1079B13B101F1004319460B9BB1
:10FF0000C3E90001069B03F007000DF5197DBDE86C
:10FF1000F08FBBF1000F08F1010874DD022581E5C7
:10FF200000260027EFE600248EE5CDE90685059D35
:10FF3000304639466A4200F063FD0022384B0646DF
:10FF40000F4624F0D7FC00B30022364B304639462A
:10FF500024F04AFA24F0F8FC044624F0DBF90022ED
:10FF60002F4B24F041FA0B4602463946304624F026
:10FF700083F824F0E9FC0BF101090CAB183543F8C8
:10FF80002B00059543F829405FE63046394624F0BA
:10FF9000DBFC0CABD94643F82B0056E60B9C01F179
:10FFA0000043C4E900030B4603990246D1E900016E
:10FFB00024F062F8B9F1000F3FF7DFAE01F1004322
:10FFC0001946E7E60B9EC6E90023069BC6E9040135
:10FFD00003F00700C6E902450DF5197DBDE8F08F75
:10FFE000A29B032B3FF6D9AE01A252F823F000BF2B
:10FFF0000100020033FD010033FD0100C1FD0100DD
:020000040002F8
:100000000020002176E732463B460020064924F0D6
:1000100033F8022506460F462BE5002000213EE777
:10002000000070410000703E0000F03F0000000042
:100030002DE9F04F21F00046B6F1795F85B0044616
:100040000D469046994604DA24F07EFC002800F024
:10005000858022462B462046294624F0C5F90646CF
:100060000F4602460B462046294624F0BDF941A31F
:10007000D3E9002382468B463046394624F0B4F952
:100080003EA3D3E9002323F0F7FF32463B4624F09A
:10009000ABF93CA3D3E9002323F0F0FF32463B4603
:1000A00024F0A2F939A3D3E9002323F0E5FF324677
:1000B0003B4624F099F937A3D3E9002323F0DEFF70
:1000C0000E9BCDE900019BB30022294B40464946D7
:1000D00024F08AF9DDE90023CDE9020150465946B2
:1000E00024F082F902460B46DDE9020123F0C4FF49
:1000F00032463B4624F078F942464B4623F0BCFF9B
:1001000019A3D3E9002306460F465046594624F06A
:100110006BF902460B463046394623F0AFFF0246E4
:100120000B462046294623F0A7FF05B0BDE8F08F17
:1001300002460B463046394624F056F90AA3D3E965
:10014000002323F099FF52465B4624F04DF92246E6
:100150002B4623F093FF05B0BDE8F08F20462946DB
:1001600005B0BDE8F08F00BF495555555555C53F01
:100170000000E03F7CD5CF5A3AD9E53DEB9C2B8A75
:10018000E6E55A3E7DFEB157E31DC73ED561C11974
:10019000A0012A3FA6F810111111813F00000000B4
:1001A0002DE9F04FC04C21F0004687B0A6428246B0
:1001B0008B460F46CDE900231ADC24F0C5FB00284E
:1001C0003FD1109B524601331343334300F0B781B4
:1001D000109B012B00F0C0815B460020B34924F046
:1001E0002DFA04460D462046294607B0BDE8F08F9B
:1001F000AF4B9E4225DD002909DADDE900452246A4
:1002000005F10043CDE900230BF100418B46524636
:100210005B4685A1D1E9000123F02EFFDDE9002333
:1002200004460D4682A1D1E9000123F025FF9FED90
:10023000827B22462B468DED007B23F01FFF8246FA
:100240008B4652465B465046594624F0CDF802464E
:100250000B468046894624F0C7F8424604460D46C0
:100260004B465046594624F0BFF875A3D3E9002306
:10027000CDE902012046294624F0B6F872A3D3E95D
:10028000002323F0FBFE22462B4624F0ADF870A39A
:10029000D3E9002323F0F2FE22462B4624F0A4F8F3
:1002A0006DA3D3E9002323F0E9FE22462B4624F078
:1002B0009BF86BA3D3E9002323F0E0FE22462B46F4
:1002C00024F092F868A3D3E9002323F0D7FE424636
:1002D0004B4624F089F866A3D3E90023CDE9040155
:1002E0002046294624F080F863A3D3E9002323F0B5
:1002F000C5FE22462B4624F077F861A3D3E90023FC
:1003000023F0BCFE22462B4624F06EF85EA3D3E910
:10031000002323F0B3FE22462B4624F065F85CA3AD
:10032000D3E9002323F0AAFE22462B4624F05CF8F2
:1003300059A3D3E9002323F0A1FE02460B46DDE9D1
:10034000040123F09BFEDDE9022324F04DF8DDE9F2
:10035000004522462B4623F091FE42464B4624F0B0
:1003600043F822462B4623F089FE4DA3D3E9002310
:1003700004460D46DDE9020124F036F822462B46FC
:1003800023F07CFE0B46024680468946504659467D
:1003900023F074FE464B9E4204460D4600F38C80CB
:1003A000109B012B3BD002460B4600203F4924F016
:1003B00045F9002406460F462046294652465B462C
:1003C000CDE90067CDE90201009423F055FEDDE997
:1003D00000AB02460B464046494623F04DFE5246CE
:1003E0005B4624F001F8524604460D465B46DDE9C3
:1003F000020123F0F9FF00222E4B23F03FFE0246BC
:100400000B462046294623F039FE32463B4623F070
:10041000EBFF52465B4623F031FE04460D46204674
:10042000294607B0BDE8F08F182D4454FB21E93F61
:10043000075C143326A6813C000000000000000089
:10044000D47ABF74702AFB3EE9A7F0320FB8123F8E
:1004500068108D1AF726303F1583E0FEC8DB573F42
:1004600093846EE9E326823FFE41B31BBAA1AB3F02
:10047000735360DBCB75F3BEA69237A0887E143F22
:100480000165F2F2D844433F280356C9226D6D3FFF
:1004900037D60684F464963F7AFE10111111C13FDD
:1004A000635555555555D53FFFFF2F3E0000F0BF12
:1004B0002794E53F0000F03F109823F02BFF2246E1
:1004C000CDE900012B462046294623F08DFFDDE9CA
:1004D0000023CDE902012046294623F0CFFD024644
:1004E0000B46DDE9020124F0A9F842464B4623F011
:1004F000C3FD02460B465046594623F0BDFD024659
:100500000B4623F0BBFD02460B46DDE9000123F05C
:10051000B3FD0446B81700F00200C0F101000D461B
:1005200023F0F8FE02460B462046294623F05CFFE6
:1005300004460D462046294607B0BDE8F08F5046D8
:10054000594620F0AFFE02460B460020044924F035
:1005500075F804460D4662E754465D465FE700BF06
:100560000000F03F000000002DE9F04FCC4A21F0E0
:100570000043934285B082468B460C4620D9C94A37
:10058000934200F2D780002C80F2A481ACA3D3E97F
:1005900000235046594623F071FD0022002324F029
:1005A00095F9002840F0D180A7A3D3E90023504655
:1005B000594623F019FF02460B460020BA4994E140
:1005C000BA4A934200F2E580B94A934240F22E8142
:1005D000002301930022B74B5046594623F004FFF5
:1005E00006460F4602460B465046594623F0FCFE8F
:1005F00097A3D3E9002304460D4623F0F5FE96A306
:10060000D3E9002323F03AFD22462B4623F0ECFEEB
:1006100093A3D3E9002323F02FFD22462B4623F09A
:10062000E3FE91A3D3E9002323F028FD22462B46C5
:1006300023F0DAFE8EA3D3E9002323F01DFD22462A
:100640002B4623F0D1FE00229B4B23F017FD804662
:10065000894602460B463046394623F0C5FE02461F
:100660000B460020954923F007FD064602460B463F
:100670000F464046494623F0FFFC324680468946F5
:100680003B465046594623F0AFFE02460B4600203B
:100690008B4923F0F1FC02460B464046494623F0C5
:1006A000CDFF22462B4623F09FFE019E02460B46BD
:1006B000002E4DD0DDE9026732463B4623F0DCFCDC
:1006C00052465B4623F090FE32463B4623F0D4FC74
:1006D0002B46224623F0D0FC019B013306460F46F1
:1006E00000F02381019B012B7BD0019A531C392BF5
:1006F0004FEA025500F22881019A132A40F35581EE
:10070000019BC3F57F7403340022230523F0B6FC5C
:1007100002460B465046594623F0AEFC0022664B7B
:1007200023F0ACFC824605EB010B5046594605B060
:10073000BDE8F08F634A93421BD9C1F3130303430F
:10074000024640F012810029EFDA00205E490DE0F8
:100750005046594623F048FE22462B4623F08CFC97
:1007600002460B465046594623F086FC05B0BDE8CC
:10077000F08F41A3D3E9002324F0C6F800283FF40A
:1007800002AF3FA3D3E900231046194623F02CFE05
:10079000ECE74E4A934200F2EC8000293AA3D3E9F9
:1007A000002339DA23F06AFC39A7D7E900674FF054
:1007B000FF3380468946019332463B4640464946D0
:1007C00023F05AFC02460B4682468B464046494679
:1007D00023F052FC32463B4623F04EFCCDE90201A9
:1007E000F8E600223A4B5046594624F06FF80028AC
:1007F00000F0CC805046594600222E4B23F03EFCA0
:1008000002460B463046394623F036FC00224FF0B4
:10081000404323F0E9FDA9E723F02EFC01238046A5
:10082000894601931CA7D7E90067C5E714A3D3E95C
:10083000002323F023FC02460B468FE7AFF3008032
:1008400059F3F8C21F6EA501FE822B654715F73FCD
:100850002DC3096EB7FD8ABE3952E686CACFD03E97
:10086000B7DBAA9E19CE143F8555FE19A0015A3F49
:10087000F41011111111A13FEF39FAFE422E8640FA
:100880009C7500883CE4377E0000E0FE422EE63F87
:10089000763C7935EF39EABD763C7935EF39EA3D7A
:1008A00079684340412E86400000E0BF422ED63F8B
:1008B000FFFF8F3C0000E03F0000F03F00000840D9
:1008C00000001840FFFFEF7F0000F0BFB1A2F03F33
:1008D0000000D0BF44A3D3E900235046594623F07B
:1008E00083FD02460B460020414923F0C7FB24F05C
:1008F0002BF8019023F00EFD37A3D3E90023064621
:100900000F4623F071FD02460B465046594623F030
:10091000B3FB33A3D3E900238046894630463946EA
:1009200023F062FD06460F4646E702460B46504658
:10093000594623F0A1FB00222D4B23F055FD002248
:100940002B4B23F099FB11E752465B4623F094FBB7
:1009500002460B460020274923F08EFB6B181946F0
:100960000022244B23F088FB00E70B4623F086FB94
:10097000FCE61DA3D3E9002323F036FD002C02463C
:100980000B464FF00000AFDA1B49AEE732463B465C
:100990005046594623F070FB02460B4623F06EFB8F
:1009A0000022144B23F06AFBE0E64FF4001343FAF5
:1009B00002F452465B4623F05FFBC4F17F570026EA
:1009C00007F5401702460B463046394623F054FBE4
:1009D000A8E600BFAFF300800000E0FE422EE63F35
:1009E000763C7935EF39EA3DFE822B654715F73FB6
:1009F0000000E03F0000F03F0000E0BF000000000A
:100A0000F8B5C1F30A5304460D460E4617460BBB14
:100A100021F00046034633431BD0354B002223F020
:100A2000E3FC344B9F4204460D4635DBC1F30A53C9
:100A30000E46363B3B4440F2FE72934232DC002BC2
:100A400011DD26F0FF4626F4E00646EA035520466F
:100A50002946F8BD40F2FF729342EBD102460B46A5
:100A600023F00CFBF8BD13F1350F28DA4CF25033AC
:100A70009F4222462B460ADD19A1D1E9000123F04D
:100A800057FA17A3D3E9002323F0AEFCF8BD16A153
:100A9000D1E9000123F04CFA13A3D3E9002323F09A
:100AA000A3FCF8BD22462B460DA1D1E9000123F09D
:100AB0003FFA0BA3D3E9002323F096FCF8BD26F000
:100AC000FF4626F4E006363346EA0355204629461B
:100AD0000022094B23F088FCF8BD00BFAFF3008073
:100AE0009C7500883CE4377E59F3F8C21F6EA5015F
:100AF00000005043B03CFFFF0000903C10B5054C97
:100B0000237833B9044B13B10448AFF300800123B9
:100B1000237010BD2039002000000000D88604009A
:100B200008B5034B1BB103490348AFF3008008BD70
:100B30000000000024390020D8860400154B002B4B
:100B400008BF134B9D46A3F5803A00218B460F4604
:100B50001348144A121A24F0E1F90F4B002B00D06D
:100B600098470E4B002B00D098470020002104002E
:100B70000D000D48002802D00C4805F029FC23F098
:100B80000DFA2000290004F091FE23F0F3F900BFD4
:100B9000000008000000022000000000000000002B
:100BA0000024002030440020D16302000000000037
:100BB0000120704701EB810100EB410020307047BC
:100BC000F0B5044685B00D4600F10C060AF0BCFAFB
:100BD000144B2360A56004F12000002509F008FAF9
:100BE0002046E56025616561A561E5610E490AF071
:100BF000C9FA20464FF2E6510AF0D8FA20460B49CE
:100C00000AF0C0FA082714222046CDE901270092F5
:100C1000334629464FF2E6520AF0D8FA204605B08C
:100C2000F0BD00BF98580400DC580400CC58040004
:100C30002DE9F04F83B0884617461C4606460AF059
:100C400055FB60B3002F2ADD002C06F10C0314BF06
:100C50006FF07F0B6FF03F0B06F10D0A019300253B
:100C60007C1B132CA8BF13244BEA0403224608EB79
:100C700005013373504624F02DF9336800211B69B8
:100C800030469847814630460AF01EFB254401460F
:100C900014234846019A09F0C5F9AF42E0DC03B0DD
:100CA000BDE8F08F10B5382024F0DDF8044A3C236D
:100CB000116B3D2204460CF07DFA024B1C6010BD06
:100CC000002500204039002070B50B4E34680D46D9
:100CD0003CB12046AA88A91D0023BDE87040FFF75B
:100CE000A7BF2C2024F0BFF8044B0446196BFFF774
:100CF00067FF3460EDE700BF3C390020002500208D
:100D000008B5282024F0AFF8034BD3F8DC29196B81
:100D1000BDE8084009F0EAB80025002008B5202009
:100D200024F0A1F8024B196BBDE808400AF0E4BDBD
:100D30000025002008B57C2024F095F8034AA2F590
:100D40004B73196BBDE808400BF000B82C2800204D
:100D500008B5482024F087F8034AA2F6A403196BCB
:100D6000BDE808400BF0C6B9A42D002008B524202A
:100D700024F079F8034AA2F6C813196BBDE80840BD
:100D80000CF086B8C82E002008B5402024F06BF87F
:100D9000034BD3F8E029196BBDE808400BF0EEBB1C
:100DA00000250020024B1B6803B17047FFF77ABF94
:100DB0004039002070B50C4E346882B005467CB1D5
:100DC000B5F90420A91D01A815F01AFA01A90222FB
:100DD00020460CF01DFB01A815F09AF902B070BD79
:100DE000FFF760FF3468EBE74039002070B5124E22
:100DF000346882B00546DCB1B5F90420A91D684607
:100E000015F0FEF96A460223214601A80CF068FBA2
:100E10000198B0F90210043001F0D2FA044601A89A
:100E200015F076F9684615F073F9204602B070BDEA
:100E3000FFF738FF3468DFE74039002070B5084D10
:100E40002B68044643B16268184604F10801022386
:100E5000BDE870400CF034BAFFF724FF2B68F2E7CE
:100E60004039002070B51B4D286870B30CF000FCB1
:100E70000146002001F0A6FA044600F1080603F03E
:100E80003DF931462868626802230CF0CBFA011E56
:100E900011DB63688B4208D0304601F093FA0546B7
:100EA000204603F039F9284670BD2046254603F058
:100EB00033F9284670BD0021084601F083FA054643
:100EC000204603F029F9284670BDFFF7EBFE28689D
:100ED000CCE700BF40390020F0B5104E346883B035
:100EE00005460F46B4B1B5F90420A91D01A815F0B7
:100EF00087F901A9002220460CF0DCFA01A815F0C0
:100F000007F93A46102301214FF4966001F03EF9AB
:100F100003B0F0BDFFF7C6FE3468E4E740390020B7
:100F20000246102301214FF47A7001F02FB900BF5F
:100F30000246102302214FF47A7001F027B900BF56
:100F4000704700BF704700BF80F30301014809F0FC
:100F50009FBA00BF0C250020014809F045BB00BF27
:100F60000C25002010B4054C0A4610230146B4F8A5
:100F700038055DF8044B01F009B900BF00250020D9
:100F800008B5034817F014F8003018BF012008BD59
:100F9000302A002080F30801014804F05BBD00BF47
:100FA000F82E0020014804F061BD00BFF82E00209B
:100FB0000146014804F064BDF82E002008B506483B
:100FC00006F0BAFF50EA010301D1002008BD034832
:100FD000BDE8084004F02ABE002F0020F82E0020B3
:100FE00007EE900AF8EEE77A024817EE901A06F03C
:100FF00083BF00BF002F0020792810B50C4609D10F
:101000000748A4F10101B1FA81F14909BDE8104096
:1010100016F06EBF03F082FC0028F2D110BD00BFB5
:10102000302A002008B501F0A3FDFCF701FCBDE863
:10103000084001F0F5BA00BF08B501F099FDFCF7D2
:1010400067FCBDE8084001F0EBBA00BF08B501F04D
:101050008FFD20F09DF9BDE8084001F0E1BA00BF26
:1010600008B501F085FD20F08FFDBDE8084001F0D6
:10107000D7BA00BF08B501F07BFDFCF7E9FBBDE87E
:10108000084001F0CDBA00BF08B501F071FD20F0B5
:10109000B1FBBDE8084001F0C3BA00BF08B501F0DC
:1010A00067FDFBF771FEBDE8084001F0B9BA00BF6B
:1010B00008B501F05DFD20F0F3FABDE8084001F04D
:1010C000AFBA00BF10B584B00C46014603A814F0B7
:1010D0009FFC002303A900931A460194034811F0D2
:1010E000F7FC03A814F07EFC04B010BDE02D002036
:1010F00010B50129B8BF012182B00C4690B1828899
:1011000082B1012A17D0811D12B201A815F078F81A
:10111000224601A90C4811F03BFD01A814F0F8FF8C
:1011200002B010BD094807F06DFA04EB84000FF01F
:101130006BF802B010BD01EB81028179024811F019
:101140009DFC02B010BD00BFE02D0020A42D0020AA
:10115000014814F085BC00BFB42D002010B584B048
:101160000C46014603A814F053FC0023224603A9B1
:10117000CDE900330448052311F074FD03A814F0F1
:1011800031FC04B010BD00BFE02D002000B585B0DB
:10119000014602A814F03CFC02A903A814F030FC9C
:1011A000002303A9CDE900331A46064811F090FC4C
:1011B00003A814F017FC02A814F014FC05B05DF8A5
:1011C00004FB00BFE02D002000F060BB0FF01CB856
:1011D00070B5049E96420C4624DB15466BB9042A72
:1011E00019D0022A02D110F0010310D001462A467C
:1011F000204623F06FFE002070BD10440D4410F80F
:10120000013D01F8013B8D42F9D1002070BD0288FB
:101210000A80184670BD10F00303E7D102680A6027
:10122000184670BD0846002123F078FE4FF0FF30CD
:1012300070BD00BF0830704740B1002905DB43682E
:101240008B4202DD0844007A70470020704700BFDF
:1012500030B1002904DB43688B42C4BF40180272DE
:10126000704700BF40B1002905DB4368994202DAAC
:101270000844007A70470020704700BF830704D1FC
:10128000030F0CBF0120002070470120704700BFF2
:1012900030B1002904DB43689942BCBF4018027298
:1012A000704700BFF8B5002B20DB00291EDB466825
:1012B0008E421BDB5468761AE51AB542A8BF354644
:1012C000002D13DB824202F108070C4600F10806EC
:1012D0002A4605D0F918301923F0FCFD0020F8BD8E
:1012E000F118381923F001FE0020F8BD4FF0FF304F
:1012F000F8BD00BF4068704710B4141E10DB426890
:10130000A2420DDB33EA230328BF1346121B083029
:101310009A422044A8BF1A465DF8044B23F0FEBD54
:101320005DF8044B704700BF10B443688B4200F176
:1013300008041846A8BF084632EA220128BF194609
:101340001B1A99422044A8BF19465DF8044B01F0CE
:1013500039B800BF70B5002BBCBF43689B1A002A88
:101360000E4620DB44689918A1421CDC91421ADB2E
:10137000CBB136F0004116D05942B14214DAB34233
:1013800012DD0830002E00EB020515DB9C1B224607
:10139000A919284623F0A9FD324628190021BDE8E5
:1013A000704023F0BBBD70BD002211464FF0FF33EB
:1013B000BDE87040FFF7A0BF74429A19294628196A
:1013C00023F093FD224628460021BDE8704023F01B
:1013D000A5BD00BF03460830596800F0F1BF00BF4B
:1013E00070B5054600206968490000F0C5FF6B68CC
:1013F000002B14DD0A4EEB1D02465C782411991F68
:10140000345D94715C7804F00F04491B345DD47131
:101410006C688C4202F1020203F10103EDDC70BD45
:10142000EC580400002BBCBF43689B1A002A30DB39
:1014300070B445689C18AC4229DC944227DB33B376
:1014400031F0004423D00029B8BF01EB032191FB08
:10145000F3F403FB1411002900F10800B8BFC91808
:10146000024411448A42134411D00C4604E08A42DB
:1014700004460FD094420AD02046157810F8016B2C
:1014800002F8016B83422570F1D10C46F2E770BC83
:10149000704770470146EDE700B583B04FF0FF336A
:1014A00000930023FFF7FEFE03B05DF804FB00BFCE
:1014B00010B50C1E0EDD4168083002F0A1F91F2C9A
:1014C00007DC0123A34020FA04F4013B444004EA72
:1014D000030010BD002010BD0146002000F072BFC7
:1014E00003460630998800F06DBF00BF30B5013A61
:1014F00083B004460D460F2A13D8DFE802F0141417
:1015000008086114141B1B734A2554675A3818467F
:1015100001F0C0FB012D04DD80B2E20754BF208042
:10152000208003B030BD184601F0B4FB002DF8DD7B
:101530002070F6E7184601F0ADFB012DF1DDC0F398
:10154000072360702370ECE7184601F039FB032D88
:101550000090E6DD9DF800009DF801109DF8022046
:101560009DF803302370E070A1706270D9E71846CF
:1015700001F0FEFA072DCDE90001D2DD0DF1FF32B9
:1015800004F1080312F8011F03F8011D9C42F9D170
:10159000C7E7184601F014FB032DC2DDA3070CBFFB
:1015A00020602060BDE7184601F00CFC032DF5DC3F
:1015B000B7E7184601F006FC032D0090CADCB0E73F
:1015C000184601F067FB032DE8DCAAE7184601F096
:1015D000CFFA072DCDE90001A3DD6B4603CB2060D8
:1015E00061609EE7184601F055FB032D0090B1DCC9
:1015F00097E700BF30B4141E07DB456808300A4681
:101600002044291B30BCFFF771BF30BC704700BFBE
:1016100000B5013A85B00F2A00F28880DFE802F0B9
:101620001623303D4A56595C5F62657174808308A9
:101630000091012308220DEB0201FFF7C9FDDDE94E
:10164000020100F0EDFF05B05DF804FB00910023FE
:10165000012202A9FFF7BCFD9DF9080001F0D6F8B0
:1016600005B05DF804FB00910023012202A9FFF7F9
:10167000AFFD9DF8080001F0C9F805B05DF804FB66
:1016800000910023022202A9FFF7A2FDBDF9080084
:1016900001F0BCF805B05DF804FB009100230222C4
:1016A00002A9FFF795FDBDF8080001F0AFF805B0FD
:1016B0005DF804FB00910023042202A9FFF788FDD6
:1016C000029801F0A3F805B05DF804FB0123009136
:1016D000BEE701230091C8E700910123D2E7009102
:1016E0000123DCE700910123E6E7009100230422B7
:1016F00002A9FFF76DFD029801F092F805B05DF8C0
:1017000004FB00910123F2E700910023042202A9C7
:10171000FFF75EFD029801F071F805B05DF804FB7B
:101720000091002386E700910123EFE700208AE77C
:10173000131E09DB10B4446808300A461844E11A45
:101740005DF8044BFFF764BF002001F05FB800BFF5
:10175000054B1A6810B4146B0023A4461A461946A8
:101760005DF8044B604700BF9439002030B585B068
:101770006C4684E80F0094E80F000A4C089D84E84A
:101780000F00BDF8020001F041F8074B1A68146B16
:10179000002301461A462846A44605B0BDE830405D
:1017A000604700BFE03800209439002008B502F0FF
:1017B000B3FCBDE808400EF0BDBD00BF08B5064E45
:1017C000054632680023146B19461A462846A0477E
:1017D00014200EF019FDF4E79439002010B5034BE6
:1017E0000360044615F0CCFB204610BD08590400E8
:1017F00010B5054B0360044615F0C2FB204623F0EC
:101800002BFB204610BD00BF085904000A460223E6
:10181000014601480FF0F4BF302C002010B50446FB
:101820000EF068FA034638B100200CB144F82030BD
:101830001B6A0130002BF8D110BD00BF10B5044663
:1018400017F0C6FE03F084FF2046BDE8104004F008
:101850007BBC00BF08B50A48FAF702FF01200EF072
:101860009DFE40F20443984200D808BD01200EF0CE
:1018700095FEBDE80840A0F5806002F0BFB900BF4A
:10188000002500200EF056BD0FF03EB850B110B547
:10189000044602F033FC2146034A0448BDE81040E8
:1018A0000EF0A6BB704700BF69030300BD1702001E
:1018B00050B110B5044602F021FC2146034A044809
:1018C000BDE810400EF094BB704700BFAD1702009A
:1018D0005117020089B280B20EF0BCBC08B50420DA
:1018E00004F02CFC6FF0004004F0D0FBBDE8084091
:1018F00000F08ABD074B10B51C6800F0E3FF4FF005
:10190000805213691269013B23441844524210402B
:1019100010BD00BF94390020024B1B7803B1704703
:10192000FFF774BFF0430020024B186800B1406A13
:10193000704700BF903B0020014B1B685862704706
:10194000903B00202DE9F04FDFF8DC80D8F8003024
:1019500085B0002B52D00EF0CDF90346002857D0A9
:1019600000241B6A0134002BFBD14FEA840A504645
:101970000EF074FE0190FFF751FFA04239D1002C08
:101980002FDD019BA3F10409CA4459F8047F7E6A44
:101990002EB30436D8F8003034689F4227D0386818
:1019A000D7F808B017F068FED8F800207568ABEBE0
:1019B00000009742044407D03868D7F808B017F001
:1019C0005BFEABEB00000544A54205D954F8040BBF
:1019D00002F0BEF8AC42F9D3B668002EDAD1CA459F
:1019E000D3D1019805B0BDE8F04F0EF05DBE75682B
:1019F000EAE74FF44B70FFF721FFC0E701200EF03C
:101A00002DFE0390039805B0BDE8F04F0EF04CBEDC
:101A10000EF024FE0190FFF701FF0028E1D04FF403
:101A20004B70FFF70BFFDCE7903B002010B5074C35
:101A300020460BF05DFF2046054A064923F00EFACA
:101A40000548BDE8104013F093BF00BF00250020FB
:101A5000402000205D1A0200E0380020684B03F1AE
:101A60003C022DE9F0470446C0E9003200F59A50E7
:101A7000644F654E04F0C2FD002504F6F81004F032
:101A800047F904F6C810C4F8C879A4F8CE590EF086
:101A90000DF804F51A60C4F8A079A4F8A6590EF060
:101AA00005F804F66C1012F0C5FB584BC4F85C390D
:101AB00004F65C100EF044FF04F6381011F00EF935
:101AC00004F6141011F00AF904F6A40004F098FCCE
:101AD00004F6440006F006FB04F6180005F0E6FAEA
:101AE00004F5F96004F09CFDC4F8B06704F5F660F5
:101AF00015F046FAC4F8986704F5F36015F040FA5B
:101B000004F5E66017F08EF8414BC4F82C3304F569
:101B10004B7604F22C7014F069FA3046C4F82C733A
:101B2000A4F832530DF0C2FF3A4BC4F8EC3204F57E
:101B30003B7012F079FD384BC4F8E0302833C4F81C
:101B4000E83004F1E00904F5377804F5397600E06F
:101B50002E46351F284614F049FAA845F8D1DFF87B
:101B6000C0A0283E04F1FC0846F818AC3C3D3046C5
:101B700012F09CFE05F1080014F038FAA845A6F111
:101B80003C06F1D100254846C4F8E070A4F8E650C0
:101B90000DF08CFF04F1B80011F08AFF04F1800011
:101BA00010F018FC04F16400A4F86A5067660DF0A8
:101BB0007DFF04F14C00A4F85250E7640DF076FF6D
:101BC000264604F13400658767630DF06FFF134B01
:101BD00046F80C3F04F1200014F09AFA04F11C00BE
:101BE00014F096FA30466582E7600DF05FFF201D25
:101BF000658167600DF05AFF2046BDE8F08700BFA1
:101C00003C6E040004700400085904009073040042
:101C10009C6E0400C47D0400F87B0400CC6A0400C0
:101C2000D07B04002DE9F84F684B694F694E03F1F2
:101C30003C02A0F10408044640E9013208F59A503C
:101C400004F0DCFC002504F6F41004F061F804F65E
:101C5000C410C4F8C479A4F8CA590DF027FF04F6DB
:101C60009C10C4F89C79A4F8A2590DF01FFF04F64B
:101C7000681012F0DFFA584BC4F8583904F65810BF
:101C80000EF05EFE04F6341011F028F804F5116031
:101C900011F024F804F50A6004F0B2FB04F50460C6
:101CA00006F020FA04F6140005F000FA04F2C470FD
:101CB00004F0B6FCC4F8AC6704F2AC7015F060F93F
:101CC000C4F8946704F2947015F05AF904F22C7079
:101CD00016F0A8FF414BC4F8283304F54A7604F502
:101CE000E56014F083F93046C4F82873A4F82E5345
:101CF0000DF0DCFE3A4BC4F8E83204F53A7012F00D
:101D000093FC384BC4F8DC302833C4F8E43004F1D9
:101D1000DC0904F5367A04F5387600E02E46351FE6
:101D2000284614F063F9AA45F8D1DFF8C0A0283E90
:101D300004F1F80B46F818AC3C3D304612F0B6FD05
:101D400005F1080014F052F9AB45A6F13C06F1D1BB
:101D500000254846C4F8DC70A4F8E2500DF0A6FE59
:101D600004F1B40011F0A4FE04F17C0010F032FB89
:101D700004F16000A4F8665027660DF097FE04F1A8
:101D80004800A4F84E50A7640DF090FE264604F1DA
:101D90003000E58627630DF089FE134B46F8083FB7
:101DA00004F11C0014F0B4F904F1180014F0B0F9B7
:101DB0003046E581A7600DF079FE2046E58027607A
:101DC0000DF074FE4046BDE8F88F00BF3C6E040085
:101DD0000470040008590400907304009C6E040011
:101DE000C47D0400F87B0400CC6A0400D07B0400AE
:101DF0002DE9F84F694B6A4F6A4E03F13C02A0F19E
:101E00000408044640E9013208F59A5004F0F6FB54
:101E1000002504F6F41003F07BFF04F6C410C4F8A8
:101E2000C479A4F8CA590DF041FE04F69C10C4F818
:101E30009C79A4F8A2590DF039FE04F6681012F04E
:101E4000F9F9594BC4F8583904F658100EF078FDDA
:101E500004F6341010F042FF04F5116010F03EFF5C
:101E600004F50A6004F0CCFA04F5046006F03AF9CF
:101E700004F6140005F01AF904F2C47004F0D0FB63
:101E8000C4F8AC6704F2AC7015F07AF8C4F8946743
:101E900004F2947015F074F804F22C7016F0C2FE7F
:101EA000424BC4F8283304F54A7604F5E56014F093
:101EB0009DF83046C4F82873A4F82E530DF0F6FDB3
:101EC0003B4BC4F8E83204F53A7012F0ADFB394BE5
:101ED000C4F8DC302833C4F8E43004F1DC0904F53C
:101EE000367A04F5387600E02E46351F284614F081
:101EF0007DF8AA45F8D1DFF8C4A0283E04F1F80B1C
:101F000046F818AC3C3D304612F0D0FC05F1080014
:101F100014F06CF8AB45A6F13C06F1D1002548461B
:101F2000C4F8DC70A4F8E2500DF0C0FD04F1B40078
:101F300011F0BEFD04F17C0010F04CFA04F16000D9
:101F4000A4F8665027660DF0B1FD04F14800A4F82E
:101F50004E50A7640DF0AAFD264604F13000E58638
:101F600027630DF0A3FD144B46F8083F04F11C0055
:101F700014F0CEF804F1180014F0CAF83046E581E8
:101F8000A7600DF093FD2046E58027600DF08EFDE3
:101F9000404622F061FF4046BDE8F88F3C6E0400E9
:101FA0000470040008590400907304009C6E04003F
:101FB000C47D0400F87B0400CC6A0400D07B0400DC
:101FC000694B03F13C022DE9F0470446C0E90032B9
:101FD00000F59A50654F664E04F010FB002504F69C
:101FE000F81003F095FE04F6C810C4F8C879A4F8F8
:101FF000CE590DF05BFD04F51A60C4F8A079A4F881
:10200000A6590DF053FD04F66C1012F013F9594B5C
:10201000C4F85C3904F65C100EF092FC04F638103B
:1020200010F05CFE04F6141010F058FE04F6A40044
:1020300004F0E6F904F6440006F054F804F618003B
:1020400005F034F804F5F96004F0EAFAC4F8B06772
:1020500004F5F66014F094FFC4F8986704F5F36093
:1020600014F08EFF04F5E66016F0DCFD424BC4F878
:102070002C3304F54B7604F22C7013F0B7FF304686
:10208000C4F82C73A4F832530DF010FD3B4BC4F888
:10209000EC3204F53B7012F0C7FA394BC4F8E0306B
:1020A0002833C4F8E83004F1E00904F5377804F582
:1020B000397600E02E46351F284613F097FFA845D5
:1020C000F8D1DFF8C4A0283E04F1FC0846F818ACAB
:1020D0003C3D304612F0EAFB05F1080013F086FFA4
:1020E000A845A6F13C06F1D100254846C4F8E070A9
:1020F000A4F8E6500DF0DAFC04F1B80011F0D8FCB9
:1021000004F1800010F066F904F16400A4F86A504C
:1021100067660DF0CBFC04F14C00A4F85250E76464
:102120000DF0C4FC264604F13400658767630DF0AA
:10213000BDFC144B46F80C3F04F1200013F0E8FFFF
:1021400004F11C0013F0E4FF30466582E7600DF0F7
:10215000ADFC201D658167600DF0A8FC204622F0D3
:102160007BFE2046BDE8F0873C6E0400047004004E
:1021700008590400907304009C6E0400C47D0400A0
:10218000F87B0400CC6A0400D07B04002DE9F04108
:102190004FF0000C8CB04FF0100E1FFA81F887B290
:1021A000CDE900CE05461C463946174B164602A817
:1021B00042460EF0C1FA02A9144811F061FB02A8D0
:1021C0000EF0D6FA0F2DA4B201D1C02C0FD12820C9
:1021D00022F049FE39460546CDE9006442460A4BE5
:1021E0000EF0AAFA2946094811F096FB28B93046A4
:1021F00001F084FF0CB0BDE8F08128460EF0B8FA7B
:10220000284622F029FEF2E76D170200B8250020CB
:1022100008B510F0E1F808BD08B510F0EDF820F0B1
:10222000404008BDFFF744BBFFF754BB03F082BF3B
:10223000C117FFF729BB00BF00B585B0D3B28AB282
:1022400081B2684613F074FB05B05DF804FB00BF73
:10225000002B08BF1023FFF799BF00BF014B588820
:10226000704700BFE0380020014B9868704700BFFE
:10227000E038002008B503F017FF4FF0FF31BDE84C
:10228000084000F09DB800BF00B583B00E49684615
:1022900004F05CFBBDF80430A3F51943033B032BAA
:1022A00010D8DFE803F002020D0D0023074A52F8B0
:1022B00023004FF0FF3103B05DF804EB00F080B86D
:1022C0000123F3E70223F1E7C82C0020442000207B
:1022D00003F0E6BE0821014800F074B86000001069
:1022E000704700BF084619B189880630FFF714BB54
:1022F000704700BF08B511F07DFD08BD704700BFF5
:10230000704700BF014820F0604070470000022085
:10231000012001F0BDBC00BF08B5022001F0B8FCEF
:1023200040F29330BDE80840FFF788BA014B1860CF
:10233000704700BF44390020704700BF002070473D
:1023400080880A3080087047063070478088704760
:1023500083888B4226BF063040180020704700BF9C
:102360000320704740680B308008704780887047B2
:10237000704700BF704700BF70B50C1E064603DBF8
:102380003CB90D4D284670BD22F004FE0446002CD9
:10239000F7D0E01D01F0AEFD054608B1074B036024
:1023A000AC8026B131462246A81D22F093FD2C4474
:1023B0000023A371284670BD105A0400545904002C
:1023C000FFF7DABF70B50D1E12DD064605F10800F5
:1023D00001F090FD044608B1094B0360656004F10B
:1023E00008002A46314636B122F074FD204670BD01
:1023F000044C204670BD22F091FD204670BD00BF08
:1024000084590400045A0400014B1860704700BF4F
:1024100050200020034A044B116803FB00F04840A1
:102420001060704750200020CB5725CA30B40E4DA5
:102430002A68044621460020930983EAD273534058
:1024400083EA121383EA92035208534042EAC372AA
:1024500002F00103490843EA4000EDD18442E9D388
:102460002A6030BC704700BF5020002000487047F1
:10247000105A040000B583B002AB0022ADF804206E
:1024800003F8040D01211846FFF776FF03B05DF84D
:1024900004FB00BF2DE9F0410D4688B11C4B39B15A
:1024A00098422BD09D4204460FD12046BDE8F081D2
:1024B000984221D08688174D0446311D042707E035
:1024C000144CF9B1124B9D42EFD0A688AF88F11998
:1024D0000020FFF751FF04F10608831D0446414622
:1024E0001846324622F0F6FC3A463044A91D22F046
:1024F000F1FC2046BDE8F081064CD6E70C462046AC
:10250000BDE8F081042725463E460821E0E700BFEC
:10251000105A0400645A0400884212D030B48B88E8
:10252000828806309A4228BF1A460531034613F8BE
:10253000015B11F8014FA54205D009D3012030BC41
:102540007047002070471C1A9442F0D90020F6E72B
:102550004FF0FF30F3E700BF80887047002A1ADD94
:1025600010B484880029BCBF631823EAE371631A9E
:10257000934206DC002B03DC08485DF8044B7047EF
:102580001A46A1423ABF06304018002011465DF8B5
:10259000044BFFF7F1BE0148704700BF105A04001A
:1025A00078B371B32DE9F047858822EAE272AA4236
:1025B00023D200F1060818EB0204A5EB02058F8870
:1025C0001BD0BD4219D391F806A001F1060902E023
:1025D000AF42344611D82378534505F1FF3504F155
:1025E0000106F5D13A464946204622F064FC00280F
:1025F000EED1A4EB0800BDE8F0874FF0FF30BDE856
:10260000F0874FF0FF30704708B5FFF7C9FF013082
:1026100018BF012008BD00BF80F00100704700BF57
:102620000A1E38B511D138B302460B4604460D4692
:1026300022F074F9002841D10C2001F05BFC08B1B4
:102640001F4B0360C0E9014538BDC2F30A54A4F230
:10265000FF331D2B12D8142B054618DC0028E3D1BC
:10266000A4F2F33412FA04F4DED1D002C3F11F0352
:1026700040F00040D8401AE0012038BD1E2BD3D1D5
:102680000028D1D10F4B9A42CED10F4838BDA4F2C9
:10269000134410FA04F4C7D1D002C3F11F0140F073
:1026A0000040C3F13403C84025FA03F31843002A5D
:1026B000B8BF4042400040F0010038BD0E2038BD98
:1026C000B45904000000D0C1010000802DE9F041A0
:1026D00082B0063001A9F9F793FD002200230646D7
:1026E0000F4622F0E9F860BB27F000453046294646
:1026F0004FF0FF321F4B34464FF0010822F00EF925
:1027000038B94FF0FF321B4B3046294622F0FCF817
:10271000F0B118F0FF0F1FD100224FF480132046B4
:1027200029464FF0010822F0F9F838B92046294629
:1027300000224FF4801322F0C9F8B0B118F0FF0F57
:102740000AD130463946FFF76BFF02B0BDE8F08191
:10275000804618F0FF0FDFD0074F0026304639467D
:10276000FFF75EFF02B0BDE8F081804618F0FF0F72
:10277000E7D0F1E7FFFFEF7F0000F87F08B521F019
:10278000C9FDBDE80840FFF74BBF00BF0144887991
:10279000400040F00100704720B1002902DB828830
:1027A000914201DB0F48704710B582B0FFF7EEFF92
:1027B0000E2804460DD0C3070ED502A800236410CE
:1027C000ADF80430012100F8044DFFF7D5FD02B04B
:1027D00010BD044802B010BD40F27130FFF72EF872
:1027E000EBE700BF105A040020B1002902DB828809
:1027F000914201DB0E207047FFF7C8BF08B521F0FA
:102800009BFDBDE80840FFF70BBF00BF4300B0EBE6
:10281000630F01D0FFF7B2BF43F00100704700BF64
:10282000B0F1804F08B503D2400040F0010008BD70
:1028300021F060FDBDE80840FFF7F2BE002814BF9C
:1028400042200A20704700BF08B5F9F795FEBDE8A1
:102850000840FFF7E5BE00BF01FB00F0704700BF76
:1028600090FBF1F0704700BF10B50C2001F042FB67
:10287000044608B102F0DAFC204610BD008970471A
:10288000043002F06FBC00BF03460A4604301989C9
:1028900002F048BC043002F075BC00BF03894268F6
:1028A000994234BF52F8210000207047043002F0F2
:1028B00039BC00BF043002F073BC00BF043002F02A
:1028C00093BC00BF024B1B68588CC000704700BF10
:1028D00094390020704700BF0020704738B51C4B6A
:1028E0001B688BB15C6AACB1236898422DD08BB168
:1028F000002300E072B1023354F823208242F9D160
:1029000001339B00E05838BD124B1C6844F2102282
:10291000944216D00D460446FFF7DEFF78B10368F7
:102920009C4210D05BB1002300E042B1023350F86A
:102930002320A242F9D101339B00C05838BD28465C
:1029400038BD5B68CEE70423F7E70423DAE700BF6E
:10295000943900200052040040687047416070477D
:1029600010B5082001F0C6FA044608B102F066FC72
:10297000204610BD70B50C1E054616460EDB83883A
:102980009C420BDA05EB8404E36823B10B2140F28F
:10299000863002F097FCE660284670BD0A2140F2BE
:1029A000863002F08FFCEDE7FEF748BF18B1024B0E
:1029B000984208BF00207047105A0400003018BF2A
:1029C0000120704710B5142001F094FA044608B1B4
:1029D00002F03CFC204610BD10B5044602F040FC5D
:1029E000002806DB238AE268984202D252F82000CF
:1029F00010BD002010BD00BF2E4B1B682DE9F04715
:102A0000DF6ABA683B68824203F1FF3107F10407CD
:102A100003D857F82120824230D2002945DD5B10CF
:102A200057F82320904226D0B0F804904FF0010CC4
:102A300000F105080DE034BF03F1010C03F1FF3193
:102A40008C4532DC0CEB01035B1057F823208242EB
:102A500011D094884C4528BF4C4606322646454640
:102A6000144614F801AB15F801EFF245E3D1A4EBDD
:102A7000020E7645F5D21846BDE8F087002914DD30
:102A80005B1057F823209042F5D0012403E057F85B
:102A900023208242EFD090428CBF5C1C03F1FF31B7
:102AA0000B19A1424FEA6303F1DA00231846BDE88F
:102AB000F08700BF94390020034B1B680131DB6AAB
:102AC00053F82110FFF788BF94390020F8B5044669
:102AD0000F46164602F0C4FB011E04F10C0505DB8F
:102AE00032462846BDE8F84002F01CBB3A46218930
:102AF000201D02F017FB3246218A2846BDE8F84027
:102B000002F010BB034B1B680131DB6A53F8211044
:102B1000FFF7DCBF94390020014B1868704700BFF5
:102B200090390020704700BF820708B508D130B146
:102B3000036823F00103DA78F92A13D1987808BDE5
:102B40000028FCD0C3070FD40E280DD042280DD08A
:102B50000A280BD0062805D040F22130FEF76EFE81
:102B6000042008BD042008BD022008BD012008BDC6
:102B70000E281FD010B5044670B915E0FFF7D4FF3A
:102B80000346022B204612D0032B0DD1FFF79EFDEA
:102B90000E28044608D03CB1A3072046EED000F032
:102BA0000FF821F0B7FB10BD0020044910BDD4E997
:102BB000010110BD00200149704700BF0000F87FEF
:102BC000C107034651D4820704D59B0914BF0120D5
:102BD0000020704700284AD02DE9F041FFF7C8FFD8
:102BE00021F000450F464FF0FF322946274B06469D
:102BF00004464FF0010821F091FE40B94FF0FF323A
:102C0000224B3046294621F07FFE00B9804618F05D
:102C1000FF0F2ED100224FF48013204629464FF09B
:102C2000010821F07BFE40B92046294600224FF4DE
:102C3000801321F04BFE00B9804618F0FF0F18D129
:102C4000304639461EF014FC0022114B1EF03EFEA9
:102C50000022002304460D4621F038FE60B92046CC
:102C6000294621F099FEBDE8F08140107047002010
:102C700070470020BDE8F081204629460022044B21
:102C800021F0FCF904460D46E9E700BFFFFFEF7FA6
:102C90000000F041FFF794BF38B50D46FFF790FFF5
:102CA00004462846FFF78CFF00F01F0004FA00F0EE
:102CB0004300B0EB630F03D0BDE83840FFF75EBDC3
:102CC00043F0010038BD00BF38B50D46FFF778FF6F
:102CD00004462846FFF774FF00F01F0044FA00F096
:102CE0004300B0EB630F03D0BDE83840FFF746BDAB
:102CF00043F0010038BD00BF38B50D46FFF760FF57
:102D000004462846FFF75CFF60404300B0EB630FCA
:102D100003D0BDE83840FFF731BD43F0010038BDB6
:102D200038B50D46FFF74CFF04462846FFF748FF2D
:102D300020434300B0EB630F03D0BDE83840FFF7FA
:102D40001DBD43F0010038BD08B5FFF739FFC04392
:102D50004300B0EB630F03D0BDE80840FFF70EBDA2
:102D600043F0010008BD00BF38B50D46FFF728FF4E
:102D700004462846FFF724FF20404300B0EB630FD2
:102D800003D0BDE83840FFF7F9BC43F0010038BD7F
:102D900038B50D46FFF714FF04462846FFF710FF2D
:102DA00000F01F0024FA00F0B0F1804F03D2400081
:102DB00040F0010038BD21F09DFABDE83840FFF732
:102DC0002FBC00BF0E2816D008B50346C0B19B0724
:102DD00008D0FFF7F5FE07EE900AF8EEE77A17EE57
:102DE000900A08BDFFF7C4FE21F0F6FD07EE900A39
:102DF00017EE900A08BDDFED057A17EE900A7047CE
:102E0000DFED027A17EE900A08BD00BF0000C07F18
:102E100070B50E46FFF7ACFE044630460D46FFF790
:102E2000A7FE02460B462046294621F027F9BDE8B9
:102E30007040FFF7F5BB00BF70B50E46FFF798FE78
:102E4000044630460D46FFF793FE02460B462046E9
:102E5000294621F011F9BDE87040FFF7E1BB00BF42
:102E600001F00103184203D0C3130133012B12D91F
:102E7000D0B50C46FFF77CFE064620460F46FFF70E
:102E800077FE02460B463046394621F0ADFABDE8E2
:102E9000D040FFF7C5BBCB130133012BE8D843105B
:102EA000481000FB03F04300B0EB630F02D143F086
:102EB00001007047FFF762BC032912D0D0B50C4661
:102EC000FFF756FE064620460F46FFF751FE024624
:102ED0000B463046394621F0B1FBBDE8D040FFF744
:102EE0009FBB7047F8B50C46C107034603D5E20700
:102EF00001D5620811D11846FFF73AFE0646204672
:102F00000F46FFF735FE0B460246394630461EF0A7
:102F1000DDFCBDE8F840FFF783BBFFF751FE054637
:102F20002046FFF74DFE95FBF0F303FB10504300E6
:102F3000B0EB630F03D0BDE8F840FFF71FBC43F0D0
:102F40000100F8BD2DE9F0410C468046FFF710FE68
:102F5000064620460F46FFF70BFE04460D46FAF7DD
:102F6000C3F922462B4621F0A7FC28BB00220023F0
:102F70003046394621F0C8FC80B900220023304693
:102F8000394621F099FC20B320462946002200232F
:102F900021F09CFC28BB4046BDE8F0813046394614
:102FA0001EF0F4FC22462B4621F01EFAFAF7B0FC84
:102FB000BDE8F041FFF734BB2946204621F0C4FCB0
:102FC00039460246304621F06FFDBDE8F041FFF77B
:102FD00027BB304639461EF0D9FCBDE8F041FFF76B
:102FE0001FBB0C2000F086FF08B1034B0360034BAE
:102FF0000022C0E90123CFE7B45904000000F07FAC
:10300000C2072DE9F8430C460BD5CB0709D5401074
:103010004C10844241DB3DD1640044F00100BDE826
:10302000F883FFF7A5FD064620460F46FFF7A0FDF3
:1030300004460D4602460B463046394621F064FCF4
:1030400090B922462B463046394621F035FC28B14E
:1030500030463946BDE8F843FFF7E2BA22462B4630
:1030600034463D4616461F46F9F786FA2246804604
:1030700089462B463046394620F0FEFF42464B46F5
:1030800021F0B2F922462B4620F0F8FFBDE8F843C4
:10309000FFF7C6BA234604461846001BFFF7C6F9D9
:1030A00020444400B0EB640F02D144F00100B6E7C5
:1030B000BDE8F843FFF762BB08B5FFF759FD1EF006
:1030C00065FCBDE80840FFF7ABBA00BF08B5FFF7E5
:1030D0004FFD1EF0D9FCBDE80840FFF7A1BA00BFC4
:1030E00008B5FFF745FDFAF7FFF8BDE80840FFF720
:1030F00097BA00BF08B5FFF73BFDFAF775F8BDE8D2
:103100000840FFF78DBA00BF08B5FFF731FD1EF08C
:10311000AFF9BDE80840FFF783BA00BF08B5FFF775
:1031200027FD054B002220F0A9FFFAF7DDF8BDE8E6
:103130000840FFF775BA00BF0000E03F0E280BD033
:103140000E2909D08842F8B5044618D001F00102D2
:10315000104216D00020F8BD00207047A288A88831
:10316000A31D904228BF1046691D1A4612F8014B54
:1031700011F8015FA542EDD1D41A8442F6D901209D
:10318000F8BD0D46FFF7D0FC06462846FFF7CCFCFD
:103190008642DFD144EA05039B07DBD1032EDDD055
:1031A000022ED7D12046FFF7E3FC064628460F46FD
:1031B000FFF7DEFC0B4602463946304621F07CFB29
:1031C0004FF0010300B90346D8B2F8BD08B5FFF7C8
:1031D000B5FF002814BF42200A2008BD08B5FFF73C
:1031E000ADFF00280CBF42200A2008BD0E281AD0CF
:1031F0000E29F8B50C4614D00628054615D04228ED
:103200003FD00A281CD00629034600F09080422CAB
:1032100011D00A2C37D09C4210D004F001031D427B
:1032200011D00020F8BD00207047062906D0422C9E
:103230004FF00003EDD10322934204D10120F8BDE9
:103240000123062CE3D12846FFF76EFC06462046F4
:10325000FFF76AFC032E22D003282FD0012E14D0B2
:10326000012821D08642DCD145EA04039B07D8D14E
:10327000032847D0022828D0601BB0FA80F040090C
:10328000F8BD0323DDE70122D6E7062D33D0422D1A
:103290004FF0020634D00A2DE2D10125E0E70228E2
:1032A00013D00328DCD1DFE7062C4FF0020020D03A
:1032B000422C23D00A2CD5D10124D3E7022E04D0EE
:1032C000012EAED1062DE2D1ABE72846FFF750FC28
:1032D000064620460F46FFF74BFC02460B4630469B
:1032E000394621F0E9FA4FF0010400B90446E0B292
:1032F000F8BD0024B6E702260025B1E70324B1E7B4
:103300000325ADE7AC4299D0AB88A288A81D9A42AC
:1033100028BF1A460534034613F8011B14F8015F51
:103320008D427FF47EAF191A9142F5D986E70022CB
:1033300082E700BFFFF75ABF08B5FFF757FF002825
:1033400014BF42200A2008BD08B5FFF74FFF002830
:103350000CBF42200A2008BDF8B5078945687FB137
:103360000E46043D002402E00134A74208D0314655
:1033700055F8040FFFF73AFF0028F5D02046F8BDB6
:103380004FF0FF30F8BD00BF10B500220446FFF734
:10339000E3FF011E04DB201D01F002FF012010BD30
:1033A000002010BD38B58307044608D148B1FFF7A7
:1033B000BBFB032812D0022814D0012038BD0A28F4
:1033C00001D1002038BD0028FBD00E28F9D00628F6
:1033D000F7D010F1FF3018BF012038BD0C4B9C42D4
:1033E000EBD1EEE72046FFF7C3FB02460B4604464F
:1033F0000D4621F093FA0028E3D120462946002209
:10340000002321F059FAB0FA80F0400938BD00BF1E
:10341000105A0400422805D00A2801D0FFF7C2BF85
:1034200000207047012070470E2857D00E2955D034
:10343000F8B50C460546FFF777FB06462046FFF732
:1034400073FB032E2FD0A5422BD02846FFF790FB0D
:10345000064620460F46FFF78BFB324604460D46D4
:103460003B463046394621F059FAA0BB22462B464E
:103470002046294621F052FA68BB22462B463046A8
:10348000394621F023FA18BB22462B4630463946EE
:1034900021F03AFA003018BF0120F8BDD01A81425D
:1034A0000DD20020F8BD0328CDD1A542F9D0AA88BD
:1034B000A188AB1D914228BF114605341A4612F867
:1034C000015B14F8010F8542E8D028BF0120E4D247
:1034D0004FF0FF30F8BD6FF00100F8BD6FF0010054
:1034E000704700BF38B501F0010313EA000404D0AF
:1034F0008842ACBF0020012038BDFFF795FF831C38
:1035000014BFC00F204638BD10B501F001042042A1
:1035100003D0884207DC422010BDFFF785FF831CE3
:1035200001D00028F7DD0A2010BD00BF10B501F062
:103530000104204203D0884207DA422010BDFFF781
:1035400073FF831C01D00028F7DB0A2010BD00BFE9
:1035500010B501F00104204203D0884205DB42206F
:1035600010BDFFF761FF0028F9DA0A2010BD00BF87
:1035700010B501F00104204203D0884205DD42204D
:1035800010BDFFF751FF0028F9DC0A2010BD00BF75
:10359000F0B591B00446FFF7C7FA03283DD00228E2
:1035A0000FD0052848D0002C4CD00A2C42D00E2C2D
:1035B00045D0422C55D02C4B2C48062C08BF184621
:1035C0002CE0E3072CD40E2C39D02046FFF7D0FA9C
:1035D00021F000450F464FF0FF322946244B0646A6
:1035E00021F09CF938B9304629464FF0FF32204B84
:1035F00021F076F940B332463B463046394621F059
:103600008DF9E0B9304639466A46F8F7A1FE6846BA
:103610004FF0FF31FEF7B0FE00E0204611B0F0BDE4
:10362000694660100CF0CCF868464FF0FF31FEF7A9
:10363000A3FEF3E70F48F1E70F4811B0F0BD0F48C4
:1036400011B0F0BD0E48E9E70023304639460022AC
:1036500021F03CF90B4C0C4B002814BF20461846B7
:10366000DCE70A48DAE700BF645A0400885A04001D
:10367000FFFFEF7F7C5A0400985A0400485A040068
:10368000F4590400545A0400385A0400705A0400D3
:1036900010B50446FFF748FA04280ED164B1A30719
:1036A0000AD12368074A23F001035B69934203D0E0
:1036B0002046BDE81040184710BD2046BDE8104028
:1036C000FFF766BF9136020008B5FFF72DFA05280F
:1036D00010D8DFE800F0030507090B0D084808BD06
:1036E000084808BD084808BD084808BD084808BD86
:1036F000084808BD40F22230FEF7A0F8002008BDBF
:10370000285A0400E4590400AC5A0400CC5A0400BE
:10371000BC5A0400185A0400062808D008B5FFF760
:1037200003FABDE8084000F57570FEF787B840F26F
:10373000DD30FEF783B800BF4FF46470FEF77EB84B
:1037400010B5FEF7F1F80446102000F07FFC226966
:103750000260206110BD00BF38B5FEF7E5F80469CE
:10376000054634B123682B612046BDE8384000F09F
:10377000ADBB40F25330FEF761F8F3E7F0B585B02A
:103780000746FEF7D1F8046906468CB194E80F00AD
:103790006D46306185E80F00204600F097FB084B2E
:1037A00077611B68284631469B6B984705B0F0BD92
:1037B0003846FFF76DFF40F2E730FEF73FF8E5E7E8
:1037C0009439002010B5FEF7AFF8446912239C42EB
:1037D000436101D0204610BD40F25330FEF72EF871
:1037E000204610BD08B5FEF79FF84369122B05D09F
:1037F000FFF7E8FFBDE80840FFF7C0BF08BD00BF06
:1038000079B110B4084B094C014410F8012B04FBAA
:1038100003F3884283EA0203F7D118465DF8044BAC
:103820007047014B18467047C59D1C8193010001EC
:1038300038B5046834F00304054612D0A30F15D13F
:103840002846E369984705462DB140F6BE239D42C0
:1038500005D9002C03DB40F24930FDF7EFFF284685
:1038600038BD40F25130FDF7E9FFE9E7C4F39905AF
:10387000EAE700BFF8B54FF480400CF0EFFE194CBA
:10388000194B1A4D1A4E002787611A4F8760D3E9EA
:1038900001122768C76000F10807276000F580540F
:1038A000013106343460596043F6F8742968446085
:1038B00022449A6079B188420DD30A6872B190426D
:1038C00003D20BE0984203D31A461368002BF9D1B8
:1038D00003601060F8BD01602860F8BD13460A4619
:1038E000F6E700BF803900206439002050390020FD
:1038F00058390020F83F008038B5144B9A881B686F
:1039000092B1551E53F8251088421AD0023A03EBA3
:1039100082032A4602E0216881420BD0013A511C01
:103920001C46A3F10403F6D14FF45270BDE83840B1
:10393000FDF784BF954204D0044801F09DFB206050
:1039400038BD0248BDE8384001F096BB5C39002024
:1039500018210148FEF736BD64390020036823F0C2
:10396000010318888008704730B338B5C56804462D
:10397000A5B155E901326868A96862605A0F032A47
:10398000C4E9020105D040F24930FDF757FF55F870
:10399000043C43F0004345F8043C38BD50F8043C77
:1039A0005A0F032A09D143F0004344F8043C002095
:1039B000BDE83840FDF7C0BF704740F24930FDF721
:1039C0003DFF54F8043CEEE738B550F8043CDB0703
:1039D0000546A0F104041CD4104B1B6873B103F11D
:1039E00008029442F9D359680A449442F5D255F832
:1039F000043C43F0010345F8043C38BD40F24A3032
:103A0000FDF71CFF55F8043C43F0010345F8043C66
:103A100038BD40F24F30FDF711FFDDE7503900208F
:103A2000830709D140B1030F06D00168114B194239
:103A300002D1CB78F92B00D070470F4B10B504465C
:103A40001B688BB103F108029442F9D35868024411
:103A50009442F5D2094841F0010121602246818853
:103A6000BDE8104001F0F0BA40F24A30FDF7E6FE42
:103A70002168EFE70300004050390020483900205A
:103A800000294DD02DE9F84F0F468046DFF89CB055
:103A9000DFF89CA0DFF88C90061F002502E00135BE
:103AA000AF423BD056F8044FA307F8D1002CF6D014
:103AB000230FF4D0206810EA0B0FF0D1C378F92B54
:103AC000EDD1DAF8003053B103F108018C4203D391
:103AD0005A680A44944207D31B68002BF4D140F281
:103AE0004A30FDF7ABFE2068B9F8041040F0010041
:103AF000206022460B4801F0A7FAB9F80430642B85
:103B0000CDD90C200CF0AAFD0135074A08EB85033E
:103B10007D1BC0E90135116801601060BDE8F88FB8
:103B2000704700BF4839002054390020030000408E
:103B30005039002038B505684DB104462846FFF7D6
:103B400043FFA1882846BDE83840FFF799BF38BD3C
:103B5000830709D140B1030F06D00168234B1942F6
:103B600002D1CB78F92B00D07047214B2DE9F041E1
:103B700004461B68002B33D003F108029442F8D3AB
:103B8000586802449442F4D221F0030341F0010149
:103B90009B6921600BB120469847164D164C2F4665
:103BA000AB8883B923681846C3B1D3E90026D3F89C
:103BB000088022600CF078FD41463046FFF760FF38
:103BC000AB88002BEED0384601F056FA036823F09C
:103BD00003039B69002BE3D09847E1E7BDE8F08140
:103BE00040F24A30FDF72AFE2168CDE7030000408D
:103BF000503900204839002054390020F8B50546D6
:103C00000CF02CFD0446A5F10800830760602ED15E
:103C10001B4A1C4F556891681B4EC31C23F0004380
:103C2000014423F00303013543F00043C2E901518D
:103C30003A68A360E26004F10803144A31683B600B
:103C400003EB9000106079B18C420DD30A68A2B1E9
:103C5000944203D211E09C4203D31A461368002B0E
:103C6000F9D123601460F8BD21603460F8BD4FF4D1
:103C70005270FDF7E3FD6068CAE713460A46F0E7B5
:103C80006439002080390020503900205839002044
:103C90002DE9F04F834B1B780646980783B005D576
:103CA0004FF45270FDF7CAFD7E4B1B787E4A1468B4
:103CB00095887C4A43F0020313706DB104EB8505CF
:103CC00054F8040B20F0010310F0010F18BF18681E
:103CD000FFF73EFFA542F3D1744C3046FDF732FEAC
:103CE00023688BB1724B1B685E8D01F0F9FA256871
:103CF00005EB8605861B07D00024013455F8040B1C
:103D0000FFF726FFA642F8D16A4A6B4B16781D686A
:103D10003EB10024013455F8040BFFF719FFA64209
:103D2000F8D16649664A0B68176801330B60654B2A
:103D300000221A60002F00F0B180CDE900229046E9
:103D400091467B68019A07F108059B0805EB8306FD
:103D50001A44B542019248D22B6813F001017DD17B
:103D60001A0F062A7AD0AE4240F28880AA4601E0B5
:103D7000DAF80030002B4FEA13720FDBD90714D4A6
:103D8000062A12D05A0009D4DB78F92B40F24930C8
:103D900001D0FDF753FD504601F048F95046FFF7BA
:103DA00047FD0AEB800A5645E2D8AAEB05044FEA24
:103DB000A40CE0454FEA8C024FF0FF01284642F088
:103DC000004BB8BFE046E14421F0A8F8042CC5F848
:103DD00000B04CDD00236B60009B002B49D0009BA2
:103DE00000955D605546AE42B6D83F68002FA8D119
:103DF000354901980B684FEA890202EB09178000E8
:103E00004FEA88047F009BB12E4B1D684FEA590989
:103E100075B12B68C3F39906B14506D236E02B681D
:103E2000C3F399031E44B14531D36D68002DF6D11B
:103E300022494B69C1E903246BB193420BD8B842C4
:103E400001D3FFF717FD174A137823F0020313700D
:103E500003B0BDE8F08F194B5A61F0E723F001037E
:103E60002B602846FFF7E4FC05EB8005BBE75546D1
:103E7000B9E7144B00951D605546B4E74FF0004379
:103E8000B8F1000F2B60AEDA8846ACE733469944B0
:103E9000A9EB060305EB83030B60C9E73C463846F4
:103EA0003A46C5E7F14300205C39002090390020F4
:103EB00094390020F24300207C390020643900202E
:103EC00050390020803900205839002050F8043C37
:103ED0005A0F032A10B5044605D040F24930FDF7C9
:103EE000ADFC54F8043C43F0004344F8043C204645
:103EF00010BD00BF2DE9F84F42F6F823C71C9842C9
:103F00004FEA97077CDC444BDFF810A15B68C3F3F2
:103F10000803002B5ED19AF8003018075AD143F0FD
:103F200001038AF80030FDF7FFFC10B14368002B55
:103F30006DD0DFF8ECB0DFF8EC900026DBF8004045
:103F4000002C4ED04FF0000803E0A0461C46002B8A
:103F500047D040F251301EB9D9F80030A34248D3BF
:103F6000A10701D1230F01D1FDF768FC2568002DC1
:103F700040F24B3001DBFDF761FCC5F39905ED1B09
:103F8000002D6368E1DB0AD0AA0042F0004244F849
:103F9000272004EB8707012D1CBF7B603B46B8F14F
:103FA000000F31D0C8F80430002222604BB15B68AA
:103FB0003BB19A0701D11B0F03D14FF45470FDF7A9
:103FC0003DFC9AF8003023F001038AF800302046C7
:103FD000BDE8F88F40F29230FDF730FC9AF80030DF
:103FE0009DE736B1012E08D01520FDF727FC0136DC
:103FF000A4E70020FFF74CFEF9E7FFF73BFCF6E7EC
:104000001620FDF71BFC7EE7CBF80030CCE740F232
:104010004E30FDF713FC8CE700ED00E0F14300208B
:104020008039002058390020033010B520F00304F7
:10403000201DFFF75FFFE31D23F0804323F0030300
:1040400043F0804340F8043B10BD00BF08B538B1D1
:10405000FFF7EAFF50F8043C43F0005340F8043CFB
:1040600008BD00BFF8B5214B5B68C3F308030646E3
:104070000F46002B34D1FDF757FC1D4D1D4AF31B95
:104080009B102B7004461760A8B10C20FFF7CCFFE3
:1040900050F8043C6268026043F00053A26840F8A4
:1040A000043CE368C0E90123E0600023A6602B70B4
:1040B00063602046F8BD1820FFF7B6FF0E4A50F89F
:1040C000043C1268026043F00053122240F8043CA2
:1040D00000234261C0E903330446FDF72DFCE4E709
:1040E00040F29230FDF7AAFBC5E700BF00ED00E00B
:1040F000F24300207C39002090390020830702D150
:1041000008B1030F00D17047024B02469988184648
:1041100000F09ABF5C3900208207034602D108B143
:104120001B0F00D17047FFF7E7BB00BF0430FFF75C
:1041300001BD00BF03460C309988FFF7A1BC00BF4A
:104140004068FFF76DBC00BF10B504460430FFF7B0
:10415000F1FC04F10C00BDE81040FFF7EBBC00BF20
:1041600050F8043B23F00103198804398908FFF74C
:1041700087BC00BF03207047808880000F30800814
:10418000704700BF02207047052070470349044A6A
:104190000023C1E90033C2E9003370475C390020D5
:1041A00048390020704700BF02207047406812F075
:1041B000DDB800BF704700BF10B50446034B416037
:1041C0000846236012F0B4F8204610BDDC5A040003
:1041D00010B5044682B0406812F096F888B1616864
:1041E000684611F015FC694601A811F08DFE01A882
:1041F00011F01EFC606001A811F0F4FB684611F09C
:10420000F1FB02B010BD00BF38B505460820FFF72E
:1042100071FE044628B1044B45602846236012F025
:1042200087F8204638BD00BFDC5A0400FFF7ECBF1A
:10423000A0F120035E2B10D810B582B0044668466A
:1042400011F0CEFA04EB8400009BA038184405213D
:1042500002B0BDE81040FEF7B5B80020704700BFBF
:1042600010B584B00C46416803A811F0D1FB0023BF
:10427000624203A9CDE9003303480EF029FC03A8EC
:1042800011F0B0FB04B010BDE02D002030B585B0BA
:104290000C46416803A8154611F0BAFB00236242A0
:1042A00003A90093019504480EF012FC03A811F035
:1042B00099FB05B030BD00BFE02D002043689B880E
:1042C00001FB03F1FFF7CCBF70B584B00E46416827
:1042D00002A8154611F09CFB02A903A811F090FB5F
:1042E00000246FF0FE0033462A4603A9CDE90004FE
:1042F00005480EF0B7FC03A811F074FB02A811F0FA
:1043000071FB04B070BD00BFE02D002010B5044665
:1043100082B0FFF75DFF616801A811F079FB01A889
:1043200011F09EFB01A811F05DFB02B010BD00BFB3
:10433000F0B5074683B00C4615461E46FFF748FF0A
:10434000796801A811F064FBF3B22AB221B201A886
:1043500011F090FB01A811F045FB03B0F0BD00BFC8
:1043600030B583B00C461546416801A811F050FBEA
:1043700021B22AB201A811F093FB044601A811F062
:1043800031FB24EAE47003B030BD00BF43685888B5
:10439000704700BF43689888704700BF002B14BF68
:1043A000FF230023FFF7C4BF08B5FFF7D9FF00289C
:1043B000D4BF0020012008BD43689B8801FB03F1A6
:1043C000FFF764BF1023FDF7E1BE00BF082870B5FA
:1043D00004460D461AD0A0F10903012B07D92A463D
:1043E000214610230D20BDE87040FDF7CFBE0F4ED3
:1043F000D6F8DC0903689B6A98470528EFDCD6F8F5
:10440000DC09036808215B6A9847E8E7074ED6F89D
:10441000DC0903689B6A98470228E0DCD6F8DC09CF
:10442000036804215B6A9847D9E700BF0025002094
:1044300038B5074C0546D4F8DC090CF061FCD4F81B
:10444000DC090CF091FC401BB0FA80F0400938BD4B
:104450000025002070B50D461646044600F05EFAB1
:1044600050B10368DB6A984732462946204610233C
:10447000BDE87040FDF78ABE70BD00BF0A4610233C
:104480000321FDF783BE00BF0A460321FFF7E2BF09
:104490000A460221FFF7DEBF08B500F03FFA28B157
:1044A0000368DB6A9847003018BF012008BD00BFD1
:1044B0002DE9F843204CD4F8DC090CF021FC1FF066
:1044C00029FF8046D4F8DC0989460CF021FC1FF056
:1044D00021FF0646D4F8DC090F460CF021FC1FF042
:1044E00019FF424604460D464B46404649461FF0DA
:1044F0007BFF3246804689463B46304639461FF0B0
:1045000073FF02460B46404649461FF0B7FD224660
:1045100006460F462B46204629461FF065FF0246F9
:104520000B46304639461FF0A9FD1DF093FB20F0E5
:104530000BFABDE8F88300BF00250020032814D83B
:10454000DFE800F00E090402FFF7B2BF084BD3F812
:10455000DC090CF0E5BB064BD3F8DC090CF0D8BB4A
:10456000034BD3F8DC090CF0CBBB0020704700BF35
:1045700000250020014804F049B800BFA42D002008
:10458000024BD3F8E0090CF02FBD00BF002500203E
:10459000014802F06BBD00BFC82E002040B10128C9
:1045A00004D1064BD3F8DC09F8F71ABB002070479A
:1045B000024BD3F8DC09F8F7F3BA00BF002500205E
:1045C00008B503283FD8DFE800F02F2011021F4B69
:1045D000D3F8E0090CF050FC1FF09CFE00221C4BAD
:1045E00020F02CF8BDE80840FEF71AB8174BD3F8B6
:1045F000E0090CF0F1FC1FF08DFE154B002220F0BD
:104600001DF8BDE80840FEF70BB8104BD3F8E009E1
:104610000CF0DAFC1FF07EFE0D4B002220F00EF8AD
:10462000BDE80840FDF7FCBF084BD3F8E0090CF0EB
:10463000C3FC1FF06FFE064B00221FF0FFFFBDE81A
:104640000840FDF7EDBF00200021CBE7002500204A
:1046500000408F40024BD3F8E0090CF04BBC00BF88
:1046600000250020034BD3F8DC391A680146526A52
:10467000184610470025002008B5054BD3F8E0097F
:104680000CF07EFCA0F10100B0FA80F0400908BDFA
:1046900000250020012808B505D0022811D00328E4
:1046A00008D0002008BD0A480EF0ECFB003018BF0F
:1046B000012008BD07480FF0A5FB003018BF0120FE
:1046C00008BD05480EF0DEFB003018BF012008BD14
:1046D000142E00205C2E0020382E00200AB2FF236A
:1046E00001B2014811F0C6B9B42D002070B5FF2AFF
:1046F00082B005460E4604DC002A14460ADC00237C
:1047000000E0FF230C4832B229B202B0BDE870408D
:1047100011F0B0B9FF2A0CD0084803F059FE012867
:10472000E3B2EFD001210548019303F05FFD019B47
:10473000E8E71346E6E700BFB42D0020A42D0020D3
:104740000AB2002301B2014811F094B9B42D00203F
:104750000AB201B2014811F0A3B900BFB42D002084
:1047600001480EF015B900BFE02D0020C1B201488C
:1047700003F03CBDA42D002008B5024803F028FE3C
:1047800008BD00BFA42D002001480CF05FBC00BF95
:10479000A42D00200146014803F05ABFA42D00209B
:1047A00010B9034803F0C0BC014803F0D5BD00BFF9
:1047B000A42D002030B583B00C4901A80CF04AFCB0
:1047C00001A811F035F9044601A811F00BF90820F1
:1047D000FFF790FB054610B12146FFF7EDFC2046A0
:1047E00011F0C4FD284603B030BD00BFA42D002049
:1047F0002DE9F0410668B3F5807F28BF4FF4807340
:104800000446D6F800800D46002116461F46C047D4
:104810004FF496700CF078F8227D094B09481F2A56
:1048200098BF184672B6217D074C01F01F0141EA7E
:10483000075133462A46A04762B6BDE8F08100BF63
:104840000005005000080050C522002008B1436850
:1048500003B9704710B50446084600F05FF8626877
:1048600004F108014FF48073BDE81040FFF7C0BFAA
:1048700008B1436803B9704770B504461546084649
:1048800000F04CF82B46626804F10801BDE8704066
:10489000FFF7AEBF704700BF08B5194A41F2502379
:1048A000D05870B14FF0FF3110F094FA07EE900A33
:1048B000FDEEE77A17EE900A772803DC332803DC55
:1048C000002008BDFF2008BD9FED0E7ADFED0E6AC7
:1048D000F8EEE77A77EEC77AFDEEE77A17EE903AD0
:1048E000C3EB032307EE903AB8EEE77AC7EE267AD9
:1048F000FDEEE77A17EE900AFF28A8BFFF2008BD5B
:10490000002500200000504200008842704700BF90
:10491000704700BF704700BF00F092B9722864D0A2
:104920000ADC6A2867D012DD6E286AD02EDC6C287B
:104930005FD040DC3448704797285ED00FDD9B285D
:104940005DD017DC99284CD037DC3048704766289A
:1049500037D020DD68283ED035DC2D4870477528DB
:1049600035D01EDD78283ED079282ED077280BD17F
:104970002848704740F2E933984230D040F2EA3399
:1049800098421CD09C2832D000207047702824D038
:104990001FDC21487047642809D06528F4D11F48DE
:1049A0007047732805D07428EED11D4870471D4804
:1049B00070471D4870471D4870471D4870471D4887
:1049C00070471D4870471D4870471D4870471D4877
:1049D00070471D4870471D4870471D4870471D4867
:1049E00070471D4870471D4870471D4870471D4857
:1049F00070471D4870471D4870471D4870471D4847
:104A000070471D48704700BFE0280020982B002009
:104A100080280020002A0020402900205028002063
:104A2000B829002038280020A029002010290020C3
:104A3000C82B0020502B002068280020B028002020
:104A4000302A0020D029002070290020982800203A
:104A500058290020382B0020B02B0020182A0020D5
:104A600088290020F82B0020F8280020C8280020E2
:104A7000802B0020E02B002028290020FFF74EBFCC
:104A800010B5FFF74BFF20B10368BDE810405B682D
:104A9000184710BD10B5FFF741FF20B10368BDE80E
:104AA00010401B68184710BD10B5FFF737FF20B145
:104AB0000368BDE810405B69184710BD10B5FFF7EB
:104AC0002DFF20B10368BDE81040DB68184710BD1A
:104AD00010B5FFF723FF20B10368BDE810409B6BC2
:104AE000184710BD70B50446FFF718FF68B103689A
:104AF0000D46164603215B6D9847324629462046EF
:104B00001023BDE87040FDF741BB70BD014B9868B4
:104B1000704700BFE038002008B5FFF7FFFE78B10E
:104B2000C38804290CBF43F4807323F48073C380CB
:104B3000036811461B6D9847024B984200D008BD90
:104B4000002008BD11FCFFFF10B5FFF7E7FE48B1DC
:104B500003681C694FF4FA62A44640F2DC53BDE8D6
:104B60001040604710BD00BF704700BF10B5FFF791
:104B7000D5FE20B10368BDE810401B6B184710BD7F
:104B800008B5FFF7CBFE034A034B106000221A6002
:104B900008BD00BF883900208C390020026870B53C
:104BA0000D1E0446D66802DD0A4A12782AB920464C
:104BB00033460021BDE87040184752110121914051
:104BC000B047236804499B6B91FBF5F12046BDE893
:104BD000704018472623002040420F00114B124A14
:104BE0001B78FF2808DC002812DB107073B198B125
:104BF00040110121814003E0FF2111703BB1802170
:104C00000A4B186810B10A4B1B783BB170477047CC
:104C100000211170002BF9D00021F1E70368DB6857
:104C2000184700BFF34300202623002088390020C6
:104C3000F4430020014B1878704700BF2623002062
:104C400070B50E4D2B680C46ABB10D4E0146224699
:104C5000184601233370FFF7A1FF002C0ADD204620
:104C60000BF0D2FA286818B103680021DB68984776
:104C70000023337070BD034B2B60E6E788390020BA
:104C8000F3430020EC37002010B559B101290CBFC7
:104C900002210021FFF742FE48B10368BDE8104041
:104CA0005B6C18470121FFF739FE0028F5D110BDD4
:104CB00010B5FFF733FE0368BDE810405B6D184781
:104CC00001460020FDF77EBB704700BF70B50C4D5C
:104CD0002C6882B014B1204602B070BD2C2020F0A8
:104CE000C2F8084B002603F1180203F130010096C8
:104CF000044613F04DFD20462C6002B070BD00BF8D
:104D0000843900207029002010B50446FFF7DEFF2B
:104D1000036821461B69BDE81040184770B50C4672
:104D200082B0F0B1054639B16A6863689A4203D02F
:104D300040F28D30FCF782FDFFF7C8FF03686A6818
:104D40005E6905F1080134B1154604F108030095C8
:104D5000B04702B070BD254623460095B04702B06B
:104D600070BD39B1FFF7B2FF036865685E69002165
:104D70000A46EAE740F28D30FCF760FDF2E700BF3B
:104D800010B50446FFF7A2FF036821469B68BDE803
:104D90001040184770B505460C46FFF797FF0368AB
:104DA0002A462146DB68BDE8704018472DE9F043EC
:104DB000134C236883B007460E4615462BB11A687C
:104DC0001846136A9847002323603846FFF7A6FD6C
:104DD00007463046FFF7A2FD80462846FFF79EFDB6
:104DE00081462C2020F03FF800264B4642463946AB
:104DF0000096054613F0CCFC256003B0BDE8F083B7
:104E00008439002030B583B00446FFF787FD90F960
:104E100014503C2020F027F8032300932946A2B227
:104E2000012308F07DFC03B030BD00BF10B5FFF7D3
:104E300075FD074C0146204600F0E0FE054B197851
:104E4000204681F00101BDE8104000F02BBE00BFFC
:104E5000F82E0020F44300200146034B034881F064
:104E600001021A7000F01EBEF4430020F82E00204C
:104E7000F0B5044683B0002017460E46FDF7A2FAAF
:104E80006100054600F1080289B2009733460348E5
:104E900012F062FA284603B0F0BD00BFB02C00202B
:104EA00010B582B00C4640004B68009281B204F10C
:104EB0000802024812F0ECF902B010BDB02C00203C
:104EC0000023C0E901337047704700BF0023C0E9E9
:104ED0000133C0E903337047704700BF2DE9F04745
:104EE000C4888C4205460E462FD24FEA8408D0F87B
:104EF0000090002C39D03F2C35DDB4F5007F3DDB30
:104F000004F580774FF6FE724FF6FF73974288BF25
:104F10001F46B742B8BF3746B8000BF09FFB82462A
:104F20001CB1424649461FF0D5FF3A1B92000021B2
:104F30000AEB08001FF0F2FF48460BF0B5FBC5F87E
:104F400000A0EF80AE80BDE8F08782889142F9D260
:104F50000068521A00EB8100920000211FF0DEFF72
:104F6000AE80BDE8F0876700D3E704290F46B8BFDD
:104F70000427B8000BF072FB8246D6E7034B08EB20
:104F80000407A3FB07377F08C3E700BFABAAAAAAA1
:104F9000704700BF704700BF704700BF704700BF39
:104FA000704700BF0B6823F0010370B51B89042B09
:104FB0000C46054602D13DB9204670BD40F2853011
:104FC000FCF73CFC002DF7D0E81C8000FEF792FFB8
:104FD000064608B1074B0360A368B360AAB2B58068
:104FE0009200002106F10C0034461FF097FF204686
:104FF00070BD00BF0C5B040038B502690A4B9A42D1
:10500000054603D04FF46270FCF718FC2888FEF7C1
:1050100071FF044600B105602A880021043A201D72
:105020001FF07CFF204638BD954F0200036823F037
:1050300001031B69184700BF036823F001031B69C4
:10504000184700BF704700BF4FF6FE7399420AD859
:1050500083888B4270B5054616460C4604D92B68EA
:1050600043F8246070BD70470131FFF737FF2B68AC
:1050700043F8246070BD00BF83884BB1013B9BB2F5
:1050800002688380002152F8230042F82310704701
:1050900018467047C38870B54BB33F2B0FDDB3F58F
:1050A000007F2CDB03F580744FF6FE72944223D808
:1050B000A4B28C4238BF0C46A34207D370BD5C003B
:1050C000A4B28C4238BF0C46A342F7D20546A000DA
:1050D000FEF7AAFFEB880646E3B9E21A920006EB58
:1050E000830000211FF01AFF2E60EC8070BD0429A0
:1050F00038BF04210C46E7E74FF6FF74E4E7084A9F
:1051000003EB8304A2FB0424C4F34F048C4238BF96
:105110000C46D9E79A0029681FF0DCFEEB88DCE733
:10512000ABAAAAAA30B5C3888B4283B005460C4609
:1051300009D9036843F82120AB889C4224BF01347D
:10514000AC8003B030BD4FF6FE739942F9D80131FF
:1051500089B20192FFF79EFF2B68019A43F8242041
:10516000EAE700BF38B5C3888B4204468DB201D24E
:10517000AB4201D9A58038BD2946FFF78BFFA5803A
:1051800038BD00BF83884BB1013B9BB2026883806E
:10519000002152F8230042F8231070471846704748
:1051A000F8B583888B421DD905684A1C8F0093424D
:1051B000044655F8216005EB070007D8013B9BB278
:1051C0000022A38045F823203046F8BD5A1A02F188
:1051D0008042013A391D294492001FF086FEA388BF
:1051E0002568EBE70026EFE783888B421CD970B572
:1051F0000E461546591CC28889B28A4204460FD908
:10520000701C216880009B1B061F9A0008443144D3
:105210001FF06BFEA388226801339551A38070BDF7
:10522000FFF738FFA388EBE7FFF77CBF024A026075
:105230000022C0E9012270479C5B0400024A026020
:1052400000224260704700BF6C5B0400034A0260AA
:105250000022C0E90122C0E9032270473C5B040040
:105260002DE9F041068945681EB32B68994224D088
:105270002A46002003E052F8044F8C4217D0013038
:10528000B042F8D1B1F804808F1D002404E001344D
:10529000A6420ED055F8043F9A889045F7D1991D43
:1052A000424638461FF007FE0028F0D12046BDE8F0
:1052B000F0814FF0FF30BDE8F0810020F7E700BF3C
:1052C000704700BFFCF7BABA014B1B6818697047FA
:1052D00094390020014B1B6898697047943900206D
:1052E000014B1B68188C704794390020014B1B68D8
:1052F000D86B7047943900200268F8B544F2102347
:105300009A4200D0FEE74368194A1968194F914242
:105310003B6014D00646188C174D8000FEF796FEB1
:105320003B6828601A8C002192001FF0F7FD3C6852
:10533000124B226829689A420D6006D0FEE740F2BF
:105340009F30BDE8F840FCF779BAB36822699A4209
:10535000F4D1FCF7C3FA3A680023156B04F140005E
:105360001A461946A847BDE8F840FCF78BBA00BFBB
:10537000718E3B929439002090390020708E3B92C0
:105380000148FFF7B9BF00BF0052040048B110F058
:10539000030207D1036823F00103D978F92903D068
:1053A00010467047002070471889A0F10600B0FA37
:1053B00080F04009704700BF70B505460C20FEF72D
:1053C00099FD044620B1154B03600023C0E9013369
:1053D0003DB1AB0705D12B6823F00103DA78F92A38
:1053E00001D0204670BD0E4A9342FAD12E89002E7C
:1053F000F7D02046FEF782FE63899E4203D93146EC
:10540000201DFFF747FEB2006968268160681FF023
:1054100061FD2046FEF780FE204670BD9C5B0400C7
:105420003C5B040038B50D46044608B1830714D030
:1054300040F29B30FCF702FA29462046FFF710FFA6
:10544000051E08DB2946201DFFF7AAFE294604F1A8
:105450000C00FFF7A5FE422038BD036823F00103CE
:10546000DA78F92AE4D1024A9342E5D0E0E700BFB6
:105470003C5B0400704700BFDFF8D8C02DE9F04363
:10548000C0F3072E044603FB0EFE304E30488CFB63
:105490000E87C4F307454FEAEE7ECEEB671E03FB93
:1054A00005F5C1F30729C1F30748C9B203FB01F7AA
:1054B00086F800E0E4B28CFB05E1ED1703FB04F491
:1054C000C5EB611575708CFB0415E41703FB09F936
:1054D000C4EB6515C2F3072EC2F30744D2B203FB37
:1054E00008F803FB0EFE03FB04F403FB02F38CFB42
:1054F00009214FEAE972C2EB6112B570F2704FEA0E
:10550000E8758CFB0812C5EB62158CFB0712FF17C0
:10551000C7EB62178CFB0E124FEAEE7ECEEB621EDB
:105520008CFB04128CFB03C1E417DB17C4EB621481
:10553000C3EB611335713146777186F806E0F4717B
:1055400033720922BDE8F04314F0B2B89839002054
:10555000802B00201F85EB5100221146104614239A
:10556000FFF78ABF024601461423FFF785BF00BF3D
:1055700010B5104882B00CF08FFC90B102460023A9
:1055800001A80C490CF02AFC0198B0F90210043073
:10559000FCF716FF044601A810F0BAFD204602B041
:1055A00010BD01460448FCF70BFF0446204602B03C
:1055B00010BD00BF302C0020606A040030B50346E7
:1055C00083B00E4CB0F904200D4601A8991D10F0CF
:1055D00017FE01A9002220460CF0E6F901A810F000
:1055E00097FD2A46102301210C20FCF7CFFD204611
:1055F00000210CF061FB03B030BD00BF302C002057
:1056000098B100B5014683B0B1F9042001A8063174
:1056100010F0F6FD01A9022204480CF01BF901A8C4
:1056200010F076FD03B05DF804FB7047302C0020CD
:10563000014628B142680348022308310CF0E0B863
:10564000704700BF302C0020F8B5051E21DD022771
:1056500029460020FCF7B6FE044600F10806FEF7D6
:105660004DFD3B46314662680D480CF041FB8542DA
:1056700009D001463046FCF7A5FE05462046FEF758
:105680004BFD2846F8BD20462546FEF745FD284639
:10569000F8BD03480CF000FC00270546D8E700BF22
:1056A000302C002070B50D4614460646FFF736F93B
:1056B00090B12846FFF732F970B13046FFF72EF966
:1056C00006462846FFF72AF93146024605480CF0FF
:1056D000D9F8054B01221A7021460248BDE87040F6
:1056E0000CF0C2B8302C0020F543002001460148E0
:1056F0000CF0BAB8302C002038B5094A094B02F139
:10570000E0042046A2F1180100251D700CF0BAF843
:1057100020464FF4E131BDE838400CF0A5B800BF99
:10572000502B0020F5430020014601480CF080BBBF
:10573000302C0020014601480CF094BB302C002096
:10574000024B1B7803B1704708F056BAF5430020AE
:10575000024B1B7803B1704708F04EBAF5430020A6
:1057600010B582B0B0F90420811D684610F048FDE4
:105770006A46022301A809490CF02CF90198B0F9F6
:1057800002100430FCF71CFE044601A810F0C0FC17
:10579000684610F0BDFC204602B010BD302C002041
:1057A00000B5831D83B0B0F9042069B9194601A87A
:1057B00010F026FD01A90C4803F000FD01A810F02F
:1057C000A7FC03B05DF804FB194601A810F018FD12
:1057D00001A90122044803F059FD01A810F098FC2A
:1057E00003B05DF804FB00BFE8370020014803F078
:1057F0007FBA00BFE837002070B50E46FDF7B8F954
:10580000044630460D46FDF7B3F902460B462046E6
:1058100029461BF0EDFFBDE87040FCF701BF00BF5B
:1058200008B5FDF7A5F91BF085FDBDE80840FCF7BC
:10583000F7BE00BF08B5FDF79BF91BF037FDBDE8CB
:105840000840FCF7EDBE00BF08B5FDF791F91BF06D
:10585000E1FCBDE80840FCF7E3BE00BF08B5FDF77A
:1058600087F9F7F72DFBBDE80840FCF7D9BE00BF6C
:1058700008B5FDF77DF91BF069FFBDE80840FCF7AE
:10588000CFBE00BF08B5FDF773F91BF0B7FEBDE84A
:105890000840FCF7C5BE00BF08B5FDF769F91CF06C
:1058A000D9F9BDE80840FCF7BBBE00BF08B5FBF75F
:1058B000D1FFFFF765FD002008BD00BF70B50A4AA3
:1058C00041F2502305460C46D05801210FF0ACFAA6
:1058D000022D22460CBF0221012110231520BDE814
:1058E0007040FCF753BC00BF00250020124A41F273
:1058F0005023D358E3B181F3080207EE902A9FEDBD
:105900000F7A9FED0F6ADFED0F6AF8EEE77A022853
:1059100067EE877A184687EE867A77EE267AFDEE6E
:10592000E77AF8EEE77A17EE901A02D00FF0C2BAD3
:1059300070470FF08DBA00BF00250020000088429C
:1059400000007F4300005042704700BF704700BF17
:10595000024B1B6803EB4000704700BF94390020E6
:10596000704700BF704700BF704700BF00487047D6
:1059700016FCFFFF704700BF704700BF82B070B5D4
:105980000C4684B005464968206802AC03C40399FC
:1059900008AC481084E80C00CB0745BF2A58029B8E
:1059A000029CD4580AAB2E1893E803008DE803003C
:1059B00008AB0CCB3046A04704B0BDE8704002B045
:1059C000704700BF10B50446D0F8E808036801210D
:1059D0001B6898470121D4F8E80812F087FCD4F836
:1059E0004818D4F8E00811F01BF9012384F8603856
:1059F00010BD00BF38B50446D0F8E808036800259C
:105A0000294684F860581B6898472946D4F8E80866
:105A1000BDE8384012F06ABC82B038B504A904462B
:105A200081E80C00D0F84808BDF8125018300EF08C
:105A300059FF18B925F00205012D05D12046BDE812
:105A4000384002B0FFF7BEBF2046BDE8384002B084
:105A5000FFF7D0BFFF2906D808B58900083002F04B
:105A600017FA002008BD6FF47A70704708B5083047
:105A700002F024FA0028B8BF0330801008BD00BF30
:105A8000D0F8DC3880F862185BB1D0F8682819B912
:105A90001146184611F082BF11461846012211F036
:105AA00051BF7047D0F8DC3880F863185BB1D0F88C
:105AB000642819B91146184611F070BF11461846EE
:105AC000002211F03FBF704770B5044682B0382005
:105AD0001FF0C9F904F1080513232A46064600936E
:105AE0001849194B11F04CFD0021C4F8DC68304610
:105AF00011F02EFED4F8DC0811F0FAFC81B2284631
:105B000002F0ECF94FF40041284602F0F1F994F864
:105B100062182046FFF7B4FF94F863182046FFF799
:105B2000C1FFD4F8D8380BB102B070BD284640F29E
:105B3000FF33054A04F66C0102F06AF9C4F8D8088C
:105B400002B070BD0010024000442C47044B18689E
:105B500010B1D0F8DC3803B17047FFF7B5BF00BF14
:105B6000A439002010B5044689B3D0F8DC3823B33B
:105B7000C388214A43F001030221C380C2F8841084
:105B8000BFF34F8FBFF36F8FD0F8DC0811F0D4FE56
:105B9000D4F86818D4F8DC0811F000FFD4F86418C1
:105BA000D4F8DC0811F0FAFED4F8DC0810B1036870
:105BB0009B6998470023C4F8DC3894F86038DBB25E
:105BC00084F861382046FFF715FF002010BDC38818
:105BD000DA0705D5D0F8DC2823F00103C38042B1F1
:105BE00094F86138002BF0D02046FFF7EBFE002040
:105BF00010BDFFF769FFF3E700E100E070B5044670
:105C0000D0F8DC0894F86358002384F863380E4613
:105C100018B1D4F8641811F0C1FEC4F864682946BC
:105C20002046BDE87040FFF73DBF00BF70B500F1F2
:105C300008040CF0E1FB0646204602F07DF905461B
:105C4000204602F07FF96DB105F5B5550C35B5422A
:105C500008D830B100F5B2500830B0428CBF0020F7
:105C6000012070BD012070BD2DE9F04F83B0DDE94A
:105C70000C9ABDF83880002B3BD0B9F1000F35D01D
:105C80000F2902D1B8F1C00F33D1074628201D4695
:105C90000E4693461FF0E7F8044610300FF068FEFA
:105CA00018202680A4F802B01FF0DDF8CDE9009A94
:105CB00006466B46024603CB46F80C5B00233D6864
:105CC000D36048F002087360E360506091600E4951
:105CD0005161C4E90833A4F80480A2606B683846B7
:105CE0002146984740B903B0BDE8F08F1AF0010F84
:105CF000C6D16FF47A70F6E720460AF039FD2046E7
:105D00001FF0AAF80148EEE77D59020016FCFFFFDC
:105D100070B50446D0F8DC081B4B236048B1D4F8BA
:105D2000681811F03BFED4F86418D4F8DC0811F0C0
:105D300035FE164BC4F8F43803F18402A833C4F8D6
:105D40000C29C4F81439124E002504F5126010F025
:105D50004DF904F60C10C4F80C69A4F8125909F0B6
:105D6000A5FE04F50F6002F091FF04F66C0002F04E
:105D700093FC04F1080001F027FE20462660E58030
:105D800009F094FE204670BDD45B040090670400C7
:105D90000470040010B50446FFF7BAFF20461FF058
:105DA0005BF8204610BD00BF2DE9F04F774D056030
:105DB0008BB000250646456004468B4692461F463A
:105DC000DDF8509009F002FE714B46F8083B40F2B6
:105DD000FF3203236F49304601F0B0FD04F66C0832
:105DE000012284F8605884F8622884F8632840F619
:105DF000C2314AF64442C4F864B8C4F868A884F8CA
:105E00006158404602F07EFC159BC4F8E8384146D4
:105E1000C4F8D858C4F8DC58C4F8E078C4F8E4985A
:105E200004F50F6002F030FF31462B2204F6F40037
:105E300003F0E0FC584A1168002900F0A4804046B5
:105E4000012102F017FF00224946384610F09AFE61
:105E50001621C4F84808384610F0FCFD002207213E
:105E6000D4F848084D4D10F0ABFB09F09FFD0746F4
:105E700050201EF0F8FFD4F848183A46064618316C
:105E80000FF044FCC4F8546830460FF0BDFA0746E2
:105E900048201EF0E8FF0A2202233946CDE90032ED
:105EA0003F4A012306460FF06DF9D4F85408C4F8B0
:105EB0004C6803689B689847804668201EF0D3FFB3
:105EC000384A019200261522CDE902264FF083427E
:105ED000354B00924146354A07460EF021FF2B68AC
:105EE000C4F85878A3B1324AD4F85478CDE90426DE
:105EF00004AA92E803003F894FF0C00C8DE803002C
:105F000032461846CDF808C039462346FFF7ACFEA6
:105F100050201EF0A8FFD4F84C1825222431064644
:105F20000FF0F4FB2B68C4F8506843B30026DFF889
:105F30008080CDF81880079606AA92E80300C02753
:105F40008DE8030032461846252123460297FFF7C5
:105F50008BFED4F848082D68314618300EF0B6FC98
:105F6000CDE908860AAB024613E9030002978DE8E3
:105F700003002346284640F2FF31FFF775FE204616
:105F80000BB0BDE8F08F146059E700BF0470040047
:105F9000D45B040000442C47A4390020CC3B0020F3
:105FA0000AD7A33D00005042000082420000AA42EE
:105FB000195A0200004870470C5C0400BFF34F8F71
:105FC0000549064BCA6802F4E0621343CB60BFF395
:105FD0004F8F00BFFDE700BF00ED00E00400FA05B1
:105FE00012DF7047704700BF08460AF08FBC00BF41
:105FF00013F0F8BA08460AF085BC00BF13F000BBE6
:10600000024A034901601060704700BFB4390020A4
:10601000345C040030B583B002AB002103F8011DED
:1060200005461846FFF7DCFF9DF80730012B1BD013
:10603000134A1448012313600424C2F80011D2F853
:106040000031002BFBD0D2F80835013C43EA002098
:10605000F3D1012353602B680B4A9B69934209D10A
:106060000AF054FC03B030BD2B68074A9B69054811
:106070009342F5D001462846984703B030BD00BF93
:1060800000D00040ED5EBC0BE95F0200034B1B68D3
:106090000BB10AF03DBC1846704700BFB439002070
:1060A0004FF08053586E704770B4174E174C0FCE98
:1060B00089B001AD0FC596E8070003C5002104F8BB
:1060C000051F4FF080532A705E6E0520012501EBFD
:1060D000810208AB1A44B6FBF0F300FB1363B3FB79
:1060E000F5F31A44013112F81C2C04F8012D05298E
:1060F000A6EB030600EB800005EB8505E7D103481E
:1061000009B070BC704700BFF05B0400A8390020E4
:1061100000B583B002A8002300F8013DFFF760FF3F
:106120009DF80700A0F10100B0FA80F0400903B02B
:106130005DF804FB08B5FFF741FF00BF014B186095
:10614000704700BFB03900202DE9804889B0DFF8E2
:106150007092079013F03CFA914A9249924D0023B5
:10616000C1F8103509F10404C2F810354846C2F8E8
:1061700014351C21C2F81835C2F81C35C2F8203578
:10618000C2F82435C2F828354FF0A043032201F5A8
:10619000E071844243F8212009D010F8011F1F2923
:1061A00086BF01F01F012B464FF0A043EFE77F4B66
:1061B0007D4D1C1D1A464FF0A0411523032003F509
:1061C000E073944241F8230009D012F8013F1F2BDD
:1061D00086BF03F01F0329464FF0A041EFE7734845
:1061E000714D15234FF0A041012404FA03F38242BC
:1061F000C1F80C3509D010F8013F1F2B86BF03F002
:106200001F0329464FF0A041EFE7694B694A1B681D
:1062100012680693DFF890A10592002303934FF0D4
:10622000010B059B002B00F0AF80039A934240F3D3
:10623000A98000230493604B01931B244FF0A048D6
:1062400000230293019B03F1040E029B272B6FDCBA
:10625000039B49F63F42052B49F6404C40F69F739D
:10626000ACBF4FF47A6C1346019E504F49F6404242
:10627000654604200441E407CC464FF01C010FD5CD
:106280001F2943D84FF0A0440BFA01F1C4F80C15B4
:1062900080B134781CF8011F01380441E407EFD4C1
:1062A0001F2937D84FF0A0440BFA01F1C4F80815A4
:1062B0000028EED15DB139781F2986BF01F01F019A
:1062C00050464FF0A0400BFA01F1C0F8081500212C
:1062D00002E00131914212D09942D8F80405F8D178
:1062E00038781F2886BF00F01F0054464FF0A044A6
:1062F00001310BFA00F09142C4F80C05ECD176455F
:1063000007F101070AD016F8014FB2E701F01F01AB
:106310005446B9E701F01F015446C5E7029B01331B
:10632000302B029309D0019B1C78029B272B8FDD19
:106330004FF0FF334FF0000C96E7049B591C0429E3
:106340002AD0012926D0049B012B14BF01230A2344
:106350001A48079A92FBF3F380FB0320DA17C2EB8B
:10636000A00202EB8202A3EB4203303305225BB2B0
:106370006FF09F0012FB0303069A0491D11801915C
:10638000D45C5DE7FFF71AFE0B4B0193059B04936A
:106390001B2453E76423DBE7039B0133039340E7AC
:1063A0000460004000600040000300501C5C0400DA
:1063B000C8200020B0390020145C040067666666BF
:1063C000245C040008B50846FBF738FA08BD00BF96
:1063D0004FF0FF30704700BF054B186828B10368C5
:1063E000044ADB69934202D1704713F0F9B81847A9
:1063F000B4390020E55F02000048704716FCFFFF3B
:1064000010B5074B03F1080248330446026040F818
:106410003C3F0CF0FFF8204601F066FE204610BD20
:10642000545C0400A0F13C00FFF7EABF094B10B533
:1064300003F1080248330446026040F83C3F0CF088
:10644000E9F8204601F050FE20461EF005FD2046EA
:1064500010BD00BF545C0400A0F13C00FFF7E6BF94
:106460002DE9F041044682B01820154688461EF0FA
:10647000FAFC012607461B220C4913F02BF82B4689
:10648000424639462046009601F06CFF2A462146D6
:1064900004F13C000CF0E8F8054B204603F108023B
:1064A00048332260E36302B0BDE8F08100B00140F0
:1064B000545C0400F8B54FF400620646426304469B
:1064C00056F8640B03680025DF6931460B23B84793
:1064D000294684F88B5084F8805084F8755084F8ED
:1064E0009050102204F181001DF0ACFD294660643B
:1064F000102204F176001DF0A5FD656B2368E064B1
:1065000005F50065E5631A68676C126B18469047DD
:106510002844874203D3E56C636CAB4201D300206F
:10652000F8BD20680368DB6A98478542F7D2304699
:106530000E2203491EF0BFFCB0FA80F04009F8BDFE
:10654000B85C040010B50446C0E9012301600423CF
:1065500008314FF480720C3007F01AFF002201213D
:1065600004F1240009F090FF04F198000FF06AFE96
:106570000023C4E91433A363236223646363E363E6
:106580006364A365E36484F85C3084F85D3023665B
:10659000C4F89430204610BD30B5036ADB078DB0D7
:1065A000044602D4FFF786FF90B12D2200216846F1
:1065B0001EF0B4FC2068616B03686A461D6A0B23F9
:1065C000A8472068E16C03686A461D6A0123A84752
:1065D000236A23F0010323620DB030BD38B500F10A
:1065E00024040546204609F059FF2846FFF7D4FF4A
:1065F0002046BDE8384009F089BF00BF10B5044609
:1066000098300FF085FD204610BD00BFC16000200E
:10661000704700BF014B1880704700BFE443002063
:1066200010B5044B036000230446C38009F03EFA12
:10663000204610BD0470040010B5064B0360002313
:106640000446C38009F032FA20461EF005FC2046BD
:1066500010BD00BF0470040082B070B50C4684B059
:1066600005464968206802AC03C4039908AC481089
:1066700084E80C00CB0745BF2A58029B029CD458E3
:106680000AAB2E1893E803008DE8030008AB0CCB8F
:106690003046A04704B0BDE8704002B0704700BF6C
:1066A00010B5006A84B0026800230093146AE021E8
:1066B0000DF10F02A04704B010BD00BF2DE9F84353
:1066C000154D05600025044645601F4689469046E5
:1066D000BDF8206009F07AF910482060C4E90898F4
:1066E000A7622A4604F12C00012109F0CDFEE388BF
:1066F000256143F480430020002143F004036561D9
:10670000A561C4E91001E563A4F84850A680E380C0
:106710002046BDE8F88300BF047004001C5D04003F
:10672000C3885B0700D47047FFF7BABF30B5C38892
:106730005B0783B004460D4601D5FFF7B1FF206A21
:106740002A6801685388002400940C6A0432E0210E
:10675000A04703B030BD00BF70B50646486AD0F808
:106760003C33B0F842435B6884B000F54F700D468F
:106770009847B0FA80F0C4F300244009A04215D035
:1067800003A801220C210FF007FCEB885B071DD446
:10679000286A039A0368002100919C6A04320C2342
:1067A000E021A04740B103A80FF020FC30460FF0D5
:1067B000EDFB304604B070BD03A930460FF00EFC6F
:1067C00003A80FF013FC304604B070BD2846FFF755
:1067D00067FFDDE770B50C4682B0064668460FF0ED
:1067E000D5FBE38843F00103E380012501200AF093
:1067F00089F8214601A8FFF7AFFF01A968460FF00D
:10680000FDFB01A80FF0F2FB009B5A88691CE2B166
:106810001A79202A1DD1E2885B79920601D5392B9D
:106820001FD0312B11D0022168460FF065FCE388A0
:1068300023F00103E380694630460FF0CFFB684642
:106840000FF0D4FB304602B070BD132D0CDC0D46AA
:10685000CCE7132AE7D059790E4809F0DFFFC11CB5
:10686000E2E701210D46C1E70122022101A80FF054
:1068700093FB019B3822202119715A71E38823F080
:106880000103E38001A930460FF0A8FB01A80FF037
:10689000ADFBD4E7CC5C0400F0B5164683B00D46E2
:1068A0001F4604460FF072FB314601A80FF096FB1D
:1068B00001A92846FFF73AFF00B92FB901A80FF048
:1068C00095FB204603B0F0BD01A80FF08FFB2946D1
:1068D00001A8FFF77FFF01A920460FF08FFB01A859
:1068E0000FF084FB204603B0F0BD00BF70B582B04E
:1068F0001646044601220D46684602210FF04CFB65
:1069000020460FF043FB009B10225E711A7169460E
:1069100001A80FF063FB01A92846FFF707FF064611
:1069200001A80FF063FB56B9294601A8FFF752FFF3
:1069300001A920460FF062FB01A80FF057FB684643
:106940000FF054FB204602B070BD00BF30B5CB88BD
:106950009B0783B00C46054606D5A068A38928602E
:106960002846AB8003B030BD68460FF00FFB012214
:1069700001A82146FFF7BAFF01A968460FF03EFBC8
:1069800001A80FF033FB009BB3F80730A38102226C
:1069900001A82146FFF7AAFF01A968460FF02EFBC8
:1069A00001A80FF023FB009BB3F807302381022BD3
:1069B00003D1E38843F02003E3800322214601A8AA
:1069C000FFF794FF01A968460FF018FB01A80FF02C
:1069D0000DFB009AA189B2F80720E388628149F68D
:1069E0000412914243F0020016BF23F0040343F067
:1069F000060343F00203E080E38068460FF0F6FAF6
:106A0000ABE700BF70B584B006460C4601A8012272
:106A100004210FF0C1FA019A0823012584F0010432
:106A20001221D47111715371957101A90DEB0300FD
:106A30000FF0D4FA2B46314602AA03A8FFF72CFF29
:106A400003A80FF0D3FA02A80FF0D0FA01A80FF0B4
:106A5000CDFA04B070BD00BF70B5012184B0054609
:106A6000FFF7D0FF0021012009F034F801A801222E
:106A700004210FF091FA019B08220124122607201D
:106A800001A91E715871DA719C710DEB02000FF0B3
:106A9000A5FA234602AA294603A8FFF7FDFE03A88C
:106AA0000FF0A4FA02A80FF0A1FA0A2009F02AFFB9
:106AB000686A032100F54F7011F036FC4FF08043F7
:106AC00001A8C3F800450FF091FA04B070BD00BFF3
:106AD000C388DB0700D5704730B50446406AD0F85C
:106AE0003C33B0F842535B6883B000F54F70984771
:106AF000B0FA80F0C5F300254009A84213D06846DB
:106B00000FF044FA01A82146FFF726FE01A96846C6
:106B10000FF074FA01A80FF069FA009B5A8822B9A5
:106B200068460FF063FA03B030BD1A79112AF7D125
:106B30005A79092AF4D19A79012AF1D1DB79032B08
:106B4000EED12046FFF788FFEAE700BFC38870B5A3
:106B500013F0010403D0114B00221A6070BD0546EA
:106B6000406AD0F83C33B0F842635B6800F54F7080
:106B70009847B0FA80F0C6F300264009B042EAD048
:106B8000064A13681D2B02DC0133136070BD2846D2
:106B90001460BDE87040FFF79BBF00BFB83900200C
:106BA000C38819B923F00103C380704743F0010380
:106BB000C380704708B509F051FC003018BF0120B0
:106BC00008BD00BF2DE9184804460BF005FCD4E9C8
:106BD0001023821A61EB0303002B08BFB2F5FA7F82
:106BE00006D3E06B0028CCBF00200120BDE8188848
:106BF0000020BDE8188800BF2DE9F04F8BB0054696
:106C000099469DF8503004930C46019190460BF044
:106C1000F3FBAB6A002B00F0008106460F460BF039
:106C2000EBFB82468B467CB1894508BF8045C0F0AE
:106C3000F280B8EB0A0069EB0B01794A00238B4222
:106C400008BF824280F0E78028460121FFF7DAFE84
:106C5000049B002B0CBF01200220002108F03AFF0A
:106C600008A80BF09BFCCDE90201A86A4269036801
:106C7000D2F848150591D2F804130691D2F80413FE
:106C8000DB69C2F80813C2680792664A934240F073
:106C9000BA80654BC360DFF8A4A10023AAF80030D6
:106CA000049B002B00F09C80686A032100F54F7064
:106CB00011F03AFB5D4B40221A60A86A089A0368FB
:106CC0000221DB6B9847A86A03689B6A9847DDE955
:106CD0000223B8F10D0049F1FF31921B63EB07036A
:106CE000801B61EB070192185B41801A61EB030185
:106CF000089C002600278046894628E04F4508BFAB
:106D0000464529D2B8EB060269EB07034848002143
:106D1000994208BF904200D20246A86A0368022145
:106D20002244DB6B984730BFA86A03689B6C984786
:106D3000041B3619834647F100070BF05DFBBAF8D8
:106D400000309BB200213BB1AAF800105C46019BC9
:106D5000002BD3D1364AE0E7686A002100F54F7076
:106D600011F0E2FA0499002933D0A86A03681B6B7A
:106D70009847A86A43690268D3F80413D269C3F834
:106D8000081328498A4241D1079AC260059AC3F87C
:106D9000482500220023194610460BF00FFCAB6A71
:106DA000049A5B69002A069AC3F804230CBF0320E7
:106DB0000420002108F08EFE00212846FFF722FE65
:106DC0000BF00AFBC5E91001002318460BB0BDE823
:106DD000F08F159B002BC8D0184611F0A5FAC4E718
:106DE000159B002B3FF460AF1B6815985B689847B4
:106DF000159B1598DB8813F4807F0CBF03210221BB
:106E000011F092FA50E70849984744E707999047EC
:106E1000AB6A5B69BAE7074BD7E7074BD5E700BF1B
:106E20009F8601000D6602001566020000E100E089
:106E3000BFBDF0FF09FCFFFF16FCFFFFE44300208D
:106E400070B584B004AB0024002563E90245064612
:106E500018460BF0CBFB002501240146DDE9022397
:106E60003046CDE90045FFF7C7FE04B070BD00BF56
:106E70002DE9F041044682B00E4615461030984682
:106E8000BDF828700EF074FD2680658018201DF076
:106E9000EAFF08AB054693E803006A4682E8030070
:106EA0002E4603CA46F80C8B0023084AEB6047F0D5
:106EB0000207736068602046A780A560E360C4E9AC
:106EC0000833A9606A6102B0BDE8F081596602002A
:106ED00010B5104B1C6890B0CCB10F4A0492002240
:106EE000059204AA034692E8030010228DE80300ED
:106EF000029240F2FF31052206A8FFF7B9FF23688E
:106F000006A99B682046984706A809F031FC10B0F6
:106F100010BD00BFCC3B00205D6F020038B50446B9
:106F2000002009F0A3FA2046FFF7D2FF2046FFF722
:106F300087FF054604F12C0009F0FCFA284638BD0D
:106F400010B504462C3009F0F5FA002009F08EFA4D
:106F50002046BDE81040FFF7BBBF00BF82B08DE800
:106F60000C00BDF8002040F2FF339A4201D002B07D
:106F70007047BDF80230052BF9D102B0FFF7E0BF32
:106F80004CDF704710B5044B036000230446C380F8
:106F900008F08CFD204610BD0470040010B5064BAF
:106FA000036000230446C38008F080FD20461DF0E6
:106FB00053FF204610BD00BF0470040070B5094B9C
:106FC00003600025044645600E4608F0FFFC4FF4C0
:106FD0007A73054A2561E360A680A5602260204699
:106FE00070BD00BF04700400405D040010B5C3888C
:106FF00043F48043C38086B004460BF0EDF9A268E9
:107000000023994208BF904202D2002006B010BD72
:1070100000230193FFF77CF808BB134B01221A6091
:10702000D3F80021002AFBD00022C3F80021D3F8B6
:107030000825019201215960002AB8BF033292103D
:1070400022820BF0C9F9E368A18818440123A060EB
:107050001A4602A80EF06CFC002006B010BD01A874
:10706000FFF78EFF019AE7E700C0004010B5044625
:10707000FFF7BCFFB4F91000B4F91230C01A10BD0C
:10708000FFF7B4BF38B504460D46FFF7AFFFE56024
:1070900038BD00BFC0687047002070470368DB6AD6
:1070A000184700BFA0F10800FFF7F8BF094B10B563
:1070B00003F10802483304460260836018300FF081
:1070C00027F8054B236000232046E38008F0EEFC00
:1070D000204610BDA45D0400047004000B4B03F1B6
:1070E0000802483310B504460260836018300FF080
:1070F0000FF8074B23600023E380204608F0D6FCFE
:1071000020461DF0A9FE204610BD00BFA45D04006E
:1071100004700400002070472DE9F041104D056017
:1071200000254560044617461E468846BDF818509F
:1071300008F04CFC0B48C4F80C8000F10801483002
:10714000A060C4E90476216004F118000FF07AF819
:1071500040221823A580A262E3802046BDE8F0818A
:1071600004700400A45D04002DE9F04F032B85B0EA
:1071700082460D461746194603A8B8BF03210122CF
:107180009B460EF009FF4FF014094FF00008012153
:107190006869FFF705FDE8683A6801685388CDF82B
:1071A00000800C6A0432E421A047064600285ED124
:1071B0003B681B790C2B38D1EB8813F0400F14BFC0
:1071C0006420142009F020F82869D0F83C33B0F886
:1071D00042435B6800F54F709847B0FA80F0C4F303
:1071E00000244009A04224D0002211464FF0FF3372
:1071F00003A80EF029FFE868039A01685388CDF8C8
:1072000000808C6A0432E421A0470646B8B9039A8C
:107210003968137909798B4230D0E888800619D50E
:10722000202B0CD15379392B09D1012008F0ECFF28
:10723000CAE70136012008F0E7FF142EC4D1B9F1E6
:107240000109A4D168694946FFF7AAFC50460EF02F
:107250009DFE1FE0002BE8D0202BF0D153799942FE
:10726000E3D0002BE1D0B9F1010990D1EAE7012088
:1072700008F0CAFFB9F1010989D1E3E7014668695D
:10728000FFF78EFC594603A80EF036FF03A95046BF
:107290000EF0A4FE03A80EF0A9FE504605B0BDE80E
:1072A000F08F00BF2DE9F0410D4684B006464869D5
:1072B00098461746FFF734FAEB88DB0611D403AC87
:1072C000394620460EF08AFE43462246294630467D
:1072D000FFF74AFF20460EF089FE304604B0BDE8B5
:1072E000F0810122114601A80EF056FE3A68019B7A
:1072F0001279032A0CBF062203221A7101A902A8DF
:107300000EF06CFE03210A4809F088FA03AC03462C
:1073100002AA29462046FFF727FF20460EF066FE08
:1073200002A80EF063FE01A80EF060FEC8E700BFE1
:107330005C5D0400F0B585B0044616460F46012298
:10734000082101A81D460EF027FE20460EF01EFE65
:1073500046F02060019E07F0BFFDAD00706028463A
:1073600007F0BAFD01A9B06002A80EF037FE05F1E2
:10737000080302AA394603A8FFF794FF03A9204691
:107380000EF03CFE03A80EF031FE02A80EF02EFE19
:1073900023685B88082B0FD803A80EF0F7FD03A91C
:1073A00020460EF02BFE03A80EF020FE01A80EF0E2
:1073B0001DFE204605B0F0BD002220464FF0FF33F1
:1073C00008210EF05BFE23685988204608390EF02C
:1073D00093FE01A80EF00AFE204605B0F0BD00BFE6
:1073E00030B583B00C46014601A81D46FFF7A2FF49
:1073F00001994B885BB12046AA0004311DF06AFD5B
:10740000002401A80EF0F2FD204603B030BD014C6F
:10741000F7E700BF0CFCFFFFA0F10800FFF7E0BF9B
:107420002DE9F04F804685B068464FEA83090D4646
:1074300093460EF0ABFDD8F828104945A8BF494641
:107440000831012201A80EF0A7FD09EB050A01A8E9
:107450004FF0FF330022FF210EF0F6FD55453DD2DF
:10746000002601E0AA4539D9D8F82830019FA9EBB8
:1074700006049C4245F03060A8BF1C4607F02CFD76
:107480007860204607F028FD26F003012246B86008
:10749000594407F10C001DF01DFD04F1080101A87D
:1074A0000EF02AFE01A902A80EF098FD092302AAF7
:1074B000414603A8FFF7F6FE03A968460EF09EFDBD
:1074C00003A80EF093FD02A80EF090FD009B5B88D0
:1074D00025442644002BC5D1064C00E0002401A819
:1074E0000EF084FD68460EF081FD204605B0BDE833
:1074F000F08F00BF0EFCFFFFA0F10800FFF790BF68
:1075000070B5154682B0012204460E466846114603
:107510000EF042FD009B69461D7101A80EF05EFD54
:107520002946094809F07AF901AA0346314620465E
:10753000FFF7B8FE01A80EF059FD68460EF056FDA3
:10754000204602B070BD00BF5C5D040010B5C3886A
:107550009B0784B0044609D5636A00209AB262F39F
:107560000F001B0C63F31F4004B010BD01A80EF008
:107570000DFD072202A82146FFF7C2FF02A901A8BC
:107580000EF03CFD02A80EF031FD019B5A88B2B905
:107590000622214602A8FFF7B3FF02A901A80EF0B8
:1075A0002DFD02A80EF022FD019B5A881AB901A8F0
:1075B0000EF01CFDD0E75B7984F82630F7E7B3F8CE
:1075C000050007F09BFC0622A084214602A8FFF7D5
:1075D00097FF02A901A80EF011FD02A80EF006FD0A
:1075E000019B5A88002AE2D05B79A28C84F826306D
:1075F00002FB03F3B3F5F83F05DD4FF4F83393FBDB
:10760000F2F284F8262002A86169FFF79FF9BDF81D
:107610000830012BE38814D023F0100343F0280333
:107620004022E380A262BDF80C2002F5CD427B32FD
:1076300092B2012A98BF43F0400343F00203E38073
:10764000B5E7402243F01803E380A262EBE700BFF6
:107650002DE9F04788B006460D461746082101225D
:1076600001A80EF099FC02A80EF090FC03A80EF001
:107670008DFC04A80EF08AFC3046FFF767FFB48C3F
:1076800096F826300590B90001EB050904FB03F3D9
:10769000994500F2D680B9FBF4F7B5FBF4F304FB8F
:1076A00007F7B9EB070204FB03FA08BF3F1B554578
:1076B00000F0C180A21A04FB1353B2FBF4F104FBE7
:1076C0001124002B40F08F80002C7DD1F3881B0704
:1076D0003ED5BA455ED8544607AD03E0B38C1C4492
:1076E000BC4257D844F04060DDF8048007F0F4FB5A
:1076F000C8F80400204607F0EFFB01A9C8F808000D
:1077000006A80EF06BFC012306AA31462846FFF7B7
:10771000C9FD294602A80EF071FC28460EF066FC51
:1077200006A80EF063FC029B5B88002BD6D1464C6A
:1077300004A80EF05BFC03A80EF058FC02A80EF0A3
:1077400055FC01A80EF052FC204608B0BDE8F087B9
:107750004AF04060019C07F0BFFB6060384607F0CC
:10776000BBFB01A9A06006A80EF038FC012306AA05
:1077700007A83146FFF796FD07A902A80EF03EFCC8
:1077800007A80EF033FC06A80EF030FC029B5B88C5
:10779000002BCCD0039B5B88002B36D1049B5C88EC
:1077A000002CC5D004A907A80EF018FC079A316870
:1077B00053880C6A9B08494604323046A04707A804
:1077C0000EF014FC0024B3E707ADA30828464A4690
:1077D0003146FFF7AFFD294604A80EF00FFC2846FE
:1077E0000EF004FC72E707AD9B082846524631466E
:1077F000FFF7A0FD294603A80EF000FC28460EF076
:10780000F5FB002C3FF462AFDEE703A907A80EF0FA
:10781000E5FB079A316853880C6A9B08514604328D
:107820003046A04707A80EF0E1FB049B5C88002CC3
:107830003FF47EAFB6E7601B384488427FF43AAF2E
:1078400044E76FF47A7473E70EFCFFFF30B504462B
:1078500083B00D46FFF77AFEA28C29469208204697
:1078600003B0BDE83040FFF7F3BE00BFA0F1080051
:10787000FFF7ECBF10B5044682B0FFF767FEA38C9C
:1078800094F8260000FB03F002B010BDA0F1080040
:10789000FFF7F0BF10B5044682B0FFF757FEA08C8B
:1078A00002B010BDA0F10800FFF7F4BF02460020AF
:1078B000D3680133D36070470B6881601B6808464A
:1078C000184700BF8068003018BF0120704700BF14
:1078D000D0F81408704700BFCB1E012B05D94B1EF2
:1078E000012B02D96FF47A7070474B1C03EBD373F2
:1078F0005B10C0F81418C0F818380020704700BF9B
:1079000000F501600068704710B5044B044640F86C
:10791000083B0EF06BFB204610BD00BF105E04005C
:1079200010B5054B044640F8083B0EF05FFB2046BF
:107930001DF092FA204610BD105E0400F0B4214CF8
:1079400004600226032400F61C05C0F81448C0F8A1
:10795000186800244FF07E56C0E901442E6000F6FE
:1079600024054FF0000CC0F820480127C5F800C0DE
:1079700000F503660024002580F82878C6E9004554
:10798000DE1E00F63807012EC7E9004510D95C1E3F
:10799000012C0DD992B207EE902A00F50162F8EEA3
:1079A000677A00F60C031160F0BCC3ED007A7047F3
:1079B0005C1C04EBD4746410C0F81438C0F8184888
:1079C000E8E700BF245E0400F8B5104B104E114FDD
:1079D000036005466C68A4B16068E26B03686A6086
:1079E000DB68984723689B68B34220460BD140F878
:1079F000087B0EF0FBFA20461DF02EFA6C68002C76
:107A0000EAD12846F8BD9847E4E700BF245E0400A9
:107A100021790200105E040038B54B684FF07E52A9
:107A20000A631A6805460C461846126905F5016591
:107A3000904795ED006A9FED117AD4ED067AD4ED6A
:107A4000075A6063C7EE276A431C03EBD37320F029
:107A500002005B100128A36385EE867AC4ED096AF3
:107A600084ED0A7A02D00023236238BDBEEE007A8C
:107A700067EE877AC4ED087A38BD00BF00C07F4446
:107A80002DE9F04F2DED048B8DB00C460291059041
:107A90000AF0B2FC6468CDE90601002C00F0978181
:107AA000029B4FF40072D3F8183892FBF3F2029B5A
:107AB000002A03F10C03049306DD002103EB82028C
:107AC00043F8041B9A42FBD1CC4EDFEDCD8A012551
:107AD000A346DBF83470DBF83C30039347B95946D2
:107AE0000298FFF799FFDBF83470002F00F0A180B7
:107AF000029BDBED0A7AD3F818284FF4007AF5EEF2
:107B0000407A9AFBF2FA0AF1030A03EB8A02F1EED9
:107B100010FA019209D103F5016292ED007ADBEDD2
:107B2000076AC6EE877ACBED0A7A019B1946049B59
:107B300099427ED99946DBF80820DBF83830528824
:107B400092FBF3F207EE102ADBED0B7ADBED0A6A0B
:107B5000019AB8EEC77AA2EB090437EE677AA4104F
:107B600087EE268ABDEEC88A18EE108AA045A8BF07
:107B7000A046B8F1000F34D04546CA4607EE103A89
:107B800001E09BED0E7ADBF8102056F82730B8EEB6
:107B9000C77A67EE277AFDEEE77A17EE900A10446F
:107BA000984706EE900ADBED087A9BED097A9AED8C
:107BB000006ADBED0C5AF8EEE66A013D76EEA77A34
:107BC00067EE877AA5EEA76AAAEC016A9BED0B7AAD
:107BD000DBED0A7A77EE277ACBED0B7AD1D109EB80
:107BE000880918EE103A9C4220DDDBF80C3003B314
:107BF000DBF804100A68013BCBF80C3008A81368C6
:107C0000984708A90BF108000EF0F8F908A80EF043
:107C1000EDF9DBF80820CBED0B8A131DCBF8103003
:107C200051880B44CBF81430538813B1019B99450C
:107C300081D3DDF80CB0BBF1000F7FF44AAF029B9B
:107C40002C46184693F82818002D40F0848079B10E
:107C5000029BDDE9060103F6380283F82848C2E9F1
:107C600000010123022240F6D63108A80DF060FE83
:107C700001224FF4007108A80EF08EF90299089CB9
:107C80009FED607A01F60C0201F61C0392ED008A6A
:107C9000D3ED007AD1F814386288D1F8181892FB25
:107CA000F1F268EE277A032B04F10404C7EE879AF9
:107CB00000F08480012BF6EE008A28EE289A00F06E
:107CC000978068EE688AB0EE498A9FED4F9A551EFC
:107CD0007AB3B8EEC99A4D4E049FDDF8088001E0F2
:107CE000D8F81438F7EC017AD8F8202856F8233061
:107CF000B0EE497AA7EEA97A2046013DB4EE687A43
:107D0000F1EE10FAF0EE477A48BFF0EE687AF4EE42
:107D1000487AF1EE10FAC8BFF0EE487AFDEEE77A45
:107D200017EE901A11439847D8F818381C446B1C6A
:107D3000D6D1029B986803681B68984708A90598E4
:107D40000EF04CF908A80EF051F905980DB0BDECF5
:107D5000048BBDE8F08F03F62403D3ED007AF5EE33
:107D6000407AF1EE10FA0ED04FF40072D0F81838C5
:107D700092FBF3F2002A06DD049B03EB8202E3ECA4
:107D8000017A9A42FBD100297FF472AF0299DDE9B2
:107D900006450846012301F5036280F8283801F6FC
:107DA0003801C2E9004500240025C1E900451A4612
:107DB00040F6D63108A80DF0BBFD59E7B6EE009AA3
:107DC00028EE099ADFED0E8ABDEEC99A7FE7029B85
:107DD000986803681B68984701224FF40071059862
:107DE0000EF0DAF805980DB0BDEC048BBDE8F08F0D
:107DF000BDEEC99ADFED028A69E700BF802000204E
:107E00000000000000C07F4400000000A42000200B
:107E100070B505462DED028B402008EE902A0E46E7
:107E200008EE103A1DF01FF84022044600211DF014
:107E300075F82046154B40F8083B0EF0A7F8F5EE14
:107E4000408AF1EE10FA04BF05F50163D3ED008A14
:107E50006660B8EEC88A002300222146284684EDD9
:107E6000068AC4ED078AE262C4E903336361FFF75F
:107E7000D3FD33686A685B68E26330466C60214614
:107E80009847BDEC028B204670BD00BF105E040019
:107E9000B1F5806F0DD207EE901ADFED076AF8EEAC
:107EA000E77A00F61C0387EEA67A002083ED007ABD
:107EB00070476FF47A70704700C07F4400F61C0072
:107EC000D0ED007A9FED047A67EE877AFDEEE77ACF
:107ED00017EE900A704700BF00C07F4407EE901A6B
:107EE000F8EE677A00F60C00C0ED007A00207047CB
:107EF000C0F820180020704707EE901AF5EEC07AFF
:107F0000F1EE10FA10D49FED0A7AF4EEC77AF1EE92
:107F100010FA09DC9FED077A77EEC77A00F62400A5
:107F2000C0ED007A002070476FF47A70704700BF90
:107F3000000080440000004400F50360D0E9000127
:107F4000704700BF00F63800D0E90001704700BF5D
:107F500029DF704728DF704712DF7047022802D1FF
:107F6000014B01221A707047F64300200020704731
:107F7000C0687047D0E9023000FB03F0704700BFD3
:107F800010B54468084611199A001CF0A3FF0020A0
:107F900010BD00BF2DE9F04182B002AD4FF00008E6
:107FA00005F8018D446828461E460C441546FFF727
:107FB000D3FF9DF80730A3B11C4F87F8008002E083
:107FC0000A200AF0E5FA324629462046FFF7C0FFAC
:107FD0000028F5D13B78002BFCD0002002B0BDE892
:107FE000F081134A0123C2F80435D2F80034002B83
:107FF000FBD076B129460E4A05EB8605641A631854
:1080000051F8040B1860D2F80034002BFBD0A942C1
:10801000F5D1074A0023C2F80435D2F80034002B0A
:10802000FBD0002002B0BDE8F08100BFF643002085
:1080300000E0014002680549D2688A4204D1D0E9D3
:10804000022000FB02F07047104700BF757F02005E
:1080500070B582B002AB002203F8012D44680546DA
:1080600018460C44FFF778FF9DF8073093B1164E81
:10807000327002E00A200AF08BFAE868B4FBF0F0F4
:10808000FFF768FF0028F5D13378002BFCD00020E3
:1080900002B070BD0D4A0223C2F80435D2F8003494
:1080A000002BFBD00949C2F80845D1F80034002B59
:1080B000FBD00023054AC1F80435D2F80034002B68
:1080C000FBD0002002B070BDF643002000E001406C
:1080D00030B4034D0560C0E90112C36030BC704785
:1080E0004C5E0400704700BF10B5C388044A0260AC
:1080F00023F400530446C38008F0BCFF204610BDA3
:10810000705E040010B5C388064A026023F4005371
:108110000446C38008F0AEFF20461CF09DFE2046BA
:1081200010BD00BF705E0400F8B5C37D03B9F8BD93
:108130000446006A0368DB6A9847206A03681B6B81
:108140009847E369DA68002A1FDD6FF02F051A4FA0
:108150002D1B04F13002002612F9013B03F5A27336
:10816000A81847F82360E369D9688142F4DC002944
:108170000BDD00255B6953F8250003685B689847B1
:10818000E369DA680135AA42F4DC9A68002A0BDD5B
:1081900000251B6953F8250003685B689847E3696D
:1081A0009A680135AA42F4DCE388002223F0020336
:1081B000E380E275F8BD00BF0060004008B50346EB
:1081C00049B9094A12780AB9002008BD1B68DB6A60
:1081D0009847002008BD02680349C37D0B70136BEC
:1081E0009847002008BD00BFF74300202DE9F84F55
:1081F000C37DD0F81CB004460F4613B1C388DB071B
:1082000048D5DBF80C30002B40DD0123DFF8D89097
:10821000DFF8D880314EDFF8D8E09C4604F1300515
:1082200004F1350100209A1C2B700A70DBF8142031
:108230001258127D03F5A27A49EA022248F82A2050
:10824000226A11F901AB526900F5A27B0AF1A20A78
:108250005A4446F83A2011F9012C15F901ABA23223
:1082600006EBC2020EEB8A0AC2F804A011F9012C37
:108270000CFA02F2C6F80425D4F81CB0DBF80C2086
:108280009A4200F1040003F10103CCDCE38823F0FF
:108290000103E3809BF80830217B114D206ABA1E50
:1082A000012A9CBF0133DBB26375C3EB03139B0050
:1082B0000C4A92FBF3F202FB01F1A5FB0131C90B61
:1082C000C4E9092103680021DB6B9847236A5B69D5
:1082D0000122DA60A775BDE8F88F00BF00F0014009
:1082E000818080800024F4000300010000600040D1
:1082F0003060004038B50546817DFFF777FFEB69B8
:108300009A68002A0CDD00241B6953F824000368D6
:1083100000219B689847EB699A680134A242F3DC1C
:10832000DA68002A0CDD00245B6953F82400036836
:1083300000219B689847EB69DA680134A242F3DCBC
:10834000286A03685B6A9847286A03689B6A9847AB
:108350000123EB7538BD00BFC37D03B17047FFF744
:10836000C9BF00BFF8B5154604460E4652682968D5
:108370009DF8187008F0AAFE0021124BE5612662F4
:10838000A77523602176E1752175E162EB680E4ADD
:10839000052B146001DD2046F8BD336830469B6B29
:1083A0009847206A03684FF47A51DB6C9847236A38
:1083B000064ADA60E37D002BEDD12046FFF79AFFF5
:1083C0002046F8BD705E0400BC390020F58502002F
:1083D000807D70472DE9F047C269037D916805698A
:1083E0008B42044680F28F80126952F823000368A2
:1083F00000211B689847236A5B6901225A60237D2C
:10840000607DE169134493FBF0F200FB1233D8B2B4
:1084100020758A68934280F28B80CE688A69002E2C
:1084200002EB430238DD06350023267E10782189D1
:108430005778032E03D8DFE806F002463F4C07FBCF
:108440000151085CA17D266A11F0FD0F776903F1E7
:10845000010302D1002843D0FF20A16A03F5A876CA
:1084600001FB00F147F8261000293DD0E11891F9F1
:108470002F10890001F1804101F5C041D1F81005AC
:1084800020F48010C1F81005E169D1E9026098423A
:1084900002EB4602C9DC207D0B6953F8200003681B
:1084A00001211B689847236A5A690123D360226A15
:1084B00052691360BDE8F0876689F71BC04301FB72
:1084C0000751085CBEE700FB01116818F943405CE6
:1084D000B8E76689013E301A01FB0051C85DB1E77B
:1084E00003F5A87147F82100E11891F92F108900D0
:1084F00001F1804101F5C041D1F8100540F4801030
:10850000C1F81005C0E7D0E908315B69C288D3F82B
:108510004435890042F00302C3EB0323B3FBF1F3BC
:10852000C3F1FF03C362C280817DFFF75FFE62E794
:10853000D4E9080203689200DB6B00219847E369E5
:10854000DA68002A26DD4FF000086FF02F05274F6C
:1085500046462D1B04F1300919F9013B03F5A273BE
:1085600005EB090A47F82360D4E908230AF5A87146
:1085700052699B0042F82130E3695B6953F80800B7
:10858000036801211B689847E369DA68524508F1DE
:108590000408E1DC1B691868036800211B68984720
:1085A000E36994F930101B6910481B68104A1B7D61
:1085B00001F5A2711B0243F0011340F8213094F938
:1085C000303094F935109B00A23103F1804303F55C
:1085D000C24342F8313094F93510236AA2315B6905
:1085E00002EBC102443353605DE700BF006000400E
:1085F00000F00140024B186808B1FFF7EBBE70476E
:10860000BC39002010300DF02BBA00BF10B5837DAF
:1086100004469BB1012B04D0E3889B0709D5E06A8F
:1086200010BD03212046FFF7E1FDE38823F002039C
:10863000E380192007F0E8FDE06A10BD0221FFF792
:10864000D5FDE288A37D22F00202E280E2E700BFCE
:1086500010B5044608F0F2FC40B9217B636A044A75
:1086600003FB01F3A2FB0323DB0BA36210BD00BFDE
:1086700081808080C1607047C068003018BF0120D1
:10868000704700BF03207047806B07EE900AF8EE3A
:10869000E77A17EE900A70470F4B03F10802383360
:1086A00010B50446C0E900232C300DF09FFC04F106
:1086B00028000DF09BFC04F124000DF097FC04F160
:1086C00020000DF093FC054B63600023201D6381A7
:1086D00007F0ECF9204610BDA85E04000470040009
:1086E000A0F10400FFF7D8BF10B50446FFF7D4FF90
:1086F00020461CF0B1FB204610BD00BFA0F10400D5
:10870000FFF7F2BFF0B5274B04462748218100252B
:1087100083B0C4E900036581201D174607F056F9B0
:10872000224B2360303363602A4604F1100001219C
:1087300007F0AAFE04F1240601224FF4007104F1AF
:1087400020000DF029FC30460DF020FC04F128003B
:108750000DF01CFC294604F12C0001220DF01CFC3C
:1087600000234FF40071E36501226164E560C4E910
:108770000C55A56401A80DF00FFC01A930460DF0C1
:108780003DFC01A80DF032FC094AE263AF424FF014
:1087900000032046C4E91555C8BFA763A4F84030BC
:1087A00003B0F0BD0470040024740400B05E040043
:1087B00000C07F44036B1BB1438943F00403438132
:1087C000704700BF43895B0770B50446056B5FD4F3
:1087D000A16A2B46081D002B66D0503323634A88BC
:1087E000024493421DD3D1ED037A2063F5EEC07AA3
:1087F000F1EE10FA0EDB0026AD1B18BF0125266333
:1088000004F12C0104F128000DF0F8FBC4E9156611
:10881000284670BD04F1100007F09CFE0028EADC39
:10882000236B93ED027ADFED227A19685A6822658C
:10883000B5EEC07AF1EE10FA48BFB1EE477AC7EE56
:10884000276A0020E164A06503F13C0504F16001A2
:10885000D4ED0E7AF8EEE77A67EEA67AFDEEE77AC7
:10886000F8EEE76AC4ED157ADA699861012AB8BFB3
:10887000012207EE902AB8EEE77ADA61C6EE877A2F
:1088800014339D42E1EC017AEED10025284670BDFB
:108890000023036300F12C0128300DF0AFFBA16A27
:1088A000236B081D002B98D12063034697E700BF78
:1088B00000007A4438B50D460446FDF747F92B68A9
:1088C0005B884F2B1AD904F1100007F0E7FD294609
:1088D00004F128000DF092FB2046FFF773FF638937
:1088E00013F0010501D0002038BDE068026843F0B4
:1088F0000103638113689847284638BD6FF47A7086
:1089000038BD00BF2DE9F04F2DED068B8846D1E92B
:10891000151C8DB008F120039FEDB78ADFEDB7AAD3
:108920009FEDB7AA02900493002762468A4231D095
:10893000B8F80A3013F004032CD107938A423FDBC6
:10894000B8F80A309B0740F11D81079B002BEDD042
:10895000002F00F04581D8ED0F7AB8F84020B6EE30
:10896000007A67EE877A4F45FCEEE77A17EE903A89
:1089700043EA02039BB203D227F8023B4F45FBD3E5
:10898000049902980DF02AFB02980DB0BDEC068BFD
:10899000BDE8F08F4046FFF715FFD8F85410B8F83F
:1089A0000A30002940F08C80002840F08D805A0762
:1089B00000F18C80D8F8582001238A420793BFDA4F
:1089C000002F00F0E28008AB019308F160030393ED
:1089D00008F16C0BD8ED136A98ED0E7AD8ED0F8A7A
:1089E000D8ED147AD8F83030039C019D66EE886A81
:1089F000B8EEC77A68EEA78A86EE879A68EEAA8AEA
:108A0000F0EE4A9AE8EECA9A9E69D869F4EC017AC7
:108A100007EE106AB8EEC77A013867EE277A864209
:108A2000FDEEE77A03F11403E5EC017A08BF45F89F
:108A3000041CA345E8D1DDE908540A9BAC42A8BF59
:108A40002C469C42A8BF1C4613469C4255DD4F4510
:108A500096D0D8ED177AD8F83030FDEEE77AD3E922
:108A6000032017EE901A904707EE900AB8EE677A47
:108A7000F0EE696AE8EE876AD8F85820B8F8401036
:108A8000D8ED177ABCEEE67A79EE277A17EE100A5F
:108A9000F4EEC87A531C0843F1EE10FA27F8020BE3
:108AA0001A46C8ED177AC8F85830CEDD77EEC87A86
:108AB000F4EEC87AF1EE10FAF8DCC8ED177AC4E7E4
:108AC00013F0040271D008B1C8F8347023F0040226
:108AD000A8F80A2001230522B8F80810C8F8482091
:108AE00008A81A460CF024FF08F1100007F00EFD4C
:108AF00001230793D8E9151220E7AB424FF0000499
:108B0000BA46CDF8149008D0651C032D2C4630D001
:108B1000019951F82550AB42F6D14FEA840909EB8F
:108B20000406D8F83070B10007EB010EDEE906C686
:108B3000651C0691B44505EB850107EB81014046B4
:108B4000E3DADEF81460002E48D0B047D8F8307071
:108B5000069BD8F858203B441E461346D6F818C04A
:108B60004C4407EB84070CF10101032DB9612C463D
:108B7000CED1D8F85410DDF81490994257463FF7FB
:108B800029AFE2E6002F7FF4E0AED8F8347087B169
:108B9000D8F820300024181DC8F834405B888A4279
:108BA00000EB0309FFF60FAFCFE60792D8F8582085
:108BB000C4E608AC0122D8F8441020460DF0ECF9C8
:108BC000214604980DF01AFA20460DF00FFAD8F855
:108BD00020301F1DD8E915123846DFE7651CBFE7B6
:108BE00008A80DF0D3F908A904980DF007FA08A811
:108BF0000DF0FCF9C4E600BF000080440000803A9C
:108C000000000044F0B50C4601F1240685B0314661
:108C100007460DF0E3F9636B6D4633B128462146F4
:108C2000FFF770FE28460DF0E1F90023636304F1BD
:108C3000200130460DF0E2F921462846FFF762FE9A
:108C400028460DF0D3F9E06803681B689847A36CC9
:108C5000002B02DD013BA36413B1384605B0F0BD23
:108C600021892846012302220CF062FE384605B015
:108C7000F0BD00BF438919B923F002034381704757
:108C800043F002034381704701607047704700BFA3
:108C9000002928DD0378303B092B26D870B4044620
:108CA000642600204FF47A754A1E032A05D8DFE8AF
:108CB00002F01315100205FB03000129114606D02E
:108CC00014F8013F303B092BEED94FF0FF3070BC58
:108CD000704706FB0300F0E71844EEE703EB83035D
:108CE00000EB4300E9E7002070474FF0FF3070478A
:108CF0000068FFF75FBD00BF38B5041E0CDB00291C
:108D00000ADB480001300D4606F092FD641B20444A
:108D10000028B8BF404238BD4FF0FF3038BD00BF1B
:108D20002DE9F04F87B00C46084601210592FFF768
:108D3000AFFF04210390601CFFF7AAFF0421074640
:108D4000601DFFF7A5FF0421064604F10900FFF7A7
:108D50009FFF0221824604F10D00FFF799FF0421D5
:108D6000029004F11200FFF793FF0421814604F101
:108D70001A00FFF78DFF0421804604F11E00FFF763
:108D800087FF0221049004F12200FFF781FF0421F4
:108D9000019004F12400FFF77BFF0421834604F1D6
:108DA0002800FFF775FF0421054604F12C00FFF7AA
:108DB0006FFF01463046FFF79FFF0421064604F18E
:108DC0003000FFF765FF01464846FFF795FF042195
:108DD000814604F13400FFF75BFF01463846FFF798
:108DE0008BFF0421074604F13800FFF751FF0146CD
:108DF0004046FFF781FF0421804604F13C00FFF765
:108E000047FF01465046FFF777FF0421824604F1F1
:108E10004000FFF73DFF01465846FFF76DFF042174
:108E2000834604F14400FFF733FF01462846FFF76D
:108E300063FF711C18D0B9F1FF3F15D07A1C13D015
:108E4000B8F1FF3F10D0BAF1FF3F0DD0BBF1FF3FAB
:108E50000AD0431C08D0039B059A042B0AD8DFE8EC
:108E600003F07A7774710700002007B0BDE8F08F37
:108E70006E4BD36007EE906A07EE10AA049BD36195
:108E8000F8EEE77AF8EEC76A029BC2ED007AC2ED0F
:108E9000026A122B13D8DFE803F07A7D0A12128FD0
:108EA0008612776A776A776A776A776A610007EE6F
:108EB000909AF8EEE77A5E4BC2ED087A536140F281
:108EC000FF339F42A8BF1F469845A8BF984627EA90
:108ED000E77728EAE87807EE907A07EE108AF8EE4E
:108EE000E77A9FED546ADFED544A544B9362B8EE33
:108EF000C77A87EE865A24231363019B022BC7EEA1
:108F0000065A86EEA47A07EE900AF8EEE77A82ED2A
:108F1000015AC2ED0D5A67EE277A78D0032B03D0A1
:108F2000012B66D00120A0E707EE10BAFDEEE77A2C
:108F3000B8EEC77A424BC2ED117A82ED127AD36352
:108F4000012092E73F4BD36094E73F4BD36091E71A
:108F50003E4BD3608EE73E4BD3608BE707EE909A93
:108F6000F8EEE77A3B4BC2ED087A5361A7E73A4B3C
:108F70005361029B083B092BA1D8DFE803F036368A
:108F800032322E2E2A2A2626344B5361F1E7344BF7
:108F9000536194E707EE909AF8EEE77A314BC2ED11
:108FA000087A53618BE707EE909AF8EEE77A2E4B3A
:108FB000C2ED087A536182E707EE909AF8EEE77AFD
:108FC0002A4BC2ED087A536179E7294B1B6813627B
:108FD00075E7284B1B68136271E7274B1B68136208
:108FE0006DE7264B1B68136269E7254B1B6813620C
:108FF00065E707EE10BAFDEEE77AB8EEC77A214BC7
:10900000C2ED117A019882ED127AD3632DE707EE53
:1090100010BAFDEEE77AB8EEC77A1B4BC2ED117AB3
:1090200082ED127AD36301201FE700BFA55703002A
:10903000899A020000C07F4400401C46AD9C02009B
:10904000D59A0200C157030075570300A1570300CA
:1090500089570300D1C50100059C0200A99B0200AD
:10906000599A02005D9A02006D9B0200319B02003A
:109070006420002060200020542000205C2000207C
:1090800058200020659C0200899C020038B50C46DF
:109090000546364920460DF0EBF8002837D1344913
:1090A00020460DF0E5F860BB324920460DF0E0F8AF
:1090B00098BB314920460DF0DBF8A0BB2F49204674
:1090C0000DF0D6F8A0BB2E4920460DF0D1F8A0BB7C
:1090D0002C4920460DF0CCF8A0BB2B4920460DF0C2
:1090E000C7F8A0BB294920460DF0C2F8A0BB28490B
:1090F00020460DF0BDF8A0BB214628460DF09AF899
:1091000003E0244928460DF095F8284638BD224949
:1091100028460DF08FF8284638BD204928460DF026
:1091200089F8284638BD1E4928460DF083F8ECE73B
:109130001C4928460DF07EF8E7E71B4928460DF04C
:1091400079F8E2E7194928460DF074F8DDE7184987
:1091500028460DF06FF8D8E7164928460DF06AF852
:10916000D3E7154928460DF065F8CEE7EC39002025
:10917000E0390020E4390020C4390020D83900202B
:10918000E8390020F8390020F0390020FC390020AF
:10919000DC390020043A0020C0390020083A0020C1
:1091A000D4390020F43900200C3A0020CC390020BA
:1091B000C8390020D0390020003A00202DE9F041C4
:1091C00082B0064668460C460DF034F8694601A8A0
:1091D000FFF75CFF01A920460DF03AF801A80CF05A
:1091E00097FF68460CF094FF2568274BB5F90220DD
:1091F000541CA3FB0413E41A03EB5404A40904EB6A
:10920000C40304EBC303013B9A4202D002B0BDE8A1
:10921000F08104EB84073F013946012268460CF0D7
:10922000BBFE009B0433F4B12C1D1F44C4F149085C
:1092300001E049342B461A462146304603F15005D9
:10924000FFF76EFD08EB040338B1BD420BD0002BD5
:10925000EFDD94F848302C2BEBD068460CF0C6FEBE
:1092600002B0BDE8F0813468694601A80CF0B6FE92
:1092700001A92046FFF71EFB01A80CF0B7FE6846C7
:109280000CF0B4FEC2E700BF3970E0C030B503682F
:1092900083B004460D461889114606F029FE29467A
:1092A00001A80CF0C7FF01A92046FFF787FF01A81E
:1092B0000CF02EFF06F09EFF03B030BDF8B5664FF0
:1092C000664D674C674E684938460CF055FF2A4694
:1092D000214638461BF0C2FD644F654930460CF00C
:1092E0004BFF2A46214630461BF0B8FD614E6249CD
:1092F00038460CF041FF2A46214638461BF0AEFDA9
:109300005E4F5F4930460CF037FF2A462146304613
:109310001BF0A4FD5B4E5C4938460CF02DFF2A463D
:10932000214638461BF09AFD584F594930460CF0FB
:1093300023FF2A46214630461BF090FD554E5649E4
:1093400038460CF019FF2A46214638461BF086FDA8
:10935000524F534930460CF00FFF2A462146304603
:109360001BF07CFD4F4E504938460CF005FF2A4655
:10937000214638461BF072FD4C4F4D4930460CF0EB
:10938000FBFE2A46214630461BF068FD494E4A49FD
:1093900038460CF0F1FE2A46214638461BF05EFDA9
:1093A000464F474930460CF0E7FE2A4621463046F4
:1093B0001BF054FD434E444938460CF0DDFE2A466E
:1093C000214638461BF04AFD404F414930460CF0DB
:1093D000D3FE2A46214630461BF040FD3D4E3E4915
:1093E00038460CF0C9FE2A46214638461BF036FDA9
:1093F0003A4F3B4930460CF0BFFE2A4621463046E4
:109400001BF02CFD374E384938460CF0B5FE2A4685
:10941000214638461BF022FD344F354930460CF0CA
:10942000ABFE2A46214630461BF018FD314E32492C
:1094300038460CF0A1FE2A46214638461BF00EFDA8
:1094400030462E490CF098FE2A4621463046BDE8AB
:10945000F8401BF003BD00BFEC3900204020002085
:1094600011610300C0390020FC5E0400E0390020D7
:10947000045F0400043A002074600400E439002012
:109480007C600400083A002058610400C4390020C0
:1094900060610400D43900203C620400D839002007
:1094A00048620400F4390020DC620400E83900203E
:1094B000E06204000C3A002074630400F8390020D4
:1094C0007C630400CC39002010640400F0390020D3
:1094D00018640400C8390020AC640400FC39002082
:1094E000B4640400D039002048650400DC39002051
:1094F00050650400003A00209C650400A465040047
:109500006FF47D70704700BF6FF47D70704700BFCF
:1095100010B5036804465B6C9847236820465B6877
:10952000BDE81040184700BF6FF47D70704700BF62
:109530006FF47D70704700BF6FF47D70704700BF9F
:10954000C08800F00500003018BF0120704700BF40
:10955000C08800F00A00003018BF0120704700BF2B
:10956000C08810F0030018BF01207047C08800F0C9
:109570000C00003018BF0120704700BFC088C0F346
:10958000802070476FF47D70704700BF6FF47D706E
:10959000704700BF03684FF47A729B6B02FB01F1C6
:1095A000184700BF6FF47D70704700BF6FF47D7087
:1095B000704700BF08B50368DB6B9847024BA3FBFD
:1095C0000030800908BD00BFD34D62106FF47D707C
:1095D000704700BF6FF47D70704700BF01610020CD
:1095E000704700BF6FF47D70704700BF6FF47D70EF
:1095F000704700BF38B503689B6904460D4698471D
:1096000078B1236820465B689847B5FA85F35B0913
:10961000984206D1236829461B68204698470020B7
:1096200038BD014838BD00BF12FCFFFF0A7170470A
:10963000704700BF704700BF406B704703684FF42E
:109640007A729B6B02FB01F1184700BF006B7047F9
:1096500001207047806A003018BF0120704700BFAA
:10966000A0F12000FFF7F6BF10B504461BF0F4FB95
:10967000204610BD2DE91848C38B026D990704469A
:1096800007D56AB1BDE8188823F002039BB2E383D3
:10969000226D002AC4BF43F00203E383BDE81888AB
:1096A00008F09AFE236CB0EB030B61F1000CBCF1E7
:1096B000000F08BFBBF1650FE38BE5D29A07E1D439
:1096C000E6E700BFA0F11800FFF7D4BF0B4B10B5C1
:1096D00003F1080103F18C02B0330446016082619A
:1096E00003622C300CF082FC054BA361002304F1D3
:1096F0001800E38306F0DAF9204610BD88670400FD
:109700000470040038B50C4B03F1080103F18C021E
:10971000B033044640F8181C0260836014300CF02B
:1097200065FC064B236000232046E380A4F1180566
:1097300006F0BCF9284638BD8867040004700400B0
:1097400002680849D26B8A4208B505D1006B064B06
:10975000A3FB0030800908BD9047034BA3FB0030FA
:10976000800908BD4D960200D34D6210012070475C
:1097700038B50E4B03F1080103F18C02B0330446F7
:1097800040F8181C0260836014300CF02FFC084B6A
:1097900023600023E380A4F11805204606F086F933
:1097A00028461BF059FB284638BD00BF88670400D7
:1097B000047004000D4B03F1080103F18C02B03377
:1097C00010B504460160826103622C300CF00EFC7F
:1097D000074BA3610023E38304F1180006F066F948
:1097E00020461BF039FB204610BD00BF88670400EF
:1097F0000470040070B504461A4D02811A4B2560AE
:10980000022200254FF48070E0802271A36104F1F0
:1098100018002575C4E90355E5610E4606F0D6F833
:10982000124B666203F1080103F18C02B033216030
:10983000A261236204F12C0001224FF400710CF0AC
:10984000ABFBE38BE26A25630021043243F48043DF
:1098500080206063A56225642565A264E164E383DA
:10986000204670BD1C670400047004008867040073
:1098700010B4C26A131D548800293AD01919274C14
:10988000826B836CA4FB024299424FEA121429D9DD
:10989000520907EE902AB8EEE77A07EE904ADFED1C
:1098A000205AF8EEE76AB7EE006AD0ED137AF4EECC
:1098B000C77AF1EE10FA4CBF90F8502000221A70CF
:1098C000D0ED137A836C77EE867A0133F4EEE67A84
:1098D000F1EE10FAC8BFF0EE657A8B42C0ED137A54
:1098E0008364E2D3D0E90C235DF8044BC0E90E2376
:1098F0007047D0E91021521A07EE902A9FED097A9D
:10990000F8EE677A67EE877AFDEEE77A17EE901A3F
:10991000A142D4BF59181919B1E700BFA38B2EBAC1
:109920000000000078C2B93C10B5044608F054FDB0
:10993000236B206403B1636B236500212046FFF78E
:1099400097FFE38BDB0700D510BDFCF7FFF804F1B0
:1099500020018023064A606AFEF75AFAE38B016809
:10996000A06243F001030A68E383BDE8104010479A
:1099700000442C47B1F5806F0DD8B1F5007F08B5D4
:10998000C8BFC1F580618029A8BF80214163FFF76E
:10999000CBFF002008BD6FF47A70704708B5144BF8
:1099A000A3FB01231A09162303FB02F303F116029A
:1099B00007EE902A06EE903AB8EE677A07EE901A14
:1099C000F8EE666AF8EE677A37EEC77A77EEE67AEF
:1099D000B0EEC77AF0EEE77AF4EEC77AF1EE10FA5D
:1099E00058BF13460363FFF79FFF002008BD00BF69
:1099F000A38B2EBA70B50C4682B005460CF0C6FAA1
:109A0000E38B9B0716D504F12C06314628460CF053
:109A1000F5FA01212046FFF72BFF01224FF40071D8
:109A200001A80CF0B9FA01A930460CF0E7FA01A838
:109A30000CF0DCFAE36A0433A36408F0CDFCA36AFB
:109A400060641A68184613689847284602B070BDCB
:109A5000A1F12001FFF7CEBF704700BF036B91ED6E
:109A6000036AD3ED007AD1ED026A91ED017A36EE08
:109A7000676AF8EEE66AB8EEC77AC6EE265AE7EEEF
:109A8000257AC0ED137A7047D1ED017ADFED0F6AC8
:109A90009FED0F7AF8EEE77A38B567EEA67A0446BE
:109AA000C7EE877A0D4617EE900A17F059FD236B23
:109AB00095ED037AD3ED007A06EE900A37EE677AD9
:109AC000E7EE267AC4ED137A38BD00BF21C84740BF
:109AD00000003443F8B504462DED028B48680D466E
:109AE0001AF018FC17F0E2FB236BD5ED037A93ED27
:109AF000008A77EEC87A06460F4617EE900A1AF0EB
:109B00001BFC32463B461AF06FFC064618EE100A64
:109B10000F461AF011FC02460B46304639461AF041
:109B2000ADFA1AF059FFBDEC028BE064F8BD00BF3E
:109B3000D1ED017A9FED0C7AF8EEE77A38B567EE51
:109B4000877A044617EE900A0D4617F009FD236B3D
:109B500095ED037AD3ED007A06EE900AE7EE267AC9
:109B6000C4ED137A38BD00BF34FA8E3CD1ED017AD2
:109B70009FED0C7AF8EEE77A38B567EE877A0446FF
:109B800017EE900A0D4617F09FFC236B95ED037AB4
:109B9000D3ED007A06EE900AE7EE267AC4ED137A4A
:109BA00038BD00BF34FA8E3C2DE9F041D1F80C806D
:109BB0004F68D8F8046097FBF6F407EE904AF8EE89
:109BC000E77A036B2DED028B054617EE901A4FF0E6
:109BD000804093ED008A18F017F9D8F8003007EEAE
:109BE000900A06FB147428EE277A03EB8404BDEC7C
:109BF000028BD4ED007A67EE877AC5ED137ABDE863
:109C0000F08100BF2DE9F041D1E90134D1F80C8099
:109C1000026BD8F80470013CE41A94FBF7F507EEE8
:109C2000905AF8EEE77A2DED028B064617EE901A61
:109C30004FF0804092ED008A18F0E6F8D8F8003036
:109C400007EE900A07FB154428EE277A03EB8404FD
:109C5000BDEC028BD4ED007A67EE877AC6ED137AFD
:109C6000BDE8F0814B684BB1DB0790ED137AD1ED85
:109C7000037A04D567EE877AC0ED137A7047C7EE92
:109C8000276AC0ED136A70474B684BB1DB0790ED54
:109C9000147AD1ED037A04D567EE877AC0ED147A91
:109CA0007047C7EE276AC0ED146A7047036B91EDE9
:109CB000036AD3ED017AD1ED026A91ED017A36EEB5
:109CC000676AF8EEE66AB8EEC77AC6EE265AE7EE9D
:109CD000257AC0ED147A70470220704701EB8101AC
:109CE00000EB41001430704782B070B50C4684B070
:109CF00005464968206802AC03C4039908AC4810C3
:109D000084E80C00CB0745BF2A58029B029CD4581C
:109D10000AAB2E1893E803008DE8030008AB0CCBC8
:109D20003046A04704B0BDE8704002B0704700BFA5
:109D30002DE9F04103681B4E1B690F88B3420446AE
:109D40000D4626D11E300388BB4201D0BDE8F0810C
:109D50006B89012BFAD9A989A06861820368DB6944
:109D60009847A06803681B6A984723681B692546C3
:109D7000B34225F8120F0FD104F11E06204601F060
:109D8000A3FA2A46014602233046BDE8F04100F01E
:109D900035B901219847D6E7012120469847064664
:109DA000ECE700BFDD9C020010B50446806806F0B9
:109DB000A7FFA081A06806F0ABFFE081A06806F0D5
:109DC000AFFF208210BD00BF82B070B504A981E84A
:109DD0000C00044601F08AFA18B9BDE8704002B0E0
:109DE00070472046FFF7E0FF23680C4A1B69934247
:109DF00004F10C060DD104F11405204601F064FABB
:109E0000324601462846BDE87040062302B000F005
:109E100009B90021204698470546EEE7DD9C02007F
:109E20002DE9F041044682B00E46154610309846A2
:109E3000BDF828700BF09CFD2680658018201BF073
:109E400012F808AB054693E803006A4682E803006F
:109E50002E4603CA46F80C8B0023084AEB6047F0F5
:109E60000207736068602046A780A560E360C4E9CC
:109E70000833A9606A6102B0BDE8F081E99C020084
:109E800070B5044686B0FFF78FFFA06803681B6AB1
:109E90009847144A144B60820493282000231668C4
:109EA00005931AF0E0FF06AB054613E90300C02254
:109EB0008DE8030023460292052128460122FFF780
:109EC000AFFF336830465B682946984708B906B04B
:109ED00070BD284606F04CFC284606B0BDE8704030
:109EE0001AF0BABFCC3B0020C99D020070B50446F1
:109EF00084B0154601F028F91E4B2360A56004F1DB
:109F0000140000F075F8002504F11E0000F070F850
:109F100020461949C4E9035501F034F9204640F2BE
:109F2000537101F043F909260622294604F10C0376
:109F30002046CDE9012600924CF64B2201F046F96D
:109F400002220521CDE901212046009204F11203ED
:109F50004FF62432012101F039F9204601F0C6F90B
:109F600028B1064B1B6813B12046FFF789FF204636
:109F700004B070BD18690400F86A0400CC3B0020EE
:109F8000024B1B680BB1FFF77BBF7047CC3B002037
:109F900010B5114B1C6890B0C4B1C9B90F4ACDE9D6
:109FA000042104AA034692E8030010228DE803006E
:109FB00002920521012206A8FFF732FF236806A9B5
:109FC0009B682046984706A806F0D2FB10B010BD4B
:109FD000FFF756FF10B010BDCC3B0020C99D02001A
:109FE0000021FFF7D5BF00BFACDF7047AEDF704781
:109FF0000022028102604260704700BF10B582B04B
:10A000000C4601920188ADF80030204600236A46D4
:10A01000ADF80230FFF7E8FFB0FA80F0400902B077
:10A0200010BD00BFF0B54FF6FF7487B0A142ADF888
:10A03000063032D00389DB07054616460C460088F9
:10A040000FD4BDF8063002AAADF80830014600234F
:10A0500020460396ADF80A30FFF7C6FF184607B052
:10A06000F0BD02AA012300270DF1060CADF808008F
:10A070001146204605968DF80A30ADF80C70CDF8E3
:10A0800010C0FFF7B3FF0028E8D00499BDF80630F0
:10A090000988994201D02888D6E7002007B0F0BD92
:10A0A000F0B54FF6FF7487B0A142ADF8063031D05D
:10A0B00003899B07054616460C4600880FD4BDF859
:10A0C000061002AA0023ADF80810014620460396A8
:10A0D000ADF80A30FFF788FF184607B0F0BD02AAB6
:10A0E0004FF0020C0023ADF808000DF106071146F1
:10A0F000204605968DF80AC0ADF80C300497FFF79E
:10A1000075FF50B10499BDF806000988884201D155
:10A110002888D7E7002007B0F0BD012007B0F0BDC8
:10A1200072DF704773DF704774DF704776DF704708
:10A1300077DF704778DF70477ADF70478FDF7047CF
:10A1400069DF70471321FFF7F1BF00BF0B68034AB7
:10A150000146D2560320FFF7EBBF00BFD4690400CD
:10A16000094B10B5044640F8143B0BF0D1FF04F145
:10A1700010000BF0CDFF054B236000232046E38049
:10A1800005F094FC204610BDCC6A04000470040065
:10A190002DE91848C3885A0708D41B0701D4BDE825
:10A1A00018880420BDE8184810F06CBA044608F07E
:10A1B00013F9A369B0EB030B61F1000CBCF1000FC4
:10A1C00008BFBBF5FA6F01D2E388E6E70021044837
:10A1D00011F070F8E38823F004039BB2E380DCE71E
:10A1E00045A10200F0B54FF47A748BB004FB02F481
:10A1F000194A1A4E00960AADA2FB04241F22002819
:10A2000025F8242D4FEA542414BF012704271846AB
:10A2100000294FF000030993049306942A460CBFCB
:10A220001C4603243146CDF806300593CDE90733AB
:10A23000CDF80A30ADF80E3001238DF825308DF8B9
:10A2400010708DF8244010F03DFB04AA69460448C4
:10A25000FFF766FF0BB0F0BD5917B7D11C3A0020CD
:10A260002723002010B5664C002943D12378980697
:10A2700038D4D9062FD41A0725D458071DD49907E6
:10A2800013D4DA070BD45B0603D40FF0BFFF002012
:10A2900010BD5C4B01211878FFF744FFF5E713F080
:10A2A00041FC23785B06F0D5F3E7574B4FF40032BF
:10A2B0001A602378DA07E6D5F1E7534A01215160A5
:10A2C0009907DED5F1E7504B4FF000721A60237802
:10A2D0005807D4D5F1E74C4B01221A6023781A07AE
:10A2E000CBD5F0E7484B4FF400621A602378D906CB
:10A2F000C1D5F0E70FF084FF0023237013F02AFC90
:10A30000237810B943F0010323703F4A1268920387
:10A3100048BF43F002033C4A48BF23705268D0074D
:10A3200048BF43F00403384A48BF237012689101C4
:10A3300048BF43F00803344A48BF23701268D2076D
:10A3400048BF43F01003304A48BF2370126810051D
:10A350002C4A48BF43F02003107848BF2370FFF712
:10A36000E3FEB0B1D90719D49A071CD4580726D4F4
:10A3700019072FD4DA0639D49C0688D5224B4FF41E
:10A380000062C3F88020BFF34F8FBFF36F8F0020B0
:10A3900010BD43F04003D9072370E5D513F0A2FBAD
:10A3A00023789A07E2D5184B4FF40032C3F8802087
:10A3B000BFF34F8FBFF36F8F23785807D8D5124B59
:10A3C0000122C3F88420BFF34F8FBFF36F8F237830
:10A3D0001907CFD50C4B4FF00072C3F88020BFF3A4
:10A3E0004F8FBFF36F8F2378DA06C5D5064B012256
:10A3F000C3F88020BFF34F8FBFF36F8F2378BBE785
:10A40000F84300202723002000E100E00B4B10B5AB
:10A41000044640F8143B0BF07BFE04F110000BF0F7
:10A4200077FE074B23600023E380204605F03EFBC8
:10A4300020461AF011FD204610BD00BFCC6A040072
:10A440000470040038B500250E4B036004464560D7
:10A4500005F0BCFA0C4B2360A56004F110000BF072
:10A46000F1FE04F114000BF0EDFE0123074AE56054
:10A4700084F8203084F82130146013F0AFFD2046BA
:10A4800038BD00BF04700400CC6A0400543A0020B8
:10A49000072914D810B50B4C0B482160214610F049
:10A4A00009FF0A4B1978FF2907D02368084A0120C1
:10A4B000D256FFF73DFE002010BD002010BD6FF406
:10A4C0007A707047702000204DA1020027230020E1
:10A4D000D469040090F8202022B9C3689B0701D4F6
:10A4E00000F002B8012070472DE9184804460429FD
:10A4F00021D8DFE801F0322505030D008369D3B1CF
:10A5000007F06AFFE368A061C3F34000BDE8188864
:10A51000836983B107F060FFA369B0EB030B61F1BE
:10A52000000CBCF1000F08BFBBF5FA6F03D301218B
:10A530002046FFF7CFFFE068C0F34000BDE8188871
:10A54000C3880A2243F00403C380C26004F0BEFC47
:10A55000E068C0F34000BDE818880223C360012012
:10A56000BDE8188810B5044682B012F0E9F920461B
:10A5700012F0F4F92378023B062B18D8DFE803F039
:10A580000B19271717170400237A012B03D1144A3C
:10A590001368013B1360134B186840B190F82030EA
:10A5A0002BB9C3689B0702D40321FFF79DFF02B0BC
:10A5B00010BD0C4B1B68002BF9D093F82020002A0B
:10A5C000F5D1DA689207F2D40222DA60EFE702A945
:10A5D000012301F8043D608811F0C4FF02B010BDF2
:10A5E000503A0020543A0020014B1878FFF79CBDE8
:10A5F0002723002010B5044684B0012302224FF423
:10A600007A7168460BF094F994F821300BB904B0D4
:10A6100010BD10F0C9FD0028F9D1034B01211878B5
:10A62000FFF780FD04B010BD2723002010B503887C
:10A63000103B86B0462B33D8DFE803F04358323264
:10A64000325F32323224323232323232323A3232C3
:10A6500032323232323232323232323232323232DA
:10A6600032323232323232343232323232323232C8
:10A6700032323232323232323232323232323232BA
:10A6800032323400037A5BB92D4B186840B190F830
:10A6900020302BB9C3689B0702D40221FFF724FFA7
:10A6A00006B010BD13218088FFF740FD06B010BD35
:10A6B00006A9002321F8103D8088FFF73FFD06B072
:10A6C00010BD81884FF6FF73994206D01D4B1E4A7C
:10A6D0001B680320D256FFF72BFD01231A464FF4C7
:10A6E0007A7102A80BF024F906B010BD144B18685B
:10A6F0000028D5D0FFF77EFFD2E700F1080106223F
:10A7000068460BF07DFD694601A80BF093FD0C4BEC
:10A710001C686CB101A902A80BF08CFD02A904F120
:10A7200010000BF095FD012302A8E3600BF0F0FC94
:10A7300001A80BF0EDFC68460BF0EAFC06B010BD7A
:10A74000543A002070200020D469040008B510F0AD
:10A750002BFD003018BF012008BD00BFF0B5A9B027
:10A760006A220D460DA82849284E1AF0B3FB0DA900
:10A7700003A80BF04DF903A906A80BF041F905F168
:10A780003C0701226FF0FE0306A9CDE900323846EE
:10A790000523642208F066FA06A80BF023F90FCE11
:10A7A00006AC0FC496E8070003C4227005221146C8
:10A7B00006AB04A80BF050FA002404A905A80BF07E
:10A7C0001FF9384605A9CDE900442346224608F082
:10A7D0007FF905A80BF006F92B6821465B6A28462D
:10A7E00098470534052005F00FFDFF2CF4D14FF4F8
:10A7F0007A7005F009FD04A80BF0F4F803A80BF03B
:10A80000F1F829B0F0BD00BF4C690400B86904003C
:10A810002DE9F84F4FF0805308460F46D3F864A057
:10A82000FDF7F0FE10374FF0040B4FF005084FF026
:10A830000109BAFBF8F308FB13A3B3FBF9F35D1CA2
:10A84000002DAAEB030A08EB880809EB89090DDD46
:10A850000FFA8BF60024C4F1040212B20134FF2374
:10A86000314638460BF006F9A542F4D11BF1FF3B07
:10A87000DFD2BDE8F88F00BFAB4B2DE9F04F1E686B
:10A88000DFF8B48233690446002543F0080395B02D
:10A89000336198F8000084F82050A5610E46934675
:10A8A000FFF742FC2946284611F068FE2946284653
:10A8B00011F06EFE29463C2205A81AF02FFB06F186
:10A8C0003C074FF0020E4FF0060C05ABC82229469C
:10A8D00001208DF814E08DF817C00397FFF782FC74
:10A8E000012198F80000FFF71DFC384608F050F8E9
:10A8F00031462046FFF732FF31462046FFF788FFFA
:10A9000006F11008029504F110074FF0FF0994F8C2
:10A910002020E36812B9980740F1D58013F0010AAE
:10A9200031D1590766D49A0740F1C38013F0080A61
:10A9300000F0A9807D4904A80BF02EF904A905A810
:10A940000BF05EF80023CDE900331A4605A9039801
:10A9500008F0BEF805A80BF045F843F6982005F07E
:10A9600053FC04A80BF03EF8642005F04DFC40F6C3
:10A970008D25FBF7DFFB94F82020E368002ACAD07E
:10A9800013F0010ACDD06A4904A80BF005F904A917
:10A9900005A80BF035F80023CDE900331A4605A9C8
:10A9A000039808F095F805A80BF01CF8029B002B03
:10A9B00040F08F80A9F10409B9F1280F40F38F808E
:10A9C000B9F1FF0F029BA8BF00230293DBF8003010
:10A9D0005846DB69984728B1E36823F0010343F048
:10A9E0000403E36004A80AF0FDFFE36859074FF091
:10A9F000000598D53368FF215B6A30469847236984
:10AA0000B3F90230002B76DD002521E0E3689A07D8
:10AA10006FD4FFF769FD00286DD14FF4487005F041
:10AA2000F3FB3046FDF7EEFD94F82030042120467C
:10AA3000FBB9E3689A075CD4FFF756FD00285AD1AA
:10AA4000C82005F0E1FB2369B3F90230AB4252DDC7
:10AA500029B238460BF036FC002301461A46404620
:10AA60000BF096F994F82030042120460135002B94
:10AA7000CCD0E36803F00202002A3AD1642005F04A
:10AA8000C3FB012543E72B4904A80BF085F804A973
:10AA900005A80AF0B5FF5346524605A9CDE900AA1C
:10AAA000039808F015F805A80AF09CFF04A80AF01E
:10AAB00099FF642005F0A8FB013540F68B239D42E9
:10AAC0007FF725AF55E704212046FFF70DFDE3682A
:10AAD00024E709F10409B9F1280F3FF771AF3046B7
:10AAE000FDF790FD029BB9F1000FD8BF53460293CA
:10AAF0006CE700251AE7E36894F8205003F002029F
:10AB0000002DB9D1002A7FF411AF04212046FFF7B0
:10AB1000EBFC0028ADD14FF47A7005F075FBE368CB
:10AB200003F00202A8E700BF903B0020246A040063
:10AB3000DC690400646A04002723002030B5044661
:10AB4000806883B020B10C4908F088FA054618B136
:10AB5000FBF7F0FA03B030BD02AA042302F8015D4E
:10AB60000549A06808F0B4FA28461AF075F9FBF711
:10AB7000E1FA03B030BD00BFAC6A040090F82000D9
:10AB8000704700BF38B5124B054600241878FFF710
:10AB9000CBFA85F8214010F0EFFA98B9EB696BB168
:10ABA00007F01AFCEB69C41A61F10005002D08BF1B
:10ABB000B4F5FA7F2CBF0120002038BD07F00CFC53
:10ABC000E861EDE72146034810F074FB204638BDEC
:10ABD0002723002045A1020020B9034B186808B1C3
:10ABE000FFF7D0BF704700BF543A00200238012859
:10ABF00001D90120704710B5074C206850B1C388B7
:10AC000043F00803C38004F061F92068BDE81040F8
:10AC1000FFF7B8BF012010BD543A0020012808D129
:10AC200038B50D4B1D6835B12846BDE83840FFF7F3
:10AC3000A9BF01207047094B04461878FFF774FA42
:10AC400010F09AFA08B9204638BD2946044810F099
:10AC500031FB284638BD00BF543A0020272300208E
:10AC600045A102002DE9704384B011F0B9FC1E4EDD
:10AC700030603368002B02DC04B0BDE870830DF156
:10AC800007034FF6FF70039310F022FF4FF6FF7596
:10AC9000A842044609D1EFE7039B1B7820465BB12D
:10ACA00010F016FFA8420446E6D002AA0121204671
:10ACB00011F0DEF80028EFD007F08EFB40F2E73409
:10ACC00080468946002511F051FC09E007F084FB1D
:10ACD000B0EB080261EB09039D4208BF9442CBD35D
:10ACE0003368002BF2D1C7E7503A00202DE9F04F2E
:10ACF000C588B1B015F480559DF8EC7002D031B024
:10AD0000BDE8F08FCDE900230DF1C0083A9B8360C8
:10AD1000C0E90655029104460FF00EFA12F0ECFF5E
:10AD200048F8AC5DDFF824A30FF096FC12F03AFE71
:10AD30004146012012F064FF04F1140BDAF8001010
:10AD400020A80BF019FA20A958460BF081FA20A888
:10AD50000BF0DEF90DF12809002F40F027810CAE31
:10AD60000EAB11AD4FF0000BCDF838B0C3E901BB0D
:10AD700062699DF83910022060F30101101D0F90E7
:10AD80008DF839105188ADF840104120194653888C
:10AD9000059AADF84230FFF7D3F9404612F07AFF3A
:10ADA0005846FFF7C7F903224FF0010362F3061379
:10ADB0004FF0070C10208DF820308DF821C08DF851
:10ADC00023208DF824208DF8220011F06DFB08A8B7
:10ADD00011F0B0FB914811F091FB914AADF82CB005
:10ADE0004FF4C87348460A92ADF82E30FFF7A4F925
:10ADF00059468C4810F0CAFB002F40F0C68007AFC0
:10AE000030A904234FF6FF7241F8A83D30460023D5
:10AE100011F0EEFB0699002914BF3046002011F016
:10AE2000ADFB0699002914BF3046002011F0B0FB9D
:10AE3000069E7D4B2093003620A818BF012613F0F4
:10AE400027F87C201AF00FF8A368019A214601F038
:10AE50005FFCDAF8001020A80BF08EF97349284641
:10AE60000BF08AF92A4620A938460BF013FA284637
:10AE70000BF04EF920A80BF04BF94022002120A83E
:10AE80001AF04CF86A4B1868219001238DF8BC30F9
:10AE900010B11AF07FF880B2079BADF88000181D42
:10AEA0002390002800F0B8801AF074F883B2009A5A
:10AEB000ADF8883010680430259010B11AF06AF8A7
:10AEC00080B25C4BADF890001868279010B11AF072
:10AED00061F880B2584BADF898001868299010B10D
:10AEE0001AF058F880B2554BADF8A00018682B90B6
:10AEF000002800F08F801AF04DF883B220A8ADF83A
:10AF0000A83013F06DF92046FFF7ACFE3C2200217B
:10AF100028461AF003F802214FF0040C2B46322287
:10AF200030468DF8441031468DF847C0FFF75AF986
:10AF300006212046FFF7ACFA4FF4A03600234FF469
:10AF4000F021032228460125CDE91433CDE916333B
:10AF5000CDE912618DF85020CDF844900FF0A2FF9A
:10AF600084F8215011F03CFB002804DD344B2946C5
:10AF70001878FFF7D7F8E38843F480533846E38026
:10AF80000BF0C6F831B0BDE8F08F11F029FB0328B3
:10AF900007AF7FF735AF384620AB3246294611F070
:10AFA00013FCBDF8300011F005FC29E70CAE254973
:10AFB00048460BF0E1F80EAB2349039330460BF003
:10AFC000DBF8039B4A46184659460BF063F9DDE966
:10AFD000022311AD1946284602930BF05BF9324665
:10AFE000294620A80BF056F920A958460BF030F955
:10AFF00020A80BF08DF828460BF08AF8029B184623
:10B000000BF086F830460BF083F848460BF080F8DA
:10B01000029BA7E6034671E7034648E765A50200E1
:10B02000080010003C3A0020D9AB0200C06A0400BE
:10B03000143A0020103A002068200020183A00201E
:10B0400027230020B86A0400BC6A04006C2000209A
:10B0500041F20103984216D00DD944F201039842FF
:10B0600006D044F2020398420AD14820F6F7E6BB24
:10B070004920F6F7E3BB012802D14620F6F7DEBBF4
:10B080004A20F6F7DBBB4720F6F7D8BBA8DF7047AE
:10B09000B0DF704762DF7047704700BF8B79012BCC
:10B0A00005D0022B02D10368DB6A1847704703689A
:10B0B0009B6A18470368034A9B68934200D1704714
:10B0C0000631184799B0020070B50B88502B044622
:10B0D00031D01AD8102B26D0112B14D10368194D5A
:10B0E000DA69AA422BD100252E4605E023681B69A8
:10B0F0009847236806810135DB6820469847A842B7
:10B1000029462046F2DC012070BD512B06D0532B7E
:10B11000F9D103681B6B9847012070BD03685B6A17
:10B120009847012070BD0368064A9B699342EAD0A4
:10B130009847012070BD03681B6A9847F9E790475C
:10B140002368D0E799B0020010B5064B03600023D6
:10B1500004460371C38000F0CFF9214600F0DAF90C
:10B16000204610BD106B040010B5054B036004466B
:10B1700000F0C2F9214600F0DDF9204610BD00BF05
:10B18000106B040010B584B010310DF1FF330DF1D8
:10B190000F0411F8012D03F8012FA342F9D1011D6D
:10B1A0006846FFF777FF04B010BD00BF00B583B05D
:10B1B0000379ADF80410821D01A901208DF8063035
:10B1C000FFF764FF03B05DF804FB00BF2DE9F04713
:10B1D00088B00546BDF84060BDF84470BDF84840F1
:10B1E000924688461E2200210DF10200994619F070
:10B1F00095FEBB1B18BF01232A79ADF800A0E1071B
:10B20000ADF804708DF80C30ADF80660CDF80890FC
:10B210008DF8022005D59DF80D3043F002038DF81E
:10B220000D30A20705D59DF80D3043F004038DF8CD
:10B230000D30630705D59DF80D3043F008038DF8F8
:10B240000D30270705D59DF80D3043F010038DF81C
:10B250000D30E60605D59DF80D3043F020038DF83E
:10B260000D30A00605D59DF80D3043F040038DF854
:10B270000D30610605D59DF80D3043F001038DF8C2
:10B280000D30E20544BF01238DF80F30A30544BF04
:10B2900001238DF810302B68EC881A6901200223F5
:10B2A00041468DF811308DF812308DF813308DF83D
:10B2B00014002846904769460246204610F026F8BA
:10B2C00008B0BDE8F08700BF00B58DB001A80FF051
:10B2D00095FF019B23B1BDF808000DB05DF804FB9C
:10B2E0004FF6FF700DB05DF804FB00BF08B50FF01E
:10B2F0005BFF003018BF012008BD00BF03682DE9C7
:10B30000F041DB6806460D4690469847071E1BDD58
:10B3100000240BE04388AB421ED08388AB4221D08F
:10B32000C388AB4224D00134A7420DD033682146F4
:10B330001B69304698470388AB42EBD1012388F85C
:10B3400000302046BDE8F08100234FF0FF3488F83C
:10B3500000302046BDE8F081022388F80030204606
:10B36000BDE8F081032388F800302046BDE8F08175
:10B37000042388F800302046BDE8F08130B583B062
:10B380000C460DF10702C9880546FFF7B7FF011EFD
:10B3900008DB9DF807202B68032A05D01B680B4AA1
:10B3A00093420ED103B030BD228A022AF6D11B6926
:10B3B00028469847E17CA27C2B6842EA0122028160
:10B3C000ECE7A11D2846984703B030BD99B00200B4
:10B3D000F0B58BB00C460DF1070209890746FFF75F
:10B3E0008DFF002819DB9DF80730E6890122934282
:10B3F0008DF8082013D09DF80E20A088ADF81060BD
:10B40000002363F3000202A98DF80E20ADF80C3082
:10B41000ADF812300593FFF73BFE0BB0F0BD3A6874
:10B420001F4952682089ADF81A6000258A428DF8BC
:10B430001C308DF81D30ADF818000895ADF824507B
:10B4400015D12A462F4629469DF80E50ADF80C100E
:10B4500063F30005A088ADF8106002A9ADF8127082
:10B4600005928DF80E50FFF713FE0BB0F0BD384675
:10B4700006A990479DF81C304BB99DF81D30BDF8CA
:10B480001A60BDF82470089A4FF48171DCE72946F0
:10B490009DF81D30BDF81A60BDF82470089AD3E7F6
:10B4A00099B0020000B583B009890DF10702FFF7DA
:10B4B00025FF03B05DF804FBF8B50E4C26689EB17D
:10B4C0003368002B0FDD07463546002402E0336861
:10B4D000A34208DD55F8040F036839465B699847B5
:10B4E00001340028F3D1F8BD542019F0BCFC2060D1
:10B4F0000660F8BD583A002010B5054C206800B130
:10B5000010BD542019F0AFFC00232060036010BD73
:10B51000583A002038B50368132B04460D4603DD66
:10B520001420FAF711FE236804EB830201335560FF
:10B53000236038BDF0B40668002E0DDD43689942E3
:10B5400026D0041D002204E054F8045F8D4205D08B
:10B550001A46531CB342F7D1F0BC70470232B242D4
:10B5600013DA551C5C1C03EB060C00EB850500EBA5
:10B570008404ACEB020C1946013155F8047B44F805
:10B58000047B6145F8D1B21A13440360F0BC7047E4
:10B5900001220023E3E700BF02207047013101EBE5
:10B5A000810100EB4100704782B070B50C4684B059
:10B5B00005464968206802AC03C4039908AC4810EA
:10B5C00084E80C00CB0745BF2A58029B029CD45844
:10B5D0000AAB2E1893E803008DE8030008AB0CCBF0
:10B5E0003046A04704B0BDE8704002B0704700BFCD
:10B5F00082B070B504A981E80C000546BDF8124080
:10B60000FFF774FE28B1022C1ED0012C29D0052C86
:10B6100003D0BDE8704002B070472C46022304F806
:10B62000083F2B681D4A1B69934230D105F10A0679
:10B630002846FFF749FE224601463046BDE87040E5
:10B64000012302B0FEF7EEBC2C46002104F8081FCF
:10B650002B68124A1B699342E8D028469847064651
:10B66000E6E72E460D4A06F8084F2B681B69934201
:10B670000FD105F10A042846FFF726FE324601469F
:10B680002046BDE87040012302B0FEF7CBBC00218C
:10B69000E3E70021284698470446ECE79DB5020001
:10B6A00082B070B504A981E80C000546BDF81240CF
:10B6B000FFF71CFE28B1022C1ED0012C1FD0052C38
:10B6C00003D0BDE8704002B070472C46022304F856
:10B6D000093F2B681A4A1B69934226D105F11406CB
:10B6E0002846FFF7F1FD224601463046BDE870408E
:10B6F000012302B0FEF796BC2C460023E7E72E4656
:10B700000F4A06F8094F2B681B69934212D105F1C5
:10B7100014042846FFF7D8FD324601462046BDE80E
:10B720007040012302B0FEF77DBC012128469847F6
:10B730000646D5E72146284698470446E9E700BF74
:10B740009DB502002DE9F041044682B00E46154633
:10B7500010309846BDF828700AF00AF926806580F6
:10B76000182019F080FB08AB054693E803006A46F1
:10B7700082E803002E4603CA46F80C8B0023084AD1
:10B78000EB6047F00207736068602046A780A56001
:10B79000E360C4E90833A9606A6102B0BDE8F081E2
:10B7A000A9B502002DE9F04385B0BDF838803BB360
:10B7B0000C9C14B30F2902D1B8F1C00F20D106465A
:10B7C00028201C460D46174619F04DFB0CAB814650
:10B7D00093E803003A468DE8030023462946CDF856
:10B7E00008804846FFF7AEFF336849465B6830463D
:10B7F000984740B905B0BDE8F0830D9CE407D9D463
:10B800006FF47A70F6E7484604F0B2FF484619F044
:10B8100023FB0148EEE700BF16FCFFFF2DE9F041D6
:10B82000324F3E6894B0002E36D00C460546304B61
:10B83000002934D1CDE9083108AB93E803004FF07B
:10B84000100822468DE803002B460121CDF8088020
:10B850000AA8FFF777FF33680AA99B683046984724
:10B860000AA804F085FF234B3E68CDE9063406ABF9
:10B8700093E8030022468DE803002B460221CDF811
:10B8800008800AA8FFF75EFF336830469B680AA964
:10B8900098470AA804F06CFF14B0BDE8F0810024BA
:10B8A0000493059404AB93E803004FF010088DE86F
:10B8B000030022462B463046CDF808800121FFF7D1
:10B8C00071FF0C4B3E68CDE90A340AAB93E80300E4
:10B8D00022468DE80300CDF808802B463046022131
:10B8E000FFF760FF14B0BDE8F08100BFCC3B002043
:10B8F000F1B50200A1B60200F0B5044685B0FFF72D
:10B9000023FC20461A4B40F80A3BFEF771FB002748
:10B9100004F11400FEF76CFB204616492781FFF75F
:10B9200031FC01250926204649F68201FFF73EFC3D
:10B93000394604F1080320464DF69022CDE9015620
:10B940000095FFF743FC2046CDE901560095A31969
:10B9500029464DF69122FFF739FC2046FFF7C6FC39
:10B9600018B129462046FFF759FF204605B0F0BD23
:10B970004C6B0400F86A04000121FFF74FBF00BFC1
:10B980000021FFF74BBF00BF0420704701EB81018E
:10B9900000EB41005230704710B5074B074A036077
:10B9A00000238260C3810446083004F07FF82046FB
:10B9B000FFF7DAFB204610BD886B0400047004001A
:10B9C00010B5084A084940F8082C00220160C280DE
:10B9D000A0F1080404F06AF82046FFF7C5FB2046F2
:10B9E00010BD00BF886B04000470040010B5094B43
:10B9F000094A036000238260C3810446083004F0D2
:10BA000055F82046FFF7B0FB204619F025FA2046EE
:10BA100010BD00BF886B04000470040010B5094A13
:10BA2000094940F8082C00220160C280A0F10804F6
:10BA300004F03CF82046FFF797FB204619F00CFA7B
:10BA4000204610BD886B0400047004002DE9F84FF7
:10BA50000368BC4F1A690E88BA4204460D4640F08E
:10BA600042815C300288B24200F0F6801A692E886A
:10BA7000BA4240F0338104F152000288B24200F031
:10BA8000A3801B692E88BB4240F0E28004F166006F
:10BA90000388B34258D023682E881B69BB4240F00C
:10BAA000438104F170000388B34201D0BDE8F88FF0
:10BAB000B5F80A80B8F1010FF8D9A8F1020805F12C
:10BAC0001003C8F34E0803EB48080E354FF0010988
:10BAD0000C2716E0122B94BF18221346206915F884
:10BAE000011C98BF12FB037203EB430300EBC3037B
:10BAF00088BF0C22DB6810441B6898470235A845B4
:10BB0000D4D015F8023CA16909FA03F21140F5D12D
:10BB100060690240DED0122B9ABF182010FB03721E
:10BB20000B46206915F8011C03EB430300EBC3032C
:10BB300088BF0C22DB68FF291044DB6814BF890032
:10BB400040F2FF319847D9E76A89002AAED07E4B90
:10BB5000A3FB023AA2EB0A030AEB530A4FEA9A0A42
:10BB6000CAEBCA03D21A92B2002A9FD11AF0FF0A76
:10BB700091D005F10C08072313FB0A8A18E018225C
:10BB80000C2012FB030B206903EB4303DE00831937
:10BB90005844DB68DB6898472069064408F10708C9
:10BBA000F36849469B6B58449847C2453FF473AFCE
:10BBB00098F80030B8F80110D8F80390122BDED9AD
:10BBC00000234FF00C0BDEE76A89032A7FF659AF9A
:10BBD0002646EA6846F8142F1B69BB4240F0AD8048
:10BBE00004F152082046FFF76FFB3246014604235A
:10BBF0004046FEF703FA00264FF0010909E006EB84
:10BC00004602D20002F10C01002B7ED10136132E28
:10BC100018D0D4E9052309FA06F818EA020F08EA51
:10BC20000303ECD006EB4602D20002F10C01002B1C
:10BC3000ECD0206902440136D36808445B69984718
:10BC4000132EE6D123682E881B69BB423FF41EAF3A
:10BC50000221204698471BE76A89032A7FF606AF30
:10BC60002646EA6846F8182F1B69BB4260D104F1EA
:10BC70005C082046FFF728FB324601460423404675
:10BC8000FEF7BCF900264FF0010908E006EB46027A
:10BC9000D20002F10C0153BB0136132E18D0D4E9A7
:10BCA000052309FA06F818EA020F08EA0303EDD0A3
:10BCB00006EB4602D20002F10C01002BECD0206909
:10BCC00002440136D36808445B699847132EE6D1D5
:10BCD00023682E881A69BA423FF4CDAE002120466F
:10BCE00090472368C9E6012190472368BAE6206996
:10BCF00002440844D3685B689847636918EA030FF5
:10BD0000CAD0A36908EA0303D2E7206902440844C1
:10BD1000D3685B689847636918EA030F3FF476AF0E
:10BD2000A36908EA03037DE7032120469847BAE6A2
:10BD300001212046984780469BE7002120469847EE
:10BD400080464FE78DB90200254992242DE9F04342
:10BD5000044685B0154600F10808FFF7F5F9364BA3
:10BD6000A3600023E360404603F030FE334B2561BF
:10BD700003F148022360A26004F1520504F17A063F
:10BD800028460A35FEF734F9AE42F9D10025C4F849
:10BD90004A502046C4E90555C4F83E502849C4F825
:10BDA0004250C4F84650C4F84D50E56125626562C2
:10BDB0002585FFF7E7F904264FF00509204641F2F3
:10BDC0007B21FFF7F3F9294604F114032046CDE95E
:10BDD0000169009645F69902FFF7F8F904F1180396
:10BDE0002046CDE9016900964BF6FE120121FFF7CE
:10BDF000EDF904F11C070E223B46CDE90022204656
:10BE000002964DF622020221FFF7E0F940F20D12F0
:10BE10001423CDE90132032104F12A034FF40D422A
:10BE200020460095FFF7D2F9404603F04FF8204630
:10BE300005B0BDE8F08300BF04700400886B040007
:10BE4000F86A04002DE9F047002405468A46A0461A
:10BE50000C264FF001091CE04B689847C0B22B1923
:10BE6000BAF1000F03D193F83E2082420CD005EBCB
:10BE7000480208F10108B8F1090F83F83E0082F882
:10BE80002A4082F82B001ADC0134132C06F1180624
:10BE900015D0AB6909FA04F21A4204EB440CF3D052
:10BEA0002B696F6903EBCC0C3A4233441846DCF83B
:10BEB0000C10D1D04A699047C0F38700CFE74046C5
:10BEC000BDE8F08703680D4A1B69934270B50446CC
:10BED0000D460E880FD170300388B34200D070BD7C
:10BEE00001212046FFF7AEFF0028F8D02A34400099
:10BEF000AC60A88170BD03219847EDE78DB90200C1
:10BF00002DE9F0410446FFF7F1F908B9BDE8F081E9
:10BF100000212046FFF796FF0028F7D023680D4A3E
:10BF20001B694000934285B204F12A070CD104F149
:10BF300070062046FFF7C8F92B463A4601463046C0
:10BF4000BDE8F041FEF76EB803212046984706464B
:10BF5000EFE700BF8DB90200A0F10800FFF7D0BFE6
:10BF60000320704701EB810100EB4100283070474E
:10BF70002DE9F84F03681B4A1B690C8893428346DE
:10BF800089462CD128300388A34201D0BDE8F88F20
:10BF90000027BA460BF10B054FF0010805F801AF79
:10BFA0003EB20024DBF8080021B23246103009F01E
:10BFB00077FDC4F10403013420B12A7808FA03F3B1
:10BFC00013432B70052CEDD10137052FE6D10BF172
:10BFD0000C03C9F80830A9F80C70BDE8F88F0021EF
:10BFE0009847D0E765BF02002DE9F0430368404C55
:10BFF0001B69B1F80080A34283B005460E4601F1EB
:10C000000C076AD12830038843451FD02B68B6F847
:10C0100000801B69A34263D105F1320003884345C8
:10C020003CD02B6837881B69A3425DD105F13C00E9
:10C030000388BB4202D003B0BDE8F0837389012BB3
:10C0400084BFB3896B8203B0BDE8F0837389013B81
:10C05000042BDBD8A8683C3006F09AFC7389002BCF
:10C06000E9D04FF000090FFA89F800243B78A8685E
:10C07000C4F10402134143F3000321B2DBB21030D8
:10C080004246013409F0F6FC052CEFD1738909F121
:10C0900001094B4507F10107E5DCCCE7B6F90A20B9
:10C0A000394668460AF0ACF8A8683C3006F070FCE7
:10C0B000A868694600F13C0401A80AF0BBF86A8A46
:10C0C00001A9204606F046FD01A80AF021F86846BD
:10C0D0000AF01EF803B0BDE8F0830021984792E70C
:10C0E00001212846984799E70221284698479FE76B
:10C0F00065BF0200F0B5044685B01546FFF724F889
:10C10000234B2360A56004F12800FDF771FF04F1C3
:10C110003200FDF76DFF04F13C00FDF769FF0025DB
:10C12000782363822046E56025741A492575FFF758
:10C1300029F820464DF61D11FFF738F8052604F1C1
:10C140000C0740F205123B4629462046CDE9016224
:10C15000009647F67732FFF739F814220421A31826
:10C16000CDE9012120460092012149F2EE32FFF78C
:10C170002DF802212046029604F11203CDE90011A8
:10C1800040F62D52FFF722F8204605B0F0BD00BF63
:10C19000F46B0400F86A04000420704701EB81018D
:10C1A00000EB41001830704782B070B50C4684B087
:10C1B00005464968206802AC03C4039908AC4810DE
:10C1C00084E80C00CB0745BF2A58029B029CD45838
:10C1D0000AAB2E1893E803008DE8030008AB0CCBE4
:10C1E0003046A04704B0BDE8704002B0704700BFC1
:10C1F000F0B503681C4E1B690F88B34285B0044636
:10C200000D4629D12C300388BB420BD023682F88E0
:10C210001B69B34223D104F136000388BB420ED020
:10C2200005B0F0BD6B89012BF0D9AB89A382022246
:10C2300001230621684609F07BFB05B0F0BD6B8940
:10C24000002BEDD02B7BA375012BE9D10422062115
:10C25000684609F06DFBE3E702219847D3E7032125
:10C2600020469847D9E700BF9DC1020010B504469B
:10C27000806804F0A1FEA081A06804F0A5FEE08122
:10C28000A06804F0A9FEA36820821A681846536AC1
:10C290009847A082A06804F073FE00B910BDA068A2
:10C2A00004F0A2FE608210BD70B50446806804F000
:10C2B00021FEA8B10323A37523680D4A1B6993428D
:10C2C00004F116060FD104F136052046FEF7FCFFF7
:10C2D0003246014601232846BDE87040FDF7A2BE64
:10C2E0000223A375E8E70321204698470546ECE7BB
:10C2F0009DC102002DE9F0410446FEF7F7FF08B9A1
:10C30000BDE8F0812046FFF7B1FF2368244D1B698B
:10C31000AB4204F1140738D104F12C062046FEF795
:10C32000D3FF3A46014602233046FDF767FE2368F5
:10C330001B69AB4204F10C0722D104F11806204618
:10C34000FEF7C2FF3A46014606233046FDF76AFE75
:10C35000A06804F015FE0028D2D023681B69AB4208
:10C3600004F1120616D104F122052046FEF7ACFFB7
:10C370003246014602232846BDE8F041FDF752BE91
:10C380000021204698470646D9E7022120469847D3
:10C390000646C3E70121204698470546E5E700BF6A
:10C3A0009DC1020070B5044605468068A18A0368F5
:10C3B0001B6A9847A06803685B6A984723680C4A21
:10C3C0001B6925F8140F93420CD104F12C0620466A
:10C3D000FEF77AFF2A46014602233046BDE8704048
:10C3E000FDF70CBE0221204698470646EFE700BF46
:10C3F0009DC1020082B08DE80C00BDF80230012B17
:10C4000005D0022B09D0042B04D002B0704702B033
:10C41000FFF770BF02B0FFF747BF02B0FFF7C2BF20
:10C420002DE9F041044682B00E461546103098467C
:10C43000BDF8287009F09CFA26806580182018F055
:10C4400012FD08AB054693E803006A4682E8030044
:10C450002E4603CA46F80C8B0023084AEB6047F0CF
:10C460000207736068602046A780A560E360C4E9A6
:10C470000833A9606A6102B0BDE8F081A9C1020079
:10C480002DE9F04385B0BDF838803BB30C9C14B364
:10C490000F2902D1B8F1C00F20D1064628201C4632
:10C4A0000D46174618F0DFFC0CAB814693E80300FD
:10C4B0003A468DE8030023462946CDF808804846D1
:10C4C000FFF7AEFF336849465B683046984740B98E
:10C4D00005B0BDE8F0830D9CE407D9D46FF47A7001
:10C4E000F6E7484604F044F9484618F0B5FC014820
:10C4F000EEE700BF16FCFFFF2DE9F0411D4F1E4D7A
:10C500008AB000260446FFF7B1FECDE908760AABF3
:10C5100013E903008DE80300C02223462868029235
:10C5200006210122FFF7ACFFCDE9067606AB93E8C2
:10C5300003002A684FF010088DE8030023461046D8
:10C54000CDF8088002220621FFF79AFFCDE9047694
:10C550000DEB080393E803002D68CDF808808DE803
:10C5600003002346042228460621FFF789FF0AB06C
:10C57000BDE8F081F5C30200CC3B002070B5044655
:10C5800084B01546FEF7E0FD2E4BA560236004F154
:10C59000180504F1400628460A35FDF729FDAE428C
:10C5A000F9D10025A06825610368E5605B6A9847BA
:10C5B000A575A08224492046FEF7E4FD4FF2D8215C
:10C5C0002046FEF7F3FD092606232946CDE901366C
:10C5D000022500934FF6113204F10C032046FEF7BA
:10C5E000F5FD04F1120349F2157201212046CDE94F
:10C5F00001560095FEF7EAFD05232946029343F60E
:10C600006C0204F114032046CDE90055FEF7DEFD6F
:10C6100001230C22CDE901320093204604F11603D8
:10C620004BF258320321FEF7D1FD2046FEF75EFEA5
:10C6300028B1064B1B6813B12046FFF75DFF20466B
:10C6400004B070BD306C0400F86A0400CC3B0020DC
:10C65000024B1B680BB1FFF74FBF7047CC3B00206C
:10C6600030B5114B1C6891B0BCB10A46B9B90F493D
:10C67000CDE9041204A9034603C910258DE803007F
:10C680000295062106A8FFF7CBFE236806A99B6842
:10C690002046984706A804F06BF811B030BDFFF7AC
:10C6A0002BFF11B030BD00BFCC3B0020F5C3020012
:10C6B0000021FFF7D5BF00BF0120704701EB8101CA
:10C6C00000EB41007030704782B070B50C4684B00A
:10C6D00005464968206802AC03C4039908AC4810B9
:10C6E00084E80C00CB0745BF2A58029B029CD45813
:10C6F0000AAB2E1893E803008DE8030008AB0CCBBF
:10C700003046A04704B0BDE8704002B0704700BF9B
:10C710002DE9F041044686B0002590461F46FEF7FD
:10C7200013FD2E492160C4E90287258284F8545004
:10C73000A56504F17000FDF75BFC20462849E5651E
:10C7400025666566A566E566FEF71CFD20464DF686
:10C750001D11FEF72BFD04F15C0614220A27334657
:10C760002946CDE901272046009243F61032FEF714
:10C770002DFD2820D4F8088018F075FB06461030EF
:10C7800009F0F6F829233360182018F06CFB154ADD
:10C79000CDE90425074604AA034603CA47F80C4B13
:10C7A000DD607D6058609960D8F800200E49F56022
:10C7B00012205961B360B080C6E9085553684046FD
:10C7C0003146984718B9204606B0BDE8F08130469A
:10C7D00003F0CEFF304618F03FFBF4E7906C040006
:10C7E000786C040021CB0200C9C60200F0B5037CBE
:10C7F000CA78934285B0054629D022D99B1A072BC7
:10C80000CCBF00240124D4B9314A2B68128804AE6D
:10C81000214626F8102D28461B69984707462846CA
:10C82000FEF752FD0223014632463846FDF7FAFB79
:10C830006B7C85F854400433DBB26B742B7405B009
:10C84000F0BDD31AF82BD4BF00240124DBE70A463D
:10C8500090F8540001332B7452F804CF030105F112
:10C860001404E01857689668D26844F803C047601B
:10C870008660C26095F85430012B0FD01ED3032B75
:10C8800018D101231A462921684609F051F86B7C1A
:10C89000002204336B7485F85420D0E78B784978F4
:10C8A000AA6D1B0443EA016313430222AB6585F8BA
:10C8B0005420C4E7013385F85430C0E7B1F80130A3
:10C8C0005BBA9BB20122AB6585F85420B7E700BF85
:10C8D000646C0400F0B503684F4A1B690E889342EC
:10C8E00097B004460D4615D170300388B34201D08D
:10C8F00017B0F0BD6B89002BFAD02A7B022A17D023
:10C900000BD8DAB1012AF3D105F10C012046FFF76B
:10C910006DFFEDE700219847E7E7EE2A5FD0FF2A99
:10C92000E6D16B7B23B1012BE2D1F9F703FCDFE702
:10C930000123292106A808F0FBFFD9E706A802F089
:10C940008FFC364B1A684AB9129A3AB19DF84410D6
:10C95000032903D132481399026019606B7B8DF86B
:10C960000530142106A803EB830201FB030316A97B
:10C9700001EB820252E90E62103303CB330E8DF8C5
:10C9800009608DF80630330C360A25688DF80D20C5
:10C990008DF807308DF80860130C0026170E120A68
:10C9A0008DF80C20CDF80E00CDF812108DF80A701D
:10C9B0008DF80B308DF804602B693146204698477E
:10C9C00005462046FEF780FC01AA014612232846B0
:10C9D000FDF728FB268284F85460A66588E7114B92
:10C9E000002518688DF81A504FF4F773ADF8183019
:10C9F000FEF7C4F823688DF81A0029461B69204603
:10CA0000984705462046FEF75FFC0323014606AA29
:10CA10002846FDF707FB6BE7BDC602005C3A002025
:10CA2000603A0020543A002010B5ADF5627D01A8AF
:10CA300002F07CFA4FF46072002102A818F06EFA3E
:10CA40000220012300225821039003A80A930DF02D
:10CA50001BFD00220290C3219AA80DF015FD40F69F
:10CA6000FC7399901A68013232D04FF080521C68E2
:10CA700013691C4420464FF4607202A918F01BFA97
:10CA8000B0B940F6FC731C684FF4607202A92046EE
:10CA900018F011FA48B1214601A802F049FA02AA99
:10CAA000214601A8E02302F079FA0DF5627D10BD60
:10CAB000214601A802F03CFAE023214602AA01A87F
:10CAC00002F06CFA40F6FC731B680133D9D10EE01A
:10CAD0004FF010224FF0805394691B691C4420468C
:10CAE0004FF4607202A918F0E6F90028E0D14FF087
:10CAF00010239C69C8E700BF40F6FC731A68013236
:10CB00000ABF4FF010231A689A694FF080531B69CF
:10CB1000134493F8A13203B97047FFF785BF00BFF4
:10CB200082B02DE9F04383B00AA90546684681E842
:10CB30000C0002F0FBF9BDF82A40022C56D0FF2C65
:10CB40004BD0012C04D003B0BDE8F04302B07047D5
:10CB50004C49E86806F082FA0746002865D001AE25
:10CB6000384618F079F94FF08052AC6D1169B4FB7A
:10CB7000F1F301FB13438BB9116989080ED02168C9
:10CB8000013108BF201D04D04AE050F8041B0131D8
:10CB900046D111690133B3EB910FF6D321466846B4
:10CBA00005F11402102302F0F9F94FF601722B6817
:10CBB000ADF804201B690021284698470446284602
:10CBC000FEF782FB3246014602232046FDF72AFA91
:10CBD00003B0BDE8F04302B070472B4B1868FDF777
:10CBE000ADFF03B0BDE8F04302B0704710236846C4
:10CBF00005F11402A96D02F0D1F9FFF715FFE868FD
:10CC0000204906F05FFB214B186810B1012101F0AB
:10CC100049F8F9F78FFA03B0BDE8F04302B0704766
:10CC20002146684602F084F9B8E702AE234606F8CA
:10CC3000044D174C1349E868324606F049FA236858
:10CC4000002B8DD0134AD2F80090994588D24FF02E
:10CC50008058A9F1040309F6FC7101E08B4207D06A
:10CC600053F8042F0132F9D04946684602F060F9C2
:10CC7000D8F81030226823F0030399449145E8D393
:10CC80006EE700BF686C0400543A0020B4390020FD
:10CC90005C3A0020603A00200220704701EB8101DD
:10CCA00000EB41001030704782B070B50C4684B084
:10CCB00005464968206802AC03C4039908AC4810D3
:10CCC00084E80C00CB0745BF2A58029B029CD4582D
:10CCD0000AAB2E1893E803008DE8030008AB0CCBD9
:10CCE0003046A04704B0BDE8704002B0704700BFB6
:10CCF0002DE9F04103681A4E1B690F88B3420446C0
:10CD00000D4624D11A300388BB4201D0BDE8F08122
:10CD10006B89012BFAD9A989E181A068FAF7B2F9E8
:10CD2000A068FAF7B7F923681B692546B34225F8CE
:10CD30000E0F0FD104F11A062046FEF7C5FA2A4657
:10CD4000014602233046BDE8F041FDF757B9012105
:10CD50009847D8E70121204698470646ECE700BFF0
:10CD60009DCC020082B070B504A981E80C00044695
:10CD7000FEF7BCFA18B9BDE8704002B07047A06871
:10CD8000FAF774F925460D4A05F80C0F23681B695C
:10CD900093420DD104F110062046FEF795FA2A467B
:10CDA00001463046BDE87040012302B0FDF73AB9B4
:10CDB0000021204698470646EEE700BF9DCC0200C2
:10CDC0002DE9F041044682B00E46154610309846D3
:10CDD000BDF8287008F0CCFD26806580182018F07A
:10CDE00042F808AB054693E803006A4682E8030070
:10CDF0002E4603CA46F80C8B0023084AEB6047F026
:10CE00000207736068602046A780A560E360C4E9FC
:10CE10000833A9606A6102B0BDE8F081A9CC0200C4
:10CE200070B5044686B08068FAF720F92073A068D0
:10CE3000FAF730F9144A154BE081049328200023B7
:10CE40001668059318F00FF806AB054613E90300C2
:10CE5000C0228DE8030023460292082128460122C1
:10CE6000FFF7AEFF336830465B682946984708B93C
:10CE700006B070BD284603F07BFC284606B0BDE82E
:10CE8000704017F0E9BF00BFCC3B002065CD020029
:10CE900070B5044684B01546FEF756F91E4B236064
:10CEA000A56004F11000FDF7A3F8002604F11A00B4
:10CEB000FDF79EF82673E68120461849FEF762F9D1
:10CEC00020464FF4C241FEF771F90125092231468F
:10CED00004F10C032046CDE90152009549F250229D
:10CEE000FEF774F9052602222046CDE901260092BC
:10CEF000294604F10E0341F62532FEF767F9204674
:10CF0000FEF7F4F928B1064B1B6813B12046FFF772
:10CF100087FF204604B070BDCC6C0400F86A0400A2
:10CF2000CC3B0020024B1B680BB1FFF779BF704769
:10CF3000CC3B002010B5114B1C6890B0C4B1C9B9EE
:10CF40000F4ACDE9042104AA034692E80300102207
:10CF50008DE8030002920821012206A8FFF730FFA6
:10CF6000236806A99B682046984706A803F000FCA2
:10CF700010B010BDFFF754FF10B010BDCC3B002027
:10CF800065CD02000021FFF7D5BF00BF022070472A
:10CF900001EB810100EB41002430704790F8232021
:10CFA0000023038480F8223002B9704700B585B0B1
:10CFB0000123032240F2FF31684608F0B9FC05B0B6
:10CFC0005DF804FB2DE9F0410446FEF78FF918B92E
:10CFD00000263046BDE8F0812368DFF890801B69A9
:10CFE0004345064639D104F1240003899B07EFD558
:10CFF00094F82230E068E77C94F82110132B074462
:10D0000018D894F82020914205D113E094F82020FC
:10D010008A420FD0E0685A1C84F82220425CFA54FD
:10D0200094F82230E07C0131132B91FBF0F200FBED
:10D030001211EBD92268126942459DB211D104F157
:10D0400024082046FEF740F92B4601463A46404662
:10D05000FDF726F83046BDE8F081002120469847CC
:10D06000C3E70021204690478046EAE791CF0200BF
:10D0700030B503681B4A1B690D88934285B004468E
:10D080002DD124300388AB4201D005B030BD94F8D7
:10D09000222094F82130E17C94F82350134400209E
:10D0A00093FBF1F201FB123384F8213084F8220063
:10D0B0000123032240F2FF31684608F039FC002DBD
:10D0C000E3D194F82230002BDFD194F8212094F89A
:10D0D00020309A42D9D02046FFF774FFD5E70021CF
:10D0E0009847CFE791CF02002DE9F04F0368304A0F
:10D0F0001B690C88934285B005460F4654D12E30EB
:10D100000388A34202D005B0BDE8F08F7B89002BD5
:10D11000F9D00C3707EB030B2B7CAA7C687C591CDD
:10D1200091FBF2F602FB161686422AD0AA6997F8FE
:10D130000080B2F90290B9F1000F17DD05F1180A6D
:10D14000002401E0A14510D021B2504609F0BAF800
:10D15000804504F10104F5D101231A464FF496618C
:10D16000684608F0E5FBA145EED12B7CAA6802F8E1
:10D170000380EB692E749E420BD00137BB45CBD1A7
:10D18000C1E7012303224FF49661684608F0D0FB03
:10D19000F3E74FF0FF33EB61022201234FF4966176
:10D1A000684608F0C5FBE8E701219847A8E700BFFB
:10D1B00091CF02002DE9F041044684B015461E4689
:10D1C000FDF7C2FF2046254B40F8183B09F03AF81E
:10D1D000013604F12400FCF70BFFF6B204F12E0037
:10D1E0000135FCF705FFEDB206F1280028440121C6
:10D1F00003F07AFA05F1140300270344C4E902039B
:10D20000A5742046E6742782278484F8227084F867
:10D2100023701349FDF7B6FF20460121FDF7C6FF35
:10D22000A36800974FF0140806222B442046CDE94E
:10D23000018201210322FDF7C9FFE368CDF80480D4
:10D240001022204602920097394633440222FDF70D
:10D25000BDFF204604B0BDE8F08100BF186D04009A
:10D26000006D0400012923D070B50446407C71B1E3
:10D27000A57C461C022996FBF5F205FB126202D141
:10D28000237C83420DD0A368185C627470BD237C3C
:10D29000834210D0A37C411C91FBF3F203FB1212DA
:10D2A000F1E7E2614FF4966002F0D4FF607CF1E7B1
:10D2B0006FF47A707047014870BD00BF0CFCFFFF2F
:10D2C0002DE9F04FB2F1000883B040F39980012BB3
:10D2D00000F0968005461E460091FEF707F80028EC
:10D2E00000F08B802B68484F1B69BB4240F0818067
:10D2F00005F1240003899A077FD54FF0000B05F153
:10D300002403DA4601934FF001092846FDF7EEFFAA
:10D31000002858D02B681B69BB4258D1019803895B
:10D320009B0750D5C34527DA95F82010EA7C95F87D
:10D3300021004B1C93FBF2F402FB143398421BD0E8
:10D34000009A0BF1FF30104408E0EC7C95F821C006
:10D3500092FBF4F304FB13239C450DD0EA6810F80C
:10D36000014F54540BF1010BD9B2D84503F101021E
:10D3700085F82010E9D1C346022E2CD185F82390E0
:10D38000032140F2FF3002F0B3FD95F8223043B99B
:10D3900095F8212095F820309A4202D02846FFF7D0
:10D3A00011FE02F027FFD84585F823A0ADD195F8EE
:10D3B000212095F820309A4205D02846C346FDF733
:10D3C00095FF0028A6D1584603B0BDE8F08F002194
:10D3D00028469847A3E795F82230002BF3D195F81B
:10D3E000212095F820309A42EDD02846FFF7EAFD3B
:10D3F000E9E70021284698477CE7DFF810B0E2E72C
:10D400006FF47A7BDFE700BF91CF020016FCFFFFCD
:10D4100010B40C681346211DB4F902205DF8044BCA
:10D42000FFF74EBF012BF8B541D017460D46064613
:10D43000D3B1022B2AD1437C027C9A423DBF817C2E
:10D440008918CB1AD31A9F4223DC002F1EDD6C1ED5
:10D45000E51902213046FFF705FF04F8010FA54248
:10D46000F7D13C462046F8BD002A0FDD4D1E1C4674
:10D4700004E00134A74205F8010FF3D00021304643
:10D48000FFF7F0FE0028F4DA2046F8BD002420461D
:10D49000F8BD817C3A44D31A93FBF1F201FB1233BD
:10D4A000C36102214FF4966002F0D4FECDE76FF421
:10D4B0007A74D7E7012A0FD010B51830144608F057
:10D4C000C7FE022C01D0002010BD01214FF4966050
:10D4D00002F0C0FE002010BD6FF47A70704700BFEC
:10D4E0002DE9F04F87B000AF012B7B60F86000F0B2
:10D4F000B6804D7C0C7CBD60A5428946934636D0F3
:10D500001168D9F80830B1F902105E5D002905F103
:10D51000010824DD00244FF0FF3A21B2584608F0FC
:10D52000D1FEDBF80010B1F902100134B04208BF9F
:10D53000AA46A142F1DC99F8120099F8104098FB34
:10D54000F0F500FB1585AC421CD0BAF1FF3F40D18D
:10D55000D9F8083000295E5D05F10108DADC99F898
:10D56000120098FBF0F500FB1585A542CDD17B6834
:10D57000022B0DD0F86808F065FEF8681C37BD4630
:10D58000BDE8F08F7B68022B23D1BAF1FF3F20D199
:10D59000594607F1140008F04DFE07F1140102226C
:10D5A0004846FFF787FF07F1140008F0B1FD99F82E
:10D5B000103007F1140003F1FF3A08F043FE07F1C1
:10D5C000140109F1180008F043FE07F1140008F0F7
:10D5D0009FFDBAF1000FCDDBBB6899F812409A4568
:10D5E000ABBFBB68E61AAAEB0306564406F1080275
:10D5F00022F007026D46ADEB020D00216846721C59
:10D6000017F08CFCB7F80880D9F808E01FFA8AF305
:10D61000984569460FD00DF1FF3C08F1010090FBE1
:10D62000F4F204FB12021EF808000CF8010F1FFAB6
:10D6300082F84345F1D199F81130F8680133334449
:10D6400093FBF4F204FB123489F8114032B208F073
:10D65000D7FDF868AD461C37BD46BDE8F08F6FF4C6
:10D660007A7108F075FDF8681C37BD46BDE8F08F8B
:10D67000437C027C934283BF807C8018C01AD01AFE
:10D68000704700BF10B5074B036003F1740103F14D
:10D69000A402044681614262183005F01FFB204657
:10D6A00010BD00BF546D040010B5074A40F8182C97
:10D6B00002F1740402F1A4010460C160A0F1180435
:10D6C00005F00CFB204610BD546D040010B5084B4E
:10D6D000036003F1740103F1A40204468161426214
:10D6E000183005F0FBFA204617F0B6FB204610BDB7
:10D6F000546D040010B5094A40F8182C02F1740466
:10D7000002F1A401C1600460A0F1180405F0E6FA7A
:10D71000204617F0A1FB204610BD00BF546D040049
:10D72000F0B583B016469DF82050CAB21F46314668
:10D73000012304460AF0B2FB012D04F1180003D0C6
:10D74000032D14BF0025022500213B4632460091DF
:10D750000195214605F0E6FB044B236003F17402BA
:10D760002046A433A261636203B0F0BD546D04008F
:10D7700042DF7047704700BF084602F045BD00BF5A
:10D7800082B070B50C4684B005464968206802AC8A
:10D7900003C4039908AC481084E80C00CB0745BFCC
:10D7A0002A58029B029CD4580AAB2E1893E8030017
:10D7B0008DE8030008AB0CCB3046A04704B0BDE8B1
:10D7C000704002B0704700BF82B08DE80C0000F6D8
:10D7D000F810002102B0F8F765B900BF82B010B5AB
:10D7E00002A981E80C00BDF80A30062B3ED00FD903
:10D7F000152B22D040F6B932934227D1BDE8104014
:10D8000041F250234FF0FF31C05802B007F0E2BAA6
:10D81000032B21D10446002100F6141005F0A8FBCB
:10D8200004F63810002105F0A3FB04F65C10BDE8F7
:10D830001040012102B006F043BCBDE8104041F2A7
:10D8400050230121C05802B007F0EEBA0D2B05D0CD
:10D85000BDE8104002B07047052BF9D1BDE810407B
:10D86000D0F8DC09036802B01B6B1847BDE8104014
:10D87000D0F8E009036802B09B6A184738B500F594
:10D88000F96405462046F9F795F940B105F10C0019
:10D89000FCF75CFF38B92046F9F794F950B9BDE8B8
:10D8A00038400BF09DBE2046F9F74AFBBDE83840F2
:10D8B0000BF096BE2046F9F731FB0028EFD138BDBA
:10D8C000064A1368591E11603BB9054A116821B117
:10D8D0004189136021F40053438170477420002074
:10D8E00030200020A0F10400FFF7EABF704700BF1E
:10D8F0002DE9F04F89B00446F8F782FBB64B4FF0A4
:10D900000008C4E90138201D02F060F8B34B236021
:10D9100004F10C073C33636004F134063846FCF72D
:10D9200091FD04F14C05276330460922AC490BF008
:10D93000D1FD04F1640728460A22AA490BF0CAFD6A
:10D9400038461A22A8490BF0C5FD4246314601234C
:10D9500004F1800004F0A0FD04F1E00304F1B8003C
:10D96000039306F0F9F8DDF80C80222304F53B7BE5
:10D97000294640465B2208F0CBFE04F54B7539463C
:10D98000122258460BF076FB04F5E66741465A46EC
:10D99000284604F5F368049700F0E4F9934B384601
:10D9A00004F5CA6204F5C7610BF09EF904F5B5628F
:10D9B00004F5B261404601F0E1FE04F5A06204F511
:10D9C000A36104F5F66001F0D9FE282704F5F96398
:10D9D00018462A46059341463346009781462A2633
:10D9E000F8F76CFE04F6180241464B4610460692C4
:10D9F00000962A46F9F790FB40F6F87304F64405C2
:10DA00001A6801320ABF4FF01023196859694FF0A4
:10DA1000805304F6540618691B6900EB4000091A8C
:10DA200001222846FAF754FB294630460022079681
:10DA300005F0EAFA04F5C462C4F87028D4F8102797
:10DA4000C4F87428D4F81427C4F87828D4F8182710
:10DA5000C4F87C2804F5B867D4F81C27C4F86078AB
:10DA600004F5BB6604F5C161052304F6A40A04F5B8
:10DA7000BE60C4F86468C4F86C18C4F880285C49B7
:10DA8000D4F82027C4F8680804F5066504F674077E
:10DA900004F68806C4F88428C4F88838C4F88C389A
:10DAA000C4F89038C4F89438C4F8A01850463146E9
:10DAB0000722C4F89858C4F89C78F8F7D1FC4FF0C6
:10DAC000000901231A46CDE9009904F56C7104F6AA
:10DAD000141005F027FACDE900990123022204F57C
:10DAE000886104F6381005F01DFA03230222012193
:10DAF00004F65C1006F042FB5A4640F6AC5304F5BF
:10DB0000A66104F66C1006F0B3FB092104F51A6057
:10DB100001F012FC082104F6C810F9F74FFA40464C
:10DB200000F084FCC4F8DC09404600F063FD079B6C
:10DB3000D4F8DC29009301465346C4F8E00904F602
:10DB4000E41001F07BF904F5A96A04F5AC6004F572
:10DB5000AF61CDE90010039B524604F54E7104F607
:10DB6000F810F8F721F9DDE90432069904F59A5026
:10DB7000F8F7E8FCB4F83635A4F80A9043F40063EB
:10DB800004F5CD69A4F8363548460AF0D1F80221EB
:10DB9000484609F09BFFB4F86E36164923F48073AB
:10DBA0004046A4F86E3609F0BBF955F8040B012184
:10DBB0000AF09CFBAF42F8D155F8040B01210AF0A2
:10DBC00095FBAE42F8D1504601210AF08FFB20466A
:10DBD00009B0BDE8F08F00BF047004003C6E040083
:10DBE0000090004000A0004000A001400020004044
:10DBF000006E0400801A0600704700BF2DE9F04F48
:10DC000083B0DDE90C9ABDF83880002B3BD0B9F128
:10DC1000000F35D00F2902D1B8F1C00F33D107461C
:10DC200028201D460E46934617F01DF90446103075
:10DC300007F09EFE18202680A4F802B017F013F912
:10DC4000CDE9009A06466B46024603CB46F80C5BCC
:10DC500000233D68D36048F002087360E3605060C1
:10DC600091600E495161C4E90833A4F80480A260B0
:10DC70006B6838462146984740B903B0BDE8F08F3D
:10DC80001AF0010FC6D16FF47A70F6E7204602F061
:10DC90006FFD204617F0E0F80148EEE781D702005B
:10DCA00016FCFFFF70B5002486B04FF4805380222D
:10DCB00005460E4602A821460094FAF709FA012308
:10DCC00002A80E4A01A9FAF75BF9019B73B101237F
:10DCD0006A460A4902A8FAF75DF905F59A50F8F77D
:10DCE0007DFC02A8FAF7FEF906B070BD002EF4D153
:10DCF00002A8FAF7F7F906B070BD00BFFC6D04008A
:10DD0000A0F10400EEF7ACBC10B5084B036004466C
:10DD100000F5806008F06AF9054B23600023204677
:10DD2000E38001F0C3FE204610BD00BF9C6E0400DE
:10DD300004700400094B10B50446036000F58060D0
:10DD400008F054F9064B23600023E380204601F0DD
:10DD5000ADFE204617F080F8204610BD9C6E0400F2
:10DD6000047004002DE9F04FD04B036000260446F8
:10DD700087B04660CDE9021201F028FE2046CC4B68
:10DD800040F80C3B0222032364210AF087F80323A6
:10DD90001A46652104F124000AF080F803230422C6
:10DDA000662104F13C000AF079F80323232267215D
:10DDB00004F154000AF072F804F16C0B04F18403CE
:10DDC0001D461C220323682158460AF067F804F117
:10DDD0009C08284603230E226921009504F1B40A09
:10DDE0000AF05CF8032325226A2140460AF056F81F
:10DDF00003230B226B2150460AF050F803230A221A
:10DE00006C2104F1CC000AF049F804F1FC0005464D
:10DE1000032309226D2104F1E4000AF03FF804F520
:10DE20008A77284603231E226E2101950AF036F8D0
:10DE30003846032317226F210AF030F803230C22FF
:10DE4000702104F596700AF029F80323112271213C
:10DE500004F5A2700AF022F803230122722104F5CE
:10DE6000AE700AF01BF803230D22732104F5BA707B
:10DE70000AF014F803231D22742104F5C6700AF079
:10DE80000DF804F5DE7903232222752104F5D27002
:10DE90000AF004F804F5EA7503231F2276214846A8
:10DEA00009F0FCFF03231A227721284609F0F6FF28
:10DEB00003232022782104F5F67009F0EFFF0323F5
:10DEC0002422792104F5017009F0E8FF324603238A
:10DED0007A2104F5077009F0E1FF032314227B2166
:10DEE00004F50D7009F0DAFF03230522862104F5FD
:10DEF000137009F0D3FF032310227C2104F519705D
:10DF000009F0CCFF032308227D2104F51F7009F0DE
:10DF1000C5FF032315227E2104F5257009F0BEFFFD
:10DF2000032316227F2104F52B7009F0B7FF03238A
:10DF30000F22802104F5317009F0B0FF032318226D
:10DF4000812104F5377009F0A9FF032313228221F0
:10DF500004F53D7009F0A2FF01230622832104F598
:10DF6000437009F09BFF01232822842104F54970A6
:10DF700009F094FF03231922852104F54F7009F05D
:10DF80008DFF03230722972104F5557009F086FFC2
:10DF900003232122982104F55B7009F07FFF0323FE
:10DFA0001B22992104F5617009F078FF03232722D1
:10DFB0009A2104F5677009F071FF032329229B2140
:10DFC00004F56D7009F06AFF26229C21032304F5F5
:10DFD000737009F063FF04F580660198009BC4F834
:10DFE000F403C4F8F833C4F8FC73C4F8E4B3C4F819
:10DFF000E8A3C4F8EC93C4F8F083304607F0C6FFFA
:10E000002C4A02992C4B11602922A260039A1A60B3
:10E0100013272B6828465B6C00219847A3680137BB
:10E02000BB4205F11805F4DCD4F8E40303680021D1
:10E030005B6C9847D4F8E803036800215B6C984751
:10E04000D4F8EC03036800215B6C9847D4F8F00324
:10E05000036800215B6C9847D4F8F403036800213F
:10E060005B6C9847D4F8F803036800215B6C984711
:10E07000D4F8FC03036800215B6C9847A168012277
:10E08000013105A807F088FF05A9304607F0B6FF63
:10E0900005A807F0ABFFA268D4F80034134420466B
:10E0A00000221A7107B0BDE8F08F00BF04700400B1
:10E0B0009C6E0400BC3C0020B83C00202DE9F843D5
:10E0C0008268D0F8003413441A7942F001021A71C0
:10E0D0008368002B44DD00250646DFF88890A846BB
:10E0E00000F10C0413E0D3F8003703F44033B3F528
:10E0F000003F06D1D6F800342B441A7942F00802CA
:10E100001A71B3680135AB4204F1180428DDD6F862
:10E110000034277D2B44204683F804802368DB6984
:10E12000984707F01F020028EBD1202F34BF4FF093
:10E13000A0434B4603EB8203D3F8002702F440329E
:10E14000B2F5403FCFD1D6F800342B4401351A79CF
:10E1500042F004021A71B368AB4204F11804D6DC31
:10E16000BDE8F88300030050F8B58168D0F80034AA
:10E170001E4A0B44197921F0010119718368D2F804
:10E180000473D2F80413C2F80813002B2ADD0646E4
:10E1900000F10C0400250FE011F0080320464FF0B9
:10E1A000020104BF204619460AF0BEF8B3680135E3
:10E1B000AB4204F1180415DD23682046DB6998475B
:10E1C0000028F3D1D6F800342B4419794B07E3D556
:10E1D000204603210AF0A8F8B3680135AB4204F1E8
:10E1E0001804E9DC014BC3F80473F8BD006000407B
:10E1F0002DE9F04F324C8568D4F804B3D4F80463A9
:10E20000C4F80863002D83B045DD99460092884626
:10E21000064604464FF0000A06E0B3680AF1010A18
:10E22000534504F1180436DDE36894F82070DB6987
:10E2300004F10C05284698470028EED1E3682846EB
:10E240001B6A98470028E8D0638A13F400712BD02A
:10E25000B8F1000FE1D0009A6AB31F2F07F01F0733
:10E26000184A07F5E07198BF4FF0A042019252F8AA
:10E27000211011F4403FD0D113F4807F28460CBF09
:10E28000032102210AF050F80123019A03FA07F74B
:10E29000C2F82075C1E70A4B0022C3F87C21C3F8FD
:10E2A00004B303B0BDE8F08FB9F1000FB5D0284634
:10E2B0000AF03AF8B1E7284600990AF035F8ACE7D9
:10E2C000006000400003005010B50446062918D82D
:10E2D000DFE801F02B35465757041900002A54D0C7
:10E2E0008368002B0DDD03EB430300EBC303418A7E
:10E2F0008C0500F1180002D51168013111609842B7
:10E30000F5D1002010BD8268002AFADD02EB42023E
:10E3100000EBC202438A990544BF23F40073438291
:10E3200018308242F6D10020ECE7FFF7C7FE012249
:10E33000204611460023FFF75BFF002010BD8268D6
:10E34000D0F8003413441B79DA0701D4FFF7B6FE86
:10E350000123204619460022FFF74AFF002010BD86
:10E36000D0F80034826813441B79DB0701D4FFF72F
:10E37000A5FE012320461A461946FFF739FF002063
:10E3800010BDFFF7F1FE002010BD6FF47A7010BDD4
:10E3900010B5044603EB43002160C4E902230121C8
:10E3A000800002F0A1F9002360602382204610BDA6
:10E3B000704700BF064B1B68834203D01A6818469B
:10E3C000D36A184710B53220F7F7BEFE014810BDDA
:10E3D0006C3A002016FCFFFF064B1B68834203D0FB
:10E3E0001A681846136B184710B53220F7F7ACFEC1
:10E3F000014810BD6C3A002016FCFFFF10B5034B1E
:10E400000360044602F0B2FC204610BDC06E04005A
:10E4100010B5054B0360044602F0A8FC204616F038
:10E420001BFD204610BD00BFC06E04002DE9F04169
:10E43000404C236813F0010382B007464FD03E4C96
:10E440002368DB073DD53D4D2B7823B13C4C20683C
:10E4500002B0BDE8F0813B4E072002F053FA30468F
:10E4600009F066FC0221304609F030FBF38823F402
:10E47000807332213846F38005F0D2F8002836D177
:10E48000442016F0F0FC052206462F492C4C02F0E1
:10E4900097FA2E4B33604C20266016F0E4FC0622DF
:10E4A0002949804600F09CF8294BC3F8008040467B
:10E4B000216802F069FD206801232B7002B0BDE8DD
:10E4C000F0810323192285211E4809F0E7FC01236E
:10E4D000204A21491B48236016F0C0FCB3E7012203
:10E4E0001146194807F0A0F901232360A7E750203F
:10E4F00016F0B9FC32230522CDE900323946124B21
:10E500000F4C3246804605F071F85420C4F8008064
:10E5100016F0A9FC4FF0060C3C23CDE9003C324636
:10E52000094B3946804605F059F9094BC3F800807C
:10E53000BDE700BF643A0020683A0020F94300209C
:10E540006C3A0020783A0020703A0020C06E040037
:10E55000903A002040200020B1E3020010B50446AC
:10E5600016F07AFC204610BD064B1B68834203D090
:10E570001A681846D369184710B53320F7F7E4FD39
:10E58000014810BD903A002016FCFFFF064B1B68A7
:10E59000834203D01A681846936A184710B533208F
:10E5A000F7F7D2FD014810BD903A002016FCFFFF9E
:10E5B00010B5034B0360044602F030FD204610BD49
:10E5C000006F040010B5054B0360044602F026FD01
:10E5D000204616F041FC204610BD00BF006F04002D
:10E5E00010B5044602F01CFC014B2360204610BD10
:10E5F000006F040008B5FFF719FF014B186808BD4C
:10E60000903A002082B070B50C4684B00546496847
:10E61000206802AC03C4039908AC481084E80C00DD
:10E62000CB0745BF2A58029B029CD4580AAB2E1830
:10E6300093E803008DE8030008AB0CCB3046A047FD
:10E6400004B0BDE8704002B0704700BFF0B44B6842
:10E65000456804680F688668EB1A06EE903AE71B77
:10E66000F8EEE66A07EE907A8B68F8EEE77A66EEE7
:10E67000A66AF31AE7EEA76A012A07EE903AF8EEC7
:10E68000E77AE7EEA76A35DD02EB420201EB82078B
:10E69000B0EE666A0C3FD1E90303EB1A07EE903A3D
:10E6A000201AF8EEE77A07EE100A4A69B8EEC77A40
:10E6B00067EEA77AB21AE7EE077A0C3107EE102A56
:10E6C000B8EEC77AE7EE077AF4EE667AF1EE10FA62
:10E6D000F4EE467A48BFF0EE676AF1EE10FAC8BF72
:10E6E000B0EE676A8F42D6D176EE667AF0BC17EE4E
:10E6F000900A7047B0EE666A76EE667AF0BC17EE66
:10E70000900A70472DE9F0472DED088B84B004ACDA
:10E7100004E90E00159A039E00234FF480619A428B
:10E720008146DDE90187C0E9003383608361C0E988
:10E730000311416140F3D080149DDFED778A02EB35
:10E74000420205EB820A2C46D4E90013FB1A07EEBD
:10E75000903AA8EB0101F8EEE77A07EE101AA268EA
:10E76000B8EEC77A67EEA77AB21AE7EE077A0C34EA
:10E7700007EE102AB8EEC77AE7EE077AF5EE407A90
:10E78000F1EE10FAB1EEE78A00F1B180FDEEC87A41
:10E79000F8EEE77AF4EE687AF1EE10FAC8BFF0EE20
:10E7A000678AA245D0D1DFED5C9AB7EE00BAB0EE31
:10E7B00069AAF0EE69AAB0EE699AD5E90012B81A12
:10E7C00007EE900AA8EB010006EE900AF8EEE77A51
:10E7D000AB6867EEA77AF8EEE66AF01A07EE100A61
:10E7E000E6EEA67AB8EEC77AE7EE077AF5EE407A5B
:10E7F000F1EE10FAB1EEE78A7ED4A1EB0801D21B4C
:10E800009B1B0C3507EE101AB8EEC76A07EE102AEC
:10E81000C8EE887AF8EEC76A07EE103AB8EEC77A03
:10E82000C6EE085A86EE886AC7EE086A77EECB7A9B
:10E83000F0EEE55AF4EE497AF1EE10FAB0EEC66A5F
:10E84000B0EEE67AC8BFB0EE679AAC42E5EEA7AA92
:10E85000A6EE27AAE7EE279AAFD16AEE0A7ABDEEB6
:10E86000E87AEAEEAA7A17EE103AE9EEA97AF5EE1E
:10E87000407AF1EE10FAB1EEE78A45D44846C9E98C
:10E880000087C9F80860C9F81830CAEE886A8AEEAD
:10E89000087A89EE886AF7EE007AF0EE675AE9EEB8
:10E8A000265AF0EE656AF0EE675AE9EE075AE9EE8D
:10E8B000067AB0EE657AFEEECB6ABEEECB7AFEEE5D
:10E8C000CB7AC9ED036A89ED047AC9ED057A04B003
:10E8D000BDEC088BBDE8F087DFED0F9AB0EE69AABA
:10E8E000F0EE69AAB0EE699AB0EE698AC6E717EE53
:10E8F000900A13F01FFC49E717EE900A13F01AFC78
:10E90000D5E90012AB6878E717EE900A8DED007A32
:10E9100013F010FC009BB1E7000000002DE9F04F60
:10E920008BB0131E8346019100937ADD03EB430005
:10E9300000230A4601EB80001C461946D2E9007606
:10E9400095680C3282423C4431442B44F6D1009A03
:10E9500094FBF2F0059091FBF2F193FBF2F3059A30
:10E96000CBF80830CBE900215846DDE90021FFF75C
:10E970006DFE0023CDE9033305EE900A02930DF1FD
:10E980001C086FF0C7096FF0C70A6FF0C7079BE854
:10E99000070088E80700DDE90745099E4C443E442E
:10E9A0005544DDE900214046CDE907450996FFF7CA
:10E9B0004DFE07EE900AF4EEE57AF1EE10FA07F15B
:10E9C000C80704D5CDE9035605EE900A0294B7F5C1
:10E9D000C87FDCD10AF1C80ABAF5C87FD5D109F1E0
:10E9E000C809B9F5C87FCED1059B029A93420AD0D7
:10E9F000039A029BCBF80420049ACBF80030CBF8A2
:10EA000008200593BDE7DBF80430039A9342EFD169
:10EA1000DBF80830049A9342EAD158460BB0BDE8BF
:10EA2000F08F00231946059399E700BFF0B587B032
:10EA300003AC05460E4617462046FFF76FFFCDE9AB
:10EA40000067284694E80E00FFF75CFE284607B0F2
:10EA5000F0BD00BF82B02DE9F04FEDB076A983463E
:10EA6000642081E80C0001F04DFF0522114610A83A
:10EA700007F08AF8BD4911A807F08EF821AB6CA900
:10EA800000229A60C3E900220C338B42F9D1DBF8F3
:10EA900008008DF864200368B54E9B6ACDE9132207
:10EAA000CDE91522CDE9172298470B90DBF8080035
:10EAB0000368FF215B6A9847DBF808003C3003F0ED
:10EAC00067FF43F68C420023079204939A4606930D
:10EAD000CDF814B09B46079B43F68C4293420DF150
:10EAE000640900F0AE80A34A9342C0F2AA80079B5B
:10EAF000A3F1640214B2002B00F0DA80049B0F2B08
:10EB000000F0D680079BCDE9074306999A4B059DF7
:10EB10002831A3FB0132C820920900FB1212D3B2A4
:10EB20006868069302F0ECF80446686802F0F0F8B2
:10EB300014F52A7FC0F2A18014F1C80FC0F2B08092
:10EB4000B4F52A7F00F30D81C82C40F31F81032305
:10EB500010F52A7F09931F4680F2968000230A93BE
:10EB6000984610A806F07CFF814D13AC05E04C459B
:10EB700005F102050ED014F801BFBBF1010FF6D16B
:10EB80006A782978FF2310A806F074FF4C4505F138
:10EB90000205F0D1069BDDE9091210A806F06AFF14
:10EBA000089B002B02DB049B0F2B08D9059B986860
:10EBB0000023009310301A4610A907F053F80023E1
:10EBC0001C460DF1300B04E00134192C2BD016F843
:10EBD00014309F42F8D106EB44035B784345F3D1F0
:10EBE0000AEB4A0321A901EB830513AB5846195DD3
:10EBF00001294FF00002E7D0059B196802F0C6F921
:10EC00009BE8070013AB85E80700049D4FF0010265
:10EC10001A55013501340AF1010AEBB2192C5FFAD9
:10EC20008AFA0493D3D1642001F06CFEBAF1180F74
:10EC300047D8079B9DF84CB043F68C4293427FF433
:10EC400052AF059CA068F9F7DDFCA0684B4900F1C4
:10EC50003C041AA807F090FA78221AA9204603F07B
:10EC600079FF1AA807F054FA43F68C4343F628427A
:10EC7000CDE907230023049347E7002309931F46A8
:10EC800010F52A7FFFF66AAF10F1C80F0CDBB0F564
:10EC90002A7F62DCC82875DD03230A93984660E763
:10ECA000012309931F46EBE701230A93984658E78F
:10ECB000059B9868079B08933C3003F069FE079416
:10ECC00023E7524621A91AA8DDF814B0FFF7AEFEDB
:10ECD0001DAB0FCBDBF800408DE80F001AAB2046D0
:10ECE0000ECB02F037F9DBF80C0020B11AAA1C2376
:10ECF000234904F0EDF9DBF80800F9F783FCDBF8B1
:10ED0000083011A912A803F13C0406F079FE002393
:10ED100040F2DC52CDE9003212A91A46204603F037
:10ED200087FE12A806F05EFE4FF47A7001F0EAFD4D
:10ED3000DBF80800F9F766FCDBF808000B990368BC
:10ED40005B6A984711A806F04DFE10A806F04AFE2F
:10ED50006DB0BDE8F04F02B0704704230A939846A7
:10ED6000FFE6042309931F468AE700BF306F0400C3
:10ED70009C6F0400D18AFFFF1F85EB51786F040060
:10ED8000906F040002230A939846EAE6022309934F
:10ED90001F4675E72DE9F04F83B0DDE90C9ABDF809
:10EDA0003880002B3BD0B9F1000F35D00F2902D1AC
:10EDB000B8F1C00F33D1074628201D460E469346B2
:10EDC00016F051F80446103006F0D2FD18202680C7
:10EDD000A4F802B016F047F8CDE9009A06466B4653
:10EDE000024603CB46F80C5B00233D68D36048F035
:10EDF00002087360E360506091600E495161C4E99C
:10EE00000833A4F80480A2606B683846214698470E
:10EE100040B903B0BDE8F08F1AF0010FC6D16FF40E
:10EE20007A70F6E7204601F0A3FC204616F014F8AD
:10EE30000148EEE705E6020016FCFFFFF0B58DB0D5
:10EE400004461298C4E90012C4E902301C4904F0D7
:10EE500005F9E8B10646074656F8100FD4F800E069
:10EE60007168B268F3680DF1140C65460FC530691E
:10EE70007169B26907C50CAB13E90F008DE80F008B
:10EE800070469CE80E0002F065F8384615F0E4FF85
:10EE90000C4B1B6883B10C4A05920022069205AA0E
:10EEA00092E80300C0228DE8030002921846032274
:10EEB00023460621FFF76EFF20460DB0F0BD00BFD0
:10EEC000906F0400CC3B002055EA0200C38843F455
:10EED0008043C380704700BF82B0C0F30761C0F3B6
:10EEE0000742C0F307238DF807008DF804108DF852
:10EEF00005208DF80630019802B0704782B0C0F34B
:10EF000007238DF807008DF80630BDF8060002B023
:10EF1000704700BF29DF704728DF7047022802D101
:10EF2000014B01221A707047FA430020704700BF5E
:10EF300070B50C46F7F7ECF898B1164D00232B701E
:10EF40004FF0805602E00A2003F022FB3069B4FB48
:10EF5000F0F0FFF7E1FF0028F5D12B78002BFCD073
:10EF600070BD0D4A0223C2F80435D2F80034002BDC
:10EF7000FBD00949C2F80845D1F80034002BFBD07A
:10EF80000023054AC1F80435D2F80034002BFBD029
:10EF900070BD00BFFA43002000E00140F8B50D4607
:10EFA00014461E46F7F7B4F888B11A4F00233B7099
:10EFB00002E00A2003F0ECFA324621462846FFF729
:10EFC000A9FF0028F5D13B78002BFCD0F8BD124AF0
:10EFD0000123C2F80435D2F80034002BFBD0002EF8
:10EFE0000EDD211F0C4A01EB8606281F51F8043F55
:10EFF00040F8043FD2F80034002BFBD0B142F5D1E9
:10F00000054A0023C2F80435D2F80034002BFBD0A7
:10F01000F8BD00BFFA43002000E00140F0B50B4608
:10F0200087B09A68496804461868DB6802AD0FC566
:10F030009DF80860032E3CD84FF08053BDF80A209D
:10F040001D699DF80930039F022B05FB02F51FD0B7
:10F0500006AB13E903006A4682E80300731EDBB2C5
:10F0600003EB830C4FEA8C0C03CA0CF1100E03EB7C
:10F07000830304EB830304EB0E0C2F4444F80E00CF
:10F08000CCF8041000201E719D60DF6007B0F0BD59
:10F090000498002102E00131642902D0435C002B76
:10F0A000F9D100220BF0F0F90023CDE900036A4604
:10F0B000D4E76FF47A70E9E72DE9F04F604A614CCC
:10F0C000614B4FF0805122440C69D21A85B0B2FBDB
:10F0D000F4F304FB13230192002B00F0AD800C69C4
:10F0E0001444E41A40F6F8734FF080511A680F691F
:10F0F00001320ABF4FF010231E685E694FF0805343
:10F100001B69A6EB8306A6427DD98046DFF848A19D
:10F11000DFF848B108E054F8103C5B4576D027F0A2
:10F1200003031C44A6426ED9CDF80CA0039B2268B1
:10F13000DB439A42EFD16368444A9342EBD1A36820
:10F14000434A9342E7D102F14E42E368A2F5A51289
:10F15000A2F64F229342DED198F80020032A1CD059
:10F1600002EB8201531C08EB8101DBB200264FF455
:10F17000E035032B8E60CD6088F800300E715DD0D5
:10F1800003EB830108EB810102328D60D2B20120D2
:10F19000019DCD6088F80020087140F6F8714FF0AD
:10F1A000805308681F691D6901300ABF4FF01023A2
:10F1B000086858694FF08053032A1E6911D002EB8A
:10F1C000820108EB8101A0EB8600019BB3FBF5F304
:10F1D000013205FB037302268B60C86088F80020AB
:10F1E0000E712246234652F8101F5268C8F8282094
:10F1F000C8F8241053F8182F5B68C8F83C30C8F8DA
:10F200003820C8F8304005B0BDE8F08F54F8043C11
:10F21000104A934283D114F8083C002B3FF47FAF8F
:10F22000A4F12005A5EB031929464046103DFFF740
:10F23000F5FE4D45F8D172E7019C53E71A46ACE75D
:10F24000702300206887040040200020C615A841D4
:10F25000C49866C99DD7B1C18F71C46DFE307F5906
:10F260000346002210B503F8102B044600F14C01B0
:10F2700003F80C2C1A605A6043E9022214338B42C3
:10F28000F6D12046FFF718FF204610BD10B5044BFD
:10F29000036000230446C38000F008FC204610BD34
:10F2A0000470040010B5064B036000230446C380BD
:10F2B00000F0FCFB204615F0CFFD204610BD00BF3E
:10F2C00004700400F0B51B4F85B0054600F1180628
:10F2D0002C6974B1E278012A0DD0022A05F12000D0
:10F2E00021D100F0FFF92B69A3420AD01C46002C63
:10F2F000F0D105B0F0BD304600F0CAF92B69A34249
:10F30000F4D10222C7F88020BFF34F8FBFF36F8F75
:10F310002969EB7A496A2961013BEB7220463A6020
:10F3200015F09AFDD4E701230A21684606F000FB98
:10F33000D9E700BF00E100E070B5114B0360002584
:10F34000044645600E4600F041FB20460D4B40F858
:10F35000183B214600F098F9214604F1200000F006
:10F36000BDF9094BA57207210622E572217262726E
:10F37000A680E580C4E9035565611C60204670BD28
:10F3800004700400E06F0400943A002038B543692B
:10F390004BB3C27A032A23D8C288D2074CBFC268B3
:10F3A000124A9A6204462C2015F05DFD2C220021A1
:10F3B000054615F0B3FD636900225A6222690AB955
:10F3C0000BE01A46536A002BFBD163695362E37A60
:10F3D00065610133E372002038BD63692361F6E79C
:10F3E0006FF47B7038BD6FF47A7038BD16FCFFFF88
:10F3F00038B5194BD3F8002122B100210122C3F8FE
:10F4000000119A60144BD3F80C217AB1134C0021EF
:10F41000C3F80C112068D3F80054C288012D02F003
:10F42000010204D09AB90C4B01229A6038BDD3F87E
:10F4300048350AB15B42C360FFF7A8FF2268064B5C
:10F440005269C3F80425044B01229A60EEE7024B8F
:10F45000C16001229A60E9E700100040943A002060
:10F46000F8B5C388DB0701D50020F8BD0446F6F7E0
:10F470004FFE00286DD16569002D61D04FF08043AB
:10F4800000220121C3F800211A461960D2F8003188
:10F49000002BFBD0637A304A304DD35CC5F80C3575
:10F4A000227AC5F808252E4B0022C5F81025C5F88C
:10F4B0001C35A67AF6F72CFE00283DD0274BDFF846
:10F4C000B0C0284F284D002001210826C3F82C0584
:10F4D0000222C3F83015C3F81465C3F818C54FF6F7
:10F4E000FF7CC3F83425C3F83CC5C3F8387518272A
:10F4F000C3F854756769C3F80475C3F80463C5F8A5
:10F5000080212A60D3F8002242F01002C3F80022C2
:10F51000C3F800011A465960D2F80031002BFBD025
:10F52000E38843F4804343F0010300200121C2F843
:10F530000C019160E380F8BDA672C5F82465BDE7B3
:10F540002C2015F090FC29462C2215F0E7FC606178
:10F5500094E70648F8BD00BFD06F040000100040DB
:10F56000746962752110010000E100E016FCFFFFE4
:10F570002000040210B50446F6F7CAFDF8B9E38886
:10F5800013F0010301D1184610BD0E4B0222C3F83F
:10F590008020BFF34F8FBFF36F8F0B4B0121C3F858
:10F5A00010011A461961D2F81031002BFBD0E38804
:10F5B00023F4804323F00103E380002010BD0348BF
:10F5C00010BD00BF00E100E00010004016FCFFFF8E
:10F5D00070B505460C46F6F79BFD002836D1EB8842
:10F5E00044B113F001041FD1194A1068C0F3400060
:10F5F00070B970BD13F0040120D113F00200F8D0EF
:10F60000134A23F002030224EB801460084670BD05
:10F6100043F002030221EB80C2F88010BFF34F8F4A
:10F62000BFF36F8F204670BD06462846FFF7A2FF46
:10F63000EB8843F004033046EB8070BD23F00403F5
:10F64000EB802846FFF70CFF204670BD014870BDD7
:10F6500000E100E016FCFFFF0346006988B109499C
:10F6600030B40224C1F88040BFF34F8FBFF36F8FD7
:10F670001D69DA7A6D6A1D61013ADA720C6030BC7C
:10F680007047704700E100E00022C0E900127047B7
:10F6900010B5044684B00068FFF7DEFF0023436224
:10F6A0006268B2B1516A09B915E011464A6A01337C
:10F6B000002AFAD1032B08DC486201231A460921EB
:10F6C000684606F035F904B010BD15F0C5FB04B06E
:10F6D00010BD6060F1E71146EEE700BF0022416017
:10F6E0000270704738B504464068FFF7B5FF012344
:10F6F00005462370043006F045F9002328462370A0
:10F70000BDE8384015F0A8BB10B50446006806F007
:10F710002DFE204610BD00BFF8B522EAE275044672
:10F7200005F10C001F460E4600F098FF206006F021
:10F7300045FE23681D72226857603EB120682A4644
:10F7400031460930BDE8F84015F0C4BBF8BD00BF34
:10F7500010B5074C0023204619460122FFF7DCFFB5
:10F760002046044A0449BDE8104015F077BB00BFAD
:10F77000983A00204020002009F7020010B500232D
:10F78000044607F0DDFC024B2360204610BD00BF9D
:10F790000859040088B110B5044615F0FBFB013888
:10F7A0002044844207D22378027804F8012B00F821
:10F7B00001398442F7D3002010BD6FF47A7070478E
:10F7C000F8B549B380EAE074C4EBE0744F1E00253D
:10F7D000DFF84CC000E01D468CFB0423E217C2EBAF
:10F7E000A30202EB8203C4EB43033033564207F813
:10F7F000013F14466B1C002EEDD1002801EB0302E3
:10F8000003DA2D220235CA544A1900230846137020
:10F81000FFF7C0FF3046F8BD6FF47A76FAE700BF15
:10F8200067666666014B1860002070479C3A0020AE
:10F83000002821DD30B4124D124B2A68002A00F155
:10F84000FF3408BF1A4621460020930983EAD27389
:10F85000534083EA121383EA92035208534042EA68
:10F86000C37202F00103490843EA4000EDD1A0420F
:10F87000E9D82A6030BC70476FF47A70704700BFD7
:10F880009C3A0020A10D0C000A4B036010B40A4CF6
:10F890000023C380224602E001333C2B06D052F8FD
:10F8A000041B8842F8D1002244F823205DF8044B61
:10F8B000704700BF04700400A03A00200048704761
:10F8C00016FCFFFF10B504460A4B0B4823600023CB
:10F8D000E380024602E001333C2B06D052F8041BC1
:10F8E0008C42F8D1002240F82320204615F0B4FACB
:10F8F000204610BD04700400A03A0020013908B56C
:10F9000003290AD8DFE801F00B0B02020368084A5A
:10F91000DB68934201D000219847002008BD0368AE
:10F92000034ADB689342F8D001219847F5E700BF0E
:10F93000F963020070B584B004AC04E90F00BDF8AF
:10F940000230012B18D0022B14D1154C154E04F1A6
:10F95000F00501E0AC420DD054F8040F0028F9D0B6
:10F96000C3885B04F6D503689B68B342F2D098471E
:10F97000AC42F1D104B070BD094C0B4E04F1F0055E
:10F9800001E0A542F6D054F8040F0028F9D0C3884E
:10F990009A04F6D503685B68B342F2D09847F0E763
:10F9A0009C3A0020795902007559020010B5064CA6
:10F9B00020884FF6E853984203D91520F1F73EFF0F
:10F9C0002088431C238010BD222300202DE9F04114
:10F9D000314C82B02246002302E001333C2B05D09B
:10F9E00052F8041B0029F8D144F823002B4C23784B
:10F9F00013F001030BD12A4D2A6842B10093102263
:10FA000001234FF47A60002102F006FD10B102B02C
:10FA1000BDE8F0812820D5F80080224E15F023FAA9
:10FA2000C02300930122204B1021074600F06CFEFA
:10FA3000D8F800305B68B34222D1384600F098FE17
:10FA4000384615F009FA28202F6815F00CFAC02363
:10FA500000930222144B0F21054600F055FE3B682F
:10FA60005B68B34212D1284600F082FE284615F0AA
:10FA7000F3F9237843F00103237002B0BDE8F0816D
:10FA80004046394698470028DDD0D6E73846294613
:10FA900098470028EDD0E6E7A03A0020FB4300207D
:10FAA000CC3B0020BDF8020035F9020010B4084C30
:10FAB0000023224602E001333C2B06D052F8041BFF
:10FAC0008142F8D1002244F823205DF8044B7047AE
:10FAD000A03A0020062816D8F8B50123834013F079
:10FAE000580F0E4605460FD0104CA4F1F00754F8FD
:10FAF000043D32462946184613B11B681B699847D6
:10FB0000BC42F4D1F8BD704713F0270FFAD0084C6F
:10FB100004F1F00754F8043F32462946184613B161
:10FB20001B681B699847A742F4D1F8BD903B0020A1
:10FB30009C3A0020084600F067BB00BF00487047B1
:10FB400016FCFFFF10B5044609F042FDE3696BB1F6
:10FB5000A2699A61A3690BB1E269DA610023C4E981
:10FB600006336361BDE8104009F024BDD4E90532D5
:10FB70001A60EFE738B50D46044609F029FD2A68FA
:10FB800065610AB90AE01A469369002BFBD19461BA
:10FB9000C4E90632BDE8384009F00CBDC4E90622CC
:10FBA0002C60BDE8384009F005BD00BF2DE9F041EB
:10FBB00084B004AC04E90F00114B1C68DDE90201BC
:10FBC0004FF47A72002314F057FFB4B1DFF8348099
:10FBD00006460F46E268A56900239F4208BF964289
:10FBE00008D3636920460BB1FFF7ACFF20464146BE
:10FBF000FFF7C0FF2C46002DECD104B0BDE8F0812A
:10FC0000983B0020A03B00202DE9F04FDFF8E0807A
:10FC100093B0D8F8005004AC84E80F00002D32D027
:10FC20002F4BBDF810401A68BDF81260AAB12D4FD5
:10FC30004FF0000A40F2FE3540F2FF39D368D2F8A7
:10FC400018B0190CAC429BB288B21FD0002B33D035
:10FC50009C4231D05A46002AF0D1A4F2FE33012B47
:10FC600011D9D8F80050204B10273246214608A859
:10FC7000009700F049FD2B681C4A9B6893422AD1EB
:10FC800008A800F075FD13B0BDE8F08F4B45DDD13D
:10FC900009B1B042DED1BAF1000FDBD1536923B113
:10FCA00010460392FFF74EFF039A10463946FFF7BE
:10FCB00061FF4FF0010ACDE709B1B042CAD15369E3
:10FCC00023B110460392FFF73DFF039A10463946D1
:10FCD000FFF750FFBEE7284608A99847D0E700BFC6
:10FCE000B03B0020A03B002009FC02003DFB0200CD
:10FCF000943B0020014B1868704700BFA43B0020D4
:10FD000038B509F065FC164B1C68D4B1636913B1B2
:10FD10002046FFF717FF09F04DFC002323616362C3
:10FD2000256809F09BFC0146284609F0A3FC09F070
:10FD30004FFC0C4B1A6822621C6009F03BFC204609
:10FD400038BD282015F08FF828220021044615F030
:10FD5000E5F809F087FC0023C4E90003A360DAE7B3
:10FD6000A83B0020A43B002038B50A4B1C6823693F
:10FD7000DB0707D5084D286830B1636A436200236A
:10FD800063620446204638BDFFF7BAFF28600028AA
:10FD9000F8D0F2E7903B00209C3B00202DE9F04199
:10FDA000464D2A7812F0010482B002D002B0BDE8BC
:10FDB000F081434E434F3060FFF7A2FF424B43496F
:10FDC0001860FFF7D7FEFFF79BFF3860D0F8008080
:10FDD00009F044FC011F404609F04AFC3B683C49DD
:10FDE000186809F043FC3768002F4ED0282015F022
:10FDF0003AF8C0232246009340F2FF31354B364C8F
:10FE0000804600F081FC3B685B68A34244D14046D9
:10FE100000F0AEFC404615F01FF82820D6F8008010
:10FE200015F021F8C023009300222A4B40F2FE3146
:10FE3000074600F069FCD8F800305B68A34237D170
:10FE4000384600F095FC384615F006F800230F22DE
:10FE5000002100934FF47A60012302F0DDFA28209C
:10FE6000376815F000F8C023009301221B4B0F21C7
:10FE7000064600F049FC3B685B68A34212D130465D
:10FE800000F076FC304614F0E7FF2B7843F00103D6
:10FE90002B7002B0BDE8F0813846414698470028F3
:10FEA000BBD0B4E73846314698470028EDD0E6E7A6
:10FEB0004046394698470028C8D0C1E7FC43002097
:10FEC000943B0020AC3B0020903B0020A03B002056
:10FED0004504030009FC0200BDF80200ADFB02006E
:10FEE000024B187800F00100704700BFFC4300206F
:10FEF000F0B51F4F3B6883B0002B37D01D4B1B78EC
:10FF0000DB0733D50E460446FFF72EFF436944EA6C
:10FF100006420546C2600BB1FFF714FE284616499B
:10FF2000FFF728FEA4F2FE33012B16D928203F68E4
:10FF300014F099FFC0233246009321460F4B05462B
:10FF400000F0E2FB3B680E4A5B68934208D128460A
:10FF500000F00EFC284614F07FFF002003B0F0BD37
:10FF60003846294698470028F7D0F0E70548F5E7D6
:10FF7000943B0020FC430020B03B002009FC020021
:10FF8000BDF8020016FCFFFF2DE9F04128B321B3B4
:10FF90000546984617460E46FFF7B2FE0446E0B106
:10FFA00032463B462946006809F06EFB256809F099
:10FFB00055FB011F284609F05BFB0A4B0A492068E4
:10FFC000B8F1000F18BF194609F050FB2046074949
:10FFD000FFF7D0FD2046BDE8F08100242046BDE8B3
:10FFE000F08100BF1D04030049030300A03B002073
:10FFF000074B1B7813F0010308D010B414460123FB
:020000040003F7
:100000000A4621465DF8044BFFF7BEBF184670470D
:10001000FC430020024B1868B0FA80F0400970479A
:10002000A03B002030B50F4D2B789A0785B004D542
:100030000D4B1B6873B105B030BD43F002040222C2
:1000400001230F2168462C7005F072FC064B1B68DB
:10005000002BF0D12B7823F002032B70F6F7BCF9BC
:1000600005B030BDFC430020A03B00202DE9F0414D
:100070005A4D2C682369D90737D4594E594F3268E5
:10008000396812B36069B04200F089802A609142F9
:100090001CD0944252D08C4252D0534B62699A4247
:1000A0004ED0206809F0E8FA064609F0E7FAD4E9EC
:1000B0000131361ACB1A9E422F6860D82068BB687F
:1000C0003A68BDE8F04109F055BC29601B0745D5E9
:1000D0002C60FFF7A7FF3368002BFAD09C422B60FF
:1000E0002CD039688B42D6D13BE0404E2068326834
:1000F00043F0020323611369146843F0040313619E
:1001000009F0C0FA0146204609F0B4FA37683868A9
:1001100009F0B2FA044609F0B1FAD7E90123241A2A
:100120009B1A9C4241D833689968186809F063FCAF
:100130002B681A690021920731600AD4BDE8F0816A
:100140002A680021936812680846BDE8F04109F06A
:1001500011BC1868BDE8F04109F087BC2B689C42CF
:10016000ECD01E6809F07AFA011F304609F080FAD7
:100170003B681F49186809F079FA39688BE72C60E9
:1001800009F07CFA6068203626F01F0618BB30465E
:1001900000F064FA3118C4E901012F608EE7A0690C
:1001A000002818BF02462A6071E7D5F800802F604A
:1001B00009F064FA7868203424F01F0440B920461E
:1001C00000F04CFA0444C7E90104C5F80080AAE72E
:1001D00000F06AFAF3E700F067FAD8E7903B0020F6
:1001E000A03B0020AC3B0020A83B00209C3B002013
:1001F00045040300034B1B78DB0701D5FFF736BF2F
:10020000704700BFFC43002070B5104D2A78D2071C
:1002100014D50446FFF7A8FD064602F0DDF8736921
:100220002044F06013B13046FFF78CFC304608499B
:10023000FFF7A0FC2B78DB0704D470BDBDE870404D
:1002400000F060BBBDE87040FFF710BFFC4300202A
:10025000983B002000B583B0FFF74AFE18B9074B62
:100260001B78DB0702D403B05DF804FB0190FFF7B5
:10027000FDFE019803B05DF804FB00BFFC430020C5
:1002800038B5284D2868436913B1FFF75BFC28682F
:10029000254C2146FFF76EFC24684CB1A36900226F
:1002A00023B11C460132A369002BFAD1032A22DCB8
:1002B0002B6800221A611C6809F0D0F9014620461B
:1002C00009F0D8F909F084F9184B29681A688A42AC
:1002D00025D04AB1136A99421DD02BB11A6A9142B6
:1002E0001AD01346002BF9D109F064F9104B1B7892
:1002F000DB070CD438BDE2692068936100F0D4F9C3
:10030000606800F0D1F9204600F0CEF9D0E7BDE8F2
:100310003840FFF7ABBE13460A6A1A62E4E7126A76
:100320001A60E1E7903B0020A83B0020A43B00209E
:10033000FC430020034B1B78DB0701D5FFF7A0BF70
:10034000704700BFFC43002010B50C468047A04713
:10035000044B1B78DB0700D410BDBDE81040FFF74D
:100360008FBF00BFFC430020034B1B78DB0700D48A
:100370007047FFF785BF00BFFC430020002842D034
:100380002DE9F041DFF8908098F80030DC0782B06A
:1003900032D51E4F3B680A4619694907054601D107
:1003A0005C6A44B1284601231949FFF7EDFD00209E
:1003B00002B0BDE8F0811868019209F03EFB39688F
:1003C000019A0B6913F0020618D143F0010310469D
:1003D0000B61A8473B6818695E6220F0010210F0CB
:1003E00004001A61E4D098F8000010F00100DFD09A
:1003F000FFF746FF3046DBE70648D9E723F0030363
:100400000B612046D4E76FF47A707047903B002070
:100410006903030016FCFFFFFC43002038B50346C8
:10042000144610460D4698472046A847044B1B78B3
:10043000DB0700D438BDBDE83840FFF721BF00BF5F
:10044000FC43002008B5044CFFF7ECFD2378DB07E4
:10045000FAD5FFF70BFEF7E7FC430020024B1878B4
:10046000C0F38000704700BFFC430020054A1378AA
:1004700018B923F004031370704743F0040313709A
:10048000704700BFFC43002010B40024C460C0E9E2
:10049000001102725DF8044B704700BFF8B5194DAA
:1004A0002B78DA0700D4F8BD044609F091F82668E5
:1004B000013E266009F07EF8002EF4DAFFF754FCC6
:1004C000436907460BB1FFF73DFB04F10C013846C9
:1004D000FFF750FB09F07CF823689E4208DD7B693A
:1004E00013B13846FFF72EFB38460749FFF742FBAA
:1004F00009F060F82B78DB07D5D5BDE8F840FFF7A9
:10050000B5BD00BFFC430020A03B0020036810B530
:10051000C4680133036054B1636913B12046FFF727
:1005200011FB20460249BDE81040FFF723BB10BD78
:10053000A03B0020C36810B504462BB12046FFF74E
:10054000E5FFE368002BF9D1237A0BB963682360D8
:1005500010BD00BF00680028B4BF404200207047B3
:10056000F8B50C4C05460E46277809F031F80A4AD2
:10057000731B02EBC7019B0843F0004342F837505E
:100580004E602B6023780133237009F013F80020AC
:10059000F8BD00BFFE430020B43B0020064B1B7893
:1005A000834207D9054B03EBC00253F83030506843
:1005B000C01A704700207047FE430020B43B002063
:1005C000F8B583074FEA90063BD188B10D4608F095
:1005D000FFFFD5E90045771CA54206D92368002B0B
:1005E00007DB04EB8304A542F8D808F0E3FF002002
:1005F000F8BD23F00043990054F82320002A04EBAF
:1006000001000DDB0EE022F00042134443F00042F3
:10061000226054F823209900002A04EB010001DA3B
:100620008542F0D89F4201D90C44D5E702369E425C
:1006300009D3236823F00043236008F0BBFF201D8B
:10064000F8BD0136C2E704EB8606B542F1D9DB1BE3
:1006500043F0004346F8043C2760EEE738B5044613
:1006600040B10C4D2B783BB120460B49FFF7A8FF5A
:10067000044658B1204638BD0849094A0868094966
:100680001370FFF76DFF01232B70EDE71420F1F7D6
:10069000D5F8EFE7FD430020B43B0020D020002038
:1006A000FE43002000F80120A0B10E4B1A688242E0
:1006B0000DD25B6883420AD950F8043C002B10B578
:1006C000044608DD43F0004344F8043C10BD1E20FE
:1006D000F1F7B4B870471E20F1F7B0F854F8043CB5
:1006E000F0E700BFB43B002038B501FB00F5284619
:1006F000FFF7B4FF044628B101232A460360002116
:1007000014F00CFC204638BD2DE9F04104461030B1
:10071000884617461E46BDF8185005F029F90020F6
:10072000E060C4E90800A4F800806780A660A580A6
:100730002046BDE8F08100BF2DE9F843BDF8245004
:10074000089E04461030894690461F4645F0010534
:1007500005F00EF90020C4E90800A4F80090A58077
:10076000A4F80280C4E902762046BDE8F88300BF01
:1007700083889B0710B5044602D5806814F06CFB93
:10078000204610BD82B070B586B00AA981E80C0081
:10079000036A4BB31C696CB1012200E01C4623695B
:1007A0000132002BFAD1092A05DD06B0BDE8704000
:1007B00002B070471C460AAB0FCB02AD85E80F00B4
:1007C000182014F050FB06AB064613E9030095E829
:1007D0000C008DE80300304605F0F0F8266106B005
:1007E000BDE8704002B0704704460FC902AD85E80D
:1007F0000F00182014F037FB06AB064613E9030080
:1008000095E80C008DE80300304605F0D7F8266225
:1008100006B0BDE8704002B0704700BFD0E90023C9
:1008200003F10053013B10B402EBC304A24210D801
:1008300052F8333099420CD8A21A22F0070223460C
:10084000A21A03E053F8080D814202D893421C46D5
:10085000F8D160685DF8044B704700BFD0E9002311
:1008600003F10050013802EBC0039A4252F8300005
:1008700016D8814215D89A1A22F0070210B49A1A93
:1008800003E053F8080D814206D893421C46F8D184
:1008900018685DF8044B704720685DF8044B70479A
:1008A00070477047D0E9002303F10050013802EB94
:1008B000C0039A4252F830001FD881421DD89A1ABC
:1008C00022F007029A1A9342184615D010B453F832
:1008D000084DA14206D8934218460BD053F8084D54
:1008E000A142F8D900685DF8044B081AB0FA80F00C
:1008F000400970471868F6E71868081AB0FA80F0DF
:100900004009704701F044BE01F012BEFEF78ABFF5
:10091000FEF78EBF38B50446074B036000254560DF
:10092000FFF754F8E388054A258143F48053226099
:10093000E380204638BD00BF047004002870040026
:1009400010B5044B036000230446C380FFF7AEF8E4
:10095000204610BD0470040000897047807A7047FB
:1009600038B5036881720446DB6A98472368074AF2
:100970009B6A9342054603D1A07AA072284638BDEF
:1009800020469847A072284638BD00BF5D09030085
:1009900038B5036801810446DB6A98472368074A33
:1009A0001B6A9342054603D120892081284638BD21
:1009B000204698472081284638BD00BF59090300CA
:1009C000F8B504460025154B036045600E461746F2
:1009D000FEF7FCFF94F8363066624FF00112C4E96E
:1009E0000E22022103F0F90365F3C3030C4E2563C5
:1009F000142084F84050A1722081E560C4E90455B8
:100A0000C4E906552562A780E580A586A4F8425072
:100A100084F8363026602046F8BD00BF047004001C
:100A200050700400C16811F5C87FF0B480F2848072
:100A300090F8363013F0020340F08680046914F514
:100A4000C87F66DA90F8362012F0040269D1456951
:100A500015F5C87F31DA90F8362012F0080234D04C
:100A6000B2FA82F390F8366090F840205B0963F3A5
:100A7000C30680F83660032A08D80132D2B2012AB0
:100A800080F8402000F08B80042A77D0B0F8423004
:100A900090F8366001339BB216F00107A0F842309F
:100AA00062D01D2B17D900236FF3000680F8366043
:100AB000A0F8423080F840300DE0B5F5C87F04DD85
:100AC00090F8362012F00802CAD090F84020002B8F
:100AD000D1D1002ADAD104FB04F301FB0133334AFC
:100AE00005FB053393423CD911F5487F51DBB1F545
:100AF000487F51DC14F5487F54DBB4F5487F3BDC7C
:100B000015F5487F50DBB5F5487FD4BF002006209F
:100B100028E0B4F5C87F9ADD90F8362012F0040280
:100B200095D1B2FA82F390F836205B0963F3820222
:100B300080F8362001238AE7B1F5C87F0FDD90F8F1
:100B4000363013F002030AD190F83620B3FA83F35B
:100B50005B0963F3410280F8362001236EE700232E
:100B60006CE70720F0BC7047092BB4D9013A80F834
:100B70004020A0F84270AEE70120F3E790F836304D
:100B8000002243F0010380F83630A0F842200B2009
:100B9000E8E70320F0BC70470420F0BC7047A0F8E1
:100BA000422098E70220DDE70520DBE7FF70020026
:100BB000D0E9033230B502FB02F2456903FB03239F
:100BC00005FB0535B5F5800F85B0044616D9038FB2
:100BD000002B4DD0B5F5100F25D8012384F8313006
:100BE0002046FFF71FFF0B2814D0A38E834231D07D
:100BF0000023A08684F8303005B030BD90F8313045
:100C0000042B56D90023C0E90E332046FFF70AFF14
:100C10000B28EAD16086024601230D21684604F0C4
:100C200087FE05B030BD638F002B39D0B5F1107F42
:100C3000D3D9A38F5BB3B5F1806FCED9E38F002BEF
:100C4000CBD101230A220D21684604F071FE012355
:100C5000E387C2E794F83030628E042B14D8013356
:100C6000DBB2904284F83030C6D0052BD2D0C3E737
:100C700001230C220D21684604F05AFE0123B5F52C
:100C8000100F2387A9D9CEE79042C3D1B4E701233F
:100C900009220D21684604F04BFE0123A387CAE711
:100CA000012308220D21684604F042FE01236387D8
:100CB000BCE70133DBB291E730B5D0E908218BB056
:100CC00002AD009200F1180304460CCB284604F054
:100CD000FDFD95E80700E38804F10C0523F002030D
:100CE00085E80700E3802046FFF762FF0123A18823
:100CF0001A4606A804F01CFE00200BB030BD00BF51
:100D000010B5036804461B6B9847E06810BD00BF30
:100D100010B5036804461B6B9847206910BD00BFDF
:100D200010B5036804461B6B9847606910BD00BF8F
:100D3000036810B504461B6B9847E3889B0702D4F1
:100D40002046EBF7ADFEA06A10BD00BF036810B5EA
:100D500004461B6B9847E3889B0702D42046EBF7B9
:100D60009FFEE06A10BD00BF408E704710B5044B77
:100D7000036000230446C380FEF798FE204610BDA2
:100D80000470040000897047F0B50446416BA26B03
:100D9000E36B2769656900F13406C068D71B5D1BEA
:100DA000D4E90723081AA16902FB07F201FB00F14D
:100DB000881292128BB0C4E90D0203FB05F39B125B
:100DC000216CE36302AD009396E80C00284604F022
:100DD0007DFD95E80700012304F1280585E807005B
:100DE000A1881A4606A804F0A3FD00200BB0F0BDB0
:100DF00038B5036801810446DB6998472368074AD0
:100E00005B6A9342054603D120892081284638BD7C
:100E1000204698472081284638BD00BF850D030035
:100E20002DE9F041124B03600025044645608846D9
:100E30001746104EFEF7CAFD4FF4806314204FF49E
:100E400080512081C4F84080C4E903556561C4E93C
:100E50000955C4E90B55C4E90D55E5636564A780E0
:100E60002660E180C4E9063323622046BDE8F081B4
:100E700004700400907004002DE9F84303680446F0
:100E80009B6A9847A06A13F045FA8046E06A894653
:100E900013F040FA0646206B0F4613F03BFA424629
:100EA00004460D464B464046494613F09DFA3246ED
:100EB000804689463B463046394613F095FA02464D
:100EC0000B464046494613F0D9F8224606460F46DF
:100ED0002B462046294613F087FA02460B46304639
:100EE000394613F0CBF810F0B5FE13F02DFDBDE838
:100EF000F88300BF30B5C58815F0040585B023D14F
:100F0000036804469B6A9847E388E56023F0020380
:100F10004FF4806243F00403E380C4E906222262B6
:100F20000123C4E9045565620322A188684604F0E0
:100F3000FFFCE388054813F0020F23F00403E3806D
:100F400018BF002005B030BD0148FBE714FCFFFFCF
:100F500015FCFFFF84B070B404AC84E80E000646B4
:100F60000FCC06F10C050FC594E80700F38843F099
:100F7000020385E80700F38070BC04B0704700BF2F
:100F8000C08800F0020070474164704770B50B687C
:100F900082B005460C4608469B6A16469847D4E937
:100FA0000F31019600933434284694E80C0004F085
:100FB00043FC284602B070BD10B5036804469B6A26
:100FC0009847A06A10BD00BF10B5036804469B6A2D
:100FD0009847E06A10BD00BF10B5036804469B6ADD
:100FE0009847206B10BD00BFC288510711D49307EA
:100FF00010B504460AD5636C20461BB1BDE810400D
:10100000EBF70EBEBDE81040EBF77EBEFFF772FFB8
:10101000F1E70148704700BF15FCFFFF10B5044B16
:10102000036000230446C380FEF740FD204610BD48
:10103000047004000089704740897047FF299ABFF7
:10104000017300206FF47A70704700BF007B704717
:10105000704700BF10B50A894C8982B00023CDE9E2
:10106000002410311A46044604F008FF204602B05E
:1010700010BD00BF10B5074B044640F8103B04F00C
:10108000B1FC054B236000232046E380FEF70EFDF4
:10109000204610BDC870040004700400094B10B550
:1010A000044640F8103B04F09DFC074B23600023EE
:1010B000E3802046FEF7FAFC204613F0CDFE2046E2
:1010C00010BD00BFC870040004700400F8B50C4DDA
:1010D00005600025044645600E4615461F46FEF78E
:1010E00075FC2046074B40F8103B2AB231B204F0A1
:1010F0004BFDFF222273A780268165812046F8BD23
:1011000004700400C87004006FF47D70704700BF65
:101110006FF47D70704700BF6FF47D70704700BF43
:101120006FF47D70704700BF10B584B004AB0468E5
:1011300003F8012D00220092246A1A460123A047D9
:1011400004B010BD10B584B004688DF80C200022E6
:1011500000928DF80D30246A022303AAA04704B040
:1011600010BD00BF10B5012384B00468CDE9003381
:101170000DF10F03E46AA04708B99DF80F0004B011
:1011800010BD00BFF0B585B004469DF82C508DF819
:101190000F201F4602680E4685B101230093156A91
:1011A0000DF10F02A84738B9236800909D6A0A9B89
:1011B0003A4631462046A84705B0F0BDD3699DF8B0
:1011C0000F209847EFE700BF2DE9F84F9DF82870F2
:1011D000002A3CD0002B3ADD88460168DFF8749085
:1011E0001E468B684B458246144628D10D69DFF8B0
:1011F00068B05D451BD1264405E00134A6420AD003
:10120000DAF800301D695D45F7D021785046013489
:10121000A847A642F4D117B10020BDE8F88FDAF84C
:101220000030DB684B450ED13846BDE8F88F5FFAD9
:1012300088F15046A847DAF800301D69DBE7984787
:10124000DAF80010D2E7504698473846E5E76FF4E1
:101250007A70E2E719110300211103002DE9F04F24
:1012600083B09DF83090002A5AD0002B984657DD65
:1012700005689246AB682C4A934206463DD12B69DD
:101280002A4FBB4241D1B8F1010F1BD0A8F102088F
:101290000AEB080B0AF1FF3405E00B2004F8010FFC
:1012A000A3450BD035686D69BD42F6D000213046AC
:1012B000A847C0B204F8010FA345F3D108F1010813
:1012C0003568C2446B69BB4212D10B208AF800001A
:1012D000B9F1000F03D0002003B0BDE8F08F3368F0
:1012E000114ADB68934217D1484603B0BDE8F08F3E
:1012F000012130469847C0B2E8E701919847356828
:101300000A4F2B690199BB42BDD041F00101C9B21E
:10131000304698473568B6E7304698474846DBE799
:101320006FF47A70D8E700BF191103002111030090
:10133000024A026000220271427170470871040083
:101340006FF47D70704700BF4079704741717047FE
:1013500019B30B68934214D070B50E461446054677
:1013600023B11A680E49126E8A420CD134B1236837
:101370000C4ADB6D93420BD100232B7134600020AB
:1013800070BD0020704718469047002CEFD1F5E75C
:101390002946002220469847F0E76FF47A7070479C
:1013A000319602002D9602000EB42DE9F04787B069
:1013B0000FAB054653F8046B0093317849B12529EA
:1013C0000CD02B6801369B69284698473178002954
:1013D000F5D107B0BDE8F04703B07047009B7178C6
:1013E000D3F80090632903F10403009306F1020689
:1013F0007ED015D9732969D0782964D0642941D069
:101400002B683F219B69284698472B683F219B69A1
:10141000284698472B683F219B6928469847CCE788
:1014200025294BD05829EBD14FF000081C27082460
:101430004FF0000A10E0B8F1000F3CD003F1570163
:101440002B6828469B6998474FF0010A013C14F02D
:10145000FF04A7F10407B0D029FA07F303F00F0344
:1014600003F13002392AD1B2E5DC302AE8D130214B
:101470002846BAF1000F01D1012CE7D12B689B69F6
:101480009847E3E7002301A94846CDE90133CDE9B8
:1014900003330593FEF794F99DF8041000298CD0CE
:1014A0000DF105042B6828469B69984714F8011B29
:1014B0000029F7D181E703F13701C1E72B682846FE
:1014C0009B69984779E74FF00108AFE799F800105A
:1014D00009F1010900293FF470AF2B6828469B6988
:1014E000984799F8001009F101090029F5D164E73E
:1014F0002B685FFA89F19B69284698475DE700BF32
:10150000C389DB0600D4704710B5044684B08189D6
:1015100001230422684604F00BFAE38923F0100348
:10152000E38104B010BD00BFA0F10800FFF7E8BFE1
:10153000C3895B073DD52DE9F0418369B3F902709A
:10154000002F84B00E46054615DD00F11808002472
:1015500001E0A7420FD021B2404604F0B3FEB042F2
:1015600004F10104F5D101231A46A989684604F063
:10157000DFF9A742EFD1EB8C95F82410288D5A1C87
:1015800092FBF1F301FB13239BB2984212D0EA8C39
:10159000296A92B28E54EA69EB84002A02DBEB8C52
:1015A0009A4210D0EB8943F01003EB8104B0BDE800
:1015B000F0817047A98901230322684604F0B8F935
:1015C00004B0BDE8F0814FF0FF33EB61022201234C
:1015D000A989684604F0ACF9E4E700BFC3891B079A
:1015E00000D4704730B5838EC16A02689BB204464E
:1015F000C95C926985B09047A58E94F83020618EC1
:101600006B1C93FBF2F502FB1535ADB2A94202D07B
:10161000A58605B030BD0123022240F2FF316846A5
:1016200004F086F9236801219B6820469847EFE77C
:101630002DE9F047B2F1000A054629DD9946408EB2
:1016400001F1FF38002608E0EB6A18F8012F1A5460
:101650000136B2456C8620461BD095F83070AA8EB4
:10166000431C93FBF7F407FB1434A4B29442EBD170
:101670002B6801215B6828469847B9F1020F1FD0FB
:10168000B9F1010F0DD0B9F1000F02D0688EDBE780
:1016900000262B6828465B68012198473046BDE844
:1016A000F087688E06E095F83030AA8E03449B1AC6
:1016B000002BC9DDAB8E9842F5D3AB8EC31AF7E78A
:1016C000494640F2FF30FEF7C5FD688EBCE700BF1B
:1016D000C3895A0770B5044607D5036800219B6883
:1016E0009847206AFEF7E0FFE38994F8240023F08E
:1016F00004039DB2E581FEF7B1FF206260B123686B
:10170000002645F004055B68E581E68426852046D1
:1017100031469847304670BD6FF47B7070BD00BF96
:1017200038B5C3891A07054607D5036801219B68A8
:101730009847E86AFEF7B8FFEB8995F8300023F088
:1017400008039CB2EC81FEF789FFE86230B100200B
:1017500044F00804EC816886A88638BD6FF47B707D
:1017600038BD00BF2DE9F0470446224D25602248D0
:10177000A060002504F1080025716571E5608846C8
:10178000174699469DF82060BDF824A0FEF71EF983
:101790001A4AC4F8108002F1080340322360A260A4
:1017A000676104F1180004F04DFD09F101094FF0E3
:1017B000FF330136E361E584424604F1100184F809
:1017C000249084F83060A4F80CA02562E562258599
:1017D0006586A5862046FFF7BBFD3A4604F1140155
:1017E0002046FFF7B5FDE38943F48043E3812046BB
:1017F000BDE8F087447104000470040048710400DF
:101800002DE9F041C789BC071DD4002A1DDDE1B1D7
:10181000984647F00203C3813B07044615460E462F
:101820000BD543462A4631462046FFF701FFE389A0
:1018300023F00203E381BDE8F081FFF771FF002888
:10184000EFD0BDE8F0810248F5E76FF47A70F2E777
:101850000DFCFFFF10B40C681346211DB4F90220E3
:101860005DF8044BFFF7CCBF38B50B1E07DB1D46F8
:101870000368DB680446984700B9A56338BD6FF478
:101880007A7038BDC38913F0030F60D143F00303AE
:1018900070B50446C38115460E460A4600F1100194
:1018A000FFF756FD2A4604F114012046FFF750FDCC
:1018B000A28E638E93423DD3A28E9B1A2268002B88
:1018C000926804DD01212046904723689A68002130
:1018D000204690472B681F4A5B6C934233D12368A4
:1018E0002A4631461B6920469847236800215B68D9
:1018F00020469847A28E638E934221D294F83020DE
:10190000A18E13445B1A002B04DD236801215B6860
:1019100020469847A56B002D06DB23682946DB6827
:101920002046984700B9A563E38923F00303E381C8
:10193000002070BD94F83020A18E13445B1ABDE7DF
:10194000A28E9B1ADFE7022128469847C7E7024884
:10195000704700BFCD9502000DFCFFFF012A20D08B
:10196000022A38B50AD0C38C90F82420194491FB80
:10197000F2F302FB1311C161002038BD05460C468D
:1019800080891146FEF7B4FAE98C95F824202144A9
:1019900091FBF2F302FB1311E961FEF72BFC00202F
:1019A00038BD6FF47A707047012A0FD038B51446ED
:1019B0000546183004F04CFC022C01D0002038BD44
:1019C000A8890121FEF746FC002038BD6FF47A702B
:1019D000704700BF2DE9F04F87B0CE8900AFF50703
:1019E000C7E9013060D474078946154640F1D780B5
:1019F000B9F828A0B9F8263046F001069A45A9F8AA
:101A00000E6058D02B68D9F82010B3F90220564642
:101A1000731C002A11F80680FB602ADD4FF0000BD2
:101A20004FF0FF340FFA8BF1284604F04BFC2A6884
:101A3000B2F902200BF1010B404508BF34465A456C
:101A4000F0DC99F82430F968B9F8268091FBF3F6B8
:101A50001FFA88F803FB1616B04500F0A880601C3A
:101A600054D1D9F82010731C002A11F80680FB60AD
:101A7000D4DC99F82430F868B9F8268090FBF3F6A6
:101A80001FFA88F803FB1606B045C1D17B68012B0D
:101A900000F094807B68022B13D0B9F80E60B86810
:101AA00026F00106A9F80E6004F0CCFBB8681C37DC
:101AB000BD46BDE8F08F7B68012B00F0BA80022B99
:101AC000EDD1294607F1140004F0B4FB07F114012D
:101AD00002224846FFF768FF07F1140004F018FBE4
:101AE000B9F8264014F1FF3402D299F82440013CA1
:101AF00007F1140004F0A6FB07F1140109F1180026
:101B000004F0A6FB07F1140004F002FB002CB9F866
:101B10000E60C4DB99F824505445BABFA5EB0A0BFC
:101B2000A344A4EB0A0B0BF1080323F00703E846D8
:101B3000ADEB030D002168460BF10102A4B213F0D6
:101B4000EDF9A2456946D9F820000FD00DF1FF321A
:101B50000AF1010C9CFBF5F305FB13C310F80AC056
:101B600002F801CF1FFA83FA5445F1D1B9F82830B1
:101B7000B86801335B4426F0010693FBF5F205FBE0
:101B80001235A9F80E600FFA8BF2A9F8285004F06C
:101B900037FBC546B8681C37BD46BDE8F08F084620
:101BA000FFF796FD002837D1B9F80E6020E77B6873
:101BB000012B29D1611CA9D1D9F82010B9F8263000
:101BC0009845FBD008F10103002A11F80860FB607A
:101BD00027DD4FF0000B4FF0FF340FFA8BF1284652
:101BE00004F070FB2A68B2F902200BF1010BB0423D
:101BF00008BF44465A45F0DC99F82430F96891FB57
:101C0000F3F803FB1818D5E77B68022B7FF47EAF4F
:101C1000631C7FF47BAF54E70146B86804F098FA80
:101C2000B8E799F82430F86890FBF3F803FB18083C
:101C3000C4E72B68D9F82010B3F90220D046BDE7DD
:101C4000C3895B0710B5044605D5E38C208DC01A07
:101C500018BF012010BDFFF73BFD0028F5D010BDD7
:101C600038B50446F9B101290D4610D12046FFF7D9
:101C7000E7FF0028FAD0238D226A94F82410D05C64
:101C8000013393FBF1F201FB1233238538BD0229A6
:101C9000F1D1FFF7D5FF0028EDD12A4601212046DA
:101CA000FFF75CFEE7E7FFF7CBFF0028E3D1014831
:101CB00038BD00BF0CFCFFFF38B5C389DA0712D46A
:101CC00043F001025B0704460D46C28102D4FFF7D0
:101CD000FFFC38B929462046FFF7C2FFE38923F00D
:101CE0000103E38138BD014838BD00BF0DFCFFFF93
:101CF000B0F80EC01CF0010F2DE9F0416AD19846F2
:101D00001CF0040F4CF00103064617460D46C38134
:101D10002BD0B8F1000F11D1002F59DD013D444601
:101D200004E00134A74205F8010F17D00021304626
:101D3000FFF796FF10F57D7FF3D10FE0B8F1010FAB
:101D40001CD1002F44DD6C1EE51901213046FFF740
:101D500087FF04F8010FAC42F7D13C46F38923F02A
:101D60000103F3812046BDE8F081FFF7B1FC044692
:101D70000028F7D1B8F1000FCED0DFE7B8F1020F9D
:101D800026D1F38C318D994285BF96F82430F28CA0
:101D9000F38C9B185B1A9F420DDDF38C994285BF33
:101DA000F28C96F82430F38C9B18591A791A022277
:101DB0003046FFF7D3FD002F0ADD6C1EE519022126
:101DC0003046FFF74DFF04F8010FAC42F7D1C4E7EE
:101DD0000024C3E7004CC5E70DFCFFFF2DE9F041EF
:101DE0001446083222F0070200AFADEB020D0E469A
:101DF0009846621C00210546684613F08FF843465A
:101E0000224669463046FFF773FF002808DD02B21C
:101E10006946284604F0F4F92846BD46BDE8F0813D
:101E2000284604F00FFA2846BD46BDE8F08100BF01
:101E3000C389DA0712D4FF2918BF013110B543F066
:101E40000103044618BFC9B2C38180F82410FFF70C
:101E50003FFCE38923F00103E38110BD0048704794
:101E60000DFCFFFFC3899A0712D4FF2918BF013167
:101E700010B543F00203044618BFC9B2C38180F80D
:101E80003010FFF74DFCE38923F00203E38110BD1E
:101E9000004870470DFCFFFF90F82400704700BF1A
:101EA000828E438E934237BF90F83020808E808E92
:101EB0009B18181A704700BF0A4B10B503F10802AF
:101EC0004033044602608360183004F021F9064B69
:101ED000A360002304F10800E381FDF7E7FD20463D
:101EE00010BD00BF487104000470040008B5C0684C
:101EF00003681B6B9847002008BD00BF08B5C06889
:101F000003689B6A9847002008BD00BF2DE9D847A9
:101F100004469246994607F05BFBE66894F8118008
:101F200034683046A36CE76B98474B465246002B0B
:101F300008BF0A2A38BF0A22024441463046B84741
:101F4000BDE8D84707F036BB70B5044607F040FB44
:101F5000E06803689B6C9847D4E90151D4E90823F1
:101F60006060401B1518084443F10006B0F57A7F05
:101F7000C4E90856A0600CD3D4E906230132A0F5C9
:101F80007A7043F10003B0F57A7FF7D2C4E90623F3
:101F9000A060BDE8704007F00DBB00BF2DE9F84F11
:101FA0001646426BBDF82880BDF82C909DF830A0F5
:101FB000002A10DDC46A1F46238A83B104F1180386
:101FC000002102E033F8085C4DB1013191421C461A
:101FD00003F11803F6D16FF47B70BDE8F88F054666
:101FE000FFF7B2FFD5E9082312EB060B43EB070C12
:101FF000BAF1000F22D1002001460D9BA4F81080F9
:10200000C4E90001C4E902BCA4F81290636107F0BE
:10201000DFFA296B39B1D4E90223D1E902018B42FD
:1020200008BF824205D22C6332463B462846FFF762
:102030006DFF07F0BFFA0020BDE8F88F3046394643
:10204000DBE700BF2DE9F003456BC36A00218D4239
:1020500001631EDD0A461C8A013254B139B1D3E94D
:102060000267D1E902894F4508BF464501D20363A3
:102070001946AA4203F11803EDD151B1036A8A68E7
:10208000D21A0A2AB8BF0A22D317BDE8F003FFF715
:102090003DBFBDE8F00370472DE9F04F83468BB09C
:1020A00059B1C468067C236820469A6CDD6B904762
:1020B000394A314602442046A8475846FFF744FFB4
:1020C000DBF83420DBF82C40002A49DD0025AA4645
:1020D0001CE0D4E9006756EA0701628A46D1DBF8C2
:1020E00030000021A042218247D001210291CDE998
:1020F0000089194606A803F02BFCDBF834200AF10E
:10210000010A0135AA4204F1180426DD238A002BB6
:10211000F7D0D4E90201DBE90889894508BF804589
:10212000CDE90401D5D26369DB07EAD5FEF796F95C
:1021300060B1DBE90801194ED4E9022336184FF0EB
:1021400000074F41BB4208BFB24219D3DBF834202D
:102150000135AA4204F11804D8DCBAF1000FB1D15C
:102160005846FFF76FFF0BB0BDE8F08FDDE90401C3
:1021700080197941C4E90201B7E7CBF83010B4E720
:102180000123CDE900010293052240F2FF3106A8A8
:1021900003F0DEFBDAE700BF80969800A08601001E
:1021A000074B1B6853B1197C084110F00101184618
:1021B00001D1FFF771BF0121FFF76EBF704700BF6C
:1021C000C03B0020426BC36A02EB420203EBC20237
:1021D00093424FF0000025D2198AF9B15969C90715
:1021E0001CD5D0B1F0B4D0E90245D3E90267AF42C3
:1021F00008BFA64238BF184618339A420BD9198A2D
:102200000029F9D05969CC07F6D50028EBD118463A
:1022100018339A42F3D8F0BC7047184618339A42E4
:10222000DAD87047704700BF2DE9784804460D465C
:1022300007F0CEF9E06803689B6C984763686060BC
:102240000646D4E90801A268F31A10EB030B134405
:1022500041F1000CB3F57A7FC4E908BCA3600CD34C
:10226000D4E906010130A3F57A7341F10001B3F519
:102270007A7FF7D2C4E90601A360E06803681B6BAC
:10228000984707F097F90023C5E90063D4E90801EE
:10229000BDE878882DE9F84FDDE90A89044615463E
:1022A00007F096F958EA090330D0D4E9082312EB75
:1022B000080043EB0901C4E908014FF47A720023D6
:1022C0004046494612F0D8FBD4E9066716EB000AEF
:1022D00047EB010BC4E906AB404649464FF47A721E
:1022E000002312F0C9FBA3681A44B2F57A7FA260FA
:1022F0000BD31AF1010AA2F57A724BF1000BB2F579
:102300007A7FF6D2C4E906ABA26065602046FFF78B
:102310001BFED4E90889636BE56A03EB430305EB15
:10232000C30C18F10A0A4FF0000349F1000B654590
:10233000236314D333E05B4508BF524501D2C5E99E
:1023400002AB236B3BB1D3E90201D5E902238B42F7
:1023500008BF824200D225631835AC451FD92B8AAD
:10236000002BF9D0D5E9006756EA0701D5E9022329
:10237000E1D012EB060843EB0709D94508BFD04569
:1023800002D3DEE78046894616EB080047EB0901D9
:10239000594508BF5045F5D3C5E90289D1E7E06842
:1023A00003689B6C98470546E068094A0368217CEE
:1023B000DB6B2A449847236B33B1E068617C036888
:1023C00005F10A02DB6B9847BDE8F84F07F0F2B859
:1023D00080969800704700BF064B10B51C682CB162
:1023E0002046FFF7B1FDD4E9060110BD0020002111
:1023F00010BD00BFC03B0020064B10B51C682CB1BF
:102400002046FFF7A1FDD4E9080110BD00200021FE
:1024100010BD00BFC03B002070B50A4C266884B0D8
:1024200076B11D4614460B460246012108980390DA
:10243000CDE9004530460291FFF7B0FD04B070BD14
:102440000148FBE7C03B002016FCFFFF70B50E4DB6
:102450002C68B4B12046FFF777FD0C4B266A42F298
:10246000107098472C682046FFF76EFD236A0849D4
:10247000053B9B1B42F210720020B2FBF3F30B6092
:1024800070BD044870BD00BFC03B00207920002013
:10249000BC3B002016FCFFFFF8B50D464374164602
:1024A0000A231E4A1E49016004464363C560067440
:1024B0000121F0201460FEF717F92B68194FDA6933
:1024C000E062002100202163BA424FF00001C4E91C
:1024D0000601C4E908011AD1134AEA603146134AD9
:1024E000DB6B28469847E06803685B6A9847E068BA
:1024F000036800229B6CA2609847E36860601A68DA
:102500001846936A9847FFF7A1FF2046F8BD284672
:1025100005499047E5682B68E0E700BFC03B002015
:10252000AC7104000D660200A121030080969800A2
:102530002DE9F843124D2E6806B3124B0446186875
:10254000A8B93046FFF700FDD6E9086716EB040886
:1025500047F100092C682046FFF7F6FCD4E9082370
:102560004B4508BF4245F5D30020BDE8F88304FB86
:1025700000F0054B98470020BDE8F8830348F4E7D6
:10258000C03B0020BC3B00207920002016FCFFFF50
:102590004FF47A7303FB00F0FFF7CABF064B1B68CA
:1025A0001BB101461846FFF73FBE00220023C0E9D9
:1025B0000023194610467047C03B002070B5094CF7
:1025C000266882B05EB114461D4602460B46304670
:1025D000CDE90045FFF75EFE002002B070BD024865
:1025E000FBE700BFC03B002016FCFFFF084B1B6849
:1025F0005BB110B504461846FFF7E4FD20B1D0E901
:102600000223C4E90023012010BD1846704700BF13
:10261000C03B0020C3880D4A23F4005310B5044684
:102620000260C3802C3003F0DDF904F1240003F0D4
:102630006FFD04F11C0003F06BFD054B23600023CC
:102640002046E380FDF732FA204610BDBC7104003D
:102650000470040010B50446FFF7DCFF204612F0BA
:10266000FBFB204610BD00BFF8B50025164B0360EC
:10267000044645600F461646FDF7A8F9134B236044
:10268000A76004F10C0003F0A3F804F11C0003F0B0
:10269000D9FD04F1240003F0D5FD04F12C0003F072
:1026A000A9F94FF4405384F8225084F83250A680A0
:1026B0002575E582258325842585258684F8335074
:1026C000E3802046F8BD00BF04700400BC71040024
:1026D00000B5012385B081881A46684603F028F9C1
:1026E000012368461A4640F2FE3103F021F905B095
:1026F0005DF804FB2DE9F8430446806801211030A1
:1027000003F08CFB94F92230042B06DCE269B4F967
:102710002010B2F902208A421ADCA06801335DB2AF
:1027200084F822500368DB6998470130854201D064
:10273000BDE8F883E369002284F82220B3F902108F
:10274000B4F92030994236DD01332384BDE8F883A3
:1027500004F11C0003F0B6FD04F10C050146284607
:1027600003F048F8064660B3A06894F92270026846
:10277000C7F1040301279F40D3699847354600F10C
:10278000FF38A068FFB25FFA88F805366FEA0509DE
:1027900015F8013B3B4204D1AE42F9D194F9223005
:1027A000BCE709EB0502103012B2FF23414603F0EB
:1027B00061F9A068F0E722752046BDE8F843FFF70D
:1027C00087BF2846202103F015F80646CCE700BF56
:1027D00038B50446436AB4F92810B3F9023080686A
:1027E0008B4200F110050FDC202100231A462846F9
:1027F00003F0CEFA626AB4F92830B2F902209A42A4
:1028000008DB0133238538BD04F1240003F05AFDB1
:102810000146EAE7002323752046BDE83840FFF76C
:1028200057BF00BF10B50446806882B0103003F077
:1028300017F9A068B4F930200023103004F12C01FE
:10284000009303F00FFA50B994F833303BB10023F2
:102850002046237502B0BDE81040FFF739BF94F958
:102860003230002BF3D0218E01220B44238684F8D2
:10287000332002B010BD00BF30B504468068B4F903
:102880003050036883B0DB699847E36A94F93210EB
:102890005B88CB1A184485420DDC94F8333053B171
:1028A000237D062B2ED000232046237503B0BDE8E0
:1028B0003040FFF70DBFB4F93020A068002A00F1C6
:1028C000100010DC0023009304F12C0103F0CAF97E
:1028D00094F932307BB1218E01220B44238684F897
:1028E000332003B030BD494203F098FAA068B4F930
:1028F00030201030E6E723752046FFF7E9FE94F913
:102900003230E8E7A068103003F0AAF8CBE700BF48
:10291000037D0022022B10B5044602831CD0237DC8
:10292000032B1ED0237D042B21D0237D052B06D025
:10293000237D062B03D0237D072B06D010BD204618
:10294000FFF79AFF237D072BF8D10023237520463C
:10295000BDE81040FFF7BCBEFFF7CCFE237D032B84
:10296000E0D12046FFF734FF237D042BDDD1204644
:10297000FFF758FFD9E700BF037D33B1038BC18A4E
:1029800004339BB29942038300D97047FFF7C0BF5D
:1029900010B5037D84B0044673B101230022027593
:1029A000A1881A46684602F0C3FF012368461A460A
:1029B00040F2FF3102F0BCFFA068103003F050F885
:1029C00004B010BD10B5012104460720FDF742FCFC
:1029D000064B984205D010BD237D012BFBD006F09D
:1029E000FFFD237D002BF7D110BD00BF16FCFFFFBC
:1029F00038B5151E16DB037D13B1037D012B0FD1F6
:102A000004468068002310301A4603F0C1F92DB146
:102A100000200723E5822083237538BD284638BD72
:102A2000024838BD6FF47A7038BD00BF12FCFFFF5A
:102A300070B582B0079D002D1BDB047D14B1047DB1
:102A4000012C14D1069E04468068F6B21BB212B265
:102A50001030009603F006F935B100200723E58217
:102A60002083237502B070BD284602B070BD0248B5
:102A7000F8E76FF47A70F5E712FCFFFFF8B5151E62
:102A800021DB037D0F4604463BB909E0012140F2FA
:102A9000FF30FDF7DFFB237D13B1237D012BF5D143
:102AA000237D03F0FF0663B939462A462046FFF727
:102AB0009FFF25B12046FFF785FF3046F8BD284629
:102AC000F8BD0248F8BD6FF47A70F8BD11FCFFFF45
:102AD0002DE9F04385B00D9E002E36DB9846037D30
:102AE00017468946044673B1037D012B03D10AE0E2
:102AF000257D012D07D0012140F2FF30FDF7AAFB13
:102B0000257D002DF4D1237D03F0FF05DBB9494677
:102B100003A802F075FF0C9B0093019643463A46CA
:102B200003A92046FFF784FF03A802F05BFF36B13C
:102B30002046FFF747FF284605B0BDE8F083304642
:102B400005B0BDE8F0830248F6E76FF47A70F3E76A
:102B500011FCFFFF70B5161E14DD037D13B1037D5C
:102B6000012B0DD10025044680F8225005841C302D
:102B700003F06EFB022325832846E682237570BD91
:102B8000024870BD6FF47A7070BD00BF12FCFFFF89
:102B9000F0B5161E83B026DD037D0F4604463BB913
:102BA00009E0012140F2FF30FDF754FB237D13B112
:102BB000237D012BF5D1237D03F0FF058BB9394629
:102BC00001A803F037FB324601A92046FFF7C2FFF8
:102BD00001A803F09DFA2046FFF7F4FE284603B053
:102BE000F0BD0248FBE76FF47A70F8E711FCFFFFD5
:102BF000F0B583B0171E089E2FDD047DFCB916F1D9
:102C0000FF0F0446C3F100051ED036B284F83250DF
:102C1000268604F12C0002F013FF099B002D18BF3B
:102C20003D46002B07F1FF320CBF05230623002091
:102C3000E5822283237584F8330003B0F0BD047D60
:102C4000012CDCD00648F8E7806801910368DB6955
:102C50009847461936B20199D8E76FF47A70ECE7D5
:102C600012FCFFFF2DE9F041161E84B031DD1F4636
:102C7000037D8846044673B1037D012B03D10AE02E
:102C8000207D012807D0012140F2FF30FDF7E2FA54
:102C9000207D0028F4D1237D03F0FF05BBB9414618
:102CA00003A802F0ADFE0B9B01930A9B00933246F2
:102CB0003B4603A92046FFF79BFF03A802F092FEC4
:102CC0002046FFF77FFE284604B0BDE8F0810248A9
:102CD000FAE76FF47A70F7E711FCFFFF10B5054BC8
:102CE00003F10802383304460260C360FDF728FE92
:102CF000204610BDD871040010B5074B03F108023F
:102D0000383304460260C360FDF71AFE204612F015
:102D1000A3F8204610BD00BFD8710400C28838B5A2
:102D2000047C22F400520025C280CD6014B10368F7
:102D30009B699847002038BDA0F10C00FFF7EEBF5B
:102D4000C388DB0400D470472DE93048036888B09D
:102D50005B6A04469847227EE38878B10B2A04D840
:102D60000132D2B2082A22760ED9D9071ED503F035
:102D70000305012D2CD008B0BDE8308832B1013AEE
:102D8000D2B2082A2276F0D8012AF0D8DA07EED596
:102D900023F00303E38002220123A188684602F0A6
:102DA000C7FD657E012D2CD0E388E0E743F00102EA
:102DB0000123E280A1881A4604A802F0B9FD238904
:102DC00001332381FFF708FB227EE3886061DBE7A4
:102DD000FFF702FB6369B0EB030B61F1000C00230A
:102DE00040F2DB52634508BF5A45C4D2E288A1884D
:102DF00042F00202E2802B46052204A802F098FD70
:102E0000B9E7FFF7E9FA6369B0EB030B61F1000C76
:102E1000BCF1000F08BFBBF57A7F2B462CBF042204
:102E20000322A18804A802F083FDBDE710B5044683
:102E300084B0E9B9C269D288930502D4002004B0F5
:102E400010BD03685B6A98470028F7D0E288A18824
:102E5000012342F001020320E28020761A466846F0
:102E600002F066FD01232381FFF7B6FA6061E5E712
:102E7000C288002122F00302C28001810176002075
:102E800004B010BDC16938B5CB6800F10C05AB4288
:102E90001CD0044623B11A68184612689047E169AD
:102EA000A27ECB88CD60012A0CBF43F4807323F44B
:102EB0008073CB800B680A4A5B6C93420AD1E0882E
:102EC00040F40050E08000F0010038BDC08800F000
:102ED000010038BD084694F820109847EFE700BF7E
:102EE000CD95020070B5054600F10C063046012173
:102EF000FEF72CFAE8690A4A03685B6893420CD132
:102F00006FF47D73AC7EE41AB4FA84F4304664093D
:102F10000021FEF71BFA204670BD98470346F1E7F3
:102F2000099502002DE9F84304460D4690461F46D8
:102F30009DF820609DF82490FDF7ECFC0B48E561BE
:102F4000002100F108053830E06084F82090A4F8F2
:102F500004806776A67625602174617461612176AC
:102F60002046FFF78FFF2046BDE8F883D8710400A4
:102F70004176704710B50446806830B14FF48072D6
:102F80000021BDE8104011F0C9BF4FF48070FDF77B
:102F900065FB4FF48072A0600021BDE8104011F085
:102FA000BDBF00BFF0B5044640682268036885B025
:102FB00000256E461F690095022301953146B847EA
:102FC000104B009A9A4219D02046CDE90035FFF700
:102FD000D1FF96E8030002AB83E8030003CBA368AC
:102FE00018605960D4E9001003689B699847D4E9D8
:102FF0000102036821685C694023A047019805B07D
:10300000F0BD00BFA10D0C00F8B50023161E8360B3
:1030100004460D4641600B680FDB08461B68984765
:103020002B6807469B682846984706FB007020607F
:103030002046FFF7B7FF2046F8BD08465B68984773
:103040002B6807469B682846984706FB107020604F
:103050002046FFF7A7FF2046F8BD00BF2DE9F04747
:103060008A468146FFF79EFF804638B33020D9F864
:10307000004011F0F8FE30220021064611F04EFF0C
:10308000B8F1000F04F1080415DD002502E0013558
:10309000A84517D0D9F80400036822461F693146B5
:1030A0000C23B8473146504611F06AFF30340028EF
:1030B000EDD1A84506D03046BDE8F087064630463B
:1030C000BDE8F087304611F0C7FE0026F3E700BFE9
:1030D0002DE9F04F0546C3B008460C4692461F4600
:1030E00011F058FF00F10109B9F1100F00F2E18071
:1030F000202F00F2DE8021462846FFF7AFFF06466C
:1031000060B13A465146103011F0D5FE8046304647
:10311000B8F1000F00F0A48011F09EFE4A4621464F
:1031200006A811F0D7FE51463A460AA811F0D2FE81
:103130002846D5F800A0FFF735FF30228046002151
:1031400012A811F0EBFE2846FFF714FFB8F1000FAC
:103150000AF1080640F3AB80002701970DF1A8099A
:103160000DF1D80B6868036832461C6912A90C235C
:10317000A04706A912A811F003FFA6EB0A0E00282B
:1031800074D14F4ACDE9022802AB03CBAB680DF1F5
:10319000180C18605960BCE80F001EAC0FC4BCE8E6
:1031A0000F000FC49CE80F0084E80F00AB681EAC52
:1031B0009E44A446BCE80F00CC45CEF80000CEF8F3
:1031C0000410CEF80820CEF80C3064460EF1100E34
:1031D000EFD1012301930137B84506F13006C1D183
:1031E00008EB4804019BA400A71C3BBBB8F1050FEA
:1031F00062D0334A08F10103CDE9042304AB03CBC9
:10320000AB6806AC186059600FCC36AE0FC60FCC59
:103210000FC694E80F0086E80F00AC680DF1D80CDB
:1032200004EB870442AF66460FCEBE422060616069
:10323000A260E360B44604F11004F4D1D5E90010B3
:1032400003689B699847D5E90102036829685C69AE
:103250004023A0474FF00008404643B0BDE8F08F40
:1032600011F0FAFD404643B0BDE8F08F0DF1480C77
:10327000BCE80F004C460FC4BCE80F000FC49CE82C
:103280000F0084E80F00AB684C469E44A446BCE89F
:103290000F00DC45CEF80000CEF80410CEF8082070
:1032A000CEF80C3064460EF1100EEFD193E70227F2
:1032B0009FE76FF47A78D5E76FF47B78D2E700BFA9
:1032C000A10D0C002DE9F04FA1B089460546FFF78E
:1032D00069FE002800F0868080463022002108A880
:1032E0002E6811F01BFE2846FFF744FE3E4ACDE94A
:1032F000022802AB03CBAB68B8F1000F06F1080659
:103300001860596061DD00270192BB464FF0020A48
:1033100010E0019A08F1FF33CDE9042304AB03CB9D
:103320000137AB68B845186059604FF0010B06F1E2
:10333000300632D06868036808A91C6932460C233D
:10334000A047494608A811F01BFE0028E1D00DF166
:10335000200CBCE80F0014AC0FC4BCE80F000FC475
:103360009CE80F0084E80F00AC680DF1500C04EBF2
:103370008A04E646BEE80F00E36020AB9E4520606D
:103380006160A260F44604F11004F2D10137B8453F
:103390000AF10C0A06F13006CCD1BBF1000F14D0B3
:1033A000D5E9001003689B699847D5E901020368D5
:1033B00029685C6908EB48084FEA88030233A04794
:1033C0000023184621B0BDE8F08F074BAA68CDE96D
:1033D000063806AB03CB054B10601846516021B090
:1033E000BDE8F08F014BECE7A10D0C000CFCFFFFDA
:1033F00003681B6B184700BF01892DE9F0414FF4AA
:103400007A76044606FB01F12148FDF727FA214AA6
:10341000A17A0346A2FB03239B0923811E48FDF7E3
:103420001DFA656CA072E3882A68B4F84C80576A6C
:1034300013F4807320D1414628462022B84728BB88
:10344000606CB4F84C10036822225D6A1023A84710
:10345000E0B9656CA17A2B680F485E6AB4F84C40FD
:10346000FDF7DCF960F07F03DBB22146284623221A
:10347000B04758B9BDE8F0812189054806FB01F144
:10348000FDF7CCF940F00703DBB2D4E70348F1E7DE
:103490001C720400D34D6210147204000EFCFFFF76
:1034A00010B5034B03600446FDF760FC204610BDD9
:1034B0009472040010B5054B03600446FDF756FCFA
:1034C000204611F0C9FC204610BD00BF94720400D4
:1034D00008B50246C38819B1D9050AD4002008BD31
:1034E0009905FBD523F4007343F48043D380002077
:1034F00008BD016823F4824343F40073C380CB6AA0
:103500009847002008BD00BFF0B5C388DA0585B034
:1035100005462BD4026843F48243C380D36A98479C
:103520000126304FA86C0368C4885B68BB42C4F3B3
:10353000002416D1002084424FF027020DD0686C81
:1035400095F84C1003681B6B984710F008040FD1D6
:10355000002EE7D1204605B0F0BD002EE2D1344662
:10356000F8E79847B0FA80F04009E4E70026D8E78A
:10357000686CB5F84C10036806220124CDE90024DC
:10358000A822DC6A02ABA047044608B1164CE1E76A
:10359000BDF90820BDF90A30BDF90C60A87A296888
:1035A000002AB8BF1F32002BB8BF1F33002EB8BF90
:1035B0001F36761152115B11ADF80820ADF80A30B4
:1035C00010FB02F210FB03F310FB06F05B424042DB
:1035D0002862C5E90632ADF80C604B6B2846984767
:1035E000B8E700BF099502000EFCFFFFF8B50446DE
:1035F0000F4616461946BDF81C20BDF81850FDF7B9
:10360000DFF9064A67640023A664A4F84C502260E0
:10361000E3802046FFF7F0FE2046F8BD94720400D8
:1036200008B50368C9B21B6B0F229847A0F133009D
:10363000B0FA80F0400908BD03689B6A184700BFD4
:10364000018938B54FF47A75044605FB01F1154838
:10365000FDF704F9144A0346A2FB03239B0999B220
:1036600005FB01F123810F48FDF7D8F8E288B4F893
:103670005010C3B2A06CD205026858BF43F00303D8
:10368000556A6022A84758B9A06CE3880268B4F86C
:103690005010546AC3F300236222A04700B938BD1A
:1036A000024838BDCC720400D34D62100EFCFFFFFF
:1036B00010B5034B03600446FDF7B0FC204610BD77
:1036C000FC72040010B5054B03600446FDF7A6FC30
:1036D000204611F0C1FB204610BD00BFFC72040063
:1036E00008B50246C38819B1D9050AD4002008BD1F
:1036F0009905FBD523F4007343F48043D380002065
:1037000008BD016823F4824343F40073C380CB698E
:103710009847002008BD00BFF0B5C388DA0585B022
:1037200005462BD4026843F48243C380D36998478B
:103730000126284FE86C0368C4885B68BB42C4F369
:10374000002416D1002084424FF067020DD0A86CEF
:1037500095F8501003681B6B984710F008040FD1C0
:10376000002EE7D1204605B0F0BD002EE2D1344650
:10377000F8E79847B0FA80F04009E4E70026D8E778
:10378000A86CB5F85010036806220124CDE9002486
:10379000E822DC6A02ABA047044608B10E4CE1E720
:1037A000BDF90830BDF80A00BDF80C102A6803EB1B
:1037B0008303C3EB03135B00AB634FF66A7310FB29
:1037C00003F011FB03F36863EB632846D36A984761
:1037D000C8E700BF099502000EFCFFFFF8B50446DC
:1037E0000F4616461946BDF81C20BDF81850FDF7C7
:1037F00017FB054BA4F85050C4E91276236020460D
:10380000FFF71EFF2046F8BDFC72040082B08DE871
:103810000C00014802B0704716FCFFFF0020704703
:103820000029806905DD08B904E010B10139406A5A
:10383000FBD17047704700BF82B070B50C4684B0B2
:1038400005464968206802AC03C4039908AC4810D7
:1038500084E80C00CB0745BF2A58029B029CD45831
:103860000AAB2E1893E803008DE8030008AB0CCBDD
:103870003046A04704B0BDE8704002B0704700BFBA
:10388000002943D02DE9F0418469002C3BD00D463E
:103890000646DFF88080002705E0A268AB689A4200
:1038A0000DD0646ADCB1AA88A38853409907F8D484
:1038B0009207F2D5A968A06802F09CFDA8B12B88F8
:1038C000BBB96B88DBB9B3680BB120469847A388B6
:1038D00043EA0803A380646A0137002CE3D1002F78
:1038E000C8BF20460FDDBDE8F081AB889B07D8D468
:1038F000D3E722889A42D4D16B88002BE3D0628828
:103900009A42CED1DFE76FF47A70ECE76FF47A7009
:10391000704700BF0080FFFF002971D0F0B58469B7
:1039200085B00D4606463CB966E0A388980708D5E1
:10393000914219D0646A14B3AB8821682A689F0742
:10394000F3D49142F6D1A268AB689A42F2D1EA6808
:10395000E3689A42EED1A3881A0402D5C3F30E039A
:10396000A380294805B0F0BDA968A06802F042FD17
:103970000028DFD0EA68E3689A42DBD1EBE7D6F8AB
:1039800018C02A88BCF1000F2ED06046634600E0C4
:103990000B461C88944211D2596A18460029F7D167
:1039A00063451DD0596A69625D62012340F2FD31B1
:1039B000684601F0BDFF002005B0F0BD1ED16F8844
:1039C0005988B94204D319E04888B842E8D20B4676
:1039D000596A0029E4D00888A042F5D06345E1D1B6
:1039E00019888A4202D26B62B561DEE7DAD1588863
:1039F00069888842D6D9F6E70A88F5E70346CFE713
:103A00006FF47A70704700BF16FCFFFF2DE9F0419C
:103A100083885F0782B0064603D59D062DD4DC0659
:103A200038D443F00403B38006F1100506F11808FA
:103A300015E0F368009395E80F00A047B388DA0615
:103A400018D5346AB4B194E80F00276985E80F00EF
:103A50002046376211F000FAFCF7CCFBB388B4685B
:103A600098070DD4D907E4D495E80F00A047B38890
:103A7000DA06E6D423F00403B38002B0BDE8F08197
:103A800098E8030095E80C008DE80300204602F05A
:103A900099FCD3E700F1180393E803008DE80300D5
:103AA00006F110030CCB3046FCF76CFEE5E700BFD7
:103AB00070B51C4B8CB003F1080228330446026039
:103AC000C36006A801F054FF0F231820029311F0E1
:103AD000CAF90025144A0092064601956A46034633
:103AE00003CA46F80C4B114ADD60049375605A61B5
:103AF00058609960204602A91223ADF80C30059554
:103B0000CDE90A55FFF7BCFE02A8FCF731FE084BD1
:103B1000658204F10C00E360FBF7C8FF20460CB09F
:103B200070BD00BF44730400AD3D0300393803008D
:103B300004700400A0F10C00FFF7BABF10B50446F2
:103B4000FFF7B6FF204611F087F9204610BD00BFF1
:103B5000A0F10C00FFF7F2BFF0B5254B254A02603B
:103B60000025044683B0C0E9025305610C30FBF721
:103B70002DFF214B236003F12002E260A561C4E91F
:103B80000755E584282011F06EF90646103001F043
:103B9000EFFE1A4B3360182011F065F9184ACDE991
:103BA000002507466A46034603CA47F80C4B154AE8
:103BB000DD604FF0C20C7D60586099602046314650
:103BC0005A61C6E90235C6E90855A6F804C0FFF7F0
:103BD000A3FE30B90C4B1A6802B91C60204603B032
:103BE000F0BD3046FCF7C4FD304611F035F9F1E781
:103BF00004700400347304004C7304000F000200CE
:103C0000AD3D030039380300CC3B002038B50446F5
:103C100005F0DEFCE5692DB12B69E36133B1E38C7E
:103C2000013BE38405F0C6FC284638BD2362F6E775
:103C30002DE9F04184690CB3A388656A00271A0452
:103C400080463E4606D4264695B12C46A388656A32
:103C50001A04F8D55B07F6D46EB17562656A204622
:103C6000FCF786FD2046013711F0F6F8002DECD167
:103C70003846BDE8F081C8F81850F0E727463846C6
:103C8000BDE8F0812DE9F0418469002C44D016464E
:103C90000D46DFF88C8001270CE0A38803F0C003F9
:103CA000A3F1C003B3FA83F35B09B34215D0002735
:103CB000646A4CB323882988994201D0002BF7D13C
:103CC00063886A889A4201D0002BF1D1FCF708F989
:103CD0000028E2D10123B342E9D1B4F804E01EF494
:103CE000004FE4D195E80F0004F1100C1EF0400FD6
:103CF0008CE80F0002D1FCF7F3F840B92046FFF73B
:103D000085FE646A002CD5D13846BDE8F081214695
:103D10004046FCF733FBCBE701273846BDE8F0818E
:103D20000D3A0300F0B5012287B00446066A0D463D
:103D3000FFF7A8FF10B9E38C092B01D907B0F0BD3C
:103D400095E80F0002AD85E80F00182011F08BF800
:103D500006AB074613E9030095E80C008DE8030065
:103D6000384601F02BFE05F033FC66B133693B6148
:103D700037613B695BB1E38C0133E38407B0BDE895
:103D8000F04005F017BCE3693B61E761F2E72762A9
:103D9000F1E700BF82B008B502A9C1E90023FFF72F
:103DA000C1FFBDE80840002002B0704782B038B5BE
:103DB000054604A981E80C00FFF73AFF2846FFF703
:103DC00025FF90B1044604E02846FFF71FFF044694
:103DD00058B1002221462846FFF754FF204611F033
:103DE0003BF8FCF717F90028EED1BDE8384002B0E7
:103DF000704700BF024B1888421C1A80704700BFF2
:103E000024230020C08800F00300A0F10300B0FAD2
:103E100080F04009704700BF82B070B50C4684B096
:103E200005464968206802AC03C4039908AC4810F1
:103E300084E80C00CB0745BF2A58029B029CD4584B
:103E40000AAB2E1893E803008DE8030008AB0CCBF7
:103E50003046A04704B0BDE8704002B0704700BFD4
:103E600010B5034B03600446FCF76AFD204610BD05
:103E70009073040010B5054B03600446FCF760FD29
:103E8000204610F0E9FF204610BD00BF90730400EB
:103E900082B070B588B00CA981E80C004289BDF8E9
:103EA0003050BDF83230954204460BD0022B27D05B
:103EB000052B00F08680012B78D008B0BDE870405B
:103EC00002B070478189022B0E461AD0052B5AD0BA
:103ED000012BF2D1C3888D4243F00103C38068D027
:103EE000A9426AD003F00203002BE6D001231A4650
:103EF000A18804A801F01CFD238901332381DCE79C
:103F00001646B24217D0A189B14265D0954267D01A
:103F1000A3899D42194600F09C80A17B012900F0F5
:103F2000C1809D4200F0AE809542C6D1E38823F067
:103F30001003E380C1E7E38803F00103002BE5D021
:103F400001230222A188684601F0F2FC63899D42A8
:103F500000F09080A289A188AA4250D001230322B8
:103F600004A801F0E5FC6289B24203D1E38843F082
:103F70001003E380A389B34200F08F80954266D09E
:103F80009D429AD168E0C3888D4243F00403C38008
:103F90001AD0A9421CD003F00803002B8DD0A188B1
:103FA0000123052204A801F0C3FC86E78689B542F7
:103FB00003D1E38843F00203E380E38803F00103C5
:103FC00092E78689B54203D1E38843F00803E38092
:103FD000E38803F00403E0E7E38803F00203ADE7BE
:103FE000E088C6061FD5A38920F0010189B29D4251
:103FF000E18028D02A4621F00401E18091E7E2889F
:1040000002F008000028A9D0B34238D0A389B342F7
:10401000A4D102F00802002AA0D00123042204A89F
:1040200001F086FC9FE7A37B012B3ED100F0040347
:10403000002B37D001230422294604A801F078FC84
:104040006289A3899AE720F0030189B2D2E7E08868
:10405000CAE7E38898062BD5E38823F0020189B2EA
:104060009542E1802AD023F00A039BB223F020037B
:10407000E38022E7E288A18802F00400C2E702F0B0
:104080000402C8E7E18821F008039BB29542E3806F
:1040900004BF21F018039BB2E8E7E18841F020015A
:1040A000E1806BE701230322C6E7A1890B4665E7A0
:1040B000A07B0128FAD103F00803B9E72B469AE761
:1040C000817370472DE9F04F83B0DDE90C9ABDF89C
:1040D0003870002B40D0B9F1000F3AD00F2901D130
:1040E000C02F39D1804628201D460E46934610F039
:1040F000BAFE0446103001F03BFC18202680A4F8DC
:1041000002B010F0B0FECDE9009A06466B460246BA
:1041100003CB46F80C5B0023D8F80050D360E36073
:104120007360506091606D6811491248A26047F059
:1041300002078D42A780C4E9083350610FD12046A1
:10414000FCF716FB204610F087FE0B4803B0BDE8D5
:10415000F08F1AF0010FC1D16FF47A70F6E7404684
:104160002146A8470028EAD103B0BDE8F08F00BF80
:10417000BDF80200193E030016FCFFFF2DE9F047D1
:104180001C4F044688B0884616461D46FCF7C2FB05
:104190003A681949A5800025A4F80A80A681216003
:1041A000A57312B3DFF854A0CDE904A504AB93E8DE
:1041B00003004FF0C0098DE8030023464146104636
:1041C000CDF808902A46FFF77DFFCDE906A508AB9C
:1041D00013E903003F68CDF808908DE803002A46F4
:1041E000234638463146FFF76DFF204608B0BDE84C
:1041F000F08700BFCC3B002090730400913E030089
:10420000C3889A0610B5044608D4406A036821465C
:10421000DB699847E38843F02003E380DB0606D49C
:10422000D4E90A309842B4BF0020012010BD00201C
:1042300010BD00BF10B50446406A074B026803F189
:10424000080138332160E3602146136A984720460D
:10425000FEF744FD204610BDB073040010B50446BF
:10426000FFF7E8FF204610F0F7FD204610BD00BF25
:10427000F0B50C8983B000251E461746012322465F
:10428000CDE900550446FEF74DFE0C4B676203F185
:104290003002C4E90A652360E2602046FFF7B0FF00
:1042A000AE4207DAE388A56243F010034FF4FA72D6
:1042B000E380E262204603B0F0BD00BFB8730400A3
:1042C00038B5054600F10C0420460121FDF73EF803
:1042D000E8690A4A03685B68934207D120466FF495
:1042E0007D750021FDF732F8284638BD984700213A
:1042F00005462046FDF72AF8284638BD09950200F4
:1043000070B5054600F10C0420460E460121FDF76C
:104310001DF8E869094A03681B68934205D12046E5
:104320000021BDE87040FDF711B83146984720469E
:104330000021BDE87040FDF709B800BF01950200FB
:10434000F0B41D4DC6884A0085FB0234D317C3EB79
:104350006414F3061FD5836A4BBB6222164FC56AED
:1043600002FB01F187FB0132CB17C3EB621323443D
:10437000013DC0E90A3565B903EB830287FB0217EB
:10438000D217C2EB6712023326F010061344C68020
:104390008362F0BC7047622202FB01F185FB0123BE
:1043A000C917C1EB63132344C362F0BC7047994241
:1043B000B8BF1946D1E700BF1F85EB5110B50446C1
:1043C000FEF7ACFC606A036821461B6A9847E388E5
:1043D00023F02003E380002010BD00BFA0F10C00FB
:1043E000FFF7ECBF30B4456B002D0DDD83689942BB
:1043F0000ED000F10802002303E052F8044F8C4273
:1044000007D001339D42F8D16FF47A7030BC704709
:104410000023AA1C023350F8222040F82320013D3B
:104420004563002030BC704782B070B50C4684B044
:1044300005464968206802AC03C4039908AC4810DB
:1044400084E80C00CB0745BF2A58029B029CD45835
:104450000AAB2E1893E803008DE8030008AB0CCBE1
:104460003046A04704B0BDE8704002B0704700BFBE
:1044700038B5446B0A2C1DD0002C0DDD83689942A1
:1044800015D000F10802002303E052F8045F8D42CA
:104490000DD001339C42F8D10346A21C013440F8F0
:1044A000221008465C63FFF70BFF002038BD6FF455
:1044B0007A7038BD6FF47B7038BD00BF82B02DE9D3
:1044C000F04708A981E80C00426B002A804619DDFC
:1044D000314F051D0024012603E0A24283F830601D
:1044E00010DD55F8043FD8690168896CB94204F1C0
:1044F0000104F2D08847D8F834202B68A24283F810
:104500003060EEDC0120FCF7FDF9D8F83000DFF870
:104510008CA003681B68534536D10026D8F8342098
:10452000B146002A26DD0024274608F1040502E0F2
:104530000134A24219DD55F8040F90F83030002BF9
:10454000F6D0FFF7BDFE0128286802D0836AB34287
:1045500004DC80F830903146FFF7F2FED8F83420C2
:104560000134A24207F10107E5DC164417B1B6F5A4
:104570007A7FD6DDD8F8300003681B68534506D132
:10458000BDE8F04702B0704701219847C5E7BDE894
:10459000F047002102B01847D595020001950200AE
:1045A00070B5074B03600025044645600E46FBF7D7
:1045B0000DFA044BA680C4E90C552360204670BD5B
:1045C00004700400F47304002DE9F041044682B045
:1045D0000E46154610309846BDF8287001F0C8F90F
:1045E00026806580182010F03EFC08AB054693E855
:1045F00003006A4682E803002E4603CA46F80C8B85
:104600000023084AEB6047F00207736068602046A9
:10461000A780A560E360C4E90833A9606A6102B0BD
:10462000BDE8F0812944030070B5174A174B15689F
:10463000036090B00446C5B101222423CDE90432C1
:1046400004AB93E80300A38810268DE803000296CC
:10465000194606A82346FFF7B7FF2B680C4A9B684C
:1046600093420CD106A8FCF783F80A4B2360002381
:104670002046E380FBF71AFA204610B070BD2846AA
:1046800006A99847EEE700BFCC3B0020F473040076
:104690003DFB02000470040010B50446FFF7C4FFA0
:1046A000204610F0D9FB204610BD00BF0020704707
:1046B000704700BF704700BF002070470048704738
:1046C00016FCFFFF0020704700207047004870472D
:1046D00016FCFFFF0346006AD9610268191D536882
:1046E000184700BFC069003018BF0120704700BFE5
:1046F000006A03681B6918470023C361704700BF45
:1047000082B010B5C1690024846102AC84E80C0059
:1047100029B10B6804461B6808469847A061BDE8AC
:10472000104002B0704700BF006A10B103689B6977
:1047300018470020704700BF006A10B10368DB69AA
:1047400018470020704700BF10B5044601F01EFC5A
:10475000204610BD82B070B50C4684B0054649684D
:10476000206802AC03C4039908AC481084E80C002C
:10477000CB0745BF2A58029B029CD4580AAB2E187F
:1047800093E803008DE8030008AB0CCB3046A0474C
:1047900004B0BDE8704002B0704700BF30B54B694F
:1047A000012B85B00C46054606D94A89012340F203
:1047B000FF31684601F0BCF8637C002262613BB1C6
:1047C000216A0B6828461B689847284605B030BD0B
:1047D000237404F10C01284601F000FC284605B0C2
:1047E00030BD00BF10B54369032B84B0044603D825
:1047F0000133042B436124D0637CDBB9237C0BB1F0
:10480000A36943BB216A0B6868461B6898476946E1
:1048100004F10C0001F0F2FB684601F0E7FB012314
:1048200068462374228940F2FF3101F081F8A069C3
:1048300004B010BDE069B8B103681B68984704B0C4
:1048400010BD4289002AD7D0012340F2FF316846CB
:1048500001F06EF8D0E70123228940F2FF3168466B
:1048600001F066F8A069EAE70048E8E712FCFFFFFC
:10487000A0F10400FFF7B6BF38B50B4B03F10802F7
:1048800034330446C0E900230C300D4601F07EFBB2
:104890000023012004226074256262612374A361F5
:1048A000A360E361204638BD4474040010B5064B94
:1048B00003F1080234330446C0E900230C3001F050
:1048C00095FB204610BD00BF4474040010B504469B
:1048D000408910B911B16181084610BDFFF78AFA0D
:1048E000608110BD406903288CBF00200120704703
:1048F000417439B92DE9F041058982B01DB102B08A
:10490000BDE8F08170470446FFF774FA1D4B208123
:104910001F688046002FF2D0282010F0A4FA064627
:10492000103001F025F840F2FF3318203380A6F84C
:10493000028010F098FA144ACDE9002584466A46B0
:10494000034603CA4CF80C4BDD60CCF804505860A9
:1049500099603A680D49F56012205961B360B080E2
:10496000C6E9085553683846314698470028C6D0EE
:104970003046FBF7FDFE304602B0BDE8F04110F0D6
:104980006BBA00BFCC3B0020014703005547030032
:1049900010B5054B054A8360002304460260C380BE
:1049A000FBF784F8204610BDB874040004700400BE
:1049B00010B5074B074A8360002304460260C3809A
:1049C000FBF774F8204610F047FA204610BD00BFF0
:1049D000B8740400047004002DE9F04F2DED0A8B2B
:1049E00090F82C308BB00546002B00F03E81E96832
:1049F0000B6805A81B689847E868059A03680432A5
:104A00001B690092984730F0040380460AD00828BA
:104A100000F047814FF48073AB6101239FEDA49AAE
:104A2000029305E08023AB610223B7EE009A029364
:104A3000059B029A5B8893FBF2F30193002B00F035
:104A4000BD80AE69B342C0F2B9809FED9AAADFED96
:104A50009A9A9FED9ABADFED9ABADFED9AAA9FED86
:104A60009ACA009B1E449E4240F2B180DFF86092D9
:104A7000DDF808A09B4647F6FE770024584659F813
:104A8000283098478442B8BF04B2D3448742C8BF95
:104A900007B25E45F2D8E41B04EBD47444F34F0331
:104AA0004FF0000B039508EE103A3546009C029E2D
:104AB000DA46204659F8283098473444C01BA542AE
:104AC0000BF1010B00FB00AAF3D89AFBFBF00FF0EF
:104AD00021FC039D0DF0BEF80FF07EFFF8EEC87AC2
:104AE00095ED097A67EE897A08EE900AC7EE8A6A30
:104AF00066EE877AC7EEA97A17EE900A0DF00AF9EA
:104B000007EE100AF3EE047A67EE277A95ED0A7A3B
:104B1000B4EEE77AF1EE10FA6FDD85ED077AAB6956
:104B2000019995F85020C91A01910099012A194458
:104B3000009140F2B28005F154042046FBF70AFDD3
:104B4000002802DD2046FBF7F5FCEB889A0708D425
:104B500095ED077AD5ED047AB4EEE77AF1EE10FA26
:104B600062DC5B0708D495ED077AD5ED057AB4EEE3
:104B7000E77AF1EE10FA64D495F83C30002B48D077
:104B8000D5ED107AF4EEE87AF1EE10FA01D5C5ED24
:104B9000108ADFED4E7AF4EEE78AF1EE10FA17DDB7
:104BA000AB6B00210133C5E90D13012285F83C20D0
:104BB000019B1BB1AE699E427FF753AF05A801F080
:104BC00015FA00200BB0BDEC0A8BBDE8F08FFFDEBC
:104BD000AB6B023B0B2B06D8D5ED107AF4EECC7AFA
:104BE000F1EE10FA3ADA6B6BC5ED10AA0022013330
:104BF0006B6385F83C20AA63DAE7F0EEE76AF4EE2F
:104C00004B6AF1EE10FA88BFF0EE477AC5ED077AED
:104C100085E7F4EEEB8AF1EE10FAD9DD6B6B132B1E
:104C2000D6DDC5ED108ABBE701230222A98806A8BC
:104C300000F07EFEEB8823F0040343F00203EB80D8
:104C40009AE701231A46A98806A800F071FEEB88AE
:104C500023F0020343F00403EB808DE701230822D5
:104C6000A98806A800F064FEBDE7FDF7B5FBD5E90D
:104C70001223821A61EB0303002B08BF4B2AFFF4B7
:104C8000B6AE05F15400FBF765FC00287FF4AFAE2B
:104C900085F85000A0F2EE3094E7013285F85020FC
:104CA0008CE74023AB6104239FED069A0293BFE695
:104CB0000000804300FEFF46ACC5A737FFFF7F7FA3
:104CC0000000484300000000000096430000C84276
:104CD00080200020A0F10800FFF77EBEDFED0C7AF7
:104CE0009FED0C7A30EE670A20EE070AB5EEC00A97
:104CF000F1EE10FA09D4DFED087AB4EE670AF1EEAE
:104D000010FAC8BFB0EE670A70479FED040A7047FB
:104D100000000C42B1137B4000007F430000000004
:104D20002DE9F84F294D2DED028B056000254560DA
:104D300004468B4617469846DDF830A09DED0D8A57
:104D4000BDF838909DF83C60FAF740FE204A22609A
:104D500002F1280329462A46A360C4F80CB004F1E6
:104D60005400FBF791FBE288A4F804900125002190
:104D7000802342F00102C4F81480276184ED0A8A7E
:104D8000C4F824A0E161A361E280256384F82D507A
:104D90009EB984F82C60002384F85030BDEC028B5F
:104DA000002000220021C4E9120122642046C4E947
:104DB0000D3384F83C30BDE8F88FE068036804F1F7
:104DC00008015B68984784F82C50E4E704700400FD
:104DD0009074040038B50446C06803689B680D46AB
:104DE000984728B9E068036804F108015B689847B0
:104DF00094F85030012B11D9FDF7EEFA6A1C08BF68
:104E0000256BE369022DC4E9120105D100EE103AC9
:104E1000FFF764FF10EE103A184638BD04F1540055
:104E2000FBF73CFBE8E700BF80F82C1001B97047A6
:104E300010B50446C06803689B68984700B110BD70
:104E4000E068036804F108015B68BDE8104018479A
:104E500008B5036B022B07EE901A07D19FED136A7A
:104E60009FED137AC7EE866A76EE877A90ED047A24
:104E7000B4EE677AF1EE10FA0CD090ED057AC388A3
:104E8000C0ED047AB4EEE77A23F00203F1EE10FAF3
:104E9000C38001DC002008BDB7EE007A77EEC77A48
:104EA00017EE901A00F006F8002008BDB1137B4001
:104EB00000000C4208B5036B022B07EE901A07D1D5
:104EC0009FED136A9FED137AC7EE866A76EE877AB6
:104ED00090ED057AB4EE677AF1EE10FA0CD090ED11
:104EE000047AC388C0ED057AB4EEE77A23F00403B0
:104EF000F1EE10FAC38001D4002008BDB7EE007AAD
:104F000077EE877A17EE901AFFF7A2FF002008BD10
:104F1000B1137B4000000C420078704790F900000C
:104F2000704700BF00887047B0F90000704700BFAD
:104F30000068000A704700BF00680012704700BF99
:104F400000687047006870470170704701807047C3
:104F5000018070470A120B14017042708370704711
:104F6000016070470160704710B50446806800B169
:104F700010BD206A03681B699847A06010BD00BF80
:104F8000A0F10400FFF7F0BF08299ABF816000205C
:104F90006FF47A70704700BFA0F10400FFF7F4BF10
:104FA000006A03689B691847A0F10400FFF7F8BF87
:104FB000006A0368DB691847A0F10400FFF7F8BF37
:104FC000002070472DE9F04F2DED028BD1ED057AD1
:104FD00089B00C46FDEEE77A0490CDED037A00F03F
:104FE000D5FF206A03681B699847A36882460BB9FE
:104FF000A0600346216A01330A6803EBD3735B1098
:105000001268019306A89047A368069A0AF101085E
:1050100008EBD87801334FEA680803EBD373B8EB99
:10502000630FB2F8029099FBF8F900F09180019BB0
:1050300009FB03F31946012207A8059300F0ACFF12
:1050400007A9049800F0DAFF07A800F0CFFF049B3F
:10505000069D1E68B9F1000F05F1040506F104066E
:105060007FDD0027DFF808B102975BF82A20284689
:105070009047019B217F02460137304645441E443C
:1050800021B1029B13440293039BD21A07EE902A8C
:10509000B8EEE77AD4ED047AA268334B67EE277A4C
:1050A00053F82220A369FDEEE77A17EE901A194310
:1050B0009047B945D9D1237F73B3DDED027A637F81
:1050C000B8EEE77A07EE909AF8EEE77A87EE278A4D
:1050D000D3B160690FF030F90022244B0FF084F94E
:1050E000064618EE100A0F460FF026F900221F4B55
:1050F0000FF07AF902460B46304639460EF0BEFFF5
:105100000FF06AFC08EE100AE26884ED058A0123BC
:1051100063777AB90123A377DDE90441204600F0E3
:10512000EBFF06A800F062FF204609B0BDEC028B41
:10513000BDE8F08FFDEEC87A039917EE903A5B1A3E
:10514000002BB8BF5B429A42E6DD0123A377E3E779
:1051500006A9049800F052FF019B09FB03F3059395
:1051600075E700230293A6E7A42000200000E03F9B
:1051700080200020A1F10401FFF724BF01707047D7
:10518000002070472DE9F843164FDDE908850E46EB
:1051900007F124010446C0E900710662011D2430B4
:1051A0001F469146FFF768FB0023B8F1080F4FF048
:1051B000000198BFC4F80880C4F810902777E56014
:1051C0006161A36163775FB1B5FA85F35B0932680A
:1051D000A37730465368214698472046BDE8F883B8
:1051E0000123F4E7C47404002430FFF7FBBA00BFC6
:1051F000704700BF4369C269013343611AB1136844
:1052000010461B6818470148704700BF12FCFFFF9B
:10521000A0F10400FFF7EEBFC069003018BF012005
:10522000704700BF8368586A03681B69184700BF4E
:105230008368586A03685B69184700BF00F124035C
:1052400000F14C0253F8040F78B110B4C4698C42D9
:1052500008D093420DD053F8040F0028F9D0C46948
:105260008C42F6D15DF8044B70479342EAD100209E
:10527000704700205DF8044B704700BF10B504462E
:105280000FF0EAFD204610BD10B58468C16184B0FE
:1052900001231A462189684600F04AFB04B010BD7C
:1052A00000B5836885B00022C261198902220123FA
:1052B000684600F03DFB05B05DF804FB094B10B5F6
:1052C00003F108022C330446C0E900230C3000F03F
:1052D0008DFE054B63600023201D6381FAF7E6FB1A
:1052E000204610BD0875040004700400A0F10400FD
:1052F000FFF7E4BF0B4B03F108022C3310B5044653
:10530000C0E900230C3000F071FE074B63600023FE
:105310006381201DFAF7CAFB20460FF09DFD204651
:1053200010BD00BF0875040004700400A0F1040063
:10533000FFF7E0BFF0B583B001F10C04054601A80A
:105340000E4600F023FE01A9204600F067FE074646
:1053500001A800F04BFE5FB1716A0B6801A81B68E1
:10536000984701A9204600F049FE01A800F03EFE42
:105370002146284600F032FE284603B0F0BD00BFAB
:10538000F0B5002385B00546036200F1240400F166
:105390004C06012754F8043F18464BB11B689B6A22
:1053A000984728B92B6A2A7E01332B62D2B12F7617
:1053B000B442EFD12C6A0CB92B7ED3B9684600F009
:1053C000E5FD694605F10C0000F018FE684600F0A6
:1053D0000DFE2989684601230A2200F0A9FA09482E
:1053E00005B0F0BD012303222989684600F0A0FA28
:1053F000DDE7012304222989684600F099FA2C761A
:10540000DCE700BF12FCFFFF70B500F124030024AD
:1054100053F8045F25B101340A2CF9D1002070BD86
:10542000064620200FF01FFD0A34F369084A46F8AB
:1054300024000133002102F134048660C561C0E913
:1054400005550561C0E90024C160F36170BD00BF6E
:105450005875040010B583682DED028B0446C160B9
:10546000586A03689B6908EE101A984707EE900A7D
:10547000F4EEC87AF1EE10FA04D418EE100ABDEC7E
:10548000028B10BDA368586A036818EE101ADB6916
:10549000984707EE900AF4EEC87AF1EE10FAECD5D0
:1054A000A368BDEC028B586A0368BDE810409B6995
:1054B000184700BF10B500F12402002352F8044F32
:1054C0008C4204D001330A2BF8D1002010BDC269F0
:1054D0000A330024013A40F82340C26149B10B6805
:1054E000064A5B6A9342084605D10FF0B5FC0120DD
:1054F00010BD012010BD9847012010BD7D52030052
:10550000D0ED037AF5EE407AF1EE10FA02D017EE04
:10551000900A70478368586A03689B69184700BF00
:105520002DE9F04F2DED028B0C4689B0896805906E
:10553000486A069301688969154698468847A368B2
:1055400094ED038A08EE900A586A03681B6998472D
:10555000FDEEE87A2F6817EE902AFDEEC87A451C1A
:1055600017EE904A05EBD575131B6D107E8896FBE0
:10557000F5F692FBF6F493FBF4F4341B04FB05F20E
:10558000434683460292002B53D0029B149A9342C7
:10559000A8BF13463601002B96FBF4F20492069A3C
:1055A000029307F10407039260DD0792DFF8D480CD
:1055B000DFF8D4A0079E0024002C2246B8BF04F1D7
:1055C0000F02121105FB02F2B81858F82B300192A5
:1055D0009847019A58F82B3081465019384498471B
:1055E000B0EB090348BF0F33D4F1000C0CF00F0CE3
:1055F00004F00F014FEA231358BFCCF100013046ED
:1056000001FB03915AF82B309847049A039B2E44D0
:105610001444029AF31A9A42CEDC0799059800F0D6
:10562000CDFC069BCBB1059809B0BDEC028BBDE863
:10563000F08F10469046FBF711F8360196FBF4F315
:1056400004934346002B079007F104070390ADDC59
:10565000029A0799059800F0B1FC0798FBF724F827
:10566000059809B0BDEC028BBDE8F08F029ADDE928
:10567000050100F0A3FC059809B0BDEC028BBDE864
:10568000F08F00BF80200020A420002070B50C46C1
:105690002DED028B8968A3690A6884B00133002666
:1056A000A36166610546536802A8984794ED038A92
:1056B000B5EE408AF1EE10FA0BD0A368586A036881
:1056C0009B69984707EE900AB4EEE78AF1EE10FA6C
:1056D0000BDB02A9284600F081FC02A800F086FC42
:1056E000284604B0BDEC028B70BD02A903A800F0EF
:1056F00075FC4FF0FF30009033462846214603AA40
:10570000FFF70EFF03A800F071FCE6E7F8B50446CA
:10571000154B164820600025C4E90135201D0E46B2
:105720001746FAF753F9124B23602433636004F1F0
:105730000C0000F02BFC66622781E561256225766E
:1057400004F1240304F14C0043F8045F8342FBD1CD
:10575000336830465B682146984700220023C4E93D
:1057600004232046F8BD00BF0470040084740400C4
:1057700010750400B1F5007FA4BFC1F57F7103313E
:10578000490088B2704700BFC1F58063B3F5007F60
:10579000B8BF1946014B33F81100704790750400EB
:1057A00088B2704728B180B211FB00F0C0F3090045
:1057B000704741F6EF6011FB00F0C0F3090070473D
:1057C000B1F5007F40F2FF30A8BF0020704700BF56
:1057D000024A126802607E2242607047C8200020A0
:1057E000034A034692E8030083E803001846704723
:1057F000C43B0020A1F120035E2B07D800680523DD
:105800006FF09F0213FB012108447047002070478E
:10581000034A044B12681A607E225A60704700BF28
:10582000C8200020C43B002010B4017042704360C7
:105830005DF8044B704700BF82B030B402AC84E81E
:105840000C000D46034694E807009DF8144083E8D9
:105850000700B4B1687818B149425242C3E9011255
:105860006A68022A11D0032A2AD0012A22D0012CE8
:1058700015D0022C05D1D3E9011249425242C3E9A5
:10588000011230BC184602B07047D3E90012012C57
:10589000C1F10001C2F10002C3E90012E9D130BC3C
:1058A000D3E900109A68186052421846C3E9011201
:1058B00002B07047D3E90021524219605A60D6E71E
:1058C000D3E90012524259601A60D0E782B010B595
:1058D00082B004AC84E80C000B78069C019304AB06
:1058E0000CCB00940446FFF7A7FF204602B0BDE8AA
:1058F000104002B0704700BF30B50B4B1C6883B03E
:1059000024B12268094B15689D4201D103B030BD16
:1059100000F10802034692E803008DE803002046E8
:105920000CCBA84703B030BDCC3B00200D380300A2
:1059300038B50180428004461D46FCF75DFDC4E990
:10594000020115B12046FFF7D7FF204638BD00BF42
:10595000D0B5DDE904679DF8183001800446C0E940
:10596000026742800BB1FFF7C7FF2046D0BD00BFE2
:1059700010B5002303600446FCF73EFDC4E90201B4
:10598000204610BD30B50B4B1C6883B024B1226893
:10599000094B15689D4201D103B030BD00F10802EA
:1059A000034692E803008DE8030020460CCBA8478D
:1059B00003B030BDCC3B00200D38030082B038B5B9
:1059C000002504A90560044681E80C00FCF714FDDD
:1059D00004AB0FCB256184E80F002046BDE83840BA
:1059E00002B0704710B50446006800F0BFFC2046C6
:1059F00010BD00BF014B0360704700BF707B040007
:105A000010B504460868206000F092FC204610BDE6
:105A100010B5044629B10160084600F089FC204613
:105A200010BD024B0360204610BD00BF707B040018
:105A30000346024A00681A60704700BF707B04008A
:105A400038B504460B680068984206D00D4600F051
:105A50008DFC2868206000F06BFC204638BD00BF3C
:105A60000068438882880021063002FB03F20FF0B1
:105A700055BA00BF30B400684488A1420DDA858869
:105A8000AA420ADA002908DB002A06DB084404FBE4
:105A900002020020937130BC70476FF47A70FAE70D
:105AA00003685888814211DA10B49C88A2420ADA4D
:105AB000002908DB002A06DB0B4400FB023398793F
:105AC0005DF8044B70476FF47A70F9E76FF47A7001
:105AD000704700BF2DE9F047B1F1000A21DD1D46F6
:105AE000FBB10468A788B4F802809742A8BF1746A4
:105AF000D045A8BFD046002F814604F106040DDD35
:105B000000262946204642460FF0E4F9D9F8003035
:105B100001365B88BE4255441C44F2D10020BDE8EA
:105B2000F0876FF47A70FAE72DE9F0410F1E19DB68
:105B3000002A17DB0446062007FB02001E46154616
:105B4000FAF78CFD206000F039FC23685F80236841
:105B50009D805EB133462A4639462046BDE8F04175
:105B6000FFF7B8BF074B0360BDE8F08120684388AA
:105B70008288314602FB03F20630BDE8F0410FF0A7
:105B8000CDB900BF707B040010B500230446FFF7B9
:105B9000CBFF204610BD00BF2DE9F041054684B083
:105BA00000294FD00A780C46002A51D000218C469B
:105BB0000F460E46234607E00A2A39D00EB10137B8
:105BC000002613F8012F42B1A2F130000928F3D8C2
:105BD00013F8012F0126002AF6D109B20FFA8CF230
:105BE00000232846FFF7A0FF2F6823780637DBB194
:105BF00001AE32464FF0000804E002F8013B14F811
:105C0000013F8BB1A3F130010929F6D9B24282F8E4
:105C10000080F4D930460FF04AF907F8010B14F868
:105C2000013F3246002BEDD1284604B0BDE8F0819B
:105C300006B10137B942B8BF394600270CF1010C53
:105C40003E46BEE7034B0360284604B0BDE8F08142
:105C50001146C5E7707B040010B50446FFF764FFEA
:105C6000204610BD2DE9F84F05689DF82840B5F88D
:105C700002C062454FDAB5F804E073454BDAD1F85B
:105C800000B0BBF8029002EB0907002F43DDBBF820
:105C900004A003EB0A08B8F1000F3CDD002A55DB35
:105CA000ACEB02074F45A8BF4F46002B0BF1060691
:105CB00060DBAEEB0308D045A8BFD04622EAE27213
:105CC00005F106090BB10CFB032291443CB3B8F17A
:105CD000000F20DD4FF0000E724607F1FF3A002F53
:105CE0000FDD731E4C4606EB0A0C13F8015F0DB175
:105CF000257001329C4504F10104F6D10568D1F804
:105D000000B0BBF802406B880EF1010EF04526444E
:105D10009944E4D100E000221046BDE8F88FB8F1C4
:105D2000000FF8DD0D4682463A46314648460FF0F0
:105D3000D1F82A68DAF8003052885B880134A0452F
:105D400016449944F0D107FB08F2E5E76745A8BF80
:105D50006746002B0BF1060612DAF045A8BFF046A5
:105D6000C2F1000C09FB13C31E4422EAE27205F1E2
:105D70000609AAE7F045A8BFF0464FF0000CF1E78E
:105D8000AEEB0308D045A8BFD046B61A96E700BFD1
:105D90002DE9F043804683B0684691461D460C4687
:105DA000FFF71EFDD8F800305A88914533DA9B88FA
:105DB0009D4230DA1F2C2ED9019B9C422BDC2146C0
:105DC0006846FFF717FD4FF0100E07462B1A0530F7
:105DD00007EB030C0021D8F80040658801EB0906A9
:105DE000B5420EDDA288624534444EFA01F208DD68
:105DF0003E780CFB0544164214BF4FF0FF320022E0
:105E0000A27101310529E6D10137B842E0D1002065
:105E100003B0BDE8F0836FF47A70F9E72DE9F04143
:105E200003680D1E5F8826DDBD4203F1060480462F
:105E30009A8817DA9AB17F1B002661193A462046E4
:105E40000FF048F82A46E01900210FF067F8D8F85B
:105E500000305A889B8801369E421444EDDB0020B6
:105E6000BDE8F08107FB02F2204600210FF056F852
:105E70000020BDE8F0816FF47A70F1E72DE9F84F6A
:105E800000AFD1F80090BE6AB9F80240F96A02EB9F
:105E90000608A0451D468246194432DAB8F1000FC3
:105EA000D8BFA046B9F80460B14202DA0029C8BFE1
:105EB0000E4608FB06F3073323F0070304FB052215
:105EC000ADEB030D09F10604AE421444EB460DDDC3
:105ED0006B464246214618460EF0FCFF0135B9F8E4
:105EE00002200346AE4233441444F2D150465B468E
:105EF00032B20FFA88F1FFF717FE5046BD46BDE8F3
:105F0000F88FA046CEE700BF10B5096804468B1D88
:105F1000B1F90420B1F90210FFF706FE204610BDCA
:105F200010B5064B064C1846236000F001FA2046D7
:105F3000044A0549BDE810400EF090BF707B040094
:105F4000D03B002040200020E5590300F8B505466D
:105F5000101D14461F460E46FAF780FB286000F01D
:105F60002DFA2B685C802EB1286831460430224619
:105F70000EF0B0FF012F00D0F8BD28682246043093
:105F80000021BDE8F8400EF0C9BF00BF014B03601F
:105F9000704700BF787B0400002910B5044606DD79
:105FA00013460A460021FFF7D1FF204610BD024BE1
:105FB0000360204610BD00BF787B0400002A10B5A6
:105FC000044604DD0023FFF7C1FF204610BD024B4D
:105FD0000360204610BD00BF787B040010B5044666
:105FE0000868206000F0A4F9204610BD10B50446F2
:105FF000006800F0BBF9204610BD00BF38B504466C
:106000000B680068984206D00D4600F0AFF928688A
:10601000206000F08DF9204638BD00BF0068096897
:1060200088420ED008B543884A889A4201D00020A1
:1060300008BD043104300EF03EFFB0FA80F0400994
:1060400008BD0120704700BF38B5151E13DB04687A
:106050006288A8B290420ED833EA230328BF1346C1
:10606000521B9A4204F10404A8BF1A4660190EF0AC
:1060700055FF002038BD6FF47A7038BD002B70B525
:106080000D4602DA03685B889B1A002A21DB04684C
:1060900066889918B1421CDC91421ADBCBB135F00D
:1060A000004116D05942A94214DAAB4212DD043441
:1060B000002D04EB020612DB5C1B224671193046F0
:1060C0000EF013FF2A4630190021BDE870400EF093
:1060D00025BF70BD0021BDE87040FFF7B5BF6C4221
:1060E0005A19314630190EF000FF22463046002181
:1060F000BDE870400EF012BF002906DB03685A8825
:106100008A4202DB5980002070476FF47A70704732
:1061100010B50446006800F029F9204610BD00BF04
:1061200070B50546501D14460E46FAF797FA2860DA
:1061300000F044F92B685C80286822463146043020
:106140000EF0C8FE2B681C440023237170BD00BFF5
:1061500010B50B4684B0044601A91846F9F730FB88
:1061600001A80EF017FF01A902462046FFF7D8FF4D
:10617000204604B010BD00BF38B5054611B10B78FC
:106180000C461BB9064B2B60284638BD08460EF05E
:1061900001FF214602462846FFF7C2FF284638BDC8
:1061A0007C7B0400F8B517460A683B68B2F90250D8
:1061B000B3F902301D440446681D0E46FAF74EFA44
:1061C000206000F0FBF823685D8031682068B1F939
:1061D0000220043004310EF07DFE326823683968F5
:1061E000B2F90200B1F902200433184404310EF070
:1061F00071FE23681D4400232B712046F8BD00BFAB
:1062000070B5054649B10B780C4633B108461646C1
:106210000EF0C0FEB3B2834203D9054B2B60284673
:1062200070BD284632462146FFF77AFF284670BDEA
:106230007C7B040010B504460868206000F078F804
:10624000204610BD014B0360704700BF7C7B0400FB
:1062500038B504460B680068984206D00D4600F039
:1062600085F82868206000F063F8204638BD00BF3C
:1062700008B50068096843884A889A4201D000201E
:1062800008BD043104300EF07BFEB0FA80F0400906
:1062900008BD00BF70B513680D685E8804465EB126
:1062A0006D881DB1FFF77EFF204670BD0360184664
:1062B00000F03EF8204670BD0560284600F038F832
:1062C000204670BD002907DB0368B3F902208A422B
:1062D00002DD0B44187970470020704710B5064B5B
:1062E000064C1846236000F023F82046044A05496E
:1062F000BDE810400EF0B2BD7C7B0400D43B002012
:10630000402000201161030008B503884FF6FF729A
:106310009BB293420AD0012B01D0DB0704D41E208C
:10632000EBF78CFA002008BD002008BD012008BD55
:1063300003884FF6FF729BB2934215D0012B10B524
:1063400004460DD0DB070BD5BFF35B8FD4E85F3F6E
:106350000233C4E8523F002AF8D1BFF35B8F10BD6F
:106360001E20EBF76BFAEFE7704700BF03884FF68C
:10637000FF729BB2934218D0012B10B5044610D087
:10638000DB070ED5BFF35B8FD4E85F3F9A1EC4E8EE
:10639000512F0029F8D1BFF35B8F9BB2032B05D09F
:1063A00010BD1E20EBF74AFAECE770472046BDE827
:1063B000104000F001B800BFFAF776B9032303805C
:1063C000704700BF82B070B582B0044608A906A825
:1063D00080E80C0003C9266865698DE8030006ABF8
:1063E0000CCB3046211DA84702B0BDE8704002B07A
:1063F000704700BF08B502680B689A4201D00020C0
:1064000008BD0431102204300EF055FDB0FA80F0C2
:10641000400908BD042070470429024808BF002035
:10642000704700BF16FCFFFF436805481B6990FBDF
:10643000F3F007EE900AF8EEE77A17EE900A70474D
:1064400040420F00837C43F020038374704700BFF9
:10645000807CC0F34010704710B508310446FFF748
:10646000BDFD204610BD00BF184B03F128022DE9E9
:10647000F04106460360826000F5FE7700F5017585
:1064800000E025462C1F2046FFF7B0FDA742F8D1BB
:10649000DFF84080283D06F11C0745F8188C3C3C8D
:1064A0002846FEF703FA04F10800FFF79FFDA74214
:1064B000A5F13C05F1D1064B336000233046F38053
:1064C000F9F7F4FA3046BDE8F08100BFF87B04002C
:1064D00004700400D07B0400084B094A0321C3F870
:1064E0000815D2F80034DB07FBD40123936090F841
:1064F0000832002BFBD10120704700BF00F00140A3
:1065000000700040194B03F128022DE9F0410646C6
:106510000360826000F5FE7700F5017500E0254616
:106520002C1F2046FFF762FDA742F8D1DFF8448018
:10653000283D06F11C0745F8188C3C3C2846FEF720
:10654000B5F904F10800FFF751FDA742A5F13C059C
:10655000F1D1074B33600023F3803046F9F7A6FAF8
:1065600030460EF079FC3046BDE8F081F87B04003F
:1065700004700400D07B0400104B70B50446C0E9E1
:10658000003104F1180508301646FFF7FFFC2146DC
:106590002846FEF771F9A368E6745B88E38102225E
:1065A00000234FF4007128462182A374A282194669
:1065B000A381FEF79DF9204670BD00BFD07B04008B
:1065C000072914D8032A12D810B4C37C01751B0103
:1065D00003F1804342F4805403F5E043427544EAFA
:1065E00001210020C3F818155DF8044B70476FF4C3
:1065F0007A70704710B5898A04460022FFF7CCFCF8
:1066000020464FF0FF3300228821FFF71DFD204672
:1066100010BD00BF38B504468069036800219B6B3C
:106620009847A06903684FF47A51DB6C9847226958
:10663000A17D07EE902A01290B46F8EE677AB8BFD4
:10664000012303EB8303B3EE007AB2FBF3F3FF2BDA
:1066500067EE877A2FD9802300225B1002F10102B6
:10666000FBD101293AD92649072AC1F8F4352BDD97
:106670009FED247A67EE877A4FF48072C4F8042283
:10668000A069FDEEE77A03680021DB6B17EE902A24
:106690009847A3691C4A5B691C48012103F5A07453
:1066A0000225C3F80012C2F80855C2F81845C2F80E
:1066B0001C05D96038BD5B10CED101291DD9104908
:1066C0000122C1F8F435D9E7012303FA02F207EEFB
:1066D000102AB8EEC77AC7EE877ACFE70123934036
:1066E00007EE103AB8EEC77AC7EE877A044901235D
:1066F000C1F8F425C4F80432C2E71A46F6E700BF31
:10670000007000400000803B00F001400470004039
:106710002DE9F047504D0560002582B045600446E4
:106720000E4691469A46F9F751F94C4AA66102F194
:10673000080330322360A26021462A462573657320
:1067400004F11C00FFF718FF214604F15800012254
:10675000FFF712FF214604F194000222FFF70CFF1D
:10676000214604F1D0000322FFF706FF214604F57D
:1067700086700422FFF700FF214604F5A47005226D
:10678000FFF7FAFE214604F5C2700622FFF7F4FE79
:1067900004F5FE770722214604F5E070FFF7ECFED2
:1067A00004F500763846FFF7F1FB3046FFF7EEFBC5
:1067B0004FF001084FF40073A382214601A8A4F80A
:1067C00004A0C4F81090A57584F80852C4F8048297
:1067D000FFF710FF01A93846FFF710FC01A8FFF7EB
:1067E00005FC214601A8FFF705FF01A93046FFF788
:1067F00005FC01A8FFF7FAFB194E1A4BE575802737
:106800001C60C6F88070BFF34F8FBFF36F8F164BBD
:10681000164AC3F800550320C3F8F0051449232095
:10682000C3F80403C2F808852046C2F81015C2F860
:106830001435FFF7EFFE86F80753C6F8807137600E
:10684000A06903685B6A9847A06903681B6B984757
:10685000204602B0BDE8F08704700400F07B04001D
:1068600000E100E0D83B00200070004000F0014053
:1068700004710040F0B5514D51492B68514C524ABA
:1068800085B0012600930B680193236802930023CF
:10689000136017681660009A2A60019A0A60029ACB
:1068A0002260A1F2446103222324C1F800351F466F
:1068B000C1F8F0258E46C1F804431A469C468375FC
:1068C000064617E0CFB2877596F8313096F82F104C
:1068D00096F8304043F480530EEB011143EA042351
:1068E000082AC1F8183506F13C06C5F81025C5F888
:1068F00014C51CD013019C1A00EB840403F18045DD
:1069000094F82E4014F0100407F1010105F5E0455C
:1069100002F1010203F18043D4D103F5E043082AD8
:10692000C3F8104506F13C06C3F81445E2D117B987
:10693000384605B0F0BD254D04460126C5F8006572
:10694000FFF768FEE77D7F3704EB870703A8214642
:10695000FFF750FE03A93846FFF750FB03A8FFF7E7
:1069600045FBD4F80422A17DE07DA38AB24001FB5F
:1069700002F204EB800093FBF2F702FB17329B1A42
:10698000D0F8FC21124801F1004103EBD373013927
:10699000043233410327C5F82C26C5F8303602EB04
:1069A00041022E6048F68801C0F8047584F8086238
:1069B00013889942FCD0012005B0F0BD407600401C
:1069C0004476004048760040FC7F00400070004064
:1069D00000F0014008B5034689B190F8083203F091
:1069E000FF011BBB184B194A197013681849DB09C2
:1069F00003F00100DB0708701CD4002008BD144A16
:106A000012785AB9104A1278002AF6D093F8082260
:106A1000002AF2D11846FFF72DFFEEE70B4A80213E
:106A20001160094A1278002AF0D1E6E7FFF754FD19
:106A30000146D7E78023C2F88030BFF34F8FBFF302
:106A40006F8F002008BD00BF0044002000E100E07F
:106A5000FF43002090F8082238B5044612B90161BE
:106A6000002038BD0D46FFF737FD25610028F7D01F
:106A700094F80832002BF3D12046FFF7FBFEEFE736
:106A800007EE901A9FED0E7AC7EE277A10B50446EE
:106A900040680369FDEEE77A17EE901A994201DA31
:106AA000FFF7D8FF2368074A9B699342204603D12A
:106AB000BDE81040FFF7B8BCBDE81040184700BF64
:106AC000002474492964030038B50D460446FFF7D5
:106AD0005DFA02F07DFDEB7D7F3305EB83012046FF
:106AE000FFF78CFA02F066FD204638BD30B5837C96
:106AF00013F0100483B002D1204603B030BD044629
:106B000001A86168FFF7E0FF0023E57C1B481A46F7
:106B100002F151010901415801B10133954202F1DD
:106B2000010228D0082AF3D1154B01990A1D48F615
:106B30008800D55A8542134412D065684988AD7DD6
:106B40000A449A424FEA450502D805E09A4203D921
:106B50002B4419888142F9D15B1BB3F90030A38122
:106B6000A48901A824B2FFF741FA24EAE474A4B28C
:106B7000204603B030BD013B5B00D6E7007000400B
:106B80002EF8FFFFF8B50E460446097D224815464B
:106B9000F9F788FEC8B1317D1F48F9F73FFE471E5F
:106BA000A5B13D01EB1B04EB830393F82E30DB060C
:106BB00013D53368194ADB6D934222D10023ED1BB4
:106BC000237304EB850404F11C00F8BD3D01ED1BAB
:106BD00004EB850404F11C00F8BD94F80832B3B945
:106BE000EB1B04EB830393F82E2042F0100283F892
:106BF0002E2094F80832002BDBD12046FFF73AFE16
:106C0000D7E73046002204F108019847DFE7204625
:106C1000FFF762FCE4E700BF807B04002D960200D2
:106C2000D9B138B58B7CDB060DD490F80832054617
:106C30000C467BB9A37C43F01003A37495F808328B
:106C400003F0FF040BB1002038BD2846FFF712FE09
:106C5000204638BDFFF740FCECE76FF47A707047D0
:106C600038B50C460546097D1B48F9F71BFE80B375
:106C7000217D1948F9F7D2FD0138C0EB001005EB72
:106C8000800494F82E30DB060BD595F8083203F01B
:106C9000FF0043B994F82E3003F0EF0384F82E3050
:106CA00038BD002038BD2846FFF716FC94F82E307A
:106CB00003F0EF0384F82E300028F2D095F8083264
:106CC00003F0FF04002BECD12846FFF7D3FD20464C
:106CD00038BD6FF47A7038BD807B040070B5002237
:106CE00005460E46FFF74EFF38B1044631462846AA
:106CF000FFF7B6FFA37CDB06FCD42B7B1BB12B6814
:106D000028469B699847002070BD00BFA0F108008D
:106D1000FFF7E4BF2DE9F04F847CE40685B057D53A
:106D20000C68B4F802804FEA6808904550DD0434DE
:106D300004EB480804EB420700E0A846A8F102056E
:106D4000EC1B641094FBF3F603FB1644002CF4D107
:106D5000B5F900208281827C920639D5012B064646
:106D60004ED0B0F90E1080680A1DB84500EB020B3A
:106D7000B0F802A02CD95D0006F10803A1460193EA
:106D800007E0B6F90E3053451CD0B84520D9B6F906
:106D90000E10514504F101041DD0B7F9003099449B
:106DA0000E9B9C422F44ECD199FBF4F4ABF80040CD
:106DB000F38902331BB2002453450BF1020BF3811C
:106DC000A146E2D106F11800FDF70CFDB845DED86A
:106DD00005B0BDE8F08F0122B6F9101003A8FFF747
:106DE000DBF803A90198FFF709F903A8FFF7FEF8FC
:106DF000B2680023F381B2F802A002F1040BCCE7E1
:106E00000830FFF7FBF8B3685B88F38106F11800E0
:106E1000FDF7E8FCDCE700BF2DE9F0433B4BD3F87E
:106E2000042185B005461AB9D3F81431002B42D09D
:106E300095F81780354F08F1010303F00103EB7556
:106E4000D7F8341608F17F0805EB8808490040465A
:106E50000024FFF751F9264605F11C0902E0013430
:106E6000082C1DD004F151031B01FB58002BF6D058
:106E7000414603A8FFF7B2F8D5F80422AB7D009293
:106E8000C4EB0410324609EB800003A9FFF742FF70
:106E9000013403A8FFF7AAF8082C06F10106E1D196
:106EA0001A4BD3F8042112B10022C3F80421174B66
:106EB000D3F814211ABB154ED6F80031E3B1EC7D9E
:106EC000013404F0010404F17F07294605EB87072C
:106ED00003A87E34FFF78EFB05EB840503A9384633
:106EE000FFF78CF803A8FFF781F86B6800220433E2
:106EF000C6F82C36C6F8002105B0BDE8F0830022A4
:106F0000C3F8142185F80822D5E700BF00700040BF
:106F1000024B186808B1FFF77FBF7047D83B0020CD
:106F2000154A4369914218D9144A914221D9013234
:106F300010B44FF0C86000249142C3F80045C3F874
:106F4000240503D14FF0C462C3F824250622002093
:106F5000C3F800255DF8044B70474FF0CC72002158
:106F6000C3F80015C3F824250622C3F80025002025
:106F700070474FF08062F2E78FD003007F1A06005F
:106F8000704700BF10B504460DF066FF204610BDE7
:106F9000F0B585B004AC066804F8012D9DF82C709E
:106FA000009722461F46366A012305460C46B04725
:106FB00038B92B68009021463A469C6A0A9B2846BD
:106FC000A04705B0F0BD00BFC3688B4210B50446B2
:106FD00006D003698B4203D0237953B9002010BD3A
:106FE00023680022DB6B1146204698472379002B4B
:106FF000F4D02368054A9B6B9342204603D10DF0E1
:107000002BFF002010BD9847E8E700BF856F030005
:10701000C368002B3AD00369002B37D01A6870B5CB
:1070200004460121184613689847E0680368012167
:107030001B6898470420F9F767FC0025E06803689F
:1070400002219B689847014608BB206903681B68BA
:1070500098470420F9F758FC2069036801211B6850
:107060000D4498470420F9F74FFC092DE6D1E0685C
:10707000036800211B6898470420F9F745FCE06885
:10708000036801211B68BDE8704018477047002D58
:10709000EDD170BD38B5044615460A4600F10C0125
:1070A000FAF756F92A4604F110012046FAF750F98A
:1070B0006269E3680025C2F80055F3B12369E3B1C2
:1070C00001212046FAF742F90621E06801F0F2F8C2
:1070D0000621206901F0EEF82046FFF799FFE068ED
:1070E000036802219B6898472069036802219B6816
:1070F000984729462046FAF729F90A20F9F704FCAF
:10710000D4E904239AB1107DE268AAB1147DC3F8D2
:1071100008054FF0CC710622C3F80C450A20C3F8CD
:107120002415C3F80025F9F7EFFB002038BDE2680D
:107130004FF0FF30002AE9D14FF0FF34E7E700BFFE
:10714000F8B504461D4617460E46FAF7F1F8002238
:10715000104B2360C4E9022222615DB1284602F08F
:10716000EDFA606160B13A4631462046FFF792FF82
:107170002046F8BD012002F003FB60610028F2D137
:107180005A20EAF75BFB3A4631462046FFF782FF7A
:107190002046F8BD2C7C04002DE9F04143698EB2F5
:1071A00082B09A590546002A61D1D3F82441002CB7
:1071B00036D14FF00108334F10E0D3F8482592B98B
:1071C000632C54DC0A20F9F79FFB6B699A59002A5B
:1071D0004DD1D3F824211ABBBC4221D0D3F8502181
:1071E0000134002AE9D1632CECDDD3F860213AB1F7
:1071F000D3F80022D10503D5D3F84821002A32D094
:10720000D3F86021002ADDD0D3F800229205D9D529
:10721000D3F80421002AD5D1C3F814801446D1E74D
:10722000D3F8C424C3F8C4240022C3F82421D3F81B
:107230002421019201220199134C1A625A6101E042
:10724000013C16D00A20F9F75FFB6B69D3F80431D3
:10725000002BF5D00D4CA86808B1F9F755FB204676
:1072600002B0BDE8F081C3F81C801446AAE70024F0
:10727000F1E72B682A69DB6BE968044C28469847DC
:10728000E9E700BF41420F00A08601000EFCFFFFAE
:1072900070B44469C1F34701C4F888150021C4F8EB
:1072A000041189B0D4F804610696069EC4F824112E
:1072B000D4F824610596059EC4F86011D4F8606185
:1072C0000496049EC4F85C11D4F85C610396039E96
:1072D000C4F85011D4F850610296029EC4F84C11C3
:1072E000D4F84C619DF830500196019EC4F84425B5
:1072F000C4F8483575B14FF480720123C4F80022F8
:10730000A360D4F84821DAB94FF4A47109B070BC75
:10731000FFF742BF4FF400720123C4F80022A360BC
:10732000D4F84821A2B12362C4F84851D4F84831B6
:107330000793079B4FF4827109B070BCFFF72CBF15
:107340002362C4F84811D4F848310793079BDBE760
:107350004FF48271DAE700BF70B54469C1F34701A9
:10736000C4F888150021C4F8041188B0D4F8046169
:107370000696069EC4F82411D4F824610596059E4D
:10738000C4F86011D4F860610496049EC4F85C11DE
:10739000D4F85C610396039EC4F85011D4F8506190
:1073A0000296029EC4F84C11D4F84C619DF83050FE
:1073B0000196019EC4F83425C4F83835B5B94FF4A8
:1073C00080520123C4F800222360D4F8482132B14E
:1073D0002362C4F84851D4F848310793079B4FF40F
:1073E000827108B0BDE87040FFF7D6BE012323606C
:1073F000D4F8482192B94FF4AE710446FFF7CCFEA1
:1074000008B108B070BD6369012220464FF4A47131
:10741000DA6108B0BDE87040FFF7BEBE2362C4F871
:107420004811D4F848310793079BE4E70E4B03F16A
:107430002C0103F1380270B5C0E902120546036061
:1074400000F12C0600F13404043C2046FEF7CEFD8A
:10745000A642F9D1054B2B6000232846EB80F8F7B4
:1074600025FB284670BD00BF747C04000470040036
:1074700070B544690D7D00234FF0FF3604EB8302A5
:107480000133D2F86015A94208BFC2F86065042B29
:10749000F4D1037C13B103689B699847002070BD49
:1074A000A0F10C00FFF7E4BF0F4B03F12C0103F137
:1074B000380270B5C0E902120546036000F12C06DF
:1074C00000F13404043C2046FEF790FDA642F9D1B9
:1074D000064B2B600023EB802846F8F7E7FA284696
:1074E0000DF0BAFC284670BD747C040004700400E2
:1074F0004369D3F8080570479FED1F7A07EE901A8D
:10750000C7EE277A10B4B0EE677ABEEECE7A17EEE9
:10751000101AB1F5004F29DB0023013341FA03F2C1
:10752000B2F5004FF9DA072B04DD144B5DF8044B7C
:10753000184670471C4612FA03F348BF0F331B115D
:1075400007EE903ADFED0C6A4169F8EEE77A002326
:1075500086EEA77AC1F80C45C1F808255DF8044B02
:10756000C0ED097A80ED087A18467047002417EEBE
:10757000102A2346DFE700BF0024744900407AC484
:107580002DE9F843494D05600025456004460F4646
:1075900016469846BDF82090F8F718FA44486761F7
:1075A00000F12C0200F13803C4E9022320602574A5
:1075B000657404F12C00FEF7E9FC04F13000FEF7DD
:1075C000E5FC63693B4F66630126A4F80490E5611E
:1075D000657625852576A676E676C3F800554FF0C4
:1075E0008023C7E90033C7E9023341462046FFF74D
:1075F00083FF6369304AC3F8045502270420302111
:107600009342C3F81075C3F84855C3F82855C3F81A
:107610004C55C3F82C55A676E676C3F81465C3F826
:107620000002C3F8041320D0244A93422FD0244AE6
:1076300093420CD0606B016801224D68227604F100
:107640000801C3F80025A8472046BDE8F8831D4A75
:107650001D4B92681D49C2F8C81004221C49C3F88A
:1076600084215A6063698C60E4E7194A154B146001
:107670009A681849C2F8B010A3F540634FF08052E1
:10768000C3F880211A6063690C4A9342CFD10D4A36
:107690000D4B92681049C2F8C41002220C49C3F87D
:1076A00084215A6063694C60C1E700BF0470040024
:1076B000747C0400DC3B002000C00140001002404C
:1076C0000020024000ED00E000E100E02979030025
:1076D000EC3B0020097903001979030007EE901AAA
:1076E000FEEECE7A10B417EE901AB1F5004F23DB00
:1076F0000022013241FA02F3B3F5004FF9DA072A0A
:107700001FDC14464169DFED106AC1F80C45C1F871
:107710000835934048BF0F331B1107EE903AF8EE3F
:10772000E77A002386EEA77AC0ED097A80ED087A21
:1077300018465DF8044B7047002417EE903A224635
:10774000E0E76FF47A73F3E700247449406A704706
:1077500043690020C3F81015704700BFC2768176D8
:10776000436939B93022C3F81415C3F80012C3F8BD
:1077700008237047012004213022C3F81405C3F800
:107780000012C3F80423704770B590F929300446FD
:1077900082B0C0696BB1626901235360D2F80431D1
:1077A000002BFBD0002565762585D0B9002002B0DE
:1077B00070BD0D46F0B9A37E002BF7D0637E002B81
:1077C000F4D0E37E002BF1D163691C4903EB45152E
:1077D00008220123C5F82015C5F8242584F829308E
:1077E000E5E723680138E061DB69204698472846D1
:1077F00002B070BD616B0B6805F10B061B6801A838
:1078000004EB8606984701A93046FEF7F7FB01A86E
:10781000FEF7ECFB04EB85026369D16AE26903EBD6
:1078200045150B1DC5F820354988531E4910012008
:10783000C5F82415E36102B070BD00BFDC3B002039
:1078400038B5C369817E01330446C36119B1637ED3
:1078500063B1002038BDFFF797FFC8B1636901220B
:107860009A60A37E002BF2D1002038BD01256576F9
:1078700094F828102046FFF787FF94F828302B440F
:107880002B4084F828303BB9636901229A60E0E715
:10789000E37E002BE5D0E1E7E3691BB900236376C3
:1078A000002038BD29462046FFF76EFF94F82830A7
:1078B000013303F0010384F82830002BEED1E3E715
:1078C000A0F10800FFF7BCBF38B54369D3F8102119
:1078D000044672B9D3F8143103B938BD002584F8D1
:1078E000285001212046FFF74FFF6369C3F8145168
:1078F00038BD012380F828300021FFF745FF636978
:107900000022C3F81021E5E7024B186808B1FFF721
:10791000DBBF7047EC3B0020024B586808B1FFF713
:10792000D3BF7047EC3B0020024B986808B1FFF7CB
:10793000CBBF7047EC3B0020426900230376C2F8BE
:1079400000357047032A26DC70B502F5AC76426933
:107950000B7D52F826209A421BD00B680C46054638
:107960001B6E08469847236800211B6820469847ED
:107970006A692368217D42F82610204605F10C0132
:10798000DB6D00229847E38843F00803E380002082
:1079900070BD002070BD6FF47A70704703681B6A79
:1079A000184700BFF8B5C7688F4208D0054616468D
:1079B0000C4617B103681B6E98472671EC60F8BD42
:1079C00010B5036804465B6C9847236820465B68E3
:1079D000BDE81040184700BFF0B40479A40728D5CB
:1079E000002922DB002A20DD002B1EDDB4294FF404
:1079F0007A74A8BFB42104FB01F10F4F05680F4E44
:107A00002D6B8908A7FB017102EBD277A3EB67030B
:107A100004FB03F3890802FB013286FB0231D21713
:107A20002B46C2EBA111F0BC18476FF47A70F0BC82
:107A300070470348FBE700BF176CC116D34D6210B7
:107A400016FCFFFFC08800F00500003018BF0120C1
:107A5000704700BF037D0B4A1F2B98BF4FF0A04219
:107A600003F01F03D2F81415012202FA03F30B42AC
:107A700006D1C08800F00A00003018BF012070470E
:107A80001046704700030050C08810F0030018BF74
:107A900001207047C08800F00C00003018BF0120A2
:107AA000704700BF03684FF47A729B6B02FB01F1D1
:107AB000184700BF08B50368DB6B9847024BA3FB70
:107AC0000030800908BD00BFD34D6210027D0F4B0E
:107AD000202A38BF4FF0A04302F01F0203EB8203BD
:107AE0000129D3F80027417122F00C0207D00229A6
:107AF00008BF42F00C02C3F800270020704742F094
:107B00000402C3F800270020704700BF00030050A4
:107B1000D0F8103521EA0301C0F81815704700BFEE
:107B2000D0F810351940C0F81815704738B50379EA
:107B30009A071ED5C3885B07044602D403681B6EF0
:107B400098470D4B1868A0B101222146FFF71AF89B
:107B5000054670B1E06810B1F9F7F6FB18B9E38893
:107B600043F00403E3802846FEF7C0FFC0F30F1084
:107B700038BD024838BD00BFBC3C002016FCFFFFEA
:107B800070B52DED028BC38882B01B07019137D5EC
:107B90001C4D1D4C286808EE101AFFF7A9FCF8EEE2
:107BA000487A08EE900A17EE901A2868FFF796FDBB
:107BB000F8EEE88A04F108062388286807EE103AF0
:107BC000B8EE478AFFF794FC07EE900AB8EEE77A22
:107BD00027EE087AC7EE287AFCEEE77A17EE903A9D
:107BE00024F8023BB442E7D1084B07491868082241
:107BF000012309F0F7FA002002B0BDEC028B70BD42
:107C00000348F9E7C03C0020C43C0020CC3C0020E5
:107C100016FCFFFF38B5027D1B4B202A38BF4FF002
:107C2000A04302F01F020125D3F8144505FA02F221
:107C3000144224D10D460446D1B9C3F80C25184688
:107C40001146FFF76DFF217D0F4B202938BF4FF004
:107C5000A043D3F81435134213D0236820461B6E7B
:107C60009847236829461B6820469847002038BD5E
:107C7000C3F8082518461146FFF74AFFE3E700203E
:107C800038BD024838BD00BF0003005012FCFFFFA2
:107C900038B5C3889B0704460D4614D5C06810B19B
:107CA000F9F752FB78B1227D012302F01F018B40CE
:107CB0008DB31E491F2A8CBF0A464FF0A0420020F8
:107CC000C2F8083538BD236820461B6E9847217DD1
:107CD000164B202901F01F004FF0010238BF4FF072
:107CE000A0438240A5B9C3F80C2520290F4BE28898
:107CF00038BF4FF0A04303EB800342F00202D3F8F9
:107D0000001741F00101C3F800170020E28038BDE0
:107D1000C3F80825E9E705491F2A8CBF0A464FF03A
:107D2000A0420020C2F80C3538BD00BF000300504F
:107D3000C388DB0770B5044616D5C06810B1F9F7E3
:107D400003FB88B1237D2049202B38BF4FF0A04191
:107D50000122D1F8101503F01F0302FA03F30B42BE
:107D600014BF1046002070BD2368174D1B6E2046BF
:107D70009847237DE0882168202B03F01F0234BF41
:107D80004FF0A0432B4603EB820340F00102D3F8EF
:107D900000074E6C617920F00300C3F80007E28011
:107DA0002046B047237D202B38BF4FF0A04501224D
:107DB000D5F8101503F01F0302FA03F30B4214BFAA
:107DC0001046002070BD00BF0003005008B5C388F6
:107DD0001B070AD5064B1868FFF7B8FC07EE900A98
:107DE000FCEEE77A17EE900A08BD024808BD00BF16
:107DF000C03C002016FCFFFF38B50368234A9B6A8D
:107E0000934204461DD1C588C5F38025C5B9E068F5
:107E100010B1F9F799FAB8B1227D1D4BE1881F2AFC
:107E200098BF4FF0A04302F01F0203EB820301F45E
:107E30003062D3F8001721F44031C3F80017E28014
:107E400038BD98470546E1E7E068E388026843F4F7
:107E500080631268E380214690470E4BE1681B68FF
:107E60000BB103F10C05A942227D02D00023E3608F
:107E7000D3E7094BFF25181D13F9011B914208BFD9
:107E800003F8015C9842F7D1F0E700BF7D9502004E
:107E900000030050C03C0020CC20002070B50446F8
:107EA00015464FF480760E482371012200232F2DB2
:107EB00021812575E68020606271C4E9033302D90F
:107EC0003220E9F7BBFC074A0749084B42F8254036
:107ED0004FF000454022C1F804531A60204670BD9F
:107EE000B87C0400F83B00200060004000E100E0A6
:107EF0000379DB0755D5F0B5C388DA0683B00D46A4
:107F0000044603D5C3F3C023994223D023682046F7
:107F10001B6E9847012D23682ED05B68204698473A
:107F200023682420DE6D0CF09EFF00232289074683
:107F3000CDE9003321460123FAF7F4FF07F10C01E4
:107F400001222046B047E38823F400639BB243F04C
:107F50001103E380012DE0680AD038B150F80C3CE1
:107F6000DB690C3803B0BDE8F04018470368FFDE5A
:107F70000028F3D10368FFDE3420DE6D0CF073FFC0
:107F8000094A40F6AC53074612682146FCF770F9DF
:107F90002A4607F10C012046B047E38843F400630A
:107FA000D5E70248704700BFB83C002016FCFFFF31
:107FB000C188C1F3C021FFF79BBF00BF10B50446C5
:107FC00084B00A46002368462189FDF7B1FCE368C6
:107FD0004BB1029AD96ADA626846521A0023CDE997
:107FE0000223FDF7CFFC04B010BD00BF10B5C3885D
:107FF000590684B0044609D49A060DD41B0603D54D
:1080000023690BB10120984704B010BD0521FFF78B
:10801000D5FFE3889A06F1D501230222218968461B
:10802000FDF786FCE388E9E710B5C388590684B0FC
:10803000044609D49A060DD41B0603D523690BB157
:108040000020984704B010BD0421FFF7B7FFE38874
:108050009A06F1D50123032221896846FDF768FCC1
:10806000E388E9E72DE9F04BD0F8204584B00546D8
:1080700074B3DFF890800E4601274FF01F0BB4FA5F
:1080800084FCABEB0C03991907FA03F258F8219022
:1080900024EA0204B9F1000F18D0B9F8062012F052
:1080A000E00F05EB83030FD0D3F8002782F4803272
:1080B000C3F80027D3F8003713F4803F48461CD09C
:1080C000FFF794FFB9F80620930508D4002CD4D10B
:1080D0004FF0FF33C5F8203504B0BDE8F08BF8F75A
:1080E000BDF90028F2D00123052240F2FF31684695
:1080F000FDF71EFC002CC0D1EAE7FFF795FFB9F8A9
:108100000620E1E7F83B002008B5094BD3F87C21B5
:1081100002B908BD0021C3F87C114FF0A040FFF761
:10812000A1FF20210348BDE80840FFF79BBF00BF27
:108130000060004000030050C38813F0E00F70B5EA
:1081400004460D4640D05A060ED423F0E003022D1B
:108150009BB218D0032D22D0012DE38004BF43F041
:108160008003E380002070BD032D11D0E068036818
:1081700021461B689847E388002223F0E003022D84
:108180009BB2E260E8D143F02003E380002070BDA1
:1081900023F0E00343F04003E380002070BD43F090
:1081A0004003E38030200CF05EFE2146054608F0D7
:1081B000DFFDFAF721F92368E86229462046DB6DE6
:1081C00001229847002070BD03685B689847237DB3
:1081D000114A1F2B98BF4FF0A04203F01F0302EB80
:1081E0008301D1F8006726F44036C1F8006758B122
:1081F000D1F8000740F44030C1F800070121994050
:10820000E388C2F820159EE7D1F8000740F400305B
:10821000C1F80007F2E700BF0003005000B583B0CB
:10822000042920D8DFE801F0100A0A0A03000368D5
:10823000DB6A9847002003B05DF804FBFFF77CFF82
:10824000002003B05DF804FBC38803F0F0031BB902
:10825000084603B05DF804FB036801911B6E984764
:1082600001990846E7E76FF47A70E4E738B50368E8
:1082700004465B680D469847E3885B0605D52946AA
:10828000E068BDE8384008F001BE2368084A5B6D2D
:1082900093424FF00301204607D1FFF74DFF2946D7
:1082A000E068BDE8384008F0F1BD9847E7E700BF57
:1082B0001D820300072913D8027D0B4B202A38BFEB
:1082C0004FF0A04302F01F0203EB82030020D3F81B
:1082D000002722F4E06242EA0121C3F80017704748
:1082E0006FF47A70704700BF0003005010B4037D34
:1082F0000C4A00290CBF00244FF440741F2B03F0DC
:108300001F018CBF13464FF0A04303EB81030020F5
:10831000D3F8002722F4E0622243C3F800275DF877
:10832000044B704700030050027D0B4B202A38BFDE
:108330004FF0A04302F01F0203EB8203D3F80027A3
:1083400022F44032C3F80027D3F8002742EA014163
:10835000C3F80017704700BF00030050F0B5154C7C
:10836000236883B0CBB1144D2E6816B1002003B042
:10837000F0BD38200CF077FD2268104B1049132413
:1083800007460094FFF7FCF83846314601222F607B
:10839000FFF7E4F9002003B0F0BD40200CF063FDCE
:1083A000054608F0E3FE28460321256008F086FE16
:1083B000D9E700BFCC3C0020C03C00200000484270
:1083C00000C0014003799B0760D5B1F5806F5FD293
:1083D000C3881A072DE9F04105460E4602D403680A
:1083E0001B6E98472C4F297D3A464FF0FF340023EF
:1083F00012F9010B884208BF1C460133042BF7D148
:10840000631C2FD0DFF8A880E86810B1F8F79CFF54
:1084100018B9EB8843F00803EB80D8F800001F4D33
:10842000FFF766F807EE906ADFED1D6A1D4AB8EEA9
:10843000E77AF7EE007AE7EE667A2946012307EE3F
:10844000100AB8EEC77A106867EE877A0822FDEE48
:10845000E77A17EE906A25F8146008F0C3FE002052
:10846000BDE8F0812846FFF779FF0F4BDFF8408029
:108470001C78297DD8F80000013404F0030422465A
:10848000395529461C70FFF75DFABDE7074870476C
:108490006FF47A70704700BFCC200020C43C0020ED
:1084A0000000803ACC3C00202823002016FCFFFF6F
:1084B000C03C002070B5174D2DED028B044608EE30
:1084C000101AFFF74BFF2868FFF740F9DFED127A2B
:1084D00007EE100AB4EE677AF1EE10FA04D02868BD
:1084E00017EE901AFFF7FAF8DFED0C7A9FED0A7A93
:1084F0002368B8EE488A204628EE278ADB68C8EE53
:10850000077ABDEC028BBDE87040FDEEE77A17EE0E
:10851000901A1847C03C002000409C460000804450
:108520001F4B026A9A4220D01E4B994209D94FF044
:10853000004143698B4202D00023416183760020D1
:108540007047194B99421FD8184B99421FD8184BA6
:1085500099421FD8174B99421FD8174B99428CBF8D
:108560004FF080614FF00071E3E7144B994202D95C
:108570004FF0A051DDE7A3F57403A3F51053994222
:10858000D2D94FF02061D4E74FF08041D1E74FF0CE
:108590000051CEE74FF08051CBE74FF00061C8E7C4
:1085A00000F00240FF117A00FF083D007F841E00AA
:1085B0003F420F001FA107008FD00300FF47E801D3
:1085C000082A4FF000034176837614BF6FF47A7067
:1085D00018467047704700BF10B504460CF03CFCCD
:1085E000204610BD036AD3F8182182B100B50022DD
:1085F000C3F8182187B0D3F81811436A0191019983
:1086000033B14262806A984707B05DF804FB704757
:1086100001230322182102A8FDF78AF9F4E700BF1D
:1086200070B5012104468176F8F790FE236AA068B0
:108630000021C3F80015002873D003681B68984711
:10864000A068627E0368012A5B6C8CBF0221012155
:108650009847A368E0681D7D002867D003685B68C1
:108660009847E068627E0368012A5B6C8CBF022138
:1086700001219847E36820691E7D617E00285BD058
:108680000368012994BF002101211B6898472369D1
:10869000617E187D236A6269C3F808050139C9B291
:1086A0000229C3F80C55C3F81065C3F824259CBFF4
:1086B000264A52F8211094F9182088BF002100257D
:1086C000C3F8541542200721AA42C3F8C055C3F885
:1086D0000403C3F8001532DB02F1604202F5614287
:1086E000E02382F8003394F91830002B13DB59098A
:1086F000603103F01F030122154802FA03F340F82A
:10870000213094F91830002B05DB03F01F015B09C1
:108710008A4040F8232020460121BDE87040F8F748
:1087200015BEE0684FF0FF35002897D12069617EC3
:108730004FF0FF360028A3D14FF0FF30AAE7054BDA
:1087400002F00F021344E0221A76CCE7247D0400E5
:1087500000E100E0FCEC00E070B5044616460A4675
:1087600000F108011D46F8F7F3FD324604F10C0153
:108770002046F8F7EDFD2A4604F1100100252046B9
:10878000F8F7E6FD2046A576FFF74AFF284670BDBC
:1087900038B504460498174DA1600021C4E90323AD
:1087A000256021716171C8B100F0C8FF2062D8B1A5
:1087B00001F038F863692076B3F1805F1CBF4FF099
:1087C0008053636100220023A276206A637663628D
:1087D0002246094901F05AF8204638BD042000F02D
:1087E000CFFF20620028E3D15A20E9F727F8206A5A
:1087F000DEE700BF387D0400E58503002DE9F04782
:10880000847E82B005468A46DDE90A871646994687
:108810002CB3B6F5803F35D2B8F5803F32D22C6A02
:108820000020C4F844A5C4F84865C4F83495C4F8D9
:108830003885C4F81801D4F818310193019BC4F8A5
:108840005005C4F840056FB1012240230C996F62B6
:10885000A9622261C4F8043302B0BDE8F087FFF7D3
:10886000DFFED6E703211820F7F742FB2B6A012130
:1088700040221961C3F80423F7F7BCFC384602B064
:10888000BDE8F0876FF47A70E6E700BFF0B585B019
:10889000B2F5803F144606460F469C460A9D02D21A
:1088A000B5F5803F09D363462246394630460A95DE
:1088B00005B0BDE8F04008F0BBB900240095CDE953
:1088C0000144FFF79BFF05B0F0BD00BF2DE9F0416B
:1088D000DDE90664DDF82080C4B1B2F5803F0746CB
:1088E0008C4615469E4602D2B6F5803F0AD3CDE9A6
:1088F0000748069673462A4638466146BDE8F04169
:1089000008F0C2B9BDE8F041FFF778BF6FF47A70A4
:10891000BDE8F08130B585B000250122C17600F1B7
:108920001C0300F11B01CDE9015500920446FFF73D
:1089300065FFA842ACBF207F014805B030BD00BF35
:108940000AFCFFFF21B9436E4FF40472C3F80823F9
:1089500000207047B1F5614F43D00FD9B1F5612FB9
:108960002AD0234B994219D0B1F5613F2BD0436EE9
:108970004FF0EB720020C3F82425704747F612230E
:10898000994227D0B1F5164F0FD0B1F5165FEED151
:10899000436E184AC3F8242500207047436E4FF0F9
:1089A00080520020C3F824257047436E4FF41D0207
:1089B0000020C3F824257047436E4FF070620020FA
:1089C000C3F824257047436E4FF06C720020C3F843
:1089D00024257047436E4FF400020020C3F824257D
:1089E0007047436E4FF46B020020C3F82425704794
:1089F00040420F000050270070B504460E46154651
:108A00002046F9F74DFA0028FADC94F83C3003F0E0
:108A1000FF00002BF4D1636E317D2A7DC3F80C1565
:108A2000C3F8142570BD00BF0021F9F719B900BFC4
:108A300070B5044684B0B9B9C3895A073DD5636E91
:108A400004F144012022C3F83415C3F83825636EBD
:108A50004FF4047200212164C3F80423636E0122E1
:108A60001A60002004B070BD01290D46F9D190F8BC
:108A70003C30002BF5D1F9F713FA0028F1D0A08E85
:108A8000A38E94F83060E16A5A1C92FBF6F306FB61
:108A900013239BB282B22068A3868369895C204637
:108AA0009847A38E628E9A42DBD12B46022240F277
:108AB000FF316846FCF73CFFD3E7F8F709FEE3898E
:108AC0005B07BCD4002004B070BD00BF10B584B0FB
:108AD00004468DF8071002E094F83C301BB100F01A
:108AE00063FD0028F8D000F05FFD70B1636E0022D6
:108AF000C3F82021D3F82011636E03910399C3F8C2
:108B00005821D3F858310293029B626E01230DF174
:108B1000070184F83C30C2F84415C2F84835626E4B
:108B2000936000F041FDA0B1636E00E099B9D3F805
:108B30002021D3F85811002AF8D061B90122DA6057
:108B4000626ED2F85831002BFBD00020002384F84D
:108B50003C3004B010BD0148F8E700BF09FCFFFF3E
:108B600070B50446406E0E4600F05CFE05461EB130
:108B7000E18911F0200125D0002D14DA23680021AD
:108B80005B68204698472046F9F78AF9002804DDFB
:108B9000236801215B6820469847A16B2046F8F7BF
:108BA00063FE002070BD6B099B0003F1604303F579
:108BB000614305F01F05012202FA05F5C3F8805153
:108BC0001D60DBE72368134A9B6893421ED1636EE6
:108BD0004FF40472C3F808232046F9F761F900281E
:108BE000FADC94F83C30002BF6D1002DD9DB6B0970
:108BF00020330122084905F01F0502FA05F541F866
:108C00002350BFF34F8FBFF36F8FCAE720469847BB
:108C1000E2E700BF4589030000E100E0A0F10800A1
:108C2000FFF79EBF10B5244B426E036023493C33CF
:108C30008360C2F8081382B00446406E00F0F2FD73
:108C400000280DDB4309203301221D4900F01F00DD
:108C500002FA00F041F82300BFF34F8FBFF36F8F8C
:108C6000626ED2F8003223F02003C2F80032626E46
:108C700001235360626E0021C2F85811D2F85811D6
:108C8000626E01910199D360626ED2F85831002B67
:108C9000FBD00023C2F80035636E4FF0FF32C3F8FB
:108CA0000C25C3F81425606E00F08EFD2046F9F700
:108CB00003F9204602B010BD647D04001403420095
:108CC00000E100E0A0F10800FFF7ACBF10B50446DA
:108CD000FFF7A8FF20460CF0BFF8204610BD00BFEC
:108CE000A0F10800FFF7F2BFF0B514248BB00C25FB
:108CF000CDE900451F462346154604460E46F8F7C3
:108D000031FD514B236000223C3384F83C20A360AA
:108D100062662264002F00F08A80384600F00EFD63
:108D20006066002800F08A804FF0EB73C0F82435AD
:108D3000636E0022C3F86C252046F9F7B1F80028CD
:108D4000FADC94F83C3003F0FF02002BF4D1636EA0
:108D5000307D297DC3F80C05C3F81415636E3B48BC
:108D6000C3F80821D3F80811636E09910999C3F873
:108D70001021D3F81011636E08910899C3F82021CF
:108D8000D3F82011636E07910799C3F82421D3F813
:108D90002411636E06910699C3F84421D3F8441157
:108DA000636E05910599C3F85821D3F85811636E85
:108DB00004910499C3F84C21D3F84C31626E0393AB
:108DC000039BD2F80032224943F02003C2F800325C
:108DD000636EC3F80403606E224600F057FD606EB8
:108DE00000F020FD00281BDB43099B0000F16041DF
:108DF00003F1604303F5614301F5614100F01F0099
:108E0000012202FA00F0202581F80053C3F8800106
:108E10001860636E08222046C3F800250BB0F0BD31
:108E20000C4B00F00F00034420221A76F1E71020CB
:108E300000F0A6FC606600287FF476AF5A20E8F7C1
:108E4000FDFC606E70E700BF647D040014034A00FF
:108E5000A18E0300FCEC00E030B5436ED3F83C5526
:108E6000026CAA4283B0044606DA0022C3F8082145
:108E7000D3F808310193019B236C9D420BDD236CD9
:108E80005A1C2344226493F844102046F8F750FB00
:108E9000236CAB42F3DB0023236403B030BD00BF7F
:108EA00070B5456ED5F8083188B00446D3B1036C6F
:108EB0001F2B17DC002602E0236C1F2B12DCC5F8E9
:108EC0000861D5F808310193019B236C5A1C234497
:108ED000226493F844102046F8F72AFBD5F80831AD
:108EE000002BE9D1D5F81031002B3AD1D5F84C310F
:108EF00073B10023C5F84C31D5F84C31626E039341
:108F0000202104F144030398C2F83435C2F838151F
:108F1000D5F8243153B10023C5F82431D5F82431D4
:108F20000493049BD5F88034C5F88034D5F84431D7
:108F300033B10023C5F84431D5F844310593059B7E
:108F4000D5F82031C3B9D5F8583143B10023C5F85D
:108F50005831D5F858210792079A84F83C3008B068
:108F600070BD0023C5F81031D5F8103102932046AA
:108F7000029BFFF771FFB9E70023C5F82031D5F850
:108F800020210692069A84F83C302046F8F788FFA4
:108F9000002802DC0123EB60D5E72046F8F71EFB32
:108FA000D1E700BF10B5034B03600446FBF73CFB61
:108FB000204610BDC47D040010B5054B0360044677
:108FC000FBF732FB20460BF047FF204610BD00BFE9
:108FD000C47D040010B50446D4E90E2352694FF451
:108FE0007A50002BD2F84415C2F8440522DA1B4A05
:108FF000616B0020C2F81005013393FBF1F201FB15
:109000001233E36300F0E4FAD4E90E23526901213C
:10901000002BD1600ADB0233104A54F82330DB699D
:109020001B7D1B0243F00113C2F81035BDE8104050
:1090300000F0C0BA023354F82300FBF781F9E36B68
:10904000064A616B0020C2F81005002BD4D101291B
:10905000D2D14FF0FF33E363D4E700BF006000409C
:10906000034B186808B1436B03B97047FFF7B2BFF1
:10907000D03C002070B50E4611460446FBF790FA2E
:1090800033681C4A1C49146000259B6BA663216051
:10909000E563294630469847A06B184E03684FF4A5
:1090A0007A51DB6C9847A06B03682946DB6B144D43
:1090B0004FF47A529847A06B124B01684269C3F88B
:1090C0002055CD694432C3F82425B5424FF004023F
:1090D000C3F8042509D10C4BC3604B6A9847A06BB9
:1090E00003689B6A9847204670BD0749A847A06B54
:1090F0000168F2E7D03C0020C47D04000D66020048
:109100000061004000F001406190030038B50D4659
:109110000446FBF7ADF928460021FBF7F1F8636B35
:10912000012B01D0002038BDA06B03685B6B984712
:10913000002038BD38B50D460446FBF753F92846E4
:109140000021FBF7DDF8636B13B9024AC2F8103552
:10915000002038BD00600040007A704790F9103060
:109160004901002BC9B207DB03F1604303F56143FA
:10917000002083F800137047034A03F00F031A44DA
:1091800000201176704700BFFCEC00E090F9103031
:10919000002B11DB5A0910B460320A4C03F01F0394
:1091A000012101FA03F344F8223043695DF8044BCE
:1091B000012200201A607047436901221A600020D2
:1091C000704700BF00E100E090F91030002B07DB92
:1091D00003F01F0001225B090249824041F823206D
:1091E0000020704700E100E010B5036804461B6BE7
:1091F0009847636901225A6000201A6110BD00BFC0
:1092000090F91030002B0DDB5A092032012106485D
:1092100003F01F0301FA03F340F82230BFF34F8F2E
:10922000BFF36F8F0020704700E100E0012902D0FA
:1092300006D3022902D14369C3F804150020704700
:1092400043690022C3F8042500207047437A013B9C
:1092500099420FDC10B44FF48033446901F5A870D3
:1092600003FA01F144F820200020C4F804135DF84B
:10927000044B70476FF47A70704700BF437A013B2C
:10928000994211DC30B4446904EB81054FF480331A
:10929000D5F8400503FA01F10244C5F84025002045
:1092A000C4F8041330BC70476FF47A70704700BF85
:1092B000437A013B994208DC42694FF4803303FA58
:1092C00001F1C2F80813002070476FF47A707047FC
:1092D000032907D8DFE801F01710090243690322C8
:1092E000C3F8082501720020704743690222C3F8C1
:1092F000082501720020704743690022C3F8082541
:1093000001720020704743690122C3F808250172E9
:109310000020704710B5044B036000230446C3804F
:10932000F6F7C4FB204610BD0470040010B5064BD0
:10933000036000230446C380F6F7B8FB20460BF019
:109340008BFD204610BD00BF0470040010B503461D
:1093500029B190F91020002A0CDA002010BDC28833
:10936000D107FAD5196822F00102DA808B6A984792
:10937000002010BD5409084951F8241002F01F02C2
:1093800021FA02F2D407E8D5C288016842F001024E
:10939000C2800B6B9847E0E700E100E038B590F938
:1093A0001030002B044611DA0025236820461B6B81
:1093B000984762690123D360D368002BFCD11DB1AB
:1093C000236820469B6A9847002038BD5909044A03
:1093D00052F8215003F01F03DD4005F00105E4E7DA
:1093E00000E100E0B1F57A5F14D830B40022012525
:1093F0004FF47A5405FA02F3B4FBF3F3994205D320
:10940000436930BC0020C3F8102570470132092A97
:10941000F0D1F5E76FF47A70704700BF70B590F93E
:1094200010500368002D04461B6B07DA98476369E8
:109430000122DA64D3F84C65304670BD69090A4AE6
:1094400052F821609847636905F01F05012226FA4A
:1094500005F5DA64D3F84C65EB07EDD523682046B3
:109460009B6A9847304670BD00E100E00E4BF0B4B7
:1094700053F82070B7B100237E6918469C46012539
:1094800006EB830205FA03F4D2F84011013319B157
:109490002043C0B2C2F840C1042BF1D1FB680BB12C
:1094A000F0BC1847F0BC7047D43C00200020FFF708
:1094B000DDBF00BF0120FFF7D9BF00BF0220FFF7CB
:1094C000D5BF00BF0320FFF7D1BF00BF0420FFF7C7
:1094D000CDBF00BFF8B52D4B0360002646600446A3
:1094E0000D461746F6F772FA29492A4827740323CE
:1094F0008D42E6606561206063723CD0264A9542E9
:1095000030D002F58032954237D1244A204642F8C5
:109510002340FFF775FE94F9103062690121002B9A
:109520005160116120DB03F1604303F56143402288
:1095300083F8002301231A464FF47A51092B02FACB
:1095400003F003F1010504D0B1FBF0F0B0F57A7F30
:109550001AD861690322C1F810352046C1F80825E0
:109560002272F8BD0223D0E70D4A03F00F031A441C
:1095700040231376DEE70123C7E70A4B9D4208BF6D
:109580000423C2D03346C0E72B46D7E7047004005B
:1095900000900040F47D040000A00040D43C002076
:1095A000FCEC00E000B00140014B93F90000704773
:1095B00001440020054A1378013B5BB2002B01DD1A
:1095C000137070470023137062B670470144002087
:1095D00072B6024A137801331370704701440020B9
:1095E00020BF70474FF0805130B44C6E086E00229F
:1095F000234642EA00042046194630BC704700BFAB
:10960000BFF34F8F0549064BCA6802F4E06213436B
:10961000CB60BFF34F8F00BFFDE700BF00ED00E060
:109620000400FA05704700BF08B50B4B0122C3F8D0
:10963000402502210022930003F1A0430132202A99
:10964000C3F80017C3F8001AF5D1FFF7EBFFBDE828
:109650000840E7F773BA00BF00E0014000487047D8
:10966000000002204020F6F7F9BF00BF8163704779
:1096700041637047C1637047C06B7047EFF3088068
:10968000704700BF406B7047C0E9001283607047AD
:1096900010B5054B054C1846A1684FF480720BF0CD
:1096A00019FCA06010BD00BF0024002000ED00E008
:1096B0002DE9F0471D4D2C6882B081460F4690463B
:1096C0006CB11B4E494620460022FEF73BF930683C
:1096D0004246394602B0BDE8F04700F0ADBA2C2052
:1096E0000BF0C1FB124E824600F074FA3820C6F827
:1096F00000A00BF0B8FB4FF0130C0E4BCDF800C0E0
:10970000824632680C49FDF73BFF22465046012154
:10971000C5F800A0FEF722F821462868FEF718F8E1
:1097200004492868FDF7E8FE2C68CBE7F03C0020F0
:10973000EC3C00200050434900200240F0B40E4FA2
:109740000E4E3C680523012505FA03F2224203EB85
:10975000430103F1FF3303D156F82110814205D0B4
:109760005A1CF1D100210846F0BC704722433A60F0
:109770000846F0BC704700BFF43C00204C7E04005B
:10978000F0B40F4FDFF83CC03C686246052301256A
:1097900005FA03F1214202D1566C304207D1013B58
:1097A000591CA2F10C02F3D10020F0BC704703EB6E
:1097B000430321435CF823003960F0BC704700BFCD
:1097C000F43C00204C7E0400144B98421ED003F55C
:1097D000E04398421CD0A3F5343398421AD003F5E5
:1097E0000433984218D0B0F1402F06D0A3F50033CF
:1097F000984208BF002001D070470120084901228B
:109800000B68824023EA02030B6070470520F5E7EE
:109810000420F3E70320F1E70220EFE70080024095
:10982000F43C002008B5174B984218D0B0F1402FF7
:109830001ED003F5003398421CD0A3F504339842A0
:109840001AD003F53433984218D0A3F5E043984278
:1098500016D05A20E7F7F2FF4FF0FF3008BD002383
:10986000094A03EB430302EB830393F9040008BDA9
:109870000123F5E70223F3E70323F1E70423EFE7EE
:109880000523EDE7003000404C7E040038B5184B4E
:1098900098420D46144620D0B0F1402F1FD003F55A
:1098A000003398421DD0A3F5043398421BD003F532
:1098B0003433984219D0A3F5E043984208BF0523FA
:1098C00004D05A20E7F7BAFF4FF0FF33094A0A489D
:1098D00042F8235040F8234038BD0023F6E7012327
:1098E000F4E70223F2E70323F0E70423EEE700BFE7
:1098F00000300040F83C0020103D0020024A034B9D
:1099000010681B68184700BF103D0020F83C00207D
:10991000024A034B50685B68184700BF103D0020A7
:10992000F83C0020024A034B90689B68184700BF30
:10993000103D0020F83C0020024A034BD068DB6851
:10994000184700BF103D0020F83C0020024A034B9E
:1099500010691B69184700BF103D0020F83C00202B
:10996000024A034B50695B69184700BF103D002055
:10997000F83C0020002815D0006041608260C36080
:10998000046145618661C761444604624C46446295
:10999000544684625C46C462644604636E46466311
:1099A00074468463002906D0C46B043C04392568DE
:1099B0000D60B442F9D1946BA646566BB546002BA8
:1099C00006D0D46B043C043B1D682560B442F9D139
:1099D000146BA446D46AA346946AA246546AA1466C
:1099E000146AA046D769966955691469D3685168A5
:1099F000106892687047006041608260C3600461D3
:109A000045618661C761444604624C4644625446DF
:109A100084625C46C462644604636E464663744670
:109A20008463C46B043C043925680D60B442F9D1E9
:109A3000C769866945690469704700604160826052
:109A4000C360046145618661C761444604624C4657
:109A50004462544684625C46C462644604636C4655
:109A600044637446846304697047846BA646446B00
:109A7000A546046BA446C46AA346846AA246446A07
:109A8000A146046AA046C769866945690469C36836
:109A900082680068416870470649074A074B9B1A6D
:109AA00003DD043BC858D050FBDC00F0DBF8FFF7C7
:109AB000BBFD000068870400402000200024002037
:109AC000FEE7FEE7FEE7FEE7FEE7FEE7FEE7FEE76E
:109AD000FEE7FEE741617047012070472DE9F84F2E
:109AE000CB684C6803F164060746A6424FF00102BA
:109AF00088462146B8BF2646FCF74EFAD7F80090B4
:109B0000B9F8024004344C4409F1040294425ED98D
:109B1000D8F810C04FF4004E634648F2050A2AE018
:109B2000D8F80C1001F132009842A3F1320101F093
:109B300007058B4621DB0029B8BFA3F12B0BD8F812
:109B4000080049424FEAEB0B01F0070158BF4D42B4
:109B500010F80B10C5F1070541FA05F515F0010FD6
:109B600048F20C0108BF5146118002320133944281
:109B7000C8F8103009D9312BD2DCA2F800E002324B
:109B800001339442C8F81030F5D8A4EB0904053C21
:109B90000CF1010C0CEB5404B44205DB98F81830BE
:109BA00073B93846BDE8F88FD8F8140003681B680D
:109BB0009847D8F81030B342F0DA3846BDE8F88F4D
:109BC00008F11C00F6F7A2FC3846BDE8F88FD8F87B
:109BD0001040E1E738B50546094B45F81C3B044603
:109BE000012100222846F6F74FFC00224FF4807333
:109BF000284662616360F6F751FC204638BD00BF1D
:109C00009C7E040038B5456975B1002A0CDD044618
:109C10002868A160D20000212376E26003682161F8
:109C200028469847237E03B938BD04F11C00BDE8DF
:109C30003840F6F733BC00BF0123FFF7E3BF00BF96
:109C4000BFF34F8F0549064BCA6802F4E062134325
:109C5000CB60BFF34F8F00BFFDE700BF00ED00E01A
:109C60000400FA0508B57F4B1A68511C28D07E4BBA
:109C70000D2A1B6800F09A807A4A12680D2A40D09B
:109C80007A4AD2F8883043F47003C2F88830BFF3C0
:109C90004F8FBFF36F8F4FF01023D3F80C22D207F2
:109CA00000F1BF80D3F80022002AC0F29480D3F8DC
:109CB0000432002BC0F28F806D4B6E4A1A6008BDD3
:109CC0006D4A6E4B12781B680D2AC3F3031310D133
:109CD000012B6DD9684A694B12781B680D2AC3F3B2
:109CE000031306D1012B19D95E4B1A68501C40F0A2
:109CF000B680614A614B12781B680D2AC3F30313C7
:109D0000BED1012BBCD84FF08043D3F80024D1073B
:109D100044BF6FF00102C3F80024B1E74FF0805256
:109D2000574BD2F80414C3F82015D2F80814C3F81E
:109D30002415D2F80C14C3F82815D2F81014C3F85F
:109D40002C15D2F81414C3F83015D2F81814C3F82F
:109D50003415D2F81C14C3F84015D2F82014C3F8F7
:109D60004415D2F82414C3F84815D2F82814C3F8BF
:109D70004C15D2F82C14C3F85015D2F83014C3F88F
:109D80005415D2F83414C3F86015D2F83814C3F857
:109D90006415D2F83C14C3F86815D2F84014C3F81F
:109DA0006C15D2F84424C3F870259DE7012B0CD81C
:109DB0002C4A4FF0804312680021C3F80C11C3F8FD
:109DC0001011C3F83815531C84D0274B0D2A1B687B
:109DD0007FF452AF86E72B4A0123C2F80435D2F84C
:109DE0000034002BFBD04FF010231221254AC3F87A
:109DF0000012D2F80034002BFBD04FF010231221B8
:109E0000204AC3F80412D2F80034002BFBD0002300
:109E10001C49C2F80435D1F80034002BFBD0FFF701
:109E20000FFF184B0122C3F80425D3F80024002AA1
:109E3000FBD04FF01021134BD1F80C2222F001027D
:109E4000C1F80C22D3F80024002AFBD000210D4ACF
:109E5000C3F80415D2F80034002BFBD0DFE704333D
:109E60001B680BE7300100103401001000ED00E02A
:109E7000D42000200090D003E00F00F0E80F00F0A5
:109E800000C0004000E00140D0E90223D1E9020116
:109E9000994208BF90422CBF01200020704700BFAC
:109EA0002DE930480C4800F0CFFA0C4B0C49D3E9AF
:109EB0000023D1E9004512EB000B43F1000CAC4547
:109EC00008BFA3455846614603D21BF180704CF190
:109ED0000001BDE8308800BFD8200020F038002005
:109EE000F838002030B583B005460C460B4801A970
:109EF00000F07CFB70B10570446001A9074800F0D8
:109F00007FFB08B903B030BD054800F0A1FA00207E
:109F100003B030BD042003B030BD00BF843D00203D
:109F2000D82000201B4B1B782DE9304823B118B1F5
:109F3000037F03F0FF041BB900242046BDE83088EE
:109F40000546FFF7ADFFD5E90223994208BF9042CD
:109F50001BD32B69BBB1D5E9053098472969002986
:109F6000EAD02B7F03F0FF04002BE5D0D5E90223D4
:109F700012EB010B43F1000CC5E902BC294606486F
:109F800000F0EEFBD9E72B77E5E72946024800F021
:109F9000E7FBD2E702440020C07E04002DE9F04F29
:109FA00083B0834600F024FA40B15B49D1E9002335
:109FB00012F1807443F10005C1E9004500215846C3
:109FC00000F030FA554C30B1236823B12068FFF718
:109FD000A9FF002323600121584600F023FA20B195
:109FE000FFF75EFF4E4BC3E9000101A94D4800F0A9
:109FF00017FB08B34C4E4D4F4A4D0378012B6CD0E4
:10A0000073D3022B0ED130464FF0000800F0BCFB9A
:10A0100030B180F81C80304600F0B6FB0028F8D143
:10A0200001233B7001A9284600F004FB01A9284642
:10A0300000F0F6FA0028E0D1DFF8EC80DFF8F090CD
:10A04000DFF8F0A003E00D2838D00023236040465D
:10A0500000F0A0FB2368002858D05BB12368D0E94A
:10A060000201D3E90223994208BF90421FD223681C
:10A070001B7F3BBB404600F087FBD0E902670546EB
:10A08000FFF70EFF361A67EB0107012E77F1000389
:10A0900010DB56451BD8AA684FF4960300214846AA
:10A0A00000F026F90028CED1236843B3256003B021
:10A0B000BDE8F08F0021484600F0AAF92846FFF7D6
:10A0C00031FFC2E72168404600F04AFBD2E748462C
:10A0D00000F0BAF900EB0A02DEE741682368994212
:10A0E00011D0304600F05AFB9CE741680B7F002BF3
:10A0F00098D101230B77304600F032FB92E75846A7
:10A1000000F0CCF8D2E7002323608BE7002BCED100
:10A11000584600F0C7F8CAE7F0380020943D002008
:10A12000F8380020843D0020C07E04000244002056
:10A13000D8200020FFFFB40010B5134B13491B6853
:10A14000134882B058220193082300F015FA044600
:10A1500010B1204602B010BD0E4A0F4801A900F010
:10A160005BF804460028F4D101210B4800F038F9CF
:10A1700001231946094A084800F098F8084B0122C3
:10A1800020461A7002B010BDBC7E04002C3D002099
:10A19000843D00209D9F0300D8200020FFFF7F000A
:10A1A000024400204AB1A1F101010368B1FA81F132
:10A1B0004909C3E90412002070470720704700BF17
:10A1C000037F0BB1002070472DE9304882610446BF
:10A1D0000D46FFF765FE236910EB050B41F1000CFE
:10A1E000C4E902BC03B1256121460020BDE8304826
:10A1F000FFF778BE0023014603770120FFF772BE08
:10A20000014800F04FB800BFD8200020014800F0FE
:10A2100045B800BFD8200020F0B444791C4D1D4F34
:10A22000E600AB1947F824201B7973BB03680A8842
:10A23000C3F808258A7890F904305201002BD1B276
:10A24000DFB21CDB5A09920002F1604203F1604365
:10A2500002F5614207F01F074FF0010C03F561435F
:10A260000CFA07F783F80013C2F880711760AB1976
:10A27000012245F834001A710020F0BC7047064BEB
:10A2800007F00F073B441976F1E70820F0BC704750
:10A29000983D0020A03D0020FCEC00E00368012276
:10A2A0001A607047036801225A60704770B48C00CE
:10A2B00004F5A0740068A4B24FF480358D400026E8
:10A2C000C0F80853C0F84853065183B004590194AC
:10A2D00001F5A87122F07F42019C40F82120C0F8CE
:10A2E00044530BB1C0F8045303B070BC704700BFB7
:10A2F0002DE9F04F04684FEA81084FF480358D4016
:10A3000004EB080C08F5A076C4F84853B6B2C4F8BC
:10A31000085381460F464FF0000AD4F80415DCF8C4
:10A320004005CCF8401544F806A085B0401A20F04E
:10A330007F40A159029101289B4622F07F42029B57
:10A340000ED1264B019243F001034FF480609847F1
:10A35000D9F80040019A44F806A0A3590393039B3F
:10A36000D4F80465C4F84453931B23F07F43012BB6
:10A3700018D107F5A877194B013244F8272043F08C
:10A3800001034FF480609847D9F80040D4F80435B1
:10A390009E421FD10020C4F84453C4F8045305B0B2
:10A3A000BDE8F08FA044531EC8F84025D4F804152A
:10A3B000CBF1FF1B5B1A0BF57F4B23F07F439B45D3
:10A3C00008D3002BE6D10132C8F84025D4F8043573
:10A3D0009942DFD00D2005B0BDE8F08F5057040042
:10A3E00003680222C3F8442309B1C3F80423704769
:10A3F0000368D3F8040150B1002282B0C3F80421ED
:10A40000D3F804310193019B012002B070477047DB
:10A4100002684FF4803303FA01F1C2F84813C2F81E
:10A4200008137047890001F5A07189B20368585874
:10A4300040B100225A5082B05B580193019B012029
:10A4400002B07047704700BF0368D3F80405704737
:10A4500090F90430002B09DB5A09403203F01F0346
:10A460000121034801FA03F340F82230704700BF8E
:10A4700000E100E0024A034B10681B68184700BF68
:10A48000983D0020A03D0020BAB11268D243C1B16E
:10A4900030B401440C4C4D1E013810F8013F082126
:10A4A00053405A08DB0748BF624001391346F8D1D0
:10A4B0008542F2D1D04330BC70474FF0FF320029C3
:10A4C000E6D1D043704700BF2083B8ED10B483B00D
:10A4D00050E8013F9CB2B0F80EC06444B0F80CC024
:10A4E000644528BFA4EB0C04B0F808C0644502BF63
:10A4F000BFF32F8F002208E0C4EA030440E8014CB8
:10A50000BCF1000FE4D14FF001028DF8032001935C
:10A51000019B9DF803000B6003B05DF8044B70478E
:10A5200010B483B050E8023F1FFAA3F4B0F806C09D
:10A53000644502BFBFF32F8F002211E0B0F80EC0B8
:10A540006444B0F80CC0644528BFA4EB0C04C3EA13
:10A55000044440E8024CBCF1000FE3D14FF001028B
:10A560008DF803200193019B9DF803000B6003B05D
:10A570005DF8044B704700BF99B110B4B2FBF3F41F
:10A5800003FB1424A4B244B9C0E90014846082819E
:10A59000C38120465DF8044B704709205DF8044BE9
:10A5A00070470E20704700BF82B050E8022FC1886C
:10A5B000B2EB324F4FF0000317BF92B241EA0141B4
:10A5C00042EA014104E04268B2EB324F08BF012386
:10A5D00040E80212002AE8D18DF807309DF80730D4
:10A5E000002B0CBF1120002002B0704738B5044684
:10A5F000FFF76CFF10B10B882068184438BD00BF0E
:10A600000A884B889A4201D00020704750E8012FF9
:10A61000C2EA024240E80123002BF7D10120704733
:10A6200038B50446FFF77CFF10B14B88206818440A
:10A6300038BD00BF0A884B889A4201D0002070477D
:10A6400050E8022FC2EA224240E80223002BF7D151
:10A650000120704733DF7047064A074B10B50024CE
:10A6600014701C60BFF35F8F0449054800F062F866
:10A67000204610BD04440020AC3D0020CC7E0400E8
:10A68000A43D00202DE9F041244E0546012130462D
:10A6900004F0FCFFBFF35F8FD8B9042D2BD0204B03
:10A6A0001A789AB91F4C012225701A701E4F7B68C8
:10A6B0008BB1B84605E0404600F046F87B6853B1E0
:10A6C00025781B68284698470028F4D1BFF35F8F90
:10A6D0003060BDE8F0812378023B012B0ED903F0F6
:10A6E000FBF9C0B94FF080430122C3F80025BFF346
:10A6F0004F8F20BFFDE70B4C2578D7E7BFF34F8F77
:10A700000A490B4BCA6802F4E0621343CB60BFF303
:10A710004F8F00BFFDE7FFF79DFFE3E7AC3D002053
:10A720000444002003440020A43D002000ED00E08C
:10A730000400FA05D1E900329342C0E9001304BFD6
:10A7400000234360704700BF436843B10268D2E909
:10A7500001210B449342436004BF002343607047D0
:10A7600070B54468064620680D4618B908E02468AC
:10A77000206828B1B368294698470028F7D1206897
:10A780002860256070BD00BF4368186808B1026882
:10A790001A60704743681868704700BF40680368D4
:10A7A00073B18B4203D107E0814204D0034618689D
:10A7B0000028F9D1704718460B68036001207047E4
:10A7C000184670476DDF704779DF70477DDF70474F
:10A7D00064DF70472DE9F04F83B004880C9EBDF80C
:10A7E0003490B6F800A0002C39D0984600231746C4
:10A7F0008B4605461C4603E02A880134A24224DD2C
:10A800006A6852F82400019000220DF1030101A8AA
:10A81000FFF7DEFF20BB9DF80320BA42ECD132885F
:10A82000D11903B349452BDC42440DF1030101A8C2
:10A830000123FFF7CDFF98B931889DF803200A4422
:10A8400032802A880134A242DADC43B13388013BEA
:10A85000A3EB0A039BB2FF2B12D808F80A300020A2
:10A8600003B0BDE8F08F02310132894592B207DBB7
:10A87000328008F802B03288013292B23280D3E7D7
:10A880000C2003B0BDE8F08F2DE9F04182B01746EF
:10A89000089CBDF824500094019502220646984673
:10A8A000FFF798FF10B102B0BDE8F081434639468A
:10A8B00030461022CDE9084502B0BDE8F041FFF76F
:10A8C00089BF00BF2DE9F04790F82D301788144656
:10A8D000002286B005460E462280002B40F0FC8008
:10A8E000AB78002B40F0FE80EA78A2B12388D91C17
:10A8F000B94200F2F3800221F154238801339BB264
:10A9000001212380F15423880B449BB22380F2540D
:10A9100023880B4423806B68B3B12288D11CB942D1
:10A9200000F2DC80022093F90010B0542388013338
:10A930009BB20A222380F254238801339BB22380E6
:10A94000F1542388013323802B89002B40F01B8195
:10A950002B8A002B40F024812B8B002B40F02D8183
:10A960002B6A002B44D02288911DB94200F2B68098
:10A970001988052940F203816FF4486801EB08004B
:10A9800080B24FF27D3C604540F2F980588805283E
:10A9900040F2F5806FF4486E86441FFA8EFEE6455D
:10A9A00040F2ED804FF6FF7C614504D0604502D057
:10A9B000814200F2E4800521B1542288013292B232
:10A9C00012212280B1542288013292B22280198849
:10A9D000B1543244090A51702288023292B2228064
:10A9E0005B88B35432441B0A53702388023323809C
:10A9F0006B6A002B2FD09988B4F800C0881C0CF12A
:10AA000002020244BA4269D8FE2867D8033106F828
:10AA10000C102288013292B2FF212280B154228888
:10AA2000013292B222801988B1543244090A51701D
:10AA30002088023080B220809A8862B1996803939E
:10AA4000002900F09C8030440AF044FA039B9A8865
:10AA500023881344238095F82C30002B40F08A8003
:10AA6000287800283BD02B88012B00F08880228892
:10AA700002F1020CBC4531D8012804D16B780233B5
:10AA800013449F422AD3BB1E9B1A06A99BB221F8EE
:10AA9000083D06EB0C00FFF799FE00BB2978BDF8D6
:10AAA0001020022900F0E18068789042C0F0D88040
:10AAB0009342C0F0D5800921FE2A0FD82388501C6C
:10AAC000F054238801339BB22380F154238801334F
:10AAD0001A442280002002E0082F23D80C2006B060
:10AAE000BDE8F08723880433BB42F7D804A8FFF7FA
:10AAF0006BFE0028F3D12388BDF810200321F15408
:10AB0000238801339BB219212380F1542388013318
:10AB10009BB2F1182380F254120A4A702388023340
:10AB20002380E1E604A8FFF74DFE0028D7D1238853
:10AB30009DF810200821F154238801339BB21B217A
:10AB40002380F154238806A901339BB251F8070DE5
:10AB50002380F050334489889980238806339BB240
:10AB600012F0FE0218BF01222380F2542388013321
:10AB70002380B5E6D5F82880B8F1000F2AD1072048
:10AB800006B0BDE8F087CDE9004733460622022132
:10AB900005F10800FFF778FE00283FF4D9AE9EE7E4
:10ABA000CDE9004733460722032105F11000FFF7E6
:10ABB0006BFE00283FF4D0AE91E7CDE90047334665
:10ABC0001522142105F11800FFF75EFE00283FF45E
:10ABD000C7AE84E7B8F804300233FE2B3FF67EAFF1
:10ABE0004FF000094FF0160A22880133B35423882E
:10ABF00001339BB2238006F803A0238801339BB264
:10AC00002380B8F80020F2543344120A5A70208886
:10AC1000023080B22080B8F8043030441A465BB16C
:10AC2000D8F808301946002BA9D00AF053F9B8F823
:10AC3000042023881344238009F1010995F82C305E
:10AC40005FFA89F94B4509EB49087FF609AFAB6A12
:10AC500003EB8808B8F804300233FE2BC4D93DE773
:10AC6000012906D01A46082126E79342BFF423AFF4
:10AC7000F8E78342F6D3024608211DE775DF7047E7
:10AC800076DF70477ADF70477BDF704730B51D4B4A
:10AC90001A8884B2A24283B001D003B030BD1A4DED
:10ACA000187A297B88420FD32A7C00211972E2B9D5
:10ACB0006B69002BF1D00022ADF806408DF804201E
:10ACC00001A8984703B030BD104603F10A01FFF711
:10ACD000D5FF28B11128E0D0AB69002BF1D1DCE71A
:10ACE0001A7A01321A7203B030BD3B212046FFF7B9
:10ACF000C7FF30F00803DBD0AB69002BD8D09847F2
:10AD0000D6E700BFCC3D0020B03D002070B54B7AA7
:10AD100082B002467BB90F4C0E7A4868D4E90153E1
:10AD2000002E0CBF29461946FFF74AFA08B1A3695D
:10AD30006BB902B070BD074B5B6900200872002B35
:10AD4000F7D00121ADF806208DF8041001A898472E
:10AD500002B070BDB03D00208388B3F5FA7F28BFF4
:10AD60006FF4F97230B428BF9D1804884A8838BF40
:10AD7000002594420DD8408890420AD38888A84282
:10AD800007D303F2F313834234BF0020012030BC09
:10AD90007047002030BC70470288112A70B5034606
:10ADA0002FD01BD9122A07D0502A04D13A4CC1887F
:10ADB000E289914236D070BD384C82882588954210
:10ADC000F9D100F1080104F10A00FFF7C5FF607234
:10ADD00021462846BDE87040FFF798BF102AEAD107
:10ADE000C27B012AE7D12D4C21884FF6FF72914298
:10ADF0002FD0294B9B69002BDDD00420BDE870408B
:10AE00001847264C828823889A42D4D16068FFF77D
:10AE1000F1F918B1204B9B6903B198474FF6FF73C6
:10AE2000238070BD028A022AC5D11C4D82882E88DB
:10AE30009642C0D1123000F061FA30BB6868FFF76B
:10AE4000D9F90028B7D0A369002BB4D0BDE8704071
:10AE50001847134A8588258003CA04F10A02C4F8FA
:10AE60000E1003F110010023C4F80A0023721046EB
:10AE7000FFF772FF084B6072DB89002B9BD12146E4
:10AE80002846BDE87040FFF741BF29463046BDE87F
:10AE90007040FFF73BBF00BFB03D0020CC3D00201D
:10AEA000E03D002000282FD0F8B5054606460FCD1E
:10AEB000164F3C460FC4844695E80700144B3B6090
:10AEC00084E80700BCF1000F18D06046FFF7DAFEF7
:10AED00098B932681068516803C30E4B0E490F4A87
:10AEE00018464FF6FF7440F8041F1C800021FFF73E
:10AEF00059F9002814BF03200020F8BD1846FFF7B9
:10AF0000C3FE0028E9D0F8BD0E207047B03D0020F8
:10AF1000E03D0020CC3D0020003900208DAC030036
:10AF2000F0B583B00190A1B1019D7DB100240E4622
:10AF300017462546214601A804F064FB394610B1A6
:10AF4000A0B2B04701350134142CF3D1284603B028
:10AF5000F0BD0D46284603B0F0BD00BF01460148D4
:10AF600004F050BBEC3D002070B582B00646019164
:10AF7000019D6DB100242546214601A804F042FB45
:10AF800018B106EB450301359C800134142CF3D134
:10AF90003046356002B070BD2DE9F0470388B0F847
:10AFA0000480103B8CB007460A2B1BD8DFE803F067
:10AFB0002F281A1A1A1A1A1A1A1D0600047A384863
:10AFC0002409032C41464BD804F012FB032C49D032
:10AFD0004146344804F00CFB022C47D0414632482D
:10AFE00004F006FB0CB0BDE8F087037A002BF9D122
:10AFF000437A2B481B0741464FD404F0F9FAF1E796
:10B0000041462A4804F0F4FA0CB0BDE8F087284E17
:10B01000B3680CA8DB4340F8303D716804F058FB7E
:10B02000009901A8FFF7A0FF019B83B10DF106096C
:10B030007C3609EB430A39F8025F1E4C204629464C
:10B04000043404F0D5FAA642F8D1D145F3D1B8F1D1
:10B05000130F12D9042003F0A5F90CB0BDE8F08756
:10B0600004F0ACFA41460F4804F0A8FA41460E48F5
:10B0700004F0A4FA0CB0BDE8F08741460B4804F098
:10B080009DFA41460B4804F099FAFB7B012BA9D0AD
:10B090004146094804F092FAA4E704F08FFAA1E7C8
:10B0A000003E0020FC3D0020F83D0020F03D002047
:10B0B000E83D0020EC3D0020F43D0020132801D99C
:10B0C00000207047FFF74ABF132801D900207047BE
:10B0D000FFF744BF132801D90020704710B504467C
:10B0E000FFF73CFF08B9002010BD2146034804F0DB
:10B0F00089FA002814BF0220012010BDF03D002075
:10B10000132801D90020704710B50446FFF726FF29
:10B1100008B9002010BD21460248BDE8104004F0E7
:10B1200071BA00BFF83D0020132801D900207047F4
:10B1300010B50446FFF712FF08B9002010BD2146E4
:10B140000248BDE8104004F05DBA00BFFC3D00209D
:10B15000132801D90020704710B50446FFF7FEFE02
:10B1600008B9002010BD21460248BDE8104004F097
:10B1700049BA00BF003E002070B50A4B82B002AE53
:10B180009B6846F8043D00252C462146304604F0D5
:10B1900039FA013400B10135142CF6D1284602B039
:10B1A00070BD00BFE83D002070B50E4A82B0D36884
:10B1B00002A8DB4340F8083D02AE916804F088FA2B
:10B1C000009B46F8043D00252C462146304604F0FD
:10B1D00019FA013400B10135142CF6D1284602B019
:10B1E00070BD00BFE83D002010B5034B0446596810
:10B1F000FFF7BAFE204610BDE83D002010B5094912
:10B2000082B0CA6802ABD24343F8042D0446896871
:10B21000184604F05DFA20460199FFF7A5FE204686
:10B2200002B010BDE83D002008B51821024804F026
:10B23000F3F9C0B208BD00BFE83D002070B50C4C6A
:10B24000054620460E4604F0DDF908B1132D01D95C
:10B25000002070BD2846FFF781FE0028F8D0F01DC1
:10B2600004EB80002946BDE8704004F0CBB900BF74
:10B27000E83D0020F8B50E4C0546204617460E4620
:10B2800004F0C0F908B1132D00D9F8BD2846FFF726
:10B2900065FE0028F9D0F01D04EB800029461FB997
:10B2A000BDE8F84004F0A4B9BDE8F84004F086B960
:10B2B000E83D0020034B9B680A4601461846FFF70D
:10B2C0002FBE00BFE83D0020F8B50A4C05460E46EB
:10B2D00020462946174604F095F900B9F8BD063511
:10B2E00004EB85043A4660683146BDE8F840FFF754
:10B2F00017BE00BFE83D0020AADF7047007800F0CD
:10B30000010070470078C0F34000704770B58C783A
:10B3100090B01346002C40F0AF8001228DF80E2033
:10B320004A7C0C88ADF80C40013A00248DF80240AC
:10B33000ADF80040042A09D8DFE812F00500C60085
:10B34000CA00CE00C20011228DF800208C7C013C86
:10B35000042C09D8DFE814F00500C800CC00B000C8
:10B36000C40011228DF80120CD7B9DF802400A7C9B
:10B370000E7B65F3C3040D7D62F30414002D4A7B3C
:10B3800014BF0225012566F3000465F3420412F0A0
:10B39000300F4FF000058DF80240CDE90955CDE999
:10B3A0000B55CDE90D550F9569D10022CDE9062247
:10B3B0004D7B08928C688A7B8DF824508DF825206F
:10B3C00003AD8A88CDF814D00495ADF81C201CB1CB
:10B3D000CA880894ADF818208C69002C2FD000265C
:10B3E0008DF80660ADF804602688227BADF82C60ED
:10B3F0006688ADF82E6001AD66680A96013A0D9533
:10B40000042A28D8DFE802F02494848890001122CE
:10B410008DF80520A67A9DF80650E27A66F3C305FA
:10B4200062F30415A27B267A002A2C4666F30004F8
:10B4300014BF0222012262F342048DF80640CA6959
:10B4400002B10C9209A904AAFFF756FF10B070BD13
:10B4500011228DF80420627B013A042ADAD801A572
:10B4600055F822F00FB4030001B5030009B503003D
:10B47000F9B4030021B503008DF80E4050E7CA7CF3
:10B48000ADF80850013A8DF80A50042A07D8DFE8D1
:10B4900002F0035F5B57530011228DF809209DF8DD
:10B4A0000A2002AC0E94012464F3420211248DF8A8
:10B4B0000A208DF8084078E712228DF8012053E722
:10B4C00022228DF8002041E721228DF800203DE75F
:10B4D00031228DF8002039E712228DF8002035E75F
:10B4E00022228DF801203FE721228DF801203BE741
:10B4F00031228DF8012037E712228DF8052089E7E7
:10B5000021228DF8052085E731228DF8052081E77D
:10B5100031228DF804209EE712228DF804209AE74C
:10B5200022228DF8052075E722228DF8042092E76B
:10B5300021228DF804208EE722228DF80920AEE723
:10B5400012228DF80920AAE731228DF80920A6E7FA
:10B5500021228DF80920A2E790DF7047A5DF704710
:10B56000B5DF704710B5002384B004466A4618461C
:10B5700002A9ADF80840ADF80A4003930093ADF876
:10B580000430FFF7E9FF04B010BD00BF08B90E207A
:10B59000704730B403464FF017151B2400201722C4
:10B5A00019611D6041F61B311C71DA801A81987295
:10B5B000D872998130BC70478388C3B930B502888E
:10B5C000232A83B00C4613D036D93A2A18D0552AEC
:10B5D0003FD0242A5ED0A37A3BB1E1880020FFF758
:10B5E000BDFF10B90123A072E37203B030BD7047F4
:10B5F000007A0B7B984228BF1846FFF7B3FFEAE7B3
:10B600004289C98825698A4228BF0A46172A38BF55
:10B610001722228165B1E17A51B140F67721ADF868
:10B620000010ADF80230ADF8042069462046A84766
:10B630000023E372A372D8E7102A3FD0112ACAD19F
:10B64000172241F61B31A372E372E2802281A181AD
:10B65000CBE7C288C988A372172A38BF17228A424B
:10B6600028BF0A4618462281FFF77AFFE37A002BAB
:10B67000B1D12269002AAED02189ADF8023040F65E
:10B680007720ADF80000ADF80410204669469047D9
:10B69000A37AA1E70A69017A6173002A9BD04DF66B
:10B6A0007A20ADF80430ADF802308DF80410ADF812
:10B6B0000000694620469047A37A8DE7C37B08794E
:10B6C0000873012B0CBF2188C988238908BFE1803A
:10B6D0008B4204D3637B8342BFF47DAF8DE70020B0
:10B6E000FFF73CFF18B90123E372207BF2E7112832
:10B6F00009BF0123207B207BA372EBE72DE9F041FA
:10B70000DFF8988000238AB04FF6FF7088F8003089
:10B71000CDE9003300F0E8FC4FF6FF76B0421FD0D1
:10B72000044648F2096707E000F070FC204600F08C
:10B73000DBFCB042044613D0A4F58045ADB22846E8
:10B740006A4602A903F088FEB8422046ECD028469B
:10B7500003F0F2FD48F207629042034603D043B97A
:10B760000AB0BDE8F081012388F800300AB0BDE8D6
:10B77000F08100220721079305A84FF6FF73CDE95A
:10B780000522CDE90822ADF818408DF81410ADF867
:10B79000163000F065FA0AB0BDE8F08105440020DB
:10B7A00010B58389047886B003F5804300229BB2EC
:10B7B000611ECDE90122CDE90322ADF808300592E2
:10B7C000042913D8DFE801F032323219030043684C
:10B7D000002B55D113238DF804304FF6FF7301A8C9
:10B7E000ADF80830ADF8063000F03AFA2D4C237869
:10B7F0000BB1FFF783FF06B010BD43F6FE72934214
:10B80000F4D8C289002AF1D14268002A42D00B2321
:10B8100003928DF80430234C01224FF6FF7301A8E8
:10B820002270ADF8063000F01BFAE0E743F6FE7236
:10B830009342C1891ED8D0E90132A4F10304B4FABD
:10B8400084F464098DF80C108DF80D400492E3B96E
:10B850009DF81430082243F001038DF814308DF860
:10B8600004204FF6FF7301A8ADF806300D4C00F030
:10B87000F7F9BCE701F580439BB29342DBD9B5E70A
:10B88000142203938DF80420A7E7092205938DF86D
:10B890000420E6E718460A238DF8043000F0B6FBD2
:10B8A000B9E700BF0544002010B5A1F5804182B082
:10B8B000A0F58040002489B26B4680B2CDE90044F7
:10B8C00003F08EFDA04214BF0520204602B010BD3B
:10B8D00030B5184889B003F063FB30BB03F078FB48
:10B8E0000546F0B900F072FBCDE903550DE005A85F
:10B8F00003F0C2FC019B9C8804F58044A4B205A817
:10B9000003F0E4FC204600F069FB05A903AA4CF211
:10B91000070003F081FD01A90028E8D0284609B0FE
:10B9200030BD8625284609B030BD0325284609B01C
:10B9300030BD00BFA1B70300F0B5FF2887B004D821
:10B94000012906D00C1F052C03D90725284607B06E
:10B95000F0BD164603AA1F460C46FFF7A5FFE0B947
:10B9600001A903A803F088FC0546B0B9019BB47097
:10B970005B8833800299A7B13A6870689C00A24244
:10B9800028BF2246164609F0A5FAB4420BD803A8F0
:10B9900003F09CFC284607B0F0BD0525284607B0FB
:10B9A000F0BD7160F3E70C25F8E700BF024B002201
:10B9B000C3E90022704700BF643E0020012804D084
:10B9C000031F052B01D90120704770B5044686B0CE
:10B9D000A0F5804016460D4680B203A90D4A03F03B
:10B9E0001BFD10B1002006B070BD01A903A803F033
:10B9F00043FC0028F6D1DDE901219388528832808A
:10BA000003F58043B470716003A82B8003F05EFCE3
:10BA10000120E8E7643E0020F0B5FF2887B005D894
:10BA20008C78012C06D0231F052B03D90724204630
:10BA300007B0F0BD0B46A4F5804621465C681B8824
:10BA4000ADF80260A0F58047154603AAADF8007076
:10BA5000CDE90143FFF728FF052813D0694603A865
:10BA600003F062FC044648F206639C421AD00FD9E8
:10BA700048F207639C4203D048F20D639C420FD109
:10BA80001124D4E7694603A803F04AFC0446EAE718
:10BA900034B9002DCBD0294603A803F0FDFCC6E73E
:10BAA0000324C4E78624C2E74FF6FF7000F096BA7D
:10BAB000FF2806D808B500F097FAFFF71FFE002010
:10BAC00008BD0720704700BF00F0B4BA00F0BCBA50
:10BAD00000F0E2BA00F008BB00F00CBB70B41D4EE1
:10BAE0000546002202EB4203980036F82330AB42B1
:10BAF00005D00132042AF5D1002070BC70473044D3
:10BB000083788B421ED0531C042BF5D05800C418E8
:10BB100036F82440AC420ED002EB420206EB820221
:10BB200002E09489AC4205D00133042B02F10C02EF
:10BB3000F7D1E1E75800184406EB80001A468378F5
:10BB40008B42E0D1837A9B07DDD14368002BDAD1A9
:10BB500070BC7047BC3F002070B5037A05465BB1EE
:10BB60000D4E0024697A2144C9B2304601F060F8D4
:10BB70002B7A0134A342F5D8AB7A002203F0FD03FF
:10BB8000FF204FF6FF716FF3000368722A72AB72E9
:10BB90002980A9706A6070BDAC3F002010B582B0EA
:10BBA0008278417A044600232B48CDE900338DF892
:10BBB000022001F023F8002839D0237AA1780190DF
:10BBC00003EB83039B004A1EADF800308DF8021092
:10BBD000072A08D8DFE802F01E070707071E042E11
:10BBE0001423ADF800306946221D2088FFF714FFAA
:10BBF00007280DD012D9112822D0862817D1A37A70
:10BC0000164A03F0FD0343F001030121A3721170F2
:10BC100002B010BD0123ADF80030E4E738B9A37AD3
:10BC200060F3410360F30003A37202B010BD032070
:10BC300002B010BD838809339B08ADF80030D2E70D
:10BC4000A37A064A43F002036FF3000301210020A8
:10BC5000A372117002B010BDAC3F0020064400205A
:10BC60002DE9F047444EC168044686B03746334656
:10BC700000205A68914203F10C0375D0013004286A
:10BC8000F7D100202378092B19D0132B69D0082B6A
:10BC90005FD04FF00008204600F0EEFA204601F099
:10BCA0008DFDDFF8D890204604F050FB204604F0CC
:10BCB0001DF999F800307BB906B0BDE8F087637ACA
:10BCC000002BE6D1002854D0827ADFF8B090436090
:10BCD00042F0020298468272002489F800404FF038
:10BCE000010A63001A1907EB8202927A91072DD498
:10BCF000D20727D589F800A0B8F1000F22D023443D
:10BD00009D007019FFF74AFFE0B17B5BADF808308A
:10BD100086284FF6FF73ADF8063016BF0390062352
:10BD2000072301A88DF8043000F0A6FA01A801F05D
:10BD300045FD01A804F00AFB01A804F0D7F806B0FD
:10BD4000BDE8F0870134042CCBD1B5E789F800A019
:10BD5000D5E7657A002D9CD158B1FFF7FDFEA846C6
:10BD600099E74FF0010896E700EB400007EB8000F1
:10BD700088E780468FE700BFBC3F002006440020D4
:10BD8000F0B5174E002183B033460D464FF6FF74D1
:10BD9000FF2701EB410206EB82021C809C705F7260
:10BDA000907A013100F0FD006FF3000004299072D9
:10BDB00003F10C0303F8045C43F8085CE9D1502359
:10BDC000CDE900134FF4A072064B0749074800F075
:10BDD000C7FE002814BF0320002003B0F0BD00BF41
:10BDE000BC3F0020EC3F00206C3E0020AC3F002018
:10BDF000F8B51E4F0646002505EB45039A0037F8B7
:10BE00002330B34205F101040AD0042C2546F3D1B6
:10BE10003046FFF74DFE10B1072818BF0320F8BDCC
:10BE20003A4491783046FFF759FE08B1FFF794FE87
:10BE3000042C2346ECD06200111937F82110B142CE
:10BE40000ED005EB450507EB850202E09189B14272
:10BE500005D00133042B02F10C02F7D1D8E75A00C8
:10BE60001A441D4607EB82025C1CDAE7BC3F002047
:10BE70000023FFF761BD00BF83B32DE9F041CD1F63
:10BE8000012D0C4625D8551E032D22D807461E46E7
:10BE90001546FFF723FE804688B3037AAB421BD1D9
:10BEA00098F80910FF291FD0002788F80850254866
:10BEB00000F0A4FE68B305EB85031B019BB29B0851
:10BEC0003380B47070600FB1082C09D00020BDE839
:10BED000F0810720BDE8F0810F20FBE70E207047BE
:10BEE0009B00063B8380F1E72946164800F04EFE92
:10BEF000FF28014688F809000FD00127D5E7FF2168
:10BF00004FF6FF70FFF7EAFD804620B1078084708E
:10BF1000C6E70320DEE71120DCE798F80A3088F84E
:10BF2000020003F0FD0300226FF300034FF6FF71E0
:10BF300088F80A30A8F8001088F80820C8F804200B
:10BF40001120C7E7AC3F002008B5FFF7C7FD18B1C7
:10BF5000FFF702FE002008BD052008BDCB1F012B06
:10BF600001D90720704770B50646104615460C46A5
:10BF7000FFF7AAFD50B130462146FFF7AFFD38B1BB
:10BF800005808470BDE87040FFF708BE072070BDD3
:10BF9000052070BD4FF6FF73984210B509D0FF28F9
:10BFA00004460FD80846214603F012FB50B920463C
:10BFB00010BD08464FF4807103F02EFB80B2B0F53F
:10BFC000807FF5D14FF6FF7010BD00BF40220021E9
:10BFD000014808F0A3BF00BFF03F00200149FFF770
:10BFE000D9BF00BFF03F00204FF6FF72904209D04A
:10BFF00010B505490446FFF7CDFF201AB0FA80F0CE
:10C00000400910BD0020704710400020FF2800D9D3
:10C01000704710B501460446044803F0E9FA21468A
:10C020000348BDE8104003F0E3BA00BFF03F002032
:10C0300010400020FF2801D9002070470146014828
:10C0400003F0E0BAF03F0020FF2801D9002070473C
:10C050000146014803F0D6BA1040002038B54FF62B
:10C06000FF7398420D4615D0013084B2FF2C04D9DD
:10C070000CE09CB2B4F5807F08D02146284603F03E
:10C08000C1FA631C0028F4D0204638BD4FF6FF7477
:10C09000204638BD0024F0E7F8B51149FFF7DEFF70
:10C0A0004FF6FF75A84217D0FF28044612D80D4E50
:10C0B000A6F1200707E02046FFF7D0FFA84204467C
:10C0C0000AD0FF2C06D82146304603F09BFA3946A9
:10C0D0000028F0D12046F8BD4FF6FF742046F8BD89
:10C0E000F03F0020104000200149FFF7B7BF00BF1C
:10C0F0001040002070B50024064E254621463046EB
:10C1000003F080FA0134B4F5807F0544F6D1284667
:10C1100070BD00BFF03F0020074B1A7802B970478E
:10C1200010B5044604F0D8FC204601F0A3FB2046DD
:10C13000BDE8104003F0BCBF0844002010B5044621
:10C140002046FFF7C5FC0446FFF7C0FC0028F7D1E6
:10C15000204610BD10B582B0002401926A460094BA
:10C16000FFF7EAFB02B010BD2DE9F04F87B0834620
:10C170004FF6FF708A4601929946FFF7A9FC002509
:10C180000421CDE9031503AB04AA062102AE04463F
:10C1900002950596FFF7D0FB07283FD04FF6FF77B3
:10C1A000B8464FF0FF3660B1052814D12046FFF79E
:10C1B0008FFC03AB04AA06210446FFF7BDFB002851
:10C1C000F2D1029BAB4224BFA0461D46B3423CBF06
:10C1D0001E462746EAE74FF6FF739C421AD1A04558
:10C1E00020D0A7420CBF05200020BBF1000F01D0DA
:10C1F000ABF80080BAF1000F01D0CAF80050019BE3
:10C2000003B11F80B9F1000F05D0C9F8006007B075
:10C21000BDE8F08F032007B0BDE8F08F052007B020
:10C22000BDE8F08F0520E0E70F4B70B51C7814B91E
:10C230000E4B1C7070BD0E4D0E4E0023294630462D
:10C240001A46FFF791FF052805D0B0FA80F4074B96
:10C2500064091C7070BD00232B60044B4FF6FF7205
:10C2600032801C7070BD00BF084400200A440020CA
:10C2700030400020E64300202DE9F041054686B01D
:10C28000808804F0EBFA2B786880083B032B3BD8BE
:10C29000DFE803F0283D1702654A664E11783378CF
:10C2A000002940F08A804BB1634F002457F82430B6
:10C2B00028469847337801349C42F7DB06B0BDE846
:10C2C000F0815B4C2378002B37D15C4B1B78DBB1C2
:10C2D0005B4BAA881B889A4216D1564EFFF7A4FFE3
:10C2E0003378E0E76B7A2BBB56490A681AB1E868E5
:10C2F000824200F09480514B1B782BB1504BAA889E
:10C300001B889A4200F086804A4E3378CBE7494E2C
:10C310006A7A3378002AC6D14A4801680029C2D017
:10C32000EC68A142BFD1484C02602168EA60013943
:10C330002160B8E7012BE7D1DDE74FF6FF70FFF78B
:10C34000C7FB4FF6FF7398420646BED1FFF7C2FB0C
:10C35000B042BAD1374E327800230DF104080C21D7
:10C3600001932370C8E90133C8E90333ADF808002D
:10C37000ADF806008DF804109AB12F4F1C4657F8FF
:10C38000243028469847337801349C42F7DB43B188
:10C39000002457F8243040469847337801349C42B3
:10C3A000F7DB264B1B78002B88D0254AAB881288F8
:10C3B0009A4283D1FFF738FF80E70DF1040800248B
:10C3C0000D2101941470C8F80440C8E903444FF6E5
:10C3D000FF728DF80410A968ADF80820ADF80620AA
:10C3E0000391002B3FF46AAF134F57F824302846CF
:10C3F0009847337801349C42F7DB002B3FF45EAF63
:10C40000002457F8243040469847337801349C4242
:10C41000F7DB53E72B7A062B7FF476AF5DE7084A0C
:10C42000044EA8880B60EB60108033783BE700BFB8
:10C430000744002009440020344000200A44002022
:10C44000E6430020404000203040002078B1F8B59D
:10C45000074E337853B1074F0546002457F8243070
:10C4600028469847337801349C42F7DBF8BD704783
:10C470000944002034400020F8B5074E337853B10A
:10C48000064F0546002457F824302846984733784D
:10C4900001349C42F7DBF8BD094400203440002001
:10C4A000FFF7EABFFFF7E8BF38B5FFF711FAD0B9D9
:10C4B000FFF766FCB8B901F0A5F9A0B900F078FC67
:10C4C00088B903F079FD70B903F04CFF58B9074AF9
:10C4D000074C0849084B10604FF6FF750122258074
:10C4E00008701A7038BD032038BD00BF40400020DE
:10C4F000E64300200A440020084400200A4B1B7831
:10C500007BB10A4A1378022B09D810B4591C084C85
:10C51000117044F8230000205DF8044B704704209C
:10C5200070470820704700BF0844002009440020DD
:10C5300034400020034B1B780BB101F0B5B9082043
:10C54000704700BF0844002008B5054B1B782BB18D
:10C5500001F0CCF9082808BF112008BD082008BD4B
:10C560000844002009B101F0BFB97047024B1B78A5
:10C5700003B9704703F060BE08440020034B1B78EA
:10C580000BB104F003BA0820704700BF0844002034
:10C59000034B1B780BB104F08FB90820704700BF24
:10C5A00008440020034B1B780BB101F05BB8082056
:10C5B000704700BF08440020084B1B7843B151B1BD
:10C5C00010B50C4604F0D8F800232080184610BDA2
:10C5D0000823184670470E23184670470844002069
:10C5E000024B187800B97047FFF776BA084400206C
:10C5F0002DE9F04F614C94F8008089B0B8F1000F3C
:10C6000000F09F80894600294CD08246002849D0FE
:10C6100014460A680192002A00F09A80072B00F263
:10C6200097804FF6FF750027AC420F6000F09B80AB
:10C63000002203F0020117460492CDE90522079279
:10C64000009103F0010203F00401CDF80C80CDF855
:10C6500008A003F00305884692467DB1002306AA90
:10C66000072120460793FFF767F9052827D0D0B99F
:10C67000BAF1000F41D1009B002B6DD1B8F1000F32
:10C680005CD1029A22F81740019A7B1C9A421F46FD
:10C6900002D93A4B1B784BB9C9F80070002009B099
:10C6A000BDE8F08F0E2009B0BDE8F08F2046FFF7FF
:10C6B00045FD4FF6FF7398420446CED1ECE7BAF140
:10C6C000000F42D1009B002B49D1B8F1000FE0D000
:10C6D000DDF80CB0002304AA092120460593FFF7DA
:10C6E0002BF90528D5D00028DDD1059B1B68002B30
:10C6F000CFD0BBF1000FCCD1C3E78346079B5A7C58
:10C7000012F0FC0F009A13D0002ADED0DDF80CB036
:10C7100003F1100101E09942D7D013F8012F002A4C
:10C72000F9D0B8F1000FD5D1BBF1000FB1D1A8E716
:10C73000002AEDD1B8F1000FF6D0CBE74FF0000B97
:10C74000C8E7082009B0BDE8F08FDDF80CB0D5E7E8
:10C75000072009B0BDE8F08F079BD346D8E7079BB9
:10C76000DDF80CB0D4E720460093FFF7E7FCA842C1
:10C770000446009B7FF45CAF90E700BF08440020B4
:10C7800000B50B4B83B01B785022019243B159B1D5
:10C790000A4601AB0721FFF7DDFC03B05DF804FB9F
:10C7A000082003B05DF804FB0E2003B05DF804FB25
:10C7B00008440020034B1B780BB104F061B808203B
:10C7C000704700BF0844002010B4054C24781CB109
:10C7D0005DF8044BFFF7C8BC08205DF8044B7047B8
:10C7E00008440020354B1B78002B38D02DE9F04150
:10C7F000334B344D064693E8030088B02B7801ACE8
:10C8000084E8030013B3DFF8C880D8F8005015BBE4
:10C810002D4B2E4F1A883B68B24224D05A1C20D090
:10C820000133214630462A4A3B60FFF7F5F898B1BC
:10C830003B680022013B11283B60C8F800200AD069
:10C84000862809D0072818BF032005E0FFF7ECFC75
:10C850002B78002BD7D1112008B0BDE8F08108203B
:10C8600070471320F8E7002BDAD008233046194C24
:10C870000795CDE90355CDE905558DF80C3003F04A
:10C88000EDFF9DF81C302278ADF80E0065F3000333
:10C890000621ADF810608DF8155006958DF81C3006
:10C8A0008DF8141042B10C4E56F8253003A8984765
:10C8B000237801359D42F7DB0020CDE708440020B6
:10C8C000D87E04000A440020E643002030400020C7
:10C8D00040400020094400203440002076DF7047AB
:10C8E00010B5044682B059B901A9FFF75BFE43F2C7
:10C8F0000202904200D0B0B99DF804309B0710D4DA
:10C9000000212046FFF720FE58B1112809D00D283C
:10C9100010D00B2805D043F20202904201D001F062
:10C9200041FD02B010BD01F03DFD9DF804309B07B4
:10C93000F7D4E5E720461321FFF7D0FFF1E700BF6A
:10C94000017839B1072900D0704780680028FBD0F2
:10C9500001F028BD4088FFF7C3BF00BF2DE9F041BB
:10C96000037886B00446142B1BD8DFE803F00B1ABB
:10C970004C1A1A1A6A1A1D1A1D1A1A1A1A1A1A1A8F
:10C980001A235C008088FFF72DFF862868D01128C5
:10C9900066D0132803D8584BC340DB0701D401F0FD
:10C9A00001FD06B0BDE8F081544B01221A7006B0BB
:10C9B000BDE8F081524B534A1C68504B524F002542
:10C9C00004F1080815701D704FF6FF76624202F000
:10C9D000070204F0070358BF5342013437F813200D
:10C9E000B24201A80AD0029527F813600195CDE95B
:10C9F00003550595ADF80820FFF7B0FFA045E5D138
:10CA000006B0BDE8F081037A012BCAD800238288E2
:10CA1000059301A8CDE90133CDE90333ADF8082032
:10CA2000FFF79CFFBDE78368364948F20D6200209E
:10CA30009342087002D0B3F5064FB2D100F066F809
:10CA4000AFE7304C2378002BABD12C4D2B78E3B1E2
:10CA500002F09CFCB0B148F207629042A1D09EE780
:10CA60002749294A0B68A08822F8130001335A424B
:10CA700002F0070203F0070358BF53420B6000F0B7
:10CA800045F88EE7012323708BE701A802F00EFD25
:10CA900030BBBDF80A30002B14BF012300232B70DC
:10CAA000D6D1002301AA19461846FFF78DFE064687
:10CAB00028B1431F012B7FF674AF30466FE7BDF8F6
:10CAC0000400FFF777FE064608B101F06BFC012277
:10CAD000731F93422A707FF664AF002EB8D0ECE744
:10CAE00001F060FCBDF80A30002B14BF01230023C5
:10CAF0002B707FF456AFD4E7C10008002923002033
:10CB0000444000200B440020E020002000B587B006
:10CB10000023062201A8CDE90133CDE903330593B3
:10CB20008DF80420FFF71AFF07B05DF804FB00BF83
:10CB300042685AB1FF2938B50D4606D00446BFF306
:10CB40005F8F104602F05EFD08B938BD704760681F
:10CB5000BFF35F8F2946BDE8384002F049BD00BFF2
:10CB600070B4DDE9034570B169B163B105FB04F64A
:10CB7000964208D83CB135B1C0E90245C0E900137E
:10CB800070BC00207047072070BC7047F8B50028C3
:10CB900030D0036806466BB3406858B3B3684BB3F4
:10CBA00000250F46FF2429460EE0FF2C19BF2B1B42
:10CBB000013301232C469F421DD00135B368EDB2ED
:10CBC0009D42294616D2706802F002FDBFF35F8FC6
:10CBD0000028EAD0FF2C0BD0AC4209D233682146A2
:10CBE00030460BB1FFF7A4FF0134E4B2AC42F5D1FB
:10CBF000FF24E2E7FF242046F8BD00BFA8B1026889
:10CC00009AB142688AB1FF2938B50D460BD0044667
:10CC1000BFF35F8F104602F0F5FC20B1E368206897
:10CC200003FB050038BD002038BD0020704700BF61
:10CC300018B103680BB1FFF77BBF70477EDF704709
:10CC40007FDF704786DF704710B50446408803F0E9
:10CC500093FDA0802046BDE8104000F06FBD00BFEE
:10CC600000B587B0002304220193ADF806000DEB58
:10CC70000200CDE90233CDE904338DF80420FFF73B
:10CC8000E3FF07B05DF804FB30B50E4D87B000241C
:10CC900003948DF80C10ADF80E20297801942246EB
:10CCA00003250494ADF806008DF810300294059425
:10CCB0008DF80450FEF7DEFA01A8FFF7C5FF07B0B4
:10CCC00030BD00BF2B23002030B5134B0A1C87B0AA
:10CCD00018BF01220C4619780546FEF7CBFA0F4B18
:10CCE000A4F10102B2FA82F2197828465209FEF73D
:10CCF000C1FA0023012201A801930393ADF8065065
:10CD00008DF80C400293CDE904338DF80420FFF731
:10CD10009BFF07B030BD00BF2D2300202C23002037
:10CD2000F0B51D4B87B00D46197816460446FEF740
:10CD300085FA38B9014633462A462046FFF7A4FF54
:10CD400007B0F0BD154B20461978FEF777FA04F5C9
:10CD5000807300284FF0070198B214BF0127022703
:10CD6000FFF7F2F878B105280DD00023CDE90133A3
:10CD70000390CDE9043301A80723ADF806408DF8F0
:10CD80000430FFF761FF33462A4639462046FFF755
:10CD90007BFF07B0F0BD00BF2D2300202C23002017
:10CDA000024B0A781978FEF765BA00BF2A230020E3
:10CDB000F8B5184C2378182B28D0174D2B78182B42
:10CDC00020D0164E3378182B18D0154F3B78182BDF
:10CDD00010D02378182B0BD02B78182B08D0337851
:10CDE000182B05D03B78182B0CBF03200020F8BD72
:10CDF0000320F8BDFEF718FA3870EAE7FEF714FAD8
:10CE00003070E2E7FEF710FA2870DAE7FEF70CFA66
:10CE10002070D2E72B2300202D2300202C2300207C
:10CE20002A2300202DE9F0418AB00E461746054618
:10CE3000FEF74AF920220446002102A808F06EF805
:10CE4000012C10D054B1002E6AD1852102AB2846A6
:10CE50000022FFF7F5FE0AB0BDE8F08143F20200C0
:10CE60000AB0BDE8F081DFF8D080002298F8001009
:10CE70002846FEF7FFF9002E5AD0284603F07CFC26
:10CE80004FF6FF73984229D13378DA0758BF002153
:10CE900039D505F5807080B26B4601220721FEF777
:10CEA000EBFF1128D7D000283ED10146502201982F
:10CEB00008F034F801991F4A0B4601F1180C03F8E9
:10CEC000344B284605974F1C11310293CDE906C714
:10CED000099203F067FC48BB014617E098F8001080
:10CEE0002846FEF7ABF90028CED12846FFF7B8FE5A
:10CEF00098F800102846FEF7A1F90028C4D133782D
:10CF0000DB0715D485210B4B05970993012C9DD187
:10CF100002AB32462846FFF793FE0AB0BDE8F08127
:10CF2000284603F029FCAFE7032094E7082092E7A6
:10CF30008521EDE7484000202A23002038B50C4623
:10CF40000546FEF7C1F801280AD13CB12146284622
:10CF5000FFF774FE042808BF112038BD204638BDF5
:10CF600043F2020038BD00BF2DE9F0470388113BB2
:10CF700088B00446092B2ED8DFE803F0522D05684F
:10CF80002D2D2D2DA1308088FEF79EF8012811D17E
:10CF9000227AA588BA4B12F0010F08BF022602467A
:10CFA00018BF012628461978FEF764F9314628464D
:10CFB000FFF78AFE34F8041F0434002303A8052277
:10CFC0000594CDE90333CDE90633ADF80E108DF8A5
:10CFD0000C20FFF739FE08B0BDE8F087A94B808828
:10CFE0001978FEF72BF905460028F4D1A088FEF742
:10CFF00087F8002800F0DA80A14BA08819782A462B
:10D00000FEF738F9A388ADF80E3003A802238DF897
:10D0100014508DF815508DF80C30FFF715FEDAE737
:10D02000037A8588964A3D2B284641F23D031178C4
:10D0300014BF4FF488541C46FEF700F90028CAD0EC
:10D04000214628460022FFF76BFEC4E700F11006D8
:10D05000304603F0DFFB4FF6FF7398420546074664
:10D0600078D00146A08803F001FCA788844B38469D
:10D0700019780122FEF7FEF838460021FFF724FE5A
:10D08000284601AA0721FEF7F3FE002875D00025E7
:10D0900000231A462946A088FFF7D4FD08289AD015
:10D0A000002840F08B80A37EDB0794D5002D92D121
:10D0B000A0882B4641F20602FFF7E6FD8BE7704B96
:10D0C000057A1978868875B1427A304602F00304F1
:10D0D000FEF7B4F800283FF47EAF224629463046DA
:10D0E000FFF71EFE77E72A463046FEF7C3F8637A5D
:10D0F00013F004034CD006F58077BFB2384601AB7D
:10D1000001220721FEF7B8FE804600285CD003AF5D
:10D11000072338460395CDF814808DF80C30ADF810
:10D120000E600495CDE90655FFF78EFD637AA18860
:10D130008DF8155013F0040F0CBF022201220223B8
:10D140003846ADF80E108DF814208DF80C30FFF72E
:10D150007BFD40E7A08803F00FFBB4F80480484B48
:10D160000546197840460122FEF784F84046002122
:10D17000FFF7AAFDBD428AD082E7A37ED90786D5F4
:10D18000029D95F84430DA0740F1B98034357FE7E5
:10D19000A288ADF80E2003A802228DF815308DF874
:10D1A0000C208DF81420FFF74FFD14E701460123F2
:10D1B000A08841F20602FFF767FD0CE70590A18801
:10D1C000002303A80722FCE6304603F0D5FA4FF609
:10D1D000FF739842054681461DD0C14638462A460F
:10D1E0000721FEF7BBFE034600284FD1637AA288D1
:10D1F000ADF80E2013F0040F0CBF02210121022212
:10D20000012303A88DF814108DF80C208DF815302B
:10D21000FFF71AFDDFE60146029803F08DFA484554
:10D22000054682465FD0DFF860A00146304603F035
:10D230001DFB9AF800103046FEF700F881460028E2
:10D24000CBD13046FFF70CFD9AF800103046FDF7C1
:10D25000F5FF0028C2D1637AA1888DF8150013F07C
:10D26000040F0CBF02220122022303A8ADF80E1006
:10D270008DF814208DF80C30FFF7E6FCABE600BF0C
:10D280002B2300202D2300202A230020862803AFF3
:10D290003ED04FF00008384605930723CDE90388B8
:10D2A000CDE906888DF80C30ADF80E60FFF7CCFCA8
:10D2B000637AA1888DF8158013F0040F0CBF022249
:10D2C000012202233846ADF80E108DF814208DF897
:10D2D0000C30FFF7B9FCB9F1000F3FF47CAE2846E3
:10D2E00003F0CEFA77E6FEF7DFFB5045054632D075
:10D2F0002946304603F0BAFA4FF001096EE731468D
:10D3000005F1460003F06CFA00287FF43FAFBEE65B
:10D31000002338460622CDE90333CDE905330793D0
:10D320008DF80C20ADF80E60FFF78EFC637AA288B2
:10D33000ADF80E2013F0040F0CBF022101210222D0
:10D34000012338468DF814108DF80C208DF8153017
:10D35000FFF77AFC3FE603AF042307223846CDE906
:10D3600003880593ADF80E60CDE906888DF80C2092
:10D37000FFF76AFC637AA1888DF81580DAE600BFB2
:10D3800028B3027802F08203802B1ED0C2F302136E
:10D39000042B1AD802F0F203322B16D0437881788E
:10D3A0008B4212D8062B10D910290ED8C17810B490
:10D3B00011F0040405D10379580702D40B4319076F
:10D3C00006D500205DF8044B704700207047704779
:10D3D00003F00300D30703D5003018BF0120F1E7A5
:10D3E000B0FA80F04009EDE731F0080323D01129AD
:10D3F00021D070B58AB000230D29064615460C468B
:10D40000CDE90533CDE90733099315D003F0B4F91D
:10D410000723ADF81660ADF8180005AD8DF814308F
:10D420000FCD6E460FC62B68336068460294FFF737
:10D430000DF80AB070BD704703F09EF90323ADF8F4
:10D440001660ADF8180005AC8DF814300FCC6E46A0
:10D450000FC6236833607DB12B7813F0010F0CBF2A
:10D460000222012241F2011368468DF80820ADF82E
:10D470000A30FEF7EBFFDCE70222F3E72DE9F04389
:10D48000244B8FB00025CDE90A551B68099309ACE0
:10D490000746894694E807000DF1040888E807006C
:10D4A0003846C4E90355C4E90155099503F064F908
:10D4B0000523ADF82800ADF826708DF824300FCC88
:10D4C00004AE0FC62368336004A8CDF81890CDF8D9
:10D4D0001C80FEF7BBFF104B01991A683846FFF716
:10D4E000A1FC0E4BA0F11102B2FA82F204461978A7
:10D4F00038465209FDF7BEFE094B2A4619783846D0
:10D50000FDF7B8FE21463846019AFFF76DFF0FB0D0
:10D51000BDE8F083944000208840002031230020A3
:10D52000302300200021FFF7A9BF00BF2DE9F047FD
:10D5300006468EB0904699460D4600294DD1384B8F
:10D540000A911B6809930B9109AC94E807000DF14F
:10D55000040A8AE807003046C4E90355C4E90155C6
:10D56000099503F009F90527ADF82800ADF8266004
:10D570008DF824700FCC0DF1100CACE80F0023686F
:10D58000CDF81CA004A8CCF80030FEF75FFF254BB7
:10D59000DDF804A01B785BB3424651463046FFF7E6
:10D5A000CDFC11280446204B27D0002219783046A4
:10D5B000FDF760FE0B2C19D012D8BCB1082C15D089
:10D5C0000327B9F1000F04D0524621463046FFF739
:10D5D0000BFF38460EB0BDE8F0874FF0000ADBE7DE
:10D5E0000D2C03D043F202039C42E9D12746E8E721
:10D5F0009DF80D30002BCFD1EBE719780122304692
:10D60000FDF738FE094B2A4619783046FDF732FE01
:10D61000074B424619783046FDF72CFE0027D0E72D
:10D62000944000200C440020302300202F230020B1
:10D630002E230020094B70B519780446FDF7FEFD36
:10D64000074B054619782046FDF7F8FD2A460146A6
:10D6500001232046BDE87040FFF768BF2E2300205D
:10D660002F23002000293AD0F0B583B005460C46A0
:10D67000FDF730FD064670B3284603F07DF8A6F1AD
:10D6800002062378B6FA86F64FF6FF72821A4FEA40
:10D69000561618BF012266F3000362F3C30323701A
:10D6A00007462846FDF72CFD237860F341032370DD
:10D6B0002846FDF739FD237860F38203237028465E
:10D6C000FDF746FD68B10120237860F304130020C4
:10D6D000237003B0F0BD43F2020003B0F0BD0E2092
:10D6E00070472846FDF70CFD0028EDD038466A4605
:10D6F0000721FEF7BDFB20B9019B93F84430DB07FF
:10D70000E1D40020E0E700BF10B582B002ABE02218
:10D7100003F8042D0C461946FFF7A4FF22789DF864
:10D72000041030B932EA01030CBF0120002002B01E
:10D7300010BD0023184602B010BD00BF30B50378FD
:10D74000052B83B0044614D0122B04D02046FEF7DC
:10D750007DFE03B030BD184B40881A687AB1FDF7E2
:10D76000CFFC014668B960880A460123FFF7DEFE58
:10D77000ECE781684088FFF781FE03B030BD0121EE
:10D78000F3E7227A60880025C2F340012B4661F35B
:10D790008203C2F3000161F3C303C2F3800202A952
:10D7A00062F3041301F8043DFFF7AEFF80F00102BD
:10D7B000D2B229466088D8E79440002008B50378A3
:10D7C000083BDBB20B2B06D8012202FA03F340F62A
:10D7D0000F02134200D108BD064B074918780022FA
:10D7E000FDF772FD054B064918780022BDE8084098
:10D7F000FDF76ABD3123002025D50300302300202A
:10D8000035D6030010B5174C2378182B0DD0164CC5
:10D810002378182B10D0154C2378182B13D0144CC8
:10D820002378182B16D0002010BDFDF7FDFC2070CA
:10D830000D4C2378182BEED1FDF7F6FC20700B4C25
:10D840002378182BEBD1FDF7EFFC2070084C2378E0
:10D85000182BE8D1FDF7E8FC1828207008BF03203A
:10D86000E1D110BD302300202E2300202F230020E3
:10D870003123002008B5FFF777FB074B07491878DD
:10D880000022FDF721FD064B064918780022BDE86D
:10D890000840FDF719BD00BF3123002025D5030046
:10D8A0003023002035D6030010B5044670B1FFF7D1
:10D8B00067FD88B1094B2068186021790848094A3A
:10D8C0001971012103601170002010BD0449054A3F
:10D8D00008600121117010BD072010BD8C40002090
:10D8E000944000200C440020FFF75ABA00230A4657
:10D8F0001946FFF71BBE00BF10DF704711DF7047EE
:10D9000010B582B004460C496846FCF713FF019B32
:10D910002BB90DE06846FCF717FF019B43B1D3E933
:10D920000021204690470028F4D1112002B010BDFC
:10D93000002002B010BD00BFE47E040010B582B02C
:10D94000044609496846FCF7F5FE019B4BB1D3E953
:10D950000021204690476846FCF7F6FE019B002B0D
:10D96000F5D102B010BD00BFFC7E04000B4991F858
:10D970001623EC2352091341DB070BD5084B9A6899
:10D9800022B11A6842F480021A6070474FF4800393
:10D990000B60704742F2020000F004BD00E100E0BD
:10D9A00020440020F0B51B4D2C7883B01CBB1A4FCF
:10D9B000012620463E70FFF7A3FF112818D020460D
:10D9C000FFF7BCFF02A8154B00F8054D1B6801933B
:10D9D00000F0F8FC124901A8FFF78EFFB0FA80F3BF
:10D9E00004465B099DF803002B7000F011FD34B173
:10D9F000204603B0F0BD0824204603B0F0BD094B1B
:10DA00003C701C70FFF7B2FF3046FFF797FF2046CF
:10DA100003B0F0BD0E4400200D440020E07E040061
:10DA200051B002000F440020F0B51F4D2B7883B099
:10DA300083B301231D4E18463370FFF761FF112891
:10DA400024D00220FFF77AFF02A8002700F8017D0A
:10DA500000F0B8FCFFF752FF04469DF807002F7056
:10DA600000F0D6FC9CB9124B34709A68B2B9114BD5
:10DA70004FF48002C3F88020BFF34F8FBFF36F8F46
:10DA80000320FFF75BFF204603B0F0BD00242046D3
:10DA900003B0F0BD0824204603B0F0BD1A6822F49C
:10DAA00080021A60ECE700BF0E4400200D44002005
:10DAB0002044002000E100E0054B1B7833B1054B0A
:10DAC0001B780BB9FFF76EBFFFF7AEBF082070479A
:10DAD0000D4400200E440020014B1878704700BF11
:10DAE0000E4400200B4B1B7873B10B4B9A6862B944
:10DAF0000A4B4FF48002C3F88020BFF34F8FBFF36F
:10DB00006F8F074B01221A7070471A6822F4800247
:10DB10001A60F6E70E4400202044002000E100E0F7
:10DB20000F44002010B5084C237813B1074B1B7825
:10DB300003B910BD064B4FF48002C3F80021FFF774
:10DB400015FF0023237010BD0F4400200E44002059
:10DB500000E100E0034B1B7813B1034B18787047CA
:10DB6000012070470E4400200F44002000B583B010
:10DB700068460849FCF7DEFD019B43B1D3E900206C
:10DB800090476846FCF7E0FD019B002BF6D103B0FF
:10DB90005DF804FBF07E0400FFF7E8BF60DF70472C
:10DBA00069DF704761DF7047134B1B781BB330B5DB
:10DBB000124D91B034240DF1020103A8ADF80240DA
:10DBC000FFF7F0FF88B9294601A8FCF7B3FD029BD7
:10DBD000002BF0D0D3E9002103A8904701A8FCF75F
:10DBE000B3FD029B002BF5D1E5E7052801D000F03D
:10DBF000D9FB11B030BD704710440020087F0400ED
:10DC0000002942D070B584B00023214A0A60CDE9D2
:10DC100001330C46012501A98DF8040006262020B9
:10DC200003938DF80650ADF80860FFF7B9FF01A91E
:10DC3000226801934020CDE902338DF80550FFF7AB
:10DC4000AFFF01A92268039328460425CDE90133DB
:10DC50008DF80450FFF7A4FF0DEB05012268029335
:10DC60004FF4E465A12003930195FFF799FF226823
:10DC7000019301A90124A020CDE902338DF80440CD
:10DC8000FFF78EFF184604B070BD0E20704700BF2E
:10DC90004020002008B5FFF781FF10B9014B012299
:10DCA0001A7008BD104400204BDF704710B5114CAE
:10DCB00084B001A8FFF7F8FFA8B9214602A8FCF735
:10DCC00039FD039B002BF4D0D3E900210198904744
:10DCD00002A8FCF739FD039B002BF5D101A8FFF743
:10DCE000E3FF0028E9D0052801D000F05BFB04B079
:10DCF00010BD00BF147F040000207047A8DF7047EC
:10DD0000ADDF7047AEDF7047B0DF704762DF70474E
:10DD10003CDF70473DDF7047704700BFF8B10388B4
:10DD2000112B17D010D9F0B5512B89B0044618D05B
:10DD3000532B07D1314DC288EB889A4202D12B7EFA
:10DD4000002B44D109B0F0BD102B09D12B4B828898
:10DD50009A807047294B81889A88914233D07047C6
:10DD60007047264D8388A8889842EBD1A379022B6F
:10DD7000E8D12189EA889142E4D1A27B043A022ABF
:10DD8000E0D9002601AF02AA69890293CDE90466B1
:10DD9000CDE906668DF810300397FFF7B1FFF0B1BB
:10DDA00040F2FD13ADF8143004A9A888FFF7ACFFCA
:10DDB0001128F9D0BDF81430002BC3D104F10800AC
:10DDC00000F046F9BEE74FF6FF729A80704700F008
:10DDD000C9F90028B6D06B6902209847B2E73846E7
:10DDE000FDF790FA0028DBD09DF81630ADF81460EE
:10DDF00043F001038DF81630D6E700BF98400020AD
:10DE000030B5144B87B0DA888DF8050002248DF800
:10DE100006109888ADF8082000230321CDF80A30B9
:10DE20002025ADF80E300DEB040201ABADF8021069
:10DE300002A98DF804508DF80A40CDE90423FFF7BC
:10DE400061FF20B9BDF80230032B18BF0C2007B0CA
:10DE500030BD00BF9840002010B54FF0FF310020CA
:10DE6000FFF758FF044608B1204610BDB121FFF767
:10DE70004FFF04460028F7D1044B01205B69984707
:10DE80000220FCF7FFFB204610BD00BF9840002099
:10DE900030B51A4B05460FCB87B002AC84E80F00B3
:10DEA0004DB32A68164B4FF6FF7000215A619880D7
:10DEB0001976EAB1124800F083F808B107B030BD16
:10DEC00006A94FF6596321F8143D012318460D4A5F
:10DED0008DF80630FFF712FF0028EFD120460849E1
:10DEE000FFF714FF0028E9D1054800F087F8E5E7BF
:10DEF000054A5A61DEE70E2007B030BD207F0400DE
:10DF0000984000209A40002019DD0300B2DF7047DE
:10DF10004FF0020C00DF704710B50E4C2368BBB108
:10DF20001A7EAAB10278082A0AD0092A10D1FFF76E
:10DF300093FF68B1236802205B69BDE81040184771
:10DF4000027A012A04D11A69013A1A61002AEED034
:10DF500010BD00BF1C44002017490B6853B34B6829
:10DF600043B370B5083198470828044621D0134DB3
:10DF70002B6888B100221A765A7606210120FFF715
:10DF80003FFF18B12B6803205B6998472B6802207C
:10DF90005B69BDE87040184701215876197608463C
:10DFA000FFF72EFF28B12B6803205B6998472B6889
:10DFB0001C7670BD704700BFF44000201C44002058
:10DFC000034620B1034A04481360FEF797BA0E20B7
:10DFD000704700BF1C44002019DF030008B501F0A2
:10DFE000B1FD00B108BD0448FFF792FF0028F9D148
:10DFF000BDE8084001F0B6BDF440002030B589B05E
:10E0000004461E2200210DF1020006F087FF224681
:10E01000608812F8063B8DF802300425282401237D
:10E02000ADF800508DF80D406946022417258DF893
:10E0300010308DF80C308DF81130ADF804508DF89B
:10E0400013408DF81240FDF761F909B030BD00BFF3
:10E050002DE9F042047B012C96B01FD13E4D2F6874
:10E06000797E064659BB02A8502206F057FFB888B1
:10E0700001A9FEF7A1FA48B9BDF804004FF6FF73F5
:10E08000984265D002A9FEF77BFB18B31128347BB8
:10E090001ED00F2814BF0421072101E02E4D0221BC
:10E0A0002046FFF7ADFE18B12B6803205B69984747
:10E0B0002B6802205B69984716B0BDE8F0822046C5
:10E0C0000621FFF79DFE0028F6D01128347BE0D111
:10E0D0000621E5E70DF1580C204F5CF84F0DDCF8F8
:10E0E0000410DCF80820DCF80C30BCF814900FC7E2
:10E0F0000DF13C0EDCF810003860BEE80F009CF813
:10E1000016C087F806C007F1080CA7F80490ACE821
:10E110000F009EE8070016AB8CE80700082223F8E2
:10E12000522D2A6807F1240190881A462346FFF7EA
:10E13000EDFE0028AAD10A49A7F1140051F8083BC6
:10E1400098470028A2D12B685C7616B0BDE8F08213
:10E15000347B0721A4E700BF1C440020B840002006
:10E16000F440002010B5064C236800205B699847F6
:10E170002468FDF7BFFF206102F08CF9002010BD7C
:10E180001C440020A8DF7047F0B5074689B014464C
:10E190001E460D46E9B114B9204600F003F91E22CF
:10E1A00000210DF1020006F0B9FE0C4B0E9A188802
:10E1B000ADF8007002236946ADF80440ADF80640A2
:10E1C00002958DF811608DF80D30FDF79FF809B0BC
:10E1D000F0BD084600F0E6F8DDE700BFE8430020A8
:10E1E00070B586B006A941F60A0321F80C3D01235B
:10E1F0000446624A8DF80E301846FFF7C3FF054605
:10E20000002869D12288002A69D12289002A40F099
:10E210008D80228A002A40F09680228B002A40F0CE
:10E220009F80228C002A69D1228D002A72D1236B13
:10E230001BB3D3E90021160A100C8DF81410110E2F
:10E240008DF811608DF810208DF812008DF81310E4
:10E2500099684B4A94F83C308DF81510080A0E0C5A
:10E2600000928DF81600082204A942F623208DF8AA
:10E270001760FFF789FF00283CD1616B51B141481D
:10E280000A7994F83C300968009042F62A20FFF79A
:10E290007BFF78BBA26BFAB113788DF810305388EE
:10E2A0008DF811301B0A8DF8123093888DF81330D9
:10E2B0001B0A8DF8143094F83C30D488324A00920E
:10E2C000250A072204A942F650208DF816508DF831
:10E2D0001540FFF759FF0546284606B070BD2B488C
:10E2E00094F83C306168009042F62920FFF74CFF1B
:10E2F00000288AD00546284606B070BD244894F808
:10E300003C30616A009042F62620FFF73DFF00286E
:10E310008AD0EFE71F4894F83C30E16A009042F65B
:10E320002820FFF731FF002881D0E3E71A4894F84E
:10E330003C30E168009042F62420FFF725FF0028DA
:10E340003FF467AFD6E7154894F83C306169009018
:10E3500042F62520FFF718FF00283FF45EAFC9E71B
:10E360000F4894F83C30E169009042F62720FFF70F
:10E370000BFF00283FF455AF0546BCE7E8430020FB
:10E380004041002028410020204100201041002071
:10E390000041002038410020184100203041002079
:10E3A0000841002000B585B000230390194601AA5A
:10E3B00044F20100CDE90133ECF74AFE05B05DF807
:10E3C00004FB00BF70B4EFF3108472B60D4B9A6873
:10E3D000AAB90D490D4E01259D60D1F880503540F8
:10E3E0001D60C1F88060D1F884505D604FF0FF334C
:10E3F000C1F88430027004B962B670BC7047012362
:10E400000370F8E72044002000E100E0FC06FFBDB7
:10E41000094B9A687AB170B910B4EFF3108172B6F3
:10E42000064A1C6814605C685460986001B962B662
:10E430005DF8044B704770472044002000E100E085
:10E4400070B50A4C0A48626886885388016882B0B1
:10E45000033300209BB2009003259B0001EB860153
:10E460000448257001F078F902B070BD6C410020BD
:10E47000384200205C230020014608B50548FCF71F
:10E48000B5F80022026042608260C26002614261AF
:10E49000826108BD244200201D4B0A6800EB800009
:10E4A00003EB80035B6803F5805072B3538803333A
:10E4B00002EB8302824217D21368013314D05388CF
:10E4C000033302EB830398420ED330B44FF6FF754B
:10E4D0009488AC420AD0148844B19468013405D0C1
:10E4E00001200A6030BC704700207047984209D96B
:10E4F0001A6801321A4605D05C88033403EB8403A2
:10E500009842E5D2002030BC704703F10802D1E701
:10E5100084410020F0B5426883B01AB11F4BDC681B
:10E52000A2421FD200270E4605460F800197002009
:10E5300005E0019B2A689C6894420DD0308801A9AF
:10E54000FFF7AAFF0028F4D1338801339BB2338050
:10E55000002BEBD003B0F0BD114A6B6013892B8107
:10E5600003B0F0BD1B699A42DCD812F00303D9D185
:10E570000B4C05892489A542D4D105689468A5422D
:10E58000D0D108484068824206D900F580508242C6
:10E5900002D20B800120DDE71846DBE75C23002078
:10E5A0006C410020844100202DE9F0419C8854B941
:10E5B000DFF8648017460E4605461C4698F80000B2
:10E5C00058B10123A38048F20960BDE8F08186B10B
:10E5D0001988328891420CD0A0882146FFF75CFF51
:10E5E00080B12368002DF2D099882A889142EED01C
:10E5F000F2E708499A6809893981C7E900230020B0
:10E60000BDE8F081A388206001339BB2A380002B7A
:10E61000D4D0D8E76C4100208441002030B40E4CA7
:10E620000E4A638803EB830302EB8302D3685BB17A
:10E630000B4B0C481968022205259A80257000238F
:10E64000012230BC01F0BCB8042551682570054892
:10E65000012230BC01F0B4B86C410020844100209C
:10E66000384200205C23002008B5074B191D58884C
:10E67000FFF712FF18B9BDE80840FFF7CFBFBDE8AC
:10E680000840FFF7DDBE00BF6C4100202DE9F04FD0
:10E69000DFF88083DFF880A3DFF880B3DFF88093B2
:10E6A0008BB00546D8F80040002C00F08980237814
:10E6B0005A1E052A60D8DFE802F05237371C1C03C7
:10E6C000002D40F0B88099F80B2099F80030002A0E
:10E6D00000F03781013B89F80B50062B00F2A48231
:10E6E000DFE813F034038C02AF01C401A2028F02F1
:10E6F0007202002D40F01C812779012F00F0558116
:10E70000C0F02C8105AE022F0595C6E90255356192
:10E7100040F09E802846023B0690042B35D8DFE867
:10E7200003F07E6A5E579300A68AA07D002D40F01C
:10E73000E080B700AD4DB91905EB8101B1F808C013
:10E740004A6802EB8C02062800F2D282DFE810F061
:10E750001702C201D301E801FC019101B701002DAC
:10E7600040F0BB802279032A00F29580DFE812F0A6
:10E77000A9005A019E007300002305AEC6E90333C9
:10E7800048F20E62B36005930692994C04F11005AD
:10E7900054F8043B304603B19847A542F8D151469E
:10E7A00000255846C8F80050FBF744FF0121914866
:10E7B00000F0B2FF00287FF475AF0BB0BDE8F08F1A
:10E7C00051465846FBF72CFF0446C8F800006EE798
:10E7D000E388ADF8203004238DF81430D5E7032307
:10E7E000E18822898DF81430E3680793ADF8201092
:10E7F000ADF82220C9E7A37D2289A088E168ADF8A1
:10E800002020A3F10603B3FA83F35B0902228DF8FB
:10E810002430ADF8220007918DF81420B5E70123CC
:10E820002189A2888DF81430E3680793ADF8201091
:10E83000ADF82220A9E705AE0023B3600593C6E931
:10E8400003334FF40643069305238DF814309CE7F9
:10E8500048F20E605FE7684E684A31686848634D69
:10E86000002727710823009700F076FFB9F80230DF
:10E870003468B18803EB830305EB830205F823704A
:10E8800053683360022354601181B380002894D010
:10E89000D8F8004023785B4905AE00224A60059213
:10E8A000C6E90222326148F20D6034E7524A544808
:10E8B00011680023237102249480012200F080FF5C
:10E8C000E4E74D4B504A19684D480123237100235A
:10E8D0000093082300F040FFD8E705AE494A002323
:10E8E00053600593C6E9023333614FF40643069340
:10E8F0004BE70228E28876D9B7003C4DB81905EB02
:10E900008000D11CB0F808C0614401813E4405EB91
:10E910008605C2F57F42698905AEFD320A440021B1
:10E920006A81B1600591C6E903114FF40640F2E631
:10E9300005AE0022B2600592C6E903224FF40640FC
:10E94000E9E6072B00F2C081DFE813F07701BE0192
:10E95000BE014D01AD013E013E01A701022305AEFE
:10E9600023713046E36805930DF112010695079572
:10E97000FFF7D0FD002800F01D810699234A8B88FF
:10E98000E3800B8823811E4800950423BDF81240C4
:10E9900000F0E2FE002840F0D481144B04EB840424
:10E9A00003EB84040123237407E7164B1B78002B29
:10E9B00000F0F38005AE164B32462946A01DFFF746
:10E9C000F3FD002800F0C58148F20963104A98421F
:10E9D000C2E900553DD1C6E90055C6E90255356189
:10E9E0002846237897E6014DB7008FE78441002041
:10E9F000544100203442002038420020347F04007B
:10EA00005C230020644100203C7F0400307F040030
:10EA10004442002080410020784100202442002010
:10EA20006C410020B44D2B78022B40F077810023FD
:10EA30006968B24A0093B2482B70082300F08CFE3C
:10EA400024E7FFF7FDFC00283FF4B7AED8F80040FC
:10EA500005AE002241F61D5123783261C6E900223D
:10EA6000C6E90222884208BF104654E6FFF7D6FDE9
:10EA7000E9E7A44BA44A1B8803934FF0060C00233C
:10EA8000516884F816C0A14A00939D48042300F001
:10EA900063FE002800F04D81A27DE388022A48F23F
:10EAA0000D600FD83E4405EB8605C3F57F436A89A8
:10EAB000D8F80040FD3313446B8105AEC9E7E38805
:10EAC00041F61D50B91905EB8101DA1C0C8922446D
:10EAD0000A81E7E7032B0CBF052306230020A3755B
:10EAE000111D0090042304F10802854800F034FE53
:10EAF0000028D1D161E623698148002B14BF03238C
:10EB000001234FF0000CA37502F108010423CDF896
:10EB100000C004F10C0200F01FFE0028BCD14CE63E
:10EB2000E38877484FF0010C84F816C04FF0000CD2
:10EB300002F10C019B002269CDF800C000F00CFE30
:10EB400000283FF43AAEA7E76F4BA0690392186024
:10EB500000226C495A601846FFF7DCFC039A002833
:10EB600000F009810223A3751146042300220092BC
:10EB70006348E21800F0F0FD00288DD11DE6022365
:10EB80000020A375042311460090E2185C4800F0B1
:10EB9000E3FD00283FF411AE7EE75D4B0595C3E928
:10EBA000005505AE237848F20160C6E90155C6E973
:10EBB0000355B0E548F209600023C6E90033C6E911
:10EBC000023333612378A6E5524B534A19684C4807
:10EBD000002300930724C9F80430082389F8004073
:10EBE00000F0BAFD2FE74B4AD9F804109388498802
:10EBF00003330B440221938089F80010FFF734FDA2
:10EC000021E7B9F802203C4D9300134405EB83053E
:10EC100000236968394A009306240823384889F894
:10EC2000004000F099FD0EE705AE0023B3600593A8
:10EC3000C6E9033348F20E6305E62F4DB9F8082004
:10EC40002B780132B3FA83F300215B09A9F808207D
:10EC5000012289F80A30A9F8021089F80B1089F806
:10EC600000204BB1244DEB68002289F80A201BB923
:10EC70002A7C002A40F0898005AED8F800400020A8
:10EC8000706089F80000A9F80200C9F80400059036
:10EC9000C6E90200306123783DE5012389F80030A0
:10ECA00099F80A30DDE7B9F80220134D19489300AE
:10ECB000991805EB810104684F6886884C6002242E
:10ECC00007600E818480A0E7013B062BACD801A22F
:10ECD00052F823F04DED0300FDEB030043EA03007F
:10ECE0006DEA030029EC030003EC0300C9EB030009
:10ECF000E38848F20E60E5E684410020347F04009A
:10ED00005C230020EA43002048410020307F0400BB
:10ED100044420020384200203C7F04001D4A05AEDA
:10ED200001231370002353600593C6E90233336156
:10ED3000DDE5039B03EB830B05EB8B0501232B74B4
:10ED40003BE5D8F8004048F20D6035E799F80A3005
:10ED500087E7114C00950699104A1148A4880423AE
:10ED600000F0FAFC0028ECD10E4B04EB840403EB1A
:10ED70008404277421E505AE0590C6E90100C6E9C3
:10ED80000300237848F20960C5E4A9F80230FFF7D0
:10ED90006BFC58E66441002044420020307F0400B0
:10EDA0005C230020844100204068FFF76FBC00BF57
:10EDB00008B50121044800F097FC00B108BDBDE88A
:10EDC0000840FFF763BC00BF344200202DE9F04744
:10EDD0004E4C247882B0002C4FD0002969D00D8889
:10EDE0004FF6FF74A54243D04C88002C40D04C68AD
:10EDF000A40763D1002A45D0B2F800905788804616
:10EE000001A81E460C46FFF737FB054600285DD0DB
:10EE1000636803614FF0000A0670A0F8149080F850
:10EE200016A001213A4800F06BFC22886388AB8071
:10EE3000032EE8602A81EF8058D0A5F80AA001A926
:10EE40003448FBF7DDFBB8F1000F0BD0324AEB681A
:10EE50001289C8F800300023A8F80820C8F8043048
:10EE600088F80A30FFF7A4FF002002B0BDE8F08761
:10EE700048F2036002B0BDE8F08748F2016002B0DA
:10EE8000BDE8F0870F89FA1C92B240F2FE34A2422C
:10EE900019D8224D2E78B6BBB5F80AC02C89644427
:10EEA0001444A4B2B4F5806F2DD862446A81B1468F
:10EEB000A5E748F2046002B0BDE8F08748F20260BE
:10EEC00002B0BDE8F08748F20860D3E7134B09EBC6
:10EED000890903EB8909C7F57F47B9F80A30FD377F
:10EEE0001F44A9F80A7048F20760C3E7D8F8003059
:10EEF000AB610422AA750DEB0201A5F80AA0054832
:10EF0000FBF77EFBA2E748F20660B3E7644100200E
:10EF10007C410020244200206C41002084410020DC
:10EF20008368F0B501334FF002040C8015D01B4FFD
:10EF300000F580554FF6FF7608304FF0010CB0F821
:10EF400002E00EF1030400EB8404A54206D20AB1EC
:10EF5000012313704FF480630B80F0BD8388B342AC
:10EF600016D00388A3B183685C1C11D03C689C4216
:10EF700000D23B600B88033373440B804388033318
:10EF800000EB83008542E8D903680133D7D1F0BD97
:10EF9000002AEFD082F800C0ECE700BF7C410020DF
:10EFA00038B5094B1A68042A0AD01D68074C024676
:10EFB0000121184644F8252000F0A2FB002038BDAE
:10EFC00048F20B6038BD00BF404200205441002091
:10EFD0002DE9F04F9B4C89B022780023CDE9033313
:10EFE000CDE90533079372B1974C04F1100554F83D
:10EFF000043B03A803B19847A542F8D10025284651
:10F0000009B0BDE8F08F201D02F0FF0600F090FB74
:10F0100007460028F2D140F6F8731B685D1C00F02B
:10F020009D804FF0805211695269DFF8488287490C
:10F03000C8F810304046A3F500530022C8F80C3041
:10F0400000F082FB05460028D9D11C238C22804980
:10F050008048FBF791FAA9464FF0020BAA46D8F870
:10F060000C3019EB030C59F803204CD07A4B9A4220
:10F0700000F0828001324BD078480AEB8A0300EB23
:10F08000830203210BF1FF3B0AF1010A00F8231070
:10F090001FFA8BFB1FFA8AFAC2F804C009F58059DF
:10F0A000B9F5005FDBD1BBF1010F62D9FFB2022FCE
:10F0B0005FD0062F00F09180002F5AD002A8FFF7F2
:10F0C000DBF9002800F0BA800123013F03700A2F0A
:10F0D00009D8DFE807F0120812080F080F08150614
:10F0E00015000223037102A95A48FBF789FAFFF7BA
:10F0F0005FFE84E701230371F5E700230371F2E764
:10F1000003230371EFE7531C02D0534B9A42B3D150
:10F110000CF104030CF580511A68013203F1040369
:10F12000AAD19942F8D14E4B1A68002A7ED04B4A98
:10F13000DFF838E10AEB8A0302EB83011046022272
:10F14000C1F804C00A8100F823200AF10101AEF8D9
:10F1500002A01FFA81FA47F001079FE7414B4FF0E9
:10F1600080521B6811695269581C08BF02FB01F3E9
:10F170005BE748F20A6542E7DCF804303A498B4223
:10F180003AD001318B42BED1002E55D0374A344B94
:10F19000A2F802A0314A196801910AEB8A0E02EB2B
:10F1A0008E010846022102F82E1002460AF1010AD9
:10F1B0000198506011811FFA8AFA604600222C499A
:10F1C000C3F800C00193FFF7ABFE019B9B88022BA5
:10F1D00014BF082304231F4360E71B4D01220023B3
:10F1E000227005F11006636055F8043B03A803B1D3
:10F1F0009847B542F8D101E70AEB8A021748930015
:10F20000002100F822100146184403F110020833CF
:10F210000A44C0F804C0194460460AF1010AFFF725
:10F220007FFE47F002071FFA8AFA37E70222C3F887
:10F2300000C09A8001268EE7094BBEE748F20765B9
:10F24000DDE600BF6441002054410020507F0400EF
:10F250009841002024420020DEC0ADDE8441002021
:10F260003842002014100010FE011EF16C410020F5
:10F270003C4200205C23002010B309B370B582B07B
:10F280000C460DF106010546FFF744F9A0B1BDF8A3
:10F2900006000D4B6E6800EB800003EB800001213F
:10F2A0000C3000F02DFA6B6826600C330122002030
:10F2B0006360AA7202B070BD48F2096002B070BD0E
:10F2C00048F20460704700BF84410020F0B110B5DF
:10F2D00082B00DF106010446FFF71CF990B1BDF8AC
:10F2E00006300E4A03EB830302EB8303DA6882B134
:10F2F000A27A72B1DA680021013A0846DA60A17296
:10F3000002B010BD48F2096002B010BD48F20460BE
:10F31000704748F2056002B010BD00BF8441002074
:10F3200002230022FFF752BD18B103230022FFF78A
:10F330004DBD48F204607047124B1B78DBB14FF6AD
:10F34000FF73984214D010B582B0044601A8FFF7AD
:10F3500093F898B10522012302700371C48001A9BA
:10F360000948FBF74DF9FFF723FD002002B010BD5F
:10F3700048F20360704748F20160704748F2076046
:10F3800002B010BD6441002024420020114B1B78C4
:10F39000A3B100B583B001A8FFF76EF8A0B10623B2
:10F3A000037001A90C48FBF72BF90C4B1A7842B9F2
:10F3B000FFF7FEFC002003B05DF804FB48F201609B
:10F3C00070470122DA72F3E748F2076003B05DF894
:10F3D00004FB00BF64410020244200206C41002057
:10F3E00010B50C4C82B0ADF806002078ADF80410D2
:10F3F00060B13AB133B101A90DF10600FFF7D4F8BD
:10F4000002B010BD48F2046002B010BD48F20160C5
:10F4100002B010BD6441002000B50E4B83B01B78D4
:10F42000ADF8060083B151B14AB1134600200A4637
:10F430000DF10601FFF7B8F803B05DF804FB48F2E0
:10F44000046003B05DF804FB48F2016003B05DF8AE
:10F4500004FB00BF6441002000B50E4B83B01B7855
:10F46000ADF8060083B151B14AB113460DF1060063
:10F470000A460021FFF798F803B05DF804FB48F254
:10F48000046003B05DF804FB48F2016003B05DF86E
:10F4900004FB00BF6441002020B119B103680B6078
:10F4A0000020704748F20460704700BF3F4B1B7854
:10F4B000002B6ED000286FD0F0B43D490025C0F875
:10F4C0000250C0F80650C0F80A504E890B894C68AB
:10F4D000C0F80E50334402229BB202801CB1354A60
:10F4E000256895425BD001220280CD68028941885F
:10F4F000478932440D4486890281C3F5806189B20F
:10F50000A26845808E423B4438BF818101324381ED
:10F5100004F5805104F108032BD06289033203EB18
:10F52000820291421BD34FF6FF759A88AA4223D0DC
:10F530001A880AB39A6801321ED08288013282800A
:10F540005A88033203EB8203994212D91A680132B6
:10F550000FD05A88033203EB82029142E5D2C4896C
:10F56000C288CB1A04EBA30301320121C381C280FC
:10F5700001740020F0BC7047C488C2890134C48083
:10F580005C8803322244C2815A88033203EB82032F
:10F59000DAE748F20160704748F204607047656836
:10F5A000054A2A44012AA0D99DE700BF64410020F2
:10F5B00084410020DEC0ADDE02FEE10E01F01F023C
:10F5C0004B09012100EB8300914000F075B800BFAA
:10F5D00010B5012301F01F04490900EB810003FA73
:10F5E00004F100F05DF8E04000F0010010BD00BF44
:10F5F00001F01F0201234909934000EB8100D94328
:10F6000000F066B84B0901F01F0150F82300C84014
:10F6100000F00100704700BF2DE9F84301F1FF3809
:10F620004FEA581300F104080F46064608EB83081A
:10F630000446002523686FEA030999FAA9F9B9FA83
:10F6400089F9B9F1200F18D0A9444F450CD814E01E
:10F650002368DB4393FAA3F3B3FA83F3202B05EB80
:10F6600003090AD04F4508D949463046FFF7B0FF95
:10F670000028EDD14846BDE8F8830434444505F13F
:10F680002005D7D1B9464846BDE8F88350E8002F99
:10F690000B4640E8003C9CF0000FF7D11046704745
:10F6A00050E8002F42EA010340E8003C9CF0000FC4
:10F6B000F6D11046704700BF50E8003F43EA010210
:10F6C00040E8002C9CF0000FF6D11046704700BFB8
:10F6D00050E8003F03EA010240E8002C9CF0000FD4
:10F6E000F6D11046704700BF50E8002F02EB01032F
:10F6F00040E8003C9CF0000FF6D11046704700BF78
:10F7000050E8003F03EB010240E8002C9CF0000FA2
:10F71000F6D11046704700BF50E8003FA3EB01024E
:10F7200040E8002C9CF0000FF6D11046704700BF57
:10F73000012350E800CF4CEA030240E8002191F099
:10F74000000FF6D16046704720B119B101600B6817
:10F75000114618470E20704750B32DE9F0414AB3C7
:10F76000D0F800E0BEF1000F27D01D4673B1476806
:10F77000D7F80480B3FBF8F708FB173737B942EA2C
:10F780000104A40705D01020BDE8F0810920BDE8E0
:10F79000F081C468A142F6D301F1FF3C04696544DD
:10F7A000A542F0D8DEF80C40A446BDE8F041604721
:10F7B0000E2070470E20BDE8F0810820BDE8F081E2
:10F7C00000B3D0F800C0F0B5BCF1000F1CD0AAB156
:10F7D0004768D7F800E00EF1FF370F4210D1C76835
:10F7E000B9420DD34D1E04690EFB0255A54207D840
:10F7F000DCF81040A446BDE8F04060470920F0BDA9
:10F800001020F0BD0E2070470820F0BD29DF7047A2
:10F8100028DF704703689A6832B330B50479856889
:10F8200087B00023019102930093CDE9033305953E
:10F830006CB1012C07D1C368416904911B030221FB
:10F8400002938DF800106846904707B030BDD0E9AC
:10F8500003144369049301258DF80050CDE902415A
:10F860006846904707B030BD704700BF08467047F4
:10F8700000207047024B187A003018BF01207047F3
:10F88000E8420020034B187A0122B0FA80F05A7443
:10F8900040097047E842002008B510461A4605F0B6
:10F8A00019FB002008BD00BF10B5064B0648002418
:10F8B000C3E90044C3E902441C61FAF775FE20461F
:10F8C00010BD00BFE8420020D842002010B5094C0E
:10F8D000094B43602046FFF72BFF40B9FEF7FCF8C9
:10F8E0001C2320748C2205490548FAF745FE0020A8
:10F8F00010BD00BFE8420020447F04004C420020BD
:10F90000D842002038B5254C237AFBB1244B1B6824
:10F910001A790221217222B3012A0AD1D3E9030202
:10F920001044FFF775FF80B3112802D10123237221
:10F9300038BD18460321FFF76DFF00232372636073
:10F9400018491948BDE83840FAF774BE15491648F9
:10F95000FAF766FE124A034610600028D8D16060AC
:10F9600038BDD3E90525521BB2F5805F28BF4FF49F
:10F970008052D3E903109208012A38BF012229449A
:10F980002844FFF743FF0028CED1237C002BCFD1A2
:10F990000220BDE8384000F009B800BFE84200206E
:10F9A00000430020FC420020D842002010B5234C28
:10F9B000237AA3B1022B08D1022811D0032804D145
:10F9C000E3680133082B1CD8E360637C1BB1BDE8FE
:10F9D0001040FEF771B8BDE81040FFF793BF10BDAF
:10F9E000174B186803790022E260D3B1012BECD1E8
:10F9F000D0E90432013393420361E6D10021217240
:10FA000005E00F4A00231068E36023720D21FFF721
:10FA100001FF0C490C48FAF70DFE637C002BD6D190
:10FA2000D9E7D0E90523D11AB1F5805F94BF5B18FF
:10FA300003F580539A428361C7D1DFE7E842002093
:10FA400000430020FC420020D8420020831E012BEE
:10FA500000D97047FFF7AABF00F0FD03012B00D0CB
:10FA60007047A0F10100044BB0FA80F04009002279
:10FA700018745A74FFF746BFE842002010B5064CD0
:10FA8000201DFFF755FE08B9637C03B110BDBDE82A
:10FA90001040FFF737BF00BFE84200202DE9F043D8
:10FAA00083B081460D46114801A917469846FAF7DA
:10FAB0009DFDB0B1002401232D0B446001A9037109
:10FAC00004618461C560C0F80090C0F80880476197
:10FAD0000648FAF795FDFFF7D1FF204603B0BDE8D1
:10FAE000F083042003B0BDE8F08300BFD8420020BB
:10FAF0002DE9F04182B080460F46104801A9164614
:10FB00001D46FAF773FDA0B10024089B8360446092
:10FB1000C0F80080C0E90367456101A984610471F0
:10FB20000648FAF76DFDFFF7A9FF204602B0BDE8D1
:10FB3000F081042002B0BDE8F08100BFD84200206F
:10FB400013DF704740F6F8731868421C01D0FFF7C6
:10FB5000F7BF034B1868431CF9D10420704700BF5E
:10FB6000141000100148FFF7EBBF00BF00C00100F8
:10FB7000A0DF7047A1DF7047ADDF7047B3DF70478C
:10FB8000B4DF704710B50446408800F0F5FDA08052
:10FB90002046BDE81040FCF76FBC00BF70B54FF6C3
:10FBA000FF728AB000249042CDE90044CDE90244BE
:10FBB0000494ADF8020001D10AB070BD054600F012
:10FBC00027FC0B28064629D00FD911280BD043F269
:10FBD0000203984212D12246144B28461978FBF7AB
:10FBE00049FB0AB070BD0122F6E738B90E2368461A
:10FBF0008DF80030FFF7C6FF3246EDE700240723FB
:10FC000005A8CDE905440796ADF81650CDE908449E
:10FC10008DF81430FFF7B6FF2246DDE70F23684664
:10FC20008DF80030FFF7AEFF2246D5E714440020E0
:10FC3000FFF7B4BF2DE9F0474A4E88B0317805464A
:10FC4000FBF7FCFA10B108B0BDE8F087044628467F
:10FC500000F044FC082839D017D8002863D00628C3
:10FC60001DD1284600F088FD00F054FC00273E4BD3
:10FC70003A4619782846FBF7FDFA2246317828469D
:10FC8000FBF7F8FA08B0BDE8F08743F202039842A8
:10FC900015D043F20143984213D011280FD000230E
:10FCA000CDE903330590CDE9063303A80723ADF86A
:10FCB0000E508DF80C300127FFF764FFD7E70127BE
:10FCC000D5E72846FFF76AFF0127D0E70DF10600C8
:10FCD000FFF754FFBDF80630012BC2D92746012398
:10FCE0000DF108084FF0020942F6021A07E05245EA
:10FCF00029D00133BDF806209BB29A42B1D94146C2
:10FD000000221846CDE90398FFF73AFF42F6052195
:10FD10000028A6D1BDF80820002FE8D1571AB7FA5D
:10FD200087F77F09E5E7CDE90344CDE9054407946A
:10FD30001023012403A8ADF80E508DF80C3027468F
:10FD4000FFF720FF93E7194603AA01AB2846049367
:10FD5000FFF712FF002884D1BDF80430002B80D0BB
:10FD600085E700BF174400201644002010B582B07C
:10FD7000044600F001FD00236A460921FBF7DCFD83
:10FD8000052801D002B010BD034B2046197801228E
:10FD9000FBF770FA02B010BD1244002030B50E4BD4
:10FDA00083B002AA1B6842F8043D42F6A62400254F
:10FDB00001236946ADF80250ADF800408DF80230DD
:10FDC0000446FFF7D5FE28B904491A4620460978AB
:10FDD000FBF750FA03B030BD707F040011440020DF
:10FDE00030B5012187B005462648FFF74FFCBFF329
:10FDF0005F8F08B107B030BD0446284600F0BAFA5C
:10FE0000112803461BD012D986282ED043F20202B5
:10FE100090421BD11C4B224628461978FBF72AFA40
:10FE2000BFF35F8F174B00221A6007B030BD68B96F
:10FE30001549024609782846FBF71CFADAE7124B07
:10FE4000284619780122FBF715FAE9E70024CDE9E5
:10FE500004440722CDE9014401A80393ADF80650FC
:10FE60008DF80420FFF78EFED4E70623CDE9014488
:10FE700001A8ADF80650CDE9034405948DF804308F
:10FE8000F0E700BF044300201544002038B5037894
:10FE900003B138BD04464088FFF780FE65882846D8
:10FEA00000F006FB28B10C4B284619780122FBF71D
:10FEB000E1F96088FFF75AFF084B094918780022DA
:10FEC000FBF702FA02460028E3D1064B06491878F0
:10FED000BDE83840FBF7F8B916440020154400206F
:10FEE000E1FD0300124400209DFD0300F0B50378FE
:10FEF000082B83B00ED0294C207829490022FBF72B
:10FF0000E3F9024620B9274B27491878FBF7DCF9BB
:10FF100003B0F0BD437A0446002BECD1057A072DDF
:10FF200022D0082D31D0012DE5D16A46294680889E
:10FF3000FBF79EFF06460028DDD1019B1B78002BB6
:10FF4000D9D0A08800F08AFC4FF6FF739842D2D037
:10FF5000164F124C39782A46FBF78CF9324638781E
:10FF60001349FBF7B1F9C7E780880C4C00F076FC29
:10FF70004FF6FF7398420546BED001222178FBF769
:10FF800079F92846FFF7F2FEB6E70A4A1168012917
:10FF9000B1D1BFF35F8F014C1360ADE71544002072
:10FFA000E1FD0300124400209DFD030016440020E3
:10FFB00035FC0300044300202DE9F843FBF734F936
:10FFC0001E4C1F4D2070FBF72FF92870FBF72CF902
:10FFD0001C4E1D4F3070FBF727F93870FBF724F9E2
:10FFE000DFF87080DFF8709088F80000FBF71CF9EC
:10FFF00089F80000FBF718F92378144A182B1070C1
:020000040004F6
:1000000019D02B78182B16D03378182B13D03B78B7
:10001000182B10D098F80030182B0CD099F800301D
:10002000182B08D0182806D0094B00201860BFF301
:100030005F8FBDE8F8830320BDE8F88315440020F6
:1000400014440020164400201744002013440020CC
:1000500004430020124400201144002070B5114BCD
:1000600082B0002422460D4601261978CDF80240C0
:100070000923ADF800608DF802300646ADF8064061
:10008000FBF7F8F8084B09493046A54208BF194666
:10009000019100F071FB22466946FBF7BDFC02B0FE
:1000A00070BD00BF12440020747F0400787F0400FC
:1000B00070B503888588353B86B004461F2B23D84E
:1000C000DFE803F0521022222222222222222222C0
:1000D00022222222222222222222222222222267BB
:1000E00022862230494E28463178FBF7A7F858B1CE
:1000F000317800222846FBF7BDF8E18800296CD052
:1001000000212846FFF7AAFF414C424B424918788C
:100110000022FBF7D9F8207840490022FBF7D4F8F9
:1001200006B070BD002611232846CDE90166CDE951
:1001300003668DF80430ADF80650059600F01CFB00
:10014000ADF8080000F0E6F9354B314C197832462D
:100150002846FBF78FF8284632462178FBF78AF8C5
:1001600001A8FFF70FFDD0E72E4E28463178FBF7A8
:1001700065F80028C8D0002231782846FBF77AF8C5
:10018000E288002A31D028460021FFF767FF204C83
:10019000BBE7037B012BB7D1827A012AB4D1018955
:1001A00042F602139942AFD11F4C28462178FBF743
:1001B00061F8002220781D49FBF786F802460028E6
:1001C000A2D11B4B1B491878114CFBF77DF89CE71B
:1001D0002846FFF7E3FC0E4C97E7E389012B90D10B
:1001E000217C003118BF01218BE7A389012BCAD1E3
:1001F000E1892846FFF7BEFC0028C4D1034A044C1D
:10020000117828461A46FBF735F87EE7134400209C
:10021000164400201444002031FC030035FC030088
:10022000174400201144002015440020E1FD030084
:10023000124400209DFD03002DE9F0418CB000F038
:1002400029F901A8FAF7D0FF019EDFF85480DEB14A
:1002500000244FF6FF7703E00134A4B2B44213D276
:100260000CAB03EB440333F8285C284600F084FA17
:10027000B842F1D101342846012298F80010A4B206
:10028000FAF7F8FFB442EBD398F8000003490022D4
:100290000CB0BDE8F041FBF717B800BF35FC030018
:1002A00016440020AFDF7047B1DF7047B2DF704700
:1002B000B3DF704710B50446808800F0CFFA608045
:1002C0002046BDE81040FCF7EBB800BF70B51D4BF1
:1002D0001D4C93E80300238888B04FF6FF7501AEEC
:1002E000AB4286E8030007D122E02088FBF7F0FB51
:1002F000A842034620801BD0184600223146FBF757
:100300008BFB03460028F0D0002221880792112899
:10031000CDE90322CDE90522ADF8101008D0862BD7
:1003200003A807D0072205938DF80C20FFF7C2FF22
:1003300008B070BD06238DF80C30FFF7BBFF08B086
:1003400070BD00BF7C7F0400EC430020044B1A8882
:100350004FF6FF739A4201D0FFF7B8BF704700BF56
:10036000EC430020024B4FF6FF721A8000207047CA
:10037000EC4300202DE9F04182B0074600F0FCF983
:100380004FF6FF7398423CD0064601244FF0030815
:100390006B46224608213046FBF76EFD03230546D7
:1003A000F0B9019A3846911D42F8048BFFF77EFFA1
:1003B000013403460821D8B10C28304603D1A4B239
:1003C000FBF7C2FDE4E70821052B18BF1D46FBF72C
:1003D000BBFD002818BF0325284602B0BDE8F08108
:1003E000072814BF05460C25284602B0BDE8F08159
:1003F00032463046FBF7B2FD0546284602B0BDE85E
:10040000F08143F20205284602B0BDE8F08100BF4A
:100410002DE9F04182B0074600F0AEF94FF6FF73C8
:10042000984227D10026354603244FF00108234681
:10043000324629463846FFF737FF04280AD00828F5
:100440000AD00B280AD0B8F1000F08BF0B2002B069
:10045000BDE8F0811120F6E70020F4E714F0020473
:1004600006D195B12646254603244FF00008DEE765
:100470000124FAE76A460821FBF7FAFC0028D1D1EB
:10048000019DAE882C680635CFE7002EDFD02E46C2
:100490000324EAE708B54FF6FF70FBF719FB034B9F
:1004A0001880BDE80840FFF711BF00BFEC430020F3
:1004B00000B585B00DF10703039300F05DF902AAC2
:1004C0000121FBF7D5FC20B9039B187805B05DF836
:1004D00004FB002005B05DF804FB00BF38B50C4BF1
:1004E00004461846FFF7E4FE78B9198843F203057D
:1004F0004FF6FF722046FFF7D5FEA84200D038BD68
:100500001988013189B21980F2E7032038BD00BF94
:10051000EE43002010B5074B044693E8030082B079
:100520006B4683E80300002219462046FBF774FA65
:1005300002B010BD847F04006EDF70476FDF70472C
:1005400046DF70472DE9F04F9BB050240394DDE95E
:100550002459002A5FD0002B58D000241C600124AD
:100560000194002D55D0B9F1000F5FD00024C9F8D7
:1005700000404FF0010B00240DF11808CDE90448AC
:1005800000294AD0C1EBC1015F46144602EB010AC3
:10059000861E9B4625E09DF82910032941D8019924
:1005A00059B152F83F1D216091889279A180A271C2
:1005B000DBF800200132CBF8002007346FB153F88C
:1005C0004F2D2A6059689A68DB686960AA60EB6001
:1005D000D9F800300133C9F80030544505F1100551
:1005E0001BD050220021404604F098FC03AB04AA23
:1005F000072136F8020FFBF79FF920F002001AAB33
:1006000005281A46C7D11BB0BDE8F08F0193002D15
:10061000A9D1AB46AFE70192A3E700201BB0BDE82C
:10062000F08F43F202201BB0BDE8F08FCB46A2E76B
:10063000F8B50C4D0746002401E0142C0ED02B8891
:10064000BB42A6B205F10A0504F10104F5D130461A
:10065000FAF734FD0028F0D03046F8BD4FF6FF76AB
:100660003046F8BD0843002090B191B108B50A7832
:100670000378534013F0FE0F08D1013106220130F8
:1006800004F019FCB0FA80F0400908BD002008BD54
:1006900070470846704700BF2DE9F0414C1C0E46DC
:1006A000054621460130102205F1110706F1110817
:1006B00004F001FC08BB2B4605F1100101E08B4260
:1006C0001BD013F8012F002AF9D073784BB92146BB
:1006D00006F1100201E091420FD011F8013F002B0A
:1006E000F9D041463846FFF7BFFF6B7C03F0FE03AD
:1006F000042B1ED10120BDE8F08141463846FFF7AA
:10070000B3FF6B7C03F0FE03042B0FD00022062BFB
:1007100009D0737C03F0FE03042B04D0062B08BF22
:100720001046BDE8F0811046BDE8F0810020BDE82C
:10073000F0810122EBE700BF70B584B006460D469C
:10074000FBF734F902AA0DF106010720FBF736F991
:1007500060B1BDF80640AC423046F3D00399FFF7D4
:100760009BFF0028EED0204604B070BD4FF6FF740A
:10077000204604B070BD00BF13280DD810B5044644
:10078000FAF79CFC28B104EB8403054A32F8130005
:1007900010BD4FF6FF7010BD4FF6FF70704700BFE1
:1007A00008430020132816D838B504460D46FAF73A
:1007B00085FC68B1094A04EB840302EB4303002083
:1007C00053F8022F2A609A889B79AB71AA8038BDB2
:1007D00043F2020038BD43F2020070470843002094
:1007E00038B505884DB9821C00F10A0412F8013BA6
:1007F0001BB99442FAD1002038BD0B88AB42FAD124
:1008000002310822023004F056FBB0FA80F04009B1
:1008100038BD00BF30B585B00546FBF7C7F80CE022
:10082000039C284604F14601FFF7DAFF04F12A0190
:1008300078B92846FFF7D4FF58B902AA0DF106018E
:100840000720FBF7BBF80028EAD14FF6FF7005B090
:1008500030BDBDF8060005B030BD00BF4FF6FF73D8
:10086000984201D0FFF7E4BE704700BF132804D8B8
:1008700000EB8000014B23F8101070470843002064
:1008800070B54FF6FF75A84203D1BDE87040FBF785
:10089000AFBA0446FFF7CCFE06462046FBF7A8FA9F
:1008A00030B9132E04D806EB8606024B23F81650F7
:1008B00070BD00BF08430020082961D82DE9F04130
:1008C0000546CEB00E4600B139B900221146104699
:1008D000FFF734FE4EB0BDE8F08120AC5023B822C3
:1008E00000210CAF20460193039704F017FB0DF194
:1008F000AE010DF1C5020DF19703069107920DF1BE
:10090000F3010DF58572CDE90443CDE9091237AB4A
:1009100008930DF221130B9305EB4608502200219A
:10092000384604F0FBFA01AB02AA072135F8020BA6
:10093000FBF702F820F002000528CBD07B7C032BCC
:1009400020D8DDF83130DDF8352023606260DDF835
:100950003930DDF83D20A360E260DDF84130BDF8BC
:1009600045109DF8472023614545A182A27504F1F9
:100970001704D3D1F2B204A80021FFF7DFFDA9E7E5
:100980000720704743F20220A4E700BFF0B5254BD3
:1009900000249BB0C3E90044C3E9024408B10D46FA
:1009A00041B90023204A194618461370FFF7C4FDC9
:1009B0001BB0F0BD0646DFF870C018464A00CFB243
:1009C00031468CF8007004F085FA382221460CA8D4
:1009D000039404F0A3FACDE90044294630460CAA5A
:1009E00003ABFFF7AFFD0028E2D10DF137020DF1A7
:1009F0003E030DF145000CAC0494059206930DF1F5
:100A00005A020DF161030790394613AD0DF15304FD
:100A100004A8CDE90854CDE90A23FFF78DFD1BB0EA
:100A2000F0BD00BFD04300201844002030B58DB089
:100A300010300DF1FF330DF10F0510F8014D03F8E3
:100A4000014FAB42F9D100230D784C788978069399
:100A50006846CDE904338DF81C308DF81D108DF8F3
:100A60001F508DF81E40FFF76BFD9DF82F009DF87D
:100A70002E109DF82D301070517093700DB030BD58
:100A800030B5034685B030F8015F33F8042F847821
:100A90009B78ADF80C20084602AA03A98DF80E3009
:100AA000ADF804508DF80640FFF7C0FFBDF80420F4
:100AB000BDF808309A4204D0012080F0010005B052
:100AC00030BD9DF806209DF80A309A42F4D10020EE
:100AD00080F0010005B030BD0388102B00D07047B6
:100AE000F0B5041D0FCC91B006AD0FC50FCC0FC5EE
:100AF0009DF81C3094E8030003F0FE03062B85E804
:100B0000030014D1BDF818304849079803EB83035C
:100B10005B004FF6FF74CC52CA18BDF820409DF818
:100B200022101172C2F80200D48011B0F0BDFAF7A1
:100B30003DFF9DF81C305B08012B25D9022BE1D12C
:100B400007AE01AC0DF1020505E09DF81C3003F085
:100B5000FE03042B5DD0224629460720FAF72EFF1C
:100B60000028F2D1BDF81830304A0798B488B1791E
:100B700003EB83035B004FF6FF75D5521344C3F8B4
:100B80000200DC801972D0E701AC0DF102052246AB
:100B900029460720FAF712FF002844D0029911F1E4
:100BA000110FF4D04E7C9DF81C30734013F0FE0FF3
:100BB0004FF0060201F112010DF11D00E7D104F022
:100BC0007AF90028E3D1BDF8021007AEBDF818206D
:100BD000164F079802EB82035B00FD18F952AB1C1D
:100BE000C5F80200B08898804FF6FF70B5799D7106
:100BF00081429AD000232046ADF80620ADF80810B7
:100C00008DF80430FBF74EFC2046FFF73FF911B09A
:100C1000F0BD029930460131FFF732FF00289AD02B
:100C2000BDF80210D2E707AE9CE700BF08430020E2
:100C30002DE9F84FDDF828904A45904638BFC84660
:100C4000B8F1000F1BD09B468A4605461746002484
:100C500006E0A14588BF0BF80400013444450ED0DE
:100C60002B68A74288BF1AF804101E6998BF00219C
:100C70002846B0470028ECDA0248BDE8F88F00208B
:100C8000BDE8F88F0AFCFFFF30B583B00468069D0D
:100C900000956469A047044A0446DDE90701EFF7BF
:100CA000A7F9204603B030BD6903030082B070B5D8
:100CB0000C4684B005464968206802AC03C4039919
:100CC00008AC481084E80C00CB0745BF2A58029BAB
:100CD000029CD4580AAB2E1893E803008DE8030059
:100CE00008AB0CCB3046A04704B0BDE8704002B062
:100CF000704700BF82B0D0B50699C16000F1100402
:100D000000260027C0E9086704A9204681E80C00F6
:100D1000EFF710FC2046BDE8D04002B0EFF7BEBBB5
:100D200082B038B5D0E9084504A981E80C0054EA3E
:100D3000050303D1BDE8384002B070470446F1F71F
:100D40005BFBD4E908238B4208BF8242F2D2002326
:100D500004F1100500200021C4E90801E3602846E1
:100D6000EFF7E8FB2846BDE8384002B0EFF796BB46
:100D700070B5044600250A4B036000F1100681603F
:100D80002A460121304625716571EFF77DFB30461B
:100D9000E560E56284F82850EFF780FB204670BDDF
:100DA0009C7F04002DE9F041044682B00E461546B2
:100DB00010309846BDF82870F4F7DAFD268065807B
:100DC000182004F050F808AB054693E803006A4683
:100DD00082E803002E4603CA46F80C8B0023084A1B
:100DE000EB6047F00207736068602046A780A5604B
:100DF000E360C4E90833A9606A6102B0BDE8F0812C
:100E0000AD0C04002DE9F04385B0BDF838806BB31C
:100E10000C9C44B30F2902D1B8F1C00F26D106466D
:100E200028201C460D46174604F01DF80CAB8146E1
:100E300093E803003A468DE803002346CDF8088086
:100E400029464846FFF7AEFF33680E4A5B68934277
:100E50000FD14846EFF78CFC484603F0FDFF0A48E7
:100E600005B0BDE8F0830D9CE407D3D46FF47A702D
:100E7000F6E73046494698470028EAD105B0BDE874
:100E8000F08300BFBDF8020016FCFFFF2DE9F04320
:100E900090F8283089B004460D469BB1002D4FD103
:100EA00000220023C4E908230023E36004F11000BA
:100EB000EFF7F4FAE0682F4B002808BF184609B096
:100EC000BDE8F08380682C4A03685B6D93424CD187
:100ED0002A4B04934FF0000804AACDF81480284F41
:100EE000C688B0F808C03B68DFF89C9092E8030021
:100EF00016F4807F4FF0C0068DE803000CBF05227A
:100F000004226146184602962346FFF77BFF1D4BDD
:100F10003A68CDE9063808AB13E9030023468DE8AB
:100F2000030002961046232142F21072FFF76AFF77
:100F300099F8003063B1012384F82830002DAFD038
:100F4000F1F75AFA421941EBE573C4E90823ABE71C
:100F50000093232242F2107342F210700021F1F745
:100F60005BFA012389F80030E5E703219847A06880
:100F7000AEE700BF11FCFFFFED950200F50C040089
:100F8000CC3B0020210D040019440020F0B52B4B70
:100F900081682B4ECD88B1F808C0376893B0002225
:100FA000CDE9063206AB80F82820044693E803001A
:100FB00015F4807F4FF010058DE8030014BF042264
:100FC000052223460295614608A8FFF7EBFE3B6821
:100FD0001C4D9B68AB4228D108A8EFF7C9FB1A4B00
:100FE00004930023059304AB93E8030036681023B1
:100FF0008DE80300029342F210722346232108A8D1
:10100000FFF7D0FE33689B68AB4212D108A8EFF718
:10101000AFFB002100230020C4E90801E36004F1D4
:101020001000EFF787FA13B0F0BD384608A99847CB
:10103000D2E7304608A99847E8E700BFF50C04005E
:10104000CC3B00203DFB0200210D040090F828302D
:1010500010B504463BB923791BB1236820469B6831
:101060009847002010BDFFF791FFF4E790F8283073
:10107000044A10B5044602600BB1FFF787FF204613
:1010800010BD00BF9C7F040090F82830054A10B5C1
:10109000044602600BB1FFF779FF204603F0DCFE47
:1010A000204610BD9C7F040041627047406A0030BA
:1010B00018BF0120704700BF4068704741600020A2
:1010C000704700BFF0B58B68CD699D42A8BF1D4633
:1010D0000C4683B001222946064604F10C0701A8FC
:1010E000F4F75AFF01A93846F4F788FF01A8F4F78E
:1010F0007DFFE06861692A46043003F0EBFE626917
:10110000E3692A445D1B002D6261E5612BD1236AEE
:10111000002BC4BF03F1FF33236293B1A36922699B
:10112000E361002B626104DD606A03681B68984715
:10113000E36933B139463046F4F750FF304603B027
:10114000F0BD236A002BF5D194F82830002BF1D0A4
:1011500004F12C00EFF7DAF939463046F4F73EFF98
:10116000304603B0F0BDDFDCE4E700BF38B504462D
:101170000C4B40F80C3B04F12C05F4F707FF284614
:1011800000220121EFF780F9002101224FF4807342
:101190002846E4636162C4E90123EFF77FF9204642
:1011A00038BD00BFB07F040070B5456A9DF810607F
:1011B0008DB1002A0FDD73B1044628682362C4E9AB
:1011C0000411036884F82860C4E906222846984779
:1011D00094F8283003B970BD04F12C00BDE87040CC
:1011E000EFF75CB910B582B000240094FFF7DCFF84
:1011F00002B010BD024B1868BFF35B8F704700BF91
:10120000E0430020024B1868BFF35B8F704700BFBC
:10121000F020002030B5214A21F00043934287B0EE
:101220001BDD1F4A934205DD02460B4602F024FFF8
:1012300007B030BD02AADDF7EBFE00F00303012B7F
:1012400011D0022B23D0DBB10124DDE90423DDE939
:1012500002010094DEF7ECFEEAE700220023DEF74D
:10126000BFF907B030BDDDE904450093DDE90201B7
:1012700022462B46DEF7DCFE01F1004107B030BD0F
:10128000DDE90423DDE90201DEF7AAF9D0E7DDE9B3
:101290000423DDE90201DEF7A3F9EDE7FB21E93FD5
:1012A000FFFFEF7F21F000431946704730B51F4A1A
:1012B00021F00043934287B01CDD1D4A934205DDB7
:1012C00002460B4602F0D8FE07B030BD02AADDF799
:1012D0009FFE00F003000128DDE9042312D002285C
:1012E0001CD0A0B1DDE90201DEF77AF901F100417D
:1012F00007B030BD0023009300220023DEF798FEE4
:1013000007B030BDDDE90201DEF76AF9DCE7012450
:10131000DDE902010094DEF78BFED5E70124DDE96B
:1013200002010094DEF784FEE0E700BFFB21E93F05
:10133000FFFFEF7F30B5144A21F00043934287B09E
:1013400019DD124A934205DD02460B4602F094FE77
:1013500007B030BD02AADDF75BFE440004F00204D2
:10136000C4F10104DDE90423DDE902010094DEF7A4
:1013700017FF07B030BD0123009300220023DEF7E2
:101380000FFF07B030BD00BFFB21E93FFFFFEF7F3C
:10139000334A21F000439342D0B506460F460C462F
:1013A0000DDD02460B4600202E4903F047F9002FC1
:1013B0004FF000022B4B2EDB02F060FED0BD2A4A1C
:1013C000934207DD27490020002CF7DA01F10043A2
:1013D0001946D0BDB3F1725F20DB244A934226DD6B
:1013E000FFF760FF02460B4602F048FEDFF7BCF84D
:1013F00000224FF0804302F041FE02460B460020DF
:101400004FF0804103F01AF902460B4600201549BF
:1014100002F032FED8E702F02FFED0BD0022114BC1
:1014200002F02CFE32463B4602F0DEFFD0BDFFF755
:1014300039FF00224FF0404302F0D6FFDFF794F867
:1014400000224FF08043064601F1004702F016FEED
:1014500002460B463046394603F0F0F8B4E700BFC9
:10146000FFFFEF7F0000F03FFFFF3540FFFFEF3F42
:1014700070B5C1F30A56A6F2FF33132B0A4608DCF7
:10148000002B1BDB0F4C44FA03F3002022EA03017C
:1014900070BD332B044607DDB3F5806FF8D10246EB
:1014A0000B4602F0EBFD70BD4FF0FF33A6F2134682
:1014B00023FA06F6114624EA060070BD002002F069
:1014C000004170BDFFFF0F0000B585B0234A0190B9
:1014D000019B23F0004393421DDDB3F1FF4F08DB76
:1014E000DDED017A77EEE77A17EE900A05B05DF848
:1014F00004FB02A901F06EFC00F00302012A14D0E3
:10150000022A22D0D2B101220399029802F084F972
:1015100007EE900AE8E7002101F0B4FD07EE900A1B
:1015200017EE900A05B05DF804FB0399029802F0EB
:1015300073F907EE900AF1EE677AD5E703990298FE
:1015400001F0A0FD07EE900ACEE70399029801F0A2
:1015500099FD07EE900AF1EE677AC5E7D80F493F8B
:1015600000B585B0244A0190019B23F000439342CB
:101570001EDDB3F1FF4F08DBDDED017A77EEE77A90
:1015800017EE900A05B05DF804FB02A901F022FCF9
:1015900000F00300012816D0022823D0D0B103990F
:1015A000029801F06FFD07EE900AF1EE677AE7E727
:1015B0000022002102F030F907EE900A17EE900A9F
:1015C00005B05DF804FB0399029801F05BFD07EE9E
:1015D000900AD5E701220399029802F01DF907EE5F
:1015E000900ACDE701220399029802F015F907EE5F
:1015F000900AF1EE677AC3E7D80F493F2DE9F0432F
:10160000DFF898808BB004460D46DCF7F9F998F9BD
:101610000030013306460F462BD022462B4620468B
:10162000294603F07BF9814618BB20462946FFF77F
:1016300039FE0022164B03F067F9D0B1154B16485E
:1016400001930122CDF820900092CDE90445CDE927
:10165000024502F037F998F90030022BCDE9060176
:101660000CD0684602F02CF940B1089B5BB9DDE96B
:101670000667304639460BB0BDE8F08302F074FCD3
:1016800021230360F1E702F06FFC089B0360EEE7A3
:101690000000F03FD07F0400606A04003223002085
:1016A0002DE9F0438BB004460D46DCF7FDFB244BDF
:1016B00093F90080B8F1FF3F06460F460ED0224650
:1016C0002B462046294603F029F9814630B90022ED
:1016D0001C4B2046294603F0F9F820B9304639461C
:1016E0000BB0BDE8F0830022002301210091164ECB
:1016F000CDF8209010461946CDE90445CDE90245C4
:10170000019602F09BFFB8F1020FCDE906010CD063
:10171000684602F0D5F840B1089B5BB9DDE9066781
:10172000304639460BB0BDE8F08302F01DFC2123A2
:101730000360F1E702F018FC089B0360EEE700BFCE
:10174000322300200000F03FD87F04002DE9F04351
:10175000DFF898808BB004460D46DCF731FC98F931
:101760000030013306460F462BD022462B4620463A
:10177000294603F0D3F8814618BB20462946FFF7D7
:1017800091FD0022164B03F0BFF8D0B1154B16485F
:1017900001930122CDF820900092CDE90445CDE9D6
:1017A000024502F08FF898F90030022BCDE90601CE
:1017B0000CD0684602F084F840B1089B5BB9DDE9C3
:1017C0000667304639460BB0BDE8F08302F0CCFB2B
:1017D00021230360F1E702F0C7FB089B0360EEE7FB
:1017E0000000F03FE07F0400606A04003223002024
:1017F000DCF716BE2DE9F04FDFF8CCA08BB0044625
:101800000D46DCF7FDFE9AF90030013306460F461F
:1018100037D022462B462046294603F07FF88346E0
:1018200078BB20462946FFF73DFD0022244B804629
:10183000894603F05FF820B3404649460022204B1A
:1018400003F062F89AF9006060B3CDE90445CDE990
:1018500002450121002200231A4F0091CDF820B04B
:1018600010461946019702F0E9FE022ECDE9060165
:101870000CD0684602F024F840B1089B6BB9DDE952
:101880000667304639460BB0BDE8F08F02F06CFBBE
:1018900021230360089B002BF1D002F065FB089B1D
:1018A0000360ECE7022308900093064FCDE904455E
:1018B000CDE902452046294600220023D2E700BF99
:1018C0000000F03FE87F0400322300202DE9F04FB4
:1018D0008BB01D4606460F46144600F07FFC294B90
:1018E00093F900A0BAF1FF3F8046894635D02246E1
:1018F0002B462046294603F011F870BB32463B4682
:101900003046394603F00AF8834630BB00220023F4
:101910002046294602F0D0FFF8B11B4BCDF820B08D
:101920000122CDE90267CDE90445CDE90023BAF1F2
:10193000000F17D0002200231046194602F07EFE49
:10194000BAF1020FCDE906010ED102F00DFB212301
:101950000360089B83B9DDE90689404649460BB020
:10196000BDE8F08FCDE90667684601F0A9FF0028C1
:10197000EBD0089B002BEED002F0F6FA089B036038
:10198000E9E700BF32230020FC7F04002DE9F0438B
:101990008BB004460D46DDF7E3F8364B93F9006053
:1019A000731C804689460DD022462B462046294688
:1019B00002F0B4FF30B9002200232046294602F08D
:1019C000A3FF20B1404649460BB0BDE8F0832A4B47
:1019D0000890CDE90245CDE904450193DEB9274FD2
:1019E0004FF060462046294600220023CDE90667D5
:1019F00002F062FF002835D002230093684601F010
:101A00005FFFB8B1089BD3B9DDE906894046494676
:101A10000BB0BDE8F0831A4B0022CDE90623204627
:101A200029460022002302F047FF68B102239E42AC
:101A30000093E3D102F098FA22230360E2E702F078
:101A400093FA089B0360DFE70123022E00930BD17A
:101A500002F08AFA212303600A4801F033FFCDE93E
:101A60000601CFE701230093684601F029FF002813
:101A7000F2D1EDE73223002004800400FFFFEFC71E
:101A80000000F0FF606A04002DE9F0438BB00446CB
:101A90000D46DDF731FA374B93F90060731C804631
:101AA00089460ED022462B462046294602F036FFB4
:101AB000074630B9002200232046294602F010FFD5
:101AC00020B9404649460BB0BDE8F0832A4B089741
:101AD000CDE90245CDE904450193DEB9274F4FF02A
:101AE00060462046294600220023CDE9066702F021
:101AF000E3FE002835D002230093684601F0E0FEA3
:101B0000B8B1089BD3B9DDE90689404649460BB018
:101B1000BDE8F0831A4B0022CDE906232046294672
:101B20000022002302F0C8FE68B102239E42009307
:101B3000E3D102F019FA22230360E2E702F014FA7B
:101B4000089B0360DFE70123022E00930BD102F014
:101B50000BFA212303600B4801F0B4FECDE9060126
:101B6000CFE701230093684601F0AAFE0028F2D1D6
:101B7000EDE700BF3223002008800400FFFFEFC71D
:101B80000000F0FF606A04002DE9F0432B4E8BB09B
:101B900080468946DDF760FC96F900300133044643
:101BA0000D4603D001F086FE074620B120462946A7
:101BB0000BB0BDE8F0834046494601F07BFE0028AB
:101BC000F4D01F4B96F9004008970322CDE900237B
:101BD000CDE90489CDE90289404649460022002327
:101BE00064B902F091FE4FF06042E8B1154BCDE9C7
:101BF0000623684601F064FE68B908E002F084FE3E
:101C0000002298B1104B022CCDE90623F1D102F04D
:101C1000ABF922230360089B53B9DDE90645204652
:101C200029460BB0BDE8F083084BE0E7084BEAE734
:101C300002F09AF9089B0360EFE700BF322300200F
:101C400010800400FFFFEF470000F07FFFFFEFC7A9
:101C50000000F0FF2DE9F04F8BB004460D4600F078
:101C6000CFFB294B93F900A0BAF1FF3F06460F4680
:101C700012D022462B462046294602F04FFE8346CC
:101C800050B94FF000084FF000092046294642465F
:101C90004B4602F01BFE20B9304639460BB0BDE87A
:101CA000F08F0122194BCDF820B00092CDE9044508
:101CB000CDE902450193BAF1000F17D042464B46D9
:101CC0004046494602F0BAFCBAF1020FCDE90601DE
:101CD0000ED102F049F921230360089B73B9DDE9B5
:101CE0000667304639460BB0BDE8F08FCDE906896E
:101CF000684601F0E5FD0028EFD1EAE702F034F98B
:101D0000089B0360EBE700BF32230020188004002B
:101D100000F036BC10B52DED028B8AB008EE100A2B
:101D200000F0E8FC334B93F90040631C09D0B4EE9B
:101D3000488AF1EE10FA04D6B5EEC08AF1EE10FA38
:101D400003D90AB0BDEC028B10BD2B4B019318EEEA
:101D5000100A0023089302F0EFFACDE90401CDE95F
:101D60000201CCB9254BB5EE408A4FF06042F1EE4E
:101D700010FACDE9062334D102230093684601F01E
:101D80009FFDB0B1089BCBB9DDE9060102F024FE4E
:101D90000AB0BDEC028B10BD194BB5EE408A002293
:101DA000F1EE10FACDE906230DD102239C420093F7
:101DB000E4D102F0D9F822230360E3E702F0D4F87B
:101DC000089B0360E0E70123022C00930BD102F093
:101DD000CBF8212303600B4801F074FDCDE9060127
:101DE000D0E701230093684601F06AFD0028F2D194
:101DF000EDE700BF3223002020800400FFFFEFC783
:101E00000000F0FF606A04002DE9F0432DED048B23
:101E1000B34E8BB008EE900A08EE101A00F0E0FC0A
:101E200096F900506B1C044630D0B4EE488AF1EEAF
:101E300010FA2BD6F4EE688AF1EE10FA68D69FED10
:101E4000A99AF4EE498AF1EE10FA25D1B4EE498A46
:101E5000F1EE10FA40F090800123A34A009318EEAF
:101E6000900A00230192089302F066FACDE902017C
:101E700018EE100A02F060FA00220023CDE90401F6
:101E8000CDE90623002D60D04FF07E5420460BB0E4
:101E9000BDEC048BBDE8F08301F0FCFD0546002895
:101EA00000F09A8007EE904AF5EE407AF1EE10FAD3
:101EB000ECD118EE900A01F0EDFD0028E6D018EE06
:101EC000100A01F0E7FD0028E0D00423864A0093C1
:101ED00018EE900A00230893019202F02DFACDE942
:101EE000020118EE100A02F027FA96F900300024D9
:101EF0000025022BCDE90401CDE9064503D0684653
:101F000001F0DEFC38BB02F02FF82223036022E050
:101F1000B5EE408AF1EE10FAB8D10123724A00936F
:101F200018EE900A00230192089302F005FACDE919
:101F3000020118EE100A02F0FFF96C4B0022022D8C
:101F4000CDE90401CDE906239ED0684601F0B8FC36
:101F5000002800F08480089B1BB102F005F8089B64
:101F60000360DDE9060102F037FD044620460BB0B0
:101F7000BDEC048BBDE8F08318EE100A01F08AFD79
:101F8000002883D0B5EEC08AF1EE10FA7FF57EAF5F
:101F90000123554A009318EE900A002308930192FA
:101FA00002F0CAF9CDE9020118EE100A02F0C4F9F4
:101FB00096F90030CDE90401002B55D04C490020A2
:101FC000022BCDE9060153D101F0CEFF212303609E
:101FD000089B002BC5D0C0E718EE900A01F05AFD0F
:101FE00000283FF45FAF18EE100A01F053FD0028FF
:101FF0003FF458AF18EE900A02F09EF9804618EEB2
:10200000100A894602F098F907EE904AF4EE677AD2
:10201000F1EE10FA96F9007072D6F6EE007A03220D
:10202000314B08950092CDE90289CDE90401019375
:1020300028EE278A17BB2F4BF5EEC08A4FF060427F
:10204000F1EE10FACDE9062324D4684601F038FCFD
:102050000028BDD101F088FF22230360B8E701F01A
:1020600083FF2123036076E700220023CDE90623C6
:10207000684601F025FC0028AAD1A5E71E4BF5EE25
:10208000C08A0022F1EE10FACDE9062315D4022F02
:10209000E0D0DAE718EE100A01F062FD07EE900AD0
:1020A000F4EE487AF1EE10FA16D0144B96F900705F
:1020B0004FF06042CDE90623E9E718EE100A01F07F
:1020C0004FFD07EE900AF4EE487AF1EE10FA03D0D5
:1020D000074B0022CDE9062396F90070D7E700BF31
:1020E0003223002000000000288004000000F03FA0
:1020F0000000F0FFFFFFEF470000F07FFFFFEFC79A
:1021000001220B4B08950092CDE90289CDE904012B
:102110000193002FA8D0C9EE097A17EE900A02F0B9
:102120000BF9022FCDE906013FF44EAFA0E700BF47
:102130002880040010B52DED028B8AB008EE100A3D
:1021400000F098FF234B93F90040631C09D0B4EED4
:10215000488AF1EE10FA04D6B5EEC08AF1EE10FA14
:1021600003D40AB0BDEC028B10BD01231A4A0093C0
:1021700018EE100A00230192089302F0DDF8002205
:10218000CDE90401CDE902010023ACB110461946A6
:1021900002F054FA022CCDE906010FD101F0E4FE61
:1021A00021230360089B7BB9DDE9060102F014FCE2
:1021B0000AB0BDEC028B10BDCDE90623684601F0E4
:1021C0007FFB0028EED1E9E701F0CEFE089B03601B
:1021D000EAE700BF32230020308004002DE9F047F9
:1021E00023F0004E5EEA020620D07E4E21F0004829
:1021F000B04589461ADC564216437B4F4EEAD676E6
:10220000BE42144612D8F0451D4694468246074603
:1022100001F0004612DC0FDB90420DD30ED1734B60
:10222000F60F03EBC603D3E9000105E002F0DCF88A
:1022300002460B4602F002FABDE8F087B8F5801FAF
:102240003BDB4FEA2852A2F2FF32BEF5801F80F23C
:102250008F80BEF1000F40F09F80002C2346644920
:1022600004DD5B00002B01F1FF31FADC614B9A4287
:1022700070DBC9F3130343F480135E4881425BDBD8
:10228000C5F3130444F48014501A07E052EA05031E
:1022900021D0EB0F03EB42036F0001381A1BA7EBB1
:1022A0000C05F8B1674538BF02F1FF32002AEDDABC
:1022B000FA0F02EB43037F00EFE7B8F1000F5CD1A8
:1022C000BAF1000F53464A4ABFDD5B00002B02F112
:1022D000FF32FADCB9E7454BF60F03EBC606D6E949
:1022E0000001A9E7674538BF02F1FF32002ABCBFF1
:1022F0003D461A4652EA0503EDD03F48824208DCCB
:10230000EB0F03EB4202824201F1FF314FEA450538
:10231000F6DD384B99424EDA5B1A142B54DC01F28D
:102320001E41DD4002FA01F142FA03F31E4341EA85
:102330000502314610467FE7401A1F2826DC01F2CD
:102340001E450EFA00FE24FA05F504FA00FC45EAE3
:102350000E0499E79F1A1F2F27DC02F21E4308FA8A
:1023600007F82AFA03F30AFA07F743EA080384E7AF
:102370004FEA2E51A1F2FF3178E71E4A4FEAC823F7
:102380005B00002B02F1FF32FADC5EE71B4D6D1A99
:10239000AC404FF0000C77E716494FEACE235B00C4
:1023A000002B01F1FF31FADC60E7144B9B1A0AFAAB
:1023B00003F3002761E7A2F58012164301F2FF3311
:1023C00046EA0351284637E71F2B07DC01F21E417E
:1023D00002FA01F125FA03F20A43AAE7074B591A58
:1023E0000A41A6E7FFFFEF7F0000F07F405804009E
:1023F000EDFBFFFF02FCFFFFFFFF0F00E2FBFFFF13
:102400005E4A8A432DE9F04104460D4600F095806E
:1024100000290B460646844656DD0F1500F0A580C0
:10242000C3F31303A7F2FF3743F480134FEADC72C0
:10243000F80702EB43034FEA4C0504D5ED0F05EB1B
:1024400043034FEA8C0500267F10B44616224FF452
:1024500000110CEB010098424FEAD5744FEA450594
:1024600003DC1B1A00EB010C0E44013A04EB43039E
:102470004FEA5101EDD11046964620244FF000421C
:1024800009E051D05B00013C03EBD5734FEA5202E7
:102490004FEA450537D0634502EB0E01F1DD002917
:1024A00001EB020E0ADBE046A3EB0C03A94288BF56
:1024B00003F1FF336D1A1044C446E3E7BEF1000F89
:1024C000F1DB0CF10108EFE721F00042024329D0D3
:1024D000002942D10146CA0A153B4905002AFAD013
:1024E00012F4801001D044E060465200D40200F1A2
:1024F000010CF9D5CCF1200401FA0CFCE1401F1AC3
:1025000041EA02038CE72B4321D14408731003F105
:102510007F53F20703F5001348BF44F0004403EB78
:1025200007512046BDE8F081A942ABD8002901EB54
:10253000020EC3DB98460023BCE702460B4601F0BF
:1025400053FF22462B4601F099FDBDE8F081411C66
:1025500016BF421C01365408D8E7024601F08CFD34
:1025600002460B4602F06AF8DCE71A4631463B4663
:10257000B6E78C4620244FF0FF30BFE70000F07F25
:1025800030B583B007EE900A0191019B23F0004221
:10259000B2F1FF4F17DC20F00041B1F1FF4F0546CB
:1025A00011DCB3F17E5F3FD09C1704F0020444EAD3
:1025B000D07481B9022C4CD09FED437A032C08BF14
:1025C000F0EE477A03E09DED017A77EE277A17EE79
:1025D000900A03B030BDF2B1B2F1FF4F29D0B1F192
:1025E000FF4F18D08A1AD2153C2A35DC002B36DA78
:1025F0003C3234DADFED357A012C47D0022C3CD066
:10260000002CE4D0DFED326A9FED327A77EEA67AC5
:1026100077EEC77ADBE7DFED307A9FED307A002D79
:10262000B8BFF0EE477AD2E703B0BDE8304001F022
:102630004FB9B1F1FF4F30D0022C0AD0032C39D062
:10264000DFED277A9FED217A012C18BFF0EE477A53
:10265000BDE7DFED207ABAE7DFED1F7ACCE701981E
:1026600007EE100AC7EE877A17EE900A01F00EFA0D
:1026700001F02EF907EE900ABEE7DFED156A9FED37
:10268000157A77EEA67A77EE677AA0E717EE903A9A
:1026900003F1004307EE903A99E7022C10D0032C87
:1026A0000BD0DFED107A9FED107A012C18BFF0EE01
:1026B000477A8CE7DFED047A89E7DFED0C7A86E76D
:1026C000DFED0B7A83E700BFDB0F49C0000000009D
:1026D0002EBDBB33DB0F4940DB0FC93FDB0FC9BF4A
:1026E00000000080DB0F49BFDB0F493FE4CB16C081
:1026F000E4CB164000B52DED028B83B0019001981C
:1027000030F0004337D0002842DBB0F1FF4F4EDA03
:10271000B0F5000F56DADFED2C7A9DED017A67EE09
:10272000277A6FF0180217EE900AC3157F3B134407
:10273000DA0F134407EE903AC2F17F01C0F316009E
:1027400040EAC150B8EEE78A01F0E6FADFED1F7A01
:10275000DFED1F6A9FED1F7A06EE100A66EE277AFC
:10276000E8EE267AE8EE077A17EE900A03B0BDECA1
:10277000028B5DF804FBDFED186A9FED187AC6EE58
:10278000877A17EE900A03B0BDEC028B5DF804FB6C
:10279000DDED017A9FED117A77EEE76AC6EE877A72
:1027A00017EE900A03B0BDEC028B5DF804FBDDED83
:1027B000017A77EEA77A17EE900A03B0BDEC028B90
:1027C0005DF804FB0022B0E70000004CD95BDE3E60
:1027D000DB27543580209A3E000000CC000000002A
:1027E0002DE9F04731F000462DED028B12D020F09C
:1027F0000047B7F1FF4F804606DDBDEC028B5A481B
:10280000BDE8F04701F0A8B9B6F1FF4F08DDB7F118
:102810007E5FF2D14FF07E50BDEC028BBDE8F087B9
:1028200000280C462BDB4FF00009B6F1FF4F38D0E3
:10283000B6F17E5F3DD0B4F1804F19D0B4F17C5F2A
:1028400005468A4643D1B8F1000F6FDA01F01EF950
:10285000B7F1FF4F01D0002F3FD1A7F17E5757EAC4
:10286000090369D0B9F1010FD6D180F00040D3E758
:1028700007EE900A67EEA77A17EE900ACCE7B6F15A
:10288000974F21DAB6F17E5F08DBF315C3F19603AB
:1028900046FA03F202FA03F3B34256D04FF00009AE
:1028A000C6E7B7F17E5FB5D03BDD002C28DB0846DC
:1028B000B2E7002CB0DA07EE100AF7EE007AC7EEA6
:1028C000877A17EE900AA7E74FF00209ADE701F00B
:1028D000DDF8B7F1FF4F15D0A7B1B7F17E5F11D08A
:1028E0004FEAD873013B59EA030233D0B6F19A4F4D
:1028F00040DD1E4A974200F39481002CC0F297817C
:10290000002089E7002C07DA07EE100AF7EE007ABC
:10291000C7EE877A17EE900AB8F1000FBFF67CAFCA
:102920009BE7002CECDA81F0004075E7BDEC028BF0
:10293000BDE8F04700F09EBB07EE900A77EEE77A1D
:10294000C7EEA77A17EE900A66E702F00102C2F11D
:1029500002096DE707EE905A77EEE77AC7EEA77A9D
:1029600017EE900A58E700BF606A0400F7FF7F3F48
:102970000000804BB7F5000F80F249815FED047ACB
:1029800007EE100A67EE277A6FF0170217EE907ABB
:10299000F048F915C7F316077F398742114447F00D
:1029A0007E5240F33681EC48874240F3B9819FED77
:1029B000EB5A0131A2F50002F0EE453A0020F7EEA5
:1029C000006A04EE902A74EEA67AB7EE007A87EEDB
:1029D000278A521042F0005202F58022024434EE5F
:1029E000E67ADFEDDF8A9FEDDF2A9FEDDF0ADFED7C
:1029F000DF0A9FEDDF1ADFEDDF1ADFEDDF2A9FED43
:102A0000DF3A27EE084A07EE902A24EE046ADC4AF1
:102A1000A6EE282A14EE100A104005EE900AA2EE47
:102A2000060AB1EE652A77EEE66AA2EE277AF0EEA4
:102A3000607AE0EE067A74EEE64AF0EE476AB0EEAF
:102A4000417AA7EE867AE2EE246AE7EE061A66EE8F
:102A5000886A75EE847A26EE066A67EEA67AF0EE4C
:102A6000084AE6EE217AB0EE646AA5EEA56A07EEA2
:102A7000101A36EE276ADFEDC31A16EE101A11404F
:102A800006EE101A76EE644AB8EEC77AE2EE254AF0
:102A900077EEE47A67EE847AE6EE267AF0EE676AFD
:102AA000E5EE866A16EE901A114006EE901AE2EEF6
:102AB000066A05EE901A77EEE67A67EEA27AE5EE00
:102AC000837A77EEA37AF0EE676AE5EEA16A76EE96
:102AD000856A76EE876A16EE901A114006EE901A15
:102AE00036EEC77A37EE457AA5EEE17A77EEC77A09
:102AF00024F47F6424F00F0407EE10AA06EE104AB7
:102B000067EE877A37EE466A07EE104AE6EE267AD7
:102B100009F1FF3959EA030326EE877ABFEE008AEE
:102B200077EE876AB7EE006A16EE900A18BFB0EE2D
:102B3000468A002820F0004340F39480B3F1864F8A
:102B400000F387807AD0B3F17C5F00F39780002197
:102B500016EE903A23F47F6323F00F0306EE903ACB
:102B60009FED896ADFED895A9FED893ADFED893A59
:102B70009FED892A9FED894ADFED894A9FED895AA9
:102B800036EEC77AF0EE002A77EEC77A26EE867A1E
:102B9000A7EEA57AF7EE005AF0EE477AA6EE837A12
:102BA00027EE076AF0EE471AE6EEC31AF0EE636A04
:102BB000E6EE026A77EEE17AA6EE864AE7EE277A3B
:102BC000E4EE064AA4EE865AF0EE456AB0EE475AA5
:102BD000A6EEC65AF0EE456A36EEE26A27EE055AD0
:102BE000C5EE066A76EEE77A37EEC77A35EEC77A33
:102BF00017EE103A03EBC153B3F5000FC0F2A280F9
:102C000007EE903A67EE887A17EE900A04E6002203
:102C1000BEE69FED525A0020F0EE453AF7EE006A0C
:102C2000CFE6614A974248DD002C7FF769AEDFEDC1
:102C30005F7A67EEA77A17EE900AEDE59FED5C6A82
:102C400076EEC76A37EE866AB4EEE66AF1EE10FAFF
:102C500014DD9FED567A68EE077A67EE877A17EEF5
:102C6000900AD9E5534A934263DC7FF46CAF76EE69
:102C7000C76AF4EEE76AF1EE10FA5ADADB154FF4A0
:102C800000027E3B42FA03F30344C3F3C7524A4CAB
:102C90007F3A1441C3F3160123EA040306EE903A87
:102CA000C2F1170241F4000137EE667A11410028A3
:102CB000B8BF494277EE876A4AE707EE100AF7EE97
:102CC000007A77EE677A9FED296A9FED3C7ADFED17
:102CD0003C4ADFED3C5AB1EE675AF5EE006AA5EECC
:102CE000266AF6EE006AE6EE676A27EEA76A66EEE7
:102CF000866A27EE667AA7EEA47AF0EE476AE7EED8
:102D0000A56A16EE902A22F47F6222F00F0207EEE7
:102D1000902AE5EE257A06EE902A77EE677AE7E6C6
:102D20009FED295ADFED293A4FF40010F7EE086ABB
:102D300047E69FED277A68EE077A67EE877A17EE07
:102D4000900A69E517EE100A00F072FF07EE900A8C
:102D500058E700BF71C41C00D6B35D00000000003E
:102D600042F1533E55326C3E05A38B3EABAAAA3EC0
:102D7000B76DDB3E9A99193F4F38763FA0C39D3619
:102D800000F0FFFF0038763F8CBEBF351872313F30
:102D90000072313F0EEADDB54CBB313355B38A3892
:102DA000610B36BBABAA2A3E0700803FCAF24971CD
:102DB0003CAA383300001643FFFF7F003BAAB83F10
:102DC00070A5EC3600AAB83F00C0153FDCCFD13566
:102DD0006042A20D70B5994A20F00044944286B03A
:102DE0006BDD974A944206461CDC002824F00F0451
:102DF000DFED947A944A07EE100A64DD944277EE90
:102E0000677A00F0D5809FED917A77EEC76A01204E
:102E100077EEE67AC1ED006A77EEC77AC1ED017A06
:102E200006B070BD8A4A94420D4660DDB4F1FF4F92
:102E300080F2B480E215863AA4EBC25307EE903AD2
:102E4000BDEEE77ADFED836AB8EEC77A77EEC77A30
:102E50008DED037A67EEA67ABDEEE77AB8EEC77A13
:102E600077EEC77A8DED047A67EEA67AF5EE407AB2
:102E7000F1EE10FACDED057A40F0CC80B5EE407A57
:102E8000F1EE10FA0CBF01230223734901910221D4
:102E9000009103A8294600F07FF9002E11DA95ED84
:102EA000007AD5ED017AB1EE477AF1EE677A4042C9
:102EB00085ED007AC5ED017A03E0002208604A60E2
:102EC000002006B070BD944277EE277A00F08F8024
:102ED0009FED5E7A77EE876A4FF0FF3077EEE67A05
:102EE000C1ED006A77EE877AC1ED017AE9E700F07B
:102EF000CDFD9FED5A6A9FED535ADFED546A07EE00
:102F0000100AF6EE007AE7EE067AFDEEE77AB8EE02
:102F1000E76A17EE900AF1EE465AF0EE477A1F285C
:102F2000E5EE857A26EE267A54DD77EEC76A16EE50
:102F3000903AE415C3F3C753E31A082B54DD9FED11
:102F4000487ADFED486AB0EE675AA5EE875A77EE09
:102F5000C57AE5EE877AD6EE267A75EE676AB0EE28
:102F6000677A16EE903AC3F3C753E41A192C53DC70
:102F7000C5ED006AF0EE457A77EEE67A002E77EE40
:102F8000C77AC5ED017A9CDAF1EE666AF1EE677AEE
:102F9000C5ED006AC5ED017A404292E707EE900A5E
:102FA00077EEE77A0020C1ED017AC1ED007A88E77B
:102FB000DFED2B6A9FED2B7A77EEE67A012077EE34
:102FC000C76A77EEE67AC1ED006A77EEC77AC1ED9F
:102FD000017A76E7421E244B53F8223024F0FF0298
:102FE0009A4277EEC76AA2D0C5ED006AC4E7DFED6A
:102FF0001C6A9FED1C7A77EEA67A4FF0FF3077EED1
:10300000876A77EEE67AC1ED006A77EE877AC1EDDE
:10301000017A56E7032338E7DFED146ADFED144A3F
:10302000F0EE457AE5EEA67A35EE677AA5EEA67A59
:1030300096EE247A77EEC76AD6E700BFD80F493FED
:10304000E3CB1640800FC93FD00FC93F434435370B
:10305000800F4943000080434082040084F9223FEE
:103060000044353708A3852EC081040000A3852EB7
:1030700032318D2407EE900AF1EEE77A17EE900ACE
:10308000704700BF20F00043B3F1485F06EE100A1E
:1030900006EE901A2EDAFDEEC67A17EE903A002B65
:1030A0005FD026EE067ADFED343A9FED344ADFED4D
:1030B000344A9FED345ADFED347ADFED345AA7EE0F
:1030C000234AE7EE044AA7EE245AE7EE057AE7EE34
:1030D000275A65EE875A66EEC66AB6EE006AE7EED4
:1030E000256AF7EE007AD7EE066A77EEE67A17EEF3
:1030F000900A704726EE067ADFED1F3A9FED1F4AD1
:10310000DFED1F4A9FED1F5ADFED1F7ADFED1F5ADB
:103110001F4AA7EE234A9342E4EE074AA4EE875AD9
:10312000E5EE077AE7EE875A65EE875AD3DD194A4E
:1031300093421BDC03F17F4307EE903AB7EE005A4F
:1031400035EE675A66EEC66AB6EE006AE7EE256AA5
:10315000D7EE067A77EEE67A75EE677A17EE900A82
:103160007047F7EE007A17EE900A7047B6EE075AEE
:10317000F5EE027AE6E700BF4ED747ADF6740F31A1
:103180007CF293B4010DD037610BB6BAABAA2A3DDD
:103190009999993E0000483F2DE9F04F2DED048BA1
:1031A000D7B003F1FF390293D31E48BF131DBA4CA9
:1031B000649D0591DB1023EAE37354F825600393C3
:1031C00003F10108A2EBC80816EB09028646A3EB3F
:1031D000090316D41A449FEDB17A6598511C1AAAB6
:1031E000002BA4BF50F8234007EE904A03F10103DF
:1031F000ACBFF8EEE77AF0EE477A8B42E2EC017A68
:10320000EED1029B002E4FEA83044FEA860A1DDBB3
:103210001AAB181943AA7346191902EB0A0742ADF3
:10322000F446B9F1000FDFED9D7A09DB02466346F3
:10323000F3EC016A32ED017A8B42E6EE877AF7D140
:10324000E5EC017ABD4200F10400EAD1AAF10803DD
:1032500006ADEB1804939FED939ADFED918A0096EB
:1032600005ABB34674449A4442AF76464FEA8B03AB
:1032700056AA1A44BBF1000F52ED146A16DD07EB93
:103280008B02294666EE897AB0EE667AFDEEE77A21
:1032900032ED016AF8EEE77ABA42A7EEE87A77EE05
:1032A000866ABDEEC77AA1EC017AEBD1414616EEF3
:1032B000900A019300F0BCFC08EE100AF4EE007ACC
:1032C00068EE277A17EE900A00F0ECFB07EE100A82
:1032D000F2EE007AA7EE678AB8F1000F019BFDEECF
:1032E000C89AF0EE487AB8EEE98A37EEC88A40F319
:1032F000C6800BF1FF3CC8F1080255F82C1041FACA
:1033000002F000FA02F2891A45F82C1019EE90CA60
:103310008444C8F1070209EE90CA41FA02F2002A79
:1033200048DD19EE901ABBF1000F01F1010109EE21
:10333000901A40F33682D5F800C0BCF1000F40F07F
:103340009B80BBF1010F20D0AE4601205EF8041F28
:1033500000F1010C002900F09980E6468C46714688
:10336000CCF5807C8B4545F820C00CDD55F821005C
:103370002B4405EB810100E00868C0F1FF0041F833
:10338000040B9942F8D14FF0010CB8F1000F0EDD9B
:10339000B8F1010F00F02E81B8F1020F07D10BF147
:1033A000FF3155F8213003F03F0345F82130022A60
:1033B00000F00981B5EE408AF1EE10FA40F0868007
:1033C000009B0BF1FF3C63450EDC0BF180410139A2
:1033D00005EB8101002051F80439514540EA030012
:1033E000F9D1002840F00F81009B013B55F82330B4
:1033F000002B40F0FC80049B4FF0010C53F8042993
:103400000CF1010C002AF9D0DC440BF1010EE64569
:1034100030DC039B029A0EEB03015A4403EB0C0BC6
:103420001AAB01F1804103EB8202659B013903EB8A
:10343000810107EB8E0E03EB8B0B51F8043F9FEDE0
:10344000177A07EE903AF8EEE77A1046B9F1000FD6
:10345000E0EC017A09DB334601E072ED017AF3EC2E
:10346000016AA342A6EEA77AF7D15945AEEC017ADC
:103470000246E2D1E346F9E60121002070E715D1CA
:103480000BF1FF3255F82220121248E7E34560465F
:103490007FF45CAF8C4678E7948504000000000060
:1034A000000080430000803B0000C93FF6EE007A38
:1034B000B4EEE78AF1EE10FA80F25D81B5EE408A53
:1034C000F1EE10FA4FF000023FF47AAFC8F10001BC
:1034D00018EE100A0192009E00F0AAFB5FED106A40
:1034E000019A07EE100AB4EEE67AF1EE10FAC0F295
:1034F0005B815FED147A67EE277A0BF10103FDEE35
:10350000E77A08F10808F8EEE77AA7EEE67AFDEE2A
:10351000E77ABDEEC77A17EE101A45F82B1017EEB2
:10352000901A45F8231041464FF07E50CDE9002314
:1035300000F07EFB019B009A002B07EE100AC0F200
:103540004A819F0042A907F1040E5FED2A6A0F44E9
:10355000381D05EB0E0171ED017AF8EEE77AA9420C
:1035600067EE877A27EE267A60ED017AF3D10DF1C6
:10357000B8081FED336AC44603F101090025002E87
:10358000C0F20481A24CDFEDA37A3846B0EE467A51
:10359000002103E0A94208DCB4EC017AF0EC016AF6
:1035A00001318E42E6EE877AF4DA01354D45ECECD6
:1035B000017AA7F10407E2D16499032955D8DFE81D
:1035C00001F0CAB7B75DF7EE007A37EEC88ABCF1F2
:1035D000000F3FF4EFAE17EE900A4146019200F063
:1035E00027FB07EE900A019A38EE678AE2E64FF071
:1035F000010C09E70BF1FF3155F8213003F07F038F
:1036000045F82130D3E655F82C10009E6346A8F10A
:103610000808002987D10CF18041013905EB8101AF
:1036200051F80409013BA8F108080028F8D07AE70E
:10363000DFED787A002A40F0BF809DED2E7A059963
:10364000002BC1ED007A77EE677A0BDD2FA8012100
:10365000B0EC017A01318B4277EE877AF8DA002AF2
:1036600040F0B680059BC3ED017A19EE903A03F065
:10367000070057B0BDEC048BBDE8F08F002B40F382
:10368000C4809C0056A921440DF1B80803F1804084
:1036900051ED286A013808EB830171ED017A37EEAC
:1036A000A67A884577EEC77A81ED007A77EEA67A1A
:1036B000F0EE476AC1ED017AEFD1012B40F3A5800E
:1036C00056AB1C448000031D54ED286A43442FA9C7
:1036D00073ED017A37EEA67A994277EEC77A83EDD9
:1036E000007A77EEA67AF0EE476AC3ED017AEFD161
:1036F0000830DFED487A08EB000308F1080833EDE5
:10370000017A984577EE877AF9D1DDED2E6A9DED45
:103710002F7A2AB1F1EE666AB1EE477AF1EE677A56
:10372000059BC3ED006A83ED017AC3ED027A9CE745
:10373000002BFFF67DAF2EA800EB8301DFED357A7D
:10374000043131ED017A884277EE877AF9D1002A87
:103750003FF473AF30E0DFED2F7AC6443EED017ADF
:10376000F04577EE877AF9D10AB1F1EE677A059BD9
:10377000C3ED007A79E719EE902ABBF1000F02F150
:10378000010209EE902A3ADD0222D4E5DFED217A2A
:1037900001354D45ECEC017AA7F104077FF4EFAE5B
:1037A0000AE74FF0000CF0E5BDEEC77A5B4617EE76
:1037B000101A45F82B10B6E6DDED2E6A0599B1EE2C
:1037C000677A002B76EEE77A81ED007A3FF73EAF1D
:1037D000F1EE677A46E7649903293FF646AF01A008
:1037E00050F821F0F5370400313704003137040078
:1037F0007D360400DFED077A002AB6D1B7E7F7EE91
:10380000007A37EEC88A0222D4E5DFED027A7CE73F
:103810006C8504000000000020F00043B3F1485F15
:1038200007EE900A06EE101A04DABDEEE77A17EEFC
:10383000103A23B327EEA77A9FED174ADFED174A18
:103840009FED175ADFED175ADFED176AE7EE044ACE
:1038500027EE874AA4EE875AE5EE075AE5EE876A17
:1038600082B166EEC46AF6EE005AE6EE256ADFED36
:103870000F5A96EE876AA4EE256A77EEC67A17EE9F
:10388000900A70479FED0A6AA7EE266AE6EE047A70
:1038900017EE900A704700BFD3C92E2F342FD7B22E
:1038A0001BEF3836010D50B98988083CABAA2A3E77
:1038B000ABAA2ABE41F0004101F58010C00F70474D
:1038C0000020704700200149704700BF0000F87FCA
:1038D00038B520F00044B4F1A14F07EE900A054638
:1038E0000DDBB4F1FF4F5CDC9FED557ADFED557ACF
:1038F0000028C8BFF0EE477A17EE900A38BD524B49
:103900009C4261DCB4F1445F50DB4FF0FF3327EEA3
:10391000A76A9FED4E1A9FED4E2ADFED4E1ADFED9E
:103920004E2A9FED4E3ADFED4E3A9FED4E4ADFEDC7
:103930004E4A9FED4E5A9FED4E7ADFED4E5A66EE9F
:10394000066A5A1CA6EE812AE6EEA12AA2EE263AC3
:10395000E2EEA63AA3EE264AE3EEA64AA4EE265AE3
:10396000A4EEA67AE5EE265A27EE267AA5EE867A0A
:1039700027EE277A3FD04049404A9B001944D1EDB9
:10398000006A37EE667A134437EE677AD3ED007A31
:1039900077EEC77A002DB8BFF1EE677A17EE900A7E
:1039A00038BD77EEA77A17EE900A38BD9FED347ACE
:1039B00037EE877AF7EE006AB4EEE67AF1EE10FAA7
:1039C000A3DD17EE900A38BD00F060F82D4B9C4245
:1039D00007EE100A14DCA3F5D0039C4225DCF0EEC0
:1039E000007AFFEE006AE7EE276A002337EE277AB7
:1039F000C6EE877A8BE777EEC77A17EE900A38BD66
:103A0000214B9C420BDCF7EE087AF7EE006AE7EEFA
:103A1000276A022337EE677AC7EE267A77E7FFEE4A
:103A2000006AC6EE877A032371E7F7EE007A77EE35
:103A3000676A37EE277A0123C6EE877A67E700BF09
:103A4000DB0FC93FDB0FC9BFFFFFDF3ED769853CF6
:103A500059DA4B3D21A215BD6BF16EBD356B883D2A
:103A600095879DBD6E2EBA3D388EE3BD2549123E29
:103A7000CDCC4CBEABAAAA3EB0850400A085040004
:103A8000CAF24971FFFF973FFFFF1B4020F0004043
:103A9000704700BF20F00040B0F1FF4FACBF0020E6
:103AA0000120704782B00190019A22F00041CB0DB5
:103AB0007F3B162B20DC002B10462EDB23491941BF
:103AC0000A4224D0DFED227A9DED017A77EE277A43
:103AD000F5EEC07AF1EE10FA19DD002A04DA4FF49F
:103AE000000242FA03F3184420EA010307EE903A79
:103AF00017EE900A02B07047B1F1FF4FDDED017A89
:103B0000F6D377EEA77A17EE900A02B07047DDED94
:103B1000017A17EE900A02B07047DFED0D7A9DED45
:103B2000017A77EE277AF5EEC07AF1EE10FAEEDD43
:103B3000002A02DBDFED077ADAE7FFEE007A0029E0
:103B400018BFB0EE677AF0EE477AD1E7FFFF7F004B
:103B5000CAF2497100000000004870470000C07FB1
:103B600010B485B00190019A22F00041CB0D7F3B4B
:103B7000162B2ADC21B3002B11464FEAD27032DB20
:103B8000294A1A4111421BD05208114207D04FF462
:103B9000001421EA020244FA03F342EA0301234B30
:103BA00003EB800090ED007A07EE901A77EE277A0B
:103BB000CDED037ADDED037A77EEC77ACDED017AAC
:103BC000019805B05DF8044B7047B1F1FF4FF7D392
:103BD000DDED017A77EEA77ACDED017A019805B097
:103BE0005DF8044B7047C2F316035B420F495B0A52
:103BF000120D03F4800312051A4301EB800191EDCD
:103C0000007A07EE902A77EE277ACDED037ADDED84
:103C1000037A77EEC77A17EE903A23F0004343EA2F
:103C2000C0730193CCE700BFFFFF7F00C085040095
:103C300000B52DED028B83B00190019B33F0004263
:103C40001DD0B2F1FF4F0FD2B2F5000F20D3D20D2D
:103C50000A44FE2A2CDC002A3DDD23F0FF4343EA20
:103C6000C25307EE903A03E007EE900A77EEA77A88
:103C700017EE900A03B0BDEC028B5DF804FBDDED9E
:103C8000017A17EE900A03B0BDEC028B5DF804FBDD
:103C90009DED017ADFED1B7A1B4B67EE277A994287
:103CA000CDED017A10DB019BC3F3C752193ACFE780
:103CB0009FED168A019918EE100A00F041F907EEFF
:103CC000900A67EE887AD3E7DFED117A9DED017AED
:103CD00067EE277ACCE712F1160F06DA4CF2503372
:103CE0009942E5DC9FED0A8AE4E7193223F0FF43AD
:103CF00043EAC2539FED077A07EE903A67EE877A60
:103D0000B6E700BF0000004CB03CFFFFCAF24971AB
:103D10006042A20D0000003330B482B00190019BDC
:103D200033F0004241D0002B4ADBB3F1FF4F54DAAD
:103D3000B3F5000F80F29D80DFED6E7A9DED017A84
:103D400067EE277A6FF0180517EE903A6A4AC3F3C8
:103D50001604224402F4000282F07E50DB1504F1C6
:103D60000F0120437F3B07EE900AC1F316012B445D
:103D7000B7EE007A0F2903EBD25337EEC77A35DC62
:103D8000B5EE407AF1EE10FA75D1002B00F0AE805E
:103D900007EE903AB8EEE77ADFED587ADFED586A31
:103DA00067EE277AE7EE267A05E0DFED566A9FEDAB
:103DB000567AC6EE877A17EE900A02B030BC70478A
:103DC000DDED017A9FED507A77EEE76AC6EE877AED
:103DD00017EE900A02B030BC7047DDED017A77EE45
:103DE000A77A17EE900A02B030BC7047B0EE006AB6
:103DF00037EE066A9FED452ADFED453ADFED454A8D
:103E0000DFED452A9FED454ADFED456ADFED457A56
:103E10004549C7EE065AC4F55712214402F52272ED
:103E20000A43002A06EE103A25EEA55AB8EEC63A25
:103E300025EE056AE6EE023AA6EE224AE3EE864A4F
:103E4000E4EE067AE4EE866A66EE856AE7EE866A56
:103E50003BDDB6EE006A27EE066A26EE076A76EECE
:103E6000866A66EEA56A03BB76EE666A77EE667AC8
:103E7000A1E700256AE7DFED2D6AF6EE007AE7EEAE
:103E8000667A67EE076A67EEA67ADBB106EE903ACD
:103E9000DFED1A5A9FED1A6AF8EEE66AE6EEE57A69
:103EA00077EEC77AD6EE867A85E7DFED147ADFED16
:103EB000145AE3EE276A76EE667A77EEC77AD3EE87
:103EC000257A78E777EE677A75E777EE667A67EEB8
:103ED000A57A002BF6D09FED096ADFED096AE3EEC3
:103EE000467A77EEC77AD3EE267A64E7DFED067A74
:103EF00061E700BF0000004C20FB4A00D1F71737F4
:103F00008071313F000000CC000000009788173E10
:103F100025333A3E2549923E4FD01C3E298E633EC2
:103F2000ABAA2A3FCDCCCC3E305CCFFFABAAAA3E99
:103F300003F0004321F0004242EA0301704700BF52
:103F400001F0004120F000400843704710B5054CD7
:103F500013462CB10A4601460220AFF3008010BD83
:103F60002046FCE700000000014B1868704700BFC6
:103F7000F420002008B5074B044613B10021AFF32D
:103F80000080054B1868836A03B19847204600F00B
:103F900061FF00BF00000000C885040070B50D4E31
:103FA0000D4CA41BA4100025A54209D10B4E0C4CAE
:103FB00001F010F9A41BA4100025A54205D170BD85
:103FC00056F8253098470135EEE756F825309847E2
:103FD0000135F2E73423002034230020342300206D
:103FE00058230020024B0146186800F09FBF00BF15
:103FF000F420002038B5074C00230546084611463A
:10400000236000F01FFF431C02D1236803B12B6023
:1040100038BD00BF2C440020084B37B51C68084D44
:10402000236A002B08BF2B46009313460A4601461D
:10403000204600F0B7FF03B030BD00BFF4200020E1
:1040400058210020084B37B51C68084D236A002B07
:1040500008BF2B46009313460A460146204601F04E
:104060001CF803B030BD00BFF42000205821002010
:1040700081F0004102E000BF83F0004330B54FEA19
:1040800041044FEA430594EA050F08BF90EA020F86
:104090001FBF54EA000C55EA020C7FEA645C7FEA19
:1040A000655C00F0E2804FEA5454D4EB5555B8BF3C
:1040B0006D420CDD2C4480EA020281EA030382EAAD
:1040C000000083EA010180EA020281EA0303362D3F
:1040D00088BF30BD11F0004F4FEA01314FF4801C12
:1040E0004CEA113102D0404261EB410113F0004F24
:1040F0004FEA03334CEA133302D0524263EB4303DB
:1041000094EA050F00F0A780A4F10104D5F1200E78
:104110000DDB02FA0EFC22FA05F2801841F10001D3
:1041200003FA0EF2801843FA05F359410EE0A5F1A7
:1041300020050EF1200E012A03FA0EFC28BF4CF0D8
:10414000020C43FA05F3C01851EBE37101F000458E
:1041500007D54FF0000EDCF1000C7EEB00006EEB9B
:104160000101B1F5801F1BD3B1F5001F0CD3490825
:104170005FEA30004FEA3C0C04F101044FEA44527C
:1041800012F5800F80F09A80BCF1004F08BF5FEA03
:10419000500C50F1000041EB045141EA050130BDE3
:1041A0005FEA4C0C404141EB010111F4801FA4F186
:1041B0000104E9D191F0000F04BF01460020B1FADB
:1041C00081F308BF2033A3F10B03B3F120020CDA13
:1041D0000C3208DD02F1140CC2F10C0201FA0CF0F1
:1041E00021FA02F10CE002F11402D8BFC2F1200C56
:1041F00001FA02F120FA0CFCDCBF41EA0C0190400C
:10420000E41AA2BF01EB0451294330BD6FEA040454
:104210001F3C1CDA0C340EDC04F11404C4F120023F
:1042200020FA04F001FA02F340EA030021FA04F351
:1042300045EA030130BDC4F10C04C4F1200220FAA8
:1042400002F001FA04F340EA0300294630BD21FAE6
:1042500004F0294630BD94F0000F83F4801306BFAC
:1042600081F480110134013D4EE77FEA645C18BFA0
:104270007FEA655C29D094EA050F08BF90EA020F37
:1042800005D054EA000C04BF1946104630BD91EA2F
:10429000030F1EBF0021002030BD5FEA545C05D132
:1042A0004000494128BF41F0004130BD14F5800471
:1042B0003CBF01F5801130BD01F0004545F0FE41E5
:1042C00041F470014FF0000030BD7FEA645C1ABF1A
:1042D000194610467FEA655C1CBF0B46024650EA51
:1042E000013406BF52EA033591EA030F41F400217D
:1042F00030BD00BF90F0000F04BF0021704730B503
:104300004FF4806404F132044FF000054FF00001D7
:1043100050E700BF90F0000F04BF0021704730B598
:104320004FF4806404F1320410F0004548BF40426D
:104330004FF000013EE700BF42004FEAE2014FEAC2
:1043400031014FEA02701FBF12F07F4393F07F4F9D
:1043500081F06051704732F07F4208BF704793F0A0
:104360007F4F04BF41F40021704730B54FF46074B3
:1043700001F0004521F000411CE700BF50EA0102B6
:1043800008BF704730B54FF000050AE050EA01025F
:1043900008BF704730B511F0004502D5404261EBCF
:1043A00041014FF4806404F132045FEA915C3FF410
:1043B000D8AE4FF003025FEADC0C18BF03325FEAAD
:1043C000DC0C18BF033202EBDC02C2F1200300FA5E
:1043D00003FC20FA02F001FA03FE40EA0E0021FA83
:1043E00002F11444BDE600BF70B54FF0FF0C4CF471
:1043F000E06C1CEA11541DBF1CEA135594EA0C0F23
:1044000095EA0C0F00F0DEF82C4481EA030621EA5D
:104410004C5123EA4C5350EA013518BF52EA033598
:1044200041F4801143F4801338D0A0FB02CE4FF04A
:104430000005E1FB02E506F00042E0FB03E54FF07A
:104440000006E1FB03569CF0000F18BF4EF0010E72
:10445000A4F1FF04B6F5007F64F5407404D25FEA6E
:104460004E0E6D4146EB060642EAC62141EA555121
:104470004FEAC52040EA5E504FEACE2EB4F1FD0C63
:1044800088BFBCF5E06F1ED8BEF1004F08BF5FEAE1
:10449000500E50F1000041EB045170BD06F0004693
:1044A00046EA010140EA020081EA0301B4EB5C0440
:1044B000C2BFD4EB0C0541EA045170BD41F4801138
:1044C0004FF0000E013C00F3AB8014F1360FDEBF5D
:1044D000002001F0004170BDC4F10004203C35DA39
:1044E0000C341BDC04F11404C4F1200500FA05F3BC
:1044F00020FA04F001FA05F240EA020001F000425D
:1045000021F0004110EBD37021FA04F642EB0601D2
:104510005EEA430E08BF20EAD37070BDC4F10C04FC
:10452000C4F1200500FA04F320FA05F001FA04F2C0
:1045300040EA020001F0004110EBD37041F10001AC
:104540005EEA430E08BF20EAD37070BDC4F12005B7
:1045500000FA05F24EEA020E20FA04F301FA05F21F
:1045600043EA020321FA04F001F0004121FA04F2C7
:1045700020EA020000EBD3705EEA430E08BF20EA97
:10458000D37070BD94F0000F0FD101F000464000D1
:1045900041EB010111F4801F08BF013CF7D041EA53
:1045A000060195F0000F18BF704703F00046520057
:1045B00043EB030313F4801F08BF013DF7D043EA28
:1045C0000603704794EA0C0F0CEA135518BF95EADE
:1045D0000C0F0CD050EA410618BF52EA4306D1D165
:1045E00081EA030101F000414FF0000070BD50EA84
:1045F000410606BF1046194652EA430619D094EA0E
:104600000C0F02D150EA013613D195EA0C0F05D1F7
:1046100052EA03361CBF104619460AD181EA03014B
:1046200001F0004141F0FE4141F470014FF0000003
:1046300070BD41F0FE4141F4780170BD70B54FF09E
:10464000FF0C4CF4E06C1CEA11541DBF1CEA13551E
:1046500094EA0C0F95EA0C0F00F0A7F8A4EB050400
:1046600081EA030E52EA03354FEA013100F08880F7
:104670004FEA03334FF0805545EA131343EA1263C0
:104680004FEA022245EA111545EA10654FEA002675
:104690000EF000419D4208BF964244F1FD0404F52E
:1046A000407402D25B084FEA3202B61A65EB03058A
:1046B0005B084FEA32024FF480104FF4002CB6EB47
:1046C000020E75EB030E22BFB61A754640EA0C00C7
:1046D0005B084FEA3202B6EB020E75EB030E22BF07
:1046E000B61A754640EA5C005B084FEA3202B6EB48
:1046F000020E75EB030E22BFB61A754640EA9C0007
:104700005B084FEA3202B6EB020E75EB030E22BFD6
:10471000B61A754640EADC0055EA060E18D04FEA94
:10472000051545EA16754FEA06164FEAC30343EA34
:1047300052734FEAC2025FEA1C1CC0D111F4801F01
:104740000BD141EA00014FF000004FF0004CB6E7FA
:1047500011F4801F04BF01430020B4F1FD0C88BF99
:10476000BCF5E06F3FF6AFAEB5EB030C04BFB6EBA4
:10477000020C5FEA500C50F1000041EB045170BD97
:104780000EF0004E4EEA113114EB5C04C2BFD4EBC4
:104790000C0541EA045170BD41F480114FF0000E48
:1047A000013C90E645EA060E8DE60CEA135594EAC4
:1047B0000C0F08BF95EA0C0F3FF43BAF94EA0C0FC7
:1047C0000AD150EA01347FF434AF95EA0C0F7FF43C
:1047D00025AF104619462CE795EA0C0F06D152EA90
:1047E00003353FF4FDAE1046194622E750EA410674
:1047F00018BF52EA43067FF4C5AE50EA41047FF485
:104800000DAF52EA43057FF4EBAE12E74FF0FF3CE9
:1048100006E000BF4FF0010C02E000BF4FF0010CBA
:104820004DF804CD4FEA410C7FEA6C5C4FEA430C33
:1048300018BF7FEA6C5C1BD001B050EA410C0CBF82
:1048400052EA430C91EA030F02BF90EA020F0020E4
:10485000704710F1000F91EA030F58BF994208BF4B
:1048600090422CBFD8176FEAE37040F00100704708
:104870004FEA410C7FEA6C5C02D150EA013C07D15F
:104880004FEA430C7FEA6C5CD6D152EA033CD3D0AA
:104890005DF8040B704700BF8446104662468C46A4
:1048A0001946634600E000BF01B5FFF7B7FF0028D7
:1048B00048BF10F1000F01BD4DF808EDFFF7F4FF00
:1048C0000CBF012000205DF808FB00BF4DF808ED8B
:1048D000FFF7EAFF34BF012000205DF808FB00BFAE
:1048E0004DF808EDFFF7E0FF94BF012000205DF8D0
:1048F00008FB00BF4DF808EDFFF7CEFF94BF012085
:1049000000205DF808FB00BF4DF808EDFFF7C4FF7D
:1049100034BF012000205DF808FB00BF4FEA410CC6
:104920007FEA6C5C02D150EA013C0AD14FEA430CA9
:104930007FEA6C5C02D152EA033C02D14FF00000E6
:1049400070474FF0010070474FEA410212F5001224
:1049500015D211D56FF47873B3EB625212D94FEAC6
:10496000C12343F0004343EA505311F0004F23FAB0
:1049700002F018BF404270474FF00000704750EA05
:10498000013005D111F0004008BF6FF000407047C2
:104990004FF00000704700BF4A0011D212F500121C
:1049A00011D20DD56FF47873B3EB62520ED44FEA87
:1049B000C12343F0004343EA505323FA02F0704707
:1049C0004FF00000704750EA013002D14FF0FF3045
:1049D00070474FF0000070474FEA4102B2F1E043E8
:1049E00024BFB3F5001CDCF1FE5C0DD901F0004CD6
:1049F0004FEAC0024CEA5070B2F1004F40EB830026
:104A000008BF20F00100704711F0804F21D113F151
:104A10003872BCBF01F00040704741F480114FEA8A
:104A20005252C2F11802C2F1200C10FA0CF320FA13
:104A300002F018BF40F001004FEAC1234FEAD32330
:104A400003FA0CFC40EA0C0023FA02F34FEA43039A
:104A5000CCE77FEA625307D150EA01331EBF4FF023
:104A6000FE4040F44000704701F0004040F0FE403E
:104A700040F40000704700BF53B94AB9002908BF8D
:104A800000281CBF4FF0FF314FF0FF3000F0D0B9CD
:104A9000ADF1080C6DE904CE00F064F8DDF804E037
:104AA000DDE9022304B070472DE9F84382EAE2749D
:104AB000A4EBE2741546E20758BFDFF860900646A3
:104AC0000F4652BF4FF000088046894664083246C0
:104AD0003B463046394613D0FFF786FCE3070646CF
:104AE0000F46F3D54046494632463B46FFF77CFC2D
:104AF00064088046894632463B4630463946EBD10B
:104B0000002D07DA42464B4600200449FFF796FD88
:104B10008046894640464946BDE8F8830000F03F9C
:104B2000D0B500220D4B06460F46FFF75DFCFFF7A0
:104B300033FF0446FFF7DEFB0022094BFFF754FC6E
:104B400002460B4630463946FFF796FAFFF724FF38
:104B50000022234610431946D0BD00BF0000F03D9F
:104B60000000F0412DE9F047089E04468846002BDE
:104B70004BD18A42154667D9B2FA82F24AB1C2F1E4
:104B8000200701FA02F320FA07F7954047EA0308E5
:104B900094404FEA154E230CB8FBFEF71FFA85FC34
:104BA0000EFB178843EA084307FB0CF1994209D929
:104BB000EB1807F1FF3080F01B81994240F2188119
:104BC000023F2B445B1AA4B2B3FBFEF00EFB103382
:104BD00044EA034400FB0CFCA44509D92C1900F15C
:104BE000FF3380F00781A44540F2048102382C4451
:104BF00040EA0740A4EB0C0400271EB1D440002378
:104C0000C6E900433946BDE8F0878B4209D9002E3A
:104C100000F0EB800027C6E9000138463946BDE8C0
:104C2000F087B3FA83F7002F47D18B4202D3824239
:104C300000F2FA80841A61EB030301209846002EEB
:104C4000E0D0C6E90048DDE702B9FFDEB2FA82F241
:104C5000002A40F08F80491B4FEA154E1FFA85F855
:104C60000127B1FBFEFC230C0EFB1C1143EA0143A0
:104C700008FB0CF1994207D9EB180CF1FF3002D276
:104C8000994200F2CD808446591AA3B2B1FBFEF0DE
:104C90000EFB101443EA044408FB00F8A04507D9B2
:104CA0002C1900F1FF3302D2A04500F2B68018465D
:104CB000A4EB080440EA0C409FE7C7F1200CBB407E
:104CC00022FA0CFE4EEA030E01FA07F420FA0CF564
:104CD00021FA0CF34FEA1E482543B3FBF8F92C0CDC
:104CE00008FB19331FFA8EFA44EA034309FB0AF45E
:104CF0009C4202FA07F200FA07F10BD91EEB0303FC
:104D000009F1FF3080F087809C4240F28480A9F155
:104D1000020973441B1BADB2B3FBF8F008FB103360
:104D200045EA034400FB0AFAA24508D91EEB040435
:104D300000F1FF336BD2A24569D90238744440EACE
:104D40000940A0FB0289A4EB0A044C45C2464B462D
:104D500054D351D0002E69D0B1EB0A0564EB0304A3
:104D600004FA0CFCFD40FC404CEA0505C6E9005481
:104D7000002747E7C2F1200320FA03F7954001FA24
:104D800002F021FA03F34FEA154E3843010CB3FB4E
:104D9000FEF71FFA85F80EFB173341EA034107FBC4
:104DA00008F38B4204FA02F407D9691807F1FF3CB3
:104DB0002FD28B422DD9023F2944CB1A81B2B3FBAB
:104DC000FEF00EFB103341EA034100FB08F38B4277
:104DD00007D9691800F1FF3C17D28B4215D9023868
:104DE0002944C91A40EA07473BE73746304609E7F6
:104DF0000746E7E61846FBE64145ABD2B8EB020AA8
:104E000069EB0E0201381346A4E76046E9E718464D
:104E100095E76746D1E781467CE702382C4447E7AF
:104E2000ACF1020C2B442FE7384608E73746E9E699
:104E3000704700BF024B58221A604FF0FF30704796
:104E40002C440020024B58221A604FF0FF3070476C
:104E50002C440020FEE700BFEBF726BC0B460146C2
:104E60001846FFF773B810B5002814BF0446012494
:104E70002046EBF7F3FB30B9FCF7BCF908B900F0BA
:104E80000FF88047F4E710BD08B500F004F808B546
:104E9000804700F005F808B5FCF7B4F9FFF7F7FF15
:104EA00008B50620FFF79EF80120FFF7D3FF0A227E
:104EB0000021FFF7B1B830B50024A24201D1002093
:104EC00007E0035D01340D1915F8015CAB42F4D025
:104ED000581B30BD10B5431E0A44914200D110BD8D
:104EE00011F8014B03F8014FF7E7884210B501EBC9
:104EF000020307D8421E99420AD011F8014B02F86A
:104F0000014FF8E78342F5D98118D21AD34200D174
:104F100010BD13F8014D01F8014DF7E702440346B7
:104F2000934200D1704703F8011BF9E71F2938B5F8
:104F300004460D4604D9162303604FF0FF3038BDF8
:104F4000426C12B152F821304BB9204600F016F8ED
:104F50002A4601462046BDE83840FFF74BB8012BF2
:104F60000AD0591C03D1162303600120E7E700246F
:104F700042F82540284698470020E0E7FFF75ABF4F
:104F800010F8012B11F8013B012A28BF9A42F7D0F3
:104F9000D01A7047034613F8012B002AFBD1181AC8
:104FA000013870472DE9F0478046894692461E46F3
:104FB0000F463D46089815F8014B00F0E8F82044EC
:104FC000437813F0080332D12D2C32D17C78BD1CEC
:104FD0000122002E5DD0102E09D1302C07D12B7864
:104FE00003F0DF03582B4FD16C7810260235002ACE
:104FF00014BF4FF000416FF000410027B1FBF6FCF9
:10500000384606FB1C1EA4F13003092B17D81C469A
:10501000A64223DD7B1C07D084451CD301D1A645C5
:1050200019DB00FB0640012715F8014BEBE72F4683
:10503000BFE72B2C04BFBD1C7C781A46C9E7A4F13E
:105040004103192B01D8373CE2E7A4F16103192B86
:1050500004D8573CDCE74FF0FF37E5E77B1C08D16D
:105060002223C8F800300846BAF1000F07D1BDE886
:10507000F08702B14042BAF1000FF8D00FB105F14C
:10508000FF39CAF80090F2E73024002EAFD108268D
:10509000ADE7302CA3D00A26A9E72DE9F0478046DA
:1050A000894692461E460F463D46089815F8014B24
:1050B00000F06DF82044437813F0080330D12D2C14
:1050C00030D17C78BD1C0121002E5CD0102E09D17E
:1050D000302C07D12B7803F0DF03582B4ED16C789E
:1050E000102602354FF0FF320023B2FBF6F206FB2A
:1050F00002FC6FEA0C0C1846A4F13007092F17D8F0
:105100003C46A64223DD002B1EDB82421CD301D18C
:10511000A44519DB00FB0640012315F8014BEBE722
:105120002F46C1E72B2C04BFBD1C7C781946CBE76A
:10513000A4F14107192F01D8373CE2E7A4F1610738
:10514000192F04D8573CDCE74FF0FF33E5E7002B7D
:1051500009DA2223C8F800304FF0FF30BAF1000F0F
:1051600007D1BDE8F08701B14042BAF1000FF8D095
:105170000BB105F1FF39CAF80090F2E73024002E98
:10518000B0D10826AEE7302CA4D00A26AAE7D0F882
:10519000EC00704782B001B901A942B14BB113785C
:1051A0000B601278101C18BF012002B07047104627
:1051B000FBE76FF00100F8E749B1FF2A85BF8A23BA
:1051C00003600A704FF0FF3098BF01207047084617
:1051D00070470000F8B500BFF8BC08BC9E46704799
:1051E000F8B500BFF8BC08BC9E4670470000000040
:1051F00000000000000000000000000000000000AF
:105200000108010842424242010801083ED8E98DE6
:10521000C90C0200010D02001D0D0200350D020037
:10522000510D02006D0D0200890D0200A50D020056
:10523000B50D0200ED0D02003D0E0200650E0200EC
:10524000D90E0200210F0200310F0200410F0200AF
:10525000450F0200490F0200590F0200F518020025
:1052600051570200A54F0200C9520200D552020058
:10527000ED520200C5280200E1520200F94F02007F
:10528000C152020091360200DD280200952C020076
:10529000C12B0200712B0200C52D02002126020045
:1052A000FD2702000D280200212802003D280200EF
:1052B000ED3102003D31020019370200393702009A
:1052C000495902004D590200545904008459040000
:1052D000B45904000C5B0400954F020045500200D5
:1052E000614102005D390200695902006159020002
:1052F0006559020091350200A53302001534020001
:10530000C5290200D9290200F9290200B92A0200A0
:10531000CD2A0200052B020019250200692802008F
:105320007D280200812802008928020095280200B9
:105330009D280200AD280200B5280200BD28020009
:105340005933020089330200395002008D530200A4
:10535000B95302002554020009240200152402005A
:105360006D24020075240200E9270200992702003B
:105370009524020059250200CD2602005D25020079
:10538000A125020009260200192602003533020079
:10539000112E0200392E0200612E0200B92E0200E9
:1053A000E52E0200992C0200912D0200C92C02006A
:1053B000F92C0200212D0200492D0200692D020066
:1053C000E5340200093502002D3502005135020096
:1053D000713502003933020049330200CD31020039
:1053E000DD310200452F0200492802000130020091
:1053F000B9300200CD300200E1300200F530020089
:10540000093102001D310200592802006128020002
:1054100051590200C5280200D5280200DD280200EB
:10542000592902005D290200612902007529020044
:10543000A9290200AD290200BD290200192B020092
:10544000252B0200292B0200C93602004137020039
:10545000593702007D370200C5370200E5370200E8
:105460005139020069390200654002007D400400A4
:10547000CD48040009490400794004003D46040079
:10548000E9430400F5180200094202002D4202001F
:1054900031420200614202008D420200BD42020020
:1054A000C94202000D430200314302006143020081
:1054B0008D430200954302009D430200A943020070
:1054C000B9430200C5100200F110020051110200A0
:1054D0005D1102008D110200C9110200CD11020000
:1054E000C5430200CD43020031440200554402008E
:1054F000954602007D440200894402009144020066
:10550000994402003D4502007545020081450200B4
:10551000914502009D450200C1450200554602002A
:10552000654602007946020011220200192202009B
:1055300025220200292202002D220200312202002F
:1055400039220200512202005D220200692202007B
:105550007522020089220200D1220200D522020017
:10556000E1220200E5220200F5220200FD220200F3
:105570000123020005230200112302001923020067
:105580002D230200392302003D230200DD460200E4
:10559000ED460200414702005147020089470200E0
:1055A00095470200614702006D47020079470200FB
:1055B000A1470200B54702009948020019490200BC
:1055C0007D4A0200814A0200954A0200A94A02006F
:1055D000BD4A0200D14A0200E54A02000D4B02001A
:1055E000194B0200494B0200694B02006D4B02004F
:1055F000814B0200DD4B0200354C0200414C0200A1
:10560000894C0200B14C0200C14C0200C94C02009E
:10561000714E0200A14E0200094D02001D4D020014
:10562000814D0200954D0200AD4D0200054E020075
:105630002D4E0200594E02006157020071550200C2
:10564000BD550200015602003156020049560200C3
:10565000A5560200ED560200F95602002957020035
:10566000355702004157020035120200391202007C
:1056700051120200651202007D1202009112020016
:10568000F515020031170200F5120200F9120200AE
:105690002913020055130200D5130200E113020082
:1056A0002514020099140200B1140200D91402005A
:1056B000E114020025100200391002004D10020012
:1056C0006110020075100200891002009D10020096
:1056D000B1100200F95702002158020035580200AB
:1056E000495802005D5802007158020085580200B6
:1056F000995802004D480200714802009548020086
:105700000D490200114902001549020075540200BA
:10571000795402005955020065550200A157020054
:10572000ED570200950F0200A50F0200B10F020015
:10573000BD0F0200E10F0200650F0200810F0200A1
:10574000F90F0200BD580200ED58020000000000F1
:105750000338FDD870470000010000000000000081
:105760000A000000000000006400000000000000CB
:10577000E803000000000000102700000000000007
:10578000A08601000000000040420F000000000061
:10579000809698000000000000E1F5050000000080
:1057A00000CA9A3B0000000000E40B540200000015
:1057B00000E87648170000000010A5D4E8000000BB
:1057C00000A0724E1809000000407A10F35A000041
:1057D0004FBB610567ACDD3F182D4454FB21E93F09
:1057E0009BF681D20B73EF3F182D4454FB21F93FF8
:1057F000E2652F227F2B7A3C075C143326A6813C7E
:10580000BDCBF07A8807703C075C143326A6913C28
:10581000000000000000E03F000000000000E0BFCA
:105820000000E0FE422EE63F0000E0FE422EE6BF12
:10583000763C7935EF39EA3D763C7935EF39EABD8A
:1058400000000000000000000000000000000080D8
:1058500000000040FB21F93F000000002D44743E91
:10586000000000809846F83C0000006051CC783B76
:1058700000000080831BF0390000004020257A38AA
:10588000000000802282E336000000001DF369352D
:10589000000000000000000099B0020099B0020072
:1058A00099B00200B10B0200B50B0200C9B00200B2
:1058B00099B0020099B002007DB302009DB00200D1
:1058C000D1B30200A5B40200B5B00200B1120000CD
:1058D000267930DAA26E0273B604384AB11200009B
:1058E000267930DAA26E0273B60438493031323389
:1058F000343536373839616263646566000000000C
:105900000000000000000000C96F0300216F0300C9
:1059100019110300191103002111030021110300C3
:1059200009110300291103009172030045110300BE
:1059300059730300916F030065110300DD17020026
:10594000F117020095700300322E3000322E320023
:10595000322E5800080003F900000000010000008A
:10596000000000007523020091360200712302003E
:1059700041230200492302004D2302006D2302004F
:1059800051230200080004F9000000000300000099
:1059900000000000752302009136020000000000A4
:1059A000652302000000000000000000000000006D
:1059B000000000000C0002F90000000002000000DE
:1059C0000000000075230200913602000000000074
:1059D0006123020000000000000000000000000041
:1059E00000000000545904000700626F6F6C65618D
:1059F0006E000000545904000900756E6465666904
:105A00006E6564008459040000000000000000007E
:105A10005459040000000000545904000800667541
:105A20006E6374696F6E0000545904000900756E4E
:105A3000646566696E656400545904000800496E27
:105A400066696E69747900005459040003004E6160
:105A50004E0000005459040009002D496E66696E1D
:105A6000697479005459040004006E756C6C000070
:105A70005459040004007472756500005459040000
:105A8000050066616C7365005459040008005B4FA3
:105A9000626A6563745D0000545904000A005B4645
:105AA000756E6374696F6E5D0000000054590400E8
:105AB00006006E756D6265720000000054590400A6
:105AC00006006F626A6563740000000054590400A8
:105AD0000600737472696E6700000000080004F924
:105AE000000000000900000000000000AD410200BD
:105AF000A5410200B5410200A941020000000000DA
:105B00000000000000000000000000000C0005F98B
:105B1000000000000400000000000000A14F02008F
:105B2000914F02003541020079410200000000005F
:105B3000000000000000000000000000140004F954
:105B4000000000000800000000000000CD4E020030
:105B5000D94E0200494102008941020000000000C4
:105B6000000000000000000000000000080004F930
:105B70000000000007000000000000009D4F020030
:105B8000994F0200414102008541020000000000DF
:105B90000000000000000000000000000C0004F9FC
:105BA000000000000600000000000000C14E0200DE
:105BB000C94E02002D4102007541020000000000A4
:105BC00000000000000000000000000000000000D5
:105BD000000000006D590200755902007959020059
:105BE000655B0200FDF80200115D0200955D020098
:105BF0007A76677074756F6965617A7667707475A7
:105C00006F6965617A76677074000000756E6B6EFF
:105C10006F776E001B1B000E1100000015160F1889
:105C2000130000001C0B1F251E00000000000000D8
:105C300000000000FD5F020035FB0200F55F02007E
:105C4000B55F0200F15F0200C5630200E95F020078
:105C5000E55F020000000000000000006D59020036
:105C60007559020079590200BD810200FDF8020059
:105C7000016402002D640200351003003910030096
:105C8000518602004D100300598302002981020051
:105C900055100300C4FFFFFF000000006D59020013
:105CA0007929030079590200F9630200FDF8020026
:105CB0002564020059640200554249545F4C4F4725
:105CC0005F46535F565F3030320A0000D45C0400F8
:105CD00008000000010000000200000002000000B7
:105CE00002000000030000000200000004000000A9
:105CF0000100000005000000080000000600000090
:105D00000100000007000000010000000800000082
:105D10000100000000000000000000006D590200BA
:105D2000755902004D6B0200F9630200FDF8020094
:105D30002166020039660200000000000000000039
:105D40006D5902007559020081700200F96302006A
:105D5000FDF80200856F02009D6F0200645D040083
:105D600008000000010000000C000000020000001C
:105D70000500000003000000020000000400000015
:105D80000100000005000000010000000600000006
:105D900002000000070000000300000008000000EF
:105DA0000100000000000000000000006D5902002A
:105DB0007559020079590200F9630200FDF80200EA
:105DC000AD700200DD700200E17302002174020078
:105DD0004D780200997002007578020095780200F3
:105DE0009D700200F8FFFFFF000000001571020027
:105DF0008D780200A5780200A570020019740200D7
:105E0000F97402006D78020000000000000000003C
:105E1000AD7802000979020021790200000000003B
:105E200000000000817A0200B9780200C578020003
:105E3000B5460300D1780200D9780200017902004A
:105E4000C946030000000000000000006D7F020052
:105E500035800200717F0200757F0200817F0200A1
:105E6000957F020051800200000000000000000049
:105E70006D5902007559020079590200BD81020076
:105E8000FDF80200E98002000581020035100300E0
:105E900039100300518602004D100300598302009F
:105EA00029810200551003000000000000000000DE
:105EB000058C02007586020079860200B546030053
:105EC00085860200BD46030089860200C94603009C
:105ED00099860200E9860200FCFFFFFF0000000037
:105EE0006D5902007559020079590200F9630200E8
:105EF000FDF80200E1860200FD860200676967671F
:105F00006C65000030313032333039383830313957
:105F10003030383434303034343030383838313050
:105F20003233303031363031303033333030323458
:105F30003030303030303030303030303030303061
:105F40003030303030303030303030302C31313053
:105F50003233323537303038373431313434303011
:105F600034343030383838303335323030353930F9
:105F70003130303333303030313030303030303019
:105F80003030303030303030303031303030303010
:105F900030303030302C33313032333237323930E8
:105FA00032313130353434303238383930383838AD
:105FB00030303931303036333030303030303030CE
:105FC00032343037303030323030303030303030C2
:105FD00030303030333030303030303030302C33BF
:105FE0003130323332373239303130323035343487
:105FF000303238383930383838303039313030365E
:106000003330303030303030303234303730303080
:10601000323030303030303030303030303330307B
:10602000303030303030302C333130323332373260
:106030003930313134303534343032383839303821
:10604000383830303931303036333030303030302D
:106050003030323430373030303230303030303031
:10606000303030303030333030303030303030302D
:10607000000000006861707079000000303130323B
:1060800033313939323036363931313434303034D5
:1060900034303038383830323632303032383030D0
:1060A00030303138303030323035303030303030E0
:1060B00030303030303030303031303030303030DF
:1060C000303030302C3030323332323132393032BD
:1060D0003935303834343032343034303838383080
:1060E00030303030303034303030323234303031A3
:1060F000313030303030303030303030303030309F
:10610000303030373530303030303030302C303087
:106110003030303231323930323935303934343050
:10612000323430343038383830313435303030343F
:106130003030303232343030313130303030303055
:106140003030303030303030303030303735303043
:10615000303030303030000068656C6C6F0000000B
:1061600033313032333036373330313937303234FF
:1061700034303131383730383838313032333031EB
:1061800032383030303030303030323430303030FF
:1061900030303030303030303030303030303030FF
:1061A00030303030303030302C33303030303130EF
:1061B00036343030313630323434303039383130B2
:1061C00038383830303030303132383030303030AC
:1061D00031303030343030303030303030303030BA
:1061E00030303030303030303030303030303030AF
:1061F000302C333130323331303634303239333081
:106200003234343030393831303838383130323354
:10621000303132383030303030313030303430306E
:10622000303030303030303030303030303030306E
:106230003030303030303030303000006D797374B1
:106240006572696F75730000343030303032333925
:10625000303033333130303434303234303430381D
:106260003838303437373030303430303032323400
:106270003030313130343030303030303030303018
:106280003030303030303830303030303030303006
:106290002C343035353132383435333835303030D0
:1062A00034343030343430303838383030303030C6
:1062B00031323830333031303530303136303030C3
:1062C00030303030303030303030303030303835C1
:1062D00030303035303030313500000073616400CB
:1062E0003331303233323232363037303830313485
:1062F000343031363234303838383130323330316E
:10630000323830303030303130303234303030307C
:10631000303030303030303030303030303030307D
:1063200030303030303030302C3331303233313661
:106330003233303933363032343430303933393027
:10634000383838303030303031323830303030302A
:106350003130303234303030303030303030303036
:10636000303030303030303030303030303030302D
:1063700030000000736C6964650000003130353214
:1063800030323332353032323330323434303234EA
:1063900030343038383831303233303132383031CF
:1063A00030323030303031313034303030303030E5
:1063B00030303030303030303031303030303030DC
:1063C000303030302C3031303233323532303039B9
:1063D0003130303234343030343430303838383191
:1063E0003032333031323830313032323430303193
:1063F0003130343030303030303030303030303098
:10640000303031303030303030303030300000001B
:10641000736F6172696E67003231303233343030FD
:10642000393533303930353434303539393930381D
:10643000383831303233303032323032303030343C
:106440003030303230323530303030303030303043
:10645000303030303032303030303030303030303A
:106460002C34303232333337323732373330313401
:1064700034343030343430303838383030303030F4
:1064800030333130313032343430303033303030FA
:1064900030303030303030303030303030303030FC
:1064A000303030303030303030000000737072697E
:1064B0006E6700003330363539303033373131369E
:1064C000333132343430303538373038383830388A
:1064D00030373030333430303030303030303234A8
:1064E00030303030303030303030303030303030AC
:1064F0003035303030303030303030302C3031309A
:106500003233303033373131363331333434303065
:106510003538373038383831303233303033313045
:106520003030303030303032343030303030303065
:106530003030303030303030303035303030303056
:1065400030303030300000007477696E6B6C65005D
:10655000303130313830303037363732323039340C
:1065600034303037353630383838303835353031EA
:10657000323830303030303030303234303030300B
:10658000303030303030303030303030303030300B
:106590003030303030303030000000007961776EBC
:1065A0000000000032303030303232383131333395
:1065B00032303234343031353030303838383130B0
:1065C00032333031323830313032343130303234AD
:1065D00030343030303330303030303030303030B4
:1065E0003031303030303030303030302C303035A9
:1065F000333132353230303931303032343430307A
:106600003434303038383830363336303132383050
:10661000313032323430303131303330303030306C
:106620003030303030303030303031303030303069
:1066300030303030302C303038323230373834303F
:106640003139303038343430303434303038383810
:10665000303638313030313630303030353530301A
:106660003234303030303030303030303030303024
:1066700030303030353030303030303030302C3019
:1066800030343739303738343031393030383434C9
:1066900030303434303038383830323938303031C6
:1066A00036303030303030303032343030303030DE
:1066B00030303030303030303030303030353030D5
:1066C000303030303030302C3030333231303738B9
:1066D000343031393030383434303034343030388C
:1066E0003838303130383030313630303030333384
:1066F0003030303830303030303030303030303092
:106700003030303030303530303030303030303084
:1067100000000000000000000000000001950200E1
:106720000995020011950200299502003195020099
:1067300039950200419502005195020061950200D1
:106740006D9502007D950200859502008D950200F1
:1067500095950200A5950200AD950200B595020041
:10676000CD950200D5950200DD950200E595020069
:10677000ED950200F59502002D960200319602007B
:10678000359602006996020000000000000000003B
:106790000195020009950200119502007599020009
:1067A0003195020039960200419502005195020090
:1067B000619502006D9502007D95020085950200AD
:1067C0008D9502003D9602009D9902004D960200B3
:1067D00041970200CD950200D5950200DD9502009B
:1067E000E5950200ED950200F59502002D96020058
:1067F00031960200CD960200B59702007596020010
:10680000F59902005196020055960200E8FFFFFF3D
:10681000000000006D59020075590200C596020083
:10682000F9630200FDF8020005970200719702006B
:10683000E0FFFFFF00000000519A0200B146030094
:1068400061960200B54603006D970200BD46030045
:10685000C5460300C9460300806804000C00000020
:10686000B068040006000000C868040004000000CE
:10687000D868040007000000F46804000700000066
:106880000000803F6D56853F0000903F9A99993FE8
:106890000000A03F93A9AA3FA301B43F0000C03F5E
:1068A000CDCCCC3F6D56D53F6666E63F0000F03F4D
:1068B0000000803F0000903F0000A03FA301B43FD4
:1068C000CDCCCC3F6666E63F0000803F9A99993F69
:1068D000A301B43F6D56D53F0000803F0000903FBC
:1068E0000000A03F93A9AA3F0000C03F6D56D53FCE
:1068F0000000F03F0000803F0000903F9A99993FD0
:1069000093A9AA3F0000C03FCDCCCC3F6666E63FCE
:106910000000000000000000319D020099B002005C
:1069200099B00200D99C0200DD9C0200C9B00200AF
:10693000819F0200E19F02007DB302009DB0020032
:10694000D1B30200A5B40200B5B00200FFFF1400ED
:106950000500FFFFFFFFFFFFFFFFFFFFFFFF00FF3F
:10696000FFFF000000FFFFFFFFFFFFFFFF00FFFF33
:10697000FF000000FF0000000000FFFF00FFFFFF1E
:10698000000000FF00000000000000000000FFFF0A
:10699000FFFFFFFFFF00FFFFFF000000FF00000000
:1069A0000000FFFFFFFFFFFFFFFFFFFFFFFF00FFF4
:1069B000FFFF000000FF00000000FFFF00FF00FFDE
:1069C00000FF00FFFFFF00FF00FF00FF0000FFFFD0
:1069D00000000000D8ECF0F4F8FC0004302C302C5F
:1069E0003235352C302C300A302C3235352C302CC9
:1069F000302C300A3235352C3235352C3235352CA9
:106A00003235352C3235350A302C3235352C302C98
:106A1000302C300A302C302C3235352C302C300ACA
:106A200000000000302C302C302C302C300A302C60
:106A3000302C302C302C3235350A302C302C302C88
:106A40003235352C300A3235352C302C3235352C58
:106A5000302C300A302C3235352C302C302C300A8A
:106A6000000000003235352C302C302C302C3235E3
:106A7000350A302C3235352C302C3235352C300A55
:106A8000302C302C3235352C302C300A302C32352D
:106A9000352C302C3235352C300A3235352C302C13
:106AA000302C302C3235350A000000005265626F00
:106AB0006F744D6F64650000205B00005D00000096
:106AC0002056320000000000000000006D59020056
:106AD0007559020091A1020065A20200FDF80200B2
:106AE00061A102000DA4020043616C6C696F7065C6
:106AF000206D696E69000000E95D0000251D470AF0
:106B0000A062FA1922DFA9A800000000000000001E
:106B100099B0020099B0020099B00200894E0400B9
:106B2000894E0400C9B0020099B0020099B0020079
:106B30007DB302009DB00200D1B30200A5B40200F3
:106B4000B5B00200000000000000000099B0020093
:106B500099B0020099B0020099B502009DB50200FB
:106B6000C9B0020079B9020081B902007DB3020008
:106B70009DB00200D1B30200A5B40200B5B002007E
:106B800000000000000000004DBA0200C5BE020077
:106B900099B0020089B902008DB90200C9B00200A3
:106BA00099B0020099B002007DB302009DB00200CE
:106BB000D1B30200A5B40200B5B0020001BF0200CB
:106BC00099B90200EDB90200F8FFFFFF00000000D4
:106BD0006D5902007559020059BF0200F9630200A5
:106BE000FDF80200C1B902001DBA02000000000059
:106BF00000000000E9BF020071BF020099B002006E
:106C000061BF020065BF0200C9B0020099B0020076
:106C100099B002007DB302009DB00200D1B3020022
:106C2000A5B40200B5B002000000000000000000A2
:106C3000F1C1020099B0020099B0020099C10200AE
:106C40009DC10200C9B0020051C60200B1C60200D7
:106C50007DB302009DB00200D1B30200A5B40200D2
:106C6000B5B0020001AA0000666C617368496E63EA
:106C70006F6D706C65746500E97D0000251D470A25
:106C8000A062FA1922DFA9A800000000000000009D
:106C9000D5C8020099B0020099B00200B9C602003E
:106CA000BDC60200C9B0020099B0020099B002004E
:106CB0007DB302009DB00200D1B30200A5B4020072
:106CC000B5B002000000000000000000F1CC02009E
:106CD00099B0020099B0020099CC02009DCC02004C
:106CE000C9B0020025CF020085CF02007DB30200AB
:106CF0009DB00200D1B30200A5B40200B5B00200FD
:106D00006E400000B5A3F393E0A9E50E24DCCA9E13
:106D10000000000000000000E9D0020099B002006D
:106D200071D002008DCF020091CF0200C9B00200E5
:106D300099B002009DCF02007DB302009DB0020019
:106D4000D1B30200A5B40200B5B0020000000000FB
:106D500000000000917C0300317D0300C179030035
:106D6000C5830300D97903002D7B0300457A030016
:106D7000557A0300897A0300957A03007D95020015
:106D8000B17F0300B5840300A57A0300817B030073
:106D9000CD7D0300B57A0300CD7A0300D5950200BE
:106DA000DD9502006D8203001D820300157C030047
:106DB000A5790300F97D030085D60200CDD6020037
:106DC000E8FFFFFF000000006D590200412D0300A5
:106DD000795902002D2E0300FDF80200A9D6020009
:106DE000F5D60200852E03001D2D0300E52E0300BD
:106DF000DCFFFFFF00000000392D0300FFFFFFFF55
:106E00000000000100020003000401000101010272
:106E10000103010402000201020202030204030052
:106E20000301030203030304040004010402040336
:106E3000040400000000000000000000FD5F0200EC
:106E400079D70200F55F0200B55F0200F15F020032
:106E5000C5630200E95F02007DD8020061C601003F
:106E600075D70200C1D802005D1A0200C11F0200DE
:106E7000FCFFFFFF0000000001DD0200E5D802007A
:106E8000EDD80200F9630200FDF80200251C0200A3
:106E9000F11D020000000000000000006D5902001A
:106EA0007559020079590200F9630200C9E2020033
:106EB00009DD020035DD02000000000000000000D6
:106EC0006D5902007559020079590200F9630200F8
:106ED000FDF80200FDE3020011E402009109030045
:106EE00059090300610903005D090300B5E30200CD
:106EF000D9E30200B90C030000000000000000000C
:106F00006D5902007559020079590200F9630200B7
:106F1000FDF80200B1E50200C5E5020069E50200E6
:106F2000F10D0300850D03008DE50200890D0300BE
:106F3000302C3235352C302C3235352C300A302C73
:106F40003235352C302C3235352C300A302C302C63
:106F5000302C302C300A3235352C302C302C302C63
:106F60003235350A302C3235352C3235352C323528
:106F7000352C300A0000000054494C5420544F2056
:106F800046494C4C2053435245454E2000000000DA
:106F9000636F6D7061737343616C000000000100EA
:106FA00002000300040000010101020103010401C9
:106FB00000020102020203020402000301030203B1
:106FC0000303040300040104020403040404000096
:106FD000D8ECF0F4F8FC0004000000000000000011
:106FE0006D59020075590200C5F20200D1F5020088
:106FF000FDF802008DF20200A5F202000000000080
:10700000000000006D590200755902007959020014
:10701000F9630200FDF8020089F80200C5F80200D9
:1070200000000000000000006D59020075590200C8
:1070300079590200F9630200FDF802000000000027
:1070400000000000894E0400000000000000000065
:107050006D5902007559020079590200F963020066
:10706000FDF802000000000000000000910903008C
:1070700059090300610903005D090300894E0400FA
:10708000894E0400B90C030000000000000000005D
:107090006D5902007559020079590200F963020026
:1070A000FDF802000000000000000000894E04000E
:1070B000F10D0300850D0300894E0400890D0300C6
:1070C00000000000000000006D5902007559020028
:1070D00079590200F9630200FDF8020075100300FF
:1070E0009D10030035100300391003003D1003000C
:1070F0004D10030051100300511003005510030000
:107100000000000000000000411303001111030003
:1071100019110300191103002111030021110300AB
:107120000911030029110300C911030045110300CF
:107130005D120300851103006511030000000000CB
:1071400000000000411303000000000000000000E8
:1071500041130300894E0400894E0400894E040047
:10716000894E040001150300894E0400894E040075
:10717000A9130300D519030000000000000000005F
:10718000F8FFFFFF000000006D5902007559020072
:1071900029150300F9630200FDF802000000000059
:1071A000000000000000000000000000FD1E0300C1
:1071B000ED1E030000000000000000006D590200F9
:1071C0007929030079590200F9630200FDF80200F1
:1071D00015260300552603000000000000000000F3
:1071E0006D590200412D0300795902002D2E030034
:1071F000FDF80200DD2C0300F92C0300852E0300AE
:107200001D2D0300E52E0300F4FFFFFF000000002A
:10721000392D0300247204000400000044720400AD
:10722000090000000200000000000000040000004F
:107230001000000008000000200000001000000006
:10724000300000006902000080000000E802000039
:1072500090000000C40900007000000088130000C6
:10726000600000001027000050000000204E0000C9
:1072700040000000409C000030000000A08601009B
:107280002000000040420F0010000000000000003D
:10729000000000006D59020075590200F13303002F
:1072A000D1340300FDF80200A1340300B53403001B
:1072B0009109030059090300610903005D090300F6
:1072C000F933030009350300B90C0300D47204003C
:1072D00004000000102700000C000000204E0000F9
:1072E0000800000050C3000004000000A086010058
:1072F0000000000000000000000000006D590200C6
:107300007559020039360300E1360300FDF802002A
:10731000B1360300C536030041360300F10D03000A
:10732000850D030019370300890D030000000000DC
:10733000000000000D380300BDF802003DFB020014
:107340001D3803000000000000000000953D030010
:10735000193903008138030021380300B13A0300D2
:107360003D3B0300F4FFFFFF000000006D590200E9
:107370007559020079590200F9630200FDF8020014
:10738000353B0300513B03000000000000000000FB
:107390006D5902007559020079590200F963020023
:1073A000FDF80200613E0300753E0300053E030048
:1073B00000000000000000006D590200412D030094
:1073C000795902002D2E0300FDF80200354203001A
:1073D0005D420300852E0300BD430300014203000C
:1073E000F4FFFFFF00000000DD4303000000000089
:1073F000000000006D590200755902007959020021
:10740000F9630200FDF802002946030099460300D3
:1074100071440300E5430300BD4403000000000085
:107420000000000049470300B1460300AD460300D9
:10743000B5460300B9460300BD460300C546030038
:10744000C946030000000000000000009D47030043
:10745000D5460300E5460300F9460300F146030064
:10746000BD4603002947030039470300E5470300F1
:10747000FCFFFFFF00000000714803000000000057
:1074800000000000CD4603000000000000000000E6
:107490006D5902007559020079590200F963020022
:1074A000FDF8020091490300B1490300D9490300E6
:1074B000F8FFFFFF00000000D54C030000000000B3
:1074C00000000000E9510300C54F0300694F0300AD
:1074D000894F0300A14F0300B14F0300C14F0300C8
:1074E000FCFFFFFF0000000075510300B1460300E0
:1074F00081510300B5460300814F0300994F0300FB
:10750000A94F0300B94F0300000000000000000075
:10751000815303003553030009540300B55403009D
:107520003D520300BD520300F5520300FCFFFFFF74
:10753000000000006D5902007559020079590200DF
:10754000F9630200FDF80200ED5203002D53030021
:1075500000000000000000008D5603008952030067
:1075600019520300A15203002552030031520300B7
:107570000155030055540300F15103007D520300EF
:10758000F5510300FCFFFFFF000000001152030053
:1075900000000000000000000000000000000000EB
:1075A00000000000000001000100010001000200D5
:1075B00002000200030003000300040004000500B1
:1075C0000500060006000700070008000800090083
:1075D00009000A000B000B000C000D000D000E004E
:1075E0000F0010001000110012001300140015000D
:1075F000160016001700180019001A001B001C00C6
:107600001D001E0020002100220023002400250070
:107610002600280029002A002B002D002E002F0014
:1076200031003200330035003600380039003A00AE
:107630003C003D003F004000420044004500470040
:1076400048004A004C004D004F00510052005400C9
:107650005600570059005B005D005F00600062004B
:107660006400660068006A006C006E0070007200C2
:107670007400760078007A007C007E008000820032
:107680008400860088008A008D008F00910093009E
:10769000950098009A009C009E00A100A300A50000
:1076A000A700AA00AC00AF00B100B300B600B8005C
:1076B000BB00BD00BF00C200C400C700C900CC00B1
:1076C000CE00D100D300D600D800DB00DE00E00001
:1076D000E300E500E800EB00ED00F000F300F5004A
:1076E000F800FB00FD0000010301060108010B0189
:1076F0000E0111011301160119011C011F012101C5
:10770000240127012A012D013001330135013801FF
:107710003B013E014101440147014A014D01500135
:107720005301560159015C015F0162016501680165
:107730006B016E017101740177017A017D01800195
:107740008301860189018C018F01920195019801C5
:107750009B019E01A101A401A801AB01AE01B101F1
:10776000B401B701BA01BD01C001C401C701CA011A
:10777000CD01D001D301D601D901DD01E001E30142
:10778000E601E901EC01EF01F201F601F901FC016A
:10779000FF010202050208020C020F02120215028A
:1077A00018021B021E022102250228022B022E02B1
:1077B0003102340237023A023E02410244024702D9
:1077C0004A024D025002530256025A025D02600202
:1077D0006302660269026C026F027202750278022D
:1077E0007B027E028102840287028A028D0290025D
:1077F0009302960299029C029F02A202A502A8028D
:10780000AB02AE02B102B402B702BA02BD02C002BC
:10781000C302C602C902CB02CE02D102D402D702F1
:10782000DA02DD02DF02E202E502E802EB02ED022B
:10783000F002F302F602F802FB02FE020103030368
:10784000060309030B030E031103130316031903A5
:107850001B031E0320032303260328032B032D03EE
:1078600030033203350337033A033C033F0341033C
:107870004303460348034B034D034F035203540392
:10788000570359035B035D036003620364036603EC
:1078900069036B036D036F0371037403760378034D
:1078A0007A037C037E0380038203840386038803B8
:1078B0008A038C038E039003920394039603980328
:1078C0009A039C039E039F03A103A303A503A7039D
:1078D000A803AA03AC03AD03AF03B103B203B4031F
:1078E000B603B703B903BA03BC03BE03BF03C103A6
:1078F000C203C403C503C603C803C903CB03CC0337
:10790000CD03CF03D003D103D303D403D503D603D0
:10791000D803D903DA03DB03DC03DD03DE03E00372
:10792000E103E203E303E403E503E603E703E8031B
:10793000E803E903EA03EB03EC03ED03EE03EE03D4
:10794000EF03F003F103F103F203F303F303F40392
:10795000F503F503F603F603F703F703F803F8035B
:10796000F903F903FA03FA03FB03FB03FB03FC032C
:10797000FC03FC03FD03FD03FD03FD03FE03FE0307
:10798000FE03FE03FE03FE03FE03FE03FE03FE03EF
:10799000FF03FE03000000000008080800080A4A70
:1079A0004000000A5FEA5FEA0ED92ED36E19324416
:1079B00089330C924C924D08080000000488080896
:1079C000040804848488000A448A4000048EC48029
:1079D000000000048800000EC00000000008000144
:1079E000224488100C9252524C048C84848E1C8247
:1079F0004C901E1EC244924C06CA525FE21FF01EFB
:107A0000C13E02448ED12E1FE24488100ED12ED1E9
:107A10002E0ED12EC48800080008000004800488BF
:107A20000244880482000EC00EC008048244880EFE
:107A3000D126C0040ED135B36C0C925ED2521C928A
:107A40005C925C0ED010100E1C9252525C1ED01C28
:107A5000901E1ED01C90100ED013712E12525ED2AA
:107A6000521C8808081C1FE242524C12549814926F
:107A7000101010101E113B75B131113935B3710C56
:107A80009252524C1C925C90100C92524C861C925A
:107A90005C92510ED00C825C1FE48484841252529A
:107AA000524C1131312A44113135BB7112524C9272
:107AB00052112A4484841EC488101E0EC808080E61
:107AC00010080482410EC242424E048A4000000067
:107AD0000000001F0804800000000ED2524F10105A
:107AE0001C925C000ED0100E02424ED24E0C925CE4
:107AF000900E06C81C88080ED24EC24C10101C9264
:107B0000520800080808024002424C1014981492CF
:107B10000808080806001B75B131001C925252007B
:107B20000C92524C001C925C90000ED24EC2000E81
:107B3000D010100006C8049808080EC8070012529A
:107B4000524F0011312A4400113135BB00124C8CC8
:107B50009200112A4498001EC4881E06C48C848694
:107B6000080808080818080C881800000C83600032
:107B7000FFFF010000000000FFFF0000FFFF00000A
:107B8000887B0400080000000200000001000000E3
:107B900003000000020000000400000003000000D9
:107BA00005000000040000001C00000005000000AB
:107BB0001D000000060000001E000000070000007D
:107BC0001F0000000800000000000000000000008E
:107BD000596403004564030051640300B546030083
:107BE000156403001964030029640300816A03001B
:107BF00000000000000000006D59020075590200ED
:107C000079590200D5690300FDF802006964030098
:107C100005650300DD6C0300F8FFFFFF00000000B6
:107C20000D6D03000000000000000000C96F03009C
:107C3000216F030019110300191103002111030022
:107C4000211103000911030029110300917203009F
:107C50004511030059730300916F03006511030080
:107C6000816F0300856F0300957003000000000022
:107C7000000000006D590200755902007959020098
:107C8000F9630200FDF802002D740300A9740300DB
:107C90004178030071740300F8FFFFFF000000004B
:107CA000C1780300F4FFFFFF00000000A17403008F
:107CB0000000000000000000917C0300317D030003
:107CC000C1790300C5830300D97903002D7B03002C
:107CD000457A0300557A0300897A0300957A0300F8
:107CE0007D950200B17F0300B5840300A57A0300EF
:107CF000817B0300CD7D0300B57A0300CD7A0300BC
:107D0000D5950200DD9502006D8203001D820300FF
:107D1000157C0300A5790300F97D0300B1E302009F
:107D20005DE5020002000000040000000600000003
:107D30000000000000000000411303005987030009
:107D400021850300C1850300158903008D88030088
:107D5000CD880300D5850300D9850300000000000D
:107D60000000000041130300318A0300458903002D
:107D700055890300F989030001150300CD8A03002A
:107D8000298A0300A9130300D5190300258C0300D9
:107D9000CD8C0300618B0300F8FFFFFF00000000A3
:107DA0006D59020075590200291503001D8C03004E
:107DB000FDF80200C58C0300E18C03000000000008
:107DC000000000006D590200755902007959020047
:107DD000F9630200FDF80200A58F0300B98F0300CC
:107DE0000D91030035910300BD4403000000000025
:107DF000000000006D590200755902007959020017
:107E00004D930300FDF80200159303002D9303002A
:107E10000D6602005D9103008D910300C99103007E
:107E2000E9910300019203009D9303002D9203004A
:107E30004D9203007D920300B19203001D94030054
:107E4000E5930300D19203005991030000300040F4
:107E5000030000000F00000000400040040000008C
:107E60000F00000000300240230000000C00000062
:107E700000200040020000001000000000F002405E
:107E80002F000000040000000080024028000000D5
:107E9000100000000000000000000000DD9A030058
:107EA000D59A0300AD460300B5460300D99A0300F6
:107EB000BD460300C5460300C94603000100060095
:107EC00000000000283D0020899E03003487040044
:107ED0003887040004000000010006003040002044
:107EE00000100201508704006087040008000000B1
:107EF0004087040050870400080000003887040011
:107F00004087040008000000DC8604001487040099
:107F100008000000148704003487040008000000F3
:107F200050EADA308883B89F604F15F30000C98E9D
:107F30000000FFFFDEC0ADDEFE011EF1DEC0ADDEE3
:107F4000FF011EF10010000004000000010000000D
:107F5000CDF80300A9F8030099F80300F1FA030033
:107F60009DFA03006DF8030071F8030075F8030033
:107F70000100FFFF000000000100000001000100FF
:107F80008C7F040001000100907F040001000000CC
:107F90000000000000000000000000004D10040080
:107FA0006D100400891004000000000000000000B3
:107FB000C5100400A9100400AD100400B54603006C
:107FC000B9100400BD100400C5460300C9460300F3
:107FD00061636F730000000061636F7368000000ED
:107FE0006173696E000000006174616E68000000DA
:107FF000636F73680000000065787000666D6F64E1
:10800000000000006C6F67006C6F6731300000008B
:1080100073696E68000000007371727400000000E4
:108020006C6F673130660000706F7766000000008B
:108030007371727466000000FB21F93FFB21094057
:108040007CD91240FB2119407A6A1F407CD922401A
:10805000BBFD2540FB2129403A462C407A6A2F403F
:108060005C4731407CD932409C6B3440BBFD35408D
:10807000DB8F3740FB2139401BB43A403A463C4045
:108080005AD83D407A6A3F404C7E40405C47414070
:108090006C1042407CD942408CA243409C6B4440CF
:1080A000AC344540BBFD4540CBC64640DB8F474026
:1080B000EB584840FB21494083F9A200444E6E0032
:1080C000FC291500D1572700DD34F50062DBC00024
:1080D0003C999500419043006351FE00BBDEAB002C
:1080E000B761C5003A6E2400D24D42004906E00057
:1080F00009EA2E001C92D100EB1DFE0029B11C00E4
:10810000E83EA700F535820044BB2E009CE98400C0
:10811000B4267000417E5F00D69139005383390048
:108120009CF439008B5F840028F9BD00F81F3B00E8
:10813000DEFF97000F980500112FEF000A5A8B0001
:108140006D1F6D00CF7E360009CB2700464FB7006C
:108150009E663F002DEA5F00BA277500E5EBC70079
:108160003D7BF100F739070092528A00FB6BEA0071
:108170001FB15F00085D8D00300356007BFC460098
:10818000F0AB6B0020BCCF0036F49A00E3A91D00D1
:108190005E619100081BE60085996500A0145F00F0
:1081A0008D40680080D8FF0027734D00060631001F
:1081B000CA561500C9A873007BE260006B8CC00032
:1081C000000FC93F000F494000CB9640000FC94047
:1081D0000053FB4000CB164100ED2F41000F4941F9
:1081E0000031624100537B41003A8A4100CB964105
:1081F000005CA34100EDAF41007EBC41000FC941CE
:1082000000A0D5410031E24100C2EE410053FB41E4
:1082100000F20342003A0A420083104200CB1642A9
:1082200000141D42005C234200A5294200ED2F42AC
:1082300000363642007E3C4200C74242000F4942AF
:10824000A2000000F9000000830000006E000000A2
:108250004E0000004400000015000000290000004E
:10826000FC0000002700000057000000D1000000C3
:10827000F500000034000000DD000000C000000038
:10828000DB00000062000000950000009900000083
:108290003C0000004300000090000000410000008E
:1082A000FE0000005100000063000000AB00000071
:1082B000DE000000BB000000C500000061000000FF
:1082C000B7000000240000006E0000003A0000002B
:1082D000420000004D000000D2000000E00000005D
:1082E00006000000490000002E000000EA00000027
:1082F00009000000D1000000920000001C000000F6
:10830000FE0000001D000000EB0000001C0000004B
:10831000B100000029000000A70000003E0000009E
:10832000E80000008200000035000000F5000000B9
:108330002E000000BB00000044000000840000008C
:10834000E90000009C000000700000002600000012
:10835000B40000005F0000007E000000410000004B
:108360003900000091000000D60000003900000034
:10837000830000005300000039000000F4000000FA
:108380009C000000840000005F0000008B000000E3
:10839000BD000000F9000000280000003B000000C4
:1083A0001F000000F800000097000000FF00000020
:1083B000DE00000005000000980000000F00000033
:1083C000EF0000002F000000110000008B000000F3
:1083D0005A0000000A0000006D0000001F000000AD
:1083E0006D000000360000007E000000CF0000009D
:1083F00027000000CB00000009000000B7000000CB
:108400004F000000460000003F0000006600000032
:108410009E0000005F000000EA0000002D00000048
:108420007500000027000000BA000000C70000002F
:10843000EB000000E5000000F10000007B00000000
:108440003D0000000700000039000000F7000000B8
:108450008A0000005200000092000000EA000000C4
:108460006B000000FB0000005F000000B100000096
:108470001F0000008D0000005D00000008000000EB
:10848000560000000300000030000000460000001D
:10849000FC0000007B0000006B000000AB0000004F
:1084A000F0000000CF000000BC0000002000000031
:1084B0009A000000F4000000360000001D000000DB
:1084C000A9000000E300000091000000610000002E
:1084D0005E000000E60000001B0000000800000035
:1084E0006500000099000000850000005F000000AA
:1084F00014000000A0000000680000004000000020
:108500008D000000FF000000D80000008000000087
:108510004D00000073000000270000003100000043
:1085200006000000060000001500000056000000D4
:10853000CA00000073000000A8000000C90000008D
:1085400060000000E20000007B000000C0000000AE
:108550008C0000006B00000002000000030000001F
:1085600004000000060000000000C93F0000F039D0
:108570000000DA370000A2330000842E0000502BE8
:108580000000C2270000D0220000C41F0000C61B4C
:10859000000044170400000007000000090000006C
:1085A0003863ED3EDA0F493F5E987B3FDA0FC93FF3
:1085B0006937AC3168212233B40F14336821A233F8
:1085C0000000004B000000CBF82000204300504F7B
:1085D000534958002E000020202020202020202059
:1085E0002828282828202020202020202020202063
:1085F0002020202020202088101010101010101093
:1086000010101010101010040404040404040404D6
:10861000041010101010101041414141414101015E
:10862000010101010101010101010101010101013A
:108630000101101010101010424242424242020248
:10864000020202020202020202020202020202020A
:1086500002021010101020000000000000000000B6
:10866000000000000000000000000000000000000A
:1086700000000000000000000000000000000000FA
:1086800000000000000000000000000000000000EA
:1086900000000000000000000000000000000000DA
:1086A00000000000000000000000000000000000CA
:1086B00000000000000000000000000000000000BA
:1086C00000000000000000000000000000000000AA
:0C86D0000000000000000000000000009E
:1086DC0099AF030000000000B9B503003C3A00203C
:1086EC0099AD03000000000019C103000000000058
:1086FC00B9B40200000000001DDD0300984000200A
:08870C002DA602000000000090
:108714005D7F0200000000001DEF02000000000069
:108724004DFA03000000000059DF030000000000C0
:04873400EDAB0200A7
:0887380059FA030000000000E3
:10874000A9DB030000000000ADDC03000000000016
:108750001DAC02000000000085F8030000000000CE
:08876000DC83FD7F0100000035
:1087680000000000485904004C5904005059040006
:10877800A10D0C00686804007068040078680400A3
:1087880058680400606804000C5C0400E86A04008F
:10879800060000007D0000000138FDD1704700BFD1
:1087A800194F0300194F03001D4F0300254F030005
:1087B800294F0300314F0300394F0300414F030095
:1087C800454F0300494F0300494F03007D51030003
:1087D8004D4F0300514F0300554F0300554F030001
:1087E800614F0300654F030094790400FFFFFFFF0A
:1087F800304400200090D003001001401100040014
:10880800FFFFFFFFFFFFFFFFFFFFFFFFFFFFFFFF70
:10881800A14E0400F8200020000000000000000025
:108828000000000000000000000000000000000040
:108838000000000000000000000000000000000030
:108848000000000000000000000000000000000020
:108858000000000000000000000000000000000010
:108868000000000000000000000000000000000000
:1088780000000000000000004300000000000000AD
:1088880000000000000000000000000000000000E0
:10889800000000000000000043000000000000008D
:1088A80000000000000000000000000000000000C0
:1088B800000000000000000043000000000000006D
:1088C80000000000000000000000000000000000A0
:1088D800000000000000000043000000000000004D
:1088E8000000000000000000000000000000000080
:1088F800000000000000000043000000000000002D
:10890800000000000000000000000000000000005F
:10891800000000000000000043000000000000000C
:10892800000000000000000000000000000000003F
:1089380000000000000000004300000000000000EC
:10894800000000000000000000000000000000001F
:108958000000000000000000B95104009551040017
:1089680000000000D6850400D4850400D5850400E5
:10897800D5850400D5850400D5850400D585040077
:10898800D5850400D5850400D5850400D585040067
:10899800FFFFFFFFFFFFFFFFFFFFFFFFFFFF0000DD
:1089A8000100415343494900000000000000000055
:1089B80000000000000000000000000000000000AF
:1089C8000000415343494900000000000000000036
:1089D800000000000000000000000000000000008F
:1089E80000000000F0B50F0D11F0FF01012414FA8A
:1089F80001F114461D4603461BE099600822064211
:108A080008BF5FF00302013AFDD1D9600422064293
:108A180008BF5FF00602760805D000BF00BF00BFA0
:108A2800013AFDD1E9E7023A013AFDD10134013DAD
:108A380005DD802620787843000AD960DDE7D96013
:108A4800F0BD00FA0004FFFF0301181818181818E1
:108A580018180100210B02002D1A02008D41020096
:108A6800BD92020051F7020011580300215F030074
:108A7800DD62030091960300FD0A02000000000079
:108A880000000000A9ED0300000000000000000045
:088A98000000000000000000D6
:020000040007F3
:1070000000000220F97207002173070023730700B4
:10701000257307002773070029730700000000008D
:107020000000000000000000000000001DB5070087
:107030002D730700000000002F7307003173070055
:10704000337307003373070033730700337307008C
:10705000337307003373070033730700337307007C
:10706000337307003373070033730700337307006C
:10707000337307003373070033730700337307005C
:10708000998E0700337307003373070033730700CB
:1070900033730700337307001DB70700337307000E
:1070A000337307003373070033730700337307002C
:1070B0003373070033730700000000000000000076
:1070C000337307003373070033730700337307000C
:1070D0001D8B0700337307003373070033730700FA
:1070E00033730700000000000000000000000000F3
:1070F0000000000033730700000000003373070036
:10710000000000000000000000000000000000007F
:10711000000000000000000000000000000000006F
:10712000000000000000000000000000000000005F
:10713000000000000000000000000000000000004F
:10714000000000000000000000000000000000003F
:10715000000000000000000000000000000000002F
:10716000000000000000000000000000000000001F
:10717000000000000000000000000000000000000F
:1071800000000000000000000000000000000000FF
:1071900000000000000000000000000000000000EF
:1071A00000000000000000000000000000000000DF
:1071B00000000000000000000000000000000000CF
:1071C00000000000000000000000000000000000BF
:1071D00000000000000000000000000000000000AF
:1071E000000000000000000000000000000000009F
:1071F000000000000000000000000000000000008F
:107200000348044B834202D0034B03B11847704735
:10721000A02B0020A02B00200000000005480649FC
:107220000B1AD90F01EBA301491002D0034B03B194
:1072300018477047A02B0020A02B00200000000062
:1072400010B5064C237843B9FFF7DAFF044B13B1AE
:107250000448AFF300800123237010BDB42B00203D
:1072600000000000B0D2070008B5044B1BB1044970
:107270000448AFF30080BDE80840CFE700000000FD
:10728000B82B0020B0D20700A3F5803A704700BFAA
:10729000154B002B08BF114B9D46FFF7F5FF002152
:1072A0008B460F461148124A121A05F00FFC0C4B80
:1072B000002B00D098470B4B002B00D098470020A4
:1072C000002104000D000B4805F0DEFA05F010FB6C
:1072D0002000290001F020F905F0DCFA0000080088
:1072E000000000000000000000000220B42B00207D
:1072F0004C520020BDC807000649074A074B9B1A9D
:1073000003DD043BC858D050FBDC00F023F8FFF746
:10731000BFFF000020D30700E82A0020B42B002084
:10732000FEE7FEE7FEE7FEE7FEE7FEE7FEE7FEE735
:10733000FEE7FEE7054B1B680D2B01BF044B1868E9
:10734000B0FA80F0400918BF0020704730010010EB
:107350003401001008B5FFF7EDFF40B14FF0804356
:107360000022C3F80C21C3F81021C3F83825FFF719
:10737000E1FF002846D04FF080524D4BD2F8041464
:10738000C3F82015D2F80814C3F82415D2F80C1449
:10739000C3F82815D2F81014C3F82C15D2F8141419
:1073A000C3F83015D2F81814C3F83415D2F81C14E9
:1073B000C3F84015D2F82014C3F84415D2F82414A9
:1073C000C3F84815D2F82814C3F84C15D2F82C1479
:1073D000C3F85015D2F83014C3F85415D2F8341449
:1073E000C3F86015D2F83814C3F86415D2F83C1409
:1073F000C3F86815D2F84014C3F86C15D2F84424C9
:10740000C3F87025FFF796FF48B14FF08043D3F8DB
:107410000024D20744BF6FF00102C3F80024254ABC
:10742000D2F8883043F47003C2F88830BFF34F8F2E
:10743000BFF36F8F4FF01023D3F80022002A03DB35
:10744000D3F80432002B2FDA1B4B0122C3F804259A
:10745000D3F80024002AFBD04FF010221221C2F8EA
:107460000012D3F80024002AFBD04FF01023122280
:10747000C3F80422104B1A46D3F800140029FBD09D
:107480000021C3F80415D2F80034002BFBD0BFF361
:107490004F8F0849094BCA6802F4E0621343CB607E
:1074A000BFF34F8F00BFFDE7054B064A1A6008BDCA
:1074B00000C0004000ED00E000E001400400FA05DB
:1074C000E82A00200090D0034B1C30B5DB000446B6
:1074D00012F003009BB20DD1074D2A601A44074BEE
:1074E0001A60074B1870074B1870074B1C80074B2E
:1074F000198030BD0720FCE7D82B0020D42B0020BA
:10750000D02B0020E02B0020DC2B0020DE2B0020E5
:107510002DE9F3472B4F3B888B4206460D4690469C
:107520004BD300240DF107008DF8074000F086F8DA
:10753000254B26481A78264B008893F800C08445CE
:107540005FFA8CF138BF4C1CD2B238BFE4B2A24211
:107550002DD01C781A78D1B2904286BF0131C9B2C1
:10756000002119709DF8070000F08CF84FF6FF73AA
:107570009C4224D0DFF86090D9F800204FEAC40A7A
:1075800042F8348002EBC403A6B19DB1114B388898
:107590001B682A4604FB0030314605F0FDF9D9F896
:1075A0000030534400209D8002B0BDE8F0874FF6C4
:1075B000FF74D7E700209880F6E70920F4E704205D
:1075C000F2E700BFDC2B0020E02B0020DE2B0020A8
:1075D000D02B0020D42B0020D82B0020F8B5114C44
:1075E000114D264622782B789A4200D1F8BD0F48DB
:1075F0000F4A2378126807880E4802EBC30100681F
:1076000052F83320898803FB070090470A49227803
:107610000988D3B2914286BF0133DBB200233370B5
:10762000E0E700BFE02B0020D02B0020DC2B002067
:10763000D82B0020D42B0020DE2B002070B5EFF3D8
:10764000108672B60C4A946801239CB993600B4B68
:107650000B4DD3F8801029401160C3F88050D3F847
:10766000841051604FF0FF32C3F88420047006B9D3
:1076700062B670BD0370FAE7C04E002000E100E082
:10768000FC06FFBD10B5084B9A685AB150B9EFF32C
:10769000108172B6054A1C6814605C68546098607A
:1076A00001B962B610BD00BFC04E002000E100E08D
:1076B00030B53AB11368DB430A4D0144814204D12D
:1076C000D84330BD4FF0FF33F6E710F8012B53409D
:1076D000082213F0010418BF2C46013A84EA530330
:1076E000F7D1EBE72083B8ED10B561B1B2FBF3F44D
:1076F00003FB1424A4B244B9C0E90014846082815D
:10770000C381204610BD0E20FCE70920FAE782B0B5
:1077100050E8022FC188B2EB324F4FF0000317BF81
:1077200092B241EA014142EA014104E04268B2EB0F
:10773000324F08BF012340E80212002AE8D18DF839
:1077400007309DF80730002B0CBF1120002002B03D
:10775000704737B550E8013F9DB2C48925448489FC
:10776000A54228BF2D1B0489A54202BFBFF32F8F5E
:10777000002207E0C5EA030540E80154002CE9D1E6
:107780004FF001028DF803200193019B9DF8032027
:107790000B6002F0FF0322B10B880068184403B0AD
:1077A00030BD1846FBE70A884B889A4209D150E859
:1077B000012FC2EA024240E80123002BF7D1012049
:1077C00070470020704737B550E8023F1FFAA3F515
:1077D000C488A54202BFBFF32F8F00220DE0C489E9
:1077E00025448489A54228BF2D1BC3EA054540E8EE
:1077F0000254002CE8D14FF001028DF803200193D0
:10780000019B9DF803200B6002F0FF0322B14B881F
:107810000068184403B030BD1846FBE70A884B885F
:107820009A4209D150E8022FC2EA224240E80223DC
:10783000002BF7D1012070470020704710B5034698
:1078400053E8000F40EA010243E8002494F0000FDF
:10785000F6D110BD10B5034653E8002F02EA01002F
:1078600043E8000494F0000FF6D110BD0121FFF7AA
:10787000E5BF0021FFF7EEBF10B590B1D0E90123BD
:1078800001689B1ADBB20A60013BDBB2FF2B026886
:1078900002D10020107110BD11684C1C14600B70D7
:1078A000F2E70E20F7E737B5044600250DF1070093
:1078B0008DF80750FFF7C2FE2268616813688B429B
:1078C00010D9591E116013F8015C228AE36802FB8B
:1078D00005352268A36811685B1A1179DBB29942F9
:1078E00038BF13719DF80700FFF7CCFE284603B0A0
:1078F00030BD37B5054600230DF107000C468DF865
:107900000730FFF79BFE2A681368591C1160E9686D
:10791000641A298AB4FBF1F41C709DF80700FFF784
:10792000B1FE03B030BD01600B681146184710B4BA
:107930000468E468A4465DF8044B604710B404682A
:107940002469A4465DF8044B6047000070B550B947
:107950000E4D0F4C0026641B1423B4FBF3F4B44209
:1079600008D1002010E00368002BF1D0BDE8704082
:10797000DB6918472B6813B901361435EFE7DB696B
:10798000284698470028F7D070BD00BFA02B0020E4
:10799000B42B0020014B436000207047B4CD07009A
:1079A0000846704700207047024B1868003818BF1F
:1079B00001207047E42B002008B50248FFF759FF6B
:1079C000002008BDE42B002008B510461A4604F03C
:1079D000E3FF002008BD00002DE9F043814687B099
:1079E00014480E4615469846FFF740FF0446F0B986
:1079F0000746BD4215D10F48FFF73BFFD9F80830C5
:107A00005BB102228DF800200022CDE90126CDE9EC
:107A10000325CDF8148068469847204607B0BDE896
:107A2000F08306EB073000F07DFB0137E1E711241E
:107A3000F3E700BFE42B00202DE9F041804686B03B
:107A400011480F4616461D46FFF710FF0446C8B9F9
:107A5000AA083146384600F093FB0B48FFF709FFB0
:107A6000D8F8083053B101228DF800200C9A059205
:107A7000CDE90147CDE9036568469847204606B041
:107A8000BDE8F0811124F9E7E42B002029DF7047DD
:107A900028DF704770B50668B36886B004460D46A7
:107AA00073B114220021684605F010F8A36805930D
:107AB0002379019533B1012B0ED0B36868469847FE
:107AC00006B070BD01238DF8003023690293E3688E
:107AD000039363690493F0E702238DF80030E368B1
:107AE0001B030293F5E7084670470020704700002B
:107AF000024B187A003818BF01207047D42D00209F
:107B0000034B187A0122B0FA80F05A74400970478A
:107B1000D42D002008B510461A4604F03DFF002081
:107B200008BD000008B514220021044804F0CEFF6F
:107B30000348FFF7ECFD002008BD00BFD42D002056
:107B4000C42D002010B5094C094B43602046FFF7B7
:107B50008DFE48B903F0C8FD064920741C23064871
:107B60004FF4EE72FFF7C0FD002010BDD42D0020B1
:107B7000E0CD0700E82B0020C42D002070B5234C79
:107B8000234E237A25463BB922492348FFF71BFEA3
:107B9000306008B9606070BD022334682B722379AD
:107BA00073B1012B22D020460321FFF773FF00237E
:107BB0002B726B60BDE8704016491748FFF72EBE68
:107BC000D4E90523D21A142AD4E9031028BF1422B9
:107BD0009208012A38BF012219441844FFF756FFC2
:107BE00050B11128DFD101232B72D4E7D4E903036C
:107BF0001844FFF74DFFF3E72B7C002BCBD1014658
:107C0000BDE87040022000F009B800BFD42D00206C
:107C1000EC2D0020E82D0020C42D002038B5831E57
:107C2000012B43D8224C237A002B3FD0022B09D1C1
:107C300003282ED01F4B00221B68E2601A793AB14C
:107C4000012A20D0637C6BBBBDE83840FFF796BFAC
:107C5000D3E905128D1A142D94BF521914329A616A
:107C60009142EFD102284FF0000308BF194623725A
:107C7000104B18BF0D211868FFF70CFF0E490F4875
:107C8000FFF7CCFDDEE71A6901321A615B699A429F
:107C9000E7E7E3680133082B01D8E360D2E700236C
:107CA000E360DFE7BDE8384003F00EBD38BD00BF3C
:107CB000D42D0020EC2D0020E82D0020C42D002024
:107CC00000F0FD03012B08D1044B00225A74421E20
:107CD000504250411874FFF751BF7047D42D002017
:107CE00010B5064C201DFFF7C1FD28B9637C1BB9F8
:107CF000BDE81040FFF742BF10BD00BFD42D0020EB
:107D00002DE9F34180460D460F4801A916461F464E
:107D1000FFF71FFD0446A8B11C22002104F0D6FE87
:107D20002D0B0123237101A90748C4F80080A76027
:107D3000E5606661FFF737FDFFF7D2FF002002B074
:107D4000BDE8F0810420FAE7C42D00202DE9F743B7
:107D500081468846104801A917461E46FFF7F9FCE0
:107D60000446B0B11C22002104F0B0FE00250A9B9D
:107D7000A36001A9C4E9037807482571C4F80090FD
:107D80006661FFF710FDFFF7ABFF284603B0BDE8C3
:107D9000F0830420FAE700BFC42D002001600B68C7
:107DA00043604A68934204BF0023436070474368BE
:107DB00043B1026891680B4443605268934204BF28
:107DC00000234360704700002DE9F04FC9B008AAB6
:107DD00001F1400514464B780E781B0443EA066314
:107DE000CE7833438E78043143EA06238D4244F83B
:107DF000043BF0D11024916B16464FEAF14383EA1D
:107E0000714383EA9123716A366852F8045F314402
:107E10000B444FEAB54181EAF51181EAD5010134FD
:107E20000B44402CD363E6D1D0E914E30093836D77
:107E30000193C36D0293036E0393436E0493836EA9
:107E40000593C36E0693DDE9057BDDE9031CDDE9DF
:107E500001592B4B009E079374464FF00008079B77
:107E600053F8042B07934FEAF12383EAB11383EA13
:107E7000716A08AB53F828301A440AEB020327EA68
:107E8000010A01EA0C028AEA02021A444FEA743A31
:107E900086EA05035A448AEAB40A06EA050B234037
:107EA00083EA0B038AEAB45A08F101089A44B8F14C
:107EB000400F02EB0903BB465244A94619D1724454
:107EC0000265009A22444265019A32448265029A10
:107ED0002A44C265039A1A44049B02660B44436613
:107EE000059B63448366069B3B44C36649B0BDE87B
:107EF000F08F674635468C46264619461446AEE74F
:107F00000CCE070030B5E0B10F4A1049002400251F
:107F1000C0E91245C0E914120D4C0E4A0E4DC0E9DD
:107F200016420E4AC0E918520D4A826602F1745296
:107F3000A2F523020023A2F692420364C266184609
:107F400030BD0E20FCE700BF85AE67BB67E6096A5F
:107F500072F36E3C3AF54FA57F520E518C68059B2B
:107F6000ABD9831F70B5F0B1DAB900201CE00C4624
:107F70008D180026AC42F8D0036C14F8012BC254C3
:107F80000133402B0364F5D10146FFF71DFFD0E913
:107F9000123213F5007342F10002C0E91232066496
:107FA000E8E70029E3D10E2070BD70B50D461646F6
:107FB0000446002875D0002973D0026C8021372A2E
:107FC000815402F101034FF0000240D8382B39D11F
:107FD000D4E91201226C0823E3FB020103BAE36334
:107FE0000B0A84F83A300B0C84F839300B0EC4E9D4
:107FF000120184F83B1084F8383021462046FFF700
:10800000E3FE691E76B30023E26EDA4001F8012F29
:10801000A26EDA400A71626EDA400A72226EDA40AB
:108020000A73E26DDA400A74A26DDA400A75626D75
:10803000DA400A76226DDA400833202B0A77E3D142
:10804000002070BDE2540133C0E7E25401333F2BFE
:10805000FBD921462046FFF7B7FE3822002104F065
:1080600035FDB5E71823226DDA4001F8012F626D66
:10807000DA400A71A26DDA400A72E26DDA400A73E0
:10808000226EDA400A74626EDA400A75A26EDA4035
:108090000A76E26EDA40083B13F1080F0A77E2D164
:1080A000CEE70E20CDE743689B68184708B54368C4
:1080B00008305A7900F083F9002008BD2DE9F0411D
:1080C0000C469CB008461F460392FFF7ECFFD4F81D
:1080D0000480039998F80550BD4228BF3D460646E6
:1080E0002A4604A800F060F998F8052022990CA807
:1080F00000F065F900960CAB2A4604A904F10800CB
:1081000004F044FA002848F2425018BF00201CB086
:10811000BDE8F081024AD2F80034002BFBD0704752
:1081200000E001400A4908B50223C1F80435BFF355
:108130006F8FBFF34F8FC1F80805FFF7EBFF0023E8
:10814000C1F80435BFF36F8FBFF34F8F08BD00BF79
:1081500000E0014010B5094C0123C4F80435BFF319
:108160006F8FBFF34F8F0160FFF7D4FF0023C4F878
:108170000435BFF36F8FBFF34F8F10BD00E0014098
:108180000E4B10B50124C3F80445BFF36F8FBFF346
:108190004F8F01EB8204401AA14208D1074B002205
:1081A000C3F80425BFF36F8FBFF34F8F10BD431883
:1081B00051F8042B1A60FFF7ADFFEDE700E0014036
:1081C00028B139B10023C1E900301846704748F2A0
:1081D0001050704748F21350704738B1006848F2A9
:1081E0004053884214BF18460020704748F2105090
:1081F000704730B148F21153914214BF1846002025
:10820000704748F21050704770B506460C461D4640
:10821000FFF7D6FF50B9B3794AB1AB420AD1114644
:108220002046FFF743FF08B9044B236070BD48F2B6
:108230001050FBE748F21150F8E700BF7052464D6E
:108240002DE9F0470C4606460F492046DDE908892E
:1082500015461F46FFF7C1FFA0B963685A79494622
:1082600052004046FFF7C5FF60B94DB1CDF8208000
:108270003B462A4621463046BDE8F047FFF71EBF81
:1082800048F21050BDE8F0877052464D10B50446D4
:1082900038B149B141600B68984708B9044B236075
:1082A00010BD48F20150FBE748F21050F8E700BF5C
:1082B0006E524648F0B4134648B10768094EB742BB
:1082C0000AD161B12AB14368F0BC5B68184748F233
:1082D00001531846F0BC704748F20253F9E748F2E0
:1082E0001053F6E76E524648F0B460B107680C4E82
:1082F000B7420CD171B143681568DC68A5420CD354
:10830000F0BC9B68184748F20150F0BC704748F237
:108310000250FAE748F21350F7E748F21450F4E736
:108320006E524648F7B50446DDE9086715460193E5
:10833000FFF7ACFF68B9019A29462046FFF7BAFF5C
:1083400038B93A463146204603B0BDE8F040FFF761
:10835000CBBF03B0F0BD0000F8B50A4F0A4C0B4D7F
:10836000E41B0121E40829700026A64203D1022360
:108370002B700020F8BD57F8363098470028F9D107
:108380000136F2E7B4D20700B4D20700F02D002086
:1083900001390144814200D2704703780A7800F81D
:1083A000012B01F80139F5E7013A02440139824213
:1083B00000D2704711F8013F02F80139F7E770B5B4
:1083C00016460D46FFF7F0FF3246A9193044BDE8C6
:1083D0007040FFF7E9BF38B50D460446FFF7D8FFF8
:1083E00029466019BDE83840FFF7D2BFBFF34F8F71
:1083F0000549064BCA6802F4E0621343CB60BFF341
:108400004F8F00BFFDE700BF00ED00E00400FA055C
:10841000044A136801331360034B1B780BB100F05F
:10842000FFB87047FC2D0020F82D002010B5094C36
:1084300000F018F923785BB9074A137000F0B8F818
:10844000012323700549BDE81040A32000F0D6BBEE
:1084500010BD00BFF82D0020F12D00201184070071
:1084600008B5084B00221A7000F030F90649A32025
:1084700000F0C4FB054B1A68054B1A60054B01223E
:108480001A7008BDF82D002011840700FC2D002073
:10849000F42D0020F12D0020013870B5082823D8D4
:1084A000DFE800F00A0C23220522050E0C0011481B
:1084B000BDE87040FFF7BABF0F48F9E70F48F7E78C
:1084C00002F07AF80E4B1B787BB10E4E0E4D3468DD
:1084D0002B68E41A3B2C94BF0021012100F040F9E5
:1084E0003B2C01D933682B6070BDBDE87040FFF7AD
:1084F000B7BF00BF5DCF070058CF070062CF0700AE
:10850000F12D0020FC2D0020F42D002008B5FFF7F0
:108510006DFF08B5FFF76AFF08B500F089FC024857
:1085200000F0A6F9FFF762FF99840700F0B51B4B36
:108530001B4819781B4B1C4D5F5C0422012447FA31
:1085400002F6F60710F8013B1BD51F2B86BF03F080
:108550001F032E464FF0A04604FA03F3C6F80C356D
:10856000013AECD2114B5B5C1F2B86BF0E4903F026
:108570001F034FF0A041012202FA03F3C1F80835AE
:10858000F0BD1F2B86BF03F01F032E464FF0A04601
:1085900004FA03F3C6F80835E2E700BF052E002011
:1085A00067CF0700002E0020000300506CCF0700AB
:1085B00030B41748174D0022032410F8013B1F2B3D
:1085C00086BF03F01F0329464FF0A04103F5E07377
:1085D0000132052A41F82340EFD10F480D4D00220A
:1085E000032410F8013B1F2B86BF03F01F0329460D
:1085F0004FF0A04103F5E0730132052A41F8234012
:10860000EFD1064B00221A7030BCFFF78FBF00BFBE
:1086100067CF0700000300506CCF0700052E002035
:1086200010B40D4A0D4913780120C95C03441F2979
:10863000DBB28ABF0A4C4FF0A04401F01F01042BAB
:1086400000FA01F188BF0023C4F80C1513705DF81F
:10865000044BFFF76BBF00BF052E00206CCF070057
:108660000003005001460522014804F095B900BFFF
:10867000002E00201F2886BF054A00F01F004FF083
:10868000A042012303FA00F0C2F80805704700BFBA
:10869000000300500B4B185C1F288ABF0A4B4FF099
:1086A000A04300F01F01D3F8042598BF0146CA403B
:1086B000D20704D501228A40C3F80C257047FFF782
:1086C000D9BF00BF71CF070000030050F8B5204AA2
:1086D000204D214E002313602846032410F8012B5F
:1086E0001F2A86BF02F01F0231464FF0A04102F55B
:1086F000E0720133052B41F82240EFD1174C164FA1
:1087000020460022032610F8013B1F2B86BF03F0F2
:108710001F0339464FF0A04103F5E0730132052AEB
:1087200041F82360EFD1002115F8010BFFF7A2FFFC
:1087300001310529F8D1002114F8010BFFF79AFF48
:1087400001310529F8D1BDE8F8400020FFF7A2BFAC
:10875000082E002071CF07000003005076CF0700DD
:10876000F0B5164A164F1668DFF858C03446002593
:108770004FF0010E00EB8000642390FBF3F0A04269
:108780000BDCB042B8BF304605B11060A1B104287F
:1087900012DCBDE8F040FFF77DBFE35D1F2B8ABF11
:1087A00065464FF0A04503F01F030EFA03F3C5F82A
:1087B0000C3501340125E2E7F0BD00BF082E002092
:1087C00071CF070000030050007800F001007047EF
:1087D00041DF7047014B01221A7070472C32002094
:1087E000BFF34F8F0549064BCA6802F4E06213439A
:1087F000CB60BFF34F8F00BFFDE700BF00ED00E08F
:108800000400FA05024B034800221A7001F0F2BF7F
:108810002C320020E1870700042810B5044609D84F
:10882000022811D816D00D4B1B68B3B12046BDE805
:1088300010401847831F012BF5D8094B0948002227
:108840001A7001F0D7FFEEE707494FF4701000F0FF
:10885000A7F9E8E701F014FFE5E710BD303200208A
:108860002C320020E18707000588070000207047B0
:1088700038B5504B1860002001F0D2FF04460028A4
:1088800040F0928000F07EFA012800F088800228F3
:1088900000F08C80002840F087804FF08043D3F8B0
:1088A000004414F4803435D04FF48032C3F80024EF
:1088B0000446414D2B6A012B3FD04FF4701400F059
:1088C000F7FA3E4A20211820FEF7FEFD08B1FFF717
:1088D00020FE3B4B1A6802F0F802B02A06D11A6853
:1088E000D20742BF1A6802F04E021A60FFF7BEFFBD
:1088F000002859D12046334900F052F9324800F09F
:10890000E9FF002850D100F0F9FAFEF767FEFFF703
:108910005FFFF8E7D3F8202502F0F802A82A0AD171
:10892000D3F82025D10706D5D3F8202502F056022A
:10893000C3F82025BDE70124BBE743F204031A680E
:10894000224B9A4209D002F023F8AA69014694B159
:108950001F4802F07AFB90B9AFE76A6B1CB995F833
:108960006032012BEFD01B484FF4805102F06DFBB9
:108970000028E8D1A1E795F8A132012BE8D1104BEE
:108980001B6813F0B10F98D101F0AEFF60B9124B24
:108990001870124801F02EFF00F024F804E00E4B8E
:1089A0000F481C7001F026FF032038BD4FF4A024AF
:1089B00085E700BF30320020CC4E00200C2E002076
:1089C0001C0500400588070019880700DBE5B15148
:1089D0006D5100202C5100202C320020D58707003B
:1089E000E187070008B5074B4FF0FF32C3F880203E
:1089F000C3F8802101F060FCBDE808404FF48050CE
:108A000000F002B800E100E000B5EFF305830023B9
:108A1000D0E9001283F3148883F3108883F311885C
:108A200083F3138881F308884FF0FF339E46104785
:108A30005DF804FB00F1402000F50030002382B017
:108A4000036003680193019B02B0704738B56FF073
:108A50007F42134C057BD4F804358A4228BF0A466E
:108A6000891A13444A1E942A23F07F4305F5A872FD
:108A70009BBF963B96314160416044F82230094BE0
:108A80004FF4F86043F00103984705F1500080006F
:108A9000FFF7D0FF4FF48033AB40C4F8043338BD48
:108AA0000040024080CF070008B517490A7852BB42
:108AB0004FF080434FF48070D3F81834DB035EBF6F
:108AC000124B01221A60FFF7B5FF4FF4A070FFF7B9
:108AD000B1FF4FF4A270FFF7ADFF4FF4A470FFF7A2
:108AE000A9FF0B4B0B48A02283F8242310225A60C5
:108AF000094A0023C2F808350123036002201360ED
:108B0000C2F804030B7008BD383200200800004092
:108B100000E100E008400240004002402DE9F04141
:108B2000194B1B683BB1194A13684FF4827001332B
:108B30001360FFF77FFF164C164DDFF86080164E6E
:108B40004FF480372B68A5F5804080B25BB1FFF70A
:108B500071FF237B07FA03F3C8F80833616849B152
:108B60002046FFF773FF0435B54204F11004E9D144
:108B7000BDE8F081A16811B12046FFF767FF2368C7
:108B8000002BF0D09847EEE7044102403432002039
:108B9000EC2A0020404102404C410240004002408B
:108BA00070B50B4B1D682A7B4FF480339340094A04
:108BB0000E46C2F80833044640B1FFF775FF2E6039
:108BC00021462846BDE87040FFF740BF70BD00BF9A
:108BD0001C2B00200040024070B5074B1D680E465C
:108BE000A8600446FFF760FF2E6021462846BDE8D6
:108BF0007040FFF72BBF00BF242B002070B50E4B39
:108C00001C68237B4FF480329A400C4B0E46D3F8FD
:108C100004130A42054602D0A16881420BD0C3F872
:108C20000823A560FFF740FF266029462046BDE8DF
:108C30007040FFF70BBF70BD202B002000400240AA
:108C4000014B01221A7070473932002038B50F4BA2
:108C5000DA6A5D6A9C6CAC2A10D15B6B1C44ED1A1D
:108C60000B482A46214603F067FE68B100F046F93A
:108C700029462046BDE8384001F000BB002CEFD16A
:108C800001F09CFE0446EBE738BD00BFCC4E00204F
:108C9000007007002DE9F74F06468846A8EB060549
:108CA0002D0B02F6FF77144600F002F9802D28BF45
:108CB00080252B03DFF868B001933F0B0CB92346E6
:108CC00029E0BD422CBFBA46AA464FF000025146E9
:108CD000304634BFDDF80490A14601F0B7FA0346F0
:108CE000C8B909F1030222F003024146304601F0FF
:108CF0009FFA034678B9DBF830304B44CBF830307C
:108D000001F07EFDA7EB0A07A4EB09044E44C8441A
:108D100003460028D2D0184603B0BDE8F08F00BF4C
:108D2000CC4E002010B501F059FE154A42F2040362
:108D3000916CCC5803F1A34303F5471303F2D753C7
:108D40009C4218D1D2E90C32934216D0884204D109
:108D5000BDE81040002001F053BDD21A02F6FF72A8
:108D600022F47F6222F00F0219441844FFF792FFA9
:108D70000028EDD010BD0320FCE70020FAE700BF7B
:108D8000CC4E002070B5264CE36AAA2B37D005D80C
:108D9000012B0BD0A52B2ED0002070BDAC2BFBD10E
:108DA000FFF7C0FF48BBFFF751FF26E0A66C656ADE
:108DB00001F0EEFD864229D101F0EAFD00222946AC
:108DC000FEF776FCA36A984202BF0123C4E90703B9
:108DD000A5610025134801F0CFFD134B1348002275
:108DE0001A7001F00DFD68B975B1236A012B14BF2B
:108DF00001200220D1E7FFF795FF0125EAE7FFF701
:108E000025FFE6E70320C8E70120C6E7236BEA1A3F
:108E1000F1181844FFF73EFF0028DAD1CCE700BF75
:108E2000CC4E0020F04E002039320020418C07004B
:108E300008B540F6F8700368013302D10749FFF71F
:108E400089F940F6FC700368013305D1BDE808409C
:108E50004FF4FC21FFF77EB908BD00BF007007008A
:108E60000A4AD2F800347BB109480023D2F8081529
:108E7000D940C90748BF03F5C07103F1010348BFDA
:108E800042F82100072BF1D1704700BF00000140DC
:108E90003546526EFFF7E4BF044B002282B01A60E1
:108EA0001B680193019B02B0704700BF00010140A5
:108EB00038B50E4C2278BAB90D4BD3F800248AB1DC
:108EC000D3F80455FFF7CCFF40F61650A842B8BFC0
:108ED00028460849A0F54860FFF77EFE064B4FF490
:108EE00080321A600123237038BD00BF3A3200205F
:108EF00000000140958E070000E100E0034BD3F82D
:108F000000340BB1FFF7ACBF704700BF0000014059
:108F10000023C0E90232C0E900118B881A440261C3
:108F2000B1F906301A4442610888003818BF0120A0
:108F3000704710B5426811880346002939D002F104
:108F400010014160148A2CB9C2680168FFF7E0FF84
:108F5000204610BD9078118900F03004302C1BD1D0
:108F6000947C04F03004302C1DD190881969091AC2
:108F700019610021907810F0300F02BF986801301D
:108F80009860908A0844196901441961B2F9162061
:108F9000114459610120DCE700F0F004202C02D1DB
:108FA00050894143E6E700F0C000802808BF042153
:108FB000E0E70846CDE770B5466804460D466368AD
:108FC0001A88AA4204D19B7803F00F03082B07D11B
:108FD0002046FFF7AEFF6368B342F0D1002070BDBA
:108FE0000120FCE743681A44426011B101399A42FA
:108FF00001D10120704713F8010B01F8010FF6E7CA
:109000002DE9F34183680446884623B9002630469B
:1090100002B0BDE8F081036801220DF10701984715
:1090200006460028F2D0A3689DF80750013BA360D4
:109030009DF90730002B1ADA05F07F050727A36892
:10904000002BE3D0236801220DF107012046984749
:109050000028DBD0A3689DF80720013BA36002F045
:109060007F03BB401D43130607F1070702D4C8F86E
:109070000050CCE7232FE2D1C8E770B54268927860
:1090800002F00F01082986B003461FD103691C684E
:1090900000260CB906B070BD236826739D6862680F
:1090A00029466846FFF734FF6368049304F10C0314
:1090B0000593AB7803F0C003802B08BF231D6846DF
:1090C00008BF0493FFF7D9FFA468E2E712F0C001DC
:1090D00020D102F0300010280ED15A6911705A6860
:1090E00018699378D46803F00F03072B09D1014660
:1090F000204600F017F8CDE79006F0D55B6919809F
:10910000C8E71289214614B103F046FCC2E703F018
:10911000DDFCBFE78029BDD1006900219206016016
:10912000B8D5EBE77FB50A4601466846FFF7F0FE83
:1091300030B16846FFF7A1FF6846FFF7FAFEF7E790
:1091400007B05DF804FB000030B5044685B0154655
:10915000A9B90268114B9A4211D0102D06D82A469F
:1091600069462046FFF7F0FF05B030BD1022694682
:109170002046FFF7E9FF0028F6D0103DEDE7A36891
:10918000AB4201D20020EFE723682A4620469847E9
:109190000028F7D0A268521BA260E5E7E58F070020
:1091A000F7B50E4601A907461546FFF729FFA8B1F6
:1091B000019A0123D3184FF0000404D2B17801F0D2
:1091C000C001802901D1204608E031899942FAD3B3
:1091D00029463846FFF7B8FF019BEC5403B0F0BDB9
:1091E00073B50D4601A906461446FFF709FF98B16D
:1091F000019AB2F5803F11D2AB7803F0C003802B07
:1092000002F102010AD02B898B4207D32146304656
:1092100021F8022BFFF798FF02B070BD0020FBE79A
:1092200010B5034C82600022C0E90041C26010BD4D
:10923000E58F07002DE9F341002604460F46B046AE
:109240003546A3682BB3236801220DF107012046A0
:109250009847F0B1A3689DF807C0013B0CF07F026E
:10926000C5F12001A360A5F1200302FA03F322FA5D
:1092700001F10B43AA401CF0800F46EA020643EAC4
:10928000080805F1070502D1C7E9006802E0462D8C
:10929000D7D1002002B0BDE8F08173B50C46694615
:1092A0001646FFF7C7FF68B12389082B0CD1DDE90B
:1092B0000045C6E90045DDE90023AB4206BFA242F6
:1092C0000120002002B070BD042B04D1009B33604C
:1092D0001C460025EFE7022B4FF0000004D1009B55
:1092E00033809CB20546E6E7012BEBD1009B33703F
:1092F00003F0FF04F6E737B50D4669461446FFF75D
:1093000099FF30B12A89082ADDE9003103D1C4E987
:10931000003103B030BD042A18464FEAE37108D18A
:1093200023601A460B468B4206BF82420120002072
:10933000EFE7022A04D11BB223801AB2D317F2E757
:10934000012A03D15BB223705AB2F7E70020E0E7AD
:10935000F7B51F4600233B700D460B70136001A943
:1093600004461646FFF74CFE30B9A36813B9012333
:109370003B70002003B0F0BD019C002CF7D0E30847
:1093800004F0070433602C70F4E713B50446052994
:109390001FD8DFE801F0030F151E1E1C012201A9D2
:1093A0002046FFF7D1FE18B19DF90430002BF5DB04
:1093B00002B010BD082200212046FFF7C5FEF7E7E6
:1093C00001A9FFF71DFE0028F2D0019AF3E704225D
:1093D000F1E70020ECE773B50D4601A90446FFF75D
:1093E0000FFE064618B90026304602B070BD94E85C
:1093F0000F0085E80F0001998A42F4D3A960A368A1
:109400005B1AA360F0E700002DE9F0435768BB78D2
:1094100013F0C00489B006468C46154603D0402C94
:109420006AD000240CE003F00F025F4903F0300320
:10943000202B51F8228026D006D8CBB1102B1CD07F
:10944000204609B0BDE8F083302BF9D16B6939882B
:109450001980072A0AD16B6828691A89214603F006
:1094600035FB6B682969D868FFF75CFE2A6940E024
:109470002A693946C0470446E2E76B6901221A703F
:109480002A696968F6E7BCF1020FD5F8149024D177
:10949000042A22D804A9FFF79EFF04460028C0D062
:1094A000069B2BB16968B9F800304A899A4205D801
:1094B000059B7360069B002BC2D0B2E708892A691E
:1094C00003FB002204A8C04728B1B9F800300133DB
:1094D000A9F80030E4E70446EAE7B9F800307A89F1
:1094E0009A429ED92A693989581CA9F8000003FBC1
:1094F000012269683046BDE7D2F81080474657F828
:10950000043B13B9FFF741FFB5E7022914D104A9C1
:10951000FFF761FF002884D0D8F8003069683A4628
:1095200004A89847044600283FF47BAF069B002B15
:10953000F2D1059B736083E7012925D005292BD043
:1095400000297FF46EAF0C460DF1040901340B2C99
:109550003FF467AF012249463046FFF7F5FD00288A
:109560003FF45FAF19F9013B002BEFDB0F4B049386
:1095700001ABCDE9053400230793D8F800306968C2
:109580003A4604A8984776E7082201A9FFF7DCFDD0
:1095900008240028EAD144E704220DEB0201FFF77A
:1095A000D3FD0424F5E700BF88CF0700E58F07004F
:1095B0002DE9F04F91B00446002604A8CDE90266DB
:1095C000FFF7A6FCA3683BBBDDE9053404A89D7842
:1095D000FFF7AFFC0028F7D115F0300F03D1059B42
:1095E0001B8803B10134002C00F0A980630900221C
:1095F00002A9934240F09C8010AA02EB830304F07E
:109600001F0453F8383CC4F120044FF0FF30E04011
:10961000C31A584258410DE00DF1030301AA0DF1A0
:1096200002012046FFF794FE38B99DF80330002B65
:10963000CAD1002011B0BDE8F08F019904A8FFF74E
:10964000BAFC002850D1019BB3427DD3059D059AF9
:10965000937803F00F03082B7FD004A8FFF769FC71
:10966000059B9D42F3D14FF0FF36019FB7426BD36C
:10967000089B9DF802A0D4F808801D684FF00109EE
:10968000A368002D5DD098459CD12B68D3F800B01D
:10969000BBF1000F08D053463A4629462046D8472A
:1096A0000028C6D0AD68EBE7D3F808B0BBF80030AF
:1096B0009F42F7D16A6859460AA8FFF729FC6B68F0
:1096C0000E9305F10C030F939BF8023003F0C003D7
:1096D000802B04BF2B1D0E930AAA85F80C905146CF
:1096E0002046FFF791FEDBE7059B9B7813F0300FD8
:1096F0000FD1069A3F2A0CD8510910AB03EB810118
:1097000002F01F020123934051F8382C134341F813
:10971000383CE5682DB19DF80220019904AB204644
:10972000A8479DF8021004AA2046FFF76DFE10E03E
:1097300051F8225001357FF47DAF013259E7012005
:1097400078E798457FF43EAF9DF802102046FFF77A
:109750001CFE00287FF436AF6BE7168885E737B527
:109760000C460546114620460192FFF7DBFC019AA4
:109770002146284603B0BDE83040FFF719BF70B559
:1097800086B0CE6801920C4602A90546FFF723FE7B
:1097900068B1E06858B1A378019A03F03003202B38
:1097A000314602A805D1FFF7DAFF039B6B6006B0D4
:1097B00070BDFFF7FDFEF8E7D3B50C466946FFF72D
:1097C00039FD80B1DDE9001300274A0801F00106E8
:1097D00042EAC37256EA07014FEA53031CBFD24361
:1097E000DB43C4E9002302B0D0BD37B50D4669465E
:1097F0001446FFF7E1FF68B12B89082B0CD1DDE996
:109800000001C4E90001DDE900238B4206BF82426A
:109810000120002003B030BD042B03D1009820604C
:10982000C117F0E7022B04D1BDF90000208000B27F
:10983000F6E7012B04D19DF90000207040B2EFE75C
:109840000020E7E713B504220C460DEB0201FFF7F9
:109850007BFC08B1019B236002B010BD1146FFF7ED
:10986000F1BF13B508220C466946FFF76DFC18B12D
:10987000DDE90023C4E9002302B010BD1146FFF763
:10988000F0BF10B513681F2B144607D9002208300B
:10989000FEF78BFB08B92023236010BD48F214505B
:1098A000FBE70830FEF75EBB0830FEF72BBB00007D
:1098B000831F012B10B5044602D8002001F044F8A4
:1098C000034B1B681BB12046BDE81040184710BD74
:1098D0003C32002008B5074B18600020FFF7E8FF76
:1098E000054801F019F820B9BDE80840024800F029
:1098F0007BBE08BD3C320020B19807006EDF704788
:109900006FDF704772DF704773DF704774DF704737
:1099100075DF704776DF70477ADF70477CDF70470E
:109920007DDF70477FDF704786DF70478FDF7047CE
:1099300090DF7047A8DF7047AADF7047ADDF704740
:10994000AEDF7047AFDF7047B0DF7047B1DF704701
:10995000B5DF704762DF704766DF704713DF70471F
:109960007FB50023CDF80B308DF80F300A4BADF8E2
:1099700006109B89ADF8083001238DF80A300DF1EF
:109980000603CDE90430054B02A91888FFF7D8FF7C
:1099900007B05DF804FB00BF8E4200202A2B002098
:1099A00001460148FDF7A5BFBCD2070070B51822DB
:1099B0008CB00DEB0200002103F088F801238DF834
:1099C00018308DF82D30324B1B7828220892002B4E
:1099D0005CD0304B02AA03F110061546186859688E
:1099E000144603C40833B3422246F7D12A4C10224E
:1099F0002946204602F0A0FF002847D002238DF818
:109A00002C30012104F110036846CDE90034FFF742
:109A100075FF0122002101A8FFF772FF04231F4CEC
:109A200002941622A37003230926ADF80420E370E4
:109A300000225923CDE903220592012502226371F8
:109A400001A9FE23A019ADF80C6022706570227187
:109A5000A371FFF765FFB8B9BDF8043026725A1933
:109A6000E271BDF80C200E4C134402A906AA204650
:109A7000ADF80C30FFF746FF30B92078FFF746FF0E
:109A800020782946FFF740FF0CB070BD0623C6E7DB
:109A90000C43002080D10700D0420020A2420020C9
:109AA000282B00202DE9F0410388232B8AB004469F
:109AB00036D80F2B05D8012B00F0EB800AB0BDE89B
:109AC000F081103B132BF9D801A252F823F000BF0C
:109AD000519B07006D9B0700BD9A07003D9C070046
:109AE0008F9D0700BD9A0700BD9A0700BD9A070029
:109AF000BD9A0700BD9A0700E99D0700BD9A0700BF
:109B0000BD9A0700BD9A0700BD9A0700BD9A0700DD
:109B1000BD9A07006F9C0700BD9A07002D9C0700A7
:109B2000503B9AB2062AC9D8062BC7D801A252F8D0
:109B300023F000BF959B07009F9C0700E99D07004D
:109B4000BD9A0700BD9A0700ED9B07007F9C0700A8
:109B5000984B82881A80984A12681C460AB10120E4
:109B6000904796492088FFF7D3FEA7E7914B4FF621
:109B7000FF721A80924B1B685A0704D4FFF716FF36
:109B800008B1FEF7C6FC8C4B1B68002B96D0022058
:109B9000984793E78B4EE288B3889A428ED18A48E1
:109BA000FDF781FE0546002888D0228A04F11201C3
:109BB00002F0F2FE1822002104A802F087FF082319
:109BC0008DF81030814B0693814B0596CDE9073512
:109BD00004A8238AADF8243000F0FCFC00283FF4F0
:109BE0006DAF79482946FDF784FE67E7E188F629DD
:109BF0001AD8CB1E9B070DD0CB1F9BB2013B5A42FC
:109C000002F0030203F0030301F1FF3158BF534296
:109C1000C91A89B2674B1888FFF79AFE00283FF4EB
:109C20004DAFFEF776FC49E7F721F3E7002204A9E0
:109C30008088CDE90422FFF77BFEEFE700235D4C2F
:109C4000ADF812300223ADF81030208802AB04AA20
:109C500042F605210593FFF771FE08B1FEF759FCA6
:109C6000002320881A468521FFF75CFED6E70023F3
:109C700004A98088ADF81030FFF758FECEE7A3792D
:109C8000002B7FF41BAF4B4B13211888FFF742FECC
:109C9000C4E7484B00211888FFF75EFEBEE7A379B2
:109CA000002B3FF40BAF022B7FF408AF454920890E
:109CB0008A8990420E467FF401AFA27B012A7FF48D
:109CC000FDAE00220120CDE904228DF81600208A85
:109CD000384DADF81800608AADF81A0004F1140090
:109CE0000790ADF80A20098A28888DF8103001AF56
:109CF00002AAADF808300397FFF720FEA84660B926
:109D00003846FEF761FD40B940F2FD132888ADF8F2
:109D1000143004A9FFF718FED0E6002304A9B8F810
:109D20000000ADF81430FFF70FFE014600287FF465
:109D3000C5AE182204A802F0C9FE237D234A8DF87F
:109D40001030022B0596069218D0062B10D0012B4E
:109D500010D1204B1A88204B1A80637DD4F816202E
:109D60000893012B099205D11C4800F0EDFD01E09C
:109D7000637D089304A800F02DFC9FE6A27D637D1F
:109D800043EA0223134A1380134A1380F2E7144B69
:109D90001A7862B11349028ACB8D9A4201F104020A
:109DA00005D11C31A0880023FFF7BEFD36E7002156
:109DB000F8E700BF2A2B0020C8420020A6D10700E8
:109DC000C44200208E420020BCD20700BD9E070086
:109DD000A19907000E43002010430020B4D20700D1
:109DE0000C430020CC420020174B1B7833B3174B99
:109DF00017491C88082201232046FFF7A7FD0028E9
:109E00007FF40FAF0246014602232046FFF79EFD76
:109E100000287FF406AF0F4B4FF6FF7219882046DB
:109E2000FFF790FD43F2020398423FF447AE082843
:109E30003FF444AE11287FF4F1AE3FE6A0881A4605
:109E40001946FFF783FDE9E60C4300202A2B00208A
:109E5000044300208E42002038B5134A1368D90706
:109E600001D4002038BD11498842FAD01049088831
:109E70004FF6FF71884211D043F0040313211360A1
:109E8000FFF748FD0028EDD10A4DC82445F0010533
:109E90004FF47A40A847013CFAD1E2E7064B187824
:109EA000BDE83840FFF732BDC4420020B4D20700FD
:109EB0002A2B0020A0D10700282B002010B5044633
:109EC00086B000210D2202A8019102F0FFFD237847
:109ED000082B0BD1364A374913880988013B9BB2BE
:109EE0001380D9B1D3B9032311802370627823780A
:109EF0008DF805306021012A8DF804108DF80620B8
:109F00000ED00B2A12D100F0AFF98DF80700002017
:109F100000F0A4F9042101A8FFF722FD06B010BD4E
:109F2000062B05D0082B29D0032B27D00321F2E7DD
:109F3000E1688DF80710D4E90123080A8DF80800BC
:109F4000080C090E8DF80A10110A8DF80B208DF8F7
:109F50000C10110C120E8DF80E201A0A8DF80F300D
:109F60008DF810201A0C1B0E8DF80D108DF80900BD
:109F70008DF811208DF812300F21CCE7D4E90123A0
:109F8000110A8DF807208DF80810110C120E8DF8AB
:109F90000A201A0A8DF80B308DF80C201A0C1B0EB3
:109FA0008DF809108DF80D208DF80E300B21B2E7D9
:109FB000104300200E4300202DE9F0414D4B94B09A
:109FC00005464FF6FF721A8001204FF659632A4664
:109FD00002A98DF80A00ADF80830FFF7ABFC044683
:109FE000002840F08380444B04AA03F11007164672
:109FF00018685968144603C40833BB422246F7D197
:10A00000A91C3046FFF7A6FC044600286ED11C228E
:10A0100001460DA802F05AFD04F0F8029DF8343014
:10A02000ADF8044042F003028DF80620F42243F01C
:10A030000403CDE90A44ADF82C20304A8DF83430C1
:10A040000223ADF80C3092F80080AB788DF80E301A
:10A0500001AE212303AFCDE908768DF805300C94CD
:10A06000B8F1000F04D1012262F307138DF8053017
:10A070002B4608AA33F8040B0DA9FFF75DFC044634
:10A08000A0BB01461C220DA802F020FD9DF8343033
:10A09000ADF8044023F0180343F0180304F0E8027D
:10A0A00042F013028DF83430AB788DF80E30012178
:10A0B00021238DF806201722CDE90A44CDE9087640
:10A0C000ADF80C108DF805300C94ADF82C20B8F1DB
:10A0D000000F03D161F307138DF805302B4608AA52
:10A0E00033F80C0B0DA9FFF727FC0446204614B0EB
:10A0F000BDE8F0812A2B002090D107000C430020FE
:10A1000073B5354D2B6813F0010403D000242046AD
:10A1100002B070BD314E30603148FDF7ADFB0194A7
:10A1200000F0BDF804460028F1D12E48FFF716FCD8
:10A1300004460028EBD101F059FA04460028E6D184
:10A1400001A801F021FB04460028E0D101A901206B
:10A1500001F024FB04460028D9D101A801F082FBBC
:10A1600004460028D3D100F093FB1F4B002830D0C9
:10A170001E4A126A012A2CD11D481A7000F07CFB7D
:10A1800011231C488DF8043002F0FAFC194982B200
:10A1900001A8FFF7C3FB04460028B8D11648FFF713
:10A1A000BBFB04460028B2D11448FFF705FF044664
:10A1B0000028ACD1FFF7FAFB04460028A7D12B6892
:10A1C00043F001032B603368002B9FD00920984790
:10A1D0009DE700221A70D3E7C4420020C842002045
:10A1E000BCD20700007007000C430020CC4E0020BA
:10A1F000CC42002078D10700A6D107008E42002073
:10A2000043690BB1C06818477047000010B4054996
:10A21000054C0022904218BF214604485DF8044BCB
:10A22000FDF781BBC0CD0700ECCD0700A02B0020BF
:10A2300007B5009313460A4601460348FDF777FB2E
:10A2400003B05DF804FB00BFA02B002013460A46B4
:10A2500001460148FDF772BBA02B0020014B18708E
:10A260000B20704712430020024B002218781A700E
:10A27000704700BF1243002018DF704730B585B02B
:10A28000054610220C466846002102F01FFCA40877
:10A29000684601950294FFF7EFFF05B030BD1FB58A
:10A2A0000023CDE901330393684602230093FFF7AF
:10A2B000E3FF05B05DF804FB4FF000534FF480520C
:10A2C0001A60002070470000014B06201B681847E9
:10A2D0001C4300200A2803D90B38C0B2FFF7BEBFC9
:10A2E0007047000010B5044686B00020FDF72EFB35
:10A2F000014630B1164A18212046FDF709F906B08B
:10A3000010BD1822684602F0E1FB0423114A8DF8C3
:10A310000030114B116D1B68994211D10F4B186819
:10A3200000F0F4FF8DF80100FFF7D4FFD4E901132A
:10A330008DF8010068469847094800F061FADEE7A9
:10A3400001238DF801306846D4E901139847D6E718
:10A35000E5A20700CC4E0020144300201843002043
:10A36000C9A20700F0B5044687B01822002168464C
:10A3700002F0ACFB22788DF8002001238DF801302B
:10A38000531E0B2B00F20C81DFE813F01100330099
:10A39000110011000A0111000A0111000A010A014D
:10A3A0000A010C007F4B1B680720984721E0062A12
:10A3B0007D4901D0012A01D122690A700A78012A57
:10A3C00004D0022A51D000230B7094E0072B10D840
:10A3D000DFE803F0040F452F0F420F1C714B0320E1
:10A3E0001B689847606900F06BFDFFF773FF8DF8FD
:10A3F0000100D4E90113684698479DF80130012B0C
:10A4000000F0C380674B05201B68BDE0A18A20696E
:10A4100000F06EFDFFF75EFF644B8DF80100DA6B14
:10A420001B6C0293E3680192002BE2D020699847ED
:10A43000DFE75F495F4800F0A7FDFFF74BFF01280A
:10A440008DF80100D5D1002000F0DAF90028D0D035
:10A450000A238DF80130CCE74FF400730393534B7C
:10A46000DA6B1B6C01920293C3E7072BC1D801A2E0
:10A4700052F823F095A40700F3A3070059A507009D
:10A4800065A50700F3A307008FA50700F3A3070046
:10A49000FBA4070000F04CFD08B90823D9E7626966
:10A4A0000AB90323D5E7C2F30B0333B13F4B40494D
:10A4B0005B6D096813448B42F3D1B2F5805F01D91B
:10A4C0000423C6E7394B3A49586D096815188D427F
:10A4D000E3D85A64DA6C9A6418651863354B61697D
:10A4E0001B6801F6FF710022090B1844FFF7AEFE4E
:10A4F00000283FF47EAF0523ABE700F019FD0028EC
:10A50000CBD02A4DA18AD5E914329B1A6A6C0B4430
:10A510009342C6D8274B2F6B1B68206905F1480270
:10A520001F44FDF7C5F8E368A28A2169064638464C
:10A53000FFF77EFE08B1E36878E7A28A2B6B13442D
:10A540002B63A38A2A6DAE641344CDE901362B65D3
:10A55000144B08201B6828E7144B9A6C1B6D029261
:10A56000019346E7114BD3E91402596C821A8A42CF
:10A5700093D19A6C5865002120465964DA64FFF73C
:10A58000B1FE084B1B680420984707B0F0BD074B8D
:10A590009A6C1B6D01934FF480530292039328E74A
:10A5A000022356E71C4300202C2B0020CC4E002019
:10A5B0001443002018430020044B054A186D6423FF
:10A5C00043431068B3FBF0F0704700BFCC4E00204F
:10A5D0001443002083681BB1024A1821FCF798BF7E
:10A5E0000720704765A3070038B50546C0B10120B4
:10A5F000FFF70CFE044648B900F054FC00F098FC4C
:10A6000030B9084B00201D60FFF728FE204638BDFA
:10A610000549064800F0B8FC0128F2D00324F5E70C
:10A620000724F3E71C4300201443002018430020B4
:10A630002DE9F04115464FF46072064688461F46E4
:10A6400002F07AF928B915B90020BDE8F081A847D1
:10A65000FAE7002201213046FFF7F8FD70B94FF408
:10A6600060724146384602F097F92B464FF460720B
:10A6700039463046FFF7DCFD0028E5D00320E4E74B
:10A680002DE9F0413D4C236801335CD00022582174
:10A69000201DFDF70DF8D4F80080A8EB0002D2F1E0
:10A6A000000848EB0208364D364E2F683B680133F0
:10A6B0005ED000225821381DFCF7FAFF3B68834228
:10A6C00044D17C68012C0AD00022C32107F5187000
:10A6D000FCF7EEFFD7F85C42231A5C425C41B8F10C
:10A6E000000F35D0254927484FF4607202F054F925
:10A6F00064B1296824485422043102F04DF92968D4
:10A7000022484FF432725C3102F046F97468012C31
:10A710002CD11F49402201F5E47002F03DF91D499A
:10A720001C2201F5E47002F037F91B4986F8A142BA
:10A730000023042201F2862086F8603286F8E23295
:10A7400002F02AF910E04FF00008ACE70024C6E759
:10A7500024B129680B484FF46072D5E709484FF4DB
:10A760006072002102F0B2F902237360BDE8F0814B
:10A77000B8F1000FF2D00024B4E700BF00F00700EA
:10A78000302B0020CC4E0020D04E0020284F00203F
:10A790002850002068500020E84E002070B50D4C75
:10A7A0000546002258212046FCF782FF002244F88B
:10A7B000040CC32104F51770FCF77AFF261FC4F8B8
:10A7C00058022A463146044B0448BDE87040FFF762
:10A7D0002FBF00BFD04E00202043002000F0070014
:10A7E00002460248024B0068FFF722BF302B0020D0
:10A7F000A04600200149FFF7F3BF00BF00F00700AB
:10A8000038B505460020FFF7C9FF044618B90349CB
:10A810002846FFF7E5FF204638BD00BFCC4E00209C
:10A8200010B5FFF7F3FC044628B9FFF729FF2046CF
:10A83000FFF7E6FF00B1032010BD29DF70470000DD
:10A8400038B50C4D0446D5F8243378B101330FD117
:10A8500000223C210430FCF72BFF2060214605F547
:10A8600049701022BDE83840FFF7E7BF0E2038BD21
:10A870000820FCE700F0070008B528B10349402292
:10A8800002F08AF8002008BD0E20FCE724F3070040
:10A8900010B5064C00223C212046FCF709FF54F875
:10A8A000043C1B1A5842584110BD00BF28F3070052
:10A8B00038B50C4D0446D5F8643378B101330FD167
:10A8C000002218210430FCF7F3FE2060214605F534
:10A8D00059700722BDE83840FFF7AFBF0E2038BDE2
:10A8E0000820FCE700F0070010B50A4CD4F8243328
:10A8F000D4F864231340013309D04FF4FE20FDF750
:10A9000011FCC92221464FF4FE20FDF739FC00203E
:10A9100010BD00BFCC4E0020F8B5094E094CA41B59
:10A920000746E4080025A54201D10020F8BD56F8ED
:10A930003530384698470028F8D10135F3E700BF95
:10A94000B4D20700BCD20700F8B5094E094CA41BCD
:10A950000746E40800250436A54201D10020F8BDD1
:10A9600056F83530384698470028F8D10135F3E7D6
:10A97000B4D20700BCD2070008B50C22002102F0B7
:10A98000A5F8024B00221A6308BD00BFCC4E002080
:10A9900043F204031A68084B9A4201BF43F20803CA
:10A9A000186800F6FF7020F47F600CBF20F00F00E5
:10A9B0004FF48050704700BFDBE5B15108B5FFF799
:10A9C000E7FF054B9B69184400F6FF7020F47F6099
:10A9D00020F00F0008BD00BFCC4E00204FF4805087
:10A9E000704700002DE9F74F0193244BDFF894B036
:10A9F0001B6ADFF894900093054616464FF0000856
:10AA000043F2040AB8F1010F5FFA88F714D0022F5D
:10AA10001FD0FFF7D3FF6EB1009B013B5C425C414E
:10AA2000A9EB0000A84200D3F9B1B4B1A8421CD2EE
:10AA300004201FE03446F3E7FFF7AAFF019B33B978
:10AA4000DAF80040B4EB0B0418BF0124E8E74446F1
:10AA5000E6E701244FF48050E2E708F10108B8F17D
:10AA6000030FCFD1A842E3D300E017B10448FFF7AA
:10AA700083FF002003B0BDE8F08F00BFCC4E002064
:10AA8000E44E0020DBE5B1510040070090F855206E
:10AA900012F0FB0F07D190F8643023B1836ECBB175
:10AAA0000B600120704712F0010303D090F856307C
:10AAB00003B1836D9207F2D590F85C20002AEED0A6
:10AAC000054A006EC2F5FC22904201D80344E6E735
:10AAD000042070470F2070470070070010B5084C25
:10AAE0004FF40072FF21204601F0F0FF20220021E8
:10AAF000A4F1240001F0EAFF002344F82C3C10BD2F
:10AB0000284F00202DE9F0475A495B48DFF888813B
:10AB1000DFF88891DFF888A1584C92B00C2201F040
:10AB20000BFF064600284CD15349382204A801F0F7
:10AB300033FF4FF447723146204688F80060C9F869
:10AB40000060CAF8006001F0C1FF079D012D58D1D7
:10AB50004FF48073A3803423636143F20C0384F8C1
:10AB60006C612570A5712572E560257425831B88AD
:10AB7000E361089B2367032384F87630099BA4F8DC
:10AB80005C5084F85E50266684F86450A66684F8AB
:10AB90006C5084F87450A4F8783020220AA904F18B
:10ABA0007A0001F0F9FEA4F89A50A4F89C5084F8B9
:10ABB0009E60A4F8A06088F800500834304B1C60F8
:10ABC00020E03049304E8A6B6F465C313846FEF7E4
:10ABD00027FB97E80F0086E80F0000212B4B88F831
:10ABE00000104FF447722046C9F80010CAF8001050
:10ABF000F36001F06BFF264922463046FEF7AFFDB9
:10AC000020B90025284612B0BDE8F08798F800501A
:10AC1000002DF6D094F86C3194F800801BB3B8F195
:10AC2000000FEED194F87231002BEAD0DAF8002050
:10AC3000D9F800103846FEF7F3FA97E80F0086E8D7
:10AC40000F004FF4B272414604F5BA7001F03EFFB6
:10AC5000104904F5BA723046FEF781FD0028D0D0C5
:10AC600004F5BA74AAE7B8F1000FCAD0A379002B93
:10AC7000A3D1C6E7AED10700284F0020504A0020DC
:10AC8000284E0020CC4E00206C4D0020A5AC0700C3
:10AC900008D1070054D007004C4A0020484A002041
:10ACA000444A002030B55B68DA680D4B9A4208D1FF
:10ACB0000C490A6812B90C4A14681CB10B4B0022EB
:10ACC0001A7030BDD0E90134181913F9015B002D59
:10ACD000A0EB0304F9DB0B601460044B0122EFE7E7
:10ACE00054D00700484A0020444A00204C4A002023
:10ACF00010B543F2040319491C688C4202462BD05C
:10AD000042F20403C358581A434243418C42184646
:10AD100021D142F20403D358A3421CD14FF4405333
:10AD200002F500511B780978142B81BF43F21403FC
:10AD30000B481B68B3FBF0F398BF0023142989BFAD
:10AD400042F2140100205058054A88BFB0FBF2F0CF
:10AD5000181A18BF012010BD0023D7E7DBE5B15159
:10AD600040420F0000B591B0FDF7F6FA6846084979
:10AD70002022FDF724FB6A46064907484023FDF7D9
:10AD800043FA064B01221A7011B05DF804FB00BFB4
:10AD900018CF07007C4D00200CCF0700204A002070
:10ADA000F0B5A3B007460D4614461E467822202370
:10ADB000002104A8029301F089FE00230393194B9C
:10ADC0001B780BB9FFF7CEFF2DB337BB02AB164F85
:10ADD00001931649289B0097324604A8FDF7A2FA72
:10ADE000E8B9402C1BD1124E22462946304601F0CC
:10ADF000D3FD20213046FDF7EEFACDE90064029B39
:10AE00000C493A4603A8FDF71BFA00280CBF0120A5
:10AE1000052023B0F0BD1320FBE71620F9E70A2038
:10AE2000F7E700BF204A0020C44D0020ACCF070048
:10AE3000E44D00207C4D0020F0B5ABB004460D463B
:10AE400016461F467822202300210CA8039301F008
:10AE50003DFE114B1B780BB9FFF784FF2FB1214644
:10AE6000202204A8FDF7A0FA04AC03AB0B4F01931A
:10AE70000B49009733462A460CA8FDF753FA48B908
:10AE800020222146384601F057FDB0FA80F04009F3
:10AE90002BB0F0BD0020FBE7204A0020214A002013
:10AEA000ACCF070008B5044B986B08B1FFF72AFE3A
:10AEB000024B187008BD00BFCC4E0020244E00206D
:10AEC00010B5044658B1B0F5007F0AD8064B0022F1
:10AED0001A70FFF703FE054B01209C6310BD032091
:10AEE000FCE70420FAE700BF244E0020CC4E0020EF
:10AEF00070B50E4C0646E06BA36B42189A420D46A5
:10AF000011D85C300A462044314601F045FDE36B20
:10AF100004F140022B4429463046E363FCF7C8FBAA
:10AF20002064012070BD0320FCE700BFCC4E002050
:10AF3000014B1878704700BF244E002013B50F4C0A
:10AF400094F86C31B3B10E4B1B6800930D4BB4F801
:10AF5000DA221B6894F8D80204F53771FFF720FF56
:10AF6000012809D104F5B874201D02B0BDE81040D5
:10AF700000F0D0B90434F7E702B010BD504A002009
:10AF8000444A0020484A00202DE9F843DFF8888031
:10AF9000D8E90E329A4206460D4637D1DFF87C904A
:10AFA00099F800704FB1FFF709FD1A4B3060294640
:10AFB0001868BDE8F843FFF769BDFFF7A3FD38B394
:10AFC000FFF7BCFF0128376004462F601BD1114BEF
:10AFD00029461868FFF75AFD0128044613D198F84E
:10AFE000A112B1FA81F103463A4628684909FFF7F0
:10AFF000F9FC38B9FFF7E2FC89F8004030602046E0
:10B00000BDE8F8830424FFF769FDF8E70824F6E7B4
:10B010000524F4E7284E0020CC4E0020244E0020CA
:10B0200010B490F86C305BB190F86E404CB1B0F851
:10B03000704034B15DF8044B01237230FFF7FCBE61
:10B04000012318465DF8044B704713B504460846C3
:10B0500023781146032B03D8DFE803F021050F18EE
:10B06000002002B010BD0022D4F80140FCF720FB04
:10B07000844214BF00200120F3E70A460023014662
:10B08000601C02B0BDE81040FFF7D6BE0091034639
:10B090004022611C0020FFF783FE0128E9E7012020
:10B0A000DFE700002DE9F041A2B004460D46164648
:10B0B000002178221F4604A8202303939DF8A08036
:10B0C00001F004FD41220021204601F0FFFCB5F80B
:10B0D00094300BB195F8968084F80080B8F1030F96
:10B0E0001ED8DFE808F00902111F00223946304659
:10B0F000FCF7DEFAC4F801003A4631462046FFF775
:10B10000A4FF22B0BDE8F08103AB0193631C009360
:10B1100008493B46324604A8FDF704F90028EBD065
:10B120000020EEE7B5F8982005F19A01601C01F0C7
:10B1300033FCE1E7ACCF07002DE9F0476D4B1D680C
:10B14000A4B004460F4690460A4601462846FFF73B
:10B1500067FF002800F0CC8095F855601EBB4FF0CB
:10B160000109CDF800903B462246294613A8FFF777
:10B1700099FF00287FD0B8F1000F6DD041225E48C2
:10B1800013A901F009FC5D4BC3F82C901E626A689C
:10B190009A60002239462046FCF78AFA574B01256F
:10B1A000C3E909709FE04122002102A801F08EFC52
:10B1B00006F001094122002113A806F0020601F061
:10B1C00085FCB9F1000F4BD042F20403E15803F1C2
:10B1D000A34303F5471303F2D75399424BD1D5F854
:10B1E00058A00AF5FF520AF6FF73C3F30B031F3290
:10B1F000D21A42F20803E35893423CD343F20403C9
:10B200001B688B4213D14FF440531B78102B8ABF1D
:10B2100043F2100300221A6804F500531B78102B28
:10B220008ABF42F210030023E3589A4223D12046FA
:10B23000FFF75EFD00B1F6B10123009322465346AD
:10B24000294602A8FFF72EFFA8B1AB6DE218FB1A42
:10B250004EB9B8F1000F18D1284B01255D6110E0FF
:10B260003B462246F4E70021009113A82946FFF748
:10B2700019FF0028EDD10525B8F1000F30D1FFF7F7
:10B280002DFC284624B0BDE8F087DFF87080B9F1C6
:10B29000000F21D02046FFF72BFD18B108F1180050
:10B2A000FFF76AFB1648412202A901F075FB002E48
:10B2B00014BFAC23A523C8F82C30AB6DC8F83430CC
:10B2C000002E3FF466AF0F48412213A901F064FB42
:10B2D0006B68C8F80C305CE7AA23C8F82C30EFE79D
:10B2E0000948FFF749FBFFF7F9FB044B9C64C8E7EB
:10B2F0001725C1E7284E00206D510020CC4E0020BC
:10B300002C510020AE510020F04E00200122FFF70A
:10B3100013BF0000F0B590F854200346002A51D026
:10B3200090F8550003284DD893F86E20032A47D192
:10B330001A7A002A46D0DA68342A45D143F2040149
:10B340001A8A0C6821498C422AD152B15969E9B153
:10B35000D2B2002103F1140543F20C06CCB2A24292
:10B3600001D8122011E055F821703488A74201F16C
:10B370000101F3D11A78FAB101285B68144A15D893
:10B380009068834234BF10200120F0BD10B9012A1B
:10B39000E7D8EFE7421E18BF0122002AEAD1E0E712
:10B3A00012B15A69002ADCD11A78F6E7D0688342D4
:10B3B0008CBF01201020E8E7012818BF0F20E4E728
:10B3C0001420E2E70F20E0E71120DEE7DBE5B151D2
:10B3D000CC4E002038B1054B0360054B4360012380
:10B3E0000372002070470E20704700BF61B4070051
:10B3F00015B4070038B1054B0360054B43600123CA
:10B400000372002070470E20704700BF91B4070000
:10B410003BB4070069B10B78022B0CD1022804D091
:10B42000032814BF08201120704703230B7000204D
:10B4300070470E2070470820704769B10B78022BC7
:10B440000CD1022804D0032814BF08201120704713
:10B4500003230B70002070470E20704708207047B0
:10B4600010B50C4681B10B78012B06D00ED9033BE9
:10B47000012B94BF0820112010BDFFF7E1F900282F
:10B48000FAD102232370F7E70E20F5E70820F3E74F
:10B4900010B50C4681B10B78012B06D00ED9033BB9
:10B4A000012B94BF0820112010BDFFF701FA0028DE
:10B4B000FAD102232370F7E70E20F5E70820F3E71F
:10B4C00070B5144B144A0C21D21AB2FBF1F2816907
:10B4D00011F8025C044635B900690021914205D19A
:10B4E000012323600EE04FF0FF30F6E71E68AE4206
:10B4F0000CD1461C07D19D68D4E90001D4E9022390
:10B50000A847206070BD5E688642F4D001310C33DC
:10B51000E4E700BFD0D20700E8D207001EF0040F16
:10B520000CBFEFF30880EFF30980FFF7C9BF00BF3E
:10B5300010DF704711DF704713B5044609496846AC
:10B54000FCF72CFC019808B902B010BDD0E900212D
:10B550002046904718B16846FCF729FCF2E7112015
:10B56000F2E700BFC0D1070013B50446074968469B
:10B57000FCF714FC019B0BB902B010BD2046D3E9C7
:10B58000002190476846FCF712FCF3E7D8D107008A
:10B59000064B9A6822B11A6822F480021A6070473A
:10B5A000034B4FF48002C3F880207047C04E002048
:10B5B00000E100E00B4991F816335A09EC231341DE
:10B5C000DB0706D5084B9A683AB94FF480030B6045
:10B5D000704742F20200FCF79CBF1A6842F48002F6
:10B5E0001A60704700E100E0C04E0020F7B5194F27
:10B5F0003C7864BB184E012520463570FFF79CFF50
:10B60000112821D02046FFF7AFFF144B8DF80340DF
:10B61000186801900DF10300FCF710F8104901A81B
:10B62000FFF786FF0446B0FA80F0400938709DF8B5
:10B630000300FCF727F83CB90A4B34701C70FFF785
:10B64000B9FF2846FFF790FF204603B0F0BD08245D
:10B65000FAE700BF2D4E00202C4E0020BBD1070082
:10B660000D8507002E4E0020F7B5154F3B781BB314
:10B67000144E01203070FFF75FFF11284FF00005D6
:10B680001CD00220FFF770FF0DF107008DF8075066
:10B69000FBF7D4FFFFF74EFF04469DF807003D700F
:10B6A000FBF7F0FF2CB93470FFF772FF0320FFF7B0
:10B6B0005BFF204603B0F0BD0824FAE72C46F8E70C
:10B6C0002D4E00202C4E0020054B1B7833B1054B2E
:10B6D0001B780BB1FFF7C8BFFFF788BF0820704782
:10B6E0002C4E00202D4E0020014B1878704700BFD3
:10B6F0002D4E002007B508496846FCF74FFB019B1B
:10B7000013B903B05DF804FBD3E900209047684605
:10B71000FCF74DFBF3E700BFCCD10700FFF7EABF12
:10B7200060DF704769DF704761DF704730B5114DEA
:10B73000ADF5017D4FF4FA740DF1020103A8ADF8E7
:10B740000240FFF7F1FF70B9294601A8FCF726FB7C
:10B75000029B002BF0D003A8D3E90021904701A859
:10B76000FCF725FBF4E7052801D0FCF7D2FE0DF528
:10B77000017D30BDE4D10700024B1B780BB1FFF710
:10B78000D5BF70472F4E002018B1034B0360002037
:10B7900070470E20704700BFE82A00207FB506469C
:10B7A0000C46002959D02E4B0B600C22002101A819
:10B7B00001F08CF9012506232268ADF8083001A9B3
:10B7C00020208DF804608DF80650FFF7ABFF0C22A7
:10B7D000002101A801F07AF922688DF8055001A92D
:10B7E0004020FFF79FFF0C22002101A801F06EF915
:10B7F000F7232268ADF8063001A923208DF80460F4
:10B80000FFF790FF0C22002101A801F05FF92268E8
:10B810008DF8045001A92846FFF784FF0C2200216F
:10B8200001A801F053F94FF4B0632268019301A914
:10B83000A120FFF777FF0C22002101A801F046F9B3
:10B840009DF8043022682B4301A9A0208DF8043014
:10B85000FFF768FF002004B070BD0E20FBE700BFBB
:10B86000E82A002008B5FFF75BFF10B9014B012261
:10B870001A7008BD2F4E00204BDF70471FB50D4CCE
:10B8800001A8FFF7F9FF70B9214602A8FCF786FA74
:10B89000039B002BF4D00198D3E90021904702A824
:10B8A000FCF785FAF4E7052801D0FCF732FE04B076
:10B8B00010BD00BFF0D107008B1802448B4200D1AD
:10B8C000704713F8010D02F8010DF7E700000000C2
:10B8D000C3F10803DB0070B501330446002003A563
:10B8E0005B1920C940CAAD1920C4184720C940CAF5
:10B8F000754120C420C940CA754120C420C940CA2E
:10B90000754120C420C940CA754120C420C940CA1D
:10B91000754120C420C940CA754120C420C940CA0D
:10B92000754120C4404170BD0000000000000000CF
:10B93000C3F10803DB0070B50133002403A500BF89
:10B940005B1920C940CAAD1B20C0184720C940CA96
:10B95000B54120C020C940CAB54120C020C940CA55
:10B96000B54120C020C940CAB54120C020C940CA45
:10B97000B54120C020C940CAB54120C020C940CA35
:10B98000B54120C06441B4FA84F0400970BD00BFE5
:10B990002DE9F04F08B4F8CA04B451F8042BA3FB06
:10B9A000028940F8048B4FF0000AE4FB629A4FF0E2
:10B9B000000BE5FB62AB4FF0000CE6FB62BC4FF006
:10B9C000000EE7FB62CE51F8042B4FF00008E3FBBA
:10B9D000628940F8048BE4FB629AE5FB62ABE6FB0C
:10B9E00062BCE7FB62CE51F8042B4FF00008E3FB8A
:10B9F000628940F8048BE4FB629AE5FB62ABE6FBEC
:10BA000062BCE7FB62CE51F8042B4FF00008E3FB69
:10BA1000628940F8048BE4FB629AE5FB62ABE6FBCB
:10BA200062BCE7FB62CE51F8042B4FF00008E3FB49
:10BA3000628940F8048BE4FB629AE5FB62ABE6FBAB
:10BA400062BCE7FB62CE40F8049B40F804AB40F8D0
:10BA500004BB40F804CB40F804EB0CBC052B00F011
:10BA60001E810C68A0F11400A1F11401A2F11402CE
:10BA700052F804EB4FF0000550F8046BE4FB6E56EF
:10BA800052F804EB50F8047BE4FB6E6752F804EBC9
:10BA900050F8048BE4FB6E7852F804EB50F8049BEA
:10BAA000E4FB6E8952F804EB50F804ABE4FB6E9AA9
:10BAB000A0F1140052F8044B51F804EB4FF0000CC5
:10BAC000E4FB6EC540F804CB51F804EBE4FB6E5682
:10BAD00040F8045B51F804EBE4FB6E6740F8046B3C
:10BAE00051F804EBE4FB6E7840F8047B51F804EB6A
:10BAF000E4FB6E8940F8048B51F804EBE4FB6E9A8A
:10BB0000A0E80006062B00F0CA800C68A0F118001F
:10BB1000A1F11801A2F1180252F804EB4FF0000550
:10BB200050F8046BE4FB6E5652F804EB50F8047BBB
:10BB3000E4FB6E6752F804EB50F8048BE4FB6E787C
:10BB400052F804EB50F8049BE4FB6E8952F804EBC6
:10BB500050F804ABE4FB6E9A52F804EB50F804BBC7
:10BB6000E4FB6EABA0F1180052F8044B51F804EB63
:10BB70004FF0000CE4FB6EC540F804CB51F804EB29
:10BB8000E4FB6E5640F8045B51F804EBE4FB6E678F
:10BB900040F8046B51F804EBE4FB6E7840F8047B4A
:10BBA00051F804EBE4FB6E8940F8048B51F804EB88
:10BBB000E4FB6E9A40F8049B51F804EBE4FB6EAB97
:10BBC000A0E8000C072B6AD008B40C68A0F11C0098
:10BBD000A1F11C01A2F11C0252F804EB4FF0000588
:10BBE00050F8046BE4FB6E5652F804EB50F8047BFB
:10BBF000E4FB6E6752F804EB50F8048BE4FB6E78BC
:10BC000052F804EB50F8049BE4FB6E8952F804EB05
:10BC100050F804ABE4FB6E9A52F804EB50F804BB06
:10BC2000E4FB6EAB52F804EB50F804CBE4FB6EBCC3
:10BC3000A0F11C0052F8044B51F804EB4FF0000344
:10BC4000E4FB6E3540F8043B51F804EBE4FB6E5620
:10BC500040F8045B51F804EBE4FB6E6740F8046BBA
:10BC600051F804EBE4FB6E7840F8047B51F804EBE8
:10BC7000E4FB6E8940F8048B51F804EBE4FB6E9A08
:10BC800040F8049B51F804EBE4FB6EAB40F804ABC6
:10BC900051F804EBE4FB6EBCA0E8001808BCBDE85A
:10BCA000F08F002310B51C465AB2914200DC10BD43
:10BCB00040F823400133F7E710B500231A465CB281
:10BCC000A14203DCB2FA82F0400910BD50F82340D3
:10BCD00001332243F3E74A11012350F8220001F017
:10BCE0001F0103FA01F108407047013910B549B24C
:10BCF000041D0A06CBB204D4013954F82120002ACD
:10BD0000F7D001335BB273B103F18042013A50F8CE
:10BD10002220002022B9013B00EB431318B210BDD2
:10BD200052080130F6E71846F9E710B500235CB277
:10BD3000A24200DC10BD51F8234040F823400133FB
:10BD4000F5E710B5013A52B2130601D5002010BD37
:10BD500050F8224051F822309C4205D802F1FF32BF
:10BD6000F2D24FF0FF30F2E70120F0E700EB810163
:10BD70000023884200D3704751F8042D43EA520350
:10BD80000B60D307F5E737B51D469DF918300193D1
:10BD90000446FFF79DFD019B38B91A462146284607
:10BDA000FFF7CFFF0128019B07D02A4621462046F6
:10BDB00003B0BDE83040FFF7BBBD03B030BD37B5C1
:10BDC0001D469DF9183001930446FFF7B1FD019B14
:10BDD00038B12A462146204603B0BDE83040FFF77F
:10BDE00077BD03B030BD2DE9F04FB5B004AC9DF97F
:10BDF000F8501E4680462B462046FFF7C9FD24AB6F
:10BE000029463046CDE90234FFF76FFFC0EB8510BD
:10BE100004B2002C2146B8BF04F11F01634241F374
:10BE2000471103F01F0314A804F01F0758BF5F4217
:10BE3000FFF737FF002F08B22BDD14AB002203EB16
:10BE40008001C7F1200E1346AB4217D36B0001935C
:10BE500014AB03EB85096F1E34AB012603EB870798
:10BE6000002C54DA34AB03EB86062A4656F8C81C7D
:10BE70004046FFF75AFF35B0BDE8F08F56F823C0B3
:10BE80000CFA07F0024341F8042B01332CFA0EF2AE
:10BE9000DAE714AB2A46314603EB8000FFF745FF93
:10BEA000D4E70FFA82FE5AF8C83C53F82EB034ABF0
:10BEB00003EB8202013052F8803C0B44BBEB0303DE
:10BEC00034BF012200229B4518BF11465CF8C82CE4
:10BED00042F82E30019B42B29A42E2DB731A5E4274
:10BEE000294614A85E41FFF741FF34AB03EB8503FD
:10BEF000294653F8802C57F8803C484643EAC273E1
:10BF0000013C47F8803C24B2FFF730FFA8E734AB90
:10BF10000020C6F1010C014603EB860A03EB8C0CF2
:10BF2000D8E730B51C4691B0054693F90030684615
:10BF3000FFF72EFDD4F8AC3069462846984711B07B
:10BF400030BD13460A46FFF7ECBF2DE9F04793F9E1
:10BF5000006092B0044689461046314615461F4699
:10BF6000FFF7AAFE002840F091803A46494602A811
:10BF7000FFF7E7FF3B4602AA21460AA8FFF7D1FFD9
:10BF800002A908463A46FFF7DCFF3B462A464946E7
:10BF90004846FFF7C6FF07F104083A4629462846F7
:10BFA000FFF7CFFF43462A46214620460096FFF77B
:10BFB000EAFE43462A46294628460096FFF7E3FE56
:10BFC00043462A46214628460096FFF7F8FE3B46A0
:10BFD0002A4621462046FFF7A4FF43462246214633
:10BFE00028460096FFF7CFFE434600962A46214694
:10BFF0002046FFF7C8FE2368DB074AD53346424692
:10C0000021462046FFF764FC314682462046FFF772
:10C01000ADFE06F18043013B54F8232042EACA7288
:10C0200044F823203A4621462846FFF78AFF434634
:10C030000AAA294628460096FFF7C1FE43460AAAE7
:10C04000294628460096FFF7BAFE0AA90846434645
:10C050002A460096FFF7B3FE3B460AAA2146204631
:10C06000FFF75FFF02AA4346104621460096FFF7FE
:10C07000A6FE324629462046FFF757FE4946284687
:10C08000FFF753FE02A94846FFF74FFE12B0BDE886
:10C09000F08731462046FFF769FEC3E72DE9F041FE
:10C0A00015468AB004460E461C22002103A800F063
:10C0B0000DFD2F1D95F9008003232A4631462046A9
:10C0C0000293FFF73EFF3B4602AA21462046CDF8E9
:10C0D0000080FFF774FE2B46324621462046FFF7CC
:10C0E00020FFCDF800803B4605F184022146204622
:10C0F000FFF749FE0AB0BDE8F08100002DE9F042EB
:10C10000082288B00C468146FFF70FFECB6A0393E6
:10C110000B6B04934B6B05938B6B0693CB6B079365
:10C12000002708236A4669466846CDE901770097EB
:10C13000FFF7CEFB082305466A4649464846FFF707
:10C14000C7FB236B0393636B0493A36B0593E36BB0
:10C150000544CDE906376A46082369466846FFF775
:10C16000B7FB082305446A4649464846FFF7B0FB3B
:10C17000236A0093636A0193A36A0293A36B0693F5
:10C18000E36B0793054408236A4649464846CDE9D0
:10C1900004770397FFF79CFB636A0093A36AA26B83
:10C1A0000193E36A02930492636BE26B0393CDE91C
:10C1B0000523236A07932E1808236A4649464846F2
:10C1C000FFF786FBE36A0093236B0193636B029393
:10C1D000236A0693A36A0793351808236A464946DB
:10C1E0004846CDE904770397FFF7A2FB236B009342
:10C1F000636B0193A36B0293E36B0393636A0693F0
:10C20000E36A07932E1A08236A4649464846CDE951
:10C210000477FFF78DFB636B0093A36B0193E36BD4
:10C220000293236A0393636A0493A36ACDE90537F3
:10C23000236B0793361A08236A4649464846FFF798
:10C2400077FBA36B0093E36BCDE90137636A03933C
:10C25000A36A0493E36ACDE90537636B0793361A43
:10C2600008236A4649464846FFF762FB361A0E4CD9
:10C270000FD436B9082249462046FFF762FD01284F
:10C280000FD00823224649464846FFF751FB361A8D
:10C29000EFE70823224649464846FFF719FB3618C0
:10C2A000F7D408B0BDE8F08200D2070070B514469C
:10C2B0008AB006460D461A46214602A80193FFF7AA
:10C2C00040FE019B02AA31463046FFF72AFE02A932
:10C2D000019B22460846FFF724FE019B02AA29463D
:10C2E0002846FFF71EFE0AB070BD2DE9F0478AB060
:10C2F0001446DDF848A055461F4615F9046B009614
:10C30000804689462B460246214602A8FFF757FD84
:10C3100002A952460846FFF714FE534602AA4146B8
:10C320004046FFF7FEFD534602AA21462046FFF78E
:10C33000F8FD2B464A46394638460096FFF73FFD42
:10C340005246394602A8FFF7FCFD02A92B46424699
:10C3500008460096FFF733FD02A92B462246084601
:10C360000096FFF72CFD2B464246214620460096BC
:10C37000FFF725FD5346224649464846FFF7D1FDC3
:10C380002B4602AA414620460096FFF718FD534669
:10C39000224639463846FFF7C4FD2B464A46394601
:10C3A00038460096FFF70BFD324602A92046FFF7FC
:10C3B000BCFC0AB0BDE8F0872DE9F0479846B3F918
:10C3C0000230894613F11F0148BF03F13E01DD1D14
:10C3D00048BF03F10E05EC104E11944275B228BF10
:10C3E000144629460746FFF75CFC22464946FFF7FC
:10C3F00063FAB8F90230B3EBC40F4FEAC40220D29B
:10C40000D21A07EB86010020C2F120068F420FD31B
:10C4100008F124082A4639464046FFF792FC0128D5
:10C420000FD02B4642463846BDE8F047FFF780BAAA
:10C4300051F8044D24FA02F303430B6004FA06F0AA
:10C44000E4E7BDE8F08770B5036813F00106054620
:10C45000144605D013460A460146FFF739FA064648
:10C4600021462846FFF782FC46B104F18042013A9A
:10C4700055F8223043F0004345F8223070BDF0B546
:10C480000F46A1B006461946384615461C46FFF72A
:10C4900013FC20B13046FFF704FC21B0F0BD22466A
:10C4A00039466846FFF741FC294608A8FFF73DFCDE
:10C4B00010A82146FFF7F5FB012318A81093FFF7FA
:10C4C000F0FB224608A96846FFF73BFC28B9224644
:10C4D00010A93046FFF729FCDFE7009BDA0709D4F3
:10C4E00021466846FFF742FC2246294610A8FFF77E
:10C4F000AAFFE6E7089BDB0707D4214608A8FFF759
:10C5000035FC2246294618A8F1E7002823461CDD01
:10C5100008AA69466846FFF70BFA21466846FFF706
:10C5200025FC224618A910A8FFF70BFC002805DA05
:10C5300010A923462A460846FFF7CAF910A9234640
:10C5400018AA0846FFF7F4F9CEE708A96A46084694
:10C55000FFF7EEF9214608A8FFF708FC224610A9CC
:10C5600018A8FFF7EEFB002805DA18A923462A468B
:10C570000846FFF7ADF918A9234610AA0846FFF7A9
:10C58000D7F9BEE700487047FCD107002DE9F04F0E
:10C590002DED028BEDB08946789E05901946B6F9CF
:10C5A000023096F9004013F11F0748BF03F13E0720
:10C5B00047F3471707F1FF3B24AB002543F82B5007
:10C5C0006CAB03EB8B0307EE902A4CA896F9012085
:10C5D00043F8805C43F8605CFFF76EF996F9012040
:10C5E00054A81144FFF768F921464CA8FFF764FBF3
:10C5F0008046002840F0428154A8FFF75DFB03907D
:10C60000002840F03D8106F1240A3A464CA95046E4
:10C61000FFF797FB012840F035813A4654A9504670
:10C62000FFF78FFB0128069040F02C811CAD3B46A4
:10C63000524654A92846FFF722FF0DF13008039B0C
:10C6400048F82B3017EE902A494640463346FFF70C
:10C65000B3FE4146404653462A460097FFF7C3FBC8
:10C660000DF5B87B53462A464CA914A80097FFF74E
:10C67000BAFB224658460599FFF757FBA3000793DC
:10C68000059B0BEB840903EB84014846FFF74DFB48
:10C6900006F14403194634A80493FFF746FB049BB4
:10C6A000A10059183CA8FFF740FB331D08EE903A53
:10C6B000594634AA28460094FFF781FB4B465A4658
:10C6C0003CA934A80096FFF710FE18EE902A2346E6
:10C6D00029462846FFF7D3FE2A46494658463346A0
:10C6E000FFF7E4FD039B0893049B0993059B3946E0
:10C6F0004046CDE90A3BFFF7F8FA3946834614A8CD
:10C70000FFF7F3FA5845B8BF58461FFA80FB0BF104
:10C71000FF3109B240460491FFF7DDFA0499B0F108
:10C72000000814A818BF4FF00108FFF7D4FA00283A
:10C7300014BF0220002048EA00080DF1200922461B
:10C7400059F8281024A8FFF7F0FA0DF1B009A3005A
:10C7500019444846FFF7E9FA21462846FFF7A1FAAF
:10C76000069B2B60ABF1020824AB08EE105A0FFABF
:10C7700088F80493B8F1000F2ADA18EE902A18EE20
:10C78000101A18EE100A2346FFF779FE18EE102A49
:10C79000049833464946FFF789FD04993A465046C6
:10C7A000FFF7CFFA012805D004993B4652460846C8
:10C7B000FFF7BEF8013C64B24CAA230653D5039B95
:10C7C000B3FA83F040096DB0BDEC028BBDE8F08F89
:10C7D000334618EE102A0498D6F8A4504946A847C4
:10C7E00041460CA8FFF777FA4146B0F1000B14A8B8
:10C7F00018BF4FF0010BFFF76EFA002814BF02209C
:10C8000000204BEA000B08AB53F82B1031B3224643
:10C8100034A8FFF78AFA079B3CA81944FFF785FA6A
:10C8200018EE102A33463CA934A8FFF73FFD18EE56
:10C83000903A0499009434AA44A8FFF7C0FA049AE5
:10C8400000964B463CA934A8FFF74FFD18EE101A8E
:10C8500018EE100A334644AAFFF763FB08F1FF38CD
:10C860000FFA88F886E7049B52F8241053F8243016
:10C870004B40039919430391013C9EE72846A2E7E8
:10C880004046A0E703989EE7002301461A46184653
:10C8900000F0E4B908B5074B044613B1002100F0DD
:10C8A0002DFA054B1868836A03B19847204600F0BB
:10C8B00073FA00BFFDCC0700ACD2070038B50A4CB4
:10C8C0000A4D641BA4100AD004F18043013B05EB20
:10C8D0008305013C55F804399847002CF9D1BDE88F
:10C8E000384000F061BA00BFA02B00209C2B002034
:10C8F00070B50D4E0D4D761BB61006D000240134D8
:10C9000055F8043B9847A642F9D1094E094D761BCC
:10C9100000F044FAB61006D00024013455F8043B68
:10C920009847A642F9D170BD982B0020982B002083
:10C930009C2B0020982B0020032A70B412D940EAC7
:10C940000105AD0704460B4620D11946204653F891
:10C95000045B54F8046BAE4218D1043A032A204613
:10C960001946F2D8541E72B103780A789A4208BF69
:10C97000241806D00CE010F8013F11F8012F934263
:10C9800006D1A042F7D1002070BC7047541EEBE7DF
:10C99000981A70BC704700BF844641EA000313F048
:10C9A00003036DD1403A41D351F8043B40F8043BB6
:10C9B00051F8043B40F8043B51F8043B40F8043B79
:10C9C00051F8043B40F8043B51F8043B40F8043B69
:10C9D00051F8043B40F8043B51F8043B40F8043B59
:10C9E00051F8043B40F8043B51F8043B40F8043B49
:10C9F00051F8043B40F8043B51F8043B40F8043B39
:10CA000051F8043B40F8043B51F8043B40F8043B28
:10CA100051F8043B40F8043B51F8043B40F8043B18
:10CA200051F8043B40F8043B403ABDD2303211D3B8
:10CA300051F8043B40F8043B51F8043B40F8043BF8
:10CA400051F8043B40F8043B51F8043B40F8043BE8
:10CA5000103AEDD20C3205D351F8043B40F8043BB8
:10CA6000043AF9D2043208D0D2071CBF11F8013BB6
:10CA700000F8013B01D30B8803806046704700BF7C
:10CA8000082A13D38B078DD010F003038AD0C3F18B
:10CA90000403D21ADB071CBF11F8013B00F8013B6D
:10CAA00080D331F8023B20F8023B7BE7043AD9D32C
:10CAB000013A11F8013B00F8013BF9D20B78037001
:10CAC0004B7843708B78837060467047F0B486076C
:10CAD00046D0541E002A3CD0CAB2034602E014F1EC
:10CAE000FF3436D303F8012B9D07F8D1032C29D945
:10CAF000CDB245EA05250F2C45EA054533D9A4F109
:10CB00001006360903F1200707EB061703F11002A0
:10CB100042E9045542E902551032BA42F8D1721C7A
:10CB200014F00C0F03EB021204F00F0613D0331FA6
:10CB300023F003030433134442F8045B9342FBD114
:10CB400006F003042CB1C9B21C4403F8011B9C423B
:10CB5000FBD1F0BC704734461346002CF3D1F8E704
:10CB600014460346C2E71A462646E0E700000000E6
:10CB700000000000000000000000000000000000B5
:10CB800090F800F06DE9024520F007016FF0000C0D
:10CB900010F0070491F820F040F049804FF00004B5
:10CBA0006FF00700D1E9002391F840F000F1080090
:10CBB00082FA4CF2A4FA8CF283FA4CF3A2FA8CF3C8
:10CBC0004BBBD1E9022382FA4CF200F10800A4FA2F
:10CBD0008CF283FA4CF3A2FA8CF3E3B9D1E9042383
:10CBE00082FA4CF200F10800A4FA8CF283FA4CF3BA
:10CBF000A2FA8CF37BB9D1E9062301F1200182FA74
:10CC00004CF200F10800A4FA8CF283FA4CF3A2FA79
:10CC10008CF3002BC6D0002A04BF04301A4612BA87
:10CC2000B2FA82F2FDE8024500EBD2007047D1E98A
:10CC3000002304F00305C4F100004FEAC50514F019
:10CC4000040F91F840F00CFA05F562EA05021CBFEA
:10CC500063EA050362464FF00004A9E72DE9F843B3
:10CC6000224C25680DB36C681F2C3BDC984691461E
:10CC70000F46064688B1D5F8880028B3D0F80031B1
:10CC800040F824900122A24000EB84011343022EBD
:10CC9000C0F80031C1F8808010D0A31C01346C6052
:10CCA00045F823700020BDE8F883114E114D256032
:10CCB000002ED8D03468C5F88840D4E7D0F80431C5
:10CCC0001A43C0F80421E8E70B4B5BB14FF48470C2
:10CCD000AFF3008030B100236C68C0E94033C5F881
:10CCE0008800CDE74FF0FF30DDE700BFBC4E0020ED
:10CCF00000000000304E0020000000002DE9F04F41
:10CD0000DFF8908083B0D8F8005001900F464FF0C4
:10CD1000010A8DB16C68D5F88860013C0CD405F12E
:10CD2000080B67B12EB106F1800353F82430BB42E3
:10CD300005D014F1FF34F4D203B0BDE8F08F6B6876
:10CD40005BF82420013BA34216BF00236C604BF824
:10CD50002430002AEDD0D5F80490B6B1D6F80011F1
:10CD60000AFA04F30B4210D0D6F8040156F8241046
:10CD700003420CD1019890476B68D8F800204B45CE
:10CD800001D1AA42D5D01546C3E79047F4E708463B
:10CD90009047F1E7BC4E0020FEE700BFF8B500BFAA
:10CDA000F8BC08BC9E467047F8B500BFF8BC08BC8C
:10CDB0009E467047001000000400000001000000C3
:10CDC00095790700B9790700C9790700397A070012
:10CDD000D9790700A1790700A5790700A97907008B
:10CDE000001000000400000001000000457B070067
:10CDF000257B0700157B07004D7D0700017D07009F
:10CE0000E77A0700EB7A0700F17A0700982F8A4249
:10CE100091443771CFFBC0B5A5DBB5E95BC256398C
:10CE2000F111F159A4823F92D55E1CAB98AA07D8A4
:10CE3000015B8312BE853124C37D0C55745DBE72C7
:10CE4000FEB1DE80A706DC9B74F19BC1C1699BE447
:10CE50008647BEEFC69DC10FCCA10C246F2CE92DD7
:10CE6000AA84744ADCA9B05CDA88F97652513E98FB
:10CE70006DC631A8C82703B0C77F59BFF30BE0C602
:10CE80004791A7D55163CA0667292914850AB72790
:10CE900038211B2EFC6D2C4D130D385354730A652D
:10CEA000BB0A6A762EC9C281852C7292A1E8BFA204
:10CEB0004B661AA8708B4BC2A3516CC719E892D16C
:10CEC000240699D685350EF470A06A1016C1A419EF
:10CED000086C371E4C774827B5BCB034B30C1C39EE
:10CEE0004AAAD84E4FCA9C5BF36F2E68EE828F74AD
:10CEF0006F63A5781478C8840802C78CFAFFBE90C7
:10CF0000EB6C50A4F7A3F9BEF27871C64800280074
:10CF10000020400085C50700DDAC843D1EBD6AFCD5
:10CF2000F19B4BD0C49DB1BE608F0D7ACA0083AA1D
:10CF3000B84899DE96F7E90C05200B441BE1104A2E
:10CF4000A3418950BAD2FDB74999C850A1D379AF4E
:10CF50008939544350D9C92D06150E1506110A04F6
:10CF60000A1104041F04041C0B1F251E15160F189C
:10CF7000131C0B1F251E15160F18130000000000B0
:10CF80000338FDD870470000F79207009B92070016
:10CF9000EB9707005D9807007D980700E191070077
:10CFA000A19107007F97070000000000A9980700E3
:10CFB000A398070083980700200000007800000075
:10CFC000000000000100010000000000010000005E
:10CFD0000000000002000500010000004200000007
:10CFE0000000000000000000000000000000000041
:10CFF00000000000010011000100FFFF010000001F
:10D0000000000000020017000200FEFF64010000A3
:10D0100054D00700000000000000000000000000E5
:10D0200000000000010001000000000001000000FD
:10D0300000000000020005000100000022000000C6
:10D0400000000000000000000000000000000000E0
:10D0500000000000010011000400FCFF04000000BB
:10D0600000000000020011000400FCFF04000000AA
:10D0700000000000030021000400FCFF0400100079
:10D0800000000000040011000100FFFF010000008B
:10D0900000000000050011000200FEFF0400000077
:10D0A00000000000060011000400FCFF0400000066
:10D0B00000000000070011000400FCFF0400000055
:10D0C00000000000080017000200FEFF240000001E
:10D0D00024D00700090010000100FFFF010000003C
:10D0E00004D107000A0027000200FEFF44000300ED
:10D0F000C4CF070000000000000000000000000096
:10D100000000000000000000010017000400FCFF08
:10D1100068010000F4CF0700020017000400FCFFC4
:10D12000AC01000038D10700000000000000000042
:10D1300000000000000000000100070000000000E7
:10D1400068010000F4CF07000200010000000000A9
:10D1500001000000000000000300050001000000C5
:10D16000420000000000000000000000000000007D
:10D170000000000000000000446675546172670002
:10D18000000000000000000000000000000000009F
:10D1900050EADA308883B89F604F15F30000C98EDB
:10D1A0000338FDD870470C000C00000058026D6970
:10D1B00063726F6269745F61707000001002010039
:10D1C00008D3070010D3070008000000F8D20700BA
:10D1D00008D3070008000000F0D20700F8D20700CB
:10D1E00008000000E8D20700F0D2070008000000A5
:10D1F00010D3070018D30700080000000820000122
:10D20000FFFFFFFFFFFFFFFFFFFFFFFF000000002A
:10D21000000000000000000001000000FFFFFFFF11
:10D22000512563FCC2CAB9F3849E17A7ADFAE6BCC8
:10D23000FFFFFFFFFFFFFFFF00000000FFFFFFFFFA
:10D2400096C298D84539A1F4A033EB2D817D0377A0
:10D25000F240A463E5E6BCF847422CE1F2D1176B3B
:10D26000F551BF376840B6CBCE5E316B5733CE2B0E
:10D27000169E0F7C4AEBE78E9B7F1AFEE242E34F3D
:10D280004B60D2273E3CCE3BF6B053CCB0061D657A
:10D29000BC86987655BDEBB3E7933AAAD835C65A03
:10D2A0004BBF07009DC00700FDC00700382B0020C2
:10D2B0000000000001A10700599E07004032002035
:10D2C0007C4200208D42002048320020F400000003
:10D2D0000000000003000000F5B30700000000009C
:10D2E00002000000D5B30700A59A07000000000067
:10D2F000C17C07000000000079B7070000000000B3
:10D300007DB8070000000000017B0700000000005E
:10D310001D7C070000000000709FFF7F01000000DF
:10D320000090D0030000000000000000000000009A
:10D3300000000000000000000000000000000000ED
:10D3400001000000000000000000000000000000DC
:10D3500002000000EC2A00200C2B0020FC2A0020F8
:10D36000FF00FFFF0100000000E00700382B002055
:10D3700000000000000000000000000000000000AD
:10D38000000000000000000000000000000000009D
:10D39000000000000000000000000000000000008D
:10D3A000000000000000000000000000000000007D
:10D3B000000000000000000000000000000000006D
:10D3C000000000000000000000000000000000005D
:10D3D00069720700417207000000000000000000B1
:0CD3E00001A2070000100000000008007F
:10E00000BE361649020000000000000000000000BB
:10E0100000000000000000001CD20000105EBCF8F0
:10E0200001000000000000000000000000000000EF
:10E0300000000000000000000000000000000000E0
:10E0400000000000000000000000000000000000D0
:10E0500000000000000000000000000000000000C0
:10E0600000000000000000000000000000000000B0
:10E0700000000000000000000000000000000000A0
:10E080000000000000000000000000000000000090
:10E090000000000000000000000000000000000080
:10E0A0000000000000000000000000000000000070
:10E0B0000000000000000000000000000000000060
:10E0C0000000000000000000000000000000000050
:10E0D0000000000000000000000000000000000040
:10E0E0000000000000000000000000000000000030
:10E0F0000000000000000000000000000000000020
:10E10000000000000000000000000000000000000F
:10E1100000000000000000000000000000000000FF
:10E1200000000000000000000000000000000000EF
:10E1300000000000000000000000000000000000DF
:10E1400000000000000000000000000000000000CF
:10E1500000000000000000000000000000000000BF
:10E1600000000000000000000000000000000000AF
:10E17000000000000000000000000000000000009F
:10E18000000000000000000000000000000000008F
:10E19000000000000000000000000000000000007F
:10E1A000000000000000000000000000000000006F
:10E1B000000000000000000000000000000000005F
:10E1C000000000000000000000000000000000004F
:10E1D000000000000000000000000000000000003F
:10E1E000000000000000000000000000000000002F
:10E1F000000000000000000000000000000000001F
:10E20000000000000000000000000000000000000E
:10E2100000000000000000000000000000000000FE
:10E2200000000000000000000000000000000000EE
:10E2300000000000000000000000000000000000DE
:10E2400000000000000000000000000000000000CE
:10E25000000000000000000000000000A21BDAAC7B
:10E2600000000000000000000000000000000000AE
:10E27000000000000000000000000000000000009E
:10E28000000000000000000000000000000000008E
:10E29000000000000000000000000000000000007E
:10E2A000000000000000000000000000000000006E
:10E2B000000000000000000000000000000000005E
:10E2C000000000000000000000000000000000004E
:10E2D000000000000000000000000000000000003E
:10E2E000000000000000000000000000000000002E
:10E2F000000000000000000000000000000000001E
:10E30000000000000000000000000000000000000D
:10E3100000000000000000000000000000000000FD
:10E3200000000000000000000000000000000000ED
:10E3300000000000000000000000000000000000DD
:10E3400000000000000000000000000000000000CD
:10E3500000000000000000000000000000000000BD
:10E3600000000000000000000000000000000000AD
:10E37000000000000000000000000000000000009D
:10E38000000000000000000000000000000000008D
:10E39000000000000000000000000000000000007D
:10E3A000000000000000000000000000000000006D
:10E3B000000000000000000000000000000000005D
:10E3C000000000000000000000000000000000004D
:10E3D000000000000000000000000000000000003D
:10E3E000000000000000000000000000000000002D
:10E3F000000000000000000000000000000000001D
:10E40000000000000000000000000000000000000C
:10E4100000000000000000000000000000000000FC
:10E4200000000000000000000000000000000000EC
:10E4300000000000000000000000000000000000DC
:10E4400000000000000000000000000000000000CC
:10E4500000000000000000000000000000000000BC
:10E4600000000000000000000000000000000000AC
:10E47000000000000000000000000000000000009C
:10E48000000000000000000000000000000000008C
:10E49000000000000000000000000000000000007C
:10E4A000000000000000000000000000000000006C
:10E4B000000000000000000000000000000000005C
:10E4C000000000000000000000000000000000004C
:10E4D000000000000000000000000000000000003C
:10E4E000000000000000000000000000000000002C
:10E4F000000000000000000000000000000000001C
:10E50000000000000000000000000000000000000B
:10E5100000000000000000000000000000000000FB
:10E5200000000000000000000000000000000000EB
:10E5300000000000000000000000000000000000DB
:10E5400000000000000000000000000000000000CB
:10E5500000000000000000000000000000000000BB
:10E5600000000000000000000000000000000000AB
:10E57000000000000000000000000000000000009B
:10E58000000000000000000000000000000000008B
:10E59000000000000000000000000000000000007B
:10E5A000000000000000000000000000000000006B
:10E5B000000000000000000000000000000000005B
:10E5C000000000000000000000000000000000004B
:10E5D000000000000000000000000000000000003B
:10E5E000000000000000000000000000000000002B
:10E5F000000000000000000000000000000000001B
:10E60000000000000000000000000000000000000A
:10E6100000000000000000000000000000000000FA
:10E6200000000000000000000000000000000000EA
:10E6300000000000000000000000000000000000DA
:10E6400000000000000000000000000000000000CA
:10E6500000000000000000000000000000000000BA
:10E6600000000000000000000000000000000000AA
:10E67000000000000000000000000000000000009A
:10E68000000000000000000000000000000000008A
:10E69000000000000000000000000000000000007A
:10E6A000000000000000000000000000000000006A
:10E6B000000000000000000000000000000000005A
:10E6C000000000000000000000000000000000004A
:10E6D000000000000000000000000000000000003A
:10E6E000000000000000000000000000000000002A
:10E6F000000000000000000000000000000000001A
:10E700000000000000000000000000000000000009
:10E7100000000000000000000000000000000000F9
:10E7200000000000000000000000000000000000E9
:10E7300000000000000000000000000000000000D9
:10E7400000000000000000000000000000000000C9
:10E7500000000000000000000000000000000000B9
:10E7600000000000000000000000000000000000A9
:10E770000000000000000000000000000000000099
:10E780000000000000000000000000000000000089
:10E790000000000000000000000000000000000079
:10E7A0000000000000000000000000000000000069
:10E7B0000000000000000000000000000000000059
:10E7C0000000000000000000000000000000000049
:10E7D0000000000000000000000000000000000039
:10E7E0000000000000000000000000000000000029
:10E7F0000000000000000000000000000000000019
:10E800000000000000000000000000000000000008
:10E8100000000000000000000000000000000000F8
:10E8200000000000000000000000000000000000E8
:10E8300000000000000000000000000000000000D8
:10E8400000000000000000000000000000000000C8
:10E8500000000000000000000000000000000000B8
:10E8600000000000000000000000000000000000A8
:10E870000000000000000000000000000000000098
:10E880000000000000000000000000000000000088
:10E890000000000000000000000000000000000078
:10E8A0000000000000000000000000000000000068
:10E8B0000000000000000000000000000000000058
:10E8C0000000000000000000000000000000000048
:10E8D0000000000000000000000000000000000038
:10E8E0000000000000000000000000000000000028
:10E8F0000000000000000000000000000000000018
:10E900000000000000000000000000000000000007
:10E9100000000000000000000000000000000000F7
:10E9200000000000000000000000000000000000E7
:10E9300000000000000000000000000000000000D7
:10E9400000000000000000000000000000000000C7
:10E9500000000000000000000000000000000000B7
:10E9600000000000000000000000000000000000A7
:10E970000000000000000000000000000000000097
:10E980000000000000000000000000000000000087
:10E990000000000000000000000000000000000077
:10E9A0000000000000000000000000000000000067
:10E9B0000000000000000000000000000000000057
:10E9C0000000000000000000000000000000000047
:10E9D0000000000000000000000000000000000037
:10E9E0000000000000000000000000000000000027
:10E9F0000000000000000000000000000000000017
:10EA00000000000000000000000000000000000006
:10EA100000000000000000000000000000000000F6
:10EA200000000000000000000000000000000000E6
:10EA300000000000000000000000000000000000D6
:10EA400000000000000000000000000000000000C6
:10EA500000000000000000000000000000000000B6
:10EA600000000000000000000000000000000000A6
:10EA70000000000000000000000000000000000096
:10EA80000000000000000000000000000000000086
:10EA90000000000000000000000000000000000076
:10EAA0000000000000000000000000000000000066
:10EAB0000000000000000000000000000000000056
:10EAC0000000000000000000000000000000000046
:10EAD0000000000000000000000000000000000036
:10EAE0000000000000000000000000000000000026
:10EAF0000000000000000000000000000000000016
:10EB00000000000000000000000000000000000005
:10EB100000000000000000000000000000000000F5
:10EB200000000000000000000000000000000000E5
:10EB300000000000000000000000000000000000D5
:10EB400000000000000000000000000000000000C5
:10EB500000000000000000000000000000000000B5
:10EB600000000000000000000000000000000000A5
:10EB70000000000000000000000000000000000095
:10EB80000000000000000000000000000000000085
:10EB90000000000000000000000000000000000075
:10EBA0000000000000000000000000000000000065
:10EBB0000000000000000000000000000000000055
:10EBC0000000000000000000000000000000000045
:10EBD0000000000000000000000000000000000035
:10EBE0000000000000000000000000000000000025
:10EBF0000000000000000000000000000000000015
:10EC00000000000000000000000000000000000004
:10EC100000000000000000000000000000000000F4
:10EC200000000000000000000000000000000000E4
:10EC300000000000000000000000000000000000D4
:10EC400000000000000000000000000000000000C4
:10EC500000000000000000000000000000000000B4
:10EC600000000000000000000000000000000000A4
:10EC70000000000000000000000000000000000094
:10EC80000000000000000000000000000000000084
:10EC90000000000000000000000000000000000074
:10ECA0000000000000000000000000000000000064
:10ECB0000000000000000000000000000000000054
:10ECC0000000000000000000000000000000000044
:10ECD0000000000000000000000000000000000034
:10ECE0000000000000000000000000000000000024
:10ECF0000000000000000000000000000000000014
:10ED00000000000000000000000000000000000003
:10ED100000000000000000000000000000000000F3
:10ED200000000000000000000000000000000000E3
:10ED300000000000000000000000000000000000D3
:10ED400000000000000000000000000000000000C3
:10ED500000000000000000000000000000000000B3
:10ED600000000000000000000000000000000000A3
:10ED70000000000000000000000000000000000093
:10ED80000000000000000000000000000000000083
:10ED90000000000000000000000000000000000073
:10EDA0000000000000000000000000000000000063
:10EDB0000000000000000000000000000000000053
:10EDC0000000000000000000000000000000000043
:10EDD0000000000000000000000000000000000033
:10EDE0000000000000000000000000000000000023
:10EDF0000000000000000000000000000000000013
:10EE00000000000000000000000000000000000002
:10EE100000000000000000000000000000000000F2
:10EE200000000000000000000000000000000000E2
:10EE300000000000000000000000000000000000D2
:10EE400000000000000000000000000000000000C2
:10EE500000000000000000000000000000000000B2
:10EE600000000000000000000000000000000000A2
:10EE70000000000000000000000000000000000092
:10EE80000000000000000000000000000000000082
:10EE90000000000000000000000000000000000072
:10EEA0000000000000000000000000000000000062
:10EEB0000000000000000000000000000000000052
:10EEC0000000000000000000000000000000000042
:10EED0000000000000000000000000000000000032
:10EEE0000000000000000000000000000000000022
:10EEF0000000000000000000000000000000000012
:10EF00000000000000000000000000000000000001
:10EF100000000000000000000000000000000000F1
:10EF200000000000000000000000000000000000E1
:10EF300000000000000000000000000000000000D1
:10EF400000000000000000000000000000000000C1
:10EF500000000000000000000000000000000000B1
:10EF600000000000000000000000000000000000A1
:10EF70000000000000000000000000000000000091
:10EF80000000000000000000000000000000000081
:10EF90000000000000000000000000000000000071
:10EFA0000000000000000000000000000000000061
:10EFB0000000000000000000000000000000000051
:10EFC0000000000000000000000000000000000041
:10EFD0000000000000000000000000000000000031
:10EFE0000000000000000000000000000000000021
:10EFF0000000000000000000000000000000000011
:10F00000BE361649020000000000000000000000AB
:10F0100000000000000000001CD20000105EBCF8E0
:10F0200001000000000000000000000000000000DF
:10F0300000000000000000000000000000000000D0
:10F0400000000000000000000000000000000000C0
:10F0500000000000000000000000000000000000B0
:10F0600000000000000000000000000000000000A0
:10F070000000000000000000000000000000000090
:10F080000000000000000000000000000000000080
:10F090000000000000000000000000000000000070
:10F0A0000000000000000000000000000000000060
:10F0B0000000000000000000000000000000000050
:10F0C0000000000000000000000000000000000040
:10F0D0000000000000000000000000000000000030
:10F0E0000000000000000000000000000000000020
:10F0F0000000000000000000000000000000000010
:10F1000000000000000000000000000000000000FF
:10F1100000000000000000000000000000000000EF
:10F1200000000000000000000000000000000000DF
:10F1300000000000000000000000000000000000CF
:10F1400000000000000000000000000000000000BF
:10F1500000000000000000000000000000000000AF
:10F16000000000000000000000000000000000009F
:10F17000000000000000000000000000000000008F
:10F18000000000000000000000000000000000007F
:10F19000000000000000000000000000000000006F
:10F1A000000000000000000000000000000000005F
:10F1B000000000000000000000000000000000004F
:10F1C000000000000000000000000000000000003F
:10F1D000000000000000000000000000000000002F
:10F1E000000000000000000000000000000000001F
:10F1F000000000000000000000000000000000000F
:10F2000000000000000000000000000000000000FE
:10F2100000000000000000000000000000000000EE
:10F2200000000000000000000000000000000000DE
:10F2300000000000000000000000000000000000CE
:10F2400000000000000000000000000000000000BE
:10F25000000000000000000000000000A21BDAAC6B
:10F26000000000000000000000000000000000009E
:10F27000000000000000000000000000000000008E
:10F28000000000000000000000000000000000007E
:10F29000000000000000000000000000000000006E
:10F2A000000000000000000000000000000000005E
:10F2B000000000000000000000000000000000004E
:10F2C000000000000000000000000000000000003E
:10F2D000000000000000000000000000000000002E
:10F2E000000000000000000000000000000000001E
:10F2F000000000000000000000000000000000000E
:10F3000000000000000000000000000000000000FD
:10F3100000000000000000000000000000000000ED
:03F32000000000EA
:020000040000FA
:020000041000EA
:081014000070070000E0070076
:0400000330009A9996
:00000001FF
