:020000040000FA
:10000000C0070000D1060000D1000000B1060000CA
:1000100000000000000000000000000000000000E0
:100020000000000000000000000000005107000078
:100030000000000000000000DB000000E500000000
:10004000EF000000F9000000030100000D010000B6
:1000500017010000210100002B0100003501000004
:100060003F01000049010000530100005D01000054
:1000700067010000710100007B01000085010000A4
:100080008F01000099010000A3010000AD010000F4
:10009000B7010000C1010000CB010000D501000044
:1000A000DF010000E9010000F3010000FD01000094
:1000B00007020000110200001B02000025020000E0
:1000C0001FB5C046C04600F0EFFA04B00FB41FBD24
:1000D00008205A49096809580847382057490968CB
:1000E000095808473C2055490968095808474020E5
:1000F0005249096809580847442050490968095875
:10010000084748204D490968095808474C204B4981
:10011000096809580847502048490968095808479C
:100120005420464909680958084758204349096836
:10013000095808475C204149096809580847602068
:100140003E4909680958084764203C49096809582C
:100150000847682039490968095808476C20374919
:100160000968095808477020344909680958084740
:100170007420324909680958084778202F490968CE
:10018000095808477C202D490968095808478020EC
:100190002A490968095808478420284909680958E4
:1001A0000847882025490968095808478C202349B1
:1001B00009680958084790202049096809580847E4
:1001C00094201E4909680958084798201B49096866
:1001D000095808479C201949096809580847A02070
:1001E0001649096809580847A4201449096809589C
:1001F0000847A8201149096809580847AC200F4949
:10020000096809580847B0200C4909680958084787
:10021000B4200A49096809580847B82007490968FD
:1002200009580847BC2005490968095808470000D3
:1002300003480449024A034B7047000000000020B5
:10024000C0070000C00700000122D84B5A6000BF61
:10025000D74A1268002AFBD0016000BFD44A126856
:10026000002AFBD00022D14B5A6000BFD04A12684E
:10027000002AFBD07047F0B505460E46174600240D
:1002800006E0A200B158A2005019FFF7DDFF641C80
:10029000BC42F6D30020F0BD0120C043C549086030
:1002A000401048607047014601229204086890425D
:1002B00001D9102070470020FCE7F0B505460C4638
:1002C0001646002706E028462168FFF7BDFF2D1DD2
:1002D000241D7F1CB742F6D3F0BD70B505460C4611
:1002E0002E460BE0304600F075F9FF2C01D80024B3
:1002F00001E0FF3C013C012080023618002CF1D1C6
:1003000070BD0146012292044868904201D909203B
:100310007047A9484069401C01D10F20F8E7002030
:10032000F6E7FEB504462068030000F037FA05043E
:100330002B4249598B00201DFFF7E3FF0546002D96
:1003400001D02846FEBDFFF7A7FF0120C00200F044
:1003500041F9042221469948FFF78DFF002801D07A
:100360000320EFE708222146944800F06DF90028A9
:1003700006D1002192480068FFF766FF00F00CF9F3
:100380000320DFE7A768E6686068019031463846D9
:10039000FFF7A3FF324638460199FFF78EFFB20000
:1003A0003846019900F050F9002800D1CAE703202F
:1003B000C8E700F0E3F9834800688349086041E03A
:1003C00060680190E668A0680090B200009901980A
:1003D00000F03AF90746002F00D1B3E70E20B1E74D
:1003E000201DFFF760FF0546002D01D02846A9E734
:1003F0006068002807D1FFF74FFF0320800200F05C
:10040000E9F800F0C9F8FFF747FF0120C00200F04B
:10041000E1F8042221466948FFF72DFF002801D0AA
:1004200003208FE708222146644800F00DF90028D8
:1004300006D1002162480068FFF706FF00F0ACF823
:1004400003207FE700BF00207CE770B505460C461F
:10045000182D04D12068FFF764FF206002E001201E
:10046000206000BF00BF70BDF0B589B05248406940
:1004700003905248806881000398081802900398FE
:10048000000B01900121090302984018401E000B47
:1004900000900124002520462946019A00F0C4F866
:1004A0000022401E91410791069001260027304608
:1004B0003946009A00F0B8F80022401E914105919B
:1004C0000490049BDB43059AD2430698184307998E
:1004D00011430791069037490698086007984860CD
:1004E00009B0F0BD70B53448446934488568466841
:1004F000AA003146204600F0A7F8002801D00020CD
:1005000070BD0120FCE72D484068002801D0012083
:1005100000E000200546FFF7E5FF002807D0FFF7C1
:10052000BBFE0320800200F055F800F035F8FFF71D
:100530009BFF002D0ED020484669204884684768FC
:1005400021463046FFF7C9FE224639463046FFF7BE
:10055000B4FE00BF00F020F810B5184844681A48EF
:100560000460204600F0DCF810BD15480068006803
:10057000401C01D100BFFEE710480068002802D0EF
:10058000042806D101E0FFF7BEFFFFF7E5FF00BF3B
:10059000FEE700BF00BFFEE7BFF34F8F0B480C49DB
:1005A000C860BFF34F8F00BFFEE7000000E50140C9
:1005B00000E40140000600400010001000080000A8
:1005C000B8070000BC070000000000200400FA0586
:1005D00000ED00E010B50146104B1A6808460223F2
:1005E0000F4C636000BF0F4B1B68002BFBD0531CEC
:1005F00004D0904202D20A4B186101E0084B986087
:1006000000BF084B1B68002BFBD00023044C636029
:1006100000BF044B1B68002BFBD010BD0010001066
:1006200000E5014000E4014010B5202A04DB01464A
:10063000203A9140002010BD914020239C1A03468F
:10064000E3401943904010BD034610B50B439B0790
:100650000FD1042A0DD308C810C9121FA342F8D025
:1006600018BA21BA884201D9012010BD0020C04328
:1006700010BD002A03D0D30703D0521C07E000208E
:1006800010BD03780C78401C491C1B1B07D1037854
:100690000C78401C491C1B1B01D1921EF1D118463D
:1006A00010BD70477047704710B500F007F810BDD7
:1006B000014B1B68DB6818470000002019481A49E5
:1006C0007047FFF7FBFFFFF7FBFC00BD20BFFDE716
:1006D0001649174C24688C420BD1164B1B68994263
:1006E0000CD1154B154A1360186810498842EDD09B
:1006F0000AE0134880F30888124B18470F4A13602A
:1007000018680A498842E1D080F308880E49884277
:1007100004DD0E48026802210A4302605B68184744
:100720000346DFE7C0070000C0070000FFFFFFFF30
:10073000000C000014100010001000000000002049
:10074000000400206B05000000200020240500406C
:100750000D48704502D1EFF3098101E0EFF3088104
:10076000886902380078182802D1C046074A104725
:10077000074A12682C3212681047000000B5054B7A
:10078000054A9B58984700BDFDFFFFFF4B04000042
:1007900000000020001000000400000030B4744687
:1007A000641E2578641CAB4204D3635D5B00E318D0
:1007B00030BC18471D46F8E7000C00000010000090
:1010000000150020CD64010025220000336401009A
:1010100000000000000000000000000000000000D0
:101020000000000000000000000000003D6501001D
:101030000000000000000000252200002522000022
:10104000A9650100AF6501002522000025220000EE
:101050002522000025220000252200002522000074
:10106000B56501002522000025220000BB650100B6
:1010700025220000C1650100C7650100CD650100A2
:101080002522000025220000252200002522000044
:101090002522000025220000252200002522000034
:1010A000D3650100D965010025220000252200003A
:1010B0002522000025220000252200002522000014
:1010C00000F002F815F0E3F90CA030C80838241835
:1010D0002D18A246671EAB4654465D46AC4201D170
:1010E00015F0D5F97E460F3E0FCCB64601263342A9
:1010F00000D0FB1AA246AB4633431847B456010052
:10110000E4560100103A02D378C878C1FAD85207E1
:1011100001D330C830C101D504680C6070470000AD
:101120000023002400250026103A01D378C1FBD803
:10113000520700D330C100D50B6070471FB5C046C1
:10114000C04615F063F904B00FB41FBDF0B44046BB
:10115000494652465B460FB402A0013001B506482D
:10116000004700BF01BC86460FBC804689469246B8
:101170009B46F0BC70470000C11000008269024924
:101180008161024810447047911100000100000085
:1011900001B41EB400B50BF0E6FF01B40198864619
:1011A00001BC01B01EBD0000401E00BF00BF00BF5B
:1011B00000BF00BF00BF00BF00BF00BF00BF00BF37
:1011C00000BFF1D17047000070B505460C461646C9
:1011D00002E00FCC0FC5103E102EFAD2082E02D31B
:1011E00003CC03C5083E042E07D301CC01C5361F2E
:1011F00003E021782970641C6D1C761EF9D270BD45
:101200008307FF22DB0E9A408907090E99400028C8
:101210000BDA0007000F0838830828489B001818CD
:10122000C36993430B43C3617047830824489B0001
:101230001B181868904308431860704710B504469F
:1012400000210120FFF7DCFF00211820FFF7D8FF65
:1012500000210B20FFF7D4FF02211920FFF7D0FF58
:1012600002210D20FFF7CCFF02210E20FFF7C8FF5F
:1012700002210F20FFF7C4FF0221C81FFFF7C0FFA4
:1012800003211620FFF7BCFF03211520FFF7B8FF4D
:10129000204600F019F8002010BD6421018070473D
:1012A00010B500F020F810BD0648704710B500F0EA
:1012B00022F810BD704770477047000000ED00E055
:1012C00000E400E003F9004370B505462D4C07200B
:1012D0002070A01CFFF7E1FF5920A080294620467E
:1012E00000F099FB70BD10B500F09EFB2549002071
:1012F000891E087010BDF8B5224E0446B61E30781F
:1013000001270D46002807D0204660380B2808D852
:10131000204600F03DFF2BE0602CF9D01A48086011
:10132000F8BD20466C38032803D8204600F071FF32
:101330001EE0204670381F2803D8204600F045F9EB
:1013400016E0204690380F2803D8204600F0E8F831
:101350000EE02046A0380F2803D8204600F074F88D
:1013600006E02046B0380F2804D8204600F0CAF91D
:10137000286000E02F60602CD2D128680028CFD1EF
:101380003770F8BD1A000020013000000120244908
:10139000C003086023490020087007202249C005C7
:1013A0008860704770B51F4D04462878A04207D06A
:1013B000002C05D0002803D01CA14D2015F033F8D7
:1013C0002878A0420ED000211D4A17482C70002C0E
:1013D00019D01C4B012C06D0022C0BD013A1682075
:1013E00015F021F870BD11600221116053610321D5
:1013F000090605E011600321116053610121C9054F
:101400008160416070BD116011600721C905816074
:1014100070BD10B505A1712015F005F810BD0000D4
:1014200080E100E02000002000F501407372635C61
:1014300068616C5F63636D5F6161722E63000000C1
:1014400000F500404001002010B5A038030015F061
:10145000DBF80B070E172028313A414B525C650030
:101460004B6808788A68194603F0E6F910BD888849
:101470008A6883B20888194680B203F0ECF910BD7F
:1014800008884C68CB688A6880B2214603F0E7F987
:1014900010BD08884B688A6880B2194603F0FBF9D2
:1014A00010BD88888A6883B20888194680B203F024
:1014B00007FA10BD88888A6883B20888194680B206
:1014C00003F041FA10BD08884A6880B2114603F063
:1014D00080FA10BD088982B2888883B208881946CC
:1014E00080B203F081FA10BD08884A6880B21146C4
:1014F00003F09EFA10BD08894C6882B20888CB6858
:1015000080B2214603F018FB10BD08884C68CB68F8
:101510008A6880B2214603F02AFC10BD012010BD6C
:1015200010B59038030015F06FF809060F161D244A
:101530002C363F464E0088888A6883B20888194650
:1015400080B204F031F910BD08884A6880B21146B3
:1015500004F065F910BD08884A6880B2114604F0AD
:101560006AF910BD08884A6880B2114604F070F923
:1015700010BD08884B688A6880B2194604F07BF970
:1015800010BD088982B2888883B20888194680B263
:1015900004F07AF910BD08894B6882B208881946B0
:1015A00080B204F090F910BD08884A6880B21146F4
:1015B00004F09BF910BD888882B20888114680B279
:1015C00004F0EFF910BD012010BD10B57038030014
:1015D00015F01AF81B0F15192125282F363B40440A
:1015E000484C53585F688D707980888D8D8D8D8FB4
:1015F00096004A680878114608F0FDFD10BD08689D
:1016000008F04AFE10BD0C790B7B8A6808682146F9
:1016100008F053FE10BD086808F011FF10BD08F077
:1016200065FB10BD08884A6880B2114609F043F88E
:1016300010BD0A790888114680B209F0D3F810BDB0
:10164000087840B209F0DCF810BD088880B209F0D3
:10165000F0F810BD086809F0FEF810BD086801F048
:10166000D2FB10BD086801F0FCFB10BD088982B2F6
:1016700009C9194609F007F910BD05C9114609F055
:1016800051F910BD08884A6880B211460AF0A6F9DF
:1016900010BD0C790888CB688A6880B221460AF0B0
:1016A000C5FA10BD0B7908888A6880B219460AF01D
:1016B0006DFC10BD08884C68CB688A6880B22146F2
:1016C0000AF0D5FC10BD08884A6880B211460AF0BD
:1016D00018FD10BD0B7908880A7A80B2194609F006
:1016E00044F910BD088880B209F044F910BD062005
:1016F00010BD08884A6880B2114609F042F910BD51
:10170000012010BD10B5B02805D0B12808D0B228EE
:101710000BD0012010BD088880B20BF0FBF810BD83
:10172000088880B20BF015F910BD08884B688A68EC
:1017300080B219460BF01EF910BD000010B5030071
:1017400014F062FF0A0609060C0C0F0F06060612BB
:1017500008F0F4FA10BD0AF0C5FE10BD01F03EFA23
:1017600010BD06F09FFA10BDFAA1FE4814F05BFE12
:1017700010BD3EB5FC49054603C900900191FF200C
:10178000C33069460881F94A092310460A212838DE
:101790000BF0BFFD0024F6480BF0D9FD641CE4B249
:1017A0000A2CF8D3F14801231A4602A990300BF015
:1017B000A0F9002804D0FF20E6A13D3014F033FE4C
:1017C000686800F024FC00211E22084604F06CF931
:1017D00008F0C3FC02222421E64801F07DFBE54825
:1017E00001222C214C3001F077FBE2490B20B0396B
:1017F00001F0FEF9002804D0FF20D6A1513014F0EA
:1018000012FE0AF03EFE02F097F96B460022082114
:10181000D9A008F07DFB002804D0FF20CDA15730CF
:1018200014F001FE284602F0E7FC002804D0FF2057
:10183000C8A1593014F0F7FDF3218900D14814F004
:10184000D3FCD04801214171022181710721C1716E
:101850003EBD10B5CB4CA0780A2804D3FF20BDA113
:10186000903014F0E0FD20786021484300190021F9
:101870000173417BF722C908C900C91C1140EF223E
:10188000114041730121E1700C3010BD70B50E465E
:1018900000211C4619801546030014F0B5FE0723ED
:1018A000050B1711231D23002246294630460AF056
:1018B00037FE70BD22462946304608F095F870BDC7
:1018C00022462946304601F0E2FF70BD22462946F5
:1018D000304603F0EAFD70BD22462946304600F04E
:1018E00010FC70BDFF209BA1EF3014F09CFD032085
:1018F00070BD70B5A34CE078002818D02078602126
:1019000048430019407B00254007400F0119087922
:10191000401E08712078401CC0B220700A2800D1F7
:101920002570A078401CA0700BF097FEE57070BD8C
:101930009448C079002800D08BE7704770B5914D6E
:10194000A86800280CD0FFF7F3FF002862D06022BF
:10195000A968FFF739FCFFF7CCFF0020A860EFE78C
:101960006879002856D0FFF774FF044681484C3050
:1019700001F0C2FA6060002804D17A4875A14A30AB
:1019800014F051FD606801F01AFB00280DD02046CC
:1019900007F00BFF6078010703D5C008C000401CAA
:1019A0002BE0744861684C302DE0724861684C301F
:1019B00001F0ABFA00F05AFB00282BD1FFF749FFEA
:1019C00004466C4801F098FA6060002804D1332086
:1019D00060A1000114F027FD606801F0F4FA00280E
:1019E00014D060680088608020460AF0CCFD6078E2
:1019F000010706D5C008C000801C6070FFF779FFA2
:101A00009EE75C48616801F080FA99E7594861688F
:101A100001F07BFA70BD10B55B4CE160A0605B48E3
:101A200000F032FC607010BD57490020087070470C
:101A300070B5574E0546706A94B00C46401C04D1F0
:101A4000B06AC0430004000C0BD0306AC007C00F5E
:101A50002870706A14F0DBFBB06A2071000A6071B4
:101A600014E02B206946087009A9684601F07BFA4A
:101A7000002804D03B4837A17E3814F0D4FC012064
:101A8000287006220AA9204614F04FFB2878002867
:101A900003D06079C0210843607114B070BDF0B507
:101AA0003B4C0646206895B00D4637460837401C2B
:101AB00008D16068401C05D1A068401C02D1E068D4
:101AC000401C11D02068314614F0A1FB6068311D24
:101AD00014F09DFBA068394614F099FBE06831468C
:101AE0000C3114F094FB25E02B206946087009A9FD
:101AF000684601F038FA002804D01A4815A1553874
:101B000014F091FC08220AA9304614F00EFB2B2099
:101B10006946087009A9684601F025FA002804D032
:101B200010480CA14E3814F07EFC08220AA9384651
:101B300014F0FBFA20692E460836401C08D1606973
:101B4000401C05D1A069401C02D1E069401C33D083
:101B500020691FE07372635C686F73745F636F72F8
:101B6000652E6300C3020000F866010094010020A6
:101B70003D170000640800206E524635313832327D
:101B800000000000E8030020240000203D190000B0
:101B900080000010294614F03AFB6069291D14F0FA
:101BA00036FBA069314614F032FBE06929460C315E
:101BB00014F02DFB15B0F0BD2B246846047009A964
:101BC00001F0D1F9002803D0F649F74814F02BFCB6
:101BD000082209AF28460AA914F0A7FA684604703B
:101BE00009A901F0C0F9002804D0EF48ED49C01D53
:101BF00014F019FC0822391D304614F096FAD9E782
:101C000070B5EA4C0546A068002804D0E648E549CE
:101C1000563014F008FCA56070BD10B50146E448CC
:101C200001F073F9E1498879401CC0B2887101283C
:101C300003D1E048407800F04BFB10BD70B504467E
:101C4000DD4816460D46814204D1D748D549CB30F0
:101C500014F0E9FB012E05D0D348D249DA3014F054
:101C6000E2FB70BD6620207000202072A58101205B
:101C7000A07370BD70B515460C460646FFF758FEBA
:101C800000280CD066210170468001210172216874
:101C90000161A18881820573FFF72BFE70BD1321BE
:101CA000304608F09FFD70BDC2494968884201D2A4
:101CB00010207047072101700020704770B5BD4C9F
:101CC00005462078002694B0002801D00820E4E6DC
:101CD000BA4A6260954201D21020DEE668680028A8
:101CE00009D00921D82804D3C31C9B089B00834238
:101CF00005D00846D1E60720000268600EE0012109
:101D000009074B6B896B4B43AD49511A0122591A94
:101D1000D202891A814201D20421EAE700F050FF81
:101D20006178A06806F052F8E068401E07280BD8DA
:101D3000302269460A708870684607F007F9002863
:101D400002D009A806F07CFA2846FFF712FD012010
:101D500020703046A1E6F8B5044696480F46406824
:101D6000814208D3002C01D0844204D3E01C8008B7
:101D70008000A04201D01020F8BD8C488178002955
:101D800011D0398800914178602251430D18287B89
:101D90000C350007000F3B4600222946FFF776FD71
:101DA000060004D015E0002038800520F8BD002C86
:101DB00013D039880098814201D90C260DE028788B
:101DC0003B460007000F22462946FFF75FFD06004D
:101DD00005D00C2E01D0002038803046F8BD734C61
:101DE0006078401CC0B260700A2801D10020607089
:101DF000A078401EA07068784107490F01290ED0D5
:101E0000022906D003291AD066496E4814F00BFB4C
:101E1000E3E7C006E1D46868FFF7FFFEDDE764484A
:101E200069684C3001F071F86079401CC0B2607193
:101E30000128D2D15F48407800F04AFACDE7E07936
:101E4000401CE071C9E7604A10B5904209D3594A75
:101E50000124A4045268A04201D3904201D39142CC
:101E600001D2102010BD00F0FCFE10BD564B10B585
:101E7000994209D34F4B0124A4045B68A14201D3CA
:101E8000994201D39A4201D2102010BD022803D0FA
:101E9000102801D0092010BD00F009FF0028FAD059
:101EA000052010BD484B10B598420DD3414B01247D
:101EB000A4045B68A04201D3984205D3994203D39E
:101EC000002A03D09A4201D2102010BD00F015FF65
:101ED0000028FAD0072010BD10B50446354894B04C
:101EE0004068844202D2102014B010BD0F2008A90F
:101EF000087369460BA801F036F80028F4D168464B
:101F0000007A207068464089608068468089A08099
:101F10000020E9E710B500290BD0264A526891420B
:101F200002D30B68934201D2102010BD8A88002A88
:101F300002D001F05AFE10BD092010BD10B5224A92
:101F400094B091420ED31B4A01239B0452689942DC
:101F500001D3914206D3441E1E2C41D8994203D38B
:101F6000914201D21020BFE7012837D10878002420
:101F7000C007C00F002803D003206946887001E025
:101F80006846847038206946087009A9684600F0E0
:101F9000EAFF002804D041200CA1C00014F043FA4D
:101FA0002046A1E7541B000093020000E803002034
:101FB0006408002024000020FFFF0000001900201A
:101FC000000000200A040000008001007372635CBE
:101FD000686F73745F636F72652E6300072083E719
:101FE0000246203A1F2AF9D807F0F9FF7CE710B51E
:101FF0005F4A5268914201D2102010BD0246203A39
:102000001F2A02D808F065F810BD072010BD70B572
:102010000546584C0020207020464619544846601A
:10202000E01C80088000A04204D0FF2052491330F9
:1020300014F0F9F901200007C06AC0430006000E41
:1020400003D14E480068401C03D04D484D49301A1A
:10205000C862A8B20122214604F039F9002804D050
:10206000FF204549233014F0DEF970BDF0B595B07E
:102070003B2008A9087369460BA800F074FF0028EC
:1020800004D0FF203C496B3014F0CDF93E4E0024C3
:102090006D4630E02F19B87DC10706D0400704D443
:1020A00060004019C0880AF08DFB3848807900280C
:1020B0001FD0B87D80071CD560004019C088002261
:1020C00006210AF09CFB002813D03C2108A80173CC
:1020D00060004019C1886846C18569460BA800F0B8
:1020E00042FF06000BD0FF2023497F3014F09BF9FC
:1020F00005E0641CE4B268460079A042CAD83046C4
:1021000058E5F7B505460078002700090C463E461D
:10211000062804D0FF201849A83014F084F9287A42
:1021200000280ED0012814D0FF201349C93014F024
:102130007AF90298002C068001D027806680002062
:10214000FEBD02270926002C0ED0A889A080A87BFE
:1021500008E003271426002C06D02869E060A88A2E
:102160002082287B2072E4E702980680E7E70000DF
:102170002400002000190020CC1F000000100010D7
:10218000000000200005004004300000E8030020AB
:1021900010B56038030014F037FA0A060A0F131856
:1021A0001F252930353A0868FFF788FD10BD05C99D
:1021B0001146FFF7D0FD10BD0868FFF775FD10BD93
:1021C00005C91146FFF73FFE10BD4B6808788A68C5
:1021D0001946FFF74BFE10BD8A6809C91946FFF77B
:1021E00061FE10BD0868FFF777FE10BD08884A68D9
:1021F00080B21146FFF78EFE10BD05C91146FFF7EC
:102200009DFE10BD05C91146FFF7F1FE10BD01206E
:1022100010BD0120704700000E4A12680C498A4226
:102220000AD118470B4A1268094B9A4204D101B5EA
:102230000AF090FF03BC8E46074909680958084711
:1022400006480749054A064B704700000000000099
:10225000BEBAFECA7800002004000020001500204D
:102260000015002001203F49400608603E490860F3
:102270003E490A68FF231B029A4383121A430A60ED
:10228000384980390860704710B502460420384943
:1022900004E0C3005B181B79002B0AD00346401EE4
:1022A000C0B2002BF5D133A1432014F0BCF8FF20BD
:1022B00010BDC300CA50002259184A718A71012208
:1022C0000A7110BD2A4A0021C000801801717047B0
:1022D00010B50446042803D326A1522014F0A3F815
:1022E0002348E1000C182079012803D021A15320B4
:1022F00014F099F86079A179401CC0B2814200D0F5
:1023000060710120174940068031086010BD70B52A
:10231000164804250068164E0004800F1B4C022846
:102320001AD014A1692014F07EF815E02078C100BD
:1023300088190279012A07D1427983799A4203D018
:1023400042798271705880472078401CC0B220705A
:10235000042801D30020207028466D1EEDB200280D
:10236000E4D170BD80E100E080E200E018E400E02C
:10237000E00800207372635C736F635F7369676E5C
:10238000616C6C696E672E630000000034000020F1
:1023900010B5EFF31080C407E40F72B6D24841784D
:1023A000491C41704078012801D10BF07BF9002CC9
:1023B00000D162B610BD70B5CB4CE07800280AD1D0
:1023C0000125E570FFF7E4FF0BF074F9002804D055
:1023D00000200BF047F9002070BDC44865714560CE
:1023E000F9E770B5EFF31080C507ED0F72B6BE4C7C
:1023F0006078002803D1BEA18F2014F014F8607813
:10240000401E60706078002801D10BF04FF9002D5C
:1024100000D162B670BD10B5B348C178002904D0B0
:1024200000214171C170FFF7DCFF002010BD10B525
:1024300004460BF03FF9AC49C978084000D00120B0
:102440002060002010BDF8B50246A74C0026A671FA
:102450000820042101251027130014F0D5F80D08D9
:102460000A0C0E101214161E262123252800257191
:1024700022E0022001E021711EE020711CE02771A2
:102480001AE02020F9E7012616E0FFF781FF0BF0A4
:1024900011F90028FBD002260EE02171A5710BE096
:1024A0002771FBE7202000E040202071F6E7FF20A5
:1024B0008FA1763013F0B7FF0BF008F9002809D090
:1024C0000BF00AF9B04205D130460BF008F90028AC
:1024D000FAD02CE001208007C560894900224A60BB
:1024E000884A9661814B02225A608560864802695B
:1024F000D243D206D517026910231A4302610F4650
:102500006D1C00E020BF78680028FBD030460BF03F
:10251000E6F80028FAD0002D04D17B48026910218A
:102520008A43026171490220886000207860A079A6
:1025300000280CD00BF0BEF805460BF01BF8734AD0
:10254000002D02D0A260E06001E0E260A060002EF9
:1025500001D100F0A5F8F8BD10B504460BF0B0F8B5
:10256000002805D060490120C8704A78521C4A7082
:102570002046FFF768FF10BDF8B5614DA86800263A
:10258000012802D1AE600BF06DF86868012800D117
:102590006E6028680127544C012812D12E606079A2
:1025A000002803D000200BF05DF866712078002829
:1025B00007D00BF07FF8002803D0012080070761C7
:1025C000A770286901282AD12E6100F05FF8012048
:1025D00080074761A079002815D00BF06BF80090B8
:1025E0000AF0C8FF0099002901D0E16800E0A16865
:1025F000411A022901DA8A1C11DC0099002901D054
:10260000E06000E0A060FFF7C3FE0BF053F8002885
:1026100004D0012080070761A77000E02770E868F8
:10262000012812D100F032F800F030F800F02EF856
:10263000A078002804D1FF202DA1033013F0F3FE71
:10264000EE60A6702670FFF7CCFEF8BD10B5264CE4
:10265000E078002801D10BF029F80120810788617A
:1026600000F014F8A07800280BD0254CE068002872
:1026700003D10BF034F80028F8D10020E06000F01E
:1026800005F800201949C043886010BD08B55020E6
:10269000694608806A461088411E1180FAD208BD3A
:1026A000F8B5124819278760154900200860C860EE
:1026B0000BF000F8BE0701240B4D002802D0346156
:1026C000AC7000E02C70FFF763FE084847600D49CE
:1026D00028798863FFF7DAFFB461FFF7D7FF08496D
:1026E000002008617461F8BD38000020000300403C
:1026F0007372635C736F635F636C6F636B2E6300F5
:10270000000100400005004000ED00E0FFFFFF7FFA
:102710008107C90E002808DA0007000F0838800872
:102720002E4A80008018C06904E080082C4A80008E
:1027300080180068C8400006800F704710B50D2053
:10274000FFF7E6FFC4B20420C043FFF7E1FFC0B2C9
:10275000844203D023A11A2013F065FE26490120EC
:10276000486010BD0121254A48031060244B002217
:102770001A60244A5160244A1060244A11601F499B
:1027800080390860704701211C4A480310601F4AC5
:1027900051601B4A002111601B490860704710B549
:1027A00017490868012804D00EA1572013F03BFEFA
:1027B00010BD114880680022C0B20A600AF020FCF7
:1027C00010BD10B50E4801680029FCD0FFF7E7FFE7
:1027D00001200D494003086010BD000000ED00E03D
:1027E00000E400E07372635C736F635F68616C5F49
:1027F000726E672E6300000000D5004080E100E0AB
:1028000000D1004000D3004080E200E000D0004052
:1028100030B40121BC48C9020160CD1005604A03F3
:102820000260BA4803681B021B0A036004680023A5
:10283000240A24020460B6480468240A24020460BE
:10284000B448012444608460B34C23606360A36097
:10285000B24B19601D601A60B14B19601A600121FA
:10286000016030BC704710B40121A748CA02026061
:102870000B0203600C060460A64841608160A94811
:1028800041680029FCD1A4490020086048608860A4
:10289000A24802600360046010BC704701219F4899
:1028A000C9020160C91001607047002805D00128E5
:1028B00005D0022805D19C4870479C4870479C4829
:1028C000704710B59BA18B2013F0ADFD002010BD0B
:1028D00070B500219E4C9F4D9F4A8F4B002808D019
:1028E00001281DD0022822D092A1B32013F09BFD15
:1028F00070BD01200004A060A86011601960974BB2
:10290000C2039A60964A90607F4A00121060954810
:10291000016086480160944801609448017070BD70
:1029200001204004A060A8605160596070BD012082
:102930008004A060A8609160996070BDF8B594466D
:10294000834A8B4F834D00240126002808D001289C
:1029500032D0022840D077A1E82013F064FDF8BD02
:10296000891E0902090A0120000490603C64686025
:102970006C4A1164012B1DD000217C4A7D4B5170A3
:102980006146DC63DE637C4B5C6002249C60042453
:102990001C61744B3D31196073490E605F4B8915A2
:1029A00019606F4B58605E4801606C49C005486013
:1029B0001670F8BD0121E0E70120704E4004704F11
:1029C000012B04D13464506068603964F8BD9060B4
:1029D000346468603964F8BD01206A4E80046A4F2F
:1029E000012BF4D1EEE74F484068704770B54A4D6F
:1029F00028680026564C012806D1A068C00303D5DC
:102A000001200004A0602E606868012809D1A06838
:102A1000800306D501204004A0606E6001200BF009
:102A200041FEA868012809D1A068400306D501200D
:102A30008004A060AE6002200BF034FE70BD10B5C3
:102A40004A490878002818D00120444AC0079060FD
:102A5000434AC00B90602C4A00121060414A00208B
:102A60001060324A1060404A106008704A78002AAC
:102A700002D048700BF016FE10BD0320FAE70120CB
:102A8000424900060860704701202449000608609A
:102A9000704701203D4940050860704701201F49EB
:102AA00040050860704733490020C86388151B49FA
:102AB00008607047410A364AC005C00D5043801C6B
:102AC0005143400A0818704710B4324C430B63431B
:102AD0001B0C5C020C602E4C6343C31A2E485C0234
:102AE00058432B4B400D4343E31A0124DB032404DA
:102AF0001B191B1613700A681018086010BC704769
:102B000010B50BF0A2FE10BD80E100E008E400E08B
:102B100018E400E000B0004040B1004080E200E076
:102B200000E100E000B5004048B1004040810040B5
:102B300044B100407372635C72656D5F68616C5F85
:102B40006576656E745F74696D65722E6300000052
:102B500000B3004040B3004040B5004000F50140E4
:102B60000083004040850040008200404800002073
:102B700000B10040C08F00400085004004B100401B
:102B800004B5004008B1004008B5004000E200E094
:102B9000093D0000378600006F0C010010B50BF0F6
:102BA00040FE10BD00200449C8630120012181407E
:102BB000024A116000BF7047C01F004080E200E081
:102BC00010B50CF097FA0AF059F9FEF7DFFB12F096
:102BD00063FA0CF0F5FF0CF081FF10BD70B50C46E8
:102BE000054603F0D5FA214628460EF026F870BDBA
:102BF00070B50D46040012D0002D10D021012846DA
:102C000013F0F0FA10225449284613F08EFA524875
:102C100001210838018044804560002070BD0120FA
:102C200070BD70B54C4E00240546083E11E0716839
:102C300020014018817BAA7B914209D1C17BEA7BAC
:102C4000914205D10C22294613F042FA002806D001
:102C5000641C30888442EADB0020C04370BD2046FB
:102C600070BD70B50D4606000AD0002D08D03A4C54
:102C7000083C20886188401C884203D9042070BD2C
:102C8000102070BD3046FFF7CCFF002801DB401C50
:102C90000AE020886168000140181022314613F0D4
:102CA00044FA2088401C20802870002070BD70B538
:102CB00014460D001FD0002C1DD00021A170022849
:102CC00002D0102817D108E068782978000208435C
:102CD00011D00121A17010800BE02846FFF7A1FF61
:102CE000002808DB401CA070687B297B0002084399
:102CF0002080002070BD012070BD70B505461446CF
:102D00000E000AD000203070A878012807D004D91E
:102D1000114908390A8890420BD9012070BD002C56
:102D200004D0287820702888000A5070022008708B
:102D300010E0002C0CD049680001411810222046F8
:102D4000103913F0F2F9287820732888000A60738C
:102D500010203070002070BD540000205A4910B57A
:102D6000884207D301218904884205D3574909685D
:102D7000884201D2102010BD0146012006F0E4FA7D
:102D800010BD30B5044693B000200D4607901421C5
:102D90000BA813F029FA1C21684613F025FA6A469D
:102DA000112010770020507710780221084310700E
:102DB00007A80C90012008AA907245486A46108521
:102DC0000AA80B902088108460885084A088908482
:102DD000E088D084907FF9210840801C40084000A2
:102DE000907708209086108708A80F9010AA0BA94A
:102DF000684600F083FF002803D110A800882880CF
:102E0000002013B030BD3EB5044608206946088056
:102E10002D48844207D301208004844205D32B48E7
:102E20000068844201D210203EBD2146012006F0F8
:102E30008BFA0028F8D12088694688806088C8808D
:102E4000A0880881E088488107F05FF801AB6A46F6
:102E5000002101F0E1FB694609880829E4D003203C
:102E60003EBD1FB504460020029008206946088137
:102E700015480391844207D301208004844206D37D
:102E800012480068844202D2102004B010BD07F03E
:102E90003CF8014602AA0F4801F055FD0028F4D184
:102EA00069460989082901D00320EEE769460988A7
:102EB000218069464988618069468988A180694680
:102EC000C988E180E1E700000080010028000020BF
:102ED000042A0000FFFF000010B5031D036000205E
:102EE000521E04E05C181C60401C2346C0B2904295
:102EF000F8DB0020186010BD01460A680020002A97
:102F000002D0104612680A60704702680A600160C9
:102F10007047000000B51E2823D00BDC0C281CD005
:102F20001FDC030013F070FB090F1D111D1D171787
:102F300013151D00302814DD3A38030013F064FB2C
:102F4000030F11091100002000BD214800BD04201D
:102F500000BD0D2000BD0F2000BD082000BD1120C8
:102F600000BD032000BD10B50C4605F0EFFF0028A2
:102F70001ED0204605F064F9002816D022780E2ACB
:102F80000DD00F2A0BD0022A09D0032A07D0102A0D
:102F900009D010A17C2013F046FA002010BDA078C3
:102FA000FFF7B8FF10BD112010BD0AA18220F2E783
:102FB00008A18820EFE710B504F083FF10BD10B51D
:102FC00005F03EF910BD10B504F0D9FF10BD0000AA
:102FD000023000007372635C686F73745F686369CA
:102FE0002E63000070477047704770477047704706
:102FF00070477047704770477047704770470000D0
:1030000010FFFFFFDBE5B151008001006400FFFF0E
:1030100003B40148019001BD09000020002803D03D
:103020008178012939D101E0102070470188FE4ADA
:10303000881A914233D01BDCFC4A881A91422ED068
:103040000BDC00292BD00320C002081A27D001284E
:1030500025D001210903401A07E001281FD00228CA
:103060001DD0FF281BD0FF380138002815D116E0ED
:10307000FF220132811A904211D008DC01280ED0C3
:1030800002280CD0FE280AD0FF2806D107E001292B
:1030900005D0022903D0032901D0002070470F205A
:1030A000704700B50B2826D009DC030013F0ACFAFA
:1030B0000B1D2125251B25292325271F1B00112832
:1030C0001BD008DC0C2816D00D281CD00F2814D0DB
:1030D000102808D10FE0822809D084280FD0852835
:1030E0000FD0872811D0032000BD002000BD05208F
:1030F00000BDCF4800BD072000BD0F2000BD04204B
:1031000000BD062000BD0C2000BD0D20800200BDCA
:1031100070B500290BD0CB1FFA3B81241E46CDB2DF
:10312000112B1BD2012805D0022806D009E000206F
:1031300010701DE0FF20043001E0FF2003308142C9
:1031400018D0330013F060FA111613131613161665
:103150001316161613131313161316000846FF380A
:1031600081381F2803D9FF39FE39022902D815708A
:10317000002070BD1470072070BD00B5030013F06F
:1031800043FA060406040C080A0C002000BD1120B6
:1031900000BD072000BD082000BD032000BD007851
:1031A0000207120F04D0012A05D0022A0AD10EE02C
:1031B000000907D108E00009012805D0022803D042
:1031C000032801D0072070470870002070470620B0
:1031D0007047002807D0012807D0022807D003280D
:1031E00007D007207047002004E0112002E02120D2
:1031F00000E0312008700020704738B50C4605000B
:103200004FD06946FFF7CBFF002822D12088032149
:1032100089028843694609788907090D0843208097
:103220006946681CFFF7BBFF002812D121880320E4
:1032300000038143684600788007800C01432180A9
:10324000A8784007820F2020012A03D0022A03D049
:10325000072038BD814300E00143218088B2010589
:10326000890F08D0012189038843A9780907C90F6C
:1032700089030843208080B28104890F0AD0A9788D
:103280004004C906C90F400CC903084320808004CC
:10329000800F02D12088400403D5208840210843B4
:1032A0002080002038BD70B50446002008801546F7
:1032B0006068FFF7A2FF002815D12189A08981420B
:1032C00010D861688978C90708D00121490288426D
:1032D00008D8491C12F0A3FF298009E0FF21FF3123
:1032E000884201D90C2070BDFF30FF3003302880A8
:1032F000002070BD10B5137804785B08E4075B000C
:10330000E40F23431370FD2423400478A407E40F43
:10331000640023431370FB24234004786407E40F04
:10332000A40023431370F724234004782407E40FF8
:10333000E40023431370EF2423400478E406E40FF1
:10334000240123431370DF2423400478A406E40FF0
:103350006401234313700078BF244006C00F23404C
:10336000800103431370002906D00878C10701D1FA
:10337000800701D5012000E00020C0015906490E58
:103380000843107010BD30B50A8803239B020488DF
:103390009A4323059D0F02D1A3049C0F01D09B0FDC
:1033A00000E001239B021A4303230A801B039A4374
:1033B00003889804840F02D11805830F01D0800F71
:1033C00000E00120000302430A8030BDF3B593B052
:1033D0000D000FD0139800280FD01221284612F0AC
:1033E00001FF03AAFF21012003F0E7F8002426468D
:1033F00037467AE0102015B0F0BD0720FBE768469D
:10340000807D01280BD16846818A0520C002081AF8
:1034100010D0012810D0022812D0032812D0042C7A
:1034200014D0052C15D113E002290000012800005A
:1034300003300000012400E002246846468A08E0C8
:10344000032406E068460424478A02E0052400E0DD
:1034500006246846418A1398814246D12C74002E76
:1034600041D00DAA0EA905200292019100901023CF
:103470000022FF21304603F041F9002823D168469D
:10348000808E2A46C0B20EA9FFF711FC00281AD17F
:10349000AE81002F27D00DA9052008AE0291009023
:1034A000132300220196FF21384603F027F9002854
:1034B00009D16846808EF11CC01EC0B22A1DFFF7DC
:1034C000F6FB002801D0032095E708A88178427810
:1034D00008021043E881062C05D16846807DA87259
:1034E0006846808A2881002085E703A803F06EF8EB
:1034F000002884D0FFF7D5FD7DE7002805D0F94AE4
:10350000012903D0022903D003207047518800E02D
:103510009188814201D1002070470720704770B523
:103520000C4605461C21204612F05CFE002020803F
:10353000002D08D0012D04D0EBA1F04812F073FF4C
:1035400070BD062000E00520A07070BD70B592B07F
:103550001546064601206A461071107453740846D9
:1035600008300395029048889082FEF7E1F9040044
:1035700019D06580172069468883203600940AABED
:103580007178023307AA01A80DF05FF9064660784A
:10359000000701D5FEF7ADF9002E0AD03046FFF73F
:1035A000ECFD12B070BD1321284607F01BF9032073
:1035B000F7E708A800906846838B0422012128467B
:1035C00008F035FEEDE770B506468AB000200D46DE
:1035D00007900590069003A90490052402460291E5
:1035E0000190102300942946304603F087F8002804
:1035F0000DD108A804A9009102900194684683891E
:1036000000222946304602F095FE002801D0FFF73F
:1036100048FD0AB070BD10B50DF01DFB10BDF0B532
:1036200089B000260546059600780C460827030059
:1036300012F0EAFF0CFD070C3A0B77779EC2FCD81C
:10364000E8FD68680A38FEF7E8FA0DE1A88800236B
:1036500080B201220321009009F08CFA0290002C24
:1036600004D0A648A0A16E3012F0DDFE029800281A
:1036700004D1A2489CA16F3012F0D5FE02980099A7
:1036800008300CF017FDFEF753F9040007D06078FE
:103690003843607000986080FEF72BF9E6E0132154
:1036A000009807F09FF8EFE0002C04D1BD208EA118
:1036B000800012F0B8FE608800230122032109F087
:1036C00059FA0090002804D18C4887A1883012F064
:1036D000AAFE0099002008802A7994461EE0C300C3
:1036E0005B199B6807936B469B8B1A0708D5DA0614
:1036F00006D56046C20050194038C08F088006E0E9
:103700005B0409D50871C2005019C08848806078F0
:10371000384360700226A7E0401CC0B28445DED862
:10372000A2E0E888694608800090002C04D1734824
:103730006DA1983012F077FE2878062814D10098F1
:10374000C00B11D0608800230122032109F012FA76
:10375000060004D1694864A1A23012F064FE002082
:103760003071A88870803BE06078384360707BE0FF
:10377000002C04D161485CA1B43012F054FE608882
:1037800000230122032109F0F5F90090002804D15B
:103790005A4855A1B73012F046FE009808300DF097
:1037A000ACFA0121484002D1E888C00B5CD00098F7
:1037B00061880226C180D7E7002C04D14F484AA176
:1037C000D03012F030FE608800230122032109F07E
:1037D000D1F9002804D1494843A1D33012F023FE87
:1037E0000226C1E7002C04D144483FA1DC3012F08E
:1037F0001AFE0226618801222046FEF71FFA0120E8
:103800000590B1E7A889002380B20122032100902E
:1038100009F0B0F90746002C04D0384832A1EE3048
:1038200012F001FE002F07D12FA101E00FE016E0FA
:103830003248EF3012F0F7FD686802902889694637
:103840008881012202A90098FEF714FA0CE0002CEE
:103850008AD16D2024A1C00012F0E5FD84E727483D
:1038600021A1FE3012F0DFFD002C0DD060780007A2
:103870000AD50598002807D18420207020465822B8
:1038800029460830FDF7A0FC304609B0F0BDF7B579
:103890000C460546007A224688B00A320292921CF3
:1038A00004920027811E16323E4601920B0012F050
:1038B000ABFE08F605F548488DD1F4F5688800237D
:1038C0000122032109F056F90190002803D106A135
:1038D0000B4812F0A8FD01980088002812D052274A
:1038E000072601E1000900207372635C676174744C
:1038F000735F636F72652E63000000006F0200004B
:103900008603000051271E26002C7DD06888A080E9
:103910000120A071019802990079C0004019C08966
:10392000FFF754FD002870D101980079C0004019BC
:10393000C089208101980079C0004019408AA08385
:10394000F2E0698A0091062820D1E889C00B1DD0D9
:1039500008462230512786B2002CD6D0A889049977
:10396000FFF734FD002873D16888A0800220A07181
:10397000A88920810120A072288AE08300982084F1
:103980006969009A019812F0D0FBCDE0084620301A
:10399000502786B2002CB8D0A8890299FFF716FDEF
:1039A000002855D16888A080A889E080287A062858
:1039B0000AD002202072288AA0830098E083204643
:1039C00069692030009ADEE70120F3E76888002368
:1039D0000122032109F0CEF80690688A009006982B
:1039E000002803D1FD49FE4812F01DFD069808305D
:1039F0000DF083F90121484002D1E889C00B26D09F
:103A00000098223086B201E073E021E05127002CBB
:103A100079D06888A080A8890499FFF7D7FC00288E
:103A200016D10220A071A88920810420A072288AC2
:103A3000E083009820846969009A019812F075FB70
:103A40000699002008710698A98941806CE003203E
:103A50000BB0F0BD688805F0D2FB019068880023A8
:103A60000122032109F086F800900198002804D172
:103A7000DB48DA492C3012F0D6FC0098002804D13B
:103A8000D748D6492D3012F0CEFC0098D549C088D1
:103A9000884205D05127222604E01EE03FE035E0B1
:103AA00050272026002C2ED06888A080502F07D0C9
:103AB0000220A0712146287B0831FFF730FD33E05A
:103AC000287BA11DFFF72BFD6A8800230099019830
:103AD000FFF73CFD0028BBD126E0C349A889C9886F
:103AE000814207D154270626002C0CD06888A0807C
:103AF0001AE008E053270826002C04D06888A0802C
:103B0000A889E08010E00A98068013E05527072670
:103B1000002CF8D0A889A0800020A07104E08D209E
:103B2000AE49C00012F07FFC0A98002C068001D03C
:103B30002780668000208BE7AB4900200870704723
:103B400030B585B00C4601F0E0F90546FF2804D1F8
:103B5000A348A249953012F066FC00202080207115
:103B60006080401EE0802046294608300CF096FA1E
:103B70006A462946012002F020FD102412E0684622
:103B8000808800070ED56846C0882946FFF71BFDD0
:103B900068468188FF2321438180C0882946019A95
:103BA00002F036FE684602F011FD0028E7D005B0AD
:103BB00030BD0A46014610B5104608300CF082FAB6
:103BC00010BD70B5002305461A46032108F0D2FF48
:103BD000040004D182488149B73012F024FC204609
:103BE000294608300CF066FA70BDF0B591B00C466D
:103BF000074605F004FB050005D02878222804D2EA
:103C0000082011B0F0BD7948FBE700231A460321D4
:103C1000384608F0AFFF0646002C02D0A0880028E6
:103C20000CD00120694608710220087400204874F5
:103C3000002C05D0A0880883206802E00920E0E776
:103C4000088305903046083003970290FDF770FE18
:103C5000040018D0678017206946888320350094B7
:103C60000AAB6978023307AA01A80CF0EEFD0546FD
:103C70006078000701D5FDF73CFE002D09D02846ED
:103C8000FFF77BFABDE71321384606F0ABFD0320B2
:103C9000B7E708A800906846838B042201213846C4
:103CA00008F0C5FA0021C943F180AAE7FFB585B045
:103CB0000E9E7788384605F0A2FA054600231A467C
:103CC0000321384608F056FF0446002D03D143492E
:103CD000474812F0A8FB002C04D145483F49401C3E
:103CE00012F0A1FB0834089869460394C1C105A8E5
:103CF0000DC8203569780CF017FAC6E5F0B5044612
:103D0000002099B00D4601460D9010A881811646FD
:103D100001818180344A68469180018510A8018024
:103D200068460187818581841078012808D002289F
:103D300006D0032804D0042802D0082019B0F0BD12
:103D40002C4A944273D32C4F0121890438688C4249
:103D500001D3844278D3274A954275D3012189043F
:103D60008D4201D385426FD36168002913D0214A67
:103D7000914269D301229204914201D3814263D3DB
:103D800060892189884203D801225202914201D9D7
:103D90000C20D3E70D9016AA0EA92846FFF783FA48
:103DA0000028CBD1686880784007800F02280AD1AC
:103DB0006846008F8004800F05D02869002802D053
:103DC0003968884240D30AA92069FFF716FA00280B
:103DD000B4D1206900281CD060780FE0E8380000DA
:103DE000EE030000FFFF0000000900200230000089
:103DF0000C050000008001002800002080076846B4
:103E0000008D03D58004800F68D002E08004800F0D
:103E100064D16846008D810618D58004800F6068E3
:103E200006D0002812D0396888420DD302E00BE09A
:103E300000280BD0FE49884206D30121890488421C
:103E400004D33968884201D2102077E709A9606954
:103E5000FFF7D3F900289CD16069002808D0684694
:103E6000808C0105890F012938D18004800F35D05D
:103E70000BA9A069FFF7C1F900288AD16846808C98
:103E800080062BD46846808D810627D4A16900293D
:103E900006D00105890F012920D18004800F1DD093
:103EA000E068002804D00078002817D01C2815D21C
:103EB00004AA611C2046FFF71DFA0121890210A8FF
:103EC0000180012768468773DA49818104AA033299
:103ED00017A92868FEF711FF002801D007202DE759
:103EE00010A8007F15A9C01CC2B200200C9201903E
:103EF000FF32009003460291FF3203A8033210996B
:103F000002F0B3FA002826D110A9888A0F902A89D6
:103F10002969C94801910092029010A90A8B6B8906
:103F200028680E9902F0A1FA01007DD1C24800254F
:103F3000001F818868464174090A8174052104A81C
:103F40006A4623C210A82A46FF21808A0C9B02F0F1
:103F5000F1F9002802D0FFF7A4F8EFE66846007CEC
:103F60000322C1090020920290430122920280188C
:103F70001490002928D0014610A801806846292104
:103F8000877309028181058608A8007C0023410807
:103F900060784900C007C00F014308A80174FD20E4
:103FA00001406078A54A8007C00F4000014308A87F
:103FB00001740CA9022001910090029503A81099A8
:103FC00002F053FA01002FD16068002828D0206940
:103FD00000280DD10AA90EA8FFF7D5F9607880074F
:103FE00006D46946088D032109038843694608857C
:103FF000904968468773FE31818190492089891EE6
:1040000012F00DF962680D9811AB019200900293C5
:104010000A46002303A80A9902F027FA010003D1F7
:104020002078C10603D400E086E080062AD56846E1
:104030000586606900280DD109A90EA8FFF7A3F92C
:104040006846818C03208002814301208002091888
:10405000684681846946888CC821084369468884FB
:1040600074488F73FF30888112AA0CA90220029233
:10407000019100900023714A03A8099902F0F5F913
:10408000010059D12078C00729D068460586A0696B
:1040900000280DD10BA90EA8FFF775F96846818D90
:1040A000032080028143012080020918684681852F
:1040B0006846818D40200143684681858773604949
:1040C000818113AA0CA90220029201910090002381
:1040D0005A4A03A80B9902F0C8F901002CD1E068F4
:1040E00000282DD010A8149901805549684687737F
:1040F000491C8181E16808A80A78027449784174F2
:10410000E0684122418868464186E06800230179E1
:1041100008A80175E068D200C18808A84175090A9D
:1041200081750CA8072101900091029503A81099B0
:1041300002F09BF9010003D00F9800F0EAFEFDE5C4
:104140003D480321001F0170002E0AD08088308076
:1041500010A88088708010A80089B08010A880897D
:10416000F0800020EAE530B501248BB015460B46FF
:10417000012802D002281CD104E06846052184737E
:10418000C90203E02B4968468473891E8181002B94
:1041900012D003210020890288430121890240189E
:1041A0006946888405AA04A91846FEF7A6FD0028DA
:1041B00004D007200BB030BD1020FBE76A46127C0C
:1041C0001D480092801E05A9FF3201910290FF3226
:1041D000002303A80332099902F047F9002802D00E
:1041E000FEF75FFFE6E71448001F002D01D041886D
:1041F000298004700020DDE770B592B004460126E6
:1042000008A886700F496846018410AA08A930469C
:10421000FFF7A9FF00284DD12078074DC0070024E3
:104220002D1F002848D01C21684611F0DDFF0BE04F
:1042300000800100032800000409002003020000A0
:10424000032900000118000068460178202001437E
:104250006846017008A88670F9496846018411947F
:104260000794817FF92001406846891C81770020EE
:1042700001466846017700200146684641770421DF
:104280008185C485018607A80A9011A80D9008A809
:1042900009900EAA09A96846FFF730FD002809D148
:1042A0006846008FE8806846808F2881401C6881BE
:1042B0002C70002012B070BDEC802C8110A80088FA
:1042C000F4E7F7B5DF4900260A789EB0012A04D04A
:1042D000022A02D0082021B0F0BD4A88824201D0D3
:1042E0000620F8E71F98824201D10720F3E7012258
:1042F00010A98A75D4488882002003239B020146B6
:1043000099439302CB1810A90B8669468A81CF4A3C
:10431000CA8118A9887110A9888419A904916946CD
:10432000CA820690FF20087503A802F072F90024E3
:104330002546274608AA052103A802F06DF90028A2
:1043400010D082286FD1002C6FD0002D6DD010A816
:104350008480C5800021017418A8807B11AC0128DD
:1043600065D06DE008A88079002F21D0012857D1B1
:104370006846818CB44881421CD113AA0DA905203E
:104380006B4607C36846408C10230022FF2102F0D1
:10439000B5F9002868D110A88089042801D0062822
:1043A0004CD16846818E1F98814239D10F2092E707
:1043B000012835D16846808C0521C902884202D087
:1043C000491C88422CD19F4841886846408C8142D4
:1043D00001D1012700E00027002C01D0002D10D0D2
:1043E0001F9988421CD113AB0DAA05216E460EC63B
:1043F000044610230022FF2102F080F9002833D167
:1044000001E035460CE010A88089022801D0102870
:1044100014D1C0B21BAA0DA9FEF749FC00280DD18A
:104420006846468C86E71FE0FFE7052053E714A99E
:104430001BA8221DFEF761FC002801D003204AE7DB
:1044400010A8007C0023001DC2B210A8027420989E
:1044500002900194009215A81C9902F006F8002819
:1044600002D1784902220A70FEF71BFE33E710B52D
:104470000B46401E86B084B203AA00211846FEF700
:1044800039FF04AA052103A802920191009001239B
:104490000022FF21204601F04DFF04466846008AB5
:1044A000012804D06D206A49000111F0BCFF2046AC
:1044B000FEF7F7FD06B010BDF0B5624F0446387840
:1044C00087B00E46032804D0042802D0082007B085
:1044D000F0BD04AA03A92046FEF7E5FE0500F6D1CB
:1044E000606880784007800F02280DD16846808977
:1044F0008004800F08D02069002805D0554909683C
:10450000884201D21020E2E7208905AA6B46216982
:1045100007C369460A8A63892068039901F0A5FFE9
:10452000002802D0FEF7BDFDD1E7002E02D068467C
:10453000808A3080042038702846C8E738B50C00DF
:10454000054609D000236A46FF2102F039F9002808
:1045500004D0FEF7A6FD38BD102038BD69462046C0
:10456000FEF74BFE0028F8D1A078FF21C307DB0F30
:104570002846009A02F04CF9EBE73EB50C0009D052
:1045800002AB6A46FF2102F01BF9002804D0FEF7B7
:1045900088FD3EBD10203EBD0321204611F022FEC5
:1045A0006846008801A90005800FFEF712FE00286A
:1045B0000BD16846007920706846008801A9800404
:1045C000800FFEF706FE002801D003203EBD68469E
:1045D00000796070A278EF20024068460088C10B25
:1045E00009010A43F7210A404104C90FC9000A43DF
:1045F000A270F9210A40800601D5022000E00120C6
:10460000400069460243097A50084000C907C90FB3
:104610000843A07000203EBD7FB5144605220192DC
:1046200003AD029500930A462388FF2101F082FE24
:10463000694689892180FEF734FD04B070BD000011
:10464000052A00000009002002280000FFFF0000EA
:10465000E838000028000020F3B5002799B068462C
:104660000C4607873D4600291ED0E068002806D08A
:10467000A068002818D001886A4611870780199819
:1046800004F0BDFD002812D0007822287ED31998AE
:1046900000F03BFC002300901A460321199808F013
:1046A00069FA060009D104E010201BB0F0BDFD48F6
:1046B000FBE7FD49FD4811F0B6FEA078012803D0C4
:1046C000022801D00720F0E72088002808D0401EEB
:1046D00080B203AA009901F070FF002859D11DE0B3
:1046E000F048401CE1E76946498A228891420BD292
:1046F0006846807D0025012810D16846808AEC49F3
:1047000088420BD1012509E0914203D1002D2AD026
:104710006D1C01E0022D0BD0032D04D203A801F083
:1047200055FF0028DFD082281BD0002831D11DE0A2
:104730006946897D0129F1D16946DD4B8A8A5B1E74
:10474000D11A9A420FD005DCDA48101A0BD0012892
:10475000E4D108E0012906D0FF390129DED1032583
:10476000E1E7022D15D10D2080029EE7E0680028C8
:1047700016D00EA9052202910192009069460B8F76
:10478000A2882088FF2101F0D5FD00E01EE000286E
:1047900002D0FEF786FC88E76846A168008F088093
:1047A0006846008AC00601D5C3487EE707980028FE
:1047B00003D06846008B022801D0032075E70798D4
:1047C000A1780078012903D0800710D408206CE775
:1047D000C007FBD000220721199808F010F8002824
:1047E00002D00725022004E0AE48801C5DE70225C8
:1047F000032008A908702188684681851998083621
:104800000A90099617216846818712AB02330FAAD6
:10481000052108A800970CF018F8002802D0FEF730
:10482000ACFC42E710A800906846838F042229461A
:10483000199807F0FCFC38E770B5064615460C469B
:104840000846FEF7EBFB002804D12A4621463046F5
:10485000FFF789FCF2E610B5FFF733FD10BD70B528
:104860001E4614460D0014D0002C12D06168002999
:104870000FD00121FEF741FE002809D12068FEF784
:10488000CDFB002804D1324621462846FFF736FAF0
:10489000D4E61020D2E670B515460C000ED00221E9
:1048A000FEF72BFE002808D12068FEF7B7FB002892
:1048B00003D129462046FFF7FFFDBFE61020BDE6E5
:1048C000F8B506467D480D46016814468A4231D344
:1048D0006068002808D07A4A90422BD301229204C3
:1048E000904201D3884225D37648864204D0304690
:1048F00004F085FC00280CD0304600F006FB06468C
:10490000284600F0BFFA002804D16068002802D0D1
:1049100012E06448F8BD00236A463146284601F09B
:104920004FFF002802D0FEF7BCFBF8BD68460088A8
:10493000800601D41020F8BD6188224628466368AD
:10494000FFF76AFEF8BDF7B55C4E0746306886B0E3
:104950001446824202D2102009B0F0BD384600F061
:10496000D4FA05465748874201D0FF2D08D00023CE
:1049700004AA2946079801F023FF002826D101E068
:104980004848E9E76846008AC00601D54A48E3E797
:1049900003A9002002910527019000976288494BE6
:1049A0002946079801F0AAFE00280FD161683268F5
:1049B000914208D30191029000972388628829468A
:1049C000079801F09BFE694689892180FEF769FB03
:1049D000C2E7002907D03C4B0A881B899A4202D8BB
:1049E0003048401C704737E610B586B004236C464B
:1049F000A382354BDC88002C07D01B898B4201D267
:104A0000914204D92748401C54E5062052E56B46E4
:104A100019825A820021009101911C800221997013
:104A200005A9029104A903916946FFF715FE41E526
:104A3000F3B50C4685B0812069460873002C1BD065
:104A4000059804F0DCFB070018D03878222869D3D9
:104A5000059800F05AFA049000220121059807F009
:104A6000CEFE00280CD000231A460321059808F03A
:104A700081F805000AD105E0102028E5094826E55F
:104A8000112024E50849114811F0CDFC28460830D2
:104A90000BF032FB06462078012819D0022838D0C6
:104AA000072014E502300000E8380000E1080000AB
:104AB0000328000000280000013400002800002026
:104AC00000800100FFFF000000090020840A0000B0
:104AD000A18803AAFEF71CFB0028CED1B00721D580
:104AE0006846007B00281FD1A079C0071CD0E06871
:104AF000002205216B4607C36389228968880499CF
:104B000001F018FC6946087300280DD0FEF7C9FAB9
:104B1000DDE4A18803AAFEF7FBFA0028ADD134201A
:104B2000064201D10820D2E46846037B2946384674
:104B3000059AFEF70BFDCAE4FFB597B0002001907F
:104B40001F4615460C460E46179804F058FB0028E1
:104B500004D00078222803D20820A6E5F448A4E572
:104B6000B80801D00720A0E5032F00D1002717982F
:104B700000F0CBF90890002C1BD0022D77D3ED4824
:104B8000006884427CD361190091012902D0491E3A
:104B9000814275D3AD1EAAB22146E74810F036F81F
:104BA00000991E394A7F0B7F11021943884267D151
:104BB000ADB2E248B90702D50189491C00E00121E4
:104BC00089B20091F90701D0078900E0DA4F03AA02
:104BD0000899009801F0F1FC0DE0F078B17800023E
:104BE000084310284CD80199091D401880B2019043
:104BF000A84245D82618002E60D07078317800027F
:104C0000084300998842E8D358E06946098A0A07B0
:104C100054D5002C3FD0019AA618121D92B20992C9
:104C2000F278B37812021A439446102A28D8099AC7
:104C30006244AA4224D87278337812021A4390420E
:104C40001ED1C8061ED509980AAA052120186B4650
:104C500007C3707831780002084363460022089940
:104C600001F068FB002803D0FEF71BFA1DE507E002
:104C7000F078B178000208436946098D884201D076
:104C80000B2012E5F078B17800020843099940182A
:104C900080B2019006E0C90604D50899FEF793FC9E
:104CA0000028E3D16946088A1021884369460882B2
:104CB000488AFF23049A089901F0AAFD03A801F08D
:104CC00085FC002803D16846408AB8429DD900235C
:104CD0001A460321179807F04DFF040003D19849A5
:104CE000984811F0A0FB20880028BFD0012108A817
:104CF00001700173002646732188684601862046AC
:104D00000830099017980A90FCF712FE05001BD096
:104D10001798688017206946888010AB023301AA73
:104D2000052108A800950BF090FD0746687800075C
:104D300004D584488249223011F075FB002F09D038
:104D40003846FEF71AFAB0E41321179805F04AFD29
:104D50000320AAE40EA8009068468388042201215B
:104D6000179807F064FA00288BD126809DE4F0B5EF
:104D700000248DB01F4615460E46002A04D0B908FF
:104D800004D007200DB0F0BD1020FBE7032F00D1A9
:104D9000002700F0BAF80390FF2804D06749B8074D
:104DA00003D5488902E06248ECE70120FA0702D007
:104DB0004989491E00E0604906AA8FB2039901F0B3
:104DC000FCFB38E06946898B090734D504AB052123
:104DD0000022029300910192574B039901F08EFC3F
:104DE000002821D1002E21D06A46128A2988A218D3
:104DF0003019121D914234D36946CA8B0270120ACF
:104E000042700A8A8270120AC27004A90522001D2B
:104E10000092029101906946C88B0B8A0022039987
:104E200001F06CFC002801D00320ABE76846008A43
:104E30002018001D84B206A801F0C8FB002804D089
:104E4000822806D0FEF72DF99CE76846C08BB84251
:104E5000B8D9002C07D0002E10D02988A01C814280
:104E600003D20C208EE705208CE7224631463248DB
:104E70000FF0CCFE31190870000A4870A41C2C8079
:104E800000207FE700B585B06946FEF79FFA00284D
:104E90000AD16846007C030011F0B6FB08052F2FED
:104EA0002F2F08080531032005B000BD6846807823
:104EB000012807D1684600880321C902401A1CD086
:104EC00001281AD068468079012806D16846808872
:104ED00015214902401A05280FD96846807A012811
:104EE00011D16846018929200002081A05D002283C
:104EF00003D0032801D0042805D10F20D4E712A144
:104F0000164811F090FA0020CEE710B507F028FE01
:104F100010BD10B50C4601F023FB002803D00AA1F8
:104F20000F4811F080FA2046FEF7BBF810BD0000D4
:104F30000230000028000020FFFF000000090020D0
:104F4000E83800003F0B00007372635C67617474A3
:104F5000735F636F72652E63000000002202000021
:104F6000BB060000F8B500780C46164610340E3625
:104F7000069F022809D0032836D005287ED0FF20BE
:104F8000F6A1E53011F04FFAF8BDCD890A2068434B
:104F90000E30188031203880002AF5D0087B9581AA
:104FA000801FC7B21AE020886168308048780A788C
:104FB00000021043F080C8788A78000210433081E4
:104FC000B21C3846091DFDF772FE002F01D00028E3
:104FD00002D000203071708008340A3628466D1ED9
:104FE000ADB20028DFD1F8BDCD890A2068430E306C
:104FF000188032203880002AF5D0087B9581401F28
:10500000C7B243E0616822880878F2803279C3072A
:1050100052085200DB0F1A43FD231A408307DB0FAF
:105020005B001A43FB231A404307DB0F9B001A4324
:10503000F7231A400307DB0FDB001A43EF231A4064
:10504000C306DB0F1B011A43DF231A408306DB0F65
:105050005B011A43BF231A404306DB0F9B011A432F
:105060003271C00970718A784B7810021843308110
:1050700032463846C91CFDF71AFE00E00CE0002855
:1050800002D00020B070308008340A3628466D1EE9
:10509000ADB20028B6D1F8BD087BCD89801E86B29E
:1050A0003046083068431030188034203880002A99
:1050B000F1D0174695811037E800D681C0190090CD
:1050C0000DE020883880009878603246616800984A
:1050D00011F02BF800980834801908370090284602
:1050E0006D1EADB20028ECD1F8BDFFB581B00A9DB0
:1050F0001E460C46002A05D0607AFF300130D08071
:10510000E089108101980E270078030011F07CFAE5
:105110000B7E0719293541536C7878787E00009210
:10512000087B082805D0032803D091A1954811F0E9
:105130007AF9378030200FE000990020888105B08F
:10514000F0BD0092087B042804D08E4888A114305A
:1051500011F069F937803120288000980028EBD1C0
:10516000EDE70092087B042804D0932080A1800002
:1051700011F059F937803220EEE70092087B0228BF
:1051800004D080487AA13A3011F04DF937803320AD
:10519000E2E7087B1746042804D07A4874A14C3013
:1051A00011F041F91020308034202880002FC6D023
:1051B0000020B88116E0207B1746052806D0062877
:1051C00004D070486AA1603011F02DF912203080AF
:1051D00035202880002FB2D0E089B88100203882A5
:1051E00001984088F881AAE70092087B072804D03C
:1051F00064485FA1713011F016F937803620ABE7B3
:1052000033460095019800F00EFC98E72F2053A13B
:10521000000111F008F992E770B50C46054603F05D
:10522000EEFF002804D00078222803D2082070BDA9
:10523000554870BD00231A460421284607F09AFC01
:105240002060002801D0002070BD032070BDFFB594
:105250008BB00D4607461720694608850E98032631
:105260001446002805D10EA93846FFF7D5FF0028BF
:1052700034D1002D0BD000220321384607F0BFFAAD
:10528000002834D00E980078002830D108E020782B
:10529000092819D00F2823D030A13C4811F0C3F8B9
:1052A0000E98A760801D03AA606002320AA92046FA
:1052B00000F00FFC002827D0030011F0A5F9071A11
:1052C000182323211C1E23000726002231463846BE
:1052D00007F095FA0028E3D12B48801C0FB0F0BDF1
:1052E00000220321384607F08AFA0028D8D111207D
:1052F000F4E70020F2E70820F0E72348401CEDE740
:105300000720EBE70320E9E701A800906846038D3A
:1053100004223146384606F08AFF0028DED1002DEF
:10532000DCD00E990D70D9E730B587B01D460C461C
:10533000002A11D0042369460B7013888B81528890
:10534000CA81A2788A7422880A8200236A46294682
:10535000FFF77DFF07B030BD1020FBE77372635C81
:1053600067617474635F636F72652E630000000091
:105370007372635C67617474635F636F72652E63DD
:105380000000000025020000023000004F03000072
:10539000F3B581B001980C4600780826030011F09F
:1053A00033F9125F47471B134B0A0A0A0A0A0A0A13
:1053B0000A0A0A0A0A5F002C02D1F849F84808E0F4
:1053C0006078304360703CE0002CF9D1F448F34938
:1053D000083011F028F8F3E70198002380880122B3
:1053E00087B20421384607F0C5FB0546002C04D0DF
:1053F0007520EA49C00011F016F8002D04D1E848E4
:10540000E649143011F00FF83946A81D00F058FB9A
:10541000FCF78EFA040006D0607830436070678035
:10542000FCF767FA0FE01321384605F0DBF915E0C9
:10543000DB48DA49283002E0D948D8492D3010F04D
:10544000F2FF002C0AD06078000707D59320207067
:105450002046582208300199FBF7B6FE0020FEBD19
:10546000CF48CE493130EAE710B500210170801DE8
:1054700000F023FB10BD0A4610B50146901D00F058
:1054800027FB10BD70B5002305461A46042107F01E
:1054900071FB040004D1F920C049800010F0C3FF63
:1054A0002946A01D00F00CFB70BDF7B5054684B081
:1054B0000C4600206946088188806F8803460122D7
:1054C0000421384607F056FB060004D1FD20B349FD
:1054D000800010F0A8FF002C03D0A7800020E080FF
:1054E0002081297A20461230C91E142700900B0013
:1054F00011F08AF80FFEFDFC3809A95E657A2FB21B
:10550000C9E99191FC003078012804D0A3497020AA
:10551000143110F088FFA9896A46C8000E309080C7
:1055200030201081002C13D0A18100200DE0C1009B
:10553000327909190A747288CA8182005319DA898A
:105540004A821A8A401C8A8280B2A1898142EED89E
:10555000F1E002A8009001AB22462946304600F057
:105560002BFAE8E03078042804D08C49BD201431AF
:1055700010F059FFA8890622014650436A460E30B2
:10558000908033201081002CE2D0A18100200BE01C
:10559000062141434F190919FA89CA81BA7C8A74D4
:1055A0003A8A401C0A8280B2A1898142F0D8C2E0C6
:1055B000307806280BD079491431D72005E03078AF
:1055C000062804D07549EB20143110F02CFFE8892F
:1055D00069461230888035200881002CB8D0A9890E
:1055E000A1817188E18126E03078072804D06B49D9
:1055F000FF20143110F017FFA8896A4601460E30CB
:10560000908036201081002CA2D0A1812046AA894A
:105610000E30296954E0E8896946123080B2382298
:1056200088800A81002C7ED0A989A181287A10283F
:1056300007D00221A173E9892182EA8929690098AA
:105640003EE00121F6E702A8009001AB2246294680
:105650003046FFF787FC6EE03078082805D04F49C8
:10566000FF201431EE3010F0DEFE684637218780CF
:105670000181002C5FD0A989A18100206082208255
:105680000120A07357E03078092805D04349FF2056
:105690001431FF3010F0C7FE288A69461430888024
:1056A00037200881002C46D00421A173A989A1814B
:1056B000E9892182298A618220462A8A143069690F
:1056C00010F033FD37E030780A2804D033493548EC
:1056D000143110F0A8FE6846372187800181002C24
:1056E00029D00521A1730020A08102E01EE003E083
:1056F0000CE0208260821EE002A8009001AB2246EE
:1057000029463046FFF7F1FC15E00CE00D20694614
:10571000392288800A81002C05D00120E0800020F9
:105720002081207307E00699088019E01C481B4976
:10573000A43010F078FE6846069980880880002C16
:105740000ED0684600892080684680886080287A6C
:10575000032805D0102803D0112801D00020307074
:10576000002007B0F0BDF7B5568815460F46002358
:1057700082B01A460421304607F0FCF9040004D137
:1057800007480649C43010F04EFEA41D33462A4691
:1057900039460094029800F022FBD0E45C530000EC
:1057A0009503000013020000F7B58CB00D461446B7
:1057B00007A90C98FFF730FD002812D1B64E01273B
:1057C000002C0FD00321684601701021818208A8A7
:1057D00002460690204605A9FDF78FFA00280BD057
:1057E00007207BE50821684601708581C681052177
:1057F0008774C90201820BE00798A17801712188A2
:105800004180684605218774C90201828581C6816D
:1058100002460121079B0C98FFF719FD5EE508B5CC
:1058200001236A4693709D4B13800A460223694602
:10583000FFF77AFD08BD08B501236A469370974BC0
:105840005B1C13800A4603236946FFF76DFD08BD04
:1058500000B587B000290CD002236A4613700B886C
:1058600093814988D18100230421FFF7F0FC07B020
:1058700000BD1020FBE710B5002903D00523FFF77A
:1058800053FD10BD072010BD70B588B00D461446FD
:10589000064607A9FFF7C0FC00280DD1002C0DD04B
:1058A0000621684601708581C481079B02465C80A1
:1058B00006213046FFF7CBFC08B070BD05216846D5
:1058C00001708581F1E710B588B000290BD007245D
:1058D0006B461C709A81049100236A462146FFF7AB
:1058E000B6FC08B010BD1020FBE770B500241722ED
:1058F00088B0002914D00D782B0010F085FE062307
:10590000050519041B231522D21E93B2CA88002A4A
:1059100002D08E68002E03D09A4203D90C20CBE728
:105920001020C9E7042D05D08A88002A0AD101E099
:105930000620C1E7012D11D0022D05D0042D18D06D
:10594000052D23D00720B7E709236A4613704B883B
:105950009381CB88D381896804911DE00C236A462A
:1059600013704B889381CB88D38189680824049174
:1059700012E00D236A4613704B8893818B88D38184
:10598000CB88138289680924059105E00E236A46B5
:105990001370497811730A2400232146FFF757FC3E
:1059A0008AE700B587B00F236A4613709181002300
:1059B0001946FFF74CFC5AE7FEB50078089D1C46D7
:1059C00016460F46012803D03549912010F02BFDD3
:1059D000F889C0000E30208030202880387B001FDE
:1059E000C0B20190002E1DD0F889B081002516E0CC
:1059F000E8008419C0190090224641690E320198CE
:105A0000FDF755F9002802D000202074E0810098AD
:105A10006D1C008A60820098ADB2408AA082B08975
:105A2000A842E5D8FEBD70B514461425049A1D8021
:105A300037231380002C0ED0CA89A28100226282F3
:105A40000078082808D0092810D00A2819D014494D
:105A5000144810F0E8FC70BD087B0C2804D01148F5
:105A60000F490C3810F0DFFC012008E0087B0D28FE
:105A700004D00C480A49083810F0D5FC0420A07363
:105A800070BD087B0E2804D006480549001F10F0A1
:105A9000CAFC0520F3E70000FFFF00000228000019
:105AA00070530000BB02000010B5FE4B5860197225
:105AB0001A80C90010F098FB10BD002101807047CA
:105AC00010B50022D2430280032007F0F8FC10BD7D
:105AD0007047F0B50E460446017801208840F2492F
:105AE00099B008400090616815460888EF4A9042D6
:105AF00006D0009A002A06D0EB4A521E104202D06D
:105B0000012019B0F0BD009A10430880002D12D07A
:105B1000002028702178EA1C0027681C01920B00E5
:105B200010F072FD10F30E16233A59616F3CB4B0B9
:105B30008AB8F2F1F0F320780B28EBD00420E0E7EC
:105B400002212970A1890170090A4170032097E0A0
:105B500004212970A1890170090A41700198E18925
:105B60000170090A417005208AE006212970A18987
:105B70000170090A41700199E2890A70120A4A709B
:105B8000218A0171090A4171A28AE81DA16910F0F8
:105B9000CCFAA08AC01D73E0082129702178082959
:105BA00001D110212970A1890170090A4170019861
:105BB000E1890170090A41700520308020466A1D84
:105BC00002A91030FDF799F800287DD16946308888
:105BD000097A401854E00A212970A1890170090A44
:105BE000417003200BE00C212970A1890170090A82
:105BF00041700198E1890170090A417005203080E7
:105C00009CE0A08984464000401C81B230888842D4
:105C10005AD3052958D30E202870002008E02369A4
:105C200042009B5A521953701B0A401C937080B259
:105C30006045F4D33180B9E09A48417A002973D0A5
:105C4000491E4172217B4068C9004518A98828680F
:105C5000082240180838216910F067FA02216846C6
:105C600001710021417128680390A988684601816B
:105C7000002101A8FFF78CFB0020A880002E00D097
:105C8000308093E0297880221143297029784022BE
:105C90001143297029788909890112312970A18954
:105CA0000170090A4170E289E81C216910F03DFA8F
:105CB000E089C01C3080287841063FD5C00975D0E6
:105CC00001216846017200E02CE000214172318818
:105CD000091D81810495E189019808180590001D2E
:105CE00006907048017A68460177002102A8FFF704
:105CF0004FFB074630880C303080022F06D0002F33
:105D000054D065E03DE033E01CE05EE06548694664
:105D1000097F4268CB00D218037A994202D2918857
:105D2000002902D0042753E02FE0417A491C417238
:105D30001560308890800020308049E06168A0893B
:105D4000888033E029788909890116312970A18971
:105D50000170090A41700198E1890170090A4170D6
:105D6000228A681D616910F0E0F9208A401D46E72B
:105D700028788009800118302870207B6870022004
:105D80007EE760680188090401D4052720E0C08807
:105D9000A189884201D006271AE01E202870012020
:105DA0003080606801884904490C0180009800280F
:105DB0000ED03C4800220088A1688300032007F031
:105DC000D9FA61682078887007E0002030800327C6
:105DD0006068009902888A430280384691E6FFB5E0
:105DE0009FB0289D0E46002805D0172803D82A8882
:105DF0002E4B9A4202D1072023B0F0BD32785306D1
:105E000001D4D20901D00820F6E700226B461A71AE
:105E10005A7114463278431E1D939BB2189303ABFC
:105E20001A939706CB1CBF0E1B93821E711C3B005E
:105E300010F0EAFB209011EE66EE74EEB0EED4EEB8
:105E4000EDEEECEEEBEEEAEEE9EEEEEEE8EEE7EE8E
:105E5000E6EEE5EE90EE05287CD10421684601715E
:105E6000A9780172F078B278010211436846418145
:105E70003179417170788006800E0C282ED009DCB3
:105E8000801E030010F0C0FB0919661C6621662401
:105E90006627660012282AD00ADC0E2821D0102896
:105EA000DAD121E00C090020FF710000FFFF0000A3
:105EB00016281FD01828CFD11FE02878800701E0CE
:105EC00028784007002845DA45E128780007F9E7F7
:105ED0002878C006F6E728788006F3E72878400699
:105EE000F0E728780006EDE72888C005EAE728886B
:105EF000C004E7E728888004E4E728884004E1E755
:105F00002A78920726D50328A6D105206A46107163
:105F1000487809780002084310811CE12978490774
:105F2000F0D5062816D3717890B2012902D0022943
:105F300092D101E0022100E01021189106216A4669
:105F400011710021118102AF189AB11C0237921C05
:105F50001B921AE0B3E04A780B7812021A433A8097
:105F6000801E891C1790BA1C1A911898FCF79FFE86
:105F70001A991898189A091817986B46801A1A894E
:105F800080B2521C1A811B9ABF1D8242E3D900289D
:105F900086D1E0E028780007B4D51D98694682B222
:105FA0000720087100200881701C0A3111E0437835
:105FB00007781B023B430B80C37887781B023B4367
:105FC0004B806F463B89121F5B1C001D92B23B81C8
:105FD000091D042AEBD2002A71D1BCE02978C90638
:105FE0006DD502286BD308206946087100204881CE
:105FF00070780872844692B2B01C1A9919E089E050
:1060000090E07EE067E05BE030E025E019E013E03F
:10601000BCE0437807781B023B430B80831C4B603A
:106020006346D21A6F467B8960445B1C92B27B81C7
:1060300008319445EDD9CEE7287880063FD509226E
:1060400003E0287840063AD50A2268460271AA88F9
:106050000281189A428107E0287800062FD50B208C
:106060006A46107118981081039174E02988C90557
:1060700025D5022823D30C206946087100204881C9
:1060800070780872844692B2B01C1A9914E0437872
:1060900007781B023B430B80C37887781B023B4386
:1060A0004B80031D4B606346D21A6F467B89604468
:1060B0005B1C92B27B8108319445E8D98BE763E0A1
:1060C0002988C90460D501285ED10D216846017177
:1060D000A98801813FE02988890455D5052853D333
:1060E0000E2269460A71AA880A811B99401F4A78C4
:1060F000097812020A4369464A818881701D04901A
:1061000029E0298849043FD501283DD10F2069465F
:10611000087120E02A88120436D44A780B781202DB
:106120001A43EA8003282FD332789206920E1B2A54
:1061300026D011226B461A712A880123DB031A43E9
:106140002A804A78097812020A4369460A81C01EE9
:1061500048811B98039030788006800E1B2809D058
:106160001D2807D00320229907F0A9F92888C00B21
:10617000C003288001A82199FFF70AF920463BE6D1
:1061800010226B461A71DCE70724F7E70824F5E7CD
:1061900000B597B0032806D16A461070019100211E
:1061A0006846FFF7F5F817B000BD000010B58B7812
:1061B000002B11D082789A4207D10B88002B0BD08C
:1061C00003E08B79091D002B08D08B789A42F8D117
:1061D00003880C88A342F4D1002010BD812010BD9B
:1061E000052826D0002A02D0012A0DD102E0098814
:1061F000090501E009888904890F07D0012918D011
:10620000022909D003290ED081207047002A01D02D
:10621000032070470220704703280AD0042808D0C2
:10622000002804D007E0042803D0022803D005206A
:106230007047002070470F20704770B513880546DF
:1062400014460B8018061DD5FE481022807AA842FD
:1062500003D813430B80002070BDA06893430078DF
:10626000E840C007C00E03430B802078A178800768
:10627000800D0843F4490FF0D2FFA0686943081865
:10628000401C70BD906870BD37B569468B8813801F
:1062900019061BD5EB4C0125A47A9168844209D8D4
:1062A000FE280FD1D80602D5A5406D1E00E00025BE
:1062B0000D7007E085400C78DB06DB0FAC438340B4
:1062C0001C430C7010881021884310803EBDF8B527
:1062D0000746C81C80080E468000B04201D08620C8
:1062E000F8BD082A01D90E20F8BDD64D00202E6039
:1062F000AF802881AA723446E88016E0E988491CFC
:10630000E980810610D48007A178800D0843CE492A
:106310000FF085FF206800F0BAFA2989401880B292
:106320002881381A8019A0600C3420884107E5D4F0
:106330000020F8BDFFB589B09F041646139DBF0C21
:106340000193099800F095FA04000AD0207800061D
:1063500009D5BC48817A0A98814204D887200DB0BB
:10636000F0BD0120FBE7224669460A98FFF765FF6A
:106370000690002069460872052D14D0012221469E
:106380002846FFF72DFF0028E9D1207840060AD5DE
:10639000022168460172099981810188C1810682C2
:1063A0004782129805900198000404D500273E46C4
:1063B0000125079709E02078A1788007800D084320
:1063C000A14907900FF02BFF0D46019840040AD514
:1063D0000798A84207D12088E1788005800F000245
:1063E0000843B04201D3AE4201D90720B7E7B8193C
:1063F00080B20190A84201D90D20B0E76846007A2A
:10640000002804D002A8FDF706F90028A7D10798B4
:10641000A8420BD1208803210902884301998905EC
:10642000890F0902084320800198E0701498002821
:1064300000D007801298002815D006983A46801997
:1064400012990FF072FE224669460A98FFF7F5FE90
:1064500069460888102188436946088022460099C9
:106460000A98FFF711FF002079E7FFB5754D0C2260
:10647000E8882968504383B00C180D9F724905982D
:106480000FF0CDFE0091049800F001FA29682A89E6
:106490008E46611A0C310918944651188AB2A9889F
:1064A000914202D8842007B0F0BD6A46168A3206AF
:1064B00003D5B20601D58520F5E7EA88521C92B2D1
:1064C000EA800E9B002B00D01A80B20601D5A7608F
:1064D00006E0604480B22881091A70460818A0605E
:1064E0002246FE200499FFF7CFFE0598A070009881
:1064F000E07020880599800889058000890F08438D
:1065000003210902884300998905890F090208437C
:1065100004210843208003988078A07103980088A4
:10652000A08000202073310601D5AC7A00E0012460
:10653000B10600D5002700260EE0052100200191BC
:1065400002900097E88831460C9B069AFFF7F2FE0E
:106550000028A8D1761CF6B2A642EED30020A2E70E
:10656000F1B5009800F085F9060002D00025009CE6
:1065700014E00120F8BD204600F07BF907460078C2
:1065800031498007820DB87810430FF048FE386813
:1065900000F07DF94019641C85B2A4B22948C18875
:1065A000601E8142E7DC00992648491EC1800189AE
:1065B000491B018100203070F8BD002804D0401E26
:1065C00010809170002070470120704710B504467C
:1065D00001881C48C288914201D3822010BD006806
:1065E0000C22514342189079A07290882081108823
:1065F000D1788005800F00020843A081A078211D7A
:10660000FFF71BFE20612088401C2080E0800020D6
:1066100010BD012101827047F7B50546002084B006
:10662000C043108068681746817868468170686842
:1066300001886846018000218171288A2C88A04247
:1066400005D303E0180900200102000004462C8253
:1066500035E0288A401C2882301D6968FFF7A6FDB6
:1066600000282AD139889248814201D1601E3880A1
:106670006888A04228D33088F1788005800F000216
:10668000084302906946301DFFF790FD002814D1A1
:106690006989874881421BD0002231460598FFF75F
:1066A0009FFD002809D16A890298824205D1E968D4
:1066B000B0680FF00DFD00280AD0641CA4B220467B
:1066C00000F0D7F80600C4D1641E2C828220EAE6CE
:1066D0007C80B079B871B088B8803078B1788007A4
:1066E000800D084378810298B8813946287A32466D
:1066F0000831FFF7A2FD38610020D4E6FFB585B070
:106700001C460F46059800F0B4F8050009D028781B
:10671000000608D56748807AB84204D8872009B0B7
:10672000F0BD0120FBE707982A468605B60D6946AD
:106730003846FFF782FD07460E98052816D000223E
:106740002946FFF74DFD0028E9D1287840060DD5F0
:106750000121684601710599018101884181868185
:10676000C48101A8FCF757FF0028D8D12888AA784F
:106770008107890D11438005800FEA7800021043DC
:10678000079A964207D04C4A914204D3611E814237
:1067900001DD0B20C3E7864201D90720BFE7801B3C
:1067A00082B2A24200D922461098002800D002806E
:1067B0000F98002802D0B9190FF0B7FC0020AEE7FF
:1067C000F8B51D4617460E4600F053F8040008D0F1
:1067D0002078000607D53748807AB04203D8872052
:1067E000F8BD0120F8BD224639463046FFF725FDA9
:1067F000002D0BD02078A1788007800D08432E490A
:10680000884201D2012000E0002028700020F8BD5D
:10681000F8B51E4617460D4600F02BF8040008D0C8
:106820002078000607D52348807AA84203D887201D
:10683000F8BD0120F8BD224639462846FFF724FD61
:10684000FF2E14D02588A178A807800D08431A4987
:106850000FF0E5FC002E03D1FF31FF31033189B287
:10686000A170A80880008905890F084320800020B6
:10687000F8BD1049CA88824207D3002805D00C22EF
:10688000096850430C38081870470020704703B55A
:106890000846694609888A0607D4090604D50549C9
:1068A000897A4143491C88B20CBD00200CBD000010
:1068B000FFFF00001809002001020000F8B507786A
:1068C0000D460446012F19D0072F02D00C2F19D1E5
:1068D00014E0A068216906780B2E0BD0052006F085
:1068E000EEFD052E0ED0782300220520216906F04A
:1068F00041FD07E0782300220620F8E70520216902
:1069000006F0DDFD002D0ED000202870294620461F
:1069100004F0AEF9FE482978C05D884201D1032019
:10692000F8BD0220F8BD0021204604F0A1F90020A6
:10693000F8BD70B50E460C462036317901208AB07C
:106940001546002909D0012905D12978042902D149
:106950000520107000200AB070BD6068019005A885
:1069600002900D21C01C0FF03DFC032205A8A16878
:106970000FF0DBFB01203071062069460870206AA9
:10698000049029466846FFF799FFE4E770B50C4686
:10699000154620310A790120062686B0002A2CD01F
:1069A000012A28D12978042925D169681022A068F4
:1069B00001F0B4F96868C07B000606D5D44AA06827
:1069C0001023103A014601F09EF91022A168E068F8
:1069D00001F0A4F9A068C07B000606D5CC4AE068A7
:1069E0001023103A014601F08EF92E70A0686860FD
:1069F000E068A860002006B070BD60680190C448DF
:106A0000203802900120087168460670206A0490C0
:106A100029466846FFF752FFEDE7027B032A06D0BE
:106A2000002224235A540B78092B02D003E00420BF
:106A300070470A76CA61027B9300521C0273C150F0
:106A400003207047F0B50E4615460C462036024628
:106A500031790120072393B000290CD0012924D0DB
:106A600002292ED0032904D12978042901D12B70C1
:106A7000002013B0F0BD01203071606800280DD0F7
:106A8000A1690B7060684860206988606069C860AF
:106A9000206A08621046FFF7C0FFEAE70620287068
:106AA000206968606069A86009E029780629E0D15A
:106AB0000220307104202870954820386860032037
:106AC000D7E729780429D4D1A08910280AD9103809
:106AD00080B2A081A1681023091805A86A6801F096
:106AE00012F923E010282FD0C2B21020801AA1681A
:106AF0000DAF1190C0190FF018FB11980006000E91
:106B000006D0401EC1B28020785438460FF06AFB90
:106B1000626910230DA909A801F0F5F8102309A94D
:106B200005A86A6801F0EFF80320307160680190F1
:106B300005A80290062069460870206A049029463C
:106B40006846FFF7BBFE94E710232269A168E2E7DD
:106B5000F0B50E460C4620363179012006278FB05D
:106B6000154600290BD0012932D0022905D12978F8
:106B7000042902D10820107000200FB0F0BD217D43
:106B800008A8CA07D20F02718807C10F08A80171AF
:106B90006846027041700722801CE1680FF0C5FA58
:106BA00002A80722013021690FF0BFFA6068059042
:106BB0000AA8069010236A46A16801F0A4F80120F3
:106BC000307168460774206A0890294604A820E0BE
:106BD00029780429D1D1062205A8E1690FF0A5FA88
:106BE00006A806220230A1690FF09FFA0020089043
:106BF0006068019009A80290102305AA696801F055
:106C000082F80220307168460770206A0490294695
:106C10006846FFF753FEB0E770B50D460C462035C9
:106C2000297901208CB01646002909D0012905D107
:106C30003178042902D10920107000200CB070BDF9
:106C40006068019006A802900822E1680FF06DFAD2
:106C5000082208A8A1680FF068FA01202871062010
:106C600069460870206A049031466846FFF726FEA0
:106C7000E4E770B50D460C462035297901208CB02B
:106C80001646002908D00129D8D131780429D5D158
:106C90000A2010700020D1E76068019006A80290D9
:106CA0000822A1680FF041FA002008900990012005
:106CB0002871062069460870206A049031466846AB
:106CC000FFF7FCFDBAE730B50B4620331C790120F5
:106CD0008BB0002C09D0012C05D11178042902D1E8
:106CE0000B20107000200BB030BD4868019005A843
:106CF00002908C6868462578057564784475CC6880
:106D0000257885756478C47500200690079001E0A9
:106D10002867010008900120187106236846037057
:106D2000086A049011466846FFF7C8FDDBE770B5B6
:106D30000C462034034625790120002D0AD0012D70
:106D400014D0022D05D111780A2902D10C2010701F
:106D5000002070BD01202071C868052202704A68B9
:106D60004260F84A8260921CC2600BE015780B2DDD
:106D7000EFD102202071C868042404705268426078
:106D80008A688260096A016201461846FFF745FE7B
:106D900070BD30B5011D02463132947803258379E8
:106DA000ED432C4323408371DB070DD04B7954799D
:106DB00023404B710B79127913400B718278C9789B
:106DC0008A4200D9817030BD00224A710A71F5E70C
:106DD000F7B50C4686B00020694626460870203676
:106DE000317901271E2015461F2977D24B007B449D
:106DF0009B885B009F441E0017023E0256026902F8
:106E000088029A02D102F5022E03590371037F030F
:106E1000AE03C303CC03F7031A0464049A04AB045F
:106E2000DF04FE0410052A0565059B05C6058305DC
:106E300087058B056069002802D0007813287DD073
:106E4000A0680590002849D0012168460170206A99
:106E500004900321684601710A214171E0690290A2
:106E600020790028EFD0059909780029E7D00C296E
:106E700064D20B000FF0C8FB0CFD1A4B90B5E8FC78
:106E8000FBFAF9F807FD022828D16069002802D032
:106E90000078082852D1022168460170206A0490C7
:106EA00005984178684601710021B9E20620216AFF
:106EB00006F005FB20790728E6D1606900F050FF55
:106EC00002280CD0606900F04BFF042807D06069ED
:106ED0000028B8D000780128D6D103E01BE2616910
:106EE0000120087005980079C11F0A2901D30A20E2
:106EF00050E06169072288706069059930300FF0B1
:106F000014F90120307161690320087034E007280A
:106F1000BAD16069002896D001780929B4D10599C1
:106F2000C978890707D1059949790029DFD10599E1
:106F300089790029DBD105994A7900E04EE20146C2
:106F400020314B7D9A43D2D1059A8B7D92799A4319
:106F5000CDD1059A1279D31F0A2BC8D20979914253
:106F600036D80722C01C05990FF0DFF801203071D8
:106F700061690A200870032069460870206A04903D
:106F80006069313001906069001D029060691C30B9
:106F90000390A1E22076F2E311288DD1606900F020
:106FA000DFFE042804D0606900F0DAFE0B2893D1DC
:106FB0006069059910223730491C0FF0B6F86069F6
:106FC000017804297CD12421095C8278914201D97D
:106FD0000620DFE70521017003203071684601704B
:106FE000E2E3112894D1606900F0BAFE062804D0CB
:106FF000606900F0B5FE0C288AD1E068002813D043
:107000002069002810D060690178062910D00D2170
:1070100001706069059910225730491C0FF085F8FE
:107020006069573009218CE100206946087072E1DF
:10703000072101706069059910224730491C0FF043
:1070400074F860694730EDE70228F0D1606900F01C
:1070500087FE0028EBD0606900F082FE0128E6D0B0
:10706000606900F07DFE05E0B1E08DE06CE02AE0B3
:107070000AE0D6E00828DAD00521684601710598B3
:1070800041786846417146E11128D0D160690028F5
:10709000CDD001780E29CAD1C16A4078022810D01B
:1070A0000020142250431430085805991022491C1E
:1070B0000FF03BF80520216A00F040FE0F205EE053
:1070C000F1E10120EDE70B28B1D160690028AED0D5
:1070D00001780F29ABD1C16A4078022826D0002060
:1070E000142250430C300958059842780A70807871
:1070F00048706069C16A4078022819D000201422C3
:1071000050431030085805990822C91C0FF00DF89B
:107110000520216A00F012FE60694178022909D039
:1071200000220832825C5208520073E00120D7E747
:107130000120E4E70122F4E7012100E00021083109
:107140004254BCE30267010011289CD16069002809
:1071500099D00178102996D1C16A4078022811D0BF
:107160000020142250431830085805991022491C59
:107170000EF0DBFF0520216A00F0E0FD11206169BF
:107180000870B4E30120ECE7082884D16069002886
:107190009DD00178112997D10599C06A497801706D
:1071A00060690599C06A0622401C891C0EF0BDFF6B
:1071B0000520216A00F0C2FD60694178022904D0EF
:1071C00000220832825CFD2323E00122F9E7112826
:1071D000BBD160690028BBD001781229B5D1C16A42
:1071E0004078022819D00020142250431C3008583F
:1071F00005991022491C0EF098FF0520216A00F025
:107200009DFD60694178022909D000220832825C24
:10721000FB231A40022991D18EE70120E4E70122E5
:10722000F4E70720B6E6287801288ED160696968FE
:1072300014221C30F9F7C8FF6069017F002901D0D2
:107240002176ACE30178032901D0032037E002273F
:10725000C77081794907490F8171017A4907490F40
:107260000172417A4907490F41726069FFF791FD48
:10727000377196E228780F28E3D107206946087015
:10728000216A049191680291694608716169072237
:10729000C91C02980EF049FF6169042008700020A3
:1072A0003071BBE028780328CBD1606901780529CB
:1072B000696807D0082247300EF037FF042030718C
:1072C00005206FE208225730F6E728780328B8D166
:1072D000606901780529696811D008224F300EF0E5
:1072E00024FF052030716069006A00280AD002205E
:1072F0002870002028716069006AA860F9E00822FF
:107300005F30ECE704204DE22878022899D12879F3
:10731000002801D0207642E36069A96801626069B3
:10732000002901D1F949016206200BE228780F28D3
:1073300087D1A868E0616069017805292BD04730C2
:1073400007213171E16802220A706269126A4A609B
:10735000886060693030C8606069C01C086162691B
:10736000087D926A400812784000D207D20F10437D
:1073700008756269926A521C8A61FD221040626936
:10738000D26A1278D207920F104308756069C06AFA
:10739000401CC86153E25730D2E728780828BAD198
:1073A0006069017805291AD00B2101700720694610
:1073B0000870206A0490E069029011200871029818
:1073C0000321017051681022401C0EF0AEFE002116
:1073D0006846FFF773FA00203071E06187E206210A
:1073E000E3E728780F2896D1072069460870206ABD
:1073F0000490A8680290112008710298042101707D
:1074000061690A78072A0ED0002232710C220A70B4
:1074100061691022401C47310EF087FE002168464A
:10742000FFF74CFA63E21022401C57310EF07DFE4C
:1074300000216846FFF742FA0A203071E168032014
:1074400008706069006A48606069573088606069E8
:107450004730F3E128780828A1D1606969681022D3
:1074600037300EF035FE002801D0042092E5606927
:107470000078072817D00A203071E16803200870CF
:107480006069006A486060695730886060694730A9
:10749000C860206A08620698FFF7BFFA074660696D
:1074A000FFF777FC6BE208207AE1287809289AD167
:1074B0000B20307161696868897810224018511A70
:1074C0000EF090FE082069460870206A04906868F3
:1074D000019060698078087268E129780D29BBD134
:1074E00061698979C90703D00C20307109203EE019
:1074F0003071032770E228780E28ADD1606914221C
:10750000291D1C30F9F760FE6069018DC06A417267
:10751000090A817260698178C06AC1716169CA6A49
:10752000081D117AC909C9011172437962691943A9
:107530008378D26A9B079B0F012B00D00023007930
:107540009B01C00003431943117260694078012810
:1075500076D0B4E160694178022901D0012100E0D0
:1075600000210831405CC00707D00E20EAE06946E0
:107570000870206A1146049019E11320B8E72878B2
:107580000F2894D1A868E0610F2030710520EEE744
:10759000287803288BD16069C16A4078022801D01D
:1075A000012000E000201422504310300858082227
:1075B00069680EF0BAFD10203071E168062022697A
:1075C00008706069406A48606069C36A4078022850
:1075D00001D0012000E00020142778431030185813
:1075E000CA6088602BE128780C2886D16069C26A5D
:1075F0004078022801D0012000E0002014214843F7
:107600000C30105802230932696800F07CFB11200D
:107610003071E168052008706069006A486060693F
:10762000C06A093088603948001F07E128780B28B4
:10763000A7D161694878CA6A022802D0012001E016
:1076400059E1002014235843143010588A7869688F
:107650000EF06BFD60694178C26A022901D00121F8
:1076600000E00021142359431431525881785018F6
:107670001022511A0EF0B6FD072069460870206AE4
:107680000490E069029011200871029806210170AF
:107690006169CA6A4978022901D0012100E000210C
:1076A00014235943143151581022401C0EF03DFD53
:1076B00000216846FFF702F90020E06112206FE028
:1076C00028780F2891D1072168460170206A04901C
:1076D000906802900B2268460271029801706169FD
:1076E000CA6A4978022901D0012100E0002114234F
:1076F00059430C3151580A78427049788170616958
:10770000CA6A4978022903D0012102E00867010012
:10771000002114235943103151580822C01C0EF087
:1077200004FD00216846FFF7C9F826E76069417843
:10773000022901D0012100E000210831405C8007CE
:1077400003D5142030710A2011E71620D0E62878DE
:107750000F287AD1A868E061072069460870206A7E
:107760000490E069029011200871029808210170CC
:107770006169CA6A4978022902D0012101E011E158
:10778000002114235943183151581022401C0EF087
:10779000CCFC00216846FFF791F80020E06115203D
:1077A00030710A2069460870206A049029466846AC
:1077B000FFF784F82BE028780F2846D10720694688
:1077C0000870206A0490906802900820087102985E
:1077D0000921017061690622C969097841706169EE
:1077E000801CC969491C0EF0A0FC00216846FFF707
:1077F00065F8AAE760694178022901D0012200E01A
:1078000000220832805C400703D51720C8E70746EE
:10781000B5E0012953D070E028780F2815D1A86869
:10782000E06118203071E168052008706069006A25
:1078300048606069C06A09308860F848C860206A9A
:1078400008620698FFF7E9F8E1E76FE028780B286F
:107850006CD16069C16A4078022801D0012000E043
:107860000020142250431C300858102269680EF082
:107870005CFC072069460870206A0490E069029069
:107880001120087102980A2101706169CA6A497859
:10789000022901D0012100E00021142359431C31A9
:1078A00051581022401C0EF040FC00216846FFF7A2
:1078B00005F80020E0616069407801281DD1192099
:1078C00016E660694278022A09D000210831411881
:1078D000097800290DD0CA0703D00E2106E0012146
:1078E000F4E7890701D5102100E01221017000277B
:1078F00072E0012A01D00D20FAE51C20F8E51D20D8
:1079000030710B2033E62978102948D1F0E5606901
:107910000178012943D0082941D00021317100F0BC
:1079200019FA0C2069460870206A049037E028781C
:107930000F2805D01020107003271B2030714BE05A
:10794000072168460170206A0490A868029002210D
:1079500068460171029805210170217E4170002165
:107960006846FEF7ABFF0B2168460170206A049061
:1079700029466846FEF7A2FF07461B203071012FFB
:107980000DD029E0012168460170206A049004218D
:1079900068460171217E41710020207612E0207E30
:1079A00000280FD06169132008701A2030710A2056
:1079B00069460870206A049029466846FEF77EFFF3
:1079C000074609E06069002801D01421017068466B
:1079D0000078002800D021E5384609B0F0BDF7B5A1
:1079E0000F4620373879012686B00C46002804D08F
:1079F000012828D002281CD197E02079012804D042
:107A0000022811D0032814D10AE0A0684078012888
:107A10000ED10620216A05F02CFD00287FD10CE054
:107A2000A1681320087008E0A0684178022901D0FD
:107A3000052674E00078082871D1012038710A20E9
:107A40006946087033E0089800780F2867D107214D
:107A500068460170206A049008988568029522792A
:107A60000220012A04D0022A29D0032A57D10FE08C
:107A70000646684606710B202870207B00214007CF
:107A8000400F68706846FEF719FFA068067045E071
:107A900006466846067105202870207B6870002124
:107AA0006846FEF70BFF3E710B2168460170206AA5
:107AB000049068460899FEF701FF06462FE06846E5
:107AC000017101202870207C6870607CC007C00FA5
:107AD000A870A07C4007400FE870E17C2971C007C6
:107AE0001FD0207D4007400F6871607D4007400F28
:107AF000A87100216846FEF7E1FEA068072229462A
:107B000030300EF012FBE068017AA068203001717D
:107B1000A16828798870A16809200870002630467D
:107B20005BE70020A8716871E3E7A1681420087082
:107B3000012168460170206A0490042168460171A1
:107B4000217B41710021FEF7B9FEE7E7F0B585B072
:107B50000F4605460124287B800040198038C66FF7
:107B60003078411E0A290AD22C498000323140184F
:107B70008038C36F3A463146284698470446002C61
:107B800001D0012C11D1287B401E0006000E287365
:107B900001D00324DFE70D2069460870306A0490A5
:107BA000002101966846FEF789FE032CD3D02046BB
:107BB00005B0F0BD70B515460A4604462946104684
:107BC000FFF7C4FF0646002C0FD0207814280CD1F4
:107BD000207E002806D000202870204629460C3040
:107BE000FFF7B4FF204600F0B5F8304670BD70478F
:107BF00010B5012903D0022901D0052010BD417024
:107C000000F0A8F8002010BD002809D0027E002A4C
:107C100006D00A4601460C31CCE700000667010099
:107C20000120704730B5044687B00D46062005F0A8
:107C300046FC2946052005F042FC2078142805D092
:107C40000020694608702046FFF7DEFF07B030BD10
:107C50007FB50E4600216A4611730178092903D0C9
:107C60000A2903D0002407E0446900E08468002C5E
:107C700002D0217E002912D0154601462846FEF783
:107C8000CCFE032809D1324629462046FFF792FF51
:107C90006946097B002900D0042004B070BD254648
:107CA0000C35EAE700B50023012285B005280CD089
:107CB000062808D1684602700491022101714371BF
:107CC0000021FEF7FBFD05B000BD6846027004917F
:107CD0000271F4E710B590B00C4605216A461170A8
:107CE000019022480290001D03900AA96846FFF700
:107CF000AFFF002805D1102220460B990EF015FA8F
:107D0000002010B010BD30B505E05B1EDBB2CC5CCE
:107D1000D55C6C40C454002BF7D130BD10B50024A5
:107D200009E00B78521E5B00234303700B78401C64
:107D3000DC09D2B2491C002AF3D110BD70B50C4643
:107D4000054605F0BCFB782300222146284605F0B5
:107D500011FB70BD4178012900D0082101707047E6
:107D6000002801D0007870470820704700670100A4
:107D700038B50446002069460870204609F053FDD6
:107D8000002803D1FBA1A3200EF04DFB204609F0F3
:107D900099FC002803D1F7A1A8200EF044FB684607
:107DA000007838BD70B5F84D002428462C77203077
:107DB0008471C47101F09AF928464038047020306B
:107DC0008473847484772C75AC7170BD10B50C46C7
:107DD000EE4982888A8042884A8000780870084686
:107DE0000E38847009F050FC08F0FDFFFFF7DAFF51
:107DF00020460BF013F8E449A8310846813809F011
:107E0000ADFEE2480CF021FBE0480A3808F0FEFF26
:107E1000002803D0D7A1C5200EF005FB01F066F9BC
:107E200010BD7CB50E461D46144601A909F008F8A0
:107E3000002807D10AF091FB022803D1D248007D27
:107E4000002801D001207CBD01988030807C09F0A1
:107E50004DFC00280CD0684609F052FC0028F2D0F6
:107E6000002C03D009F011FCA04206D200207CBDFA
:107E7000C0A1C7480EF0D7FAF8E7009809F0D8F883
:107E80003146009809F0DBF8E2B22946009809F083
:107E9000F0F909F045FC002804D1BD48B5A11E3019
:107EA0000EF0C1FAB94C00250E3C6068A030417953
:107EB000002902D045710BF0D8F860688030458306
:107EC000C0E730B40179002904D0012907D030BCC3
:107ED00000207047831D42880488022103E0428805
:107EE0000488831D0121204630BC9AE7F8B51D4661
:107EF00014460E4607460AF030FB022803D0A2487B
:107F0000007D002823D0A1480E3841684988398077
:107F100040688030807C09F069FD002804D153203E
:107F200094A1C0000EF07FFA684609F069FD0028B0
:107F30000DD0009809F0BAF83070022808D0012856
:107F400006D093488BA167300EF06DFA0020F8BD83
:107F50002946009809F0A4F92080002804D1552072
:107F600084A1C0000EF05FFA09F05DFD002804D185
:107F7000874880A160300EF056FA0120F8BD38B570
:107F80000446831D821C6946FFF7B0FF00280DD010
:107F90000020607168460078012808D0022806D0C9
:107FA000FF2074A101300EF03EFA012038BD20718F
:107FB000FBE7F8B50AF0D1FA744D734C0E3D022878
:107FC00002D0207D00287DD0207F0026102818D1E7
:107FD000A079002803D067A16E480EF024FA6868E3
:107FE00001464030827F92070BD526724988618115
:107FF000C17F2173018CE181408C20820120A0711E
:108000002677614F203FB87C00285ED168686946BA
:108010008030807C09F007FC002805D0694668782C
:1080200009784018687004E05A4852A119300EF0DF
:10803000FAF9207D00283AD06868418852484038D3
:10804000806D4088814204D00F204AA1C0010EF00B
:10805000EAF968688030807C09F0C8FC002804D107
:108060004C4844A124300EF0DEF909F0EEFC002863
:108070001DD068688030807CFFF77AFE69784018F0
:10808000687041484038806D4030417A01290DD1F7
:108090002670696849886180807A20710120B877EC
:1080A000207F102801D0282800D1267726756978EE
:1080B00000290AD06868428833484038C286018760
:1080C000012000E001E0B8746E700AF029FA00287F
:1080D00005D1207D002802D0A878FAF7F9F8F8BD7C
:1080E000F8B50446FFF765FF274D0026203DA87E22
:1080F000002808D0667010202070E87EA070287FCD
:10810000E070AE769AE0204F403F3878002808D0E3
:108110002C22B91C20460EF008F80E2020703E706C
:108120008CE0A87B184F002815D0387F102808D085
:10813000282806D0002804D0FF200EA1C2300EF05F
:1081400072F90120E070E87BA070287C60700F203D
:108150002070AE7372E00121204609F099FC0028DE
:108160001AD0387D002857D10021204609F090FC14
:10817000F8BD00007372635C6C6C5F6374726C2E8C
:1081800073302E630000000094090020720000206C
:108190004F02000062070000A97CF8480090F848F0
:1081A000002910D0017805290DD2491C0170667094
:1081B0000D202070012028750622A01C00990DF0CA
:1081C000B4FFAE743AE0EE480670B879002812D0D9
:1081D000387F002804D00120EA4940020EF023F93C
:1081E00066700120E54920700A221431A01C0DF0B0
:1081F0009CFFBE7122E020460CF083F800281DD1C0
:10820000A87C002802D0DE480178CEE7A87F0028AD
:1082100002D0387D002801D00020A9E7387F00284F
:1082200003D0D849D8480EF0FEF866700A202070B6
:1082300006223946A01C0DF078FFAE77012097E7A3
:108240004EE710B5CD4C343C2178002904D01321E1
:108250000E2000F052FF10BDC9490088091D08F02A
:10826000EFFD002801D0022007E0C5484068014624
:1082700020318A79012A02D00C20207105E00022E9
:108280002271097E21724088E080012060711321F3
:10829000E1700E21A170207010BDB84810B53438BF
:1082A0000178002904D024210E2000F026FF10BD03
:1082B000012101702422C2700C220271417110BD93
:1082C00070B5AE4C0546343C2078002804D03E21E1
:1082D0000E2000F012FF70BD0AF03FF9002808D10F
:1082E0000AF03EF9002804D1A4480C30007F002891
:1082F00001D00C2003E0287809F033FD0020207124
:10830000012060713E21E170207070BD9B4810B566
:1083100034380178002904D03C210E2000F0EDFE15
:1083200010BD00210171012141713C22C270017018
:1083300010BDF8B5914C343C2078002804D03B2186
:108340000E2000F0DAFE13E70020A0710AF005F914
:108350008A4E01250C36022802D0307D002840D0FC
:10836000874F694678688030807C09F073FA00286E
:1083700003D1844985480EF056F8307D002806D098
:10838000A06D4030407A002801D0012600E0002690
:1083900078688030807C09F029FB002804D17B4874
:1083A000784908300EF03FF809F04FFB684031463D
:1083B000014316D07968FD2249882181217E400041
:1083C000490849003143114001432176684600784D
:1083D000002802D00420014301E0FB200140217667
:1083E000A5710020207165713B20E0702570BFE60B
:1083F00010B5624C343C2078002804D00E21084689
:1084000000F07BFE10BD5E4906220831A01D0DF074
:108410008CFE00202071012060710E21E17020701F
:1084200010BD70B5554C0546343C2078002804D06A
:1084300038210E2000F061FE70BD50480C30007FE6
:10844000002807D00C202071012060713821E170D4
:10845000207070BD287809F072FC28780CF05BF968
:108460000020F0E770B5454D0446343D28780028DB
:1084700004D037210E2000F040FE70BD3F480C3084
:10848000007F002801D00C200AE03D4E2188706852
:108490004088884203D10AF060F8022807D0022001
:1084A0002871012068713721E970287070BD7168EA
:1084B0007F2020310876487600208876A2788A715D
:1084C000E278CA7122790A72EAE710B52B4C343C83
:1084D0002078002804D039210E2000F00EFE10BDB7
:1084E0000AF03BF8032808D00AF03AF8032804D031
:1084F00022480C30007F002801D00C2003E01F49E7
:1085000000202C31C8712071012060713921E17087
:10851000207010BD70B5194C0646343C20780028F8
:1085200004D03A210E2000F0E8FD70BD0AF015F8E5
:10853000032808D00AF014F8032804D00F480C30A0
:10854000007F002801D00C2011E00C4D2C35E8797B
:1085500008280BD20001001910223146683000F0C3
:10856000D6FDE879401CE871002000E0072020716A
:10857000012060713A21E170207070BD88090020EF
:108580006400002074810000210200001708000030
:10859000F8B5FA4E04463078002804D03D210E206C
:1085A00000F0ABFDE4E5F5484030007F002801D045
:1085B0000C2034E0F24D218868684088884203D15D
:1085C00009F0CBFF022801D0022028E06F68648800
:1085D000FD883A896800B988401C844218D3E9486C
:1085E00041431046E84A50430DF019FE401EFF215A
:1085F00080B2F531884200D90846844200D2204634
:10860000691C401C0DF00BFE6D1C6843401E85B2BA
:10861000E620C05D002800D1BD84F58000203071C7
:10862000012070713D21F1703070A1E5F8B5D34C97
:1086300005462078002804D035210E2000F05DFD8D
:1086400096E5CE484030007F002801D00C2016E08F
:10865000A878002801D0012804D1A888FF21F5318D
:10866000884201D912200AE0C54F298878684088DD
:10867000884203D109F071FF022807D0022020713F
:10868000012060713521E170207071E57968002664
:108690000846C0310E70AA884A800122A0300271BB
:1086A000AA78012A00D000220A704079002801D05F
:1086B0000AF0DBFC2671E3E770B5B04C0546207884
:1086C000002804D030210E2000F017FD55E709F0F6
:1086D00044FF002804D1A9484030007F002801D081
:1086E0000C2003E028780AF0E0FB00202071012034
:1086F00060713021E17020703FE770B59F4C0546F6
:108700002078002804D033210E2000F0F6FC34E756
:1087100009F023FF002804D198484030007F00284A
:1087200001D00C2018E02978002911D00A290FD097
:1087300014290DD01E290BD0282909D0322907D0A1
:108740004B2905D0642903D0FF2901D0122003E072
:1087500028460AF023FC002020710120607133219B
:10876000E170207009E770B5844C06462078251D1D
:10877000002804D032210E2000F0BFFCFDE6314677
:10878000002009F0AEFA2870002805D17C480622A6
:10879000314608300DF0C9FC012060713221E170D2
:1087A0002070EAE670B5754C2178002904D031219B
:1087B0000E2000F0A2FCE0E600214156012504292C
:1087C00012D0002910D0081D0ED0001D0CD0001DA5
:1087D0000AD0001D08D0001D06D00A3004D00A308F
:1087E00002D01220207103E0084606F079FD657181
:1087F0003120E0702570C0E6FEB5604C0746207859
:10880000002804D025210E2000F077FCFEBD38881A
:10881000694608F015FB594D01460020083500292E
:1088200004D002212171286028710FE00098009E79
:108830000A30019060360020B07105222846019967
:108840000DF073FCB0790028F5D13888E0800E2057
:10885000A0702520E070012060712070FEBD10B571
:10886000464C2078002804D005210E2000F045FC5D
:1088700010BD0020207108F008FFE08008F0D1FF53
:108880002072012060710521E170207010BDF1B5EA
:108890003A4C2034A07B002804D010210F2000F097
:1088A0002CFC65E4354D4035A8790C2610270028AE
:1088B00016D1287F002813D109F04FFE022824D1B9
:1088C0002F4800994068098842888A421DD1014694
:1088D000C0310A7A002A05D04030807F80070DD44D
:1088E000E6730EE05E22125C920707D406220A723B
:1088F000A0304079002801D00AF0B7FB2F77002084
:10890000E07327740120A07332E40220F8E710B569
:108910001A480178002904D00F210E2000F0EDFB49
:1089200010BD00210171FF2181710021C943018126
:1089300013490E310A7882728A8882814988C181FE
:10894000012141710E2282700F22C270017010BD90
:1089500010B50A4C2078002804D02B210E2000F0FE
:10896000CCFB10BD0821A01D04F024FB00202071C9
:10897000012060712B21E170207010BD540900208E
:1089800064000020C40900001027000070B5FA4DF3
:1089900004462878002804D02A210E2000F0ADFBE0
:1089A000EBE5F54810222146303800F0B0FBF248E4
:1089B0001022A118203800F0AAFBEF4830380CF044
:1089C000BCFBED49102210392C46A81D00F09FFB7E
:1089D000002020710E20A0702A20E070012060711C
:1089E0002070CAE5F8B50546E348E34C40300090F6
:1089F000007F0C2628272034002801D0E6733EE0B3
:108A0000A07B002804D028210F2000F076FB04E48E
:108A1000A87805280DD013280BD0142809D01528C4
:108A200007D01A2805D0292803D03D2801D03B289B
:108A300003D12888D149884201D912201EE009F0CB
:108A40008CFD0228DAD1CE482A88406841889142BC
:108A500013D10146C0310A79002ACFD1AA784A71D0
:108A600001220A710099A0300F770021E17340794B
:108A7000002804D00AF0F9FA01E00220E07327741C
:108A80000120A0735FE4F8B5BB4F064638783D1D62
:108A9000002804D017210E2000F02FFB53E43146AC
:108AA000012009F01EF901242870002807D1B248DE
:108AB00006226030314605460DF037FBAC717C7103
:108AC0001720F8703C703EE470B5AB4C0646207839
:108AD000002804D00B210E2000F00FFB4DE509F01B
:108AE0003CFD032808D009F03BFD032804D0A24830
:108AF0004030007F002801D00C2016E03378002B96
:108B000003D0012B01D012200FE09B4DE035297AD4
:108B1000082909D22846721C0C3006F097FB287AE7
:108B2000401C2872002000E00720207101206071A5
:108B30000B21E170207020E510B58F4C20780028C3
:108B400004D00A210E2000F0D8FA16E709F005FD3E
:108B5000032808D009F004FD032804D086484030DB
:108B6000007F002801D00C2002E000F0BFFA0020B6
:108B70002071012060710A21E1702070FDE610B5BE
:108B80000AF032F9002803D07E497F480DF04BFCF3
:108B900008F04BFD0BF051FC002804D01720794958
:108BA00040010DF040FC08F0ACFF002804D0B920D3
:108BB000744980000DF037FC00F098FAFFF7F2F8E6
:108BC0006D4800210171012141710222C2700170C2
:108BD000D3E610B5684C2178002904D020210E205E
:108BE00000F08BFAC9E601781F290ED8411C0CD081
:108BF000002121710278411C104609F08FF80120F4
:108C000060712021E1702070B7E612202071F6E734
:108C1000F8B5594C2178002904D01B210E2000F012
:108C20006CFABFE401216171534E0C212171403671
:108C3000317F00296FD10078514F0025012804D0E1
:108C400000284AD01220207165E009F086FC002837
:108C500003D109F085FC002804D009F07EFC02282D
:108C600022D058E008F08FFF002854D0307D002833
:108C700051D1786801224580032108F0B4FB78685F
:108C800009F05AF97868923008F001FD002803D104
:108C90003C493E480DF0C7FB0AF00BF9002839D0DB
:108CA00085203849C00015E009F05AFC002832D16F
:108CB000707F00282FD001282DD004282BD008F059
:108CC00062FF002827D00AF0F4F8002822D02F48AD
:108CD0002C4918300DF0A7FB1CE009F03EFC0328DE
:108CE00004D009F03DFC03280FD014E000200AF066
:108CF00005F800280FD12571307D00280BD1786848
:108D00008030807CFFF734F805E0002009F0F6FFA2
:108D1000002800D125711B20E0700120207041E463
:108D200010B5154C2178002904D01A210E2000F02E
:108D3000E4F922E601781F290ED8411C0CD000214D
:108D400021710278411C104608F0FDFF012060717E
:108D50001A21E170207010E612202071F6E770B53C
:108D6000054E044630780C25002811D018210E201D
:108D700000F0C3F9AAE4000054090020FF0E00002F
:108D80006400002074810000D3020000240400006D
:108D900009F0E3FB03285AD009F0E2FB032856D080
:108DA000E14A107F002852D16079002801D00128C3
:108DB0002DD1A079002801D0012828D1A07B00283E
:108DC00005D0012803D0022801D003281FD1607BE1
:108DD00000281CD0C0081AD161880120800381427C
:108DE00002D82388834203D9207901280FD119E0C2
:108DF0002079002806D0012814D0022805D00328A5
:108E000005D102E020290BD30CE0A02B0AD2207957
:108E1000042805D12088202802D36188884201D9FE
:108E2000122514E0207950776079002802D00128BB
:108E300003D00CE0BD4A002105E0BB4A2032907906
:108E4000002804D00121204608F0CEFE054601206E
:108E5000357170711821F170307037E470B5B24C13
:108E60000546403C2078002804D02E210E2000F03A
:108E700044F92BE409F071FB0C22022815D1AA4811
:108E8000007F002811D1A9482B88083841684888FC
:108E900083421AD10846C030037A002B05D1203115
:108EA000C97E0F2903D0102901D0227103E00521CA
:108EB0000172002020710E20A0702E20E070288802
:108EC000E08001206071207016E40220F2E770B5A6
:108ED000954C0546403C2078002804D02D210E20DA
:108EE00000F00BF908E409F038FB0C21022814D13A
:108EF0008D48007F002810D18C4E2A88083E70686B
:108F000043889A4220D1C822125C002A05D13B2214
:108F1000125C0F2A03D0102A01D021710AE010221E
:108F2000A91CD6300DF001F970680421C03001721F
:108F3000002020710E20A0702D20E0702888E08095
:108F40000120607120700DE40220F2E710B5017875
:108F50000B000DF059FB3F9E9E399E9E599E9E9E92
:108F60009E3C3F9E9E8752559E9E999E9E9E432963
:108F70009E2D319E9E9E9E359E9E9E955C9E9E47FA
:108F80009E4B4F9E21259E6C6064689E709E7F83E1
:108F90007C788A8D74919E00801CFFF798FF76E0A4
:108FA000801CFFF75BFF72E0801CFFF7D8FE6EE0CD
:108FB000801CFFF7B5FE6AE0801CFFF729FE66E023
:108FC000801CFFF706FE62E0FFF7D9FD5FE0FFF7C8
:108FD000B3FD5CE0801CFFF777FD58E0801CFFF7D5
:108FE00052FD54E0801CFFF7FDFC50E0801CFFF7B1
:108FF000CDFC4CE0FFF7ACFC49E0FFF788FC46E015
:10900000801CFFF744FC42E0FFF729FC3FE0801C96
:10901000FFF7F2FB3BE0801CFFF7C4FB37E0801C4E
:10902000FFF7A1FB33E0801CFFF767FB2FE0801CFC
:10903000FFF742FB2BE0801CFFF7F8FA27E0801CCB
:10904000FFF7A6FA23E0801CFFF764FA1FE0FFF7A2
:109050003CFA1CE0801CFFF705FA18E0801CFFF7C3
:10906000E0F914E0FFF7C4F911E0FFF762F90EE050
:10907000801CFFF74BF90AE0801CFFF721F906E09E
:10908000801CFFF70AF902E0801CFFF7DAF80120E4
:1090900073E4002071E470B52349244C054640393F
:1090A000083C0A460126403260682B000DF0ACFAFD
:1090B00005171A1A04171A000122002108F093F963
:1090C000616800220846C0310A724A7209F067FFDF
:1090D000002803D016A11B480DF0A5F960E4167511
:1090E00088655DE4174812A13330F5E70E4900208A
:1090F000C031C8612039087270470B4A203A937E0C
:10910000002B03D1D076117701209076704730B5CF
:10911000134606E0CC18203CE47FD51A44555B1E6C
:10912000DBB2002BF6D130BD940900206C0000208A
:109130007372635C6C6C5F6374726C2E73302E633D
:10914000000000005108000070B5FD4D040008D07B
:10915000012C10D0022C07D0032C05D0F9A17020CF
:1091600007E0F8A1672004E02878012803D0F5A1E2
:109170006D200DF058F92C7070BD70B5F04D04469F
:1091800010280AD0112C16D028468178122C07D02E
:10919000132C0AD0EBA19F200BE0EAA1942008E059
:1091A000112908D0E7A1992003E0112903D0E5A1F6
:1091B0009C200DF038F9AC7070BD10B5E04894B04B
:1091C000007B002819D0172069460870DC4900A8E8
:1091D00006220D3102300CF0A8FF09A96846F9F704
:1091E000C2FE0446112805D0002C03D0D5A1BB2017
:1091F0000DF019F9204614B010BD3220E4E710B587
:1092000001220023114603F0B5FC10BDFFB595B057
:109210001D460E460746FFF7F2FF04000AD02078ED
:10922000222804D3A07F8006C00FA84204D10820C2
:1092300019B0F0BDC748FBE7372168460170478089
:10924000002D05D00121017146711799817102E04D
:1092500000206946087109A96846F9F784FEA07FD5
:10926000DF21084069010843A0770020E0E770B5DE
:109270000446084620380D4603000DF0C5F90A06DD
:109280000A11232C334249505761FF20ADA1083009
:1092900052E02078202851D1FF20AAA10B304BE0CA
:1092A000A7480178032949D08078132846D0207830
:1092B000242843D0252841D023283FD0FF20A1A136
:1092C0000E3039E02078222838D0232836D8FF20E5
:1092D0009CA1153030E0207822282FD0FF2099A1C2
:1092E000193029E02078222828D0242826D02628C2
:1092F00024D0272822D0292820D0FF2091A11C305B
:109300001AE02078252819D0FF208EA1233013E001
:109310002078252812D0FF208AA126300CE0207862
:1093200025280BD0FF2087A1293005E020782828A8
:1093300004D0FF2083A12C300DF075F8257070BD8E
:10934000FF2080A12F30F7E730B5834C0B88834A8C
:10935000022801D0934204D09D1FA54225D20228A5
:1093600002D04D88954203D04D88AD1FA5421CD236
:109370004C88A34219D88B88FF25F435AB4214D80A
:10938000022802D0C888904205D0C888724D0A3899
:109390002D1FA84209D2C888904208D0944206D016
:1093A0005B1C63438000834201DB072030BD00204B
:1093B00030BDF0B56A49884245D36A4A0125AD04FB
:1093C0001368A84201D398423DD30279002A06D0FF
:1093D000082A02D8067B082E05D90720F0BD047B99
:1093E000002CFAD0F6E7002A06D004688C422AD373
:1093F000AC4201D39C4226D3002E06D084688C4216
:1094000021D3AC4201D39C421DD300240CE005685B
:10941000A700ED598D4216D30127BF04BD4201D3E9
:109420009D4210D3641CE4B2A242F0D80022012570
:10943000AD040CE084689700E4598C4203D3AC423D
:1094400003D39C4201D21020F0BD521CD2B29642EE
:10945000F0D80020F0BDFFB50022099B002802D003
:10946000994205DC58E0002902D1002004B0F0BD8B
:109470000920FBE7845C002C12D087187D78112D21
:1094800043D010DC2B000DF0BFF80A401726262C25
:109490002C2E2E363640835C002B30D1521CD2B29B
:1094A0008A42F8DBE1E71C2D2FDA123D2B000DF08C
:1094B000ABF8042C2C121A2C022CD9D1BB78039CAB
:1094C000072B237001D25B0701D40A20CEE7029B51
:1094D00001241B7816E0E343DB0708E0012C08D0E9
:1094E00013E00620C2E70F2523072D075B19002B89
:1094F000F4D03046BAE7029B1B789C0701D50B20BD
:10950000B4E702242343029C2370835C521C9A1804
:10951000D2B28A4202DDABE7192676028A42A9DB83
:10952000A3E710B504780B46002C1FD001210E4A8A
:10953000012C1ED0022C22D0032C2AD125E00000C1
:10954000740A00207372635C6761705F636F726599
:109550002E630000023000007B0C0000FFFF0000C3
:109560000080010028000020023200000021197054
:1095700011E019708179890903290AD10BE019706A
:1095800081798909012904D105E019708179890956
:1095900001D0104610BD411C0622581C0CF0C5FD20
:1095A000002010BD08B51346002806D0FEA00068B4
:1095B000009048796A468009105C18700622581C91
:1095C0000CF0B3FD08BD30B50C46097895B02229E2
:1095D00002D2082015B030BD282369460B704880A0
:1095E000132A03D03B2A01D00720F3E708460A716B
:1095F00009A9F9F7B8FC050003D121212046FFF79E
:1096000036FE2846E6E700B595B0232369460B7081
:109610004880108888805088C880D0884881908889
:10962000088100208881C88109A96846F9F79BFC58
:1096300015B000BD70B50C00064610D0FFF7DFFD79
:10964000050003D1D949DA480CF0EDFEA68028893F
:10965000E0802889208168896081A889A08170BD07
:1096600070B50E46050003D00021092003F027FF46
:109670000120D04C022E207324D0032E04D0CC48DD
:10968000CA491E300CF0CFFECA4806210D3003F047
:1096900091FCA07C8006800EA074FFF78EFDA08B4D
:1096A00000280ED0002D0CD08300012200210920BB
:1096B00003F060FE092804D0BD48BC4928300CF0F6
:1096C000B2FE70BDBB480321103003F073FCA07CD8
:1096D00040218006800E0843A074B6480C3002F08A
:1096E00015F9DAE77FB501A9012003F0C3FA0028D4
:1096F00004D0AF48AD4967300CF095FEAE4E01A8DE
:1097000003F0C6FA050002D0052D4CD048E0029CBB
:10971000A07F01072CD520462230009068462346C2
:10972000628E80882146343301F07BFA0546A07FA3
:10973000F7210840A077002D05D0B5422FD09C48D6
:109740009A49783029E0E17F480889074000C90F2D
:1097500008432021095D4007400FC9000843E07716
:10976000207828281CD129212046FFF780FD17E00A
:109770004007C4D568462246808821460E32FFF74E
:1097800042FF0546A07FFB210840A077002D07D0AF
:10979000B54204D08648854992300CF044FE00253D
:1097A000284604B070BD0020FBE7F8B5040004D1E2
:1097B000ED207E4980000CF036FE7220207060683B
:1097C00008250178091F0B000CF01EFF11F90A3D56
:1097D0005FF83D0EF8F83E3D3D3D3DF986F93D0010
:1097E00073487249AA3074E087883846FFF707FD4E
:1097F000060004D16E486D49B2300CF014FE60785A
:109800000421284360706B4CA07F0843A07721217E
:109810003046FFF72CFDB07F8007800F012801D173
:10982000801EA080384602F057FE3846FBF72AFE1D
:109830003846FAF7C6F93946022003F040FEB07FF9
:10984000EF210840B077F8BD86883046FFF7D7FC97
:10985000002804D156485549D0300CF0E4FD60682A
:109860008078012804D052485049D2300CF0DBFDFA
:1098700060688179304602F04EFF0028E3D06178BD
:10988000294361706168C880F8BD87883846FFF752
:10989000B6FC060004D146484449E3300CF0C3FD51
:1098A00060783946284360706068C088308160689D
:1098B0000089708160684089B081022003F0FFFD5B
:1098C0000020B075FFF70EFF0028DDD001203749DA
:1098D00080020CF0A8FDF8BD80783C2815D0002748
:1098E000022815D00026002804D031482F49F8302E
:1098F0000CF099FD0021084603F0E1FD002107204E
:1099000003F0DDFD002E05D046E001270026F1E73B
:109910000126EAE76078284360702648817F294362
:109920008177002F38D160688688304601F055F87D
:109930000546807F6168800889798000012900D010
:1099400002210843A87760680622C08A28816068DF
:10995000008B68816068408BA8816068C079E87579
:1099600061682846183008310CF0DFFB6068062279
:10997000807B68706168A81C0F310CF0D6FBA87F53
:109980008107890F304602F090FDA87F8007800F85
:10999000012801D10748868006480178032913D0A1
:1099A0008078132814D00BE00302FF0144950000D7
:1099B00013030000740A0020023000000CE00FE0E6
:1099C000FF20FCA1453084E70120FFF7BDFBF8BD77
:1099D0001120FFF7D2FBF8BD204601F02AFCF8BDAC
:1099E000607828436070F8BDF7B505460078002719
:1099F00000090C463E4601287ED00022F14902288B
:109A00007BD0072804D00A2878D0EAA1EE482DE1BF
:109A1000686803780D2B31D006DC042B6FD0072B40
:109A200036D00A2B6AD106E0122B38D0132B40D047
:109A3000142BF7D1B2E011270726002C72D08088B2
:109A4000A0806968FB238979A171E04905468A7F76
:109A50001A408A77032103F0C5F80421284603F051
:109A6000C1F80021284603F0BDF80221284603F082
:109A7000B9F80121284603F0B5F8F9E001270926D5
:109A8000002CDBD08088A080686880792072EFE0AD
:109A900012270E2680882146FFF7CCFDE8E01A2722
:109AA0000726002CCAD04088A08068680079A07181
:109AB000DEE081783C2936D010271E26002CBDD050
:109AC0008088A0806868C08A20836868C08AE08235
:109AD0006868008B60836868408BA0836968207D1C
:109AE000497F4008C9074000C90F084320756968CD
:109AF000C007C00F497F03E05FE08AE0ADE01CE0F3
:109B000049084900084320756968A21DC8790831D1
:109B1000FFF748FD69682246887B0D320F31FFF759
:109B200041FD05E074E019270726002C70D0A271D2
:109B3000A648F722817F11407DE01B272E26002CAE
:109B400066D0A1806968A21D0879491DFFF72AFD2A
:109B500068682030C07A60736868C0780428A07B89
:109B600019D040084000A073F921084069681F22FD
:109B7000C9788907490F0843A07369684007C97A03
:109B8000400FC9000843A073696820460F300C31AC
:109B90000CF0CBFA6CE001210843E4E71E270E2607
:109BA000002C6DD0A1806868E21D407AA0716968C0
:109BB0008878C91CFFF7F6FC5AE0287A012805D0FE
:109BC000022815D080487BA132384FE01D270E2691
:109BD000002C55D06888A080A889E080E889208181
:109BE000288A6081688AA0817848DF22817FA2E785
:109BF00012270E266888FFF71DFD002C40D06878DC
:109C00004007400F032833D17048FD22817F92E73F
:109C100036E0287A03000CF0F7FC06041010202030
:109C2000202619270726002C2AD0A1806748A27178
:109C3000817F4908490081771AE019270726002CFF
:109C40001ED0A180287A012805D00320A0715F488A
:109C5000EF22817F6FE70220F8E721462846029A2B
:109C600001F04BFCFEBD532052A100010CF0DBFBC8
:109C70000298002C068001D0278066800020FEBD5F
:109C800002980680FAE710B5504894B080781328FF
:109C900002D0082014B010BD22206946087009A91E
:109CA0006846F9F760F904460021072003F007FC35
:109CB0002046EFE700B5454895B08078122801D0DE
:109CC0000820B5E41E216846017000218170C17032
:109CD00009A9F9F748F90028F3D10021072003F07A
:109CE000EEFB1120FFF749FA0020A1E400B5374848
:109CF00095B00078022801D0032818D11B2108A8AC
:109D000001730021817369460BA8F9F72CF900282B
:109D100004D1684640781B2801D0032088E4002144
:109D2000084603F0CCFB68468078002801D0082064
:109D30007EE40120FFF708FA002079E4F8B5234C0F
:109D400003000CF061FC0A068017808080804B3590
:109D50006E80FFF7CBFF00282AD1F7F7E9FD002836
:109D600026D02221017000210172F7F7C2FDA07FE9
:109D7000012152E08EB23046FFF741FA050004D1CE
:109D800011480CA12E300CF04EFB287821280FD062
:109D9000F7F7CEFD00281BD01221017002270772B1
:109DA00046800020A875F7F7A4FDA07F3843A07770
:109DB000F8BD00007372635C6761705F636F72650A
:109DC0002E630000FFFF000036050000740A00202B
:109DD000132229463046FFF7F6FBE9E7A578122D56
:109DE00006D0132D07D0FA49FA480CF01CFBDFE728
:109DF000FFF760FF01E0FFF746FF0028D8D1F7F733
:109E000097FD0028D4D022210170122D07D0022105
:109E10000172F7F76EFDA07F10210843C7E701210B
:109E2000F6E7A07C810901290BD0800904D0E9481C
:109E3000E74922300CF0F7FA03210020FFF710FC6D
:109E4000B6E70221F9E7E348E1492930CDE7F7B564
:109E500014460D0004D1DF48DD4931300CF0E3FA3F
:109E600028780827012807D002281FD0D948D849C8
:109E700062300CF0D8FAFEBD0098FFF7C0F906007A
:109E800004D1D448D24938300CF0CDFA0220B07554
:109E90001030207060783843607007CD083407C4F4
:109EA000CD482022817F11438177FEBD0098FFF7C6
:109EB000A6F9060004D1C748C54946300CF0B3FAEC
:109EC000A988C648814208D1EA88824205D1132276
:109ED00031460098FFF777FBFEBD814202D1E8884A
:109EE000002809D01220207060783843607007CDB8
:109EF000083407C4002006E07823002202200099DD
:109F000003F038FA0120B075FEBDB34840897047B0
:109F1000FFB591B01498F8F721FF00285DD1012416
:109F2000684603218471C9028180002201A920466C
:109F3000FAF719F9002850D16846152184714902B1
:109F4000818000261C2102A800960CF04DF901200A
:109F50000146684610310170002001466846417094
:109F60008178F9273940891C21438170017A0225C3
:109F70002943017212998186C6861F2101870C90A0
:109F800011980F9001A80B9009AA0BA902A8F9F744
:109F9000B5FE002821D168468F4E808CF08068463F
:109FA00084718F498180807809AA3840801C4108DB
:109FB0004900684681708586058713A80F900BA914
:109FC00002A8F9F79BFE002807D16846808C3081F3
:109FD00031460A311498F8F7D4FE15B0F0BD30B50B
:109FE0000C46804995B08C4241D37F4901229204AE
:109FF0000968944201D38C4239D3203800220125CC
:10A0000003000CF001FB06042F494D535C64002152
:10A01000082003F02EFA002802D0112015B030BD20
:10A0200024206946087000A80522A11C02300CF00B
:10A030007CF809A96846F8F796FF050002D0082DBC
:10A040000ED031E0082300221146184603F092F9A1
:10A05000082829D05F485E49D6300CF0E4F923E0A7
:10A060000620DBE76068002803D0884201D2102078
:10A07000D4E73D2168460170218841806188818054
:10A0800009A9F8F770FF05000ED1606800280BD011
:10A090006946098D018007E0206801F079FC02E043
:10A0A000204600F0D8FC05462846B7E73E2007E0EA
:10A0B000857000E0827009A9F8F755FFF3E73420B6
:10A0C000694608702078C0076846F3D0F0E707209B
:10A0D000A4E730B50C46444995B009688C4201D2DA
:10A0E00010209BE7203803000CF08EFA0504212194
:10A0F000232132002088FFF782F8002804D000785E
:10A10000222803D2082089E7384887E725216846B6
:10A1100001702188418009A9F8F725FF050015D1B4
:10A120000AA905220231A01C0BF0FFFF0EE0062554
:10A130000CE02068002805D0884201D2102505E0F7
:10A1400001F01BFC24480025808BA080284665E791
:10A15000072063E720481330704710B520211E48C0
:10A160000CF040F80120FEF7EFFF1120FFF705F893
:10A1700000211948C943818000218176E1218900AD
:10A18000818301460C300D310446F7F751FC12482B
:10A190000722214613300BF0C8FFFFF70EF8002806
:10A1A00003D00B4912480CF03EF900F0D5FF10BD6A
:10A1B00010B504463C210CF015F8A07F8008800003
:10A1C000A077202020700020A0752034607010BD82
:10A1D000B49D00008C050000740A0020FFFF000001
:10A1E000012A000000800100280000200230000049
:10A1F000FB0600007047FEB50546FF480C4681424D
:10A2000007D301208004844205D3FC4800688442BF
:10A2100001D21020FEBD002D02D0012D32D126E04A
:10A22000F74908220F4668460BF07FFF3946204663
:10A23000FFF777F90028EDD1FEF7BFFF060006D043
:10A240000722694638460BF070FF3046FEBD207885
:10A25000002801D0012805D1E94807223946C01D50
:10A260000BF063FF0021092003F029F90FE00978C2
:10A27000002907D0012905D0022905D0032903D0E0
:10A28000E048FEBD0720FEBD0120FFF7E9F9DC48EC
:10A290000C3885760020FEBD10B5D8490968884283
:10A2A00001D2102093E7D64902460C390B7B0D31C1
:10A2B0001846FFF777F9002089E7FFB599B0054602
:10A2C000002069460871087208A9087408751446C8
:10A2D000CA480122C849920400681E46002D05D0D4
:10A2E0008D420BD3954201D3854207D3002C08D071
:10A2F0008C4203D3944204D3844202D210201DB076
:10A30000F0BD2846204318D01F270CAB01AA0097A8
:10A3100028461A99FFF79FF80028F0D10DAB02AA42
:10A32000314620460097FFF796F80028E7D16846A7
:10A33000007AC10703D00A20E1E70720DFE78007A2
:10A3400005D568460079800701D50B20D7E703AF14
:10A35000002D0FD01A20694608731A988873294671
:10A36000F81C1A9A0BF0E1FE0EA903A8F8F7FBFD02
:10A370000028C4D1002C0ED02021684601738673BA
:10A3800032462146F81C0BF0D0FE0EA903A8F8F7C0
:10A39000EAFD0028B3D19A4908A8007C0C3948701E
:10A3A0000020ACE770B504460A2020700D46204618
:10A3B000F8F7D9FD002805D139202070294620461C
:10A3C000F8F7D1FD70BDF7B500260C4605460B2702
:10A3D0001AE02968B00009580978002903D001293A
:10A3E00001D00720FEBDA170296806220958E01C93
:10A3F000491C0BF09AFE277020460299F8F7B3FD2E
:10A400000028EFD1761CF6B22879B042E1D80026B8
:10A410003A270FE0A868B10041581022A01C0BF0A9
:10A4200084FE277020460299F8F79DFD0028D9D1B7
:10A43000761CF6B2287BB042ECD80020FEBDF0B509
:10A44000044671A003C897B06B4B00271591149078
:10A450009C4211D369480125AD040268AC4201D386
:10A46000944209D32078012809D16168994203D325
:10A47000A94204D3914202D2102017B0F0BD604926
:10A480000C390A78012A0CD18A88614B9A4203D090
:10A49000002806D0012804D08A7F13079B0F06D11D
:10A4A00001E00820E9E7D30701D1910701D5112088
:10A4B000E3E7218A574B0A46203A9A4207D30128FC
:10A4C00075D1002973D1628A002A70D111E0022867
:10A4D00001D0032801D1A02969D3012809D0484A15
:10A4E0000C3A5278D20704D0628A002A5FD0B42A8C
:10A4F0005DD8002806D0012808D0022804D00328FF
:10A5000055D117E0002518E0022516E0002902D1F8
:10A51000608A00280CD004256068007800280CD0E0
:10A52000012809D0022807D0032805D03548A4E720
:10A530000125F1E7032500E00127207A002806D055
:10A54000012806D0022806D003287CD105E0002689
:10A5500004E0012602E0022600E00326002D01D0DF
:10A56000022D14D1002E12D0E068FEF722FF002841
:10A5700083D123480C384078800702D02148401E00
:10A580007BE7022D03D1022E5DD0032E5BD0182174
:10A5900068460170218A4180218A8180857118482E
:10A5A0000C38007B002803D001286FD104E04AE07A
:10A5B00000216846C17102E001206946C871684601
:10A5C000077221780930012937D006210BF00AFEE5
:10A5D00069460E74207D8207C107D20F4007C90F5C
:10A5E0005200C00F11438000014314A8405C69462B
:10A5F000C873002827D00FE0008001002800002049
:10A60000800A002002320000070605040302010050
:10A61000FFFF0000E13F000009A96846F8F7A3FC2E
:10A62000002884D109A96846FFF7BCFE0028A7D1FD
:10A63000002D0AD0022D08D010E061680622491CC6
:10A640000BF073FDC4E7072017E7002E06D009AA18
:10A650006946E068FFF7B7FE002891D11B206946E4
:10A6600008700120887009A96846F8F77CFC00286A
:10A6700086D108A840791B2819D12B000BF0C4FF04
:10A680000504040707040A00032001E00FE002208C
:10A69000FEF75AFD012D0CD0608A002809D0002257
:10A6A00083001146104602F065FE002801D0032009
:10A6B000E3E60020E1E6F3B5032687B00D46002966
:10A6C0000AD0FA4885426FD301208004854203D323
:10A6D000F7480068854267D30798FEF790FD0400AD
:10A6E00005D02078222804D2082009B0F0BDF14816
:10A6F000FBE7A07F8707BF0F002D05D0294638460E
:10A70000FEF722FE0600F0D139460027EA4801296B
:10A7100007D0022931D0E949E9480BF084FE3046E0
:10A72000E3E7A27D2946012A02D0827F920701D564
:10A730001120DAE700291BD108216A46049711820B
:10A740000592418904AADF48FAF7FDF80028CCD128
:10A750006846008A082801D00320C6E768460188B9
:10A7600001814188418181888181C188C18102A99B
:10A77000079801F061FF0646D1E7A17D022916D1B5
:10A78000807F800613D4002D04D0A07F40070CD416
:10A79000002100E00121079801F08FFF0600BED1E3
:10A7A000A775002DBBD004E01AE01126B7E7002DF5
:10A7B00016D02A4621460798FEF725FF064611289F
:10A7C000ADD1A07F4007AAD42046082229460E30EA
:10A7D0000BF0ABFCA07F04210843A07700269EE786
:10A7E000102082E770B50C460546FEF708FD010013
:10A7F00004D022462846FEF7E6FE70BDAD4870BD87
:10A8000000B50146143195B0192901D2810707D04E
:10A8100001461E3104D00A3102D0072015B000BD18
:10A82000312269460A70887009A96846F8F79BFBCF
:10A83000F4E701B582B00220694608809E4802AB69
:10A8400000896A460021F9F7E7FE6946098802296E
:10A8500000D003200EBD1CB50021009102216A46E4
:10A860001180934901900968884201D210201CBDD3
:10A87000914801899348FAF766F8694609880229E0
:10A88000F5D003201CBDF0B50E46884985B01746AB
:10A8900005468E4207D386480122920400689642FC
:10A8A00004D3864202D2102005B0F0BD1F2F01D97B
:10A8B0000C20F9E7804C8D4226D3954201D3854286
:10A8C00022D3E08803A9F9F758FE0028ECD12878B4
:10A8D00069464873E08803A9F9F730FE0028E3D100
:10A8E0006946009008780221084369460870497B50
:10A8F000090703D00821084369460870E0886946C3
:10A90000F9F7B5FD0028CFD169468F80E08833463E
:10A9100001AA0021F9F780FE69468988B942C3D0AF
:10A920000320C1E71CB50C4600210091019122884B
:10A9300069460A805E4901900968002801D0884272
:10A9400001D38C4201D210201CBD002801D0002A66
:10A9500009D059486A46C1885A48F9F7F4FF694650
:10A96000098821801CBD0C201CBD10B50123FEF7F9
:10A970004DFC2CE4002310B51A461946FEF746FCA0
:10A9800025E430B505464A4895B000680C4681423A
:10A9900002D2102015B030BD2846FEF730FC00284A
:10A9A00007D00178222902D3807F800603D40820B3
:10A9B000F0E74048EEE7132168460170458009A999
:10A9C000F8F7D1FA0028E5D108AA0A2151567F29C3
:10A9D00001D02170DEE70520DCE7F8B5012304464D
:10A9E0001A46194602F0C6F8074601231A46022104
:10A9F000204602F0BFF8064601231A4604212046ED
:10AA000002F0B8F8054601231A460321204602F059
:10AA1000B1F80446002F03D128492B480BF003FD61
:10AA2000002E04D1AD20254980000BF0FCFC002D48
:10AA300004D125482149801C0BF0F5FC002C04D1E1
:10AA400021481E49C01C0BF0EEFC22213846FEF7BF
:10AA50000EFC3846F8BD10B50446006800280CD03E
:10AA60001249884207D301218904884205D310493D
:10AA70000968884201D2102014E400F071FFA08818
:10AA80000D4CA083A07E01280DD10021092002F0E9
:10AA9000F0FC002800D00120A17C8909012915D0F3
:10AAA0000321FEF7DDFD002006E400000080010028
:10AAB0002800002002300000740A0020B49D00002D
:10AAC000C6090000FFFF0000B30200000221E8E712
:10AAD00030B5F74B9A4207D301239B049A4205D322
:10AAE000F44B1B689A4201D2102030BD1578EB065A
:10AAF0005B0F042B07D85478072C04D39378102BC2
:10AB000001D8A34201D2072030BDD3785B0702D41D
:10AB100013795B0701D5062030BDC37FAC075B0806
:10AB20005B00E40F2343C3770878EF2318401378C2
:10AB30009B06DB0F1B0118430870F12318401378A4
:10AB4000DB065B0F5B001843087050780873002029
:10AB500030BD30B500240C70C378DB07DB0F0B7001
:10AB6000C578AD07ED0F6D002B430B70C5786D07F1
:10AB7000ED0FAD002B430B7014700179C907C90F9D
:10AB8000117003799B07DB0F5B001943117000798B
:10AB90004007C00F80000143117030BD70B51446EE
:10ABA0000D460646F6F7C4FE002809D0A221017022
:10ABB000142221460830F6F707FBF6F79AFE70BD1F
:10ABC000132229463046FEF7FEFC70BD70B51446D0
:10ABD0000E460546F6F7ACFE002809D0222101708A
:10ABE00045802178017261784172F6F782FE70BD6E
:10ABF000132231462846FEF7E6FC70BD10B5AE4C78
:10AC0000207C00280CD1204621461038FDF762F840
:10AC1000002803D0A9A1F2200BF005FC012020742C
:10AC200010BD70B594B015460C462C226946189E8E
:10AC30000A704880002B17D00822194601A80BF093
:10AC400074FA68468581102231460E300BF06DFA99
:10AC500009A96846F8F787F9002803D1A17F1022D7
:10AC60001143A17714B070BD002001900290E8E775
:10AC7000F0B50646008A97B080B20D460190FEF707
:10AC8000BEFA04468C48317848380746E8370990C0
:10AC90000B000BF0B9FC0EFCFB48085F8798B8D995
:10ACA000FAF9F8F7F6FC002301221946019801F0A1
:10ACB00061FF050004D1FF2080A130300BF0B3FB11
:10ACC000002C04D1FF207DA131300BF0ACFB387E8D
:10ACD000C00904D078486030C06DA86112E02B2014
:10ACE000694608720BA902A8F8F73DF9002804D0BC
:10ACF000FF2072A13C300BF096FB74490C980BF0CE
:10AD00008EFAA9617068A862B068E862A07F8007C7
:10AD1000800F012820780DD0252804D0FF2067A1BE
:10AD20004D300BF080FB324621460198FFF736FF8D
:10AD300017B0F0BD2528F6D0222806D0242804D04C
:10AD4000FF205EA146300BF06EFB25212046FEF76A
:10AD50008EFAE8E7002301221946019801F00AFF64
:10AD6000060004D1FF2055A158300BF05CFB002CED
:10AD700004D1FF2051A159300BF055FB2078252834
:10AD800004D03078012108433070D1E702202870C8
:10AD9000B068A860B068002802D000202871C7E71A
:10ADA0000120FBE72B2069460870434968464C396F
:10ADB000F8F7D9F8002804D0FF2040A178300BF034
:10ADC00032FB03201BE02A206946087000A81022ED
:10ADD000023071680BF0A9F904A810220230B168A2
:10ADE0000BF0A3F9344968464C39F8F7BCF8002851
:10ADF00004D0FF2031A189300BF015FB042028700E
:10AE00000998686094E7B068002804D1FF202BA15E
:10AE100095300BF008FBE07F400704D5FF2027A109
:10AE200096300BF000FBB06806220A3800903379A8
:10AE30000421019801F0FBF90028A6D0FF201FA1F2
:10AE40009B300BF0F0FA73E7002C04D1FF201BA11C
:10AE5000A3300BF0E8FA2046223010220546716834
:10AE60000BF063F928212046FEF701FAA07F800746
:10AE7000800F022814D100231A462146009501981C
:10AE800006E04BE1BAE0B0E095E03FE071E05FE161
:10AE9000FFF7C7FE11281BD029212046FEF7E7F94E
:10AEA000E07F317A4007400FC9000843E0773FE771
:10AEB0000080010028000020400B00207372635CBA
:10AEC0006761705F7365632E6300000040420F008E
:10AED000A07F000704D5FF20FD49B0300BF0A3FA96
:10AEE000A07F08210843A0770020608620463430E8
:10AEF0000BF078F9E07FFD220146C9071040890F69
:10AF00000843E077307A2034207011E700230122D3
:10AF10001946019801F02EFE040004D1FF20EC49EF
:10AF2000CD300BF080FA2B2069460872E94902A85F
:10AF3000F8F719F8002804D0FF20E549D2300BF0CB
:10AF400072FAE4488188204621300176090A417668
:10AF50000E2129702146FC316960017E2974407EF2
:10AF60006874DC482C30A860103030346C61E860C4
:10AF7000DEE6002C04D1FF20D549E6300BF053FA71
:10AF80002078212893D93079012802D0022808D1CD
:10AF900003E0E07F04210843E077387E0121084385
:10AFA0003876324621460198FFF7F8FD23212046E6
:10AFB000FEF75DF9BCE601220421019801F01FFCB7
:10AFC0000028A2D0002301221946019801F0D2FDE9
:10AFD000040003D1BE49C0480BF025FA0F202870A9
:10AFE000172028716E34AC60A2E60421019801F0AC
:10AFF00056FC002889D11020287099E600230122F0
:10B000001946019801F0B6FD050004D18720B0492A
:10B0100080000BF008FA2E462036307E41064DD5D2
:10B02000A17F8F07BF0FC00713D029468031486F1B
:10B0300000280ED0027CF37DD207D20F5B001A43AA
:10B040000274486F5108E27F4900D207D20F1143C2
:10B050000174307E000713D52A468032116F002913
:10B060000ED0087CF37DC007C00F5B001843087446
:10B07000116FE27F40084000D207D20F10430874DE
:10B08000307E80070BD5F8204259002A07D0012FC7
:10B0900005D02946307C31311032FEF783FA307EFC
:10B0A000C0060BD5F8204259002A07D0012F05D140
:10B0B0002946307C31311032FEF774FA0523684698
:10B0C0000370357E4570834822216038019A0170F3
:10B0D0004178C908C900C91C417042800372457299
:10B0E000F6F78EFD2078252809D021280BD07A4844
:10B0F00077495B300BF097F92078222803D9222179
:10B100002046FEF7B4F80021019801F06BFD0028FD
:10B1100000D10DE670486E49633092E674686D4D5B
:10B1200020786035092802D00A28F2D10BE0E168C6
:10B13000002902D02846F7F7E8FE2169002902D04D
:10B140002846F7F7E2FE21462846F7F7DEFEEFE550
:10B1500061485F49883074E65E4810B504222821B2
:10B160006030F7F7B9FE5B480024EC30017E4906F9
:10B17000490E01764038C465FCF739FD55493C312C
:10B1800008461038F6F78BFC52484C30047410BD5A
:10B1900070B50D46FEF733F8040004D14E484C4913
:10B1A000A7300BF040F9FF21053128460BF01CF8C1
:10B1B000A07F8007800F01280CD00221284688300C
:10B1C000FCF716FD002804D043484149AC300BF091
:10B1D0002AF970BD0121F1E70A46014610B5104673
:10B1E0008830FCF71FFD10BD70B5054611200C46D8
:10B1F0000870002161702121495D002908D00329D0
:10B200000ED0042910D034483149C6300BF00BF968
:10B2100020780009012802D9E87FC008607070BD5D
:10B220000007000F203002E00007000F30302070D0
:10B23000EEE7F0B504464068082601789BB008297F
:10B240000DD00B2903D00C294BD1012181716068ED
:10B2500087883846FDF7D3FF05004CD147E0478883
:10B260003846FDF7CCFF050004D1172018494001EE
:10B270000BF0D9F82878212833D0282833D16068FA
:10B2800002210C3000F050FF00282CD0606808210B
:10B29000001D00F049FF002825D02D2168460170CF
:10B2A000478029461022223101A80AF03EFF0FA94B
:10B2B0006846F7F758FE002804D007480449EF30E5
:10B2C0000BF0B1F8A87F10210843A877292105E0E9
:10B2D000BCAE0000F40A0020030200002846FDF77F
:10B2E000C6FF1BB0F0BD607830436070F9E7FE49DF
:10B2F000FE480BF098F8A87FEF210840A87729783E
:10B3000021290FD061688A79002A02D08978002922
:10B3100012D08007800F022849D0F448F249343017
:10B320000BF081F8FEF7DEF90028DAD0EF48EE499D
:10B330003F300BF078F8D4E7607830436070E87FF6
:10B34000C00701D0042100E00321212041552878C5
:10B3500029280BD03946062002F0B1F82878242895
:10B36000E0D122212846FDF782FFDBE700230122FE
:10B370001946384601F0FEFB040004D1C920DA4921
:10B3800080000BF050F825212846FDF770FF0D20B6
:10B3900008A90871204609A98830FCF735FC022865
:10B3A000C0D00028BED0D148CF491D30B8E7607862
:10B3B00030436070B6E7F7B58AB015460646FDF72C
:10B3C0001EFF002841D0017822293ED323293CD0FA
:10B3D000C17F490739D4807F8007800F01280DD0B5
:10B3E000002301220021304601F0C4FB0746C0487B
:10B3F0000290F7F781FD040007D101E00123F0E797
:10B40000BA48B94959300BF00EF8002F1FD08837D1
:10B4100067610298F7F770FD07460298F7F76CFD31
:10B4200009212170266225710B99E760A1602061D6
:10B4300003A92046FCF70CFC022806D0002804D003
:10B44000AA48A94975300AF0EEFF0DB0F0BD002002
:10B4500007466061E4E730B5002387B00546012266
:10B46000194601F087FB04462846FDF7C8FE007820
:10B4700022281BD9002C04D19C489B4981300AF01A
:10B48000D2FF0F21684601701721017120466E30EE
:10B49000029069461A30FCF7B7FB022806D0002854
:10B4A00004D0E520904980000AF0BDFF07B030BD10
:10B4B00030B5002387B005460122194601F05AFB3A
:10B4C00004462846FDF79BFE00782228EED9002C82
:10B4D00004D18648844993300AF0A5FF10206946BC
:10B4E000087020468830FCF78FFB0028DED0E9206A
:10B4F0007D4980000AF097FFD8E7F7B50546007848
:10B500000027000982B00C463E4602287ED007285C
:10B5100002D00A284AD14AE068680178082907D091
:10B520000B2930D00C292ED070486F49D33060E100
:10B5300014271A26002C6AD04088A080FDF75FFEF1
:10B540000090002804D169486749AF300AF06BFFCA
:10B5500000980099C07DA21D1831FEF723F8686895
:10B5600008228089E081696820461030091D0AF0B0
:10B57000DCFD207E01210843F92108402076009857
:10B580004021807F47E018270826002CD3D08088F0
:10B59000A080FDF734FE050004D1F7205249800059
:10B5A0000AF041FFA11D2846FFF71EFE23E1002CF3
:10B5B00001D0288BA080287A01287DD0022804D0D1
:10B5C00003282FD048494B4813E11C270726002C9D
:10B5D000B1D0A088FDF713FE0090002804D1FD2013
:10B5E000414980000AF01FFF287B8007800F012857
:10B5F000A07914D040084000A071FD210840297BAB
:10B600004907C90F49000843A07101E0E3E0DFE00A
:10B6100000988021807F084300998877EBE0012122
:10B620000843E9E713270B26002C84D0A088FDF7F8
:10B63000E6FD00900023A0880122194601F09AFA45
:10B6400005460098002804D12A48274960380AF0A6
:10B65000EAFE002D04D181202349C0000AF0E3FE58
:10B660000098807F8007800F012859D0E86A817890
:10B670008907890F0129A17954D049084900A1718E
:10B680008278FD255207D20F294052001143A17143
:10B69000E322114002785207D20E1143A171DF223A
:10B6A00011404278D207920E1143A1710021E1713D
:10B6B000C1782172427900E037E00179607AD307DE
:10B6C00040084000DB0F18439307DB0F28405B0066
:10B6D00018435207FB23D20F1840920010436072A8
:10B6E000A07A4008400007E0BCAE00000E03000056
:10B6F000540B002067040000CA07D20F10438A07CA
:10B70000D20F2840520049071043C90F1840890042
:10B710000843A0720098007823286CD92621AFE056
:10B72000A86AA4E701221143A9E7297BFE48022960
:10B7300010D017270C26002C4AD0012911D003293C
:10B740001ED004291FD005291DD0F849F8480AF059
:10B750006AFE23E019270726002C4CD00121A17195
:10B7600005E00121A171E17989088900E171017E7B
:10B77000CA094906D201890E49000A4302760DE042
:10B780000220A07106E0687B0007000F8030A071E6
:10B79000052918D0E07980088000E071A088FDF7C5
:10B7A0002EFD05460078212825D0232804D0E04826
:10B7B000DE490C300AF037FEA088002101F012FAB1
:10B7C000222128465DE0E07980088000401CE4E703
:10B7D0000498068015E0002C01D06888A080287AA3
:10B7E000032828D004280FD005284DD0D048CF49B1
:10B7F00064300AF018FE0498002C068001D02780DF
:10B800006680002005B0F0BD15270C26002CDFD087
:10B810000023A0880122194601F0ACF9050004D1EB
:10B82000C348C2492A300AF0FEFD0622A11DA869BC
:10B8300009F0DCF9DFE716270726002CC8D0A0881E
:10B84000FDF7DDFC00900023A0880122194601F0DD
:10B8500091F905460098002801D0002D04D1B44884
:10B86000B24938300AF0DFFD2878C00601D5022041
:10B8700000E00120A071009800782328BBD927217F
:10B880000098FDF7F4FCB6E717270C26002C9FD094
:10B89000A088FDF7B4FC00906D7A002804D1A4487C
:10B8A000A2494B300AF0BFFD0621A01D0AF09AFC08
:10B8B0000020A071207A032108432072FB21084058
:10B8C0000099C97FC907490F08432072680692D5BD
:10B8D000E07904210843E071A07AE90740084000BC
:10B8E000C90F0843E17A2A0749084900D20F1143DA
:10B8F000FD22AB07DB0F10405B001843A072E80687
:10B90000C00F114040000143E17274E710B50446D6
:10B91000807990B08009012804D04D20834900012E
:10B920000AF081FDFFF76AF90120694608707E4838
:10B930000AA9A0380190201D0290601C0B90684657
:10B94000FCF786F9002804D07948784987300AF056
:10B950006AFD0322601C0B990AF0E7FB10B010BDD2
:10B9600010B5714CA03C002805D00146102220469D
:10B970000AF0DBFB0120207410BD10B50446FFF770
:10B980003DF969491022A03920460AF0CEFB10BDCE
:10B9900070B50025644C00281CD06649884207D346
:10B9A00001218904884205D363490968884201D28C
:10B9B00010250DE0062109F003F9411C07D05A4972
:10B9C0004039C865207E80210843207600E00725A5
:10B9D000284670BD207E4006400EF6E7F3B50020F5
:10B9E00089B00D46029000290AD0524885421CD3E6
:10B9F00001208004854203D34F480068854214D358
:10BA00000998FDF7FCFB060003D03078222815D1F9
:10BA100002E04A480BB0F0BD002D08D1B07FC1094B
:10BA200003D08007800F022801D01020F2E7B07FFA
:10BA3000C10601D4000703D5002D01D00820E9E795
:10BA40003948007EC00712D1F07F400701D50D2094
:10BA5000E0E7002201231146099801F08BF8070066
:10BA600005D0B07F8007800F022802D00BE01120A4
:10BA7000D0E7002D07D02A4639463046FFF728F890
:10BA800002900028C6D128488C38F7F735FA040010
:10BA900003D126492A480AF0C6FC0A2020700998DA
:10BAA000206238468830A060B07FFB218007800F7D
:10BAB000012829D0002D4CD002202071381DE060D3
:10BAC00038780007400F20743878C006C00F6074C3
:10BAD000A07C2A788008D2078000D20F1043A0747F
:10BAE0000840F17F01AAC907490F0843A074A8784C
:10BAF000E07469462846FFF72CF8684600792075FF
:10BB000068460078607528E001202071207B2A7843
:10BB10008008D2078000D20F104320730840297894
:10BB20008907C90F89000DE0E00B0020BCAE0000C2
:10BB300053040000008001002800002002300000B3
:10BB4000630500000843207324213046FDF78FFB76
:10BB50000BE0032020710520207325213046FDF7DE
:10BB600086FBB07F4006400EB07703A92046FCF765
:10BB70006FF8022805D0002803D0FD49FD480AF0DF
:10BB800052FC029846E7FFB581B00A9D06461C4666
:10BB90001746142128460AF027FB0B980021016064
:10BBA000F8070ED0F44920680968884239D312306A
:10BBB00028602068143068602068A8600B982168AD
:10BBC0000160B80726D56068002803D0EA490968F3
:10BBD000884226D3029900290AD0FC3600280ED0CC
:10BBE00031461030FDF79DFC00281BD1606810E045
:10BBF000002816D0E86080366068B0670AE0FEF77B
:10BC0000A9FA0146072230460AF08FFAFEF7F6FF3E
:10BC1000DA48E860780707D5D749A06809688842FC
:10BC200001D21020EEE528610020EBE5FFB5D44AF3
:10BC30000E4607CA97B002AB07C3002700970197CB
:10BC40001798FDF7DCFA050005D02878262804D0DF
:10BC500008201BB0F0BDCB48FBE700231A4619466D
:10BC6000179800F087FF040004D1C248C049803013
:10BC70000AF0D9FBA87F8007800F1690012814D006
:10BC8000022824D0BB48BA4999300AF0CCFB0121E4
:10BC90000022852E31D01EDC002E26D0812E26D00B
:10BCA000822E26D0832E1ED125E0002EEFD12146F4
:10BCB0002846199AFEF70CFF0028CAD119988078F7
:10BCC000009019980078C007C00F0190DFE719981D
:10BCD000002808D1DBE7862E11D0882E11D0892EBE
:10BCE00011D08A2E11D00720B3E710460EE0084687
:10BCF0000CE002200AE0032008E0052006E0062010
:10BD000004E0082002E0092000E00A20002222715D
:10BD100001216A461176211D0791002801D020716A
:10BD2000FAE0169801280CD0A66AE06A02220121E6
:10BD300010900020A0602846173002291AD0012157
:10BD400019E0E66AA06A1090032030702078FB2387
:10BD5000C006C00F7070B07801221840009BF370CD
:10BD60008008019B800018430221B0700020707190
:10BD70003071DEE70021890009190861681C022A78
:10BD800001D0012100E00021890009190861B07883
:10BD90008007800F01285ED1109880788007800F7F
:10BDA000012858D110980079844610984079009065
:10BDB000169801281DD0317908A801747179017590
:10BDC00008A8027C6046024008A8007D009908404F
:10BDD000139010433FD06C491A98884207D3012131
:10BDE0008904884215D364490968884211D2102019
:10BDF0002FE70CAA0DA91998FEF7ABFE08A8007C46
:10BE000061460840307108A8007D009908407071B3
:10BE1000D6E720463C3021460090F031169801913B
:10BE2000022834D000211A9B20460C33FFF7ABFECA
:10BE30000028DDD12046503021460090F43116987C
:10BE40000191012825D0002120461A9B139AFFF763
:10BE50009AFE0028CCD110988078400702D4E87F61
:10BE6000C0072BD0169902A8012914D0109909787F
:10BE70004900405A21780907490F4900C8408707FF
:10BE8000BF0F2AD0012F14D0022F0FD113E00121B0
:10BE9000C9E70121D8E721780907490F4900405A2D
:10BEA000109909784900C8408707BF0F032F04D0B5
:10BEB00004E0022711E001270FE00227169801286D
:10BEC0000BD1B078FB210840E97FC907490F08432F
:10BED000B07020780007400F3070207810224008A2
:10BEE000400020701099D2434978C907C90E114308
:10BEF00008402070C00623D4022F21D0012F21D06A
:10BF00000020A061E0612062606220461830A060DD
:10BF1000E87F40084000E877204606A98830FBF714
:10BF200073FE002806D0022804D06F2010490001BB
:10BF30000AF079FA25212846FDF799F9002088E6CC
:10BF4000032008E020460D211B300AF04BF9204663
:10BF50001830A060042069460875E87F0121084375
:10BF6000E87705AA29461798FEF730FED4E70000C7
:10BF7000BCAE00008E05000028000020400B002011
:10BF8000606701000230000000800100F0B587B05A
:10BF900015460E0004460DD06A48854207D301209D
:10BFA0008004854206D368480068854202D210208A
:10BFB00007B0F0BD2046FDF722F9070004D038781D
:10BFC000272803D00820F3E76048F1E700231A464A
:10BFD0001946204600F0CEFD040003D15C495D48BF
:10BFE0000AF021FA0020002E05D0022E08D0012EE2
:10BFF00011D00720DCE701216A461171A06018E02A
:10C00000234618336946A360087110222946184652
:10C010000AF08BF80DE021461831A16069460871DD
:10C02000A061E061206260620621284608F0C8FD38
:10C03000A0612078C10714D0400840002070022081
:10C04000694608702046183002907030FBF7DCFD1E
:10C05000022806D0002804D03E483D4923300AF08B
:10C06000E2F925213846FDF702F90020A0E770B576
:10C0700094B00D460646002B02D0072014B070BDC8
:10C08000FDF7BDF8040007D02078222802D3A07F56
:10C09000400603D40820F1E72C48EFE7002D19D023
:10C0A0002D216846017046801022294601A80AF019
:10C0B0003CF8E07F297C4008C9074000C90F0843CD
:10C0C000E077297C40078906400FC90EC900084364
:10C0D000E07703E02E2168460170468009A9684692
:10C0E000F6F741FF694609782D2905D1002803D1CB
:10C0F000A17F10221143A177A17FBF221140A17718
:10C10000BCE710B50C46FDF77AF8002805D00E49BB
:10C1100009688C4203D2102010BD0C4810BD214686
:10C12000FFF762F8002010BD05E00278401C002AED
:10C1300001D0002070470A46491E89B2002AF4D176
:10C14000012070470080010028000020023000001C
:10C15000BCAE00000F07000030B50346072903D02E
:10C160000820DA781C7916E00720FAE707290BD0B7
:10C170005500ED186D79072D01D0401EC0B2521C3C
:10C18000D2B20F2A07D105E05500ED186D79072DC1
:10C19000F3D0F4E700222546641EE4B2002DE5D179
:10C1A00030BDFFB581B00C461646114620460A9FA9
:10C1B0000B9DFFF7D1FF00280AD020790F2803D369
:10C1C000FEA1A0200AF02FF9A078C00907D019E03D
:10C1D000072E02D0112005B0F0BDFD48FBE7019805
:10C1E0002880381D6880002068712871EF800498CD
:10C1F00028812846F6F7DFFE002803D1EFA1AD2005
:10C200000AF011F9E07821794018491CC0B2217177
:10C210000F2801D30F38C0B2400000194671817950
:10C22000F12249084900114081710020D3E7FFB590
:10C2300083B01C4616460F4600231A4602210C9D69
:10C24000039800F097FC010008D033463A46019568
:10C2500000940398FFF7A5FF07B0F0BDDC48801EEF
:10C26000FAE7F0B5054616460F4650888DB0002314
:10C270000122022100F07EFC040003D1CFA1DF20C7
:10C280000AF0D1F8002069460871A078400603D171
:10C29000CAA1E3200AF0C7F8042F5ED32A78D0079A
:10C2A000C017401C06D161786B78994255D121782E
:10C2B000090752D00121142A46DA012A42D0122A53
:10C2C00002D0132A40D128E00C2F3DD1A27852068B
:10C2D000520E012A38D0207800090001401C20703D
:10C2E000687860706846017168792A7901021143A3
:10C2F00068460181E879AA790102114368464181C3
:10C30000687A2A7A0102114368468181E87AAA7A1A
:10C31000010211436846C1811AE0062F14D120782A
:10C320000009000120707188012001F0C8F8022185
:10C3300068460171C91E018168792A790102114399
:10C3400068461FE0062F0AD06A461279002A1BD0E1
:10C350007088324601A9FDF77AFD0DB0F0BD207856
:10C360000009000120707188012001F0A8F8022165
:10C370006846017168792A79010211436846018192
:10C380000021C9434181E3E70028E6D0748868466C
:10C3900081766978C176022181830021C18304A856
:10C3A00005220090062311462046FFF740FF002893
:10C3B000D3D088A1D6200AF036F8CEE7F7B58CB0F6
:10C3C00015460C990D98F9F7CEF9C0B2082851D14D
:10C3D000002069468885688800230122022100F038
:10C3E000C9FB040004D1FF2074A163300AF01BF8DC
:10C3F00001230021E07822790BE046003619767996
:10C400009E4201D1491CC9B2401CC0B20F2800D1C4
:10C4100000201646521ED2B2002EEED1002902D1C3
:10C4200017206946888504AB02330BAA00950C9946
:10C430000D98F7F73BFC0006000E07D002281BD032
:10C44000032817D0FF205DA1893011E06846808D58
:10C4500000280FD002A901910090688804230122CE
:10C460002146FFF79EFE002804D0FF2053A176301E
:10C4700009F0D9FF0FB0F0BD68781021084368704B
:10C48000F8E70020584902464300401CCA520828D9
:10C49000FAD3704700218170017809090901017000
:10C4A00000214170C1700171704770B50D460023C5
:10C4B0000122022100F05EFB040004D1FF203FA115
:10C4C000CF3009F0B0FFA0786906C009C001490E5D
:10C4D0000843A07070BD704710B50146012000F000
:10C4E000EEFF10BD3EB58DB2002301220221284689
:10C4F00000F040FB040004D1FF2030A1E43009F03B
:10C5000092FF20786946000900012070022008701F
:10C5100036488880C88000222846FDF798FC3EBD3A
:10C52000F7B505460078002700090C463E4601286D
:10C5300004D0FF2021A1F33009F075FF287A0328E9
:10C540000CD041201DA1C00009F06DFF0298002C05
:10C55000068001D0278066800020FEBDEA89702712
:10C5600010460A3086B2002C0AD06888A080A889BC
:10C570002081E28020460A30296909F0D6FDE5E7EE
:10C5800002980680E8E7F8B543680246D9799C79B5
:10C59000090221435C7A1E7A25025C88981D354386
:10C5A000241FA14238D11B79022B35D1042D34D060
:10C5B000052D3DD0062D34D0402D19E07372635CFB
:10C5C0006C326361705F636F72652E630000000000
:10C5D000043000007372635C6C326361705F636F80
:10C5E00072652E6300000000000C0020FFFF0000B9
:10C5F00012D3061D0F461446284600F0E9F9082814
:10C600000AD01120207003202072A581E7812661C5
:10C610006078082108436070F8BD001DFFF7CEFE6A
:10C62000F8BD031D50880A461946FEF7C4FEF8BD42
:10C63000001DFFF716FEF8BD70B50D4600238CB047
:10C6400006461A46022100F095FA040031D02078FF
:10C650000007000F01282ED01220694688746078E8
:10C660000523801CC874082088822888C8826888AE
:10C670000883A8884883E888888302A90C20019150
:10C6800000901A4621463046FFF78BFD00280ED158
:10C69000F02300223146012000F06CFE20780009D2
:10C6A0000001401C20706078801C607000200CB07D
:10C6B00070BDCD48FBE71120F9E770B50D460023AA
:10C6C0008CB006461A46022100F054FA040006D047
:10C6D00020780007000F012803D00820E7E7C248B0
:10C6E000E5E71321684681746178C1740221818273
:10C6F000C58202A906200523019100901A46214611
:10C700003046FFF74EFD0028D1D120780009000106
:10C7100020700020CBE7F3B581B00D460023012245
:10C720000221019800F026FA00260446002803D1D1
:10C73000AE49AF4809F077FE2079A8423BD2AC4819
:10C74000AA49401C09F06FFE35E0E07841000F195E
:10C75000401C7979C0B20091E0700F2801D100200F
:10C76000E0702079401E2071B879C00708D0009889
:10C770000199042815D09D498220183109F053FEF3
:10C78000B8790007410F08D0400F019904280CD058
:10C7900096498F20183109F046FE009807280AD1E3
:10C7A00007E00846FEF784FEEAE70846FEF753FE78
:10C7B000F3E7761CF6B228466D1EEDB20028C4D110
:10C7C0003046FEBD10B500230122022100F0D2F94F
:10C7D000040004D1B5208549800009F024FEE078EA
:10C7E00021794018C0B2E0700F2801D30F38E070F3
:10C7F00000202071A07880210843A07010BDF8B5FA
:10C8000017460D4600231A46022100F0B3F9040032
:10C8100005D0002D0CD0002F07D0062006E0072DF4
:10C8200001D00820F8BD0720F8BD0820A84204D890
:10C830006F486E49423009F0F6FD29462046FFF761
:10C840008BFC0646002F28D0002E26D1E0782179D7
:10C850001CE0420012195379072B03D093791B0770
:10C860005B0F04D0401CC0B20F280CD00CE040007D
:10C8700000198079F12318406B071B0F1843907142
:10C8800000290AD104E00020491EC9B20029E0D1E4
:10C89000574856495A3009F0C6FD3046F8BDF8B53C
:10C8A0000D4600231A46022100F064F9040004D169
:10C8B0004F484E49683009F0B6FD681E052804D37C
:10C8C0004B484A49693009F0AEFD0F21E2782079E2
:10C8D000002310E0560036197779AF4206D1B179BE
:10C8E00049084900B1715B1CDBB21146521CD2B23F
:10C8F0000F2A00D100220646401EC0B2002EE9D108
:10C900000F2905D248000019817901221143817154
:10C910001846F8BD10B50446402801D2072010BDC6
:10C9200000F056F8082802D03120000210BD002186
:10C93000304802E0491C082903D24A00825A002AE2
:10C94000F8D1082903D049004452002010BD04202A
:10C9500010BD10B5402801D2072010BD00F038F8F6
:10C96000082805D00021234A40001152084610BD76
:10C97000052010BDF0B58BB016460C00074607D059
:10C98000002E05D06188402904D207200BB0F0BDED
:10C990001020FBE72088002801D0172801D90C209F
:10C9A000F4E7084600F014F808280FD0258803A8FB
:10C9B0002A463146023009F0B8FB01A8009062888F
:10C9C0002B4607213846FFF732FCDFE70520DDE77D
:10C9D00001460020074A02E0401C082803D2430019
:10C9E000D35A8B42F8D1704702300000BCC500001A
:10C9F000AD020000000C0020F8B50546E54C079E8E
:10CA0000069821706270A370E6702071681C42085D
:10CA10005200E14B0021880000198446C261605C2D
:10CA200040008218002D0AD0002005E0664647002D
:10CA3000F669401CF353C0B2665C8642F6D8491CC6
:10CA4000C9B20529E7D30026D21C9708B000BF0061
:10CA500000198760304600F042F9A15D761C48431A
:10CA6000C219F6B2052EEFD3501B80B2F8BDF0B557
:10CA70000546C84F8C460020FF247E5DA9009646DF
:10CA80000346CF190CE0F9695A008A5AC2498A4212
:10CA900004D1401CC0B2FF2C00D11C465B1CDBB291
:10CAA0009E42F0D86146002909D100280BD0002D04
:10CAB00007D0B84949788E4203D2401EC0B2002840
:10CAC00001D071460C70F0BD70B5B24C8D000023E2
:10CAD0002D19615C09E0EC695E00A45B844202D11F
:10CAE0001370012070BD5B1CDBB29942F3D80020AB
:10CAF00070BDFEB51C4617460D46060008D0002D39
:10CB000006D0F01C80088000B04203D01020FEBD8B
:10CB10000E20FEBD002F03D0002C01D0A74201D96A
:10CB20000720FEBD0094234622463946002001948A
:10CB3000FFF762FF2988814207D0814201D2042198
:10CB400000E0092128800846FEBD009423462246C5
:10CB5000394630460194FFF74FFF28800020FEBD84
:10CB600010B5044600F0C5F8002801D0E0B210BDB1
:10CB7000FF2010BDFFB50546874881B01E460C4614
:10CB8000854204D0052C02D20398022802D300204B
:10CB900005B0F0BD002769460F7028466A46214659
:10CBA000FFF792FF00280ED068460178204600F07B
:10CBB000A8F8002EECD00028EAD1284600F099F819
:10CBC000002809D103E03846002EF6D1E0E7FF2027
:10CBD00072A15C3009F027FC21462846039A00F038
:10CBE0009CF8D5E7F8B505460C4600206A4E694624
:10CBF0006E4F0870B5423BD0052C01D30720F8BD1D
:10CC00000A4621462846FFF75FFF002830D06846D5
:10CC10000178204600F075F8230009F0F5FC0504C2
:10CC2000090C11161B0001462846FEF7D5FA15E03F
:10CC3000FDF7E0FA12E001462846FFF74CFC0DE054
:10CC400001462846F6F7B5FF08E001462846F8F702
:10CC500012FC03E056A17B2009F0E5FB4D4A684633
:10CC6000A10000788918C96940000E520020F8BD63
:10CC70003846F8BD524A1268914201D210207047DE
:10CC8000052801D3072070470872002048727047BA
:10CC9000F8B504464A480068844201D21020F8BD25
:10CCA000207A3C4A83009B18617A3B4D125C11E06C
:10CCB000DE694F00F65BAE420AD04A1C6272DA6946
:10CCC0004B00D25A228000F01CF860600020F8BDB2
:10CCD000491CC9B28A42EBD861720520F8BD0EB575
:10CCE000384B40000ECB0091029301926946085ADE
:10CCF0000EBD28494978814201D9012070470020A2
:10CD0000704770B50C460546FFF7E9FF214AA900B8
:10CD1000891889686043401870BDF8B50C4606460E
:10CD200000206946134608706A4619462046FFF7F8
:10CD30009EFE002500282BD0164A6846A1000078E8
:10CD40008918C96940000E52684601782046FFF7ED
:10CD5000D8FF0546230009F057FC0504090C0F1401
:10CD6000170029463046FEF713FA11E0FDF720FAC6
:10CD70000EE0FFF78FFB0BE029463046F6F7E0FEAA
:10CD800006E0F8F771FB03E009A1622009F04BFB14
:10CD90002846F8BD100C0020FFFF00007372635C92
:10CDA000686F73745F636D2E6300000002300000D3
:10CDB0007372635C686F73745F636D2E6300000051
:10CDC000280000206C67010010B5014620220948A8
:10CDD00009F0ABF907490020C877084610BD06499D
:10CDE000012048610548064A0168914201D10021AD
:10CDF00001607047400C00200005004078000020D2
:10CE0000BEBAFECA8107C90E002808DA0007000F63
:10CE100008388008C24A80008018C06904E0800891
:10CE2000C04A800080180068C8400006800F704724
:10CE3000BD4948788978884201D3401A02E021220E
:10CE4000511A0818C0B27047B74923314878897819
:10CE5000884201D3401A02E02122511A0818C0B2B8
:10CE60007047B149463148788978884201D3401AE1
:10CE700002E02122511A0818C0B27047A94910B522
:10CE80000C310868FF22120290430122D2031043A2
:10CE90000860A54900202331487088702339487004
:10CEA0008870463148708870A04808F0C8F89F48DC
:10CEB000401C08F0C4F8F5F741FC00F028F910BD5B
:10CEC00020207047B4E770B50C4605460026FFF7F2
:10CED000AFFF9549A04214D30A46203A00232046CA
:10CEE000641EE4B200280BD08878105C2870887823
:10CEF0006D1C401CC0B288702128F0D18B70EEE709
:10CF0000012600F004F9304670BD202070479BE7F1
:10CF100070B50C4605460026FFF796FF824923317F
:10CF2000A04214D30A46203A00232046641EE4B2ED
:10CF300000280BD08878105C287088786D1C401C05
:10CF4000C0B288702128F0D18B70EEE7012600F086
:10CF5000DEF8304670BD202101700020704710B50A
:10CF60000446FFF77EFF2070002010BD70B50C4610
:10CF70000546FFF776FF6C494631A04215D30A46B5
:10CF8000203A00232046641EE4B200280BD08878A3
:10CF9000105C287088786D1C401CC0B288702128F5
:10CFA000F0D18B70EEE7002400E0614C00F0AFF8A8
:10CFB000204670BD70B50C460546212904D9FF20D6
:10CFC0005CA1473009F02FFA55484068103840B24C
:10CFD000FFF718FFC6B20D20FFF714FFC0B286425C
:10CFE00007D2FF2053A14D3009F01DFA01E0F5F7FB
:10CFF000E8FB21462846FFF766FF0028F7D070BD02
:10D00000F8B507464948484C401E474E007825462B
:10D0100046362335002806D1A9786878212200F009
:10D020006BF800280ED0A1786078212200F064F817
:10D03000002814D0B1787078212200F05DF8002823
:10D0400028D033E038496878C91C0F546878401CF0
:10D05000C0B26870212829D10020687026E03249CA
:10D06000607820390F546078401CC0B2607021286D
:10D0700001D1002060702D4F7F1E3878002815D018
:10D08000A1786078212200F037F800280ED0002027
:10D0900038700BE02449707826310F547078401CAA
:10D0A000C0B27070212801D100207070A978687812
:10D0B000212200F021F800281DD0A17860782122DB
:10D0C00000F01AF8002816D0B1787078212200F00C
:10D0D00013F800280FD0F5F756FB144807F0B7FFF8
:10D0E00001214903884203D016A1C12009F09BF910
:10D0F0000E4807F0C4FFF8BD401C884205D090429E
:10D1000001D1002901D0002070470120704710B5DF
:10D11000064807F09CFF002801D1F5F723FB10BD5E
:10D1200000ED00E000E400E0800C00207D00002025
:10D13000072000007372635C736F635F72616E64DB
:10D140002E6300007372635C736F635F72616E6461
:10D150002E6300000C4908784A78401CC0B2904207
:10D1600000D008707047094A074820BF40BF20BF61
:10D170004178037843701368002B02D103788B4207
:10D18000F3D00020704700007F00002000E200E0A4
:10D19000FEB5F34C07466068FF213E0181552178BA
:10D1A000FF2913D00901083141583246491E08327F
:10D1B00009020192090A805800F0C8F9002802D03B
:10D1C0002478254615E06168207888552770FEBDD3
:10D1D000E34842680198115828010090083010581F
:10D1E00000F0B4F9002806D1DD482C4641680098CB
:10D1F0000D5CFF2DECD1DA4821014068855547547C
:10D20000FEBD70B5D64A04460020157A53680AE080
:10D210000201561C9E5DA64203D10C329A588A42E6
:10D2200004D0401CC0B28542F2D8FF2070BDF8B5D2
:10D23000CB4F3E7801F013FE0146FF2E68D034013B
:10D24000254678680835405900F080F9022802D94F
:10D25000786840595AE0C2494868025D0A70A11CCA
:10D26000425C002A0CD0521E425441590122D20580
:10D2700089180902090A41513046FFF789FF30E059
:10D28000631CC25C0092221D94468258002A10D072
:10D2900001239B029A420FD99205920D43595703DD
:10D2A000DB191B021B0A43516346C3589A1A920AA0
:10D2B00009E0FF21C1540AE0435952039A181202AF
:10D2C000120A4251002242543046FFF761FFA4483F
:10D2D0000C344168C26800980959800012580098BF
:10D2E00090479F4C2078FF2812D001F0B8FD0146EE
:10D2F0002078626800010830105800F027F90128F2
:10D3000096D92078616800010830085801F09AFD2C
:10D31000F8BDF8B51C4615460E460746FF2B03D34D
:10D3200090A1D32009F07FF88D48FF21C7604560A8
:10D3300004720674017000224270104604E002017B
:10D34000521C401CA954C0B2A042F8D3F8BD70B51D
:10D35000834C06466578207C854203D381A1E62074
:10D3600009F061F8E068A90046506078401C6070E0
:10D37000284670BDFFB581B01D46FF2401F06FFD4A
:10D38000774F064679780198814203D875A1F42039
:10D3900009F049F872480021037A406810E00A0158
:10D3A0009446521C825CFF2A24D0019FBA4205D1C8
:10D3B00062460C328758029A97421DD0491CC9B266
:10D3C0008B42ECD8FF2C17D021014B1C019AC25480
:10D3D0000B33029AC250039B614F0022012B0ED0E7
:10D3E0000B1DC25001239B029D4216D9AA05920D26
:10D3F00008D008E00C46E1E7FF2005B0F0BD0B1DAA
:10D40000C550EFE71A4653039B190E461B02083618
:10D410001B0AAA1A8351920A09E0002D00D10125A6
:10D420006B039B191D022D0A0B460833C550891C3E
:10D4300042543D463E782046FFF7AAFE2878B04287
:10D4400015D001F00CFD014628786A68000108300B
:10D45000105800F07BF8012807D928786968000186
:10D460000830085801F0EEFC01E0FFF7E0FE0198FB
:10D47000C3E770B50C46054601F0F1FC06462146AF
:10D480002846FFF7BEFEFF2817D0354D0401204681
:10D49000696808300858314600F058F8012109033E
:10D4A00040186968A41C095D400B002901D089025D
:10D4B0000818002800D1012070BD002070BDF3B510
:10D4C00081B00F460198FFF79CFEFF282AD0244D1B
:10D4D0002E7869683246344604E0844205D02646F8
:10D4E0002301CC5CFF2CF8D11CE0FF2C1AD0A64203
:10D4F0001FD11001085C2870FF2818D001F0AFFC84
:10D500002A780146120168680832805800F01EF837
:10D51000012809D92878696800010830085801F005
:10D5200091FC06E00020FEBDFFF781FE01E001F066
:10D5300091FC39460198FFF79CFF22016968FF239F
:10D54000541C0B558A5C3301CA54FEBD401A0002BC
:10D550000121000AC905884200D900207047000057
:10D56000CC0C00207372635C736F635F74696D65CC
:10D57000722E6300F0B500241C4A01211C4B0803E5
:10D58000546018601B4B1C601B4C20601B480469D6
:10D59000E443E406E617046910252C430461184CA3
:10D5A0006160184D2960761C00E020BF1F68002FC5
:10D5B000FBD0002E03D107691026B743076190689E
:10D5C0008005906801D5104A10436960A160002170
:10D5D00019600121084A09031160F0BD10B5044625
:10D5E000FFF7C8FF2060002010BD000000C500400C
:10D5F00080E100E000C1004080E200E000ED00E0DA
:10D6000000C3004000C0004000FCFFFF70B51F4990
:10D610000A68002A17D000231D4601244A68521CBC
:10D620004A60092A00D34D600E792246B2400E6846
:10D6300016420AD072B60B6893430B6062B6496813
:10D640000160002070BD052070BD5B1C092BE5D377
:10D650000FA1362008F0E7FEF5E70120104980050C
:10D6600008607047EFF31081CA07D20F72B601212C
:10D6700081400648036819430160002A00D162B660
:10D68000EBE7024800210160416070478400002000
:10D690007372635C736F635F6576742E6300000062
:10D6A00000E200E001208107086070470120810747
:10D6B000486070471048C068C00700D0012070471C
:10D6C0000D488068C00700D0012070470A484069B3
:10D6D000C00700D0012070470748C069704706495D
:10D6E0008A69D20306D589698907890F814201D1E8
:10D6F000012070470020704700040040F8B5F84C46
:10D70000207BE17A88421CD00126F64D0027E07A82
:10D71000215C14200A4642435019037C052B11D08A
:10D72000037C062B1CD0037C072B28D0437C012BC9
:10D7300033D0EDA1EF4808F076FE207BE17A8842F5
:10D74000E5D1F8BD0674E07A0A2807D0E07A401CDB
:10D75000E072491CC8B2AA5802210CE00020F7E789
:10D760000674E07A0A2808D0E07A401CE072491C6E
:10D77000C8B2AA5803219047DFE70020F6E70674F5
:10D78000E07A0A2807D0E07A401CE072491CC8B24F
:10D79000AA580821EFE70020F7E74774E07A0A2843
:10D7A00007D0E07A401CE072491CC8B2AA58072191
:10D7B000E1E70020F7E770B50024CF4E0620707235
:10D7C000CE4825464477047738300473C472CC4879
:10D7D00007F035FCCB480575F572CB49601E8860B3
:10D7E0007571B570F57035717570C848643905701C
:10D7F00045701420604340180574641CE4B2052C85
:10D80000F7D30120F5F764F80020F5F761F801205F
:10D81000B071F4F727FDBE48F4F736FDBD4C20701B
:10D82000BD48F4F731FD6070F4F7F2FF70BD10B53C
:10D83000F5F719F8B74C2078F4F744FD6078F4F761
:10D8400041FDAD4C207A002803D0F4F7CAFD00203A
:10D85000207210BD70B5A84CA079002804D0A2A1F8
:10D86000AE4808F0E0FD70BDE07A002803D19EA12B
:10D87000AB4808F0D8FD0126A6710025E572607A54
:10D88000042114225043974A801801749E488168ED
:10D89000491C04D0691E81600120F5F719F80020A9
:10D8A000F5F716F8F4F7FAFF07F00AFDF5F7FBF8BD
:10D8B0009C480560056001209B49C0030860F5F79E
:10D8C00071F992480078022804D0032804D1E07846
:10D8D000002801D0A67000E0A570F5F7D0F870BD63
:10D8E000034680490520142242435218203A127FF1
:10D8F000002A04D0401E0006000EF4D17047142206
:10D90000424351180A46803AD366012220390A77E9
:10D910007047012805D0032805D1002903D1002034
:10D9200070470029FBD010B4734C00236370774A12
:10D93000002890700CD002280AD007291AD20800BB
:10D9400078440079001887441505070D0F1113005E
:10D95000D37003E01B2000E03A20D07001206070FB
:10D9600010BC70475820F8E77720F6E79620F4E7D8
:10D97000B520F2E710BC0020704710B5634840782E
:10D98000F5F798F880B210BD411E1422504310B52F
:10D99000544A8418203C042902D8207F002803D14F
:10D9A00051A1624808F03FFD207F012804D0B32038
:10D9B0004DA1800008F037FD0020207710BD70B524
:10D9C0004E4C607F217F884201D1012500E0002577
:10D9D000F5F709F8F5F76EF8617F227F914201D1E2
:10D9E000012100E00021A942EBD170BDF7B5074647
:10D9F000481E84468EB0C0B2142205905043394A66
:10DA000085180495287C2D1D07282AD1344C002622
:10DA1000E07A227B824221D0235C059A934201D195
:10DA2000012601E0002E04D00A2811D0421CA25C7D
:10DA300022540A280ED0401C227BC0B28242EBD175
:10DA4000002E0BD0207B002806D0207B401E04E057
:10DA50000022ECE70020EFE70A202073049A01205F
:10DA600010746046244C042813D8142041431D48E8
:10DA700008182038007F00280BD00498007C01286B
:10DA80000BD00498007C012803D01098807A0128DC
:10DA900007D015A1264808F0C6FC1098807A012806
:10DAA0006FD104980F4B007C022845D00C4C207B92
:10DAB0000A2872D0207BE17A401C884203D10AA157
:10DAC0001C4808F0B0FC049901204874217B05989B
:10DAD0006054207B0A2864D0207B401C20731CE10A
:10DAE000D80D0020E80D00207372635C72656D2E06
:10DAF00063000000CF0500006C0E0020A00D002088
:10DB0000780E0020C00D00204C0E00208E0000205A
:10DB10002FD200008C000020FDD600007D02000006
:10DB20005E02000000F5004080E200E0CB02000051
:10DB30001503000022030000607A059A0146904216
:10DB400006D0014614267043C018807C9042F8D15C
:10DB5000627A824208D1617A14225143C918897CC1
:10DB600061720121A17207E014224243D2181426E7
:10DB70007143927CC9188A74142206215043C0183C
:10DB800081741098007A062819D201007944097925
:10DB900049188F440812100E0C0AE07A00288ED023
:10DBA00091E700209AE700200FE0B4200DE07320F9
:10DBB0000BE0322009E00A2007E0062005E0FF2004
:10DBC000FDA1E03008F02FFC0020029010980168C1
:10DBD0000298081A28601099097A002912D00221A7
:10DBE000401A0102090A296010980268406810185A
:10DBF0000002000A68601098807A0228109803D00A
:10DC0000007B74E00421EBE7007A002813D00222A5
:10DC1000029810188446109842686046083016181A
:10DC2000E848029A4078904202D9E278002A04D06B
:10DC30003046083005E00422EAE7029A801A80198B
:10DC40000830627A062A1CD0627A14235A43DE4BCB
:10DC5000D2185268914214D0DC4B0793617A142297
:10DC60005143D94A89184A688968D21BC91B1202D4
:10DC70000902120A090A90423AD89A4238D89942BF
:10DC800036D83818801B0002000A286010996044BA
:10DC9000CF4AC9680002000A9446421A01239B0534
:10DCA00007929A4201D2104614E00A1A09929A4247
:10DCB00001D207980EE0079A6346624503D9591AC4
:10DCC0000818401C06E0099A624506D9181A40183F
:10DCD000401C4042002860DC03E0B7A1BD4808F0CA
:10DCE000A2FB286880190002000A686000202872E0
:10DCF0006868082608300002000A68601098407AB8
:10DD0000A8721098007A687203280ED200280CD0EE
:10DD1000FFF7D0FC002803D007E0002011B0F0BDD1
:10DD200002983A210E1A32200290A6480178012961
:10DD300001D0032909D141780298814205D9E078C0
:10DD4000002802D10298081A861928689F4AC01B29
:10DD5000844601026868090AC01B03021B0A029379
:10DD60008E421AD81346914217D80299994214D874
:10DD7000617A062915D0667A6146062203920092DE
:10DD80001422914B7243D2189368DB1B8B4216D836
:10DD90000396967C062EF3D177E0059801F055F9AD
:10DDA000BBE70499022205980A74627A062A00D019
:10DDB000627A8A7460720120A07211B0F0BD062EE2
:10DDC00063D000223146944614227F4B4A43D21836
:10DDD0005368DB1B834229D2917BAB7A99421FD8CF
:10DDE00004980521059C01747B4D287B0A2811D0DD
:10DDF000287BE97A401C884203D16FA1774808F05C
:10DE000012FB287B2C54287B0A2807D0287B401C37
:10DE1000287382E7E87A0028EFD0F2E70020F7E7DE
:10DE200001218C46917C0629CED102E06046002873
:10DE30002AD03546009114202A46424362480621E2
:10DE4000171839741038007B0A28634816D0017BF4
:10DE5000C07A491C814203D157A1614808F0E3FA16
:10DE60005D48017B4554017B0A290BD0017B491C8D
:10DE70000173BD7C0098A842DDD106E0C07A00287D
:10DE8000EAD0EDE70021F3E70096049902204E4D19
:10DE90000874607AB04207D1049900988874059894
:10DEA00060720120A07221E00398062E0FD0062890
:10DEB00003D141A14B4808F0B6FA0398142250430D
:10DEC0004019059981740499009888740EE0062819
:10DED00003D139A1444808F0A6FA0398142250430C
:10DEE000401905998174049906208874012011B0A5
:10DEF000F0BD70B50D463D4A441900210B46101A7D
:10DF00008B4103D22CA13A4808F08DFA394885425A
:10DF100003DD29A1384808F086FA3848854203DA3B
:10DF200025A1374808F07FFA3648844205DA002CEC
:10DF300001DB204670BD334800E03348201870BD37
:10DF4000401E70B5C0B2142148431F494418607B7D
:10DF5000062813D201007944097949188F44020C2C
:10DF60000A080604002068E0B42010E073200EE0E8
:10DF700032200CE00A200AE0062008E0FF200EA173
:10DF8000E03008F050FA617B0020002955D00221D2
:10DF90004018616840180002000AF4F78BFD0C2558
:10DFA0006557124A441900210B46101A8B412FD293
:10DFB00001A10F482AE000007372635C72656D2E48
:10DFC000630000008E000020E80D0020FFFF3F00EE
:10DFD000FFFFFF000E070000D80D00200702000021
:10DFE000C5030000DD030000E3030000FF7F841E83
:10DFF000F50300000020A107F603000000E05EF832
:10E00000F70300000080841E00807BE108F00BFA1B
:10E01000FB48854203DDFB49FB4808F004FAFB4856
:10E02000854203DAF749FA4808F0FDF9F9488442D5
:10E0300007DA002C03DB204670BD0421A8E7F54871
:10E0400000E0F548201870BDF0B5064683B0F348EF
:10E050000190457A029534687068001B0702F04809
:10E060003F0A001B0090062D2DD014202946414365
:10E07000EC480122081884464168E9489205864622
:10E08000081B904210D3631A93420DD30246704688
:10E09000724503D900984018401C05E073450ED91D
:10E0A000411A0819401C404200280CDA60460295CB
:10E0B000857C0198C0790028D5D003B0F0BDD14946
:10E0C000D94808F0B0F90298854226D01421484377
:10E0D000D4490123401802908068D1499B058C46A1
:10E0E000011B8646994210D3221A9A420DD36346E9
:10E0F000614503D900997144491C06E019466245FF
:10E100002DD9091A0819401C4142002905DD029841
:10E11000B17A807B814200D37446062D15D0C14967
:10E120001420454368184268121B1202120ABA42B0
:10E130000BD2B37A827B934200D38468857C0198AA
:10E14000C0790028B9D1062DEAD13068A042B4D0F8
:10E15000E0190002000A3460706003B0F0BDA94904
:10E16000B14808F060F9D8E7F0B5B049044648680E
:10E1700085B0C005C00D1CD0103840B200280CDAA4
:10E180000207120F083A920892005118C9698007D5
:10E19000C00EC1400806800F09E08108A44A89002A
:10E1A000891809688007C00EC1400806800F002842
:10E1B00008D000272078002806D0012804D00020AD
:10E1C00005B0F0BD0127F5E72079062813D201003C
:10E1D0007944097949188F44020C0A080604002082
:10E1E00018E0B42010E073200EE032200CE00A208A
:10E1F0000AE0062008E0FF208249E03008F013F929
:10E2000021790020002905D002214618834D002FD6
:10E2100002D003E00421F8E70020E871694602AA71
:10E22000A068F4F751FC694608228A56E06801A903
:10E2300080180122C01C1F2801DA019209E003AAFC
:10E24000F4F742FC6846007B002802D00198401C8D
:10E25000019000990198401808300002000A0190CE
:10E26000881B0002000A0090607969468872009855
:10E270000390F4F7B8FB009A019B121A181A6D4923
:10E2800012020002120A000A8A4216D8884214D8E2
:10E290006846FFF7D9FE00990398814205D0881996
:10E2A0000002000AF4F706FCA0600120E9790029C9
:10E2B00086D0002FB0D005B0F0BD0020F6E7F3B552
:10E2C0008FB05D480C460B9006F0C1FE5B4A0F997B
:10E2D000524F56185A4D203E00280BD05948007D09
:10E2E000002803D058A15B4808F09DF82078012849
:10E2F0007ED060E1687F0A280CD0687F297F401CAF
:10E30000884203D150A1544808F08DF820780128A4
:10E3100004D00CE0287F0028F4D0F7E7F07F002835
:10E3200003D049A14D4808F07EF80120F077697FBD
:10E330000F9814224A4E51438919087420780228F4
:10E3400022D0687F14214843861920793072607981
:10E35000707232460C323146A068F4F7B5FB0C20DF
:10E3600030560F2804DD1F3830733068401C306091
:10E370000C217156301DE26801905018C01C1F28F6
:10E3800070DA01200199FDE028494868C005C00DF8
:10E3900021D0103840B200280CDA0207120F083AD8
:10E3A000920892005118C9698007C00EC140080642
:10E3B000800F09E081081E4A8900891809688007D2
:10E3C000C00EC1400806800F002804D105201EA100
:10E3D000000208F028F8687F1421484386190021BC
:10E3E000E0686A460691117006A9F4F76DFB00E03B
:10E3F000D7E06A46002010560F2834DD012033E0B4
:10E400000020A107B8DF0000F603000000E05EF87E
:10E41000F70300000080841E00807BE16C0E00206A
:10E42000FFFFFF00E80D00200E07000000ED00E0F8
:10E4300000E400E0FFFF3F00780E00209200002083
:10E44000A00D0020C00D00207372635C72656D2EFC
:10E450006300000011050000EF040000F404000058
:10E46000E00C002082E0002006994018079002206E
:10E47000B0722079307260797072A068311DC01C52
:10E4800006911F2801DA012009E0F4F71DFB684618
:10E490000078002804D0069806990068401C08609F
:10E4A000307A062813D201007944097949188F443B
:10E4B000020C0A08060400200FE0B4200DE07320CF
:10E4C0000BE0322009E00A2007E0062005E0FF20EB
:10E4D000FD49E03007F0A7FF00202179002943D053
:10E4E00002214018069071680830081807990890B2
:10E4F00009180698081A0C900020F871F4F773FABE
:10E5000004463060079820180002000AF060787A0C
:10E51000062825D0797A14204143EC480818406831
:10E520000899029040180002000A0390707A694628
:10E53000887402A8FFF788FD0299039A091B121B31
:10E5400009021202E24B090A120A0C98994207D8F2
:10E55000824205D80299069808180002000A306025
:10E56000F8790028C8D110E00421BAE704AA01997B
:10E57000F4F7AAFA6846007C002804D001980199B3
:10E580000068401C08602078B072687F0A2806D0B6
:10E59000687F401C68770B9806F071FD47E000200B
:10E5A000F8E7F07F002804D0A320CAA1C00007F03C
:10E5B0003AFF0120F077CA490F98087420780228A2
:10E5C00003D1C4A1C74807F02EFFC54E2079307291
:10E5D0006079707232460C323146A068F4F774FAF2
:10E5E0000C2030560F2804DD1F3830733068401C73
:10E5F00030600C22B256301DE16801908818C01CB2
:10E600001F2802DA012001990BE003AA0199F4F70F
:10E610005BFA6846007B002804D0019801990068E5
:10E62000401C08602078B072AD4901200875687FF1
:10E63000297F884224D07C7A062C23D0F4F7D3F9A2
:10E6400014214C43A14961180A7C042A18D00A7C81
:10E65000032A15D04B6889681B1A081A1B0200028E
:10E660009B4A1B0A000A082B0AD31146934207D87B
:10E67000884205D8687F297F884201D0F4F7FFF9E6
:10E6800011B0F0BD687F297F8842F7D111B0F0BD8D
:10E6900010B50020F4F709F910BD10B50120F4F70A
:10E6A00004F910BDF1B5009802281ED08E4C607A96
:10E6B000062803D187A18D4807F0B5FE0026A67174
:10E6C0000125E572607A03211422804F5043C0195E
:10E6D0000174F4F7D9F9009800280BD0012829D04B
:10E6E000032879D07BA1824844E082480078F3F780
:10E6F000EFFDF8BD8048007F002803D075A17F485A
:10E7000007F091FE65717C4D00202E60F4F7E0F873
:10E71000A968481C04D0012300221846F4F70EF91A
:10E72000607A617A401CC0B2142251437A580121A8
:10E730009047F8BD0120F4F7CBF8607900280DD0A0
:10E740006D488068401C09D0607A617A401CC0B274
:10E75000142251437A5806219047F8BD6648007F3D
:10E7600001280AD0022812D0032822D0042834D04D
:10E7700058A1634807F057FEF8BD2079002803D060
:10E780002671F4F786F9E5705B480677F8BD207AC4
:10E79000002802D1F3F7FCFD2572607A617A401CF3
:10E7A000C0B2142251437A5800219047524806774C
:10E7B000F8BD514F0123397B78680022411A184671
:10E7C000F4F7BCF82079002803D02671F4F761F93A
:10E7D000E57002203877F8BD19E0474E217870685F
:10E7E0000123411A00221846F4F7A8F8207A0028DD
:10E7F00002D1F3F7CDFD2572607A617A401CC0B278
:10E80000142251437A58002190473577F8BD607A39
:10E81000617A401CC0B2142251437A5805219047B6
:10E82000F8BD10B5304C607A062803D129A13548CF
:10E8300007F0F9FD607A617A401CC0B2142251439E
:10E84000224A52580421904710BDF0B583B00620EB
:10E850000290F4F7C8F8244C0090617A2A4801909D
:10E86000062920D0617A1420414318480918097CF0
:10E87000042918D0617A142251430818007C032817
:10E880007BD0019900980B6849681B1A081A1B0273
:10E8900000020F4A1B0A000A082B6ED3114693424E
:10E8A0006BD8884269D814488068401C03D009A1FD
:10E8B000164807F0B8FD00206071607A06282CD158
:10E8C0006078002829D023E0B8DF0000E80D0020A0
:10E8D000FFFF3F007372635C72656D2E6300000082
:10E8E000C00D00201E0500006C0E00204F0500002A
:10E8F000A20500008C0000204C0E00205B050000EB
:10E9000096050000A90500005C0E0020E50500004A
:10E91000FE48C178417081780170607A062815D070
:10E92000607A1421FA4A48438018007C04280DD1EB
:10E93000607A0290607A0121142358438018017490
:10E94000607A58438018807C6072A172F14D687FB4
:10E95000297FF14F884233D0F04E287F142148435D
:10E960008019007CC05D0128287F07D048438019AA
:10E97000007CC05D02282FD044E0FDE11421484313
:10E980008019807A01280AD0287F0221142250435E
:10E990008019007CC155287F0A2808D009E0287F0B
:10E9A0000021142250438019007CC1552AE0002028
:10E9B00001E0287F401C2877687F297F8842CCD1DE
:10E9C000D74D287D00284CD0287CC15D012928D056
:10E9D000C05D022830D03AE0287F142148438019D6
:10E9E000807A012803D0CFA1D14807F01CFD297FF0
:10E9F00000201422514389198872297F51438919B3
:10EA0000097CC855287F142148438219287F484330
:10EA10008019017C0098FEF7E9FF287F0A28C8D1F9
:10EA2000C5E7A97A012904D00221C1550020287523
:10EA30000DE00021C1550AE0A87A012803D0B9A150
:10EA4000BC4807F0F0FC0020A872297CC855287D3E
:10EA5000002806D0297CB24A0098FEF7C7FF0020A4
:10EA60002875029806281ED014214843A84940184A
:10EA7000017C012917D107210174AF4D287B0A2899
:10EA80003CD0287BE97A401C884203D1A5A1AB4841
:10EA900007F0C9FC297B02986854287B0A2831D0EA
:10EAA000287B401C2873607A06287DD0A07A002835
:10EAB0007BD00020A072617A1420414394480E1844
:10EAC0009F49B56873680A46F6687C32CB679660E2
:10EAD00055609C4D697E002916D00226617A142269
:10EAE0008B4851430818407B06281BD2010079440B
:10EAF000097949188F440A1412100E0CE87A00287C
:10EB0000C4D0C7E70020CDE70426E7E700210FE0E7
:10EB1000B4210DE073210BE0322109E00A2107E066
:10EB2000062105E0FF208849E03007F07CFC002149
:10EB30002973687E022801D0012810D12869009A23
:10EB40004018821A1202120A3A2A08D932380321CE
:10EB500000026976000A28613220287308E0322911
:10EB600006D2207A00280AD1F3F712FC012005E032
:10EB7000207A002803D0F3F734FC00202072634988
:10EB80000822487820700978012901D0032906D18C
:10EB900001212171297B884201D9421A0832A378C8
:10EBA000002B00D0921C01E08DE09BE02179002930
:10EBB00001D1002B5DD09446644A00990092019ADD
:10EBC000176852687F1A511A3F0209023F0A090A60
:10EBD000BC451BD85D4A974218D8009A914215D877
:10EBE000297B884223D92B69421A9A1A1202120AE7
:10EBF000101880190002000A2A616860002914D0E8
:10EC0000032028770006000E3ED14CE00020207142
:10EC1000A070297B002925D028694018801900029E
:10EC2000000A6860022028772EE00120E9E781428F
:10EC30000BD92A69511889190902090A6960002843
:10EC400001D00420DDE70220DBE7002B03D135A152
:10EC50003F4807F0E8FB286980190002000A686055
:10EC6000002004E0296989190902090A69602877E6
:10EC700019E0287B00280FD02969081880190002A4
:10EC8000000A686002202877286901238119002280
:10EC90001846F3F753FE09E0286980190002000ABC
:10ECA0006860002028770120F3F712FE607A1421B3
:10ECB000484317490C2240188256012300206968F6
:10ECC000F3F73CFE0EE00120F3F702FE0020F3F71D
:10ECD000FFFDF3F7E3FD207A002803D0F3F781FB73
:10ECE00000202072A078002804D0F3F7D2FE002084
:10ECF000E070A0706078002804D00448C1784170AA
:10ED000081780170207900282BD023E08E0000202C
:10ED1000E80D0020A00D002091000020E00C002054
:10ED2000C00D00207372635C72656D2E630000007D
:10ED30000706000023060000D80D0020350600005D
:10ED4000E00D00204C0E0020B8DF0000FFFF3F0068
:10ED5000870600000020CF49E0700978002900D123
:10ED60002071CD48017BC07A814203D0CB484078E6
:10ED7000F3F7AEFA0120E07103B0F0BDF0B5C84C76
:10ED80000746607A83B0062803D1C6A1C84807F0B9
:10ED90004AFB607A1421C74E48438019007C03283F
:10EDA00003D0C0A1C44807F03EFBC44DA868401C76
:10EDB00003D0BCA1C24807F036FB607A1421484357
:10EDC00081190C20085600216A4600911171C01962
:10EDD00001AA6946F3F778FE6A46042010560F2808
:10EDE00001DD012000E0002000994018696840180A
:10EDF0000102090AA9606079002804D001230022D9
:10EE00001846F3F79BFD03B0F0BD70B5AE4CAD4AAC
:10EE10000B1AA34214D3451AA54211D3934203D926
:10EE2000101A43185B1C0BE0954204D9511A0818BC
:10EE3000401C434204E0A549A54807F0F4FA00232A
:10EE4000184670BD10B50146012300220220F3F7D9
:10EE500075FD10BD10B50220F3F73AFD10BD10B5D9
:10EE6000F3F7C1FD10BDF0B58D4D0446E87A83B0CF
:10EE7000002803D18BA1974807F0D5FA642C4DD315
:10EE8000954900200246091B824147D39348417FA0
:10EE9000007F814242D19248007D00283ED1687AAD
:10EEA0001421844F4843854EC519306801AA0019C2
:10EEB0006946F3F709FE694604200856002802DD7A
:10EEC0000098401C0090A96800986B680A18D21A34
:10EED0001202844B120A9A4220D8AA7C062A08D031
:10EEE00014235A43D2195268511A0902090A81425D
:10EEF00014D3B068401C05D00120F3F7E9FC0020D2
:10EF0000C043B060306800193060A86800994018AC
:10EF10000002000A7061012003B0F0BD002003B0C0
:10EF2000F0BDF8B50646401EC5B2142061496843DD
:10EF30004418207C002803D15AA16B4807F073FACB
:10EF40006648017F407F81420CD0684A14234B43BE
:10EF50009B181B7CB3420CD00A290CD0491CC9B2A7
:10EF60008142F3D15E48017D002964D0007CB0422B
:10EF700061D10020F8BD0021F1E7217C052905D0F1
:10EF8000217C062902D0217C072928D10121217466
:10EF9000C17A0023027B8A4221D00246565CAE42EF
:10EFA00001D1012301E0002B04D00A2911D04E1C0D
:10EFB000965D56540A290ED0491C167BC9B28E4262
:10EFC000ECD1002B0BD0117B002906D0117B491E00
:10EFD00004E00026ECE70021EFE70A211173617CD1
:10EFE00000292AD06774C17A0023027B8A4224D088
:10EFF000425CAA4201D1012301E0002B04D00A297E
:10F0000012D04A1C825C42540A290FD0491C027B50
:10F01000C9B28A42ECD1002B0FD0027B0146002AF4
:10F0200006D00A7B521E04E00022EBE70021EEE747
:10F030000A220A7301E018480027217C01299CD18B
:10F04000617C002999D10120F8BD70B505461420D6
:10F05000184A05216843801801740F4C207B0A2848
:10F0600011D0207BE17A401C884203D11749204807
:10F0700007F0D9F9207B2554207B0A2807D0207B74
:10F08000401C207370BDE07A0028EFD0F2E700202A
:10F09000F7E700008E000020D80D00208C00002033
:10F0A0006C0E00207372635C72656D2E630000004D
:10F0B000EA060000E80D0020EB0600004C0E0020E0
:10F0C000EC060000FF7F841E0020A107B8DF0000CF
:10F0D0000E0700002D070000FF1FA107A00D002054
:10F0E000C00D0020FFFF3F006A070000E00C002079
:10F0F0000702000070B5FF4D00246C702C70AC61ED
:10F1000000F0CEFC284620304470C473AC6214304A
:10F110002C6305F094FF002804D0FF20F6A14E30A8
:10F1200007F081F92C7770BD0B23DB4310B5C21AB1
:10F13000F54998421FD008DC1C3222D00A2A20D080
:10F14000142A1CD0182A08D117E0083011D004283E
:10F150000DD0082809D00C2805D0FF20E6A1753075
:10F1600007F061F910BD04200CE000200AE0FC204B
:10F1700008E0F82006E0F42004E0F02002E0EC20B3
:10F1800000E0D820C86010BD70B50125DF49022617
:10F190000E60DF490022CA63CD63DE49C96A0907F0
:10F1A0000ED4DC494031CB6ADB4A53620B6B93626D
:10F1B0004B6BD3628B6B1363C96BD30519435163DC
:10F1C000D14C002826D0012828D0FF20CAA1A13088
:10F1D00007F029F9D148A063FF200430606325635C
:10F1E00003202061C849962040314860C1491C2055
:10F1F0000856FFF799FFCB49C9488860C948CA49F2
:10F2000080304160C9490160C9480660C949102081
:10F21000486070BDC8486061C84803E0C848606184
:10F22000C648801FA061D5E770B50C46B14D0146B8
:10F230000622A81C06F079FF2C7270BDAD48203064
:10F2400040787047AB4A517010707047F8B504466B
:10F250000D465079117900020843690009190884A4
:10F260001F461646501C06F0C1FF317800020843C5
:10F27000A90060502846083001268640002F0ED095
:10F28000012F04D0FF209CA1E83007F0CCF8206BC0
:10F29000304301460120A84001432163F8BD206BA3
:10F2A000B043F6E770B50D460446082904D9FF209F
:10F2B00091A1F93007F0B7F80022A24809E09100C7
:10F2C000635809180B6053001B191B8C0B62521CEE
:10F2D000D2B2AA42F3D3206B9A494031086070BD84
:10F2E00010B50446FFF720FF8248047710BD81481F
:10F2F0002030007B704710B5834CC178616206F006
:10F3000075FF0002E06110BD252808D0262808D02E
:10F31000272808D041000A2807D8091D06E0022145
:10F3200005E01A2103E0502101E0891DC9B2764AA7
:10F33000916075494031486170476E4988617047F6
:10F3400070B5002818D002226A4C784B0320A272B4
:10F35000F0331860734D72486860002001262075F4
:10F3600000290BD0012910D002291BD0952062A1C1
:10F37000800007F058F870BD0122E5E77248012AC5
:10F3800001D0466070BD066070BD5A48012A006B0E
:10F3900005D00121490508432063696070BD012142
:10F3A0000905F8E7A069002803D153A1674807F0D1
:10F3B0003AF8A169A06A40186549886059486549CA
:10F3C0008030816060491031C1600120216BC00331
:10F3D00001432163686047482030C67370BD08B59B
:10F3E0000C20694608705148002110380161564AC6
:10F3F000012111610BE000BF00BF00BF00BF00BFD3
:10F4000000BF00BF00BF6A461178491E11706946EF
:10F410000978002902D001690029ECD068460078FB
:10F42000002804D1494834A1203006F0FCFF08BD73
:10F43000F8B53E4CF034206886083E48B600416876
:10F44000C906CD0F10218160002727603549344857
:10F450008860FFF7C4FF35481038076100F020FBD3
:10F460002660002D02D0334910204860F8BD10B549
:10F4700006F0BCFE00022449000AC86310BD2349FF
:10F48000022008602A49086070472049022080391C
:10F4900008607047304908707047164810B534301E
:10F4A00005F0D5FD002804D0284813A15A3006F0F5
:10F4B000BAFF10BD0F4810B5343005F0E0FD10BDA7
:10F4C00011494860704770B50A4D0446A86AA042C9
:10F4D00004D31E4808A16B3006F0A5FF0120287355
:10F4E0001C49002008392C6148601948446000F02C
:10F4F000DEFA70BD7C0E00207372635C68616C5F25
:10F500007263732E630000000015004080E100E08C
:10F51000C01F004080000010001700405B06000084
:10F520000040000400F50140408000401011004000
:10F5300080E200E000130040060102002500030203
:10F5400005010300001600400010004047020000C3
:10F5500040850040488100409700002010B5FF48DA
:10F5600002210173C6210161FD4A00215160806AB8
:10F57000FC49C630486000F09AFA10BD0121FA48F3
:10F5800089058160F548026B8A430021026301739B
:10F590007047F64801214160C160F1490020486090
:10F5A000F0494860ED4988627047F149402008629F
:10F5B000F0490A6802430A607047EE480168402239
:10F5C00091430160EA49002008627047E9480168F8
:10F5D000102291430160E849012088617047E749A2
:10F5E0000020C861E34801681022114301607047A0
:10F5F000E249CA69012A01D000207047DC4A9268BA
:10F600005206520E524202700020C861012070471B
:10F6100070B5D248D24D017B002902D0696801291A
:10F6200009D00024D5490A69012A06D00023807A2E
:10F63000012804D006E00124F4E74023F7E7CA6874
:10F64000012A04D000221A43012802D004E020221B
:10F65000F9E74B68012B05D000231343C84A022861
:10F6600002D007E01023F8E71668012E02D1CE6819
:10F67000012E04D000261E43022802D007E00826EF
:10F68000F9E71268002A02D1CA68012A04D00022D0
:10F690003243022802D005E00422F9E7002C01D011
:10F6A000022300E000231343022807D14868012801
:10F6B00004D16868012801D0012600E00026B14885
:10F6C0001E4302681206120E02D04A69012A00D0B7
:10F6D0000022A24C2034227300680006000E02D0E3
:10F6E0008869012800D000206073A148006A0028C2
:10F6F00003D000F0A8FA012800D00020A07300F089
:10F70000C7F9002068603046F3E670B50C00054686
:10F7100003D19D499D4806F086FEE00706D0012CE6
:10F7200004D06D209849C00006F07DFE002D0ED05B
:10F7300002218A4801294172C4728E4809D00229E7
:10F740000AD0924890491A3006F06DFED1E60121A8
:10F75000EFE70168042201E001680822114301601B
:10F76000C7E670B57D4C0022E37A990701D54107C1
:10F7700014D47A49DD062031002D05DA4D7B002DA9
:10F7800002D08D7B002D09D01D0702D50D78002DEC
:10F7900004D15B0703D54978002900D10122637A9F
:10F7A0007449002B06D00225284010430CD0FFF7E7
:10F7B0003FFE9EE66C4A76489060086880088000AC
:10F7C000086000F06DF994E6012B07D0022B0ED0F3
:10F7D0006E486D496B3006F026FE8AE60868042202
:10F7E0009043086000F05CF90120A07281E608688F
:10F7F00008229043086000F053F9A57279E6574952
:10F8000008757047F8B5554F544D2037FA7B564C64
:10F810000021286B002A31D00122D203A26090433C
:10F820002A46544D10632E685A4A102090600020DA
:10F8300028601014A060FFF7D2FD00F029F92E60B7
:10F84000281460605349102048604448817A4A482F
:10F8500001290DD002290ED04C484FA1801F06F07F
:10F86000E2FD0020F8733D48007D022874D0F8BD09
:10F8700001210160F5E701214160F2E73A4A906019
:10F880000E462963FFF7C4FE044636482E754168CC
:10F8900069620068A862AA7A022A0AD16A78002AF4
:10F8A00007D0334B403B5B681B7813402A789A4360
:10F8B00008D03E70E20708D0084603F04AFD012157
:10F8C000A86A09E001223A70F4E7A10601D50221F5
:10F8D00002E0A10702D5002103F04BFD2448403887
:10F8E00041680622A81C093106F0F2FB002809D164
:10F8F0001F48297A403840680078C009814201D108
:10F90000012000E0002078702046FFF72AFF2648FB
:10F91000007800280DD001284AD002285BD00328A7
:10F9200078D01DA1214806F07EFDA87A022870D06B
:10F93000A3E0A00701D502F0EDFB200702D50120CE
:10F9400002F020FC600702D5002002F01BFCA0069C
:10F95000EBD502F07CFBE8E793E000007C0E002092
:10F96000408100404085004000F50140008000409B
:10F9700040150040001200400010004000110040FF
:10F980000014004040160040F8F40000630300003B
:10F9900000400004001300407372635C68616C5F98
:10F9A0007263732E6300000097000020E6040000DD
:10F9B000A00701D504F0BBFF200702D5012004F009
:10F9C00021FF600702D5002004F01CFFA006ACD583
:10F9D00004F0A4FEA9E7A007BF27002802DA3C40F4
:10F9E000F3F702FB200703D53C400120F3F7FBFAB5
:10F9F000600703D53C400020F3F7F5FAA00602D5D6
:10FA00003C40F3F7EFFA60068FD5F3F7EEFA8CE798
:10FA100000E012E0A00701D5F3F7EAFA200702D5CB
:10FA20000120F3F7E4FA600702D50020F3F7DFFACC
:10FA3000A00690D5F3F7DAFA77E7287B00281CD0E8
:10FA40001F494E6002281FD0012803D01D491E48BF
:10FA500006F0E9FCA96A2869884204D81A481949BD
:10FA6000401C06F0E0FC2969184841600120296B20
:10FA700080050143296316494860287D012800D08C
:10FA8000F5E6F3F7C5FAF8BD2969A86A4118EBE76E
:10FA900010480021C160016141604161816170478E
:10FAA0000D480021417281720121C17270470A48DC
:10FAB0000121026B89050A430263054841607047D2
:10FAC0004081004098F90000FB04000040850040A0
:10FAD00000F50140001100407C0E00202E4800215E
:10FAE00001704170704770B5064614460D460120FE
:10FAF000F1F758FC28490120284B08709E60DC6013
:10FB00001D6170BDF8B504460120F1F74BFC224998
:10FB10000120087021494C60214900264E600321D4
:10FB2000204D0906A960204F002C0AD0012C03D0DB
:10FB30001EA1412006F077FC3E60032000066860AD
:10FB4000F8BD386001200006F9E710B512480178C9
:10FB500000290ED00321134A0906916010494A6812
:10FB60000021002A03D0154A1268427000E041705B
:10FB700001700020F1F716FC10BD0748017800293C
:10FB800007D007484068002802D00C480068C0B27F
:10FB900070474078704700009800002000F5004052
:10FBA00000F1004000F5014000F200407372635C18
:10FBB00068616C5F63636D2E6300000000F40040B9
:10FBC0003A4800210170417010218170704770B572
:10FBD000064614460D460220F1F7E4FB01203349A6
:10FBE000334A0870E41E14619660556070BD10B50C
:10FBF0000220F1F7D7FB2D49012008702D48002184
:10FC000001604160816001202B49C005486010BD42
:10FC100010B5264C2078002811D001202649C005B7
:10FC2000886000F034F80021002804D001206070C2
:10FC30002248006801E061701020A070217000204F
:10FC4000F1F7B0FB10BD10B51848017800290BD0B2
:10FC500018480068002805D000F019F8002800D0E6
:10FC6000012010BD022010BD407810BD10B50F4816
:10FC70000178002909D000F00AF8002803D00F48C5
:10FC80000068C0B210BD102010BD807810BD0948BA
:10FC90000168002905D04168002902D08068002849
:10FCA00001D0002070470120704700009A0000201A
:10FCB00000F5004000F1004000F5014000F4004074
:10FCC000FFB593B0044600201D9E049015981C9D1E
:10FCD0001027082806D0E06901F014F8002809D0A0
:10FCE0003770CCE028880921384328801F980227E4
:10FCF000017016E0E169012088710521E269C902FD
:10FD00009180E1698872E169F9480881E169002020
:10FD10008873288820210843288011211F980427F0
:10FD200001701F980225801C0390307810900A20E3
:10FD30003070204618301190F6F76BFC00206FE011
:10FD40001598102809D1022D07D06846828A049997
:10FD50000398401A8270110AC1706846C08A1699C9
:10FD6000884203D9E349097A149106E0884204D114
:10FD70001099002901D0317021E003990870000A20
:10FD800048701E980088401BC01B83B2FF20C01B18
:10FD9000984200D203460398149AC0190CA9009205
:10FDA000019002912020015D6846C08A0022F6F78A
:10FDB000A5FC3070002806D0C0B2832862D0684607
:10FDC000C08A208345E00F98002805D0C948006804
:10FDD00000790A2830D33CE06846008EC119C9B2C8
:10FDE0000491022D0FD01F99049A4978914203D1B2
:10FDF0006A46128C824209D0BE480491006801789C
:10FE0000032909D027E008461F994870B9480068BF
:10FE10000178042906D008E000790A281BD20120C5
:10FE20000F9009E06946C98A8180039904980818EF
:10FE300003900498281885B205AA14991198F6F72A
:10FE4000EBFB002805D11E980088401BB84200DB60
:10FE500076E7022D0ED01598102807D1049A039941
:10FE60006846808A891A8870000AC8701E980580C2
:10FE7000002030709F4800680078032802D00020DE
:10FE800017B0F0BD0220FBE7F8B50446406B002632
:10FE9000134600282BD0491F8DB2618F2A460832A5
:10FEA000278F8A18BA4221D89A7840185F781102B1
:10FEB00039430170090A41701A79DF781102394318
:10FEC0008170090AC1700571290A41712A46591DBC
:10FED000801D06F02AF9608FAD1D401980B2608741
:10FEE000626B002110180170417000E00926304655
:10FEF000F8BD30B50B88048F9C4212D9446BE018D2
:10FF00004478057824022C430BD0447905792402E7
:10FF10002C436404640CA41D1B190B80106000208A
:10FF200030BD822030BDF7B588B000256846058217
:10FF300005275DE00398417802780E021643417967
:10FF4000027908021043000452D40A980123068063
:10FF500005A802905B02002200970195304609999E
:10FF6000F6F7CCFB04004AD16846018A0183039866
:10FF70004179027909021143437802781C02144343
:10FF8000B4421ED10A041CD44B0401215B0C89032A
:10FF900000950B4301970295C17880780A020243CD
:10FFA00020460999F6F7C6F9040011D1039948795A
:10FFB0000A79000210430122D20310430871000A9B
:10FFC000487103AA06A90898FFF793FF0400CED052
:10FFD0000399009501970295487809780002084333
:10FFE00069468B8A00220999F6F7A4F9822C06D17A
:10FFF00003AA04A90898FFF77CFF04009AD068467A
:020000040001F9
:10000000058209E003984179027909021143490404
:10001000490C0171090A417103AA04A90898FFF764
:1000200068FF0028EED0822C02D020460BB0F0BD35
:100030000020FBE730B50446406B002597B0002850
:100040000DD00B2268460270228F0281606B0391F3
:10005000019000216846F3F7E2FA6846057065638F
:100060006587258717B030BDF8B50F460546696B23
:100070000020069E144600290FD0012B0DD13246D8
:1000800039462846FFF74FFF002806D1002C04D040
:1000900032463946284600F044FEF8BD0022028070
:1000A000C262831D0263C3614263428702872030BC
:1000B0000170704710B50022D24302800420FDF782
:1000C000FEF910BD10B596B00446FFF7B3FF208EC1
:1000D000002808D0012069460870E06A01900021DC
:1000E0006846F3F79CFA0020E062206316B010BD6A
:1000F00001280000B40E00200146098800200A07EC
:1001000000D501200A06120F01D002221043CA05B1
:1001100001D5042210438A0501D510221043490558
:1001200001D5202108437047FFB5A9B00600329DD4
:10013000359C2B981F46229016D0007841060FD48C
:100140008106890E1E2909D021884A05520E0BD13D
:100150003A88172A08D3FE4A914205D0C10906D031
:100160008006800E122802D003202DB0F0BD20465C
:100170002C302690F7492A980872002018AA03907C
:1001800010726A46107404AA0A60339A4A6020AA60
:10019000908090812298007801908106681C1C90C4
:1001A000701F1D902B98890EC21C2492224620326B
:1001B0001B92083A401C02920B0006F025FA1FFD24
:1001C000FD11FD1FFD8EFDFCFDFBFDFAFDF9FDFCA3
:1001D000FDF8FDFDFDF7FDF6FDFDFDFDFDF5FD0066
:1001E000032E76D102E018A9087219E303202870C3
:1001F0001C9917220A7000224A70CFE2052EF0D116
:100200004178027808021043208320A98880249A2C
:100210005178127809021143618300287ED0884208
:100220007CD800202072E080401E60840298F6F79F
:10023000F0F905202870A81C0190022000901BAA4C
:100240002A990298F6F7E8F9002868D118A8807C66
:10025000012803D002206870102002E0012068709D
:1002600002202490002225A91CA8F2F746FD0028B0
:100270002BD120A8007D2499814226D13A8800996B
:10028000801C511A814220DB10A8C18D0198017099
:10029000090A417001991CA8891C01910099019AD1
:1002A000891C009125A9F2F728FD20A8007D01995D
:1002B0001BAA091801910099081880B200902A9988
:1002C0000298F6F7A9F90028CCD00098022826D089
:1002D00064E272E018A9087261E2072E6DD34178DA
:1002E0000346027808021043208320A98880249ABC
:1002F0005178127809021143618300280ED0884298
:100300000CD8012020725879197900020843E08046
:1003100000202073E06900F0F5FC01E098E0A9E01E
:1003200000280ED1E169012088710521E269C90226
:100330009180E1698872E16987480881E16900205C
:100340008873F01F60842298C01D60620298F6F7DF
:1003500060F907202870681C00900120019000209F
:1003600010A9C8852FE00198012814D0E069807990
:10037000012830D000981E38417F007F09020143D8
:1003800000980170090A41700098801C0090019843
:10039000801C80B2019010A8C18D00980170090ADC
:1003A00041700098801C09E00AE296E13BE1DFE041
:1003B00004E29BE077E036E016E2AFE000900198BF
:1003C000801C80B201901BAA2A990298F6F724F9A2
:1003D000002803D007E010A8818DD1E73988019863
:1003E000081A0428BFDA0198012843D0E06980790F
:1003F000012804D010A8818D5548814206D110A84B
:10040000818D00980170090A417009E000981E383A
:10041000417F027F0802009910430870000A48706B
:100420000198801CBAE1072E01D0152E76D14178B3
:10043000027808021043208320A98880249A5178EA
:100440001278090211436183002801D0884201D942
:1004500001203FE7012020720020E0802073052E5C
:100460000AD01D982299E269C0B2491DF2F71FFC1B
:10047000002801D00A202DE70020C04360841AA87C
:10048000019023A9229802970395009100780023F8
:100490008206920E20462A99FFF712FC0390208BC9
:1004A00020A988807BE1032EC0D1402220A98A8127
:1004B0004178027808021043208320A988802A9975
:1004C0001EAB1C9A02930192009139880022491EAA
:1004D0008BB21B990978F6F711F918A90872002850
:1004E00033D10B20287010A8008F3FE0052E9DD13E
:1004F000802220A98A814178027808021043208353
:10050000249984464A78097812020A43628420A911
:1005100088801248824202D30720DBE6AFE03F200A
:100520008002024362842A981FAB1C9902930191B6
:1005300000903888401E83B21B9801786046F6F719
:10054000DDF818A9087200280CD08328AAD107E08A
:10055000FFFF0000B40E002001280000010200008F
:100560000220B8E00D20287010A8808F401C15E1F3
:1005700001990C22C9095143C91CB14204D90198FF
:1005800040067CD5002009E1427803781002184328
:1005900020AA9080844622980078400609D505203C
:1005A0006A46107422980078C00905D000201074A3
:1005B0001DE106206A46107424981F902A9A009024
:1005C0000023701A029383B21E9001921B9800229E
:1005D00001786046F5F7AEFE18A908720022694658
:1005E0000A74832801D102200390229800784006E3
:1005F0000DD52088C00506D520A9208B8988884282
:1006000001D100206062002018A90872C6E0FF2115
:10061000013120A88181808820831E9860841F98E2
:1006200060621320B8E0052E29D3417802780802D1
:10063000104320A98880218F002902D0FE4A9142D0
:1006400006D10A216A4611740121C943218702E0BB
:1006500007216A46117422992A9A491D0192009134
:1006600001221D990023D203029311438BB22499D6
:100670004A78097812020A431B99097800E0C9E018
:10068000F5F758FE18A90872002269460A7401227B
:10069000520220A98A81832808D0002809D0218FFE
:1006A000E54881427ED10020208778E08888208339
:1006B0004DE7606B002808D031462046229AFFF7AC
:1006C000E3FB18A90872002869D12B463A46304648
:1006D000229900F056FB039061E02298022E4078A8
:1006E00001907DD1002801D0012879D108206946E8
:1006F00008740198087521A800901B9800220178C1
:100700002046019BFFF7B0FC6946002248758A75B8
:10071000002802D10198012809D0208F002806D096
:10072000002008740120800220A988810EE004A81E
:100730003399F2F774FF0390002069460874012092
:10074000800220A988810398022807D0BB4800684E
:100750008079002805D018A908722BE00198208321
:100760001DE00398002803D0812018A9087240E0FA
:1007700021A800901B98012201782046019BFFF7D9
:1007800073FC18A9087220463499FFF753FC18A986
:10079000087A002803D11920287001203880684683
:1007A000007C00E03CE0002804D004A83399F2F774
:1007B00036FF0390039800282ED01AE0062012E599
:1007C0002078000713D5012E11D109216846017444
:1007D000A188818204203499FCF771FE082100E091
:1007E00005E020A88181CDE60198400612D50320BE
:1007F000039020A9208889890843208020A988891E
:100800004005400E04D026992B98086026988680D3
:100810000398AAE40420E6E418A8007A00280ED081
:100820000120287022980078687020A88088A8701D
:10083000000AE87018A8007A28710520388020A9DD
:100840002088898988432080E2E7FFB50746A1B068
:1008500000201C903A7801209040794A7C68104032
:1008600010AA1087744B22885B1C9A4203D0002880
:1008700004D0100702D5012025B0F0BD249E002031
:10088000307023980025028810A8028518A80575E5
:100890006A4B68461972057404A8186020462C300B
:1008A0001B902A985860249E94463878721C052123
:1008B000039201282DD0022808D003287DD130785A
:1008C000800980011D303070B889A08038780228F6
:1008D00004D13078800980011B303070F01C1FAAD1
:1008E00001900292009110A8008D0022C01E83B2D8
:1008F0002020015DB889F5F701FF0028DED10398BB
:10090000B9890170090A417010A9888FC01C088537
:1009100028E1787B18AA10753A7B012A02D0022AB6
:10092000CCD1FCE022887F231B011A4010AB1A8730
:10093000802A4AD006DC102A10D0202A0ED0402A65
:100940000AD124E0FF3A013A65D0FF3A013A79D062
:10095000FF3AFF3A022A76D00525A2E02078C006A9
:1009600001D5082000E010201C9004206A46107475
:10097000002090821AA81DAA1EAB03960192029035
:1009800000933B8A20461C9AFFF79AF984E0228B59
:100990003B8A9646934268D10A221C92002839D19C
:1009A000039801906046401E1FAA83B20292202045
:1009B0000091015D0022704600E0BAE0F5F79EFE6E
:1009C000014618A801750B201AE0228B3B8A964637
:1009D00093424AD10C221C92002862D103980190C4
:1009E00060461FAA401E0292009183B22020015D42
:1009F000628C7046F5F782FE014618A801750D203D
:100A0000307010A8818F491C01850421684601744B
:100A1000218B818245E0238B3A8A9C469A4224D1DD
:100A200012221C9200283CD1606A002813D00022B8
:100A30006B4607C3638C07E0FEFF0000B40E002086
:100A400009F800000DE04BE02020015D6046F5F75D
:100A500071FC18A9087513203070012010A90885B1
:100A60001FE0398A228B914201D00425B6E016217D
:100A70001C91002815D11B98818802682046FFF739
:100A800003FA18A9087500280BD11B983346016892
:100A900080881AAA00F075F9054602281BD0042D9B
:100AA00019D01B988088002811D06846007C002847
:100AB00004D004A82A99F2F7B2FD05460120694640
:100AC00008741B981B990068059000208880002DF1
:100AD00048D0052D2ED06846007C032878D07DE0D4
:100AE00018211C91002806D0388A20832046B96836
:100AF000FFF7A0FAD5E72046183000902020015DCE
:100B0000237E01222046FFF7AFFA18A908750028B6
:100B1000ECD119203070012010A90885E6E7208863
:100B200001214902084010A90887FF38FF38022830
:100B300006D0052510A92088098F884320804DE024
:100B4000208F9849884290D116201C90386900283F
:100B500005D06063B88A20870020608702E000200B
:100B6000C043208710A8008F7F21090102468A43D5
:100B70000DD0782300220420B968FCF7FBFB3878FD
:100B8000A07010A92088098F0843208002E02188E6
:100B9000814321806846007C002805D08248416856
:100BA00004A8F2F73CFD054618A8007D002815D0E2
:100BB0001C98707001203070208BB070000AF070AB
:100BC00018A8007D3071052110A8018506E0FFE717
:100BD0007548416804A8F2F722FD05467248017A7B
:100BE00020884005400E22D11B98808800281ED006
:100BF000239A0026138810AA1385249A2A9B6F46ED
:100C00004CC71B9A039412681AABFFF78DFA05467E
:100C100002280CD00120694608741B982A990068A4
:100C2000059004A8F2F7FBFC05461B98868010A8E7
:100C3000018D2398018028461EE600B597B0042850
:100C400007D102206A461070019100216846F2F730
:100C5000E6FC17B000BD10B5534C037800222168A4
:100C6000012B02D0022B42D126E00B78002B01D0C1
:100C7000042B03D10A712268032111702168838833
:100C80000A79D200921D8B5221680A79D20008326B
:100C90008918C2880A80216803890A79D2000A3239
:100CA0008B52428920680179C9000C314252216877
:100CB0000879401C08711EE00A7482888A802168C5
:100CC000C288CA80226801891181226841895181C4
:100CD000C1682068C1606168F2F7A1FC0146022882
:100CE00007D02068007C002802D1002903D0812091
:100CF00010BD832010BD002010BD406B002800D027
:100D0000012070478178012909D100880521C90295
:100D1000884202D0491C884201D10020704705203A
:100D20007047F7B586B00024684615460F468481A3
:100D300005261AE0049841780278090211432980B7
:100D4000811D019602940091417902790B021343AF
:100D5000C178827809020A43417800780902084381
:100D60003946F5F7E7FA002806D104AA03A9069840
:100D7000FFF7BFF80028DDD0822800D1002009B09D
:100D8000F0BD10B51488844201D2052010BD17248F
:100D90001C701080421E581C491C05F0C6F900202A
:100DA00010BD0000FEFF0000B40E002010B540484A
:100DB00004F04DF9002801D00C2010BDFF211131A5
:100DC0003C4805F011FA3B4901200870002048809A
:100DD000E03188718874887520310871344804F0D6
:100DE0004EF9002010BD10B5314804F028F9002854
:100DF00003D031A1312005F016FBFFF7D7FF002803
:100E000003D02DA1382005F00EFB10BD10B504460F
:100E1000274804F01CF9002801D00C2010BD2549FA
:100E20000878002807D0002008702148216004F0CD
:100E300026F9002010BD1E4804F021F91F2010BD26
:100E400070B505460C461A4804F001F9002801D097
:100E50000C2070BD174A5088A84202D11078002893
:100E600004D0134804F00BF9122070BD1048226022
:100E700004F005F9002070BD10B504460C4804F0DC
:100E8000E6F8002801D00C2010BD0A48017800299E
:100E900007D00020C0432080054804F0F0F812205D
:100EA00010BD40882080024804F0E9F8002010BD01
:100EB0009D000020C00E00207372635C6C6C5F6448
:100EC000622E630010B5282105F08CF910BD70B5B5
:100ED000054600780A0700090001120F1043287028
:100EE0000B0005F091FB07050705070509050B0039
:100EF000062408E00C2406E0222404E00024F2A1E9
:100F0000572005F090FA68788009800120436870C6
:100F100070BD00780007000F704710B50622C01C96
:100F200005F003F910BD10B50622093005F0FDF8F3
:100F300010BD0278BF23C9071A40490E0A43027048
:100F4000704702785206520EC9010A430270704778
:100F500070B515460E4604461F2A03D9DAA1A8200B
:100F600005F061FA20462A463146093005F0DDF8E1
:100F70006078AD1D80098001A906890E0843607064
:100F800070BD70B515460E4604461F2A03D9CEA182
:100F9000CC2005F048FA20462A463146093005F0B3
:100FA000C4F86078AD1D80098001A906890E084348
:100FB000607070BD70B501780907090F03292ED044
:100FC000052931D1411C827E0C46437E1102194312
:100FD000037FC27D1D02037EC67E1B021343827DFA
:100FE000407835438006800E22281DD106291BD368
:100FF0001920C001814217D8FF26F436B54213D814
:10100000002A11D0082A0FD88A420DD28B420BD861
:10101000617F227F09021143814207D904E04078B1
:101020008006800E0C2801D0002070BD012070BD0C
:1010300000210A464254491C2229FBDB704710B5A7
:1010400002788B07920892009B0F1A430270427835
:10105000520952014270012908D0022906D0032901
:1010600005D0FF2098A1EE3005F0DDF910BD01217B
:101070000A43427010BD10B502788B0792089200A7
:101080009B0F1A43027042785209520142700129A3
:1010900007D0022905D0032904D08BA18E4805F082
:1010A000C2F910BD01210A43427010BD00788007CB
:1010B000800F70470278EF23C9071A40C90E0A4310
:1010C0000270704770B50546C1700B0005F09CFAC0
:1010D0000E080A0C0E1012120C14141212160C1810
:1010E0000C2413E0082411E002240FE017240DE083
:1010F0000D240BE0012409E0092407E0062405E0A3
:101100007548002470A1A03005F08DF96878400979
:1011100040012043687070BDC0787047017AC27981
:10112000080210437047817A427A080210437047E0
:10113000017BC27A08021043704781794279080224
:101140001043704700797047817B427B080210434F
:10115000704770B5017AC37909021943431C857A37
:101160001C46467A2B023343657926792C02344398
:10117000C21C5A4E00798D1FB54214D8FF25F43594
:10118000AB4210D800280ED008280CD888420AD2CA
:101190008C4208D8507A117A00020843B11D884267
:1011A00001D8012070BD002070BD0B4610B5011D97
:1011B0000522184604F0B9FF10BD817A427A080270
:1011C0001043704701717047007970470B4610B5A6
:1011D000011D0822184604F0A8FF10BD027B0A700A
:1011E000407B487070470B46014610B508220E310F
:1011F000184604F09AFF10BD0B46014610B50422B4
:101200001631184604F091FF10BD10B50822001DDC
:1012100004F08BFF10BD10B504220C3004F085FFE4
:1012200010BD017170474171090A81717047C17128
:10123000090A017270470079704781794279080282
:1012400010437047017AC279080210437047017158
:101250007047017170470B4610B5011D08221846F2
:1012600004F063FF10BD10B50822001D04F05DFFFF
:1012700010BD70B515460E4604461B2A03D912A1AF
:10128000174805F0D0F82A463146E01C04F04DFF1F
:101290006078E90640094001C90E0843607070BDDE
:1012A00070B5054640780E46C406E40E1B2C04D9E2
:1012B0000B4805A10C3005F0B6F82246E91C304673
:1012C00004F033FF204670BD7372635C756C5F7011
:1012D00064752E6300000000070200007A0C000015
:1012E000F7030000C1074008C207C90FD20F511809
:1012F0004008C207D20F51184008C207D20F511838
:101300004008C207D20F51184208D007C00F40183A
:101310005208D107C90F0918500840187047002219
:1013200002808271C271C2720273427382738270D0
:10133000C270027142714276828303464284203336
:101340009A7102859A72C2750276C2730274DA7259
:101350001A739A7319750284FF21603081709A752F
:10136000704770B504460020A083208C1E46484379
:101370001546114604F061FF2084F000294604F070
:101380004EFF401C80B20146192269439202E0835D
:10139000914201DD401EE0837D202946000204F0D9
:1013A0003EFF401CA08470BD70B50546087B0E460C
:1013B000C006C00E08730020A87504463019007AD4
:1013C000FFF790FF29194874A97D641C0818E4B23E
:1013D000A875052CF2D3C0B2252803D979A18A209B
:1013E00005F021F870BDF8B5044630302646274692
:1013F0002546C036A03780350090032909D0002942
:101400001AD0012924D0022902D1A11CFFF7CCFF58
:10141000F8BD1146FFF783FF002028836883A88367
:10142000E883288468847871E88538732621085514
:10143000A08430703071F8BD0020E885B871A188B3
:1014400023890A460098FFF78CFFA11C0098DDE76E
:101450000020E885B38A328AA1880098FFF781FFCF
:10146000F8BD70B5867D0D460446002E01D0252EB0
:1014700001D9122070BD002A18D0287EE17D50438A
:101480000818252104F0CBFE0846E1754207520FEB
:10149000C908504B69189A5C097A8A4368D031466A
:1014A00004F0BDFE491CCAB2002007E0002070BD58
:1014B000002803D02118097C511ACAB22118497C8E
:1014C00091423AD32918097AC943CB07DB17D21ABC
:1014D000521E1206120E35D08B07DB17D21A521E7F
:1014E0001206120E30D04B07DB17D21A521E12060C
:1014F000120E2CD00B07DB17D21A521E1206120E38
:1015000028D0CB06DB17D21A521E1206120E24D098
:101510008B06DB17D21A521E1206120E20D04B0673
:10152000DB17D21A521E1206120E1CD00906C9175A
:10153000511A491E0A06120E18D0401C0528B7DBA6
:101540001F2070BDC00013E0C000401C10E0C000B0
:10155000801C0DE0C000C01C0AE0C000001D07E0B8
:10156000C000401D04E0C000801D01E0C000C01D9F
:1015700020769BE738B505460C466846FEF738F8F6
:1015800000281ED0694600200856207209216156A5
:101590000022411A00D5494220356B798B420FDC7D
:1015A000FF2B0DD0A17A491CC9B2A172AB79994227
:1015B00002D8617A7F2903D160720020A0720122D3
:1015C000104638BD7372635C6C6C5F7574696C2E09
:1015D000630000007667010010B5040004D0FF200E
:1015E000FAA1AB3004F01FFFFB4821464143FB4802
:1015F000FF230918FF330022581C5A544254C81DB7
:10160000FF30FA3002704270F448001FC378A342E2
:1016100002D18270FF23C370EF48EF4BC01E081841
:101620009B1EC91802700A7010BD70B5EB480026E9
:10163000001F8670FF24C47035462846FFF7CCFF94
:101640006D1C2D062D0EF8D00020E4490B229201CE
:10165000E14B43435B189B181E74401C0006000EB0
:10166000F6D0DF48FFF7E4FC0021DD48FFF722FD5C
:101670000121DB48FFF7E3FCDA4804704470847012
:10168000C4700471447170BDCFE71B20704730B542
:101690000021D24A0B239B01CF4C4C43A418E418E1
:1016A000247C002C05D0491C0906090EF4D000202A
:1016B00030BDC94C01254C43A218D21815740170D5
:1016C000284630BD10B5044600F0D0F900280CD0F3
:1016D0002046FFF781FFC0490B224C43BF49002041
:1016E0006118920189180874012010BD10B50446D4
:1016F00000F0BCF9002802D0BA484471012010BDA6
:10170000034610B5B748B44940794843B349421835
:101710001046FF30E130C17F807F04F0D5FF10BD5F
:1017200010B5B048AC4940790F224843AB49401846
:10173000A949D239095CFF30FF3004F09FFF10BD8A
:1017400010B5044600F092F9002802D0A5480471B3
:10175000012010BD034610B5A2489F4900794843B7
:101760009E4942181046FF30E130C17F807F04F06F
:1017700098FF10BD70B59B4C97492079974D484311
:101780004019C11DFF31F931FF30E130807F0F2258
:1017900004F064FF002813D020798F494843401992
:1017A000FF30FF3002300178491C01700178407829
:1017B000814204D1884885A1773804F034FE0120A5
:1017C00070BD884884490079484384494018FF30F7
:1017D000E130C17F807F814201D10120704700202C
:1017E000704770B57F487C49007948437B49401871
:1017F000FF30E130867FC57F0F242946304604F054
:1018000026FF002801D0204670BD70066906400EF4
:10181000490E884201D3401A01E0081A201AC0B2CA
:1018200070BD0F20704770B50C46054600F01EF9DC
:1018300000280ED0002020706748454367482818CC
:10184000FF30FF300230017842788A1A22704170EE
:10185000012070BD70B50C46054600F007F9002860
:101860000BD05D4845435D482818FF30FF300230FB
:1018700001784078081A2070012070BD5849016035
:10188000704710B5044600F0F1F8002802D0554822
:101890000470012010BD5149091FCA78FF2A02D0E7
:1018A0000021016007E08A784C492439012A02D0DE
:1018B000016001207047002070474848801E017871
:1018C000012908D001210170464801784348001FD2
:1018D000C170012070470020704710B5044600F029
:1018E000C5F8002802D03F484470012010BD3B4994
:1018F0003C4B091FCA785B789A4206D18A78203916
:10190000002A02D001600120704700207047334850
:10191000344A001FC1785278914209D1FF21C17029
:10192000801C0178002903D000210170012070473C
:101930000020704729482B4A001FC17852789142F5
:1019400004D18078002801D0002070470120704722
:1019500010B5044600F08AF8002802D02148C4706F
:10196000012010BD034610B51E481B49C0784843EE
:101970001A494018C21DFF320B21FC328901401860
:10198000C17B807B04F0A0FE10BD10B51548124944
:10199000C0784843114940180B2189014118C97B7F
:1019A0000D4AD21E8018062204F068FE10BD0D48B4
:1019B0000949C0784843094941180B20800108189B
:1019C000C17B807B81420FD1012070477372635CC1
:1019D000646D5F712E630000D1020000F40F0020DF
:1019E000C51200209E0000200020EEE710B504463E
:1019F00000F03CF8002802D021488470012010BD7E
:101A0000034610B51E481F49807848431E494018B8
:101A1000C21DFF320B21FC3289014018C17B807B43
:101A200004F03FFE10BD10B51548164980780B2212
:101A300048431549920140181249891E41188018DF
:101A4000807B062204F00AFE10BD0D480D49807807
:101A500048430D4941180B2080010818C17B807B49
:101A6000814201D10120B0E70020AEE7002805D176
:101A70000648007C002801D00120A6E70020A4E74A
:101A80009E000020D1020000F40F0020B4120020BC
:101A9000F8B5FF4E0446B079002500280AD0002989
:101AA0002DD1657010202070F079A070307AE07030
:101AB000B57124E0F64F203F387A012804D0707ABF
:101AC000012810D00020F8BD002918D1657013201E
:101AD000EF4920701C221639A01C04F026FB0120BF
:101AE000A0713D720BE0002909D165701420E8490E
:101AF000207008220A31A01C04F017FB7572012027
:101B0000F8BDF8B5E3480178002902D00C2630462C
:101B1000F8BD0026DE4D3446403D2E756E75EE75DF
:101B20002E76AE75294620396E730F464E734037B8
:101B30007E717F218170687E002804D0FDF73DFD15
:101B4000FEF766F86C763C72D14884711430FFF76A
:101B5000B9F9CF483C30FFF7B5F9D8E710B5CD4B10
:101B600000221A70CA4B203B1A711A46603A11665D
:101B7000D065FFF7C6FF002804D0FF20C6A187303C
:101B800004F051FC10BDC2484038007D7047C04988
:101B900010B54039C87B897B42078307D20FDB0F22
:101BA000D218C007C00F101840000B0004F02CFD25
:101BB000050B060B04080F00BB4906E0BB4810BD2F
:101BC000B949083101E0B8490839085A10BDFF2069
:101BD000B1A1A73004F027FC002010BDAC48B449E7
:101BE0004038008A48437047F8B5A94C0646407B08
:101BF000403CE07337791346A773012F26D0308815
:101C00002082A348B27B203882710546603D29704E
:101C100006221946681C04F088FAB0796873062217
:101C2000F11DE81D04F081FA607B0126002800D038
:101C3000667597486038407B002800D0A6753B0049
:101C400004F0E2FC0506082549084B000020D7E710
:101C500000211DE08E4801211430FFF738F98C482F
:101C6000E91D1430FFF75FF9687B002807D00128D1
:101C700007D0FF2088A1EE3004F0D5FB0CE0002156
:101C800000E0012182481430FFF75BF904E00621EF
:101C90007F481430FFF71BF90020E07520767C4860
:101CA000691C1430FFF739F9794829781430FFF7A7
:101CB00040F9774804213C30FFF709F97448691C62
:101CC0003C30FFF72AF9724829783C30FFF731F9A8
:101CD00026750020F8BD0221DAE7FF206EA1F8305A
:101CE000CAE770B56A4C0125403C0346257620467C
:101CF0002030007A002801D03A2070BD64480022CC
:101D0000803806789E4206D1E2750622401C04F017
:101D10000CFAE57500E02276002070BD70B504462F
:101D20005B4D0020403DA87528462246323804F01D
:101D3000FCF92846203844730120A87570BD544929
:101D400020390871704710B5514C0022403C627533
:101D5000607302462046123804F0E7F901206075EE
:101D600010BD4B49203948717047F8B500F0A4FB0D
:101D7000474C0025403C607E002804D0FDF71DFC48
:101D8000FDF746FF6576434F3D70FDF793FBA07B63
:101D9000012804D00021084601F0A6FAF8BD002170
:101DA000022001F0A1FA3A4C203C207A002809D008
:101DB000374881790029F1D11321C17105720121C0
:101DC0008171F8BD78780028FBD0314E0622803E24
:101DD000707BE0733078A0753046F11D703004F0F0
:101DE000A4F930460622711C773004F09EF93C209D
:101DF000A072012020727D70F8BD10B5244C403CCB
:101E0000E17BA07CCA0701D0C2070BD08A070FD59F
:101E100082070DD42620FDF777FAA07C0221084323
:101E2000A07410BD2520FDF76FFAA07C0121F6E714
:101E30004907F6D54007F4D42720FDF765FAA07CC2
:101E40000421ECE770B5134E3078002872D1104CA5
:101E5000403C207D00286DD0FDF71FFB0025A574B8
:101E6000E57475702846FDF715FB0020FDF78CF929
:101E70000D480D38FDF73FFA0B481038FDF7F7FA1B
:101E8000FDF76CFBFFF7B9FFFDF7FFFA012111E049
:101E900068130020A40000207372635C6C6C5F61A7
:101EA00064762E63000000008E6701009A8913009B
:101EB000710200000020FDF743FA0F210520FDF715
:101EC000C1F92646403E3178701CFDF7ADF9A07B84
:101ED00001280CD004280AD0607D002807D02146B4
:101EE00012390846627B6630FFF732F86575A07DCF
:101EF000002807D0FE480146427B12399C30FFF78C
:101F000040F8A575306E0178002903D00178001DD6
:101F1000FDF7C8F9F06D0178002906D0F44A401C9D
:101F2000C732FDF754FE01206076FDF7C3FA0020AA
:101F300070BDFFE70C20FBE7EE494860704770B5C5
:101F4000050001D0FFF759FFE94C2034E07C002860
:101F50000AD0A07B012804D19920E749C00004F0F1
:101F600062FAFFF702FFE3E7002D0DD00221002007
:101F7000FDF7E6F9DE4840300079032801D001285A
:101F800002D10220FDF73BFCE07D002600280DD0A9
:101F9000D74D203D2846691C9430FEF7BEFF2846E9
:101FA000691CBC30FEF7B9FFE6752676D048743060
:101FB000FDF786FAA07B030004F026FB0504040469
:101FC0000D04090001210846FDF79FFB03E0CA4903
:101FD000CA4804F028FAE17BA07C81430120002953
:101FE00003D1A17B012903D0E074C24908709FE7A7
:101FF000A674FAE710B5FDF750FABE48007800283D
:1020000018D1BB482030007D002813D00020FFF7F6
:1020100096FFB74840300079002809D001280FD03A
:10202000022805D003280BD0B349B54804F0FBF9CA
:10203000002010BD00F040FAFDF73CFA0C2010BD66
:10204000F0F7E6FFF4E7AB49012048707047F8B5B8
:10205000002400F0E0FF002824D0FF202D30FDF701
:102060006CF9A44D2878A24F403701281DD00228D2
:1020700001D0032834D0A2489F496B3004F0D3F933
:10208000287800280DD0387900280AD0012808D0F7
:10209000022838D0032836D099489749803004F078
:1020A000C2F9F8BDFFF761FEF8BD914E2036B07B56
:1020B000032815D0707E002803D0FDF798FDFDF7AA
:1020C00074FA8B48C430FDF7FBF9B07B012812D0BD
:1020D000042810D0B879012806D0032804D004E0E1
:1020E0000120FFF72CFFCBE7102421460E200143EF
:1020F0000020FDF70AFB7879012801D1FDF76FFA7E
:1021000002202870BCE728780228CDD10120FDF7F5
:1021100076FBF8BD70B5764840304079012801D192
:1021200000F0D4F9724C2034607E002803D0FDF713
:1021300044FAFDF76DFD00F06EFF00280CD06D4DE8
:102140002878022804D06E486B49A33004F06BF95C
:10215000A07B012803D006E0FFF707FEE8E6992000
:102160008000FDF7EAF80120FFF7E9FE2878002853
:10217000F4D028780128F1D039205F49000104F01B
:1021800052F9D5E6F0B5074689B000200690FDF774
:10219000AEF800900020019056480078022804D044
:1021A00057485549F03004F03EF9514D40356879B3
:1021B000012801D100F08AF94D48C430FEF7A9FE8C
:1021C0004B4E04462036002F70D03046A430FEF728
:1021D000F1FE0028F8D0FDF731F80028F4D0707E29
:1021E00000280AD005277F1EFFB2FDF72CFD02282C
:1021F0000FD0012800D0002001903D492046C43175
:102200000C46643C030004F0FFF906A4A4A40CA44B
:1022100056A4002FE7D177203AA1C00004F003F9BB
:10222000E9E7B07B012841D004283FD0019A00980B
:10223000104304D1A879002801D0022836D168794A
:1022400001281DD1607A00281AD101206072087817
:1022500006224006C00FA0722548C91C6B3003F04F
:1022600064FF244C224FA07871377F2804D1A92025
:1022700024A1C00004F0D7F8A07838707F20A070A7
:102280001B489C30FDF71CF91A480321017028797E
:10229000002860D001280AD002285CD0032806D08C
:1022A000164818A1E03804F0BEF854E051E00120CF
:1022B000FDF7A5FA4FE00E480F462038C978C079DF
:1022C000814230D10A4839792038027A91422AD1A4
:1022D0007979427A914226D1B979827A914222D192
:1022E000F979C27A91421ED1397A027B914211E08A
:1022F00008130020A4000020981E0100F60400002E
:10230000DE0200007372635C6C6C5F6164762E6346
:102310000000000007D13978407B4906C90F81428F
:1023200001D1012100E00021B07B012801D0042867
:1023300001D100290AD100280BD101990098084346
:1023400004D1A879002801D0012802D1307E0028CC
:102350001FD001200690707E002803D0FDF72DF9D4
:10236000FDF756FC0698002802D00120FFF7E7FD94
:102370005D48017800290AD00178012907D000784A
:10238000032804D095205949C00004F04CF809B046
:10239000F0BD55480422406855490F3003F0C5FE92
:1023A000387806224006C10F4F4840680177F91C73
:1023B0001D3003F0BAFE4C484D4940680322091D08
:1023C000133003F0B2FE4848494A4068B97D817530
:1023D0000F3A117ED37D09021943018311468B7E8A
:1023E0004F7E1B023B438380137FD77E1A023A4302
:1023F000C2808A7F4B7F1102194301813C4905222B
:1024000010310A3003F091FE3948374A1130017912
:102410005768C906C90EB97600794009F876287A56
:10242000002809D0A07900283AD11320E0710020BB
:1024300020720120A07133E00020A8727888B08556
:10244000387FE8732A48394606221D31833803F065
:102450006CFE27490622F3390878A87508467730BC
:10246000491C03F062FEB888F087F888208038891C
:102470006080F87E20710198002860790BD00121DE
:1024800008436071FDF7F2FB61794000C907C90F8D
:102490000143617102E04008400060710120287230
:1024A000114C0020207000F007F8FDF703F8012020
:1024B000616800F019FF4EE710B5FDF76AF8FDF707
:1024C0005DF8FCF7B5FFFCF7DAFF10BD064810B564
:1024D000801CFDF78DF8002802D103497F20887009
:1024E000FDF774F810BD0000A400002004230100D3
:1024F000DB1300208107C90E002808DA0007000F4F
:1025000008388008F74A80008018C06904E0800815
:10251000F54A800080180068C8400006800F7047A8
:1025200010B500F03BFF10BD70B5F04C0546626879
:10253000002908D0002A04D0FF20EDA10C3003F0C0
:1025400072FF656070BD002A04D1FF20E8A112303F
:1025500003F069FF0020606070BDE948C07E7047ED
:10256000E7482830C07E704738B5E04C20680168E5
:102570004978012925D001216846FAF7C9FC684647
:102580000078E049000203F04AFE2068426AC06811
:1025900012685118FBF7ADFC2168C860D84A206862
:1025A00028320321904218D0028B002A15D0012234
:1025B0004272017200210171021D017F00F0FBFED9
:1025C00038BD7D21C068C900FBF793FC2168C86055
:1025D000FFF7DDFA21680861E0E7028B521C0283F5
:1025E0004172E6E7FFB5C64E85B0706A346805688B
:1025F00060680190306A0390298E0798401A80B273
:1026000002900898002804D02746383720464830E2
:1026100002E0371D2846A830009003203871059845
:10262000002820D001287DD002285ED003287AD04F
:10263000AFA1B54803F0F7FE0898002807D0387915
:10264000032804D0B048AAA1093003F0ECFEA16A27
:102650007069FBF74EFCB860616A206A88427DD9D8
:10266000009801601FE1306A002804D1A648A0A1AB
:102670007A3803F0D8FEA449288B373948434018EC
:10268000069900F0A6FEA0619F49A8883739484303
:10269000069900F09EFEE061316A9B48891CA162A8
:1026A0002A8B37384243A069974B121AE63BD2185F
:1026B0005118A162944BAA7D373B5A4340008018C1
:1026C000FF30193020626062306A081AED21FF384D
:1026D000C90015388842AFD28C49884204D28A4852
:1026E00083A15D3803F09FFEB6E0874A288B373A16
:1026F000E16850430818069900F06BFEA06182491A
:10270000A88837394843069900F063FEE061306AD3
:10271000002804D17C4876A1553803F084FEAE2011
:10272000405B01E02CE05AE00028288B784AE16801
:102730001DD050430818A169401AA0622169A06801
:10274000734A4843A1694018A97D4000514340188D
:10275000FF3017302062A888504300E0A1E0E16913
:10276000411A6F20C000081A6062A06A34E050432A
:102770000818A169401A3168D63849684018DCE762
:10278000284680300190C08D002802D0306A002891
:1027900004D15F4856A1401F03F045FEA8885C495C
:1027A000E3694843C01AA06201999C46CA8D216919
:1027B000A368521A4B43A169591863465343C91879
:1027C000AA7D534B49005A438918FF3117312162C2
:1027D0006F21C900411A6162316A401A35E00898D8
:1027E000002803D03420005D002878D1A88848490B
:1027F0004843E169401A02994843A0622846803064
:102800000490C08D0028019829D0002804D03E48AB
:1028100037A1163803F007FE04983D4AC18D02988F
:102820000818E16948434000FF3017302062A8884B
:102830005043411A6F20C000081A606200F0AEFDDC
:1028400000281CD0A16A0398081AED21FF38C9009E
:102850005538884200D3EFE601203871ECE60028B5
:1028600002D00398002804D1294821A11A3003F08E
:10287000DAFD0198A16AD6380818A062CCE7FBF708
:102880009EF8726901461046FCF7BFFAA16A081A61
:10289000ED21FF38C90050388842DCD2012009B050
:1028A000F0BD0099086000981A4900688035081842
:1028B000F860298B0798081A00B2002804DD0598F3
:1028C000022801D0032000E00120787108983870B8
:1028D0000898002820D03420005D00281CD0022059
:1028E000DDE7000000ED00E000E400E0B4000020BF
:1028F0007372635C6C6C5F6C6D2E73302E630000C2
:10290000F413002010270000190500002902000020
:10291000E20400004B1700000898012148402034D1
:102920006075317F3A46304600F045FD0020B6E73D
:1029300010B5FE4900280A68516A096807D0126874
:102940008988FB4BD2695943891A03F068FC10BD92
:10295000F8B5F64F38680468416A26460D68203697
:10296000717D00290AD0618E2A8E914206D1407A6B
:10297000012803D1EF49F04803F055FDFBF71FF89C
:10298000014638684069FCF740FAFFF7D1FF2A8E0C
:10299000618E1318994202DB491C618602E0401CDB
:1029A00010186086B07D002806D19C21608E495B9E
:1029B000884201D1401C6086DC480168088B0328EE
:1029C00002D2401C088302E0618E982041532846C1
:1029D00040300646C1898089081A298E401E401859
:1029E00087B218E0D148EB7E00685B00406A00794E
:1029F0004100D248415AC05A401881B2207D00237C
:102A0000FFF7F0FD00280FD001280ED0CA48C949B1
:102A10003A3003F008FD628EB81A00B20028E1DAFD
:102A20000820B07200F010FEF8BD608E401C608679
:102A3000F1E770B5BD4D002168680162C27E1300E8
:102A400003F0E2FD045656034A56426A14680268CF
:102A500011700268516000682030407D002808D164
:102A6000FAF7ADFF69680968096CFCF7CEF9002830
:102A700018DC6868228E0168498E914206D1214691
:102A800080318B8B9A1ACA83238605E0891A9E228D
:102A900011530168498E21860268C1681164C168BA
:102AA000416111E068680168098E228E8B1A224606
:102AB0008032D3830168098E218601680B6CC36064
:102AC0000B6C4361886C9062204601F0D8FC0028B2
:102AD0000DD098499A4808E0C1684161FFF7B2F902
:102AE000002804D096489349801D03F09CFC70BDDB
:102AF000934890490D30F8E710B58C4A0B001268E6
:102B000003F082FD0906090F1F0C2E2E082B2E0044
:102B1000FFF78FFF10BD00F068FC10BDFCF772FEE0
:102B200010BDD07E022806D0D07E032806D0FF201C
:102B30008049A3300EE0FFF70BFF10BDFFF714FD37
:102B400010BDD07E0228F6D0D07E0328F6D0FF201C
:102B50007849AE3003F067FCF0E7FAF715FF10BDD7
:102B6000FF207449BC3003F05EFC10BDF3B581B0AA
:102B70000E4601276D4D734C0B0003F045FD090611
:102B80002F39392F40403939400001216D48FFF776
:102B9000CBFC31460198FFF7AFFFE07E022826D13B
:102BA00068680568406A0668FAF7E7FEB188604A17
:102BB0005143EA69891AD639E962B72802D26248D4
:102BC000081803E0081A6049B7314018E8625F4806
:102BD000E96A814200D80846E86205E00198FFF7FB
:102BE0008BFFE07E022802D1206820300775FEBDF1
:102BF0002C600198FFF780FF00202860FEBDFF20B9
:102C00004C495C3003F00FFCFEBD70B50C46064627
:102C10000B0003F0F9FC09060D10100D1A1A101024
:102C20001A00484801212830FFF77EFC2146304633
:102C3000FFF762FF70BD43483C4D283028603046A6
:102C4000FFF75AFF0020286070BDFF20394982300D
:102C500003F0E9FB70BDF0B5344C0020216885B06D
:102C600003258D76CA7E0746032A03D0C97E002934
:102C700029D029E0087F002803D12E49344803F0E9
:102C8000D2FB2068067F684605714571FAF797FE0A
:102C90000290FF20F53003900121684601706946DB
:102CA0003046FBF70CFB00E020BF2068007FFCF7FC
:102CB00038F90028F8D02068007FFAF765FE206810
:102CC000077700F072FB012021688F7605B0F0BD18
:102CD00016490A68907600E020BF0A68D07E002876
:102CE00003D0D07E937E9842F6D0D07E002803D0C9
:102CF00000200021917670470120FAE770B5114954
:102D00000024CA7E094D032A03D02831CA7E032A33
:102D10002ED12960002827D0012821D00C48054950
:102D2000973003F080FB0020296813E0B4000020F6
:102D3000E2040000F0280100F70500009E67010092
:102D4000A1030000F4130020C4F8FFFF38120000B4
:102D500072020000086048622860002C08D070BD34
:102D60000320FFF7B5FF01E0FFF775FF0446DAE740
:102D70000C2070BDF8B5F94F04461F25E67E3300E0
:102D800003F042FC042920031B20F548844204D0B0
:102D9000FF20F449FC3003F046FB02203C60FFF7C3
:102DA00097FF002805D03968002008604862386025
:102DB00011E00C25002038600AE00120FFF79EFF9B
:102DC000054603E0E749E84803F02DFB002D02D05B
:102DD000E07EB042D2D1E07E002804D0E248E14952
:102DE000801D03F020FBF8BD10B5DD48FFF7C2FFE2
:102DF000DB482830FFF7BEFFD94900205031087565
:102E0000D649C91F4870D64948610A4628325061E0
:102E100088769076D1494860086010BD70B5044648
:102E20000120FFF767FBC5B20B20FFF763FBC0B2C1
:102E3000854204D0FF20CB49C63003F0F4FA0120CC
:102E4000FFF758FBC5B21820FFF754FBC0B285420C
:102E500004D0FF20C349C73003F0E5FA0420C04383
:102E6000FFF748FBC5B21920FFF744FBC0B285420B
:102E700004D0FF20BB49C83003F0D5FAB748B849A1
:102E8000083804700020C87688760A462832D07642
:102E90009076B24B012408331C711860486250626E
:102EA00008601060FFF7A0FF70BDAC4908310871E1
:102EB0007047FEB5AA49CA7E08462830A74C002AAA
:102EC00002D1C27E002A03D0C97E022903D005E0C8
:102ED000A648216006E0C17E002901D00C20FEBD7D
:102EE0002060A348FAF7FCFC216808779B4920681A
:102EF000C91F0160C91C4162007F002804D1AD20B8
:102F00009849800003F08FFAFAF737FD9949884213
:102F100000D20846FF30C83086B220680325C57647
:102F2000FEF735FE21680861FEF758FE00270028ED
:102F300027D0FEF753FE21684A6A10600968012015
:102F4000087001466846F9F7E3FF684600788A4949
:102F5000000203F064F90191FAF731FD019971184B
:102F6000FAF7C7FF2168C8602068057245720771CB
:102F7000021D017F00F01FFA2068078300202760F0
:102F8000FEBDFAF71CFD3146FAF7B3FF2168C860B1
:102F900008680770096801204870E5E77047F8B5D0
:102FA0006F4EF17E002904D131462831C97E0029B7
:102FB00001D00C20F8BD0221F176694C674F5034E6
:102FC0000837776234600025386025753979C07E0E
:102FD0004A006A4940008A5A085A2B46101881B2A2
:102FE0002A462846FFF7FEFA002804D0CF205D4984
:102FF000800003F018FA25610120A5602075658620
:1030000025865748703085753968088E401E0886B9
:1030100035830020F8BD10B5504801244068817EFA
:1030200003290CD001684978002906D0006A544968
:10303000884202D90024FFF706F8204610BD00247C
:10304000FBE74648406802681178491C1170016A24
:103050000068C26A914204D8007D012801D0012095
:1030600070470020704700207047F8B53B4C3C4843
:103070002060416A00680D68002634210E54A621A4
:10308000495D00294BD1007D032848D1FAF797FC10
:10309000014620684069FBF7B8FE00283FDDFFF7D6
:1030A00047FC298E401C4118206802681186006880
:1030B000018E9C22525B511A09B200292FDD012199
:1030C0002030817528464030C1898089081A298EB0
:1030D000401E401887B21BE0496A09794A00274917
:1030E0008B5A028E007D9446EA7E5200895AC91896
:1030F00089B201236246FFF775FA00280FD0012834
:103100000FD002280BD01B481649193803F08BF951
:1031100021680868028EBA1A12B2002ADCDA266028
:10312000F8BD20680068018E491C0186F0E7F8B5FB
:103130000A4D00266A680128516A0C6853D1087943
:103140000E4940000B5A1068077D032F1AD0027DEC
:10315000022A24D0007D012834D044E0B4000020AD
:10316000F4130020F0280100070200006D2B01007D
:103170000B2C0100F6050000102700009E670100DF
:10318000D98213000661106886609C20025BE07E95
:103190004000085AC01881B2002303201BE02246D9
:1031A0008032D78D0761E07E928B4000085AC018AC
:1031B00081B200230220FFF715FA6A680121126824
:1031C00011750AE09C20025BE07E4000085AC0189E
:1031D00081B200230120FFF705FA002803D09C49A3
:1031E0009C4803F020F9FAF735FB9B480078EFF78D
:1031F0006FF8686806830268218E51860068203067
:103200008675F8BD38B5944C0021083460680D46C9
:1032100000684278002A01D045701FE0007800283D
:1032200009D001216846F9F773FE684600788B499A
:10323000000202F0F4FF6068426AC0681268511828
:10324000FAF757FE01466068C160057103214172BB
:10325000021D017F00F0AFF860680583FAF7FAFA03
:103260007D480078EFF734F838BD7B4A10B5014649
:10327000083250680B0003F0C7F9060D1504081753
:103280000C31012100F0D1F807E00021106800F0B6
:10329000CCF810BD0120FFF74AFF00210846FFF7D8
:1032A00043F910BD032116E0416A02680968D36939
:1032B00093608A886A4B5A430368DA600A46C032D0
:1032C000D3890B83137B8B75138A8B80538ACB80B6
:1032D000928A0A8102210068017510BD5D485C492F
:1032E000913003F0A0F810BD70B500280BD05A4CF7
:1032F000083401280ED002281ED056485449B43054
:1033000003F091F870BDFFF77DFF00210846FFF73D
:103310000BF970BD6068002501684D7000F045F83C
:103320000320F5F7B8FEFAF795FA4B486560007888
:10333000EEF7CEFF656070BDFFF764FF606800F0D8
:1033400034F800210846FFF7EFF80420F5F7A3FE54
:1033500070BD414908314968CA7E022A08D10A680D
:103360001378002B04D150600968CA6A1018C8622B
:103370007047394A10B50832526800290CD001292B
:1033800007D0022907D033483149D93003F04BF830
:1033900010BD801E00E0401F106210BD2E48083096
:1033A0004068002800D0012070470021C176817656
:1033B00001604162704710B50B46C17E847EA14218
:1033C00004D011461846FAF77AFF10BDFFF7EDFF5B
:1033D00010BD024610B50020002905D00846504314
:1033E000204902F01CFF401C10BD1B4810B50830DE
:1033F0004068C07E030003F007F9041515030B15A0
:1034000001F05EF900280CD00F2017A1800106E022
:10341000FEF7F0FD002804D0F12013A1800003F096
:1034200002F810BD10A11448F9E710B504460029B0
:1034300003D00020FFF77BFE03E007480078EEF79B
:1034400047FF2046FFF7B1FF0020F5F724FE10BD2F
:10345000F028010092060000AC00002010270000B8
:10346000E204000040420F007372635C6C6C5F6C9E
:103470006D2E73302E630000CB030000F8B5FEF70D
:10348000B0F90446FEF756FAF84E0546706920304A
:10349000407D002809D0012827D002282AD00328FF
:1034A00032D0FF20F2A19A3037E0F0481830FEF712
:1034B0001EFA002801D003200FE0EC481830FEF778
:1034C00049F9002804D070695B21095C002908D003
:1034D000E6481830FEF7D2F90120716920314875AD
:1034E0001DE002212030417519E0E0481830FEF758
:1034F000C5F914E0DD481830FEF72CF900280ED18C
:10350000FF20DBA18C3008E0D8481830FEF7EFF937
:10351000002804D1FF20D6A1943002F084FFB069C6
:10352000F72201781140017072692032937DDB0728
:103530001B0F1943FB2319400170D37DDB075B0F81
:1035400019430170577DEF23022F04D0012F07D0BC
:10355000032F07D00CE0012C06D8002D04D007E083
:103560006D1E2C43002C03D019401023194300E09A
:1035700019400170D17F002916D0517D012913D047
:10358000BF48FBF79DFFBE480021283001767269D5
:10359000916ED26E42610161B949B269FCF7A3FA3A
:1035A0000020FCF7AFFA03E0FBF78AFFFCF7CDFA47
:1035B000B0690078C00606D4F0690078C00602D46D
:1035C000F079002806D0B079002803D101210846FF
:1035D000FCF79BF8032030703079002803D1FBF70B
:1035E000BDFF01203071F8BD70B5A0481C30FEF75A
:1035F000B9F901259D4C002802D00020607002E03E
:1036000065709F48E061606940300078002802D012
:103610006078002805D0E069FBF752FFFCF795FAC7
:1036200070BD9748FBF74CFF9548283005766269D6
:10363000116F526F42610161914AE169FCF753FADF
:103640000120FCF75FFA70BD10B588490023486976
:1036500002462030C3768377012049239854A03254
:103660009279002A03D008700021022001E0002195
:103670000320FFF7FAFD10BD70B57C4C6079C206DF
:103680002046406901468031002A01DA002202E02A
:10369000CA8DCB8BD218CA850246C0321379002B53
:1036A00005D0034640331D8AC98B69181982617A97
:1036B000002903D03D2001F051F94AE003462033B0
:1036C000D97E042945D0217A002913D0480701D496
:1036D000C80601D51E2030E0080701D53D202CE0AA
:1036E000C80705D1880703D461A1664802F09BFE94
:1036F0002A2022E04030817D002905D0418A4D1CDE
:103700004582858AA9420FD2517A062902D0117AC0
:10371000062905D1018B4A1C0283828A914203D279
:10372000028AC1898A4201D3222006E09A7F8089D9
:10373000002A0AD088420FD3082001F00FF96069EF
:103740002030C07E042804D006E0062804D33E20A2
:10375000F3E7FFF779FF70BD0120207000210846D4
:10376000FFF783FD70BD10B5404840690146203128
:103770008A7F002A29D0012A27D0022A06D0032ACC
:1037800004D03BA1404802F04EFE10BDC97E032983
:103790000FD0082919D001464031CA898989511AA8
:1037A000891E89B2032900D303218030828B5118EE
:1037B00009E0014640318A89032A06D3028EC9896D
:1037C00080305118491C018310BD8030818BFAE78D
:1037D00000B5030002F018FF0604070B0F121217C2
:1037E00000290ED00FE0891E02290AD90BE0891F9B
:1037F000012906D907E0082903D004E00B390C2978
:1038000001D8012000BD002000BDFEB505461748C7
:103810001830FEF740F8002804D11B4814A1D13815
:1038200002F001FE114CA069FDF702FC0321A06922
:10383000FDF721FCA069EF220178114001702946B3
:10384000FDF740FC002601272B0002F0DDFE0E5C98
:103850005C085C2C6060255C4C5C603C375C60699B
:103860006521095C002911D0062111E0C400002067
:103870007372635C6C6C5F736C6176652E630000C1
:1038800090140020430200005C080000C030417921
:10389000A069FDF797FC3AE060698030417CA0693F
:1038A000FDF7D7FC33E06169A069B831FDF7ADFCE5
:1038B0006169A0698C31FDF7AEFC28E00621A069A2
:1038C000FDF7C5FC23E020690178A069FDF7A9FC9C
:1038D00020698188A069FDF7A6FC20694188A0695C
:1038E000FDF7A5FC13E00096019660696030007951
:1038F000002803D069460878384308706946A069F3
:10390000FDF7B1FC03E0F949F94802F08CFDFDF741
:10391000D4FF002804D1F648F449801D02F083FD4D
:103920000C2D06D0072D03D0606940304682877584
:10393000FEBD606940300683FEBDF0B5ED4CC82089
:1039400061698DB0405C04280AD0052835D15C201F
:10395000405C00282AD0012060314871022026E016
:1039600010226846D63101F030F86169102204A8AF
:10397000B03101F02AF8684601F0DFFB08AE8DCEC9
:10398000616984250E4678360DC66F5000250D6797
:103990004D67012540267554D74D88318DC5284681
:1039A0000822093002F0C1FB052000E00D20FFF7DE
:1039B0002CFF61690020C03108720DB0F0BDF8B570
:1039C000CC481830FDF767FF002848D0C94C207A52
:1039D000002844D16069C421095C002500290ED06B
:1039E0002030C17E0120FFF7F3FE002807D1606977
:1039F0002030C17E0420FFF7EBFE002806D060696E
:103A0000C921095C0126062907D00DE06069502113
:103A10000D526030457102204EE02030C17E0420FE
:103A2000FFF7D6FE002813D0616908462030C27E19
:103A3000921E130002F0E8FD166262621D6262626D
:103A400060621F6262622843626262626262466210
:103A500060695E21095CC90702D0C0304572F8BDBB
:103A60000C20FFF7D2FE60694030817F31438177BF
:103A7000F8BD072020E0FDF79AFF0028F8D0606924
:103A8000403005700B2017E0F9F741FA0C28EFD30E
:103A900060690821B830F9F73BFA002806D0606960
:103AA00004218C30F9F734FA002804D1C72093A1FF
:103AB000C00002F0B8FC0420FFF7A7FEF8BDFFF736
:103AC0003CFFF8BD00228A66CA66C6770A4678318E
:103AD000C8C9894878322838D26842632830C8C0BB
:103AE00008220D30091D02F020FB0620FFF78DFE95
:103AF000606940308575F8BD0920DDE700F036FFCC
:103B0000F8BD70B57B4C3B216069095C08292FD159
:103B10000146028EC0314B89521C9A4228D1227A2A
:103B2000002A25D10A8A83889A4207D14B8AC58800
:103B3000AB4203D18B8A0589AB4209D043884B85C0
:103B40008A854A8ACA858A8A0A860122E6210A5417
:103B500001221146FDF747FC00210420FFF785FBF9
:103B600060690021C92211542030C1760321817778
:103B700070BD70B55F4C60692030C07E172803D0DF
:103B80005EA1624802F04FFC616900220B4640339F
:103B9000DA7608469A75E030867D0B240125002EE2
:103BA00006D0837C002B14D1C4740275857410E098
:103BB0001E7F002E07D01A774C88FA235C520276BB
:103BC0000C23837505E04E88FA235E520276057752
:103BD00084752031CA7670BD70B5464CA0798007D7
:103BE00036D5207A002833D160692030C17E01208B
:103BF000FFF7EEFD00282BD1A0690126C078002533
:103C0000030002F001FD0E8585088537465F0A85B1
:103C1000168526625285032152E060692030C07EFD
:103C2000052804D0394835A1333802F0FCFB60691F
:103C30000CE060692030C07E092804D033482FA1F1
:103C40002D3802F0F0FB606956210D542030C57606
:103C500070BD60692030C07E0B2804D02B4827A19E
:103C6000263802F0E0FB60695B210E540C21203005
:103C7000C17670BD60692030C07E0F2804D0234813
:103C80001EA11F3802F0CFFB60695B210E5410218A
:103C9000EDE760692030C07E102804D01B4817A1D2
:103CA000183802F0C0FB12210AE060692030C07EA3
:103CB000102804D0154811A1123802F0B4FB1421C9
:103CC0006069D4E7FFF755FF70BD60690146C030F9
:103CD000027A062A04D14031897F890700D505720E
:103CE000417A0629F0D1457270BD0000703801009C
:103CF000CD070000C4000020B81400207372635C7C
:103D00006C6C5F736C6176652E6300004C0500007F
:103D1000FD49FE4802F087FBE6E710B5FC4C606900
:103D20002030C17E0020FFF753FD002803D1207A08
:103D3000012108432072207A002808D1E069FDF7AC
:103D4000EBF961699122505405202031C87610BDED
:103D500010B5EF4C60690146C0314A7A002A06D09E
:103D6000097A062903D0217A012211432172217A8E
:103D7000002928D14030807F800715D4E069FDF705
:103D80005AFA61694031C877E069FDF756FA61690E
:103D900040310884E069FDF755FA6169022240313B
:103DA0004884887F10438877606900220146C031CB
:103DB0000B7A062B00D10A724030837FDB0702D1D9
:103DC00006234B72028310BDF8B5D14C60692030D8
:103DD000C17E0020FFF7FCFC0125002807D16069A7
:103DE0004030007F002802D1207A28432072207AB8
:103DF000002830D160690026014640304682857532
:103E0000B031E069FDF7EFF96169E0698831FDF7EC
:103E1000F3F960690146E030827D0827002A06D068
:103E2000817C002913D1C774067585740FE04A8818
:103E3000F8204252FA31E069FDF7C8F96169E0699A
:103E4000FF310331FDF7CAF96069E03087756069B9
:103E50000F212030C176F8BD10B5AD4C606920301F
:103E6000C17E0020FFF7B4FC002803D1207A012195
:103E700008432072207A002812D1E069FDF769F921
:103E800000280ED0E069FDF75FF96169CA2250523F
:103E9000098E00F0D6FD002806D0282000F05EFD37
:103EA00010BDFFF73AFF10BDE069FDF74BF96169FE
:103EB000C0310873E069FDF740F96169C031C8811C
:103EC000E069FDF72BF96169C0310882E069FDF70F
:103ED0002AF96169C0314882E069FDF729F9616911
:103EE000D422505208202031C87610BDF8B5884C35
:103EF000A079C00776D0207A002873D1606920307D
:103F0000C17E0120FFF764FC002863D1E069002531
:103F1000C178022701260B0002F076FB0D1613086C
:103F2000415A5A445C575A192F545A00FDF74CF91C
:103F30006169C62250543B20475440314D828E75F2
:103F400048E000F093FD45E0FFF786FF42E060693E
:103F50002030C17E0020FFF73BFC002802D1207AF0
:103F600030432072207A002834D160690146403104
:103F70004D828E750B2120300FE0606901462030A4
:103F8000C27E0C2A02D0227A3A432272227A002A76
:103F900020D1C57740310E770D21C1761AE0FFF7A9
:103FA00013FF17E0606901462030C27E122A02D05A
:103FB000227A3A432272227A002A0BD140318D753F
:103FC0001721EAE7FFF7C4FE04E000F00DFD01E071
:103FD000FFF7A3FE62690023106F516F401C594127
:103FE00051671067F8BDF8B5494C05466069203047
:103FF0008079012801D1FBF7E9FA012D14D160691C
:104000004021095C002903D12030C07F002801D065
:10401000FBF79BFDFBF7BDFAFBF7B0FAFBF708FADD
:10402000FBF72DFAFBF746FA60790225C107012656
:10403000002901D180070ED560692030817F0029D9
:1040400002D0032902D006E0867700E085770021C0
:104050000120FFF70AF960692030817F012903D12F
:104060006179090700D58577607A002803D100F0CF
:1040700027FDFFF7A4FC207900250028606902D005
:104080008030058403E08030018C491C0184607914
:10409000C00705D06069AC210D544030858104E033
:1040A000616940318889401C8881E079002806D008
:1040B0006169A031087B022806D8401C087360693A
:1040C000A030007B022806D9606901468030058453
:1040D0004584A0310D7360692030C17E0020FFF758
:1040E00077FB002804D160692030C07E072855D1B5
:1040F00060690146C0310A7A062A4FD0497A0629FA
:104100004CD03E21095C05E0FC3C0100BA050000F2
:10411000C4000020022941D1A030007B00283DD1FD
:10412000FDF74FFB002839D0FDF704FC002835D0FF
:1041300061690A468032508B01282FD90846A03089
:10414000844646716038C7898389B81E834201DB83
:10415000012002E0F81A401E80B2138CA789BB42EE
:1041600001D3012302E0FB1A5B1C9BB2984200D9E9
:104170001846012801D163465D71C0310B78002BD0
:1041800010D0528C49888A4201D3012102E0891A59
:10419000491C89B2884205D9084603E061690120BB
:1041A000A0314D7161690A8E803110188883FFF744
:1041B000DAFAFFF761FAFEF756FF002809D06069C6
:1041C0000146FF3001300279002A02D14988C180BE
:1041D00006716069A0308571F8BD70B5F84C6069F2
:1041E0002030407D00283ED0022810D1FDF7C2FAD1
:1041F000002804D17120F349000102F014F962692A
:104200000023916ED06E491C58419166D06660695A
:10421000002520304575017D012904D10575A1795E
:1042200010221143A171C17C012915D1C574A07957
:1042300008210843A071FDF76AFB002804D1E5209E
:10424000E049C00002F0EFF860690023816EC26EA1
:10425000491C5A41C266816660692030817D01290E
:1042600002D0012181753FE585753DE570B5D44CDF
:104270000026E169012508788207920F0420012AAF
:1042800015D0022A13D0032A03D0217A01432172C8
:104290002AE560780028FBD1606920308574A17917
:1042A0002943A17122E0C6751EE5C5751CE5497854
:1042B000CA0624D06278002AEAD1C906C90E1B2991
:1042C00018D8617901436171FDF75FFB002804D1C3
:1042D0003B20BC49400102F0A6F860690023016F51
:1042E000426F491C5A41426701672030C17D012954
:1042F000DBD1D8E7207A102108432072F4E460690A
:10430000F3E77CB504460020C0436946888001A8D5
:10431000FCF7B2FD00287AD169468888FCF790FD49
:10432000002803D0A749A84802F07DF8009801466C
:10433000E030827C0025002A08D0657010212170B1
:10434000C17CA170017DE170857472E082799C4E20
:10435000002A13D065700720207008E07169E620FC
:104360008D8445540A22A01CE83101F0DEFE00983D
:10437000E03080790028F1D1A5705AE0827D002AD2
:1043800038D0827D130002F03FF90D2F2F2F2F2FF1
:104390002F2F2F112F2F24082F0065700C21217033
:1043A000017EA17071694988A18010E065700820C4
:1043B00020707069082240886080201DFA3101F069
:1043C000B4FEFF2100980331095AA181E0308575C0
:1043D0002FE065700B212170017EA1707169498801
:1043E000A180017FA171F2E7774876495D3002F044
:1043F0001AF81EE0C81DF9300279002A08D01122EF
:1044000065702270811C89886180057111E012E05D
:10441000027A002A0FD012226570FF312270033118
:1044200004E005720A8962804A89A280027A002A21
:10443000F7D101207CBD00207CBD614800780128B7
:1044400001D00C2070470020704770B55C4C0546C9
:104450002078002804D05C485A49933001F0E3FFEB
:1044600000202561A07201202070FFF7E6FF0028E0
:1044700004D0554853499E3001F0D5FF34E4F8B5D7
:104480004F4F3978012901D00C20F8BD0126A62113
:1044900078610E548030807CFDF752F900282FD0CF
:1044A00078698030807CFDF753FA002828D078693D
:1044B0008030807CFDF7E5F9002821D078698030D4
:1044C000807CFDF70AFA00281AD0FAF7E6FF78692F
:1044D00000258030408B002827D039481830FDF760
:1044E000DAF9002821D07869C421095C00291CD0A0
:1044F0002030C17E0120FFF76BF9002802D014E0C4
:104500001220F8BD78692030C17E0420FFF760F9E1
:1045100000280AD1786950210D526030457102207F
:10452000FFF773F97869A03045717869E621095C75
:10453000002903D1818CC288914200D8C188B981F9
:1045400001468031CA8B521E93B20A8CD21892B2A5
:104550000A8494460246A0321479002C02D04D847D
:10456000157102E04C8CE4184C8404464034A78951
:10457000FF18A7814C8B012C01D8641C4C83002BA5
:1045800000D015732030C07E0D4C04281ED0507909
:1045900000281DD0A1898C451AD2FDF712F90028F8
:1045A00016D060690146C0310A78002A10D08030E8
:1045B000408C498888420BD3A570E6700AE0000061
:1045C000C4000020FC3C010081080000A67001E04E
:1045D000A570E5706069A5210D543B21095C062991
:1045E00001D0072918D1CA21028E095A511A09B2DD
:1045F000002911DB01460522CC310A3001F095FD7E
:10460000012202216069FCF7EEFE6069C9210D54A8
:104610003B210D546030867160699E210A5A811CCD
:104620003030FCF71EFFA07800283DD16069C02122
:10463000095C002901D0803045840120FAF7A4FDEF
:1046400060691330FAF713FF60690F30FAF753FE11
:104650000120FAF71FFF61694020405C002803D168
:104660003F20405C00280DD00A467831C8C9F9487F
:104670007832D26842632830C8C008220D30091D44
:1046800001F053FDFAF701FF01210846FAF758FE41
:1046900060698030806AFAF716FFFEF7A5FF60694F
:1046A0004030007AFAF730FE6571E571A571257228
:1046B0006572257102202070FAF7FCFE0020F8BD1B
:1046C00010B5E54C2078022801D00C2010BDA07850
:1046D000002803D00020FFF786FC17E0FAF7DDFE84
:1046E00000F033F9606920308079012801D1FAF7B0
:1046F00076FFA07A002809D0012807D0022807D029
:10470000032805D0D549D64801F08DFE002010BD04
:10471000EEF77EFCFAE7D0498872704710B5CE4CB0
:104720002078032804D0CE48CC49293001F07BFE04
:10473000606901212030827C002A06D00022827428
:104740000175A27904231A43A271A2691378DB438D
:104750009B0707D1C37C002B04D1C174A07902212F
:104760000843A0711078C00606D4E0690078C0063E
:1047700002D4E07900280CD06078002809D1A07913
:10478000002806D1FEF75DFC002802D0207A002820
:1047900003D00120FFF727FC03E0FEF725FF00F020
:1047A000D4F8207801280DD0A07A00280AD001285A
:1047B00008D0022807D0032805D0A948A7496830A7
:1047C00001F031FE10BD0120FBF719F810BD10B546
:1047D000A14C606920308079012812D1FAF7F6FEE9
:1047E0006169881C3031FCF7C5FE002809D060697A
:1047F000C21D4388F93253812030007E107301209E
:10480000107210BD70B5944C05462078042804D071
:1048100093489249803001F006FE617910200143EF
:104820006171002D50D0FBF7A8F96178012508438C
:10483000002811D160694021095C00290CD0E16990
:104840004A78D20608D0097820300907C07DC90F00
:10485000814201D165724EE0E078002809D0E0691C
:104860004178C90605D10078C00602D4FFF7AFFF32
:1048700041E0FFF7ACFFE06900784007C10F6069D5
:104880002030807D814205D0FFF7A7FC60790821A8
:1048900008436071E06900780007C10F606920304B
:1048A000C07D814201D1FFF7E1FC6079284360714E
:1048B0000020E071A079000704D560692030C07E37
:1048C000032818D0207A14E0022001436171E079B6
:1048D000401CC0B2E07101280DD8606940300078FA
:1048E00000280CD05B484078C106C90E052906D2C5
:1048F000C006002803D00120FFF775FB01E0FEF79A
:10490000BDFD207801280DD0A07A00280AD001280A
:1049100009D0022806D0032805D051484F49E2307B
:1049200001F081FD9FE40120FAF769FF9BE410B5D7
:1049300049480078042804D049484849EA3001F041
:1049400072FD0120FFF74FFB10BD10B501210020C3
:10495000FAF7DBFE40490420087010BD3E494A22A8
:104960004969505404202031C876704710B53A4C3C
:10497000C8206169405C00281CD0062806D0203180
:10498000C97E0020FEF724FF002813D0606901468D
:10499000C0310A7A130001F037FE070D0D0D0D0D21
:1049A0000D050D004030807FC20704D0C043800752
:1049B00000D1087210BD0C20FEF727FF60690122AC
:1049C0004030817F1143817710BD10B5002A0AD095
:1049D000002306E0D41A6418203CE47FC4545B1C16
:1049E000DBB29342F6D310BD7CB51B4C606920301E
:1049F000C17E0020FEF7ECFE0125002802D1207ABE
:104A000028432072207A00281AD16946E069FCF711
:104A100022FC684600780022C107C90F6846017071
:104A20006069002902D06030057101E060300271D8
:104A30006069014640304282857509202031C87680
:104A40007CBD401A074900B2884201DC00280BDC1B
:104A50000120704790140020C4000020FC3C01009D
:104A6000F4090000FE7F00000020F2E710B5534C6F
:104A700060692030C17E0020FEF7AAFE0028207A5F
:104A800010D000280DD1E069FCF797FB6169CA22BC
:104A90005052098EFFF7D5FF002807D02820FFF7D6
:104AA0005DFF10BD01210843207210BD6169E069FE
:104AB000CC31FCF77AFB606906212030C17610BD4D
:104AC00010B500F04EF83D4C607940070BD5606999
:104AD0002030C17E0520FEF77BFE002803D0207A1F
:104AE000082108432072FFF701FA00F018F8FFF7D9
:104AF00073F8A079C0060FD5207A00280CD1606920
:104B00002030C17E0B0001F07FFD07070707070774
:104B1000070507000721C176FEF7F3FF10BD10B5AA
:104B200026488179490715D5017A002912D14069B3
:104B30003B21095C891E0B0001F066FD07050C0C8A
:104B40000C0D0C0F0C00002256210A54C030807945
:104B5000FFF704FF10BD012100E00221C0304172C7
:104B600010BD10B515488179090720D5017A0029B3
:104B70001DD1406902462032D47EA41E230001F0DC
:104B800043FD13160B1616161616161616161616BF
:104B90001616161616171600562211546030407954
:104BA000002801D0062000E01620FFF7D7FE10BD38
:104BB0004030C1768175D17610BD0000C400002060
:104BC00030B50346002002460DE09C5C2546303D92
:104BD0000A2D02D30020C04330BD0A256843303877
:104BE0002018521CD2B28A42EFD330BD70B50D46A8
:104BF000144608E00A2101F012FB2A193031203A4C
:104C0000641ED177E4B2002CF4D170BD10B500233E
:104C100010E0040A00020443A0B2CC5C4440200629
:104C2000000F60400407240C44402006C00C604084
:104C30005B1C9BB29342ECD310BD000010B572B662
:104C400000F0DCF800280BD0ECF72AFBF8F7EFFDBA
:104C500000F0A5FD6E490020C86288626D490860B9
:104C600062B6002010BDF3B5002501200007C06A20
:104C700081B0C0430006000E04D167480068401CA4
:104C800000D1012572B600F0B9F8002802D062B652
:104C90000820FEBDECF75AFAECF706FB5F4B604EBE
:104CA00000211A68CA40D2071FD00246CA40D20764
:104CB00018D14AB2002A07DA1407240F083CA408C6
:104CC000A400A419E46904E09408564FA400E41970
:104CD00024689207D20ED4402206920F012A04D0F3
:104CE000032A02D062B65048FEBD491C2029D8D301
:104CF0000198030001F088FC14212323232323239C
:104D000023230B0D0F11131F1517191B1D2E002424
:104D100016E0012414E0022412E0032410E004242D
:104D20000EE008240CE009240AE00A2408E00B2421
:104D300006E00C2404E0052402E0072400E0062439
:104D4000F06901210002000AC9070843F061002D43
:104D500004D009E062B601200003FEBD2C4D3348AB
:104D6000E862ECF7A1FAA8622A49314808603149A3
:104D700002980860ECF798FA214600F0F7FCF8F783
:104D80001AFD00F0FDFE00F073FD0198ECF756FAF5
:104D9000040062B603D0FFF751FF2046FEBD00209D
:104DA000FEBD10B5044600F029F8002800D001200F
:104DB0002070002010BD204908600020704710B509
:104DC0000C46102808D011280BD012280CD013281C
:104DD0000ED00120086010BD03CC083CFFF743FF54
:104DE0000AE0FFF72BFF07E02068FFF7DAFF03E098
:104DF0001149206808600020206010BD05480C495A
:104E00000068884201D101207047002070470000EF
:104E100000050040780000200010001000E100E0D4
:104E200000ED00E000E400E00110000000190000C7
:104E3000BEBAFECAE40000200400002010B52038ED
:104E40000C46030001F0E0FB33A6AAAEB2B8BCC02A
:104E5000C5E0DBE41B1F23272C31373C41474D5075
:104E600054585C606D71656974787C8084888C901E
:104E700094989C9FA2CACFE9F0F3D3D7F80020689A
:104E800000F0DDF8D6E0206800F0E1F8D2E020681C
:104E900000F0F5F8CEE0207840B200F0D7FAC9E093
:104EA000207840B200F0F5FAC4E02078616840B2A2
:104EB00000F008FBBEE0207840B200F018FBB9E03B
:104EC000207840B200F023FBB4E02078217940B292
:104ED00000F02EFBAEE02078616840B200F058FB95
:104EE000A8E000F064FBA5E0206800F068FBA1E00A
:104EF000207800F07DFB9DE02068F8F72CF899E021
:104F00002068F8F72CF895E021792068F8F72EF85A
:104F100090E0206800F0E6F98CE0206800F0E7F906
:104F200088E0207800F0E7F984E000F0F1F981E012
:104F3000207800F0F3F97DE0207800F005FA79E0C0
:104F4000206800F01EFA75E0206800F020FA71E099
:104F5000206800F022FA6DE0206800F023FA69E092
:104F6000206800F025FA65E0206800F027FA61E08B
:104F7000206800F028FA5DE00846ECF7FFF859E0F9
:104F8000EDF719FA56E0EDF746FA53E02068EDF731
:104F90004EFA4FE0206800F0E1F84BE0206800F0A6
:104FA000E9F847E0206800F0F0F843E02078A268D4
:104FB000616800F0F5F83DE0207800F006F939E08E
:104FC000207800F017F935E02078616800F027F9C3
:104FD00030E02078616800F03AF92BE02179207800
:104FE00000F016FC26E0206800F06BF822E0206854
:104FF000F8F70CFB1EE02068F8F7F0FA1AE007CC8F
:105000000C3C00F0FFFC15E0206800F052FD11E0C0
:1050100003CC083C00F07DFD0CE0206800F06EFF42
:1050200008E009E003E0FFE700F080FF02E020680D
:1050300000F0B8FF206010BD0120086010BD002105
:105040000170084670470146002008707047EFF372
:105050001081C907C90F72B60278012A01D0012256
:1050600000E0002201230370002900D162B6002A6B
:1050700001D000207047012040037047E7E7EFF3BD
:105080001081C907C90F72B600220270002900D131
:1050900062B600207047F2E710B52848FFF7CFFF4F
:1050A000002803D026A11D2001F0BDF92348401C93
:1050B000FFF7C5FF002803D021A1212001F0B3F99B
:1050C00010BDF1B5224D6F6801261C48FFF7BFFFE8
:1050D0001A4C002803D10026601CFFF7D0FF1D4AA0
:1050E0001D490120506000BF00BF00BF00BF00BFCE
:1050F00000230B604B60009B6B60106000BF00BF23
:1051000000BF00BF00BF0868002802D1486800281F
:10511000F9D048680028E4D1002E04D06F60601CEC
:10512000FFF795FF07E0601CFFF791FF0028D3D140
:105130000248FFF7A4FF0020F8BDC2E7E800002006
:105140007372635C736F635F6563622E630000005C
:1051500000E5004000E0004000E100405A495B4BA0
:105160000A685B499A42096801D18904890C016087
:10517000002070475449554B0A6855499A4201D15D
:105180008004800C4860002070474F494F4B0A68EC
:105190004F499A4201D18004800C886000207047FA
:1051A00030B5494B494D1C684A4BAC4202D01028DF
:1051B00002D203E00E2801D3184630BDC300444894
:1051C000181801614261002030BD3F493F4B0A6819
:1051D0004049491C9A4202D0042802D203E0022826
:1051E00001D3084670473C4A0121C0008018016085
:1051F000002070473449354B0A683649491C9A42A9
:1052000002D0042802D203E0022801D308467047E6
:10521000314A0121C000801841600020704770B5FC
:10522000294A2C4B14682D4E284D82005B1C921984
:10523000AC4203D0042803D2116006E0022801D357
:10524000184670BD8804800C1060002070BD70B5D9
:105250001D4A204B1468214E1C4D82005B1C921984
:10526000AC4203D0042803D2106806E0022801D320
:10527000184670BD10688004800C0860002070BD66
:1052800010B5134A164890600E200021C3009B18E9
:1052900019615961401C1028F8D300200F4A05E01D
:1052A000022803D383009B18196005E083009B1834
:1052B0001C68A404A40C1C60401C0428F0D310BD7E
:1052C000034907488860704778000020BEBAFECACC
:1052D00000F501400820000000F0014000F8014006
:1052E00000C0FFFF47490968016000207047454939
:1052F0000860002070470121434A002803D001289C
:1053000003D042487047916300E0D16300207047AA
:105310003F49012008603D48801C704704223D4BF6
:105320003B49002805D05A600869012210430861F2
:1053300008E008694008400008619A60324900208E
:10534000C03188600020704731490622002808D00B
:10535000012809D002280DD003280FD02B48401C6B
:1053600070470869904302E008699043801C086117
:105370000020704708699043001DF8E70869104352
:10538000F5E723494A6A02434A62002070472049F0
:105390004A6A82434A62002070471D49496A016097
:1053A000002070471A49CA690243CA610020704749
:1053B0001749CA698243CA61002070471449C96904
:1053C0000160002070471249024600204031002A47
:1053D00003D0012A01D0072070478A6370470D4926
:1053E0000420886008490020C03188600A480168AC
:1053F0008022090A0902114301600849012008605E
:1054000070470000000400404000004004200000FD
:10541000000500400003004000E400E000E100E07F
:105420008107C90E002808DA0007000F0838800835
:10543000814A80008018C06904E080087F4A8000AB
:1054400080180068C8400006800F704710B50446F9
:1054500000F0DBF8002813D02046FFF7E1FFC0B2D0
:1054600000F0E1F800280DD07549E2060B78D20E65
:1054700001209040002B08D04A681043486006E0A5
:10548000704810BD6F48401C10BD6F490860002077
:1054900010BD10B5044600F0B8F800280BD06849DC
:1054A000E2060B78D20E01209040002B05D04A680E
:1054B00082434A6004E0634810BD6349803108605C
:1054C000002010BD70B50D46044600F09EF800287F
:1054D0000BD05E480068E206D20E012191400840E0
:1054E00000D001202860002070BD564870BD10B566
:1054F000044600F08AF8002807D0E106C90E012012
:10550000884052490860002010BD4E4810BD10B5BB
:10551000044600F07AF8002808D0E106C90E012000
:1055200088404A4980310860002010BD454810BDC0
:1055300070B50D46044600F068F8002819D02846DA
:1055400000F071F8002816D0A007C10EFF228A4093
:10555000A807000E8840002C10DA2107090F08392F
:105560008B0835499B005B18D96991430143D96188
:105570000CE0344870BD3348401C70BDA3082F496F
:105580009B005B181968914301431960002070BDAE
:1055900070B50C46054600F038F8002805D02846BE
:1055A000FFF73EFF2070002070BD264870BDBFF39E
:1055B0004F8F21492648C860BFF34F8FFEE770B573
:1055C0001F4C05462178012000290ED1207072B6AB
:1055D00000F0F4F81C4E803631688143616000F0C1
:1055E000EDF8C043306062B600202870002070BD26
:1055F00013490A78002A06D0002804D1124A4868C4
:105600001060002008700020704710B50446202864
:1056100007DA00F0D3F80121A140084201D10120AE
:1056200010BD002010BD012803D0032801D00020A8
:10563000704701207047000000ED00E000E400E04A
:10564000EC0000200120000000E100E000E200E0AA
:105650000400FA05F8B50446800700250126002855
:1056600004DA5848C563C66302208443E00404D5C5
:105670005548C563C66380148443600003D553480E
:10568000456080058443E00504D55148C563C66381
:1056900080158443A00404D54E48C563C6634014F6
:1056A000844360042704C00FF90F884203D04AA145
:1056B000612000F0B8FEB80F0AD04C49CD634C48C9
:1056C000C563C563CE63C663C6630320800384439A
:1056D00020050AD5474FFD632F20EBF765FDFE63DC
:1056E0002F20EBF761FDF8148443FFF7C9FD424812
:1056F000044203D038A18D2000F095FEF8BDF0B52E
:1057000000210A46FF230446CC40E4072AD04CB2CD
:10571000E606F60E0125B540384E3560384E356048
:10572000002C11DA25072D0F083DAE08354DB600C7
:105730007719FD69A407E60E1C46B440A54314463C
:10574000B4402543FD610DE0A6082F4DB600761943
:105750003568A407E70E1C46BC40A5431446BC4070
:1057600025433560491C2029CDD3F0BD70B5274CA9
:105770000D462060FFF76EFF2068FFF7C0FF284648
:10578000ECF7EAFEFFF788FCF7F778FBFFF778FD08
:10579000FFF725FEECF766FD00F06AF870BD10B566
:1057A0001A4C2068FFF756FF2068FFF7A8FFFFF7A5
:1057B00067FDECF74BFF0020206010BD1348006828
:1057C00070470000C01F0040C0CF004000E501400E
:1057D000C08F0040C0DF00407372635C736F635F13
:1057E000636F6E6669672E6300000000C0EF0040C3
:1057F000C0FF0040C0BF0040FEFF0FFC80E100E0A2
:1058000080E200E000ED00E000E400E0F4000020B1
:1058100070B5002402460D4620462146002A1ED0BF
:10582000012A04D0022A04D0032A1ED103E0012059
:1058300002E0022013E003202B0000F0E5FE071633
:105840000507090B0D0F1600012108E0022106E0F3
:10585000032104E0042102E0052100E00621F8F71D
:1058600058F8002801D0204670BD0724FBE700004F
:10587000B348002101708170704770B5B14D0123AC
:105880006B60B14B1C68002CFCD0002407E00E6854
:1058900006601E68002EFCD0001D091D641C944289
:1058A000F5D30020686018680028FCD070BD70B582
:1058B000A34C0E466178884203D0A4A16F2000F06B
:1058C000B2FD0325330000F09FFE09520624245246
:1058D0005252524952002078022803D09BA17320D3
:1058E00000F0A1FD2570A078022802D0012804D084
:1058F00008E0A06800F0D2FB04E02046083007C8AA
:10590000FFF7BBFF0020A070F7F7A4FF0420207072
:1059100070BDF8F754F801466068F9F776FA064664
:105920002078022803D089A1872000F07CFD8B4AD3
:105930008B498C48964205D86269032A02D2521CD0
:10594000626102E0864207D84D71801BC8608449BD
:105950006078F8F7B4FC70BD032003E0A07800285D
:10596000FAD10220F7F77EFE00F0E1F870BD77A1D2
:10597000B12000F058FD70BD70B50546F8F71FF86E
:105980006F4C60602078012803D070A1B82000F02F
:105990004AFD73490220087000220A718D600422BA
:1059A0004A71704ACA6020706078F8F788FC70BD50
:1059B00010B5634CA078002802D12078002801D0CF
:1059C000112010BD6848F7F78BFF607060780028E1
:1059D00004D0012020700020606110BD032010BDA4
:1059E00010B50124020B64040121604BA04202D2D5
:1059F0009140186802E0203A58689140084000D071
:105A0000012010BDF8B50E46910005464F19144609
:105A10003F1F009100F053FB009980028919091F74
:105A2000B14201D2012200E00022002C03D0FF216C
:105A300001318C4201D90920F8BD4D498D4219D35D
:105A4000AF4217D3854205D2874203D2284630435E
:105A5000800701D01020F8BD8E420BD3002A09D157
:105A60002846FFF7BDFF002804D13846FFF7B8FFEE
:105A7000002801D00F20F8BD3E483F490068884209
:105A800005D0224631462846FFF7F7FE0FE0FFF724
:105A90008FFF0028EFD12A480121C660856004618C
:105AA00081702046302148431830FFF765FF002001
:105AB000F8BD10B504462E48800A84420BD300F08E
:105AC000FEFAA04201D8102010BDA0020446FFF744
:105AD00087FF002801D00F2010BD26482649006806
:105AE000884203D0204600F0D9FA0AE0FFF760FFB1
:105AF0000028F1D112480221846081701F48FFF70D
:105B00003BFF002010BD1A48010B01208840401EB9
:105B1000704700B50B460246FFF7F5FF104201D073
:105B20000F2000BD114802604360002000BD10B589
:105B3000034C6078F7F728FF00202070A07010BD9C
:105B4000F800002000E5014000E401407372635C4E
:105B5000736F635F666C6173682E6300307500005D
:105B6000E0140020D0FB0100AF5801000006004007
:105B70000080010078000020BEBAFECA3A5600003C
:105B8000F74805218170002101704170C17081606A
:105B9000704710B5F3490A78022A07D0CA6810186E
:105BA000C860C8689638F9F7E9F810BD8A68101817
:105BB00088608868F6E70378EB49EC4A002B02D04E
:105BC000012B10D014E00379002B01D0012B0FD151
:105BD0004379002B01D0012B0AD18368643B8B42AF
:105BE00006D2C06810E00379002B03D0012B01D04E
:105BF000002070474379002B01D0012BF8D1C368F6
:105C0000643B8B42F4D280689042F1D80120704707
:105C1000F8B504460226F8F740FD0068002803D0D6
:105C2000D3A1BD2000F0FFFB0127CD4D002C08D0F3
:105C30002078002817D0012805D0022811D0032889
:105C400013D02F710DE06068C82808D3F9F70BF95D
:105C5000002804D06068FFF79CFF012603E00026BF
:105C600001E000F0F9F93046F8BD28780028F8D1B5
:105C70006068FFF7A0FF0028E3D060680078002884
:105C800026D0A878042803D0B9A1F72000F0CBFBD8
:105C9000B44F0020387060680079012800D00020DF
:105CA000387160684079002837D0042078716068C6
:105CB0008168E868F8F71DF9B8606068C0689630D8
:105CC000F8600320A870A749E878F8F7F8FAC8E761
:105CD000A4480221017061680979012919D00021C5
:105CE000017161684979002915D004214171616809
:105CF0008968963181606168C968C160C068984CE4
:105D000014346060F7F75BFE20606F700220A870AB
:105D1000A7E70321E4E70321E8E70320C6E7F8B596
:105D20008F4C0D46E178884204D0FF2090A11930B5
:105D300000F079FB28468A4F00250126143703001E
:105D400000F062FC090612375A7C8D97C4A0C4008B
:105D5000A078032807D0A078022804D0FF2084A1CF
:105D60001D3000F060FBF8BDA078032807D0A078B4
:105D7000022804D0FF207EA1213000F054FB042033
:105D8000A07025712078002810D1FFF702FFE0787D
:105D9000F8F7D6F8E0607D49886A7D4A02402261C2
:105DA0007B4AD24310408862002050E000F054F952
:105DB000F8BDA078032807D0A078022804D0FF20DF
:105DC0006BA1423000F02FFB2078002802D000F0B9
:105DD0004FF9F8BDA07803281FD104202AE0091A42
:105DE0006048C1600146E078F8F769FAF8BD042020
:105DF000F7F738FCA570F8BDA078032807D0A07885
:105E0000022804D0FF205AA1633000F00CFB207858
:105E10000028DCD1A07803280BD0F7F7D0FD01468D
:105E20003868F8F7F2FF0028E1DB79688142DEDBB1
:105E3000D5E70520F7F716FCA670F8BDA078042872
:105E400004D0FF204AA1843000F0EDFA0220A168BE
:105E50008847FFF7DDFEFF260546BD3642E0A07805
:105E6000042804D0FF2042A1893000F0DCFA012090
:105E7000EDE7A078042899D0FF203DA18E3000F0F6
:105E8000D2FA93E7A07804280AD06078002802D0DC
:105E9000A078022804D0FF2035A1933000F0C3FA87
:105EA0002078002893D12079002804D00620F7F725
:105EB000D9FB2571C0E76078002805D02949E07832
:105EC000F8F7FDF96570F8BD0720B3E7FF2028A1BA
:105ED000AE3046E7002D0AD0012D06D024A1304671
:105EE00000F0A1FA022DF5D1F8BD042000E0032056
:105EF000A1688847FFF78CFE0546F3E770B50500FB
:105F000005D0174CA078052803D0112070BD1020B3
:105F100070BD2048F7F7E4FCE070E078002803D07B
:105F2000A5600020A07070BD032070BD10B50C48A6
:105F30000178002901D0112010BD817805292BD0CE
:105F4000817801292AD08178002927D00121017088
:105F50008178012922D0807800281FD020E000001D
:105F600010010020F01400203D860100FF1FA10752
:105F70007372635C736F635F726164696F5F74698E
:105F80006D65736C6F742E630000000000050040A7
:105F9000028100001F5D01000F2010BD00F068F8B5
:105FA000002010BDF8B5394E0446B078002801D065
:105FB00001280DD1002C0DD02046FFF7FCFD002854
:105FC0000AD02078324D002808D0B078012823D09C
:105FD0000F20F8BD1020F8BD0720F8BD02272F7054
:105FE0002079012814D0002028716079002811D070
:105FF00004206871A0689630A860E068E860E868EE
:10600000224C14346060F7F7DAFC2060B77019E0B6
:106010000320E9E70320ECE700202870207901281D
:1060200016D0002028716079002813D004206871F0
:10603000A168F068F7F75DFFA860E0689630E86057
:106040000320B0701249F078F8F739F90020F8BD54
:106050000320E7E70320EAE710B50E48816A0E4AFD
:1060600011400A4A126911438162F7F7F3FB10BD30
:1060700010B5064CE078F7F787FC0820F7F7F2FA3E
:106080000520A07000202070607010BD100100205D
:10609000F014002000050040FD7EFFFF0A4A0221A7
:1060A00051600A490B68002BFCD0906008680028FA
:1060B000FCD00020506008680028FCD07047012008
:1060C000000740697047000000E5014000E401401E
:1060D000034610B50B439B070FD1042A0DD308C804
:1060E00010C9121FA342F8D018BA21BA884201D9A8
:1060F000012010BD0020C04310BD002A03D0D307EB
:1061000003D0521C07E0002010BD03780C78401C1F
:10611000491C1B1B07D103780C78401C491C1B1B16
:1061200001D1921EF1D1184610BDF8B5042A2CD326
:10613000830712D00B78491C0370401C521E830742
:106140000BD00B78491C0370401C521E830704D0EF
:106150000B78491C0370401C521E8B079B0F05D007
:10616000C91ADF002023DE1B08C90AE0EBF72CF870
:10617000F8BD1D4608C9FD401C46B4402C4310C064
:10618000121F042AF5D2F308C91A521EF0D40B7854
:10619000491C0370401C521EEAD40B78491C037042
:1061A000401C012AE4D409780170F8BD01E004C064
:1061B000091F0429FBD28B0701D50280801CC90767
:1061C00000D00270704700290BD0C30702D00270C4
:1061D000401C491E022904D3830702D50280801C7B
:1061E000891EE3E70022EEE70022DFE70378C278AA
:1061F0001946437812061B0219438378C0781B04A2
:10620000194311430902090A000608437047020AAC
:1062100008704A70020C8A70020ECA707047002221
:1062200003098B4273D3030A8B4258D3030B8B426F
:106230003CD3030C8B4221D312E003460B437FD4A3
:10624000002243088B4274D303098B425FD3030AB5
:106250008B4244D3030B8B4228D3030C8B420DD3C8
:10626000FF22090212BA030C8B4202D31212090256
:1062700065D0030B8B4219D300E0090AC30B8B4294
:1062800001D3CB03C01A5241830B8B4201D38B0342
:10629000C01A5241430B8B4201D34B03C01A5241E7
:1062A000030B8B4201D30B03C01A5241C30A8B422A
:1062B00001D3CB02C01A5241830A8B4201D38B0215
:1062C000C01A5241430A8B4201D34B02C01A5241B9
:1062D000030A8B4201D30B02C01A5241CDD2C3092B
:1062E0008B4201D3CB01C01A524183098B4201D3A7
:1062F0008B01C01A524143098B4201D34B01C01A92
:10630000524103098B4201D30B01C01A5241C30809
:106310008B4201D3CB00C01A524183088B4201D378
:106320008B00C01A524143088B4201D34B00C01A64
:106330005241411A00D201465241104670475DE079
:10634000CA0F00D04942031000D3404253400022FC
:106350009C4603098B422DD3030A8B4212D3FC22A5
:10636000890112BA030A8B420CD3890192118B4224
:1063700008D3890192118B4204D389013AD092113A
:1063800000E08909C3098B4201D3CB01C01A5241F5
:1063900083098B4201D38B01C01A524143098B42BE
:1063A00001D34B01C01A524103098B4201D30B01A7
:1063B000C01A5241C3088B4201D3CB00C01A5241CC
:1063C00083088B4201D38B00C01A5241D9D24308B3
:1063D0008B4201D34B00C01A5241411A00D20146F0
:1063E000634652415B10104601D34042002B00D55A
:1063F0004942704763465B1000D3404201B500201C
:10640000C046C04602BD70477047704710B500F0E7
:106410003BF810BD012308CB134B1860134B1960D8
:10642000134B1A607047134A134B13607246053AB8
:10643000F0E7114A0F4B1B689A420ED10D4B00201A
:10644000186001980D4B04B598470CBC9E46024657
:10645000029800990A4B1B68184706980599094B42
:106460001B68DB6818470000340100203801002059
:106470003C0100202C010020EFBEADDEC9CD0000A4
:10648000E4000020040000201D481E497047FFF76B
:10649000FBFFEAF753FE00BD01200007C06AC0B24F
:1064A000FF2804D1184819490968884202D01848C1
:1064B00018490160184819490968884203D1184AE7
:1064C00013605B68184700BD20BFFDE71248134901
:1064D000096888420ED1134B18680B498842F3D0E3
:1064E00080F308881049884204DD104802680221C0
:1064F0000A4302600E4880470E4880470E48004716
:106500000015002000150020FFFFFFFF0010001005
:106510002C050040080000000010000000000020D2
:10652000040000200080010000200020240500401D
:10653000DFCD000099640100156401001348704527
:1065400002D1EFF3098101E0EFF308818869023895
:106550000078102814DB202810DB2B280BDB0C4ADA
:1065600012680C4B9A4203D1602804DB0A4A104798
:10657000022008607047094A10470000084A104787
:10658000084A12682C32126810470000FDFFFFFF16
:1065900078000020BEBAFECAAD1200003D4E0100D8
:1065A000BF4D0100040000200D4B0E4908470E4B63
:1065B0000C4908470D4B0B4908470D4B0949084743
:1065C0000C4B084908470C4B064908470B4B05493B
:1065D00008470B4B034908470A4B0249084700008C
:1065E00079250000192200009D2B00003F2A0000A1
:1065F000ED2900009F270000B912000013140000CD
:10660000012B00000F23000030B47446641E25786F
:10661000641CAB4200D21D46635D5B00E31830BCD6
:10662000184703B5684600784006400E401C884273
:1066300005D269460878401CC0B208700CBD684697
:106640000078000601D500200CBD80200CBD414023
:10665000802901D0002070470120704737B50878A5
:106660000C4669460978884206D020781146FFF723
:10667000D8FF207001203EBD00203EBD37B5044646
:106680000078154669460979FFF7E1FF002801D037
:1066900000203EBD20782946FFF7C3FF207001206F
:1066A0003EBD0FB568460179007881420AD0684640
:1066B000007922214006400E4843801818600120CE
:1066C00004B000BD0020FBE77FB5684601791C4699
:1066D00015460078FFF7BBFF002802D0002004B069
:1066E00070BD6846007822214006400E484340199C
:1066F00020600120F3E70000FFFFFFFF0000FFFF25
:106700000100030000000100000000000000000084
:1067100000000000000000008700000000000000F2
:10672000000000000000000000000001020304005F
:106730000D0E0F100000000033690000516B0000C7
:10674000196C0000736C0000C76C00002F6D000016
:106750008D690000456A0000D16D0000DF790000FE
:10676000100110013A0200001A02000004013C006E
:10677000230044000E0001020408102040805555FB
:1067800055D6BE898E0000007006120DB4130000AD
:1067900014035A06A00900006004F208840DF401F5
:1067A000FA00960064004B0032001E001400000046
:1067B000E067010008000020100000000411000044
:1067C000F0670100180000202801000004110000FB
:1067D0001869010040010020C013000020110000D2
:1067E0000249022208681042FCD0704700E200E033
:1067F0000000000000000000000000000000000099
:106800000000000000000000000000000000000088
:106810000000000000000000000000000000000078
:10682000000000000100010054000020FB349B5FC9
:106830008000008000100000000000000000000048
:106840000000000000000000000000000000000048
:106850000000000001000000000000000000000037
:106860000000000000000000000000000000000028
:106870000000000000000000000000000000000018
:106880000000000000000000000000000000000008
:1068900000000000000000000000000000000000F8
:1068A00000000000000000000000000000000000E8
:1068B00000000000000000000000000000000000D8
:1068C00000000000000000000000000000000000C8
:1068D00000000000000000000000000000000000B8
:1068E00000000000000000000000000000000000A8
:1068F0000000000000000000000000000000000098
:106900000000000000000000196401000000000009
:0869100000000000000000007F
:1080000000400020BD620200F9620200FB62020033
:108010000000000000000000000000000000000060
:10802000000000000000000000000000FD620200EF
:108030000000000000000000FF6202000163020077
:1080400003630200BDE00100796D020003630200DA
:108050000363020000000000C56302000363020026
:1080600003630200F9720200AD69020003630200BB
:108070000363020003630200036302000363020060
:108080000363020003630200036302000363020050
:1080900003630200E15C0200755E020003630200FC
:1080A0000363020003630200000000000000000000
:1080B00000000000000000000000000000000000C0
:1080C00010B5064C2378002B07D1054B002B02D0AE
:1080D000044800E000BF0123237010BD5822002097
:1080E00000000000747A0300084B10B5002B03D089
:1080F0000749084800E000BF07480368002B00D18B
:1081000010BD064B002BFBD09847F9E7000000009C
:108110005C220020747A03002C2200200000000062
:10812000164B002B00D1144B9D46402292029A1A06
:10813000924600218B460F461348144A121A1DF02E
:1081400053FB0F4B002B00D098470E4B002B00D059
:1081500098470020002104000D000D48002802D09F
:108160000C4800E000BF17F0D3F8200029001DF0F4
:10817000D2F817F0B7F8C046000008000040002011
:10818000000000000000000030220020B42A00207F
:10819000000000000000000010B50400034B416027
:1081A0000360080019F03DFC200010BD486003008A
:1081B00070B50500082002F0F3F9041E05D0044B49
:1081C00045600360280019F02CFC200070BDC046FB
:1081D000486003001FB50C00416803A803F0A6FD2A
:1081E000002362420193009303A9034805F0BEF8FF
:1081F00003A819F0D0FA1FBD7023002030B585B058
:108200000C00416803A8150003F090FD00236242B2
:10821000009303A90195044805F0A8F803A819F0F4
:10822000BAFA05B030BDC0467023002030B585B025
:108230000D00416802A8140003F078FD02A903A80C
:1082400019F0B6FA00230193FF3B220003A9009323
:1082500005482B0005F046F903A819F09CFA02A87E
:1082600019F099FA05B030BD7023002010B50AB29C
:10827000FF2301B2014803F071FD10BDE42300208B
:10828000F8B5FF2304000D0016009A420CDC002311
:108290009A4209DDFF339A4206D0094F38001AF09E
:1082A0006FF9012807D133002AB2DBB221B20548A9
:1082B00003F054FDF8BD012138001AF043F9F2E74C
:1082C00070230020E423002010B50AB2002301B27D
:1082D000014803F043FD10BDE423002010B50AB2AD
:1082E00001B2024803F050FD10BDC046E423002057
:1082F00010B502481AF046F910BDC04670230020A0
:1083000010B50100014805F01BF910BD70230020D5
:1083100010B5024804F070FF10BDC0467023002065
:1083200010B5C1B201481AF00DF910BD702300203C
:1083300010B502481AF024F910BDC0467023002081
:10834000030010B50448002B02D01AF05FF901E0D9
:108350001AF061F910BDC0467023002037B50C49F2
:1083600001A81AF062F901A803F0F0FC050001A8C9
:1083700019F011FA082002F013F9041E02D02900A6
:10838000FFF70AFF280019F056FB20003EBDC0464B
:108390007023002070B505000E00082808D1134C8A
:1083A000FC34E06F0368DB699847022818DD03E0BE
:1083B0000300093B012B06D93200290010230D20B0
:1083C00002F008FC70BD094CFC34E06F0368DB6907
:1083D00098470528F0DCE06F082103689B6903E0FB
:1083E0000421E06F03689B699847E5E7D0220020ED
:1083F00070B5074C0500FC34E06F19F0EBFBE06F43
:1084000019F017FC401B43425841C0B270BDC04632
:10841000D0220020030010B50948012B02D0022B06
:1084200003D1084819F013FC05E00020032B05D107
:1084300005481AF049FC431E9841C0B210BDC04621
:10844000E82300201024002038240020F7B51F4C1A
:10845000FC34E06F19F0BEFB11F0C8FF0600E06FBE
:108460000F0019F0BEFB11F0C1FF00900191E06F09
:1084700019F0BEFB11F0BAFF32000D0004003B0002
:108480003000390011F08EF9009A019B06000F00B0
:108490001000190011F086F902000B0030003900BD
:1084A00010F030FA2B0006000F00220029002000F7
:1084B00011F078F902000B003000390010F022FAB8
:1084C00013F0B0FC11F05CFFFEBDC046D0220020CE
:1084D000030010B50020032B18D818000FF01EF869
:1084E00002080E140A4BFC33D86F19F073FB0DE031
:1084F000074BFC33D86F19F074FB07E0044BFC33D7
:10850000D86F19F075FB01E0FFF7A0FF10BDC04662
:10851000D022002010B502481AF093F810BDC046D2
:1085200070230020BE2310B5024A5B00D05804F02F
:10853000B7FA10BDD022002010B502481AF0CCFDC9
:1085400010BDC0466024002010B5002807D00128C7
:108550000BD1074BFC33D86F03F0ECFF06E0044B64
:10856000FC33D86F03F0D0FF00E0002010BDC04600
:10857000D022002010B5032818D8BE23104A5B0073
:108580000EF0CCFF02060A0ED05819F040FC0AE0AB
:10859000D05819F043FC06E0D05819F046FC02E030
:1085A000D05819F0F7FB11F021FF01E00020002165
:1085B0000022044B10F0D2FC00F08EFA10BDC04631
:1085C000D022002000408F40BE2310B5024A5B003D
:1085D000D05804F067F910BDD0220020044B10B52C
:1085E000FC330100D86F02689269904710BDC04605
:1085F000D0220020BE23054A5B0010B5D05819F0E8
:1086000093FB013843425841C0B210BDD022002034
:1086100013B50423C25E811D684603F029FB0223C3
:108620006A4601A8084906F047F801980223C15E8E
:10863000043017F002FB040001A818F0EFFF6846B1
:1086400018F0ECFF200016BDD422002013B50E4C0C
:1086500020001AF03EFC021E05D101000B4817F065
:10866000ECFA04000EE00023210001A81AF073FCCC
:1086700001980223C15E043017F0DFFA040001A85C
:1086800018F0CCFF200016BDD4220020DA750300BC
:1086900037B50D000423C25E811D01A803F0E8FA7E
:1086A000094C01A90022200005F038FE01A818F0AD
:1086B000B5FF2A00102301210C2002F08BFA0021C3
:1086C000200005F077FF37BDD422002007B5002831
:1086D0000DD00423C25E811D01A803F0C9FA022255
:1086E00001A903481AF02EFC01A818F097FF07BD56
:1086F000D422002010B5002806D0010042680831BD
:108700000223024805F0E6FE10BDC046D422002038
:108710000223F7B5051E124F019305DC38001AF04D
:10872000D8FB0023050001932900002000F0A6F8E3
:1087300004002600083602F01DF831003800019BC5
:10874000626805F059FF27000100854203D0300020
:1087500000F094F80700200018F05CFC3800FEBD23
:10876000D42200200C4B10B50C00984206D00B4BC5
:10877000984207D119230B70183B0BE018230B709C
:10878000173B07E001F056F8031E03D00E23C35633
:1087900023700123180010BDE9030000EA03000064
:1087A000F0B585B002AB9E1D0F0031000192FFF7BE
:1087B000D9FF0C4C002807D002ABDD1D2900380082
:1087C000FFF7D0FF002805D10199200005F026FD14
:1087D00005B0F0BD00220021AA567156200006F017
:1087E0006FF8F1E7D422002010B50100014805F030
:1087F00015FD10BDD422002010B5064C19221821F9
:10880000200006F05DF8E1212000490205F006FD98
:1088100010BDC046D422002010B50100014806F06A
:1088200033F810BDD422002010B50100014805F036
:10883000B1FD10BDD422002070B506000D1E02DA75
:108840001DF012F805000B48002D12D0E81D01F0B4
:10885000A7FE041E01D0084B0360A580002E04D0A3
:10886000A01D2A0031001CF0A1FF00232000651983
:10887000AB7170BD0C6103009061030070B5060020
:108880000D1E0B4813DD0800083001F089FE041EA0
:1088900001D0084B03602000656008302A00311EBB
:1088A00002D01CF083FF01E01CF09EFF200070BD91
:1088B000D0600300DC600300014B18607047C046C5
:1088C00004200020034B044A5843136858401060AA
:1088D0007047C046CB5725CA04200020F7B50500D5
:1088E00001260F490B6801912C000020DF0FBC46C8
:1088F00061469F094F405F4019095A084F409B0845
:108900007B405340DB0713431A00400032401043C2
:108910006408EBD18542E7D3019A1360FEBDC046DF
:1089200004200020004870470C610300F7B50400E4
:108930000D0000280AD0154B002922D008009C42C7
:1089400023D0124B20009D4204D11EE0104C002980
:10895000F7D12500A688AF880020B919FFF76CFF72
:10896000030006330090A11D3200180001931CF093
:108970001DFF019BA91D98193A001CF017FF0098D4
:1089800003E0034D28009C42E4D1FEBD0C610300CE
:1089900078600300F0B57F22040087B0059123784A
:1089A00019000939042903D919001140202901D1DE
:1089B0000134F4E72B3B5A425341E41823782D2B22
:1089C00003D101340026314F01E00026304F00234F
:1089D0000022039302930023009201932578002D37
:1089E00030D02B00303B0493092B1ED800980199FE
:1089F0000022284B10F0D6FE00900191049811F04F
:108A0000F5FC009A019B0FF07DFF01230393029B6D
:108A100000900191002B13D03000390000221D4B33
:108A200010F09CFA06000F0008E0029B002B03D018
:108A3000039B002B06D125E02E2DF9D101230293B3
:108A40000134CBE7009A019B3000390010F0AAFEF8
:108A5000202306000F009D43452D10D10599601C71
:108A60000A2216F057FD0B49020000200EF06EFF9F
:108A700002000B003000390010F094FE04E0059B6A
:108A80001C6001E00020044907B0F0BD0000F0BF09
:108A90000000F03F000024400000F87F70B50B009C
:108AA00004000C48002A14DDA588002903DA6B189D
:108AB000D943C9170B40E91A914200DD110005485E
:108AC000002906DD00209D4201D90634E018FFF799
:108AD000B3FE70BD0C61030070B50A0005000C0008
:108AE0000600002902D10120002D4CD06300264948
:108AF0005B0D59181D2908D91E2931D1002E2FD1FF
:108B0000224B9A422CD122483DE014290EDC002E43
:108B100026D120481B182000984021D18020E30254
:108B2000000618431F23591AC84010E01A481B18A2
:108B30002800984014D18020E302000618431F2328
:108B40005B1AD8403423591A2B00CB401843012319
:108B5000002A02DA4042984000E04000184312D157
:108B600023002A002800210011F0EAFB03000E2058
:108B7000002B08D1023801F013FD002801D0074B6B
:108B800003604560846070BD01FCFFFF0000D0C140
:108B9000010000800DFCFFFFEDFBFFFF20610300E3
:108BA00073B5063001A9FFF7F5FE04000E000022A0
:108BB0000023200031000EF041FE002827D10122C1
:108BC00075006D085242144B2000290011F0B8FBCB
:108BD00000281AD10122104B5242200029000EF029
:108BE00047FE002811D1802300225B0320002900CA
:108BF00011F0A6FB002808D1802300225B0320008F
:108C000029000EF021FE002801D00024034E31007F
:108C10002000FFF761FF76BDFFFFEF7F0000F87FC8
:108C200010B517F093F8040006480E2C09D0E3079E
:108C300003D5601017F005F803E0034801F0DEFEED
:108C4000F7E710BD0C61030071030000064B10B57F
:108C5000984203D801234000184303E011F008FCB8
:108C6000FFF73AFF10BDC046FFFFFF3FF0B50023FE
:108C700085B01500002206000C000EF0E5FD00286E
:108C800005D02D232B7080231B06E418013500220C
:108C90000023300021000EF0D1FD002804D0302345
:108CA0002B7000236B70BAE03000210012F0BAFF85
:108CB00011F066FB5B4A07005B4B300021000EF0B1
:108CC000C3FD002807D1594A594B300021000EF04E
:108CD000CFFD00281FD0002F0BDA7A420020554923
:108CE0000EF034FE02000B003000210010F05AFD9F
:108CF0000AE03A0000204F490EF028FE02000B0067
:108D00003000210010F02AF90123029706000C0020
:108D1000002701931BE001230293FB1801930E2F00
:108D200015DD0E3F3A000020424903970EF00EFE7B
:108D300002000B003000210010F010F900223E4B21
:108D40000FF0E0FD0EF07EFE06000F0015E00E2293
:108D50000020D21B37490EF0F9FD02000B00300055
:108D6000210010F01FFD344B00220FF0CBFD0EF060
:108D700069FE002306000F000393019B002B04DD16
:108D80002E4A012394462E241EE02E2330220199E0
:108D90006B70AB1C2A705D1A9D42F1D01A700133C2
:108DA000FAE7B94217D0361A8F410132B942F8D9E1
:108DB0002A703200691C3A4314D1019A9A420DDD9F
:108DC0000133102B0AD00D006146DA008A1A906F29
:108DD000D16F3022EAE7B042E5D9E9E7039BCF182B
:108DE000302305E0019A9A42EAD1A91C6C70E7E7AA
:108DF0008F4202D00B700131FAE7029B012B0CD09D
:108E000065233B70029B791C002B02DD2B23B91CD0
:108E10007B70029802F00CF901E000233B7005B072
:108E2000F0BDC0468DEDB5A0F7C6B03E50EFE2D61E
:108E3000E41A4B44000024400000E03F105F0300B0
:108E4000012070B54042FFF749FD04000D48FFF7CF
:108E500045FD0600200011F00BFB00220A4B10F02C
:108E6000A1FC040030000D0011F002FB074A084B82
:108E700010F074F802000B00200029000FF042FDF2
:108E800070BDC046FFFFFF000000F03D0000E0DFC6
:108E9000FFFF6F43024B1B68588CC0007047C046F1
:108EA00090220020184B70B51B6805000C00002BA9
:108EB00005D1164B164A1968914210D15B685A6A5F
:108EC000002A0CD0002399005158A94203D1013344
:108ED0009B009B5816E0002901D00233F3E716F0FF
:108EE00092FF230000280DD000239A00825895425B
:108EF00003D101339B001B5804E0002A01D0023348
:108F0000F3E72300180070BD90220020E059030011
:108F10001042000070B505000C00160000290CDBA3
:108F20008388994209DAA4002C19E368002B09D040
:108F30000B21064817F0B1FF04E00A21034817F09F
:108F4000ACFFF0E72800E66070BDC0468603000075
:108F5000031E03D0024A904200D10023180070473C
:108F60000C6103001B4BF7B51B680600DB6A1A1D7A
:108F700001921A689B68551E984204D3019AAB006F
:108F80009B58984201D901271AE00123AB421CDC0F
:108F900058194010019982005258964218D001D9B0
:108FA000431CF3E7451EF1E77C196410019AA30006
:108FB0003100985816F050FE002808D003DA671CDC
:108FC000AF42F1DD01E0651EFAE7002000E020007D
:108FD000FEBDC04690220020044B10B51B68013135
:108FE000DB6A8900C95816F02FFF10BD90220020BF
:108FF000044B10B51B680131DB6A8900C95816F0B3
:1090000032FF10BD90220020014B18687047C04607
:109010008C22002010B5040016F007FE002806D0B0
:10902000201E1BD0012302201C4217D108E0012280
:10903000236804209343DA78F92A0FD198780DE059
:109040000E2C0BD01800422C08D00A2C06D004207D
:10905000062C03D0024801F0D1FC042010BDC0460C
:109060002103000010B504000E2819D0002817D0E5
:1090700016F0DBFD002805D0200000F017F811F0F5
:10908000B5F90FE02000FFF7C5FF022802D16068A4
:10909000A16807E0032803D12000FFF781FDE2E784
:1090A0000020014910BDC0460000F87F70B5421095
:1090B000C30752D4830704D580110200531E9A417E
:1090C0004BE0002842D0FFF7CDFF012205004C0005
:1090D00064080E005242224B2800210011F030F9A2
:1090E000002833D101221E4B5242280021000EF0ED
:1090F000BFFB00282AD1802300225B032800210027
:1091000011F01EF9002821D1802300225B032800E2
:1091100021000EF099FB002818D12800310012F030
:10912000D5F900220F4B12F089FC00220023040025
:109130000D000EF089FB00280AD020002900002233
:10914000084B0FF0DFFB04000D0001E0002204E0FB
:10915000200029000EF058FC0200100070BDC0462F
:10916000FFFFEF7F0000F04110B504000E2811D082
:1091700000280FD016F059FD002805D02000FFF779
:1091800095FF0FF039FB06E02000FFF76BFF11F0B1
:10919000FBF900E0004810BD0000C07FF7B50E00ED
:1091A0000190FFF75FFF040030000D00FFF75AFF4A
:1091B00006000F0011F0C2FD02000B003000390064
:1091C0000EF03CFB002809D03900300011F0D8F82F
:1091D0002900020020000EF0B9FB2BE00022002342
:1091E000200029000EF044FB00280CD020002900AC
:1091F00012F090FC02000B003000390010F0D2FA9F
:1092000012F09AFB16E000220023200029000EF045
:1092100015FB00280AD000220023300039000EF090
:1092200013FB002809D00020054903E02000290095
:1092300012F070FCFFF750FC00E00198FEBDC04644
:109240000000F07F10B5FFF70DFF0022034B0FF079
:1092500059FB11F073FDFFF73FFC10BD0000E03F2C
:10926000F8B5040016F0E1FC00280ED00A2C01D15C
:1092700000252CE0002CFBD00E2CF9D0062CF7D0CA
:10928000013C25006C1EA54121E02000FFF7C2FE35
:10929000032804D10F4B01259C4218D1E8E7012592
:1092A000022814D12000FFF7DDFE02000B000600AB
:1092B0000F0011F045F80028DAD100230022300019
:1092C00039000EF0BBFA43425841404205402800A5
:1092D000F8BDC0460C61030070B590B00400FFF704
:1092E00099FE03002000032B56D0022B06D1E30782
:1092F00018D56010694601F09BFE31E02748052B28
:109300004AD02748002C47D026480A2C44D026486B
:109310000E2C41D02548422C3ED02548062C3BD06F
:10932000244839E00E2C2BD02000FFF79BFE0122B1
:109330004E0076080D0052421F4B3100040010F021
:10934000FFFF002812D022002B002000290010F07F
:10935000F7FF002814D16A4620002900FFF786FC99
:10936000012168464942FFF767FA15E00122124BD6
:109370005242200031000EF071FA0028E3D101E0E2
:10938000094809E000230022200029000EF05CFAC1
:10939000031E0A4800D10A4810B070BDEC610300FA
:1093A0006061030014610300C0610300B460030046
:1093B0007860030050610300FFFFEF7F84600300CB
:1093C0009460030010B50400FFF724FE042804D1C4
:1093D000002C0FD0A3070DD103E02000FFF77CFF86
:1093E00008E0012322689A435369034A934201D05B
:1093F0002000984710BDC046C593010010B5FFF787
:1094000009FE05280ED80EF089F812030507090B8E
:1094100008480DE008480BE0084809E0084807E064
:10942000084805E0084801F0E9FA002000E0074894
:1094300010BDC046DC61030080610300CC61030005
:1094400070610300C060030022030000A4600300F9
:1094500010B5062805D0FFF7DDFDF5239B00C018E9
:1094600000E0024801F0CAFA10BDC046DD0300006A
:1094700070B501F021FB04690500002C02D10448FD
:1094800001F0BCFA236820002B6101F075F870BD73
:1094900053030000F0B587B0070001F00DFB04692D
:1094A0000600002C05D13800FFF78CFF0B4801F0B7
:1094B000A5FA22002368336102AB019323CA23C3B8
:1094C000126820001A6001F057F8054B77611B689D
:1094D00031009B6B0198984707B0F0BDE70300008F
:1094E0009022002010B501F0E7FA1223446943618D
:1094F0009C4202D1024801F081FA200010BDC04612
:109500005303000010B503004118054C05488B4279
:1095100004D060431A7801335040F8E710BDC046CC
:1095200093010001C59D1C8170B5040043680020B3
:109530005900FFF781F90F262200094D6168131BBE
:10954000013299420ADDD1795B000911695CC318C7
:109550009971D1793140695CD971EFE770BDC0462E
:109560009071030070B50D00094C002804DD81B234
:10957000200006F0B9FF02E0200007F021F8002DDE
:1095800005DD280002F04AF9200007F019F870BD47
:109590002C26002010B5024801F030FA10BDC0465C
:1095A0009F03000010B5024801F028FA10BDC04624
:1095B0009F03000070B50B4C0E002368002B0AD1EE
:1095C0001C201CF0C0F8D1230500074A9B00D1588D
:1095D00000F0D6FA2560B288B11D0023206800F0A3
:1095E0006BFB70BD7C220020D022002010B514201F
:1095F0001CF0A9F8044BD1211A008900FC32D26F6B
:10960000595807F039F910BDD022002010B50C20B0
:109610001CF099F8D123034A9B00D15808F080F838
:1096200010BDC046D022002010B55C201CF08BF885
:10963000D12303499B00034AC95808F0B3FA10BD6F
:10964000D02200207824002010B580201CF07BF868
:10965000D12303499B00034AC95808F0CBFB10BD36
:10966000D02200207023002010B510201CF06BF8D1
:10967000D12303499B00034AC95808F039FE10BDA5
:10968000D02200206024002010B51C201CF05BF8C4
:10969000BE22D121034B520089009A58595808F034
:1096A000E9FC10BDD022002070B5094C2368002BC6
:1096B0000DD11C201CF047F8D12105000548890078
:1096C00041583C233D22280008F01CFF256070BD56
:1096D00078220020D022002037B50400FFF7E4FFF5
:1096E000084BA11D1D6801A80423E25E02F0C0FA28
:1096F000022201A928001AF085FB01A817F08EFFAD
:1097000037BDC0467822002037B50400FFF7CCFFF4
:109710000E4BA11D1D6868460423E25E02F0A8FA04
:1097200002236A46290001A808F0C0FF019802231D
:10973000C15E043016F081FA040001A817F06EFF34
:10974000684617F06BFF20003EBDC046782200201F
:1097500010B50400FFF7A8FF2100044808310223D8
:109760006268006809F0C4F810BDC0467822002085
:1097700070B5FFF799FF124D28681AF039FB010008
:109780000020FFF77BF804002600083600F0F2FF07
:10979000310002236268286809F064F8011E02DAC9
:1097A0000021080004E063682500984203D03000DF
:1097B000FFF764F80500200017F02CFC280070BDAE
:1097C0007822002073B504000D00FFF76DFF0C4BED
:1097D000A11D1E6801A80423E25E02F049FA01A956
:1097E0000022300008F04CFF01A817F017FF962068
:1097F0002A0010230121C00001F0ECF973BDC0461E
:109800007822002010B50100072801DD072102E0C1
:10981000C343DB171940024807F0C8FB10BDC04620
:10982000C825002010B5024819F0EAFE10BDC04658
:10983000C82500200300643B0020152B02D8024AF3
:109840009B0098587047C04600620300014B98681F
:109850007047C0463022002010B50C00FFF7EAFF29
:10986000002805D0FA22034BD200210004F018FB97
:1098700010BDC046DC05000010B5FFF7DBFF00227D
:10988000024B1860024B1A6010BDC04684220020B3
:109890008822002070B504000D1E03DD0B4B1B78E1
:1098A000002B04D10021200004F068FA0CE0012113
:1098B0005B11994004F062FA290005480DF0C2FEE0
:1098C0000100200004F018FB70BDC046FC21002000
:1098D00040420F0010B5002801DA002002E0FF2806
:1098E00000DDFF200B4B18700B4B1B78002B0FD0AB
:1098F0000021884202D0401101318140074B186895
:10990000002805D0064B1B78002B01D104F036FA55
:1099100010BDC046FC210020D12900208422002057
:10992000D0290020014B18787047C046FC21002048
:1099300070B5134C0E002368002B01D1114B23602E
:109940000123114D2B702368002B08D00F4A127889
:10995000002A04D1010032001800FFF79BFF002EFF
:109960000DDD300001F05AFF2068002805D0074BBC
:109970001978002901D104F001FA00232B7070BD81
:109980008422002078240020D1290020D029002022
:10999000F7B5040008000E00170017F0FDF80200EC
:1099A00005000097330008326100024803F0D2FD41
:1099B0002800FEBD38230020130007B50A00400030
:1099C00000934B6808320100014803F0D3FD0EBD3F
:1099D0003823002037B5094C2368002B0CD11C20FC
:1099E0001BF0B1FE012305005B42009308220833FF
:1099F00009210CF0B7FB256020683EBD80220020C5
:109A0000F7B505000C00002805D1002929D1184818
:109A100000F0F4FF25E0002906D06B6862689342ED
:109A200002D0134800F0EAFFFFF7D4FF06006B688E
:109A30002A0027000832E31800920193019B9F42FD
:109A400014D03368291E1B6801D0009A11783000A9
:109A50009847002C00D03872009B013701330093E7
:109A6000ECE7FFF7B7FF63680600E1E7F7BDC04624
:109A70008D030000F0B5164C0700206885B00E007D
:109A80001500002804D003689B68984700232360D2
:109A90003800FFF7CFFE0E23C356300003930E2687
:109AA000FFF7C8FE86572800FFF7C4FE0E27C757EA
:109AB0001C201BF048FE01235B42009332003B0058
:109AC000039905000CF04EFB256005B0F0BDC046C3
:109AD0008022002001235840014B18707047C04677
:109AE000D029002010B5024800F088FF10BDC04604
:109AF0009F03000070B520260024124D124804F088
:109B000063F9844200DA0400854200DD0500052087
:109B1000013E01F083FE002EF0D1601B10F066FCC8
:109B200000220A4B0EF0EEFE10F02AFC0323C217AF
:109B300013401818801010F059FC11F0FFF810F0C5
:109B40001FFC70BDFF030000B82500200000E03FAF
:109B500010B5022000F00CFC014800F04FFF10BDD2
:109B600093030000014B18607047C0467422002028
:109B7000024B40001B6818187047C0469022002016
:109B8000F0B506000024A9B00291316021000BABB2
:109B90001A1901345170102CFAD1012242481A705E
:109BA0001A1B013C015D5174002CF9D19A7B597B41
:109BB00012020A434527311D039125211B7813AD5D
:109BC0002B7002ABFF18C9186A82380010221BF0F4
:109BD000EDFD331D6B6114232B8301232B770F3392
:109BE000FB771DAB1C706D2302AA9B181C706E23A3
:109BF00021009B181EA80C221C706C83EC836C62E5
:109C00001BF0F2FD294B0C22210023A8AB63EC636F
:109C10001BF0EAFD264B14222100301DEB642C655D
:109C20001BF0E2FD462302A903225B182100DA772C
:109C3000059506AB1A1901345170102CFAD1012286
:109C40001C481A701A1B013C015D5174002CF9D19B
:109C50009A7B597B12020A43252011211B780BAFF6
:109C60003B7002ABC9187A82C01810221BF09EFD0F
:109C7000012302983B7505ABBB61BC8309F01EFB59
:109C8000036839001B689847EB8B3068338309F011
:109C900015FB03680094DC68318B1423039AA047FA
:109CA000300029B0F0BDC046A37103003F0C030093
:109CB000310C0300B3710300F0B5050085B00068F6
:109CC0001C00039101921AF087F9836D9B0726D53A
:109CD000002C01D0134B00E0134B00271B785BB224
:109CE0000293019B9F421ADADC1B132C00DD132424
:109CF0002E00029B220023432B71039B681DD91960
:109D00001BF054FD01CE09F0D9FA036832005B69FB
:109D1000298B9C4614236646B0473F19E1E705B0FE
:109D2000F0BDC046A1710300A2710300030010B58D
:109D30000420002B11D058003F2B0EDD074A934220
:109D400005DC0520032158430DF07CFC05E0581C80
:109D5000034BFF30984200D9024810BDFF010000BC
:109D6000FEFF0000FFFF0000012370B50A68050038
:109D70009A4313890E00042B02D00D4800F03EFEDA
:109D80003000002D12D0A8000C3000F009FC041E99
:109D900001D0084B03602000B368AAB2A580A3607D
:109DA00092000C3000211BF01FFD200070BDC0464A
:109DB00085030000886203000B4B026970B5050043
:109DC0009A4203D0E220800000F018FE288800F0BC
:109DD000E7FB041E00D005602A88201D043A0021FC
:109DE0001BF002FD200070BD090D03001C4BF7B5F0
:109DF00005000E00994232D8C488A14223D9200020
:109E0000FFF794FF0700B04200DA3700B80001F016
:109E1000F9FDA30000900193002C03D01A002968DB
:109E20001BF0C4FC0099019B8C463A1B634418004C
:109E3000920000211BF0D8FC286801F015FE009B61
:109E4000EF802B600AE08288914207D22B68521A79
:109E500088009200181800211BF0C6FCAE80F7BDE8
:109E6000FFFF0000084B70B505000C00160099427A
:109E700008D88388994202D30131FFF7B7FF2B68D6
:109E8000A400E65070BDC046FEFF0000C38870B558
:109E900005000C0016008B4206D8084B99420BD8DF
:109EA000013189B216F04EFF2A68A3009E50AB889C
:109EB0009C4201D30134AC8070BDC046FEFF00005F
:109EC000034B036000234360038143817047C04616
:109ED00058620300024B0360002343607047C04692
:109EE000B8620300044B0360002343600381438195
:109EF000C360038243827047E8620300014B1B6822
:109F00001869704790220020014B1B6898697047C0
:109F100090220020014B1B68188C70479022002073
:109F2000014B1B68D86B7047902200201B4B0268C6
:109F300070B506009A4200D0FEE74368184D194AF2
:109F400019682B60914203D1174800F057FD23E0B8
:109F5000188C800017F050F82B68144C1A8C0021D4
:109F6000920020601BF040FC23681C602C68104BA2
:109F700022689A4203D1B36822699A4200D0FEE770
:109F800017F0D5F82B6820001C6B002340301A0016
:109F90001900A04717F0BDF870BDC0461042000080
:109FA00090220020718E3B929F0300008C220020A3
:109FB000708E3B9210B50248FFF7B8FF10BDC04647
:109FC000E059030070B506000C2000F0E9FA041E09
:109FD00005D0104B036000234360038143813000B0
:109FE00016F074FE0C4B984211D13589002D0ED01D
:109FF000200000F0BFFB201D290016F0CFFEAA00B4
:10A00000716860681BF0D2FB200017F003F8200095
:10A0100070BDC04658620300E862030070B50400DA
:10A020000D0016F053FE0B4B984202D00A4800F088
:10A03000E5FC2900200016F009FF051E08DB2900B9
:10A04000201D16F0C4FE200029000C3016F0BFFEC3
:10A05000422070BDE86203009B030000014B58885A
:10A060007047C04630220020014B98687047C046B8
:10A070003022002010B50121014815F0DEFD10BD91
:10A08000C371030010B508210148FEF7F7FB10BDAE
:10A0900060000010024B1A68501C18607047C046E0
:10A0A000082000200148C000C00870470040002080
:10A0B000074B1B68002B09D01A0008328242F8D8DF
:10A0C000596852189042F4D2012000E018007047FD
:10A0D0009C2200200C4A5368916801335360436806
:10A0E0000830C9189160094AD91C0A408021090624
:10A0F0000A430260064A9B08116841601060054AE5
:10A10000C31813607047C046A0220020FCFFFF7FE9
:10A11000CC220020C0220020084A1368002B01D066
:10A12000834205D90360106007E0904203D3130017
:10A130001A68002AF9D10260186070479C2200203A
:10A14000032370B5046805009C43A30F002C03D1C2
:10A150000C4800F053FC04E0002B02D02501AD09AF
:10A1600003E02800E36998470500002D04D0064B62
:10A170009D4204D9002C02DB044800F03FFC28007B
:10A1800070BDC04651030000CA080000490300002A
:10A19000104A70B591880600013910688B00C31809
:10A1A0000D0010006A1C0FD01C00043B5A68B2421C
:10A1B00008D18D4202D116F0B7FD09E016F0B4FDCA
:10A1C000206005E0013DEDE7D220800000F016FCA4
:10A1D00070BDC0469422002010B518210148FEF73A
:10A1E0004DFB10BDA022002010B5041F2368DB0723
:10A1F00002D5084800F002FC2000FFF759FF0028B4
:10A2000002D1054800F0FAFB0123226813432360C2
:10A2100010BDC0464F0300004A03000010B5040003
:10A2200016F09CFE002816D123680B4A134212D167
:10A23000DB78F92B0FD12000FFF73AFF002802D17D
:10A24000064800F0DBFB0123226821001343236052
:10A25000034816F08EFE10BD030000404A030000C4
:10A26000C4220020F7B50E0000240190B44230D083
:10A27000019AA300D5580134280016F06FFE00287B
:10A28000F4D12B68134A1342F0D1DB78F92BEDD1CE
:10A290002800FFF70DFF002802D10F4800F0AEFBA9
:10A2A00001232A680D4F13432B602900380016F054
:10A2B00060FEBB88642BD9D90C2001F0A3FB084AAF
:10A2C0000199136810600360A300CB18341B43602E
:10A2D0008460F7BD030000404A030000C422002050
:10A2E000B822002070B5040016F038FE002836D1E0
:10A2F00023681B4A134232D1DB78F92B2FD120007F
:10A30000FFF7D6FE002802D1164800F077FB0122A5
:10A3100023681A432260032293439B69002B01D0D8
:10A3200020009847032410488388002B08D016F09B
:10A33000FBFC0368A3439B69002BF4D09847F2E72A
:10A340000A4B186800280AD00268866845681A60B7
:10A3500001F08AFB31002800FFF784FFE3E770BDBE
:10A36000030000404A030000C4220020B82200205D
:10A37000F0B5764C87B0237806009B0703D5D22032
:10A38000800000F03BFB0222237801251343237059
:10A3900000246F4B1A689F880192A7420AD9019A3C
:10A3A000A300D058284201D0A8430068FFF79AFFC5
:10A3B0000134F2E7300000F08DFB664E3368002B6D
:10A3C00011D0654B1B685C8DFFF7A4FD3368002638
:10A3D000051BA4001C19B54205D0B300E058FFF7D7
:10A3E00081FF0136F7E700245C4B1D685C4B1E784B
:10A3F000A64205D9A300E858FFF774FF0134F7E738
:10A400000022584B58491A600B68019201330B60C7
:10A41000564B04921F6802920392002F61D03C00B9
:10A420007B6808349B089A00A2180592049AD318F6
:10A430000493059BA34252D901222368134203D1FE
:10A440001A0F2500062A1BD1012293432360200006
:10A45000FFF776FE850065192C00EAE7012213421A
:10A460001CD11A0F062A19D08022D20513420BD014
:10A470002800FFF765FE059B80002D18AB420DD923
:10A480002B68002BEADAF3E7DB78F92B02D03848A7
:10A4900000F0B4FA280016F03BFCE9E7029B2E1B03
:10A4A000B6109B190293019B9E4200DD0196B200FB
:10A4B000FF2120001BF098F98023B2001B061343F4
:10A4C0002360012EC8DD00236360039B002B02D1B3
:10A4D000244B1C6001E0039B5C600394BCE73F6875
:10A4E0009BE724480368002B14D0029B5C081D4B9B
:10A4F00019683B0000290DD00A6812019209D21890
:10A50000944204D2E31A9B00C918016002E0496832
:10A510001300EFE7049A14499000019A029B9200FD
:10A520000A614A699B00CB60002A01D0934200D2A5
:10A530004B610A225343984201D316F0FFFC0221DB
:10A54000024A13788B43137007B0F0BDD229002064
:10A55000942200208C22002090220020BC22002087
:10A56000D3290020CC220020A02200209C22002001
:10A5700049030000C022002070B5041F23680500B5
:10A580005B0F032B02D0054800F038FA80232268C5
:10A590001B0613432800236070BDC046490300001A
:10A5A000F0B5C31C9B0885B00293404B984202DD76
:10A5B000162000F023FA3E4B3E4E5B68DB0569D166
:10A5C00033781B0766D1012233781343337000F0D0
:10A5D00073FA002805D04368002B02D1364800F0FA
:10A5E0000DFA00270022354B01921D680393002DC0
:10A5F00040D0002F03D1324B1B689D423CD828002D
:10A6000016F0ACFC002802D02E4800F0F7F92C68B8
:10A61000002C02DB2C4800F0F1F9029B2401A40974
:10A62000E41A6B6823D40BD08020029AA100920018
:10A630000006AA1801431160012C01D053601300D9
:10A64000019A002A01D0536001E0039A13600022AE
:10A650002A60934222D0586890421FD016F07EFCA8
:10A6600000281BD0D420800000F0C8F916E0019526
:10A670001D00BCE7002F03D10020FFF779FE07E0A3
:10A68000012F02D116F05AFC02E0152000F0B6F9B5
:10A690000137A7E70D4800F0B1F994E7012228003F
:10A6A00033789343337005B0F0BDC04628230000D3
:10A6B00000ED00E0D22900204E030000CC22002053
:10A6C000C0220020510300004B0300009203000051
:10A6D000032310B5C41C9C43201DFFF761FF044BEE
:10A6E00007341C408023DB051C4310C010BDC0464E
:10A6F000FCFFFFBF1A4B70B55B6806000D00DB0561
:10A7000002D0184800F07AF900F0D6F9164B040090
:10A710001D60164B751BAD101D701D0000280AD062
:10A720000C2016F069FC63680360A3684360E3686B
:10A730008360E0600DE0182016F05EFC0C4B1222E6
:10A740001B68426103600023C3600361040000F0E2
:10A75000BBF90023A6602B702000636070BDC0466B
:10A7600000ED00E092030000BC220020D32900206D
:10A770008C22002010B5040016F0F0FB002803D155
:10A780002100024816F0F5FB10BDC04694220020BF
:10A790000023044A13609380D380034A136093809C
:10A7A000D380704794220020C422002013B5041ED9
:10A7B000074802D118F07FFD08E022122114E3B20D
:10A7C000240ED2B2C9B2009405F098FF13BDC04662
:10A7D0001826002010B5024818F06DFD10BDC046C7
:10A7E000182600201FB50C00010003A801F09EFAF6
:10A7F000002203A9009213000194034802F0B6FD61
:10A8000003A816F0C8FF1FBD7023002037B50C1E2B
:10A8100000DC0124124D002802D08288002A07D1D2
:10A82000280017F0FDFE0520604300F0F7FF15E05B
:10A83000012A0DD0811D12B201A801F019FA2200DF
:10A8400001A9280002F0EEFD01A816F0E7FE05E0E0
:10A85000052281796243280002F066FD37BDC046BB
:10A860007023002010B5024816F0B9FF10BDC04695
:10A87000E42300201FB50C00010003A801F056FAE4
:10A88000002322000193009303A90533034802F03B
:10A8900029FE03A816F07FFF1FBDC04670230020CD
:10A8A0001FB5010002A801F041FA02A903A816F0A1
:10A8B0007FFF002203A9019200921300054802F0D5
:10A8C00055FD03A816F067FF02A816F064FF05B057
:10A8D00000BDC0467023002010B541B2014805F00C
:10A8E000DBFB10BD2C26002010B501280BD0002862
:10A8F00005D002280AD1064805F07CFC06E0044891
:10A9000005F03CFC02E0024805F056FC10BDC046D4
:10A910002C26002070B501280ED0002802D0022875
:10A920000FD021E01148002902DC05F061FD1BE099
:10A93000C9B205F083FC17E00C48002908DDC9B254
:10A9400010E00A4D002906DC280005F051FD280022
:10A9500005F08CFD08E0CCB22100280005F06EFC6B
:10A960002100280005F0D8FC70BDC0462C26002030
:10A97000044B10B51B681C6B00231A001900A0477C
:10A9800010BDC046902200201FB500900191029298
:10A9900069461022084803931AF008FF6B4658884E
:10A9A00015F0BAF9054B01001B6806981C6B0023D3
:10A9B0001A00A0471FBDC046302200209022002070
:10A9C00010B50400034B0360403016F027FE200052
:10A9D00010BDC04620630300064B10B51B780A006B
:10A9E000002B05D1010004480233043003F072FD4E
:10A9F00010BDC046D4290020D022002010B504008C
:10AA000003481AF076FD200000F08CFB10BDC04614
:10AA1000E093040010B5034800F02CFCFDF74CFF58
:10AA200010BDC046FFFFFF7F10B5084800F0B8F921
:10AA3000012000F0D5FF064B984206D9012000F016
:10AA4000CFFF044BC01816F0ADFA10BDD022002085
:10AA50000404000000FCFFFF10B5041E06D0FFF741
:10AA600089FE034A2100034816F0ACFC10BDC04625
:10AA700003140300EF10030010B5041E06D0FFF707
:10AA800079FE034A2100034816F09CFC10BDC04625
:10AA9000E310030071A90100054B10B51C68FEF717
:10AAA000F9F9044BE4182018800A800210BDC04652
:10AAB00090220020FF030000024B1B68181E00D0EC
:10AAC000D86D704740260020014B1B68D865704741
:10AAD00040260020F0B51A4B85B01A680193002A71
:10AAE00007D1012000F08EFF0390039800F0BCFF17
:10AAF00023E000F0D5FC0400002C1ED0E36D1E1DE9
:10AB0000002B04D1A46DF7E7B668002EFAD0019BA4
:10AB100035681A68944203D0636CE16B5B1AED18D8
:10AB20007768944203D0636CE26B9B1AFF18BD42B6
:10AB3000EAD201CDFFF7D6FBF9E705B0F0BDC0467C
:10AB40004026002010B5064C200000F081F8054A90
:10AB5000054920001AF0ECFD044816F0EEFD10BD8A
:10AB6000D02200200020002071AB01003022002004
:10AB7000D7239B0010B50400C01805F0B5F9D22307
:10AB80009B00E01805F040FDBE23114A9B00E250F7
:10AB90001C33E01816F042FDC4239B00E01816F0A9
:10ABA0003DFD20004130FF3001F0DAFC200019307B
:10ABB000FF3001F0D5FC2000A03002F001FA2000A7
:10ABC000803002F0F9FE201DFFF7FAFE200010BDD4
:10ABD00004690300F0B593B0059383B20393102387
:10ABE00001930023184F8EB20492009332003B0071
:10ABF000039906A816F0A9FC144D06A98035280073
:10AC000002F016FE06A816F0BFFC30201AF09BFDDD
:10AC10006B4604009B8A03990193049B32000093C6
:10AC20003B0016F092FC2100280002F04DFE0028A7
:10AC300005D0200016F0A8FC20001AF080FD049832
:10AC4000FFF798FD13B0F0BD89A90100D0220020C4
:10AC5000F0B504001427250095B064353B0000973B
:10AC600019221821043003F0E3FA280018F0DCF967
:10AC700023006833390013221800129317F0F5FCF3
:10AC80002000803002F0B8FE2300A033434A0721A1
:10AC90001800139302F0B8F92000002601231930A0
:10ACA0001A0000961121FF3001F0D6FC200041303F
:10ACB0000096012302221021FF3001F0CDFC20007C
:10ACC0006930032302220121FF3002F069FF2700CF
:10ACD000129801F00DFAFC37F867129801F018FD90
:10ACE000BE235B00E0500100200000958130139BE3
:10ACF000FA6FFF3002F098F8200091302900082206
:10AD0000FF3003F09FFF792320001193023B109343
:10AD100001330F93033B0E93013B0D93013B0C93C7
:10AD2000013B0B93013B0A93013B0993013B0893C1
:10AD3000013B0793013B0693013B0593013B0493C1
:10AD4000013B0393013B0293013B0193A930013B7B
:10AD5000652200936421013BFF3017F0A8FCBE235D
:10AD60009B00E018290006F0E5F8C7239B00E018D7
:10AD7000092103F03DF9D1239B00E6500433E0188C
:10AD80002822122105F0DCFCD7239B00E01805F0F7
:10AD900045F92000267015B0F0BDC04628630300B9
:10ADA000F0B503788DB00700DB0700D518E103008C
:10ADB00080331800029300F0BFFB16F0BEFA0028A3
:10ADC00002D100F081FA20E03C00FC34E06F16F084
:10ADD00001FF0390E06F16F004FF0600E06F16F02D
:10ADE00007FF050038009130FF3018F075F9BA23DD
:10ADF0009B000400F81802F0E7FF039B73405D40DE
:10AE00006C40604000B200F093FA30201AF09BFCD6
:10AE10000400103016F091FC20000025243016F0BC
:10AE20000AFB704B6580238018201AF08CFC06000A
:10AE30006D4B80C603901022290030000A930B95B9
:10AE40001AF0D2FC08220AA930001AF0AFFC674BB6
:10AE5000039AE56053611223A260A3802562E56234
:10AE60002100029802F030FDA84205D0200016F023
:10AE70008BFB20001AF063FC01223B785C491343F2
:10AE80003B703B0064331800049318F0D3F8594921
:10AE90000400049818F0CEF80590642000F0BEFC81
:10AEA00000231E001D0003933B001933FF331800DD
:10AEB000069316F0CCFE002802D1002C34D109E014
:10AEC00038004130FF3016F0C2FE0028F5D0182DB2
:10AED0002ADDF2E7059B002B26D1D12446494748BD
:10AEE000A40000F04FFD3B59002B79D100F0D4F8BD
:10AEF000010008A800F0ACFE09A816F0FDF9BE2379
:10AF00009B00F818059B09AA08A90093029B06F06C
:10AF100065F809A816F082FB08A816F07FFBC0238D
:10AF20009B00FB583B515BE038006B4615300C2210
:10AF30009A5E31B2FF23FF30013600F00FFFF6B208
:10AF4000322000F06BFC0135052E04D10026039B56
:10AF50000133DBB20393192D02D0002C02D1A3E7F9
:10AF6000002C03D02249049803F000FE20001AF0C0
:10AF7000E6FB05981AF0E3FB1F49204800F002FDAC
:10AF8000D1239B00FB580793002B20D100F084F8BD
:10AF9000010008A800F05CFE09A816F0ADF9BE207B
:10AFA0000123800009AA08A900933818029B06F023
:10AFB00015F809A816F032FB08A816F02FFBC023DD
:10AFC0009B00FB580793D123079A9B00FA50BE239E
:10AFD00039009B00069AA031F81806F0E3F963E700
:10AFE0000DB0F0BDFD030000851203004512030003
:10AFF000097203001472030000200020001F0020CB
:10B0000010B5041E0DD01AF02FFC230001382018B3
:10B01000834208D21A7801780138197042700133DE
:10B02000F6E7024800E0002010BDC04617FCFFFF15
:10B03000F0B585B001900C1E28D00027C217161A53
:10B0400056407D1C631902933000013B0A21039393
:10B050000CF0DEFBCB17C9185940039B3031197037
:10B0600030000A210CF0EEFA061E01D02F00E8E7AE
:10B07000019B002B03DA2D23029ABD1C13700026BE
:10B0800020006655FFF7BCFF300000E0014805B026
:10B09000F0BDC04617FCFFFFF0B58DB004ABDF1D5F
:10B0A0001922154938001AF081FB0022134B0524A0
:10B0B0005A7180225205566E012225000194029297
:10B0C0000393019930000CF0B9FA080002990CF0D2
:10B0D0002FFA019B03996B430193029B361A6B4332
:10B0E0000293631E2C1B6C433C19225C1C1ECA5429
:10B0F000E7D108000DB0F0BD24720300D52900206F
:10B10000BFF34F8F024A034BDA60BFF34F8FFEE766
:10B110000400FA0500ED00E0014B18607047C046DE
:10B12000342600200122F0B5494B8FB01B68060081
:10B130000092002B01D0DBB200930123454A00218D
:10B1400009A80BF061FB444B9E4200D9002672B661
:10B15000424B1022002105A81D681AF045FB404B08
:10B1600064213000059305240CF06CFA60435030E4
:10B17000281806900A2130000CF064FA0A210CF01D
:10B1800047FB614350316918079130000A210CF0E8
:10B190003FFB4C43210050316C188026089400245A
:10B1A000B601009B002B4AD004AD0027032C02D12E
:10B1B00080260024B6016B682A4A0293630001339B
:10B1C000D318002201921021581E007801410391EA
:10B1D00019788C4660460299095C0398014204D0B4
:10B1E0000120904001990143019101320633092A5F
:10B1F000E9D1019B2A68D9431B4B09011940029BE5
:10B20000934203D1312F01DC002100E0314309A832
:10B210001AF04EFAFA23013401377600E4B25B00EB
:10B220009F42C3D1043508ABAB42BED1084B1B686B
:10B23000002BB6D0009B013BDBB20093B1E7BFF31C
:10B240004F8F0A4A0A4BDA60BFF34F8FFEE7C046C2
:10B2500034260020F0FF0000E70300000C2000204F
:10B26000737203003D720300F01F00000400FA0532
:10B2700000ED00E0F7B500281FDD0126104C421E4E
:10B280002368019415000020DF0FBC4664469F0927
:10B2900067405F401C09590867409B087B404B4052
:10B2A000DB070B4319004000314008436D08EBD128
:10B2B0008242E7D3019A136000E00248FEBDC04617
:10B2C0003826002017FCFFFFF8B50023144C23603C
:10B2D00016F033F82500002808D00421200016F0CD
:10B2E00028F800281BD00F4B236018E00122A1276B
:10B2F00004210D4B0D4E1A602368FF000B4A70604D
:10B30000944662465268084C002AFAD0E2591B0261
:10B31000013913430029F1D12B6001236360F8BD8B
:10B3200038260020ED5EBC0B00D00040FCD0004071
:10B33000014B18607047C04638260020F0B585B034
:10B340001F000AAB1B880600029115000393002F13
:10B350001AD030201AF0F7F96B4604001989039BC4
:10B36000AAB200933B0016F0D5F8336821005B6861
:10B3700030009847002808D0200016F005F920007A
:10B380001AF0DDF9024800E0024805B0F0BDC04601
:10B3900016FCFFFF17FCFFFF0B4B70B51C68002C61
:10B3A00011D0656D00F010FCA36C002903D183421D
:10B3B00001D92C00F3E7200015F0EDFF0349200030
:10B3C00015F0D8FFF5E770BD602600206C26002040
:10B3D000F0B5040095B00793230C0293294B049019
:10B3E0001C68294B05911E68069285B20027002E25
:10B3F00046D0002C30D0636D24480393A36C9AB2DE
:10B400001B0C99B2854216D12148824213D1002BE0
:10B4100004D0029B994201D0039CEAE7002F01D09F
:10B420000127F9E7200015F0B6FF1A49200015F0B2
:10B43000A1FF0137F0E7002A01D09542ECD1002BA3
:10B4400002D0029B9942E7D1200015F0A4FF1149D8
:10B45000200015F08FFFDFE70F4BEB18012B0FD902
:10B460001023029A009329000C4B08A816F052F8FA
:10B47000336808A99B683000984708A816F084F83C
:10B4800015B0F0BD5C26002070260020FE030000F1
:10B49000FF0300006C26002002FCFFFFD1B3010077
:10B4A000014B18687047C0466826002010B572B678
:10B4B0000E4B1C68002C03D0200015F06CFF08E038
:10B4C00062B660201AF03FF96022002104001AF0F1
:10B4D0008BF90023064AE364E263E36572B6054B29
:10B4E0001A681C60A26562B6200010BD3C260020D0
:10B4F0000040002068260020094B10B51C68E36C52
:10B50000DB070AD5FFF7D2FF064B1860002804D0EE
:10B51000E36DC3650023E3650400200010BDC04651
:10B520004026002064260020024B18780123184092
:10B530007047C046DB290020F7B50600FFF7F4FF8F
:10B54000051E33D11A4C2660FFF7B0FF194B1A497C
:10B55000186015F00FFFFFF7A9FF184B1860184B84
:10B560004363184B8363206800280ED0C027164E13
:10B570002A00330015490097FFF7E0FE00973300DB
:10B580002A0013492068FFF7D9FE0C201AF0DBF8D7
:10B590000023838083710F4B03600F4B836000F0A7
:10B5A0002BFB01210D4A13780B431370F7BDC046E6
:10B5B00070260020402600206C26002074260020E3
:10B5C000FC3F00202B140300D1B30100FF03000057
:10B5D000FE0300004863030099B30100DB2900204B
:10B5E000F7B5134F04003B680E00002B03D0FFF7A4
:10B5F0009BFF002801D10F4818E0FFF77DFF0500F1
:10B6000033042343836415F0C6FE0B49280015F06C
:10B61000B1FE0A4BE318012B07D9C0230093320077
:10B62000074B21003868FFF789FE0020FEBDC046A9
:10B630007026002016FCFFFF5C26002002FCFFFFA6
:10B64000D1B30100F7B506000D00170001930028E3
:10B6500001D1002015E00029FBD0FFF727FF041ED1
:10B66000F7D0084B019A4363066045608760064B3C
:10B67000002A00D0054B2000A363054915F07AFE8F
:10B680002000FEBDFC3F0020F5130300131403004F
:10B690006C260020F8B50500EFF30884C36B006C3E
:10B6A0001C1B6B6C1B1A9C4210D91F23084F2034A3
:10B6B0003E689C433D60002801D000F0D5F9200091
:10B6C00000F0A0F92864201868643E60F8BDC04608
:10B6D00040260020024B1868434258417047C0463C
:10B6E0006C260020002310B504499C006258002AF3
:10B6F00001D00133F9E76050100010BD442600204E
:10B70000002310B5044A99008C58844201D00133BB
:10B71000F9E70020885010BD4426002010B5002411
:10B72000074BE058002802D003685B689847043450
:10B73000182CF5D1034B1B68002B00D120BF10BD86
:10B74000442600206C260020F8B5FFF7EDFE002807
:10B7500056D02C4E34683500E36CDA0718D5022732
:10B760003B43E364284B1D680423EA6C2800134321
:10B77000EB64636BEB63FFF78DFF2800696C07F0E8
:10B7800038FC3068C36C3B423AD007F06CFC37E0C1
:10B790001E4F1F4E3A68002A01D1326808E0216D21
:10B7A000B94205D1616D002900D11100296000E086
:10B7B0002A602A6831688A4208D11B0706D52C60A6
:10B7C000FFF7ACFF3B68002BFAD02B6029688C4256
:10B7D00016D03368994204D10E4B4B630E4B8B63EA
:10B7E00005E09C4203D100224B6C100006E02000D3
:10B7F000FFF750FF20002968626C4B6C07F0B8FB24
:10B80000F8BDC04640260020642600206C2600209B
:10B8100074260020FC3F00202B14030070B50500A7
:10B82000FFF782FE002803D1280019F06DFE0FE01B
:10B83000FFF762FE040000F0C7F92818A06420009A
:10B8400015F0A9FD0349200015F094FDFFF77CFFDA
:10B8500070BDC04660260020F8B5FFF765FE0028E1
:10B8600031D00026184D286815F095FD174C236837
:10B87000002B02D001365B6DFAE7032E0ADD276844
:10B88000013E7B6D386C236000F0EEF8380000F06C
:10B89000EBF8F2E72100286815F06CFD72B60C4950
:10B8A0002A680B68934206D19B6D0B6008E0996D86
:10B8B0008A4203D00B00002BF9D101E0926D9A650A
:10B8C00062B6FFF741FFF8BD402600203C2600206D
:10B8D00068260020F7B507000D00002830D0FFF7DC
:10B8E00023FE00282ED0194E3068C36C5B0703D1AD
:10B8F000C36D0193002B06D0154A2900380015F0BE
:10B9000061FD00241FE0022407F095FB3268D36C30
:10B910001C4003D003218B43D364F2E701210B4386
:10B92000D3642800B84733680120DA6CDC65110065
:10B930008143D964530706D5280015F062FD02E063
:10B94000044C00E0044C2000FEBDC0464026002010
:10B950000314030017FCFFFF16FCFFFF020010B5E5
:10B96000014B12CB12C210BD78260020034A044BB3
:10B9700012681A607E225A607047C0460C20002070
:10B980007826002070B5124E05003278022A1AD0AF
:10B9900081421AD90C1A072C17D90800032328430F
:10B9A000034012D172B60B48D20015508218516074
:10B9B0008022A408120614432C60327801323270BF
:10B9C00062B6180002E0044800E0044870BDC046BA
:10B9D000DC2900208026002013FCFFFF17FCFFFF5E
:10B9E000064B1A780023824205D9054AC000131875
:10B9F0005B6880581B1A18007047C046DC2900207D
:10BA00008026002070B5051E20D0114A114E1378F3
:10BA10001400002B0CD1104910483370FFF7B2FF0F
:10BA20000F4B984202D11E20FFF77CFB01232370AD
:10BA3000002433789C4209DA0A49E300C918280037
:10BA400015F0FDFC002802D10134F2E7002070BDA2
:10BA5000DD290020DC290020003B0020B82A00203E
:10BA600017FCFFFF8026002070B500281FD0104B68
:10BA700010491C780023A34216DADA005558A84270
:10BA800010D98A18526890420CD2041F2368002BE8
:10BA900002DC1E20FFF746FB802322681B061343AF
:10BAA000236004E00133E6E71E20FFF73BFB70BD97
:10BAB000DC2900208026002070B5051E15DD0C4B0A
:10BAC0000C4E1A681C00002A02D0306819F0A7FB3F
:10BAD000FA21256000243068074B89008361C46225
:10BAE000694319F0A4FB200000E0044870BDC04683
:10BAF000C026002090260020A5BB010017FCFFFFF8
:10BB0000F8B5114F06003D68002D0AD1302019F01C
:10BB10001AFE04000AF0A4FB0C4BA5612360E56249
:10BB20003C600B4D2B68002B09D1102019F00BFE47
:10BB3000040019F0C9FB20002C6019F09FFB3000B5
:10BB4000FFF7BAFFF8BDC04690260020C06C030086
:10BB5000BC260020014B18687047C046C026002054
:10BB600070B50D4C2368002B03D00C4B1B68002BC9
:10BB700002D10620FFF7C4FF206819F096FB0200EF
:10BB80000749C3170D684E685219734120680A604F
:10BB90004B6019F090FB70BDBC2600209026002061
:10BBA0004022002010B5FFF7DBFF0024054BE058D2
:10BBB000002802D003681B6898470434282CF5D16C
:10BBC00010BDC0469426002010B5FFF7C9FFFA2229
:10BBD000034B92001868596800230BF097FE10BDC4
:10BBE0004022002010B5FFF7BBFF024B18685968D0
:10BBF00010BDC046402200200B4B10B51B6804004E
:10BC0000002B03D0094B1B68002B02D10620FFF745
:10BC100077FF0023064A99008858002801D0013395
:10BC2000F9E78C5010BDC046BC26002090260020AD
:10BC300094260020002310B5044A99008C588442B1
:10BC400001D00133F9E70020885010BD9426002070
:10BC500010B50400002902D00B78002B02D1034B51
:10BC6000236001E015F0E1FC200010BD58630300E3
:10BC7000F8B505000E00140000290AD00B78002B3F
:10BC800007D0002A05D0080097B219F0EDFD8742D1
:10BC900002D90B4B2B6010E0601DFFF7B3FE28604C
:10BCA00015F0B8FE2868220047803100043019F0F2
:10BCB0007DFD2B681C19002323712800F8BDC046A8
:10BCC00058630300014B03607047C046586303008C
:10BCD00010B50548054C206015F0A3FE044A05493F
:10BCE000200019F025FD10BD58630300C426002074
:10BCF000002000201D160300084B73B51C680500CA
:10BD0000002C0AD00100266808310822684619F084
:10BD10004DFD0CCD31682000884773BDC82600203A
:10BD2000014B03607047C0466063030010B5040018
:10BD3000002902D1044B036003E00160080015F004
:10BD400070FE200010BDC046606303000300024A7D
:10BD500000681A607047C0466063030030B504682D
:10BD60006088814206DAA588AA4203DA002901DB4D
:10BD7000002A01DA034804E0424360188018837106
:10BD8000002030BD17FCFFFF10B5006843889942C2
:10BD900006DA8488A24203DA002901DB002A01DAEC
:10BDA000034803E05A4343189B18987910BDC046D6
:10BDB00017FCFFFFF0B5070085B00E001D0000293D
:10BDC00021DD002A1FDD002B1DD00468638803934A
:10BDD0008B4200DD0391A3880293934200DD02921F
:10BDE000002306340193019B029A93420DDA290045
:10BDF0002000039A19F0DAFC3B68AD195B88E4185F
:10BE0000019B0133EEE7024800E0002005B0F0BDE1
:10BE100017FCFFFFF8B504000D0016001F000029F5
:10BE200001DB002A02DA0D4B236016E010004843C4
:10BE30000630FFF7E7FD206015F0ECFD23685D801C
:10BE40009E80002F06D03B00320029002000FFF723
:10BE5000B1FF02E0200015F0C2FCF8BD60630300F2
:10BE6000F7B505000C1E05D000200F00060001905C
:10BE7000010015E0224B03603FE03022524294461D
:10BE80009C446246092A14D90A2B0DD1019B36180D
:10BE900001330193B14200DA31000020060001377E
:10BEA0003B78002BE9D106E00028F8D001360020CD
:10BEB000F5E70120F3E76A46928809B212B228003A
:10BEC000FFF7A8FF2B680A26991D01235B42207803
:10BED000002812D00200303A092A06D8DA43D217D5
:10BEE000134073431B18303B05E0002B03DB0B7042
:10BEF000012301315B420134E9E72800FEBDC04661
:10BF000060630300F0B5040087B004A815001E00AC
:10BF10000F00FFF723FD23685A88954208DA9B88B3
:10BF2000B34205DD1F2F03D9059B00939F4201DD1E
:10BF300018482DE0052300217B430093049B0193C7
:10BF4000009B019ACB18A03BD35C0022029373188C
:10BF50009C465319276803937888834202DABB888A
:10BF60009C4507DB0132052AF3D101310529E7D1D0
:10BF700000200DE0634658435319FB181027174162
:10BF80001B1802980740781E87417F429F71E9E79E
:10BF900007B0F0BD17FCFFFFF7B5036806009C1D56
:10BFA0005B880D005A1A0192002918DD002799427A
:10BFB00002DB15F014FC14E033689B889F4210DA12
:10BFC0006119019A200019F0F1FB019B2900E0188A
:10BFD00015F0E8FB336801375B88E418ECE70248AA
:10BFE00000E00020FEBDC04617FCFFFF10B505486D
:10BFF000054C206015F015FD044A0549200019F094
:10C0000097FB10BD60630300CC26002000200020B9
:10C010009717030010B5054C0121200015F0F1FC25
:10C02000034A0449200019F083FB10BDD0260020EC
:10C0300000200020C11903000388074A10B5012021
:10C04000934208D0834202D00020DB0703D41E2095
:10C05000FFF768F8002010BDFFFF000000487047A0
:10C0600016FCFFFF10B53220FFF75CF8004810BD4A
:10C0700016FCFFFF8280142210B5134C0281083495
:10C080000200002304604162040002213032837107
:10C090008172C360036143618361C36103623634AB
:10C0A000137053704386838622788A43F1310A40A5
:10C0B0002270020040321370021DD3870133438780
:10C0C0008387C38710BDC046806303008B8883804D
:10C0D0008B798371054B03608B6883600B7B0373E3
:10C0E0004B7B43730E23CB568373704770630300FF
:10C0F000F0B5634C8DB026680500002E00D0B4E08A
:10C100003A2117F046F8071E21D0082019F01BFB32
:10C11000012233001100070017F0E2FE0B231C225E
:10C12000822104A801F074FD04A908A8FFF7CEFF3E
:10C130005C2019F008FB05230600019335330093BA
:10C1400008AA3B00290003F01BF926608DE032218C
:10C15000280017F04CF8061E20D0082019F0F3FA3A
:10C1600001223B001100060017F0BAFE0B231C222F
:10C17000822104A801F04CFD04A908A8FFF7A6FF3E
:10C180005C2019F0E0FA052301932D33009308AAEF
:10C1900033002900070003F08FFA53E03C21280008
:10C1A00016F0E0FF071E26D0082019F0CCFA012275
:10C1B00033001100070017F093FE0B231B2284218C
:10C1C00004A801F025FD04A908A8FFF77FFFA4201B
:10C1D00019F0B9FA062306000293013B01933733A5
:10C1E000009308AA3B00290002F0E4FF254B2660DB
:10C1F00044361E6039E03021280017F026F806008A
:10C200000820002E20D019F09EFA3A0002230121C6
:10C21000060017F065FE0B231522822104A801F009
:10C22000F7FC04A908A8FFF751FF5C2019F08BFA6E
:10C23000052301932B33009308AA3300290007003C
:10C2400003F0E2FB276010E019F07DFA01223300D1
:10C250001100070017F044FE442019F074FA05009D
:10C2600005223900FFF706FF2560064B18680028F5
:10C2700002D0216815F06BFD20680DB0F0BDC046FE
:10C28000D4260020D8260020F0B56049C56885B0C6
:10C290008D4206DA030036331A78022313400BD19D
:10C2A00017E0C82200235200954212DD0300363306
:10C2B0001A78002392070CD4012306001F0036369B
:10C2C00032785408A7433C0002279C40BA432243DB
:10C2D000327004698C4205DA020036321278520755
:10C2E00009D415E0C8225200944211DD0200363212
:10C2F000127852070CD406000122363633789F0894
:10C30000BA439700042293431A0001233A43327040
:10C31000426901920200019E40328E4205DA01001C
:10C320003631097809070AD415E0C821019E490071
:10C330008E4210DD01003631097809070BD4060062
:10C34000012136363378DF08B9430827C900BB43DB
:10C350000B43337001E0002B18D01378032B15D852
:10C360000133DBB21370012B03D10021031DD987E8
:10C370000CE0042B0AD1020001213632137804307C
:10C380000B4313700023C3870B333CE013780293F5
:10C39000002B1BD006000127011DCB8F3636013341
:10C3A0009BB2CB8703963678BC46374008D01D2B0E
:10C3B0000CD963469E43039B1E700023CB8704E089
:10C3C000092B03D9029BCF87013B137015F06BFB40
:10C3D0000F4A0723904216D90E49043B8D4212DBC7
:10C3E000C8220133920095420DDC023B8C420ADBED
:10C3F000013B944207DC01980433884203DB01339C
:10C40000904200DC0023180005B0F0BD70FEFFFF75
:10C41000FF700200E0FCFFFFF0B5040089B0C068C7
:10C420000DF0E4FF0090019120690DF0DFFF069010
:10C43000079160690DF0DAFF02000290802000068B
:10C440000B180391009801990FF08EF90EF09CF8EB
:10C45000E0620EF045F806000F000EF047FF049072
:10C460000591300039000EF01FFC049A059B060070
:10C470000F00009801990DF095F93200009001919C
:10C480003B00029803990DF08DF902000B00009813
:10C4900001990DF001FC02000B00069807990FF0BE
:10C4A00063F90EF071F80022051C0023029803992D
:10C4B0000BF0DEF9002801D1A56219E00021281C4B
:10C4C0000BF010FA0D4E002801D10D4F00E00D4F7A
:10C4D000281C0EF005F802000B00300039000DF0AA
:10C4E000DBFB32003B000CF00DFA0EF04DF8A062C1
:10C4F0000222A3791343A37109B0F0BDEA2E44547C
:10C50000FB21F9BFFB21F93F10B515F078FB064977
:10C510000BF0B6FE0DF0E4FF044A054B0CF01EFDD7
:10C520000DF02EFF10BDC0460000B443EA2E445467
:10C53000FB21194010B515F06FFB06490BF0A0FE6A
:10C540000DF0CEFF044A054B0CF008FD0DF018FF6E
:10C5500010BDC0460000B443EA2E4454FB211940EC
:10C5600010B50400034B08330360FFF763FB2000A2
:10C5700010BDC046B463030070B5C369C2681B68D0
:10C580008AB00400451D1A4250D0EB7F002B01D029
:10C59000013BEB77EB7F082B0DD90122A3791342E6
:10C5A00009D11343A371A188130006A815F0D0F890
:10C5B000FFF70AFB2062EB7F012B26D80123A2792B
:10C5C0001A4222D00025A188A571022202A815F0E6
:10C5D000BFF8A31DDE7F012E17D1FFF7F5FA2B0060
:10C5E000226A801A994100900191019BA188AB4277
:10C5F00003D1174B009A9A4202D90123042201E089
:10C600003300032206A815F0A3F80323A2791340F0
:10C61000012B1AD1FFF7D8FA0023226A801A994118
:10C62000994208D10B4B984205D80EE0EB7F0B2BBB
:10C63000B0D80133ADE70222A379A1881343A371D7
:10C640000332012306A815F083F80AB070BDC04676
:10C65000E7030000DB050000F0B5070000250E0031
:10C6600085B002930AAB1B7808370393104B040084
:10C6700008330360019285808571290018223800F3
:10C6800019F0B2F8039A3100380018F0B3FE6B4687
:10C690006A469B88127AA380A31DE671DA77631D30
:10C6A00025622000DD77FFF7A7FA200005B0F0BD76
:10C6B000B46303000048704716FCFFFF10B5332039
:10C6C000FEF730FD004810BD16FCFFFF002310B53B
:10C6D0000400838083710D4821640830206080202D
:10C6E000C000A061E0612062E3602000236163611B
:10C6F0006362A362E36223636363A363E3636364CC
:10C70000110015F0EAFA200010BDC046CC6303000A
:10C71000F0B5624C8DB026680500002E00D0B3E065
:10C720001D2116F04DFD071E20D0082019F00BF832
:10C73000012233001100070017F0D2FB0B231D224A
:10C74000832104A801F064FA04A908A8FFF7BEFC3D
:10C75000602018F0F8FF062301931733009308AA0E
:10C760003B002900060002F0DDFE51E03C212800DC
:10C7700016F054FD061E20D0082018F0E4FF012218
:10C780003B001100060017F0ABFB0B231D22832199
:10C7900004A801F03DFA04A908A8FFF797FC60205F
:10C7A00018F0D1FF062301933633009308AA330013
:10C7B0002900070003F024F853E03C21280016F07C
:10C7C000D1FC071E26D0082018F0BDFF012233003F
:10C7D0001100070017F084FB0B231B22842104A8FF
:10C7E00001F016FA04A908A8FFF770FCA42018F0BD
:10C7F000AAFF062306000293013B019337330093FF
:10C8000008AA3B00290002F0D5FC254B1E604436E7
:10C81000266039E02021280003F02AFB06000820CA
:10C82000002E20D018F08FFF3A00022301210600CD
:10C8300017F056FB0B231722842104A801F0E8F916
:10C8400004A908A8FFF742FC702018F07CFF06231B
:10C8500001931A33009308AA33002900070003F05C
:10C86000D9FA276010E018F06EFF012233001100A2
:10C87000070017F035FB482018F065FF0500062279
:10C880003900FFF723FF2560054B1B68002B01D003
:10C890002268536420680DB0F0BDC046D826002041
:10C8A000D42600207FB50426040080793040051E80
:10C8B00018D123682000DB699847200015F038FA6A
:10C8C000A37903223343A371A1880123684614F09E
:10C8D0003FFFA37928001A00B243A2719B0702D43C
:10C8E000024800E0024804B070BDC04614FCFFFFDF
:10C8F00015FCFFFFF0B504008BB0406C15F08CF90F
:10C90000061C606C15F07BF902222100051C07A8AB
:10C9100015F01FFA08980BF06FFF041C09980BF034
:10C920006BFF0090301C0DF0DBFD06000F000EF0D9
:10C93000DDFC0DF029FE3900019030000EF0B4F955
:10C940000DF022FE0290281C0DF0CAFD06000F001B
:10C950000EF0CCFC0DF018FE3900039030000EF004
:10C96000A3F906000F00009801990BF089FC0299C9
:10C97000051C201C0BF084FC011C281C0BF094FDF2
:10C980000DF0AEFD0490059107980BF035FF3900CE
:10C99000051C30000DF0F8FD011C281C0BF070FC8C
:10C9A0000399051C201C0BF06BFC01990BF068FC33
:10C9B000011C281C0BF024F90399041C00980BF0AF
:10C9C0005FFC02990BF05CFC011C201C0BF018F9B9
:10C9D0000DF086FD049A059B0EF0C6FE00220E4B5C
:10C9E0000CF0E0FE0D4A0E4B0CF0B8FA0DF0CCFD49
:10C9F000011C0C480BF058FD0021041C0AF05EFFDE
:10CA0000002804D0201C08490BF0FAF8041C201C54
:10CA10000BF0D0FE0BB0F0BD00807640EA2E4454FF
:10CA2000FB2119400000B4420000B44330B585B08A
:10CA30000122010001A815F08CF902980BF0DCFE30
:10CA40000DF04EFD04000D0001980BF0D5FE0DF029
:10CA500047FD22002B000EF087FE00220C4B0CF04D
:10CA6000A1FE0C4A0C4B0CF079FA0DF08DFD002163
:10CA7000041C0AF023FF002804D0201C07490BF0F7
:10CA8000BFF8041C201C0BF095FE05B030BDC0465D
:10CA900000806640EA2E4454FB2109400000B44364
:10CAA00010B5837904005A070DD49B0701D4FFF712
:10CAB000F9FE636C2000002B02D0FFF71BFF03E0A0
:10CAC000FFF7B4FF00E0014810BDC04615FCFFFFB2
:10CAD00082B0F0B50400EBB064207193709218F04E
:10CAE00013FD05220EA8110014F082FE99490FA82B
:10CAF000FFF7B6F9002396251A001FA86D001A50FB
:10CB0000C1180C334A608A60AB42F8D12F2006ABC3
:10CB10001922C018002118F067FEA06815F032FD38
:10CB200000260990FF21A06800F00AFD8A4FA06846
:10CB300000F062FB07960896874B9F4202D0874B16
:10CB40009F4212DAA06815F06BFDA568844918A809
:10CB5000FFF77EF8782218A9280000F039FC18A801
:10CB600014F05CFD7C4F002606E0002F01D00F2E54
:10CB700002D1A06800F040FB0322089B60680133EB
:10CB80001A40089215F026F80500606815F029F89B
:10CB90000022744B06929D4210DB013206922A005D
:10CBA000C8320BDBAA22042192000691954205DCD3
:10CBB00003220692C82D01DC013A0692002204925B
:10CBC000984210DB012304930300C8330BDBAA2334
:10CBD00004329B000492984205DC03230493C82886
:10CBE00001DC013B04930EA814F0F9FD00252F236E
:10CBF00006AA9B18EB5C012B08D15B496B00CA1895
:10CC00005278C95C0EA8FF23FFF7A8F80135192D4B
:10CC1000EDD16B4610229A5E6B460EA81821595E24
:10CC2000089BFFF79BF8002F01DB0F2E07D900238D
:10CC3000A068009374301A000EA914F0E6FD0023DA
:10CC40000593059B484A5B00995C0698814227D171
:10CC5000D3185B78049A934222D12F2206AB9B18FB
:10CC6000059A9B5C012B1BD00C23079A2168534328
:10CC70001D0000220AA815F06CF81FAA2B0094468C
:10CC80000AAA634423CA23C32F2206AB05999B1823
:10CC90002E3A5A54079B0133DBB20793731CDEB262
:10CCA000059B01330593192BCBD1642018F02CFC84
:10CCB0003B00643B1FB2079B182B00D83CE71A00CF
:10CCC0001FA918A815F0B2FA6A461BAB23CB23C2E2
:10CCD0001B6813601899199A1A9B206815F00EF8B2
:10CCE000E568002D0CD0214910A8FEF7B1FF1C23E8
:10CCF00018AA10A9280016F0D0F910A814F08EFC7C
:10CD0000A06815F08DFC0FA910A8A56814F050FDBF
:10CD10000022174B009210A901932800130000F085
:10CD2000D7FA10A814F037FDFA20800018F0ECFBB9
:10CD3000A06815F075FC0999A06800F001FC0FA827
:10CD400014F029FD0EA814F026FD6BB0F0BC08BC51
:10CD500002B01847857403008C3C0000D18AFFFFA5
:10CD6000CA74030058FDFFFF53740300DF7403000F
:10CD7000DC050000F0B587B001930EAB1B88060000
:10CD800003930D9B0D000093019B02920C9F002BBF
:10CD900041D0002F02D1009BDB073CD5302018F09A
:10CDA000D2FC0400103014F0C8FC2000243014F031
:10CDB00042FB6B461B8918202580638018F0C3FC5A
:10CDC000049707000500009B10220593019B00219A
:10CDD00008C7380018F008FD082204A9380018F028
:10CDE000E5FC0E4B02226B6100230399E360236292
:10CDF000E36233680A43A560A2805B6821003000CB
:10CE00009847002808D0200014F0BEFB200018F03E
:10CE100096FC034800E0034807B0F0BD391E03004C
:10CE200016FCFFFF17FCFFFF70B58CB08360109BF2
:10CE300001604260C36004001849180016F0FAF857
:10CE4000051E14D001001C22103105A818F0AEFCFC
:10CE50006A4608AB43CB43C21B6813602068059940
:10CE6000069A079B14F04AFF280018F068FC0C4B48
:10CE7000186800280ED00B4A05AB059200220692D6
:10CE8000C03202926A4622CB22C22300032206212C
:10CE9000FFF770FF20000CB070BDC046DF740300C8
:10CEA000C8260020D1CA0100F0B5040085B0637A1D
:10CEB0009C46002B03D1200015F0D5F969E0A37A38
:10CEC000266F01931023019AF35600259B18012227
:10CED0009A402900F36802920393039B9D4231DA42
:10CEE000B368019A6B439B1872695B00E77AD318A9
:10CEF0001A785878E379012F04D15F1E3F1A100089
:10CF00003A000EE0022F05D15F1EBA1A277A013FC0
:10CF1000381A06E0032F04D1277A013FBF1A020016
:10CF200038005B004343606F8218D3189B796345D8
:10CF300000DD6346627B1A4202D00123AB401943F5
:10CF40000135CAE71123C943F356606C9940236940
:10CF50001940029B194318F0ABFBA37B072B18D891
:10CF6000627B581C520062730B499A00A073022B1B
:10CF700003D8885818F0BDFA99E7084B20002363BE
:10CF800000236363064B8958E4622364143018F06D
:10CF90004EF905B0F0BDC04610640300A9CE0100F3
:10CFA0005322030010B50400044B036018F037F956
:10CFB000200009F06BF9200010BDC046C06C0300D2
:10CFC00010B504000E4B08330360FEF733FE20005B
:10CFD000743014F0E0FB2000603014F0DCFB200023
:10CFE000583014F01BFB2000503014F017FB2000C9
:10CFF000044B14306361FFF7D5FF200010BDC0461D
:10D00000F8630300D46C0300F8B500250400324B2C
:10D010008580083303608571143016000F0009F015
:10D020001FF920002D4BE562636125645030FEF747
:10D0300049FE20005830FEF745FE20006030FEF724
:10D040006FFE20000423F25E33682667590009B2A0
:10D05000743014F0CDFB3378226FE37173680126CE
:10D0600023721023E572A572A7802561D3569168BB
:10D0700059188B4204DA3000984001330543F8E731
:10D0800011230120D356D16859188B4206DA0200C9
:10D090009A402669013332432261F6E7142018F0E2
:10D0A00052FB226900212A430123060009F0ACFB50
:10D0B000FF226272220000230125483266646573F4
:10D0C000A373237320001370A366FEF795FDA37965
:10D0D00020002B43A371F8BDF8630300D46C030058
:10D0E000F0B5437A85B00400002B03D1200015F081
:10D0F000BAF866E00122837A11009C461023066F7D
:10D100000025F35603926344994001912900F36886
:10D110000293029B9D422CDAB36872696B436344AD
:10D120005B00E77AD3181A785878E379012F04D195
:10D130005F1E3F1A10003A000EE0022F05D15F1E5D
:10D14000BA1A277A013F381A06E0032F04D1277A4A
:10D15000013FBF1A020038005B004343606F821832
:10D16000D3189B79002B02D0039BAB4019430135A8
:10D17000CFE71123C943F356606C994023691940E6
:10D18000019B194318F094FA667AB31EDBB2FC2BAC
:10D1900014D8FEF7DFFC0C4B0500236300230B487B
:10D1A00063630B4BFF21E462236470430AF04AFA85
:10D1B000290041432000143018F039F8637A012B1C
:10D1C00094D905B0F0BDC04667220300B603000045
:10D1D000532203001FB5012381881A00684614F00A
:10D1E000B7FA012303491A00684614F0B1FA05B0F2
:10D1F00000BDC046FE0300001FB5030048331A7887
:10D200000400002A0DD000221A70012381881A0020
:10D21000684614F09DFA012304491A00684614F088
:10D2200097FA2000743014F0DAFA1FBDFF030000F3
:10D2300010B50400230048331A78002A07D01B7861
:10D24000012B04D00121024814F0CBF8F2E710BD05
:10D25000FF03000010B501210400072014F0C1F8FD
:10D26000064B984209D1230048331A78002A04D08B
:10D270001B78012B01D020BFF5E710BD16FCFFFF86
:10D2800070B50500141E09DB060048363378002B04
:10D2900006D03378012B03D00B4813E00B4811E084
:10D2A000002328001A007430FEF72CFE0020844270
:10D2B00007D02B004A331C8007234C35288033705D
:10D2C00000E0200070BDC04612FCFFFF17FCFFFF0E
:10D2D00073B5079C0500002C09DB06004836307842
:10D2E000002806D03078012803D00D4816E00D48FC
:10D2F00014E006981BB2C0B20090280012B274303D
:10D3000014F083FA0020844207D02B004A331C809B
:10D3100007234C352880337000E0200076BDC046DE
:10D3200012FCFFFF17FCFFFFF8B505000F00161EEB
:10D3300013DBFFF77DFF2B0048331C78E4B2002C91
:10D340000DD1320039002800FFF79AFF301E07D0B8
:10D350002800FFF77FFF200002E0024800E00248BB
:10D36000F8BDC04617FCFFFF11FCFFFFF0B587B00A
:10D370000D9E05000F0002920393002E1EDBFFF7A7
:10D3800057FF2B0048331C78E4B2002C18D1390029
:10D3900005A814F00DFA0C9B029A009305A9039BB3
:10D3A00001962800FFF794FF05A814F0F4F9301E49
:10D3B00007D02800FFF74EFF200002E0024800E0FF
:10D3C000024807B0F0BDC04617FCFFFF11FCFFFF8D
:10D3D000F8B50400171E09DD060048363378002B27
:10D3E00006D03378012B03D00C4816E00C4814E02B
:10D3F0002200E3795632013B137023000025200000
:10D4000054331D80503014F066F923004A331F80D6
:10D41000022328004C3425803370F8BD12FCFFFF36
:10D4200017FCFFFFF7B505000F00161E18DDFFF70C
:10D43000FFFE2B0048331878C4B2002C12D13900FB
:10D4400001A814F040F9320001A92800FFF7C0FF3D
:10D4500001A814F0E3F82800FFF7FCFE200002E02A
:10D46000014800E00148FEBD17FCFFFF11FCFFFF73
:10D47000F8B50400161E09DD070048373A78002A7F
:10D4800006D03A78012A03D0144826E0144824E054
:10D490005D42069BFF3301D16B1D00E0069B22001D
:10D4A0001BB2643213802300200066331D7060308D
:10D4B00014F086F9220000236C3213709D4200D0D4
:10D4C000B3B222004A321380079B00205A1E9341B8
:10D4D000013E4C34053326803B70F8BD12FCFFFF43
:10D4E00017FCFFFFF0B587B005000F00161E039371
:10D4F0001DDDFFF79DFE2B0048331C78E4B2002CA5
:10D5000017D1390005A814F053F90D9B320001938F
:10D510000C9B05A900932800039BFFF7A9FF05A812
:10D5200014F039F92800FFF795FE200002E00248C8
:10D5300000E0024807B0F0BD17FCFFFF11FCFFFF41
:10D54000FF2902D84172002000E001487047C04620
:10D5500017FCFFFF13B5040004A80078009020001A
:10D5600017F0BAFD002801D1207500E0004816BD73
:10D570000EFCFFFF13B5040004A800780090200003
:10D5800017F092FD002801D1207500E0004816BD7B
:10D590000EFCFFFF7FB50D0011000F226A4404004E
:10D5A0001E1E117015D0089B002B12DD01232900CF
:10D5B0000093FFF7DFFF002801D007480AE0009042
:10D5C000089B320029002000FFF7C4FF002801D08B
:10D5D000F3E7024804B070BD0EFCFFFF17FCFFFF2D
:10D5E00030B5040087B0057B006C08F0B3FEA022C4
:10D5F00000210E4BAD00D200285199500C4A143135
:10D600009950636C6846597C237BC91849B215F060
:10D6100012F9039B019A03211A60207B0130C0B2EA
:10D620000AF00CF8217307B030BDC046007000400E
:10D630000405000082B070B50400002588B00C928B
:10D640000D93636C9A6895420ADA197C02A849190D
:10D6500049B215F0F0F8069B039A01351A60F0E71D
:10D660005D7C237B02A8ED186DB2290015F0E3F86C
:10D67000039A059B01921A600021182202A818F053
:10D68000B3F802A80022290017F0B4FE206C00288D
:10D6900001D018F054F8082018F055F829000600B9
:10D6A00008F030FE094B2000E3620023FA212363D7
:10D6B000074B2664A462E3631030090117F0B7FD3D
:10D6C00008B070BC08BC02B01847C046E1D50100E4
:10D6D000E3270300F0B5040085B000930CAB1B8872
:10D6E00010300E001500019314F027F820002430AC
:10D6F00013F0A1FE26806580182018F024F807009A
:10D7000002AE33003D000AAA03CA03C3009B1022E5
:10D7100008C50021280018F067F831000822280009
:10D7200018F044F8064B02227B6120000023019987
:10D73000A7600A43E360A2802362E36205B0F0BD04
:10D74000F727030070B50500040010350E003022E5
:10D7500086B00021280018F047F8280008F080FD66
:10D760000023194A66642261184AA3621668E363BB
:10D77000237323606360A3609E421FD0144A30204D
:10D780000492059317F0DFFFC02305006A46029359
:10D7900004AB03CB03C22300072102222800FFF7BA
:10D7A00099FF336829005B6830009847002805D04E
:10D7B000280013F0E9FE280017F0C1FF0023200025
:10D7C000236406B070BDC046D46C0300C826002098
:10D7D00035D6010030B5134B93B01D680400002D01
:10D7E00017D0114B6A46049300230593103302931C
:10D7F00004AB03CB03C223000222072106A8FFF7D4
:10D8000069FF2B6806A99B682800984706A813F0B3
:10D81000BBFE2000054B10302361FFF7C3FB200047
:10D8200013B030BDC826002035D60100D46C0300EB
:10D83000F7B507000D1E27D00023022604690193C7
:10D84000002C1DD0AA88A3885340334216D13242FF
:10D8500003D1AB88334207D010E0A968A06816F066
:10D8600024FB002804D1F4E7A368AA68934205D1F9
:10D870002B88002B0AD022889A4207D0E46ADFE77F
:10D88000019B2000002B1ADC0D4818E06B88002B50
:10D8900002D062889A42F1D1EB68E268934201D0EB
:10D8A000002BEBD17B68002B01D020009847A38888
:10D8B000044A1343A380019B01330193DEE7FEBDBD
:10D8C00017FCFFFF0080FFFFF0B5060085B00D1EBE
:10D8D0005CD001270469002C1DD00221AA880023F6
:10D8E0000A4202D0A3885B083B40226829688A422A
:10D8F00057D1002B0AD0A968A06816F0D6FA0028E4
:10D900004FD0EB68E26893424BD141E0A368AA682C
:10D91000934246D1F5E731692A880F000B1E0CD1DE
:10D92000356101232149684613F012FF20003AE0D7
:10D93000D86A1F00002812D0030018889042F7D33D
:10D9400018003B000488944209D147886C88A7429C
:10D9500005D8C46A0300002C01D02000F2E79942E8
:10D960000AD10888824204D306D14C886888844250
:10D9700002D9E962356102E0D96AE962DD62012318
:10D980000A49684613F0E4FE00200CE008480AE06B
:10D99000A3881AB2002A02DA5B045B0CA380054854
:10D9A00001E0E46A97E705B0F0BDC046FD03000062
:10D9B00017FCFFFF16FCFFFF064B10B51A00040012
:10D9C00008322C33026083600830FDF799FE200096
:10D9D00010BDC0463064030008B4024B9C460838B2
:10D9E00008BC6047B9D9010008B4024B9C4608380E
:10D9F00008BC60479D2803000C4A002311002C320C
:10DA0000083110B543608381837382600361436191
:10DA100083618383016004000830FDF763FE044BDB
:10DA20001A68002A00D11C60200010BD3064030079
:10DA3000C826002082B0F7B50125402709930CAB1A
:10DA40001B78046908920193002C37D008AA238818
:10DA500012889A4201D0002B2AD108AA63885288E2
:10DA60009A4201D0002B23D1FDF75EFD012300284F
:10DA700006D0A288BF331340C03B5A425341DBB2A9
:10DA8000019A934213D1A68833B2002B0FDB1022E8
:10DA900008A9A01817F08AFE3E420BD1FDF744FDFD
:10DAA000002807D021000848FDF714FF00E00025FA
:10DAB000E46AC9E7200014F0FAFEF9E72800FEBC8A
:10DAC00008BC02B01847C046AF28030008B4024B98
:10DAD0009C46083808BC60474B2A030010B5024832
:10DAE00013F02BFE10BDC04648220020F0B587B0D1
:10DAF00001930EAB1B88060003930D9B0D00009352
:10DB0000019B02920C9F002B41D0002F02D1009B61
:10DB1000DB073CD5302017F016FE0400103013F060
:10DB20000CFE2000243013F086FC6B461B89182065
:10DB30002580638017F007FE049707000500009B0F
:10DB400010220593019B002108C7380017F04CFEF6
:10DB5000082204A9380017F029FE0E4B02226B613F
:10DB600000230399E3602362E36233680A43A560FC
:10DB7000A2805B68210030009847002808D0200070
:10DB800013F002FD200017F0DAFD034800E003481F
:10DB900007B0F0BD8B2A030016FCFFFF17FCFFFF48
:10DBA000F0B50400160000258380164A164B8571D7
:10DBB0000260218146810573186889B08C46A842AD
:10DBC0001DD0124A05950492C02202926A4604AB07
:10DBD00082CB82C2614623002A00FFF787FF0B4AEF
:10DBE000094B0692C022186802926A4606AB079556
:10DBF00082CB82C223002A003100FFF777FF20008A
:10DC000009B0F0BD74640300C8260020B52B0300E2
:10DC100030B5002403730123034D847105608180B6
:10DC200082734373846030BD7063030070B5837981
:10DC30000400DB0702D5806817F081FDA3799B07FC
:10DC400002D5A06817F07BFDA3795B0707D5A02359
:10DC50000021144ADB00D150A06817F070FDA379B1
:10DC60001B0708D5A568002D05D0280016F094F9EB
:10DC7000280017F064FDA379DB0605D5A06800280D
:10DC800002D00368DB6898476023A2791A4205D066
:10DC9000A068002802D003685B6898470023A3604F
:10DCA000A37170BD00700040F7B50222037B040031
:10DCB0000F00134224D0012924D88579154015D1AD
:10DCC000FFF7B4FF182017F03EFD0E230600E356C1
:10DCD00018222900019317F087FD0199300017F0F1
:10DCE0009BFB0222A379A6601343A371A3685A6821
:10DCF000002F03D0DB681A60002004E01B69FAE7FC
:10DD0000014800E00148FEBD16FCFFFF17FCFFFFC5
:10DD1000F7B50126037B040033422BD061238579BC
:10DD20001D4017D1FFF782FF182017F00CFD0E23BE
:10DD30000700E35618220093637B2900019317F034
:10DD400053FD019A0099380017F054FBA379A7609E
:10DD50003343A3716023A2791A4203D0A06817F05D
:10DD6000DCF908E0A268536950681B681840431E3C
:10DD7000984100E00048FEBD16FCFFFF70B5037B34
:10DD800004000D001B0713D50B4B994212D814F059
:10DD9000ACFF0300002083420DD128000AF02CFDC7
:10DDA00006490AF0A3F8011CA06805F085F902E015
:10DDB000034800E0034870BDFF03000000C07F443B
:10DDC00016FCFFFF17FCFFFF70B50425037B040062
:10DDD0002B4214D083792B420DD1FFF727FF082067
:10DDE00017F0B1FC0E210600615608F08BFAA379FA
:10DDF000A6602B43A371A06808F0ACFA00E00148CC
:10DE000070BDC04616FCFFFFF7B50127037B040079
:10DE10003B4219D0102385791D4011D1FFF706FF31
:10DE2000282017F090FC0E21A2883B006156009537
:10DE30000600FEF711FC1022A379A6601343A3711C
:10DE4000A06813F004FF00E00048FEBD16FCFFFFD1
:10DE500070B5037B05000E001B0713D5002913DBEB
:10DE600014F043FF041E11D1A86805F039F90949DF
:10DE7000884202D0A86805F039F93100A86808F096
:10DE8000C9FD04E0044C02E0044C00E00024200042
:10DE900070BDC046204E000016FCFFFF17FCFFFFC0
:10DEA000F8B51400027B070012071CD500291CDB03
:10DEB000002C1ADD002B18DDB42900DDB421FA2670
:10DEC000B600714365100800B4215D1B09F0BAFB70
:10DED000754360433100281809F0B4FB0100380095
:10DEE000FFF7B6FF02E0024800E00248F8BDC04676
:10DEF00016FCFFFF17FCFFFF10B583791B0703D546
:10DF0000806805F0F3F800E0004810BD16FCFFFF44
:10DF100010B50124837941731C4004D0806817F048
:10DF2000FAFA002007E06022134203D0806817F05D
:10DF3000FBF8F6E7004810BD16FCFFFFF8B56023BC
:10DF4000867904000D001E4025D1FFF76FFE582092
:10DF500017F0F9FB0E210700615600F0E9FE3800CA
:10DF6000A760617B17F0E0F80122A068104B114F09
:10DF7000436204628662476311001C3008F0D4FAE1
:10DF8000A0680D4B8463C3630664C76401221C3020
:10DF9000022108F0C9FA6022A3799343403A012D87
:10DFA00002D0022D01D1402213430020A371F8BDFD
:10DFB0006D2D0300D72C0300912D030010B5030035
:10DFC000032911D8080009F0A9FA0B02020618006B
:10DFD000FFF7B4FF02E01800FFF716FF002004E08F
:10DFE000180014F0E7FEF9E7004810BD17FCFFFF2A
:10DFF00070B5040000250D4B0E0008338580857137
:10E0000003602100183014F00CFF200021002030A4
:10E0100014F02CFF064BA680A571E5712572E56012
:10E020002561656120001C6070BDC04684640300EA
:10E03000DC2600208379DB0702D5C160002000E0E8
:10E040000048704716FCFFFF8379DB0701D5C068E5
:10E0500000E001487047C04616FCFFFF70B54569F7
:10E060000400002D21D0037A032B20D8FFF7ECFF0A
:10E07000A8622C2017F067FB2C220021050017F066
:10E08000B3FB0023626953622369002B01D1226133
:10E0900005E0596A002901D00B00FAE75A62237A99
:10E0A000656101332372002002E0024800E002486B
:10E0B00070BDC04617FCFFFF13FCFFFF154B70B58A
:10E0C0005A68154D002A03D000225A600132AA6016
:10E0D0001B69114E002B1CD000210E4B0F4C1961F7
:10E0E0008023DB00F358012B0ED1A923DB00F1586C
:10E0F00020684942FFF79EFF2068FFF7AFFF2368C3
:10E100005A69074BF25002E02068FFF793FF0123A2
:10E11000AB6070BDFC10004000100040DC26002009
:10E120000405000003000069002809D00221054A07
:10E13000D167426A1A611A7A013A1A72024B19605F
:10E140007047C04604E100E000E100E0F0B585B0B2
:10E15000040017F009F8204B1B785B073AD500251F
:10E16000236CC6B20227DF5FBD420EDA200029B25F
:10E17000403013F0D5FA864205D101230C211A0054
:10E18000684613F0E5FA0135EEE7250023004E3529
:10E1900028884C331978013009F03AFB23005033BA
:10E1A0001B8889B28B420FD02B88A26CD654636C2B
:10E1B0002980002B0EDB2A8893420BD101235B427E
:10E1C00063640222023301E0012303220C2168462A
:10E1D00013F0BEFA05B0F0BDDE2900200121024A8D
:10E1E00013780B4313707047DE2900200221024A86
:10E1F00013780B4313707047DE2900200121024A77
:10E2000013788B4313707047DE2900200221024AE5
:10E2100013788B4313707047DE29002010B5002956
:10E2200003DB024B196016F0D0FF10BDE026002082
:10E2300070B504001E0004AB1D7807F089FF2000B4
:10E240000E4B40302360FDF73DFD230001364C337B
:10E25000013522001E701D730023E1214E32A3649C
:10E260006365138053809381D381013B20006364F5
:10E270004902FFF7D3FF200070BDC04620630300B2
:10E2800070B505001400012A10D003004E33188821
:10E29000023B4018197809F0BBFA69640025022C8A
:10E2A00005D121000C2013F09CF800E0014D28005E
:10E2B00070BDC04617FCFFFF70B5050004000A00E2
:10E2C0005035002907D103004E331B882A889A4213
:10E2D00012D111481FE0012906D101002A884E31D0
:10E2E0000B889A42FCD007E0022905D103004E3387
:10E2F0001B88298899420AD0A36C28884C341E5C5C
:10E300002178013009F084FA3000298003E00121EE
:10E31000FFF7B6FFF0E770BD0CFCFFFF70B515000E
:10E32000012A0AD0403013F0D6F90024022D05D17D
:10E3300001210C2013F055F800E0014C200070BDC5
:10E3400017FCFFFFF8B5114D04002B781B0705D50E
:10E35000012114F0F1FD606DFDF786FB0827230015
:10E360002E785833BE432E701878FDF74BFB60654E
:10E37000002808D0230000205A335C343E43188024
:10E380002E70208000E00248F8BDC046DE29002043
:10E3900013FCFFFF70B50B4B05001B780C009B07AF
:10E3A0000ED4FFF723FF2B00013458331C702800D4
:10E3B000FFF7C8FF04002800FFF728FF200000E057
:10E3C000014870BDDE2900200DFCFFFFF0B50600FE
:10E3D00007005C365A3733883A8885B004009A4281
:10E3E0001ED0104B1B781B071AD53388426DD15CA9
:10E3F00016F0BEFE2300308858331978013009F03A
:10E4000007FA3B888DB2AB4209D1074901230222AA
:10E41000684613F09DF90121200014F08DFD358030
:10E4200005B0F0BDDE290020FF03000073B50D002C
:10E4300006A9040009780430002A01D1DE070DD5B1
:10E44000002D0BD00C34260018244C433419A36043
:10E45000044B626025606361012200E0002208F045
:10E46000BDFC73BD972E0300F0B507000400002526
:10E4700089B00391049205935A37049B9D4213DAA5
:10E4800023003E8858331978701C09F0C1F9230025
:10E490005C331B8889B2994206D0039B626D5B5D39
:10E4A000013593553980E8E7059B012B03D0022104
:10E4B0000648FDF795F8012320000093044A002345
:10E4C0002100FFF7B3FF280009B0F0BDFF030000F3
:10E4D000CDE30100F7B5194C1F0023780500019129
:10E4E00016009B0725D4002A25DD002923D0FFF73D
:10E4F0007DFE23781B0701D5002407E02800FFF7E5
:10E5000021FF0028F8D017E0A6420DDD019B321B49
:10E51000191928003B00FFF7A7FF3900241828002D
:10E5200014F0FBFC002FEFD12800FFF76FFE200056
:10E5300002E0034800E00348FEBDC046DE2900209B
:10E540000DFCFFFF17FCFFFFF0B5174E87B03378C7
:10E5500005005B0705D5002114F0EEFCA86CFDF763
:10E5600083FA04273378BB4303936B461B7B3370DA
:10E570002B004C331878FDF745FAA864002810D01A
:10E580002B0000244E331C805C80039B28001F431B
:10E590003770064A009423002900FFF747FF200048
:10E5A00000E0034807B0F0BDDE2900204DE1010086
:10E5B00013FCFFFF70B50E4C050023780E00DB073F
:10E5C00014D4FFF70BFE23785B0709D53100280030
:10E5D000FFF772FE04002800FFF710FE200006E09F
:10E5E0002800FFF7B1FF0028F0D000E0014870BD1F
:10E5F000DE2900200DFCFFFFF7B52C4C019323789A
:10E6000005000F001600DB074DD4FFF7E7FD237868
:10E610005B0703D5019B1C1E0AD011E02800FFF701
:10E6200093FF0028F6D03FE0B44237DA3855013482
:10E6300000212800FFF740FE1D4B9842F4D12DE049
:10E64000019B012B0AD13C00E31BB3421BDA0121E1
:10E650002800FFF731FE20700134F5E7019B00240C
:10E66000022B1BD1280014F037FC864207DD28005E
:10E6700014F032FC019A311A2800FFF701FE3C0029
:10E68000E31B9E4203DCF443E417344006E002211E
:10E690002800FFF711FE20700134F1E72800FFF792
:10E6A000ADFD200000E00348FEBDC046DE2900208D
:10E6B0000CFCFFFF0DFCFFFFF0B58BB002AF7B60E1
:10E6C000704BB8601B780C001500DA072CD45B0780
:10E6D00008D40800FFF738FF011E03D0B86812F015
:10E6E000B9FFCAE02000FFF779FD230050331B88F3
:10E6F000FB603B6101235B427B6126004E36338821
:10E700003A699A4203D07B69013300D197E07B6874
:10E71000012B21D07B68022B2FD07B69002B50DA94
:10E720002000FFF76BFDB868FDF7CCFAA5E0138871
:10E7300039699942FBD00026A36C5B5C7B602B6837
:10E7400002229B5E9E420DDB230038694C33197810
:10E75000013009F05DF839617B690133DDD12200B8
:10E760004E32E4E731B2280012F0DAFF7B688342D0
:10E7700001D13B697B610136E1E77B690133CCD193
:10E780001C232900F81812F09EFF1C237A68F91840
:10E790002000FFF7C3FD1C23F81812F03FFF338859
:10E7A000013B7B611C23F818FDF78CFA1C23200029
:10E7B000F918403012F08FFF1C23F81812F02EFFCA
:10E7C000ABE76B46FA687B607B699D1A934205DA7A
:10E7D00023004C331D787B69AD1AED182B00694678
:10E7E0000833DB08DB00CB1A9D4602AE6A1C002111
:10E7F000300016F0F9FF23004C333B611A78BB8AD6
:10E8000020000193FB680093A16C330014F04DFBD2
:10E81000230050337B6118883B6901301978401917
:10E8200008F0F6FF7B6920001980FFF7E7FC2AB2A9
:10E830003100B868FDF71CFA7B689D461DE0002694
:10E84000A36C3A699B5C3B602B6802229B5E9E42F4
:10E850000ADA31B2280012F063FF3B68834201D12B
:10E860003B697B610136EFE7230038694C33197847
:10E87000013008F0CDFF39613FE7BD46B86809B007
:10E88000F0BDC046DE29002070B50B4B05001B789B
:10E890000C00DB070ED4FFF7A1FC2B0001344C3336
:10E8A0001C702800FFF750FE04002800FFF7A6FCAC
:10E8B000200000E0014870BDDE2900200DFCFFFFB4
:10E8C00070B5224B86B01B7804000D0016009B0724
:10E8D00001D01F4837E0FFF789FC2000FFF77EFCDE
:10E8E000200014F009FB002803DD0121200014F0B2
:10E8F00023FB0021200014F01FFB29000025201D10
:10E90000320008F0CDF920000095124A2B002100BA
:10E91000FFF78CFD200014F0EFFAA84207DD012379
:10E920000D4A009321002B002000FFF77FFD0B4BC9
:10E9300020001968FFF772FC2000FFF75FFC200041
:10E94000FFF764FC002006B070BDC046DE29002041
:10E950000DFCFFFF4DE10100CDE30100E0260020AA
:10E96000F7B580277F053D697C690822113C6C431F
:10E9700006002100684616F019FF104B009A9A42D3
:10E9800019D000930023019379693000133969434A
:10E9900014F007FB019A0099300014F01EFB2100CF
:10E9A000300014F0FEFA7969AB081339694322008C
:10E9B000300014F002FB0198FEBDC046FECA000004
:10E9C000F0B50D00ABB00D9200213022060012A868
:10E9D0000B9316F009FF280016F046FF431C0C931A
:10E9E000102B00DDB6E00B9B202B00D9B2E02900F4
:10E9F000300014F01FFB071E29D129000C9A12A821
:10EA000016F0D4FE0D990B9A16A816F0CFFE8023AF
:10EA10005B051F695A693000113A7A435D690D92AE
:10EA2000FFF79EFF0D9B30220833002104001EA833
:10EA30000F9316F0D9FE290013397943300014F0F2
:10EA4000B0FA0F9B0B9300230C930E9335E010301C
:10EA50000B9A0D9916F09BFE0400380016F06FFE1D
:10EA6000002C7AD0C9E70B9930221EA816F09EFE22
:10EA700012A91EA816F0EEFE002822D13849300057
:10EA800022001091119414F0A8FA6A460B9B099386
:10EA900015AB23CB23C223CB23C223CB23C230000D
:10EAA000149B1299139A14F0A6FA01230E930B9B50
:10EAB00030330B930C9B01330C930C9BA342D2DBA2
:10EAC00010E06A460B9B099321AB23CB23C223CBD7
:10EAD00023C223CB23C230001E991F9A209B14F01F
:10EAE0008AFAE4E7E5433021ED1725404D430F9BBB
:10EAF0005D190E9B002B1BD1B81E08F019FD844236
:10EB00002AD017490134300022001091119414F0DA
:10EB100064FA6A46099515AB23CB23C223CB23C2E3
:10EB200023CB23C230001299139A149B14F063FA7A
:10EB30000D99300014F035FA80235B0559690C23D8
:10EB400063431339023379430D9A300014F035FAD8
:10EB5000002402E0034C00E0034C20002BB0F0BD89
:10EB6000FECA000017FCFFFF13FCFFFF8023F0B577
:10EB70005B051A6995B002925A6905910299113A9A
:10EB800051435C69029B133C050003915C43FFF712
:10EB9000E7FE061E4ED00027039B302208330021DB
:10EBA000083408A8019316F01FFE2100280014F075
:10EBB000F8F90497B74220DA0199302208A816F034
:10EBC000F5FD059908A816F045FE002809D11B4956
:10EBD000721E28000691079214F0FFF90123049396
:10EBE00006E022000C230199280014F0E6F93034E5
:10EBF000019B013730330193DCE7049B002B05D1E7
:10EC00000E493200280014F0E8F913E003992800B7
:10EC100014F0C7F980235B0559690C23029A133954
:10EC20004A437343110028000233039A14F0C5F9D4
:10EC3000002000E0024815B0F0BDC046FECA00004A
:10EC40000CFCFFFF70B50400A280FA22002308002C
:10EC50000C49920008312160A3716061E260A360F9
:10EC60006382094914F0E6F9051E09D0010020006D
:10EC700010310222123016F099FD280016F05FFDC7
:10EC8000200070BD9C640300EA74030030B50225C7
:10EC9000837987B004002B4204D1FCF723FDA379CC
:10ECA0002B43A371200014F009FA00282DD06B46E5
:10ECB000DD1C280014F0F9F92B78002B03D001A8F3
:10ECC00014F0F1F90FE00122114B1A60114A536858
:10ECD000002BFCD000220F4B5A600F4B01321B68F7
:10ECE00001930B4B5A600322019BD9170A40D3189A
:10ECF0009B102382FCF768FFE368A18818180123A2
:10ED0000A0601A0002A812F023FD002007B030BD59
:10ED100000C00040FCC0004008C5004010B5040021
:10ED2000024B036007F0E4F9200010BDBC6403004F
:10ED300010B5040007F0E8F9034B0022236000231C
:10ED400020002265636510BDBC640300022802D167
:10ED50000122014B1A707047DF29002070B5064C64
:10ED600005002378002B04D1044804F087FE01231A
:10ED70002370280070BDC046E02900204DED010041
:10ED800070B50C0012F0D9FA002811D0164B0022F1
:10ED9000A50A1C001A70280014F0C6F9002803D038
:10EDA0000A2016F0B1FBF6E72378002BFCD019E01F
:10EDB000022180250D4B0E4AED00995080205959B3
:10EDC000C0000029FAD0A121084DC9006C50195883
:10EDD0000029FCD00020054988508021C9005A58DC
:10EDE000002AFCD070BDC046DF29002000E00140B1
:10EDF00004050000F8B50C0015001E0012F09DFA85
:10EE0000002812D0194B00221F001A70320029006E
:10EE1000200014F087F9002803D00A2016F074FBB4
:10EE2000F4E73B78002BFCD01EE00121104A114B87
:10EE3000944699508021C9005A58002AFCD0802756
:10EE40000022FF008021C900964207DD910068582A
:10EE50006050D9590029FCD00132F3E70022604606
:10EE60001A505A58002AFCD0F8BDC046DF290020AD
:10EE70000405000000E00140F0B589B00E9D0600D9
:10EE80000F000592002D05D1802252055569314AA7
:10EE9000AD18AD02AC05A40D57D1BA0A9202019289
:10EEA000BA05920D0292D218049205993A003000E8
:10EEB00014F03CF900280AD1FF2403223900049BF6
:10EEC000A4000433934321400393019D14E0002DDB
:10EED0003BD029003000FFF753FF8023019A5B00ED
:10EEE00029003000FFF786FF01993000FFF748FF47
:10EEF00080232100DB00039300230793039B8B42B5
:10EF000025DD0322029B0A40D200994207DB049BC5
:10EF1000994204DA059B02981B1A5B5C00E06B5C6B
:10EF200093400327079A4C1C13430793274001D0B3
:10EF30002100E3E7019B89108900591807AA0123E2
:10EF40003000FFF757FF0797F2E7034800E0002083
:10EF500009B0F0BDEDFF3F0017FCFFFF08B4024B06
:10EF60009C46443808BC604749310300F8B5FA2391
:10EF70000189DB0004005943324814F0ACFFFA2148
:10EF8000890008F0D5FA304F2081A17A380014F0BA
:10EF9000A2FF23002600250022894C33A072A03650
:10EFA0001A808C35317800232A22286813F065FBFB
:10EFB000002801D0254844E031781F235B222868CF
:10EFC00013F05BFB0028F5D1317820235C22286800
:10EFD00013F053FB0028EDD1317801232C2228684F
:10EFE00013F04BFB0028E5D1317801232D2228684E
:10EFF00013F043FB0028DDD1317801232E2228684D
:10F0000013F03BFB0028D5D1A17A380014F05EFF45
:10F010003178C3B20E22286813F02FFB0028C9D123
:10F02000FA2321899B005943064814F04FFF01231E
:10F030001843C3B231782A22286813F01EFB002837
:10F04000B8D1F8BD84650300046503000EFCFFFF22
:10F0500008B4024B9C46443808BC60476DEF010081
:10F06000074B10B51A00040008323C3302604364B9
:10F07000443012F000FE200012F00EFD200010BD02
:10F080002465030008B4024B9C46443808BC604722
:10F0900061F0010008B4024B9C46443808BC60474C
:10F0A00053310300F0B5042583798BB004002B4263
:10F0B00004D1FCF717FBA3792B43A37120009030F8
:10F0C000FEF726FE061E66D12300A0331978200025
:10F0D0000C2307AD00938C302B0001220068FEF753
:10F0E00059FA002801D02E4E56E00A2304AA9B1894
:10F0F0002A785A706A781A700022995EAA785A7033
:10F10000EA781A7000201A5E03922879587068799C
:10F11000187000201F5EA8795870E87918700022D6
:10F12000985E0490287A5870687A18700022985E69
:10F130000590A87A5870E87A18701F2000229B5E0C
:10F14000039A9C46A37A52425A435943D5177B43AC
:10F150000540AA185211A261DF17CA1702403840B1
:10F16000C3185B11236264235118059A5B42534311
:10F170004911A3676423E1616146049A20005A4360
:10F180004B43E267221DD36712F0F6FC20004430A7
:10F1900012F078FD00E0002630000BB0F0BDC04654
:10F1A0000EFCFFFF08B4024B9C46443808BC604785
:10F1B000A5F00100F7B51E00040008AB1B88150080
:10F1C000019309AB00911A8831000AAB1F88FCF744
:10F1D00051FF20003A0031004430FDF777FA144B1C
:10F1E00020001A003C336364230008322260009A36
:10F1F0008C331A60AB8890308380AB796A46837118
:10F200000C4B92880360AB68032183602B7B0373F4
:10F210006B7B43730E23EB5683732300A0331A805A
:10F22000FEF776FE2000FFF7A1FE2000FEBDC046DF
:10F230002465030070630300F8B5FA260189B6005F
:10F2400004007143264814F046FE310008F070F9BE
:10F25000244F2081A17A380014F03DFE2500A072D1
:10F260005835297800232A22606C13F006FA00280A
:10F2700001D01D4832E0297810232B22606C13F056
:10F28000FCF90028F5D1297801232D22606C13F0B8
:10F29000F4F90028EDD1297801232E22606C13F0B7
:10F2A000ECF90028E5D1A17A380014F00FFE297896
:10F2B000C3B20E22606C13F0E0F90028D9D1218985
:10F2C0000748714314F002FE01231843C3B22978A2
:10F2D0002A22606C13F0D1F90028CAD1F8BDC046CB
:10F2E00020660300CC6503000EFCFFFF10B5040090
:10F2F000034B0833036012F0CFFB200010BDC04663
:10F30000EC6503007FB50425837904002B4204D10A
:10F31000FCF7E8F9A3792B43A37120004830FEF7EE
:10F32000F7FC051E25D123000A2658331978062339
:10F330006E44009301223300606CFEF72BF9002825
:10F3400001D00E4D16E0042302200022F356A17ACC
:10F350003056B2564B43C0004A4340424143DB0063
:10F3600023622368D200A161E2619B6A2000984772
:10F3700000E00025280004B070BDC0460EFCFFFF71
:10F38000F8B50400150006AA168807AA0F0012880F
:10F390001900FCF76FFE0F4B6764083323602300EE
:10F3A000AA8848339A80AA7920009A710A4AA264EE
:10F3B000AA6822652A7B1A736A7B5A730E22AA56A0
:10F3C0009A730023A371230058331E80FFF734FF84
:10F3D0002000F8BDEC6503007063030010B5040065
:10F3E000034B0833036012F046FC200010BDC046FA
:10F3F000286603007FB50825837904002B4204D1D9
:10F40000FCF770F9A3792B43A37120004C30FEF771
:10F410007FFC002830D023000A265C3319780623AD
:10F420006E44009301223300A06CFEF7B3F8051E72
:10F4300001D0124820E0327802AB5A707278200076
:10F440001A700022995E64224A43A263B2785A700D
:10F45000F2781A700022995E64225242514361632D
:10F46000317959707179197000215B5E5A432368B4
:10F47000E2631B6A9847280004B070BD0EFCFFFFD2
:10F48000F0B507005C3787B00400397800231022FC
:10F49000806C13F0F2F80326002807D01F483AE0EA
:10F4A0002B78334211D06420FCF7B8F90F2502AB5A
:10F4B000ED180123397808220093A06C2B00FEF789
:10F4C00069F8164B9842EBD1E8E7FA252189144EEA
:10F4D000AD006943300014F0FEFC290008F028F864
:10F4E00020813978A0231122A06C13F0C6F80028DF
:10F4F000D4D1A36C21890393694330003F7814F081
:10F50000E5FC01231843C3B210223900039813F01D
:10F51000B4F80028C2D107B0F0BDC0460EFCFFFF12
:10F52000AC660300F8B50400150006AA168807AA01
:10F530000F0012881900FDF7C9F80D4BA7640833B6
:10F5400023602300AA884C339A80AA7920009A71FC
:10F55000084AE264AA6862652A7B1A736A7B5A7356
:10F560000E22AA561E829A73FFF78AFF2000F8BD6A
:10F570002866030070630300F7B5FA250189204F60
:10F58000AD0004006943380014F0A5FC290007F021
:10F59000CFFFA17A20811B4814F09DFC2600636CEC
:10F5A000A07200932189583633786943380001935B
:10F5B00014F08CFC07231843C3B220220199009851
:10F5C00013F05BF8002801D00F4818E031781023C1
:10F5D0002222606C13F051F80028F5D1A17A094875
:10F5E000656C377814F072FC80235B421843C3B219
:10F5F00023223900280013F040F80028E4D1FEBD92
:10F6000058670300306703000EFCFFFF10B50400CD
:10F61000034B0833036012F03FFA200010BDC046D0
:10F62000B4660300F0B50425837985B004002B424D
:10F6300004D1FCF757F8A3792B43A371200048307D
:10F64000FEF766FB002833D023000A2658331978CA
:10F6500006236E440093A8223300606CFDF79AFFE6
:10F66000051E01D0134823E01F200023F25ED317AC
:10F6700003409B180222B15E5B11CA170240521868
:10F680000427F15F5211CF173840401841113380E1
:10F690007280B180A07A5B4243435242424341436D
:10F6A000E3612368A26121629B6A200098472800D9
:10F6B00005B0F0BD0EFCFFFFF8B50400150006AA6A
:10F6C000168807AA0F0012881900FCF7D3FC0F4B0D
:10F6D0006764083323602300AA8848339A80AA7994
:10F6E00020009A710A4AA264AA6822652A7B1A73CA
:10F6F0006A7B5A730E22AA569A730023A3712300C1
:10F7000058331E80FFF738FF2000F8BDB4660300B1
:10F7100070630300F7B5FA2504000189134EAD00AC
:10F720006943300014F0D7FB290007F001FF2700E0
:10F73000A36C208100935C373B7881B26943300031
:10F74000019314F0C3FB6022C3B20199009812F038
:10F7500094FF002801D0064807E03978012362228F
:10F76000A06C12F08AFF0028F5D1FEBDAC67030043
:10F770000EFCFFFF10B50400034B0833036012F0CA
:10F780007AFA200010BDC046606703007FB50825E7
:10F79000837904002B4204D1FBF7A4FFA3792B4308
:10F7A000A37120004C30FEF7B3FA002823D02300C9
:10F7B0000A265C33197806236E440093E82233004E
:10F7C000A06CFDF7E7FE051E01D00C4813E00223F4
:10F7D000F25E96235B425A4362630021725E200010
:10F7E0005343A3630423F25E96235343E3632368E6
:10F7F0001B6A9847280004B070BDC0460EFCFFFF8E
:10F80000F8B50400150006AA168807AA0F0012888A
:10F810001900FCF75BFF0D4BA7640833236023003E
:10F82000AA884C339A80AA7920009A71084AE26427
:10F83000AA6862652A7B1A736A7B5A730E22AA56DB
:10F840001E829A73FFF766FF2000F8BD6067030011
:10F8500070630300FA2370B501899B0004005943CB
:10F860003B4814F038FBA17A20813A4814F033FB6E
:10F870002500A07258352978B6231422606C12F046
:10F88000FCFE002801D0344860E00F266420FBF71E
:10F89000C5FFA37A297833403200606C12F0EDFE88
:10F8A0000028F0D12389297833401022606C12F0AF
:10F8B000E4FE031EE7D129781322606C12F0DDFE0E
:10F8C0000028E0D1062329783422606C12F0D5FE9E
:10F8D000031ED8D129781622606C12F0CEFE0028C3
:10F8E000D1D1102329781722606C12F0C6FE031EB6
:10F8F000C9D129781822606C12F0BFFE031EC2D154
:10F9000029781922606C12F0B8FE0028BBD1297842
:10F9100081231A22606C12F0B0FE0028B3D10023BC
:10F9200029781B22606C12F0A8FE031EABD1297847
:10F930001E22606C12F0A1FE0028A4D129780223B7
:10F940002022606C12F099FE00289CD170BDC04648
:10F9500050680300286803000EFCFFFF10B5040088
:10F96000034B0833036012F097F8200010BDC04627
:10F97000B4670300F0B50425837985B004002B42F9
:10F9800004D1FBF7AFFEA3792B43A37120004830CD
:10F99000FEF7BEF9061E31D123000A255833197827
:10F9A00006236D44009302222B00606CFDF7F2FDEC
:10F9B000002801D0134E22E01F210022AB5EDA178F
:10F9C0000A40D2180223E85E5211C3170B401B18DD
:10F9D0000427E85F5B11C7173940091849112A80CD
:10F9E0006B80A980A07A434342434143E36123688B
:10F9F000A26121629B6A2000984700E00026300047
:10FA000005B0F0BD0EFCFFFFF8B50400150006AA16
:10FA1000168807AA0F0012881900FCF72BFB0F4B62
:10FA20006764083323602300AA8848339A80AA7940
:10FA300020009A710A4AA264AA6822652A7B1A7376
:10FA40006A7B5A730E22AA569A730023A37123006D
:10FA500058331E80FFF7FEFE2000F8BDB467030098
:10FA6000706303007FB5FA2301899B0004005943AA
:10FA7000784814F030FA822320814B222021A06C98
:10FA800012F0FBFD002801D07348E1E06420FBF791
:10FA9000C5FE01234B222021A06C12F0EEFD0028B0
:10FAA000F2D16430FBF7BAFE23894C22DB00DBB2D3
:10FAB0002021A06C12F0E1FD0028E5D184234E2224
:10FAC0002021A06C12F0D9FD0028DDD123005E3387
:10FAD0001878032800D9BAE007F020FD02200C16A0
:10FAE000012351222021A06C12F0C7FD022300281F
:10FAF0001DD0C9E7072351222021A06C12F0BDFDC3
:10FB00002223002813D0BFE7172351222021A06C05
:10FB100012F0B3FD5123002809D0B5E70423512288
:10FB20002021A06C12F0A9FD0028ADD1162352228D
:10FB30002021A06C12F0A1FD0028A5D101252300F1
:10FB400000955F335D222021A06CFDF723FD002886
:10FB50009AD123000095613364222021A06CFDF727
:10FB600019FD002890D12300009560335E222021EA
:10FB7000A06CFDF70FFD002886D1230000956233AD
:10FB800065222021A06CFDF705FD002800D07BE751
:10FB9000230000956C3371222021A06CFDF7FAFC44
:10FBA000002800D070E7230000956D3370222021DB
:10FBB000A06CFDF7EFFC002800D065E70E250226BB
:10FBC0006D4400962B006A222021A06CFDF7E2FC18
:10FBD000002800D058E76B782A781B0213432200D4
:10FBE0006432138000962B0068222021A06CFDF760
:10FBF000D1FC002800D047E76B782A781B0213431A
:10FC000022001BB266321380538000962B006222C2
:10FC10002021A06CFDF7BEFC002800D034E76B78F3
:10FC20002A781B02134322006A32138000962B00AD
:10FC30006C222021A06CFDF7ADFC002800D023E74A
:10FC40006B782A781B0213436E34238000E003484C
:10FC500004B070BDC46803000EFCFFFF17FCFFFF7B
:10FC6000F0B5082583798DB004002B4204D1FBF751
:10FC700039FDA3792B43A37108230AAE00934222D6
:10FC800033002021A06CFDF785FC0390002800D0F4
:10FC9000AAE0B379DA0700D4A8E0727831781202CA
:10FCA0000A4312B2D2100792F278B17812020A43D4
:10FCB00012B2D2100892707932790002104300B269
:10FCC00042100992F5792D021D4323006E331F88DF
:10FCD000AD100497BE03291E00D1390023006D33F7
:10FCE0001B7830005BB2059307F0ACFC414B059AE2
:10FCF000C01823006C331B7800B2DB0106930300AD
:10FD00004343DB115343069A504318188023401293
:10FD10005B03C018230061331B785BB2A0335843E8
:10FD2000079B00134343581323005F331B785BB2D8
:10FD3000DB00C01803B20793002D00D0049504998E
:10FD4000300007F07FFC2B4BC01823006A3306B24B
:10FD50000020185E099B181A23006833C203002094
:10FD6000185E3BB2EB1A5843230064331988802392
:10FD70006D004D431B02ED18230066330021595ED0
:10FD80002D148010101A691807F05CFC33007343BF
:10FD9000059ADB115A431300069A00B256439E1986
:10FDA000802376125B03F6182300220062331B784F
:10FDB00060325BB2A0335E43089B36137343127804
:10FDC0005B1352B2D2009B1864221BB252425343BF
:10FDD00063636423079A58435A432368E063A2632A
:10FDE0001B6A2000984701E0034B039303980DB072
:10FDF000F0BDC04600C0FFFF0EFCFFFF10B50400C1
:10FE0000034B0833036011F036FF200010BDC046DD
:10FE100058680300F8B50400150006AA168807AA5A
:10FE20000F0012881900FCF751FC0F4BA764083330
:10FE300023602300AA884C339A80AA7920009A7103
:10FE40000A4AE264AA6862652A7B1A736A7B5A735B
:10FE50000E22AA569A73012210339A701E80FFF761
:10FE600001FE2000F8BDC04658680300706303001F
:10FE700070B501230C004B222021050012F0FDFB80
:10FE800000280BD16430FBF7C9FCE1B24022280006
:10FE900012F000FC32384342584100E0004870BD87
:10FEA0000EFCFFFFA2220321074B8000C018D200E6
:10FEB00010B58358054C194323438350C046C046B0
:10FEC000C046815010BDC04600600040031F0000C6
:10FED000A2220321034B8000C018D20083588B4319
:10FEE000835070470060004010B50400034B083396
:10FEF0000360FBF79FFE200010BDC046CC680300E6
:10FF0000F8B5A02303223049DB055A5004315A507A
:10FF100080212E4A8905995080210127A225C905F3
:10FF200099502B4C2B4BED00E75063592A4A2B4E2E
:10FF30001340635163592A4A002013436351FFF76A
:10FF4000B1FFA359244A38001340A351A359254AAD
:10FF50001343A351FFF7A6FFC046C046C046224B3D
:10FF6000224A23495A51A322D2009C519950214A36
:10FF7000214922485A5004315850214921485C50A7
:10FF80000431585020495A500F2220495A50204BD2
:10FF9000104A9F5000225A5004315A5002325A518E
:10FFA000A8223221D200DF6099501A4A01399950B3
:10FFB000323104329950184AC919995080225C395B
:10FFC00092009950F8BDC046740700000C0500006F
:10FFD00000600040FC0F0000FFE0ECFF1405000093
:10FFE000001D0300001E130000F0014040A100406E
:10FFF00044A10040046000401C05000048A10040EE
:020000040002F8
:10000000240500004CA100402C0500000405000060
:1000100000A00040440500004C0500000023154AE4
:1000200010B508320260EE21A022838083710400A3
:100030000320D205C900505080200F494005505080
:1000400032220E4920000A700D490A700D490A70CB
:10005000FA210D4A090113700C4A118001210C4A42
:1000600011700C4A1370FFF74BFF2000FBF7C4FD23
:10007000200010BDCC6803000C050000E32900201F
:10008000E5290020E6290020E12900208029002020
:10009000E2290020E4290020F8B50D0064295DDC88
:1000A0000B0064335ADB012600222D4B2D4C1E70B1
:1000B0002D4B00201A702D4B02221970A223DB0059
:1000C0006660E660E250FFF703FF3000FFF700FFD5
:1000D000A9236322DB00E250254B9219E250A122B2
:1000E000D2009446A023802260465205DB051A50B8
:1000F000802780201F4ABF05C005002D01D19F50D9
:1001000005E0002D15DD642D03D161465F50985048
:1001100024E09F509850164B6421E758E0586843FC
:1001200007F006FAA82380B23F1ADB00E750002050
:1001300011E09F5029006246985064310ED00C4B5C
:100140006D42E0586421684307F0F2F90A4B80B22F
:100150000138E0503000FFF7A5FE2660F8BDC0462C
:10016000E429002000A00040E1290020E32900202C
:100170004C0500000C0500004405000010B50B4BB9
:100180001C78012C11D10A4B00205C60DC60FFF769
:100190009FFE2000FFF79CFEA0228021054BD20588
:1001A0008905D1508021C905D15010BDE429002016
:1001B00000A000400C05000010B50C4B1C78012C71
:1001C00012D10B4B00205C60DC60FFF781FE200049
:1001D000FFF77EFEA022A1238021D205DB00890546
:1001E000D1508021C905D15010BDC046E42900205E
:1001F00000A0004070B50E4D2C78012C16D10D4B8F
:1002000000205C60DC60FFF763FE2000FFF760FE0B
:10021000A0228021084BD2058905D1508021C90533
:10022000D15080214905D15000232B7070BDC046AC
:10023000E429002000A000400C050000F7B50D00E7
:10024000642959D802232D4A01271370A2222C4C6D
:100250002C4ED200317000206760E760A350FFF79A
:1002600037FE3800FFF734FEA9236322DB00E2509B
:10027000254BBF18E7506D0808D028003900784397
:1002800007F0E0F9A8233F1ADB00E75001211F4BDC
:100290001F4D1A7800930A4329781A708C46A023C0
:1002A00080270195802065461A49DB05BF05C005FA
:1002B0005F50012D01D9012A01D1585002E0A1223D
:1002C000D20098503378012B02D90020FFF7EAFDC5
:1002D000019B1B78012B06D9009B1B78032B02D1B5
:1002E0000120FFF7DFFD012380212360A022A1234D
:1002F0004905DB00D205D150F7BDC046E4290020F6
:1003000000A00040E52900204C050000E129002064
:10031000E62900200C050000F8B50C00642955D82A
:1003200002232B4A01271370A2222A4D2A4ED20003
:10033000317000206F60EF60AB50FFF7C9FD3800EF
:10034000FFF7C6FDA92363226421DB00EA50234B9B
:10035000FC40E95006D02000484307F073F9204BD9
:100360000138E850022080241E4BA4051A78190099
:1003700010431870A446A02380243778DB051A4A5E
:10038000E405012F01D9022802D16046985003E00C
:1003900060469850A122D2009C50144B1B78012B30
:1003A00005D90B78032B02D10020FFF77BFD3378B2
:1003B000012B02D90120FFF775FD012380212B605D
:1003C000A022A1234905DB00D205D150F8BDC046CB
:1003D000E429002000A00040E62900204C05000090
:1003E00044050000E12900200C050000E52900205B
:1003F000F7B5194F3B780193022B2CD10124174EEE
:1004000000207460F460FFF763FD2000FFF760FDDB
:10041000A0258021124AED0513788905A3431370A6
:10042000104AA95004D180214905A9503B7012E01F
:100430006B461B793B700C4B1B78012B0BD9A1270A
:100440008023FF00DB05EB512000FFF72BFD80230D
:100450005B053460EB51F7BDE429002000A00040AB
:10046000E12900200C050000E6290020F8B5194B11
:100470001F78022F2CD10125174E00207560F560E2
:10048000FFF726FD2800FFF723FDA0248021134A53
:10049000E4051378C905BB431370114AA15005D177
:1004A00080214905A1500B4A137011E0094B1F70C0
:1004B0000C4B1B78012B0BD980239B05A3500020EC
:1004C000FFF7F0FC8022A1235205DB003560E250EB
:1004D000F8BDC046E429002000A00040E12900202A
:1004E0000C050000E52900200B002B4A143B9BB2B1
:1004F00070B50D0093424ED80322284B284C19802A
:10050000284B1A700022284B1A7001236360E360A5
:10051000A223DB00F42900D80432E2500020FFF7C8
:10052000D7FC0120FFF7D4FCA02380211F4ADB0564
:10053000890599508021043AC90599502901F42D63
:1005400000D929001A4806F0F3FFA92385B232200A
:100550006A1EDB00E250174B6843E550642107F048
:1005600071F8A8232D1ADB00E550134B0138E05039
:100570000020FFF797FC114B1B78002B02D10120C4
:10058000FFF790FC012380212360A022A1234905CD
:10059000DB00D205D15070BD0C4E00008029002038
:1005A00000A00040E4290020E12900200C05000003
:1005B0000024F4004C05000044050000E22900205E
:1005C00070B50E4D2B78032B17D101240C4B002056
:1005D0005C60DC60FFF77CFC2000FFF779FCA02268
:1005E0008021084BD2058905D1508021C905D15001
:1005F00080214905D15000232B7070BDE4290020D3
:1006000000A000400C05000010B50400034B0833A7
:100610000360FBF70FFB200010BDC046E468030039
:10062000F7B501210C008368334A9C40A023DB0509
:100630009C503224013CC046C046C046C046C0461D
:10064000C046C046C046C046C046C046C046F1D1BE
:100650000500040011350D340195072526788768BB
:100660002E410E420FD00E00BE40A127FF00DE51EA
:10067000C046C046C046C046C046C046C046C0464A
:10068000C0469E500EE00E00BE40A127FF00DE5186
:10069000C0469E50C046C046C046C046C046C04642
:1006A000C046C046013DD9D2019D0134A542D4D1F6
:1006B0000124210083689940A023DB05995032234F
:1006C000013BC046C046C046C046C046C046C046C4
:1006D000C046C046C046C046C046F1D1037CC17B7F
:1006E000827BC918437B9B18CB18002B01D0447424
:1006F00000E04374F7BDC0460C050000F8B50400E7
:100700002500260006A80078277B6273A173E37397
:1007100020740D3511362878784309F067FE0022E1
:10072000064B08F01BFC07F06FF928700135AE424C
:10073000F1D12000FFF774FFF8BDC04600E06F4024
:100740000023F7B5040001268380837122482273B9
:100750000A0008302060A02003258E40C132FF32FD
:10076000C0059200A16015501C4A25008650637494
:100770006373A373E37323742300277B11330D3555
:10078000009301922878784309F030FE144B002240
:1007900008F0E4FB07F038F9009B287001359D4212
:1007A000F0D1A023019ADB059E503223013BC046C5
:1007B000C046C046C046C046C046C046C046C04609
:1007C000C046C046C046F1D1200012F074FD2000A2
:1007D000FBF712FA2000FEBDE46803000C050000E0
:1007E00000E06F40F0B585B001930AAB1E880BABFB
:1007F0001B78451C02930EAB1B78040003930B7807
:10080000170003704B8A102243820131280014F034
:10081000CDFF6B469B88268363836B461B7B00263C
:1008200023776B4601221B7A6761E683EB77A31C73
:10083000DA770C9B0C256362230020000D9A283385
:100840001A705E709E702A0031002C3014F0CCFFBC
:100850002000074BE663A3632A003100403014F008
:10086000C3FF2000034B2665E36405B0F0BDC0461E
:100870003F0C0300310C0300F0B50700C5B0016068
:1008800042606E4900222FA812F0A6FD3B000833FB
:10089000069312230024012601930C3B12AD04960B
:1008A0000093069A23002FA9039402941AA8FFF735
:1008B00099FF22006249280012F08EFD3B000E33A2
:1008C00007930A230193083B2900079A0496009393
:1008D0000394230002942FA8FFF784FF78683C81DB
:1008E00003687C815B69BC8198476222032302A96B
:1008F0005218D377B62252180DAED3771AABF881BF
:10090000099322002FAB4F4930000A9312F064FD87
:100910002D214120337810222B70738A6B8202AB19
:10092000C918C01814F042FF022338682B7509ABB0
:10093000AB61AC8302F0C2FC036829001B689847D6
:100940007E2202AB9B181B8854323B8202AB9B1861
:100950001B8838687B8202F0B1FC0368398A0094F6
:10096000DD68069A0623A847386802F0A7FC0368EA
:10097000798A0094079ADD680223A847386802F054
:100980009DFC0600142014F0DEFE05000C22210060
:1009900014F02AFF28002C4B2C61082280C00BA9E0
:1009A0000B930C9414F002FF284BEB60B369A34245
:1009B00000D02B61264BB5611E68002E3AD0302046
:1009C00014F0C1FE0400103010F0B7FE20002430F7
:1009D00010F031FD05232380043B6380182014F0C0
:1009E000B2FE1C4B05000D93002380C51900069034
:1009F000102228000E9314F0F7FE08220DA92800FB
:100A000014F0D4FE144B069A210053610023E360D6
:100A10001233A3800023A2602362E36233683000B4
:100A20005B689847002805D0200010F0ADFD20003D
:100A300014F085FE380045B0F0BDC04602750300D5
:100A4000F2740300127503004B330300E13203001C
:100A5000C82600208F3303000B33030010B50400B9
:100A6000054B083303601C3010F0D8FD200018300F
:100A700010F0D4FD200010BDFC680300FF23F0B58A
:100A80002B4C8DB02370002301AE0500310000888F
:100A9000019304F04DFB002801D1B3782370254E5B
:100AA0003368DB68002B06D1002328881A00190060
:100AB00012F0B8FC3AE02378032BF5D81E496846BB
:100AC000FBF7C6F833686946DE6804A810F0FBFD42
:100AD00004A9300012F0DBFA060004A810F09EFD15
:100AE000371E1ED031002022103104A814F05EFE03
:100AF000300014F024FE217804ABC90059180822F4
:100B000002A814F053FE28880123082202A912F03B
:100B100089FC0127002804D12888084A0C2112F0FA
:100B20007FFC684610F07AFD002FBDD00DB0F0BDFF
:100B3000FD210020E42600203B750300FFFF00009C
:100B4000F0B5837991B004005B071BD5FBF73CF847
:100B500000232269801A9941994203D1F423FF337B
:100B600098420FD9A068002808D0364B1D8802F0A3
:100B700095FB036815221B6A290098470422A37974
:100B80009343A371A3799B075AD52F4D2B68DB683C
:100B9000002B51D02D4B1A780193032A4CD8294BA6
:100BA0002B491B8804A80093FBF752F82B6804A973
:100BB000DE6808A810F087FD08A9300012F067FA77
:100BC000070008A810F02AFD02AB9E1D0823320082
:100BD000338006A9073B009812F026FC002F08D0AE
:100BE00039002022103108A814F0E0FD380014F07C
:100BF000A6FD019B32881B7806A9DE0008AB9E1972
:100C0000300014F0C4FD002813D0082206A93000DB
:100C100014F0CCFD2B6804A9DD6805A810F053FD85
:100C2000202308AA05A9280012F037FA05A810F019
:100C3000F5FC04A810F0F2FC0222A3799343A371FF
:100C400011B0F0BD82290020E4260020FD21002003
:100C50003B750300F7B5040000250192C77FAF4242
:100C600054D966197078884202D1152927D804E032
:100C7000605D2D180135EDB2F1E701228A4026486A
:100C800002421CD0D91901201F2943DCE119371871
:100C9000B94210D80021C8B2834205D9019A701810
:100CA000575C01318770F6E7625D9A186255E27F02
:100CB0009B18E37728E00878C8540139E8E7655DB8
:100CC000013DEDB2AB4209D10021C8B283421BD92C
:100CD000019A7018545C01318470F6E7FF187F1B8D
:100CE00001201F2F16DC0227A81C7F4236187F1B0D
:100CF000E07F2218964203D23078F0550136F7E7AC
:100D0000451B023DE57701E0002003E0019A200049
:100D100012F0C6FBFEBDC046FC00200070B50D0001
:100D200002F0BCFA04000368002D02D15B69984709
:100D300008E09B689847854204D2236820009B689E
:100D400098470500FA2080006843024906F0F0FB4E
:100D5000E08070BD71020000F0B507001600A1B080
:100D600002C704006B4918A81D0012F0CBFB331E0C
:100D700003D0300014F078FD83B2012204920022E7
:100D800003920292023201920093320018A93800B5
:100D9000FFF728FD23006049583318A8079312F085
:100DA000B1FB2B1E03D0280014F05EFD83B201229C
:100DB00004920022039202920232019200932A00CE
:100DC00018A90798FFF70EFD23005449AC3318A863
:100DD000089312F097FB269B002B03D0180014F009
:100DE00043FD83B201220492002203920292023256
:100DF00001920093269A18A90898FFF7F3FC631C48
:100E0000FF33474918A8099312F07CFB279B002B5E
:100E100003D0180014F028FD83B2012204920022AE
:100E2000601C03920292023201920093279A18A941
:100E3000FF30FFF7D7FC23005533FF33394918A89B
:100E4000099312F05FFB289B002B03D0180014F0CD
:100E50000BFD83B20122049200220392029202321D
:100E600001920093289A18A90998FFF7BBFC230068
:100E7000A933FF332C4918A80A9312F043FB299B8E
:100E8000002B03D0180014F0EFFC83B2012204926F
:100E9000002218AD03920292023201920093299A25
:100EA00029000A98FFF79EFC204B1B780B93002B20
:100EB0002DD1079B12971393089B0DAF1493631CBE
:100EC000FF331593099B1A4916930A9B3800179311
:100ED00012F018FB1D2149203B7810222B707B8AD1
:100EE00012AE6B8206ABC918C01814F05FFC062363
:100EF0002B756B469B8D2068AB83AE6102F0DEF9EB
:100F0000036829001B6898470122084B1A702000CB
:100F100021B0F0BD292A0000242A0000252A000063
:100F2000272A0000262A0000282A0000E72900209E
:100F30000A18000070B5002504000B4B85800833AB
:100F400085710360C1601830FAF7BCFE20001C30C8
:100F5000FAF7B8FE0123621CD377044AA5606561E5
:100F600020001460A37170BDFC680300E42600201B
:100F7000FA2130B585B005000123022289006846B8
:100F800010F0E6FB074C2068002809D012F0F3FAB5
:100F90002988054B22681980022193790B439371AC
:100FA00005B030BDE42600208229002010B50C00D9
:100FB00007290BD8806802F071F9054B19570368AF
:100FC0005B6C9847002802D0024800E0024810BD40
:100FD0004876030016FCFFFF17FCFFFFF0B5A34C9B
:100FE0000D00A544040007939AAB1B7809A804934D
:100FF0009F4B06921968FAF72BFE200029001C303F
:1010000010F069FBC020C00002F02EFD082014F093
:101010009AFB0700002102F009F915AD0021A76035
:101020000C220EA814F0E0FB2B000EAA43CA43C307
:10103000904B2900EB60002338002B6112F0B5FFC4
:10104000A06802F02BF90C2200210590280014F072
:10105000CBFB142014F077FB874B2A001593030079
:10106000C2CAC2C3854B059EC3600023A436036178
:101070003368002B00D003613060A06802F01EF9D5
:101080000C2200210600280014F0AEFB142014F0FE
:101090005AFB7B4B1593030086CD86C3794BC36007
:1010A00000230361336B002B00D003613063A06821
:1010B00002F0F4F815AD0C2200210600280014F00F
:1010C00093FB142014F03FFB6F4B983615930300ED
:1010D00086CD86C36D4BC360002303613368002B4C
:1010E00000D00361012504ABDB7C04AA2B43D3743D
:1010F00013239B1819003060280012F097F9A0689C
:1011000002F0ECF8036862495B6A9847A06802F055
:10111000E5F803685F499B699847A06802F0DEF82C
:10112000002302680093166804992A00B047049BC4
:10113000002B0AD0200012F027FA032805DDA06852
:1011400002F0CCF80368DB6898470EA812F09FF90C
:101150002F2004ABC01812F09AF9362004ABC01847
:1011600012F095F93D20042504ABC01812F08FF958
:101170000EAB0A93A06804AB5D7702F0AFF803688A
:101180000AA91B699847A06802F088F803680AA9B1
:101190005B6D9847A06802F081F803680021DB6D61
:1011A0009847A06802F07AF8036802219B6D98477F
:1011B00006212000FFF7FAFE182014F0C4FAA168F7
:1011C00000F056FB542014F0BEFA079AA16801F013
:1011D000DBFC314B314A1B68A1680393304B15A8E7
:1011E0001B680CAE02932F4B00271B680193069BD4
:1011F0001B685B1900931E4B12681B68FFF7ACFD60
:10120000A06802F04BF8036831009B6A98470823F6
:10121000A0683380DB187380B78002F03FF8036862
:101220003100DB6A98472900A06812F077F9099A23
:1012300009219378A068521912F083F9A06802F08E
:101240002DF832210771A068FFF768FD04AB1B7F02
:10125000BB4204D0A06802F021F812F049F909A8B5
:1012600010F0DCF995239B009D44F0BDACFDFFFF21
:101270001020002031340300710F02003F340300BE
:101280007D0A02004D3403007B3403005B3403000D
:10129000A9120200DD120200EC260020E826002040
:1012A00014200020F026002013B506226846FAF725
:1012B000DFFC094B1C68002C0AD0694601A810F01D
:1012C00002FA200001A912F080F901A810F0A6F995
:1012D000684610F0A3F913BDE4260020002373B57F
:1012E00001AE0C0031000500019303F021FF00283E
:1012F00002D1B278064B1A70064B1868002806D047
:1013000061426141044BC9B21D8012F066F973BDA0
:10131000FD210020E42600208229002030B50D00A8
:10132000FF248DB021002800FCF70AF9053C0220BB
:10133000FAF774FA002CF5D1280011F071F917238F
:101340006B4419221649180014F030FA05221723AD
:1013500011006B4403A810F052FA03A904A810F07E
:1013600027FA019400942300220004A92800FBF727
:10137000FDFF04A810F00FFA21002800FCF7E0F8A8
:1013800005340220FAF74AFAFF2CF5D196204000E6
:10139000FAF744FA03A810F0FEF90DB030BDC046CC
:1013A00022750300F0B59B4B95B005921A6808238F
:1013B00004000291D16C06A80B43D3649649FAF756
:1013C00047FC964907A8FAF743FC220000250DAF19
:1013D00038001C3206A910F08DF907AA390008A8B8
:1013E00010F088F9380010F019F9631CDD77A06857
:1013F00001F054FF03680BAE5B699847380012F0A8
:1014000046F82B2004ABC01812F041F8322004AB90
:10141000C01812F03CF8392004ABC01812F037F8AD
:101420000423A06873710B97357101F037FF0368CF
:1014300031005B6D9847A06801F030FF0368290018
:101440009B6D9847A06801F029FF070006000A3746
:101450001F222900380014F0C7F9FD77300012F080
:101460003EF80621A06812F059F8089A09219378ED
:10147000A068043212F065F8A06801F00FFFC821DF
:101480000571A068FFF74AFCA06801F007FF05811D
:10149000A06801F003FF12F02BF80298FBF7ACFEF6
:1014A0002000FAF71FF902992000FFF737FF029991
:1014B000200012F0ADF80423FF270395049363691D
:1014C000DB0735D5564909A8FAF7CAFC09A90AA8C5
:1014D00010F06EF900220AA91300019200920298FE
:1014E000FBF744FF0AA810F056F9039B002B01D12B
:1014F000043F00E00437282F03DD0023FE2F06DC25
:1015000006E0029811F08CF80123002F00DC039311
:10151000059810F09CFB002806D0012362699A43CD
:101520001300049A1343636109A810F034F90025ED
:101530006369049A13422AD0FF210298FCF700F84D
:101540000025A36902229B5E9D421BDA200029B27E
:10155000183010F0E5F80023010002981A007430EA
:10156000FAF7D0FCC8208000FAF758F9029811F079
:1015700057F8C820FAF752F902226369134201D1E1
:101580000135DEE7FA208000FAF748F9002502224B
:101590006369134233D008261E401AD0214909A896
:1015A000FAF75EFC09A90AA810F002F900220AA9BC
:1015B0000192009213000298FBF7D8FE0AA810F0DF
:1015C000EAF81948FAF72AF909A810F0E4F8174DD3
:1015D00015E0174909A8FAF743FC09A90AA810F071
:1015E000E7F8330032000AA9019600960298FBF74B
:1015F000BDFE0AA810F0CFF809A810F0CCF86420BE
:10160000FAF70CF90B4B01359D4200DC57E7F9F76F
:1016100077FD54E740260020477503005775030007
:10162000597503009E750300983A00008C0A00006B
:10163000DB7503008B0A000073B50B4E050031000B
:10164000C06811F0F7FC041E0AD16B46DA1D107059
:1016500004233100E868FDF7B3F9200014F06FF8B7
:10166000F9F74EFD73BDC04609720300F0B587B0AF
:1016700001930EAB1B88060003930D9B0D00009396
:10168000019B02920C9F002B41D0002F02D1009BA6
:10169000DB073CD5302014F056F80400103010F071
:1016A0004CF8200024300FF0C6FE6B461B89182032
:1016B0002580638014F047F8049707000500009B1D
:1016C00010220593019B002108C7380014F08CF804
:1016D000082204A9380014F069F80E4B02226B614D
:1016E00000230399E3602362E36233680A43A56041
:1016F000A2805B68210030009847002808D02000B5
:101700000FF042FF200014F01AF8034800E00348ED
:1017100007B0F0BD7936030016FCFFFF17FCFFFF92
:101720000300F0B5C5B0050002C300224A492FA846
:1017300000241227079311F04FFE012312AE0493E9
:1017400001970093079A23002FA9039402941AA8E3
:10175000FFF748F822004149300011F03DFE012317
:1017600031000493019700936A1D230003940294AF
:101770002FA8FFF737F86222032302A95218D37764
:10178000B6225218D3771AAB099322002FAB3449F3
:101790002C716C710DA80A9311F01EFE2C222D21C4
:1017A000412002AB9B181B781C3A337002ABDB8FD5
:1017B00009AF738202ABC918C01813F0F7FF0223F8
:1017C00028683375B761B48301F078FD0368310090
:1017D0001B6898477E2202AB9B181B885432EB8013
:1017E00002AB9B181B8828682B8101F067FD0368FA
:1017F0000094E988DE68079A0123B047286801F061
:101800005DFD03680094DE68298901236A1DB047E5
:10181000144F3868A0421CD0134A0C940B92C0227B
:1018200002926A460BAB42CB42C201212B0022003E
:10183000FFF71CFF0D4B38680D93C02302936B46D6
:101840000E940DAA42CA42C32B0022000221FFF7C8
:101850000DFF280045B0F0BD507603007076030000
:1018600060760300C8260020C33603001F3703003C
:10187000F0B505000024574BA9B00833036003916D
:10188000A96021000BAB1A1901345170102CFAD148
:10189000012251481A701A1B013C015D5174002C41
:1018A000F9D19A7B597B12020A43290045270C3152
:1018B000029125211B7813AE337002ABFF18C918B3
:1018C00072823800102213F071FF029B02AA73612A
:1018D0000123338333770933FB771DAB1C706D23F2
:1018E0009B181C706E2321009B1874830C22F483B8
:1018F0001EA81C70746213F077FF384B0C22B36380
:101900002100F46323A813F06FFF354B0322F36427
:10191000462302A95B18DA77220034652C730596FA
:1019200006AF3B1901345A70102CFAD101232D490E
:101930003B703B1B013C0A5D5A74002CF9D111210C
:101940002520BB7B7A7B1B020BAE13433A78738254
:1019500002ABC9183270C018102213F027FF012300
:101960000398337505ABB361B48301F0A7FC03683A
:1019700031001B68984713ABDB8BA868AB8201F082
:101980009DFC03680094A98A029ADE680123B0478F
:10199000A86801F093FC0290142013F0D4FE060016
:1019A0000C22210013F020FF3000012334610822B3
:1019B00020C039000793069413F0F8FE0A4BF36039
:1019C000029B9B69002B00D033612800029B9E6123
:1019D00029B0F0BD14690300907603003F0C0300AA
:1019E000310C03008076030077370300F0B5060062
:1019F00052364A88338885B004000D009A4209D0D7
:101A0000230026001033029350366A8833889A42A6
:101A100042D125E00B89032BF2D9CB681B684361C7
:101A2000806801F04BFC3188002622000368009694
:101A3000DF6814320423B8470127B74023693B42CB
:101A400003D163693B4200D090E023693B4203D05D
:101A500063693B4200D08FE00136152EECD1CFE711
:101A60002B89032B18D9EB68A0681B68236101F050
:101A700025FC3188002603680096DF68029A04235B
:101A8000B8470127B74023693B420CD023693B424A
:101A90000DD10136152EF4D1230054336A881B88EA
:101AA0009A423CD107E063693B426BD1EEE7636940
:101AB0003B426DD1EDE72F89002F6FD00721380011
:101AC00005F0BCFD89B2002968D10731380005F066
:101AD0002FFD0723C0B25843EE6833180293029BD0
:101AE000B3421CD03379F1781B020B431A0073798F
:101AF00037781B041343B2793F0112061A4303924D
:101B0000B178737809021943E3680736D819FCF7EE
:101B100035F9E3680399D819FCF7EEF9DFE7A36D0F
:101B20006A88DB8B9A4239D12E89ED68012E35D92E
:101B300001222B789A409446614662690A4211D18B
:101B400067461801E2682369697810183B4202D1A0
:101B5000FCF7AAF806E0FF2901D0890000E010494F
:101B6000FCF70CF9023E0235B6B2DFE7E36830015C
:101B70001818FCF7CDF868E7E36830011818FCF78F
:101B800023F969E7E36830011818FCF7C1F87DE72D
:101B9000E36830011818FCF717F97AE705B0F0BDD3
:101BA000FF030000F0B500240500884BDDB00833CA
:101BB00003608160C260848084712200844947A8E8
:101BC00011F00AFC2B00103301270A260893042386
:101BD000019604970093089A230047A9039402945E
:101BE0001DA8FEF7FFFD22007A4947A811F0F4FB7B
:101BF0002B001433099304230196049715AE009328
:101C0000099A230047A90394029432A8FEF7EAFD3B
:101C100022007149300011F0DFFB2B0018330793CD
:101C2000082301930633310004970093079A230099
:101C30000394029447A8FEF7D5FD220067493000BF
:101C400011F0CAFB542013F07EFD1A232A000193E1
:101C5000063B31002632049700930394230002943C
:101C60000690FEF7BFFD069B0822AB655C4B0AA9F8
:101C70000A93069B0B941800DD62303013F096FD3A
:101C8000069A584B28009363130029331F701522BE
:101C900021002C616C613A3013F0A6FD0E22210068
:101CA000079813F0A1FD6622032304A95218D377E5
:101CB000BA225218D377872252005218D377069A45
:101CC00049490232D3771DAB0C9332AB0D9347AB2E
:101CD0000E93069B220010A80F9311F07DFB30227B
:101CE0003121452004AB9B181B781232337004ABB2
:101CF0009B181B88323A738204ABC918C01813F0C2
:101D000055FD04230CAFA8683375B761B48301F0A7
:101D1000D5FA036831001B68984782222F002E00F5
:101D200004AB9B181B8850373B80543204AB9B1884
:101D30001B88523633802B0054330693543204AB45
:101D40009B181B88069AA868138001F0B7FA0368ED
:101D500039880094DF68089A0423B847A86801F01E
:101D6000ADFA036831880094DE68099A0423B0470D
:101D7000A86801F0A3FA069B079A198803680094E3
:101D8000DE680E23B047A86801F098FA0700142017
:101D900013F0D9FC06000C22210013F025FD3000C1
:101DA000124B3461082220C010A91093119413F033
:101DB000FDFC0F4BF360BB69A34200D03361BE61F1
:101DC0002800F9F78FFC28005DB0F0BD2069030002
:101DD000E0760300A0760300C0760300B07603002F
:101DE000C1380300F5370300D0760300ED19020077
:101DF0001F3803000300F0B50400C7B00160426063
:101E00002C330022664931A8089311F0E5FA23002B
:101E1000083307930A23002501270193053B049704
:101E20000093079A2B0031A9039502950898FEF7B5
:101E3000D9FC2A005B4931A811F0CEFA0823220010
:101E400001930C3314AE10320497009331A92B0088
:101E5000039502951CA8FEF7C5FC2A0052493000E4
:101E600011F0BAFA23000E3309930A230193083BB9
:101E7000310004970093099A2B000395029531A82D
:101E8000FEF7B0FC05222900079813F0ADFC78237B
:101E90002000E381454B08220AA92574A4655C3023
:101EA0000A930B9513F082FC414B032263662300D7
:101EB00055331F70083B1A70622304AA9B18032233
:101EC000DA77B62304AA9B180322DA77089B2A0044
:101ED0000C931CAB0D93374931AB0FA80E9311F047
:101EE0007BFA2C222D21412004AB9B181B781C3A35
:101EF000337004ABDB8F0CAF738204ABC918C0180E
:101F000013F054FC032320683375B761B58301F0E7
:101F1000D5F9036831001B68984723007E224A33B5
:101F20001B882068A38404AB9B181B885432E3846D
:101F300004AB9B181B88238501F0C0F9036800954A
:101F4000218DDE68099A0223B047206801F0B6F9B6
:101F500003680095A18C079ADE680523B0472068C6
:101F600001F0ACF90700142013F0EDFB06000C2281
:101F7000290013F039FC30000F4B3561082210C0E6
:101F80000FA90F93109513F011FC0C4BF360BB6974
:101F9000AB4200D033612000BE6147B0F0BDC04607
:101FA00010770300F076030000770300E7390300A1
:101FB000EF38030020770300433903001939030089
:101FC000F0B587B001930EAB1B88060003930D9B01
:101FD0000D000093019B02920C9F002B41D0002F1B
:101FE00002D1009BDB073CD5302013F0ACFB040092
:101FF00010300FF0A2FB200024300FF01CFA6B46CB
:102000001B8918202580638013F09DFB049707002F
:102010000500009B10220593019B002108C7380092
:1020200013F0E2FB082204A9380013F0BFFB0E4BAB
:1020300002226B6100230399E3602362E362336849
:102040000A43A560A2805B68210030009847002801
:1020500008D020000FF098FA200013F070FB03481E
:1020600000E0034807B0F0BD753A030016FCFFFF1F
:1020700017FCFFFFF0B50700F7B061AE01604260EA
:1020800092490022300011F0A7F93B000833069373
:102090000123002412250493053301953100009398
:1020A000069A23000394029422A8FEF79BFB2200C9
:1020B0008749300011F090F93B000E33079301235C
:1020C0000493DB18019531000093079A23000394D1
:1020D000029437A8FEF786FB22007E49300011F0FB
:1020E0007BF93B00103308930123049309330193D8
:1020F000083B1AAD31000093089A23000394029420
:102100004CA8FEF76FFB22007349280011F064F918
:102110003B00123309930123049317330193173BB8
:102120002900099A00933000230003940294FEF7DB
:1021300059FB78683C8103687C819B69BC81FC8188
:1021400098477A22032304A95218D377CE22521833
:10215000D377912252005218D377BB2252005218E3
:10216000D37722AB119337AB3882129322004CAB5A
:102170005A49BC7415A81393149611F02DF94422F2
:102180004521592004AB9B181B7812322B7004ABED
:102190009B181B88463A6B8204ABC918C01813F011
:1021A00005FB042338682B7511ABAB61AC8301F0E0
:1021B00085F8036829001B689847962204AB9B1892
:1021C0001B885432BB8204AB9B181B885432FB82A1
:1021D00004AB9B181B8838683B83F38B7B8301F02F
:1021E0006DF80368B98A5D69069A0623A8473868BE
:1021F00001F064F80368F98A5D69079A0223A84729
:10220000386801F05BF80368398B0094DD68089A40
:102210000223A847386801F051F80368798B0094CD
:10222000099ADD680123A847386801F047F80600DD
:10223000142013F088FA05000C22210013F0D4FAC0
:102240002800274B2C61082280C015A915931694ED
:1022500013F0ACFA234BEB60B369A34200D02B61BF
:10226000B561214E33689C46002B2BD0C022002440
:1022700002926A461D4D0C940B950BAB03CB03C227
:1022800006213B0001226046FFF79AFE10220292CF
:102290006A460E940D950DAB03CB03C206213B009D
:1022A00002223068FFF78CFE1022306802926A46E4
:1022B0000FAB0F95109412CB12C23B0004220621E3
:1022C000FFF77EFE380077B0F0BDC04650770300C0
:1022D00070770300407703006077030030770300D6
:1022E000B53A03004B3A0300C8260020D93B03004F
:1022F000F0B50700C5B02FAE016042606C49002206
:10230000300011F069F83B000833069301230024E4
:10231000049311330193113B12AD31000093069ADF
:102320002300039402941AA8FEF75CFA2200614984
:10233000280011F051F83B000A330793012304935E
:1023400009330193083B2900079A009330002300CA
:1023500003940294FEF746FA3C72786810F0D1FEBE
:102360006222032302A95218D377B6225218D377D8
:1023700078811AAB220050490DA809930A9611F0F2
:102380002BF82C222D21412002AB9B181B781C3AE4
:102390002B7002ABDB8F6B8202ABC918C01813F035
:1023A00005FA022338682B7509ABAB61AC8300F0EA
:1023B00085FF036829001B6898477E2202AB9B18A3
:1023C0001B883868BB81F38BFB8100F077FF0368C3
:1023D000B9890094DD68069A0123A847386800F09F
:1023E0006DFF0368F9890094079ADD680223A84706
:1023F000386800F063FF0600142013F0A4F905000C
:102400000C22210013F0F0F928002C4B2C6108223B
:1024100080C00BA90B930C9413F0C8F9284BEB6008
:10242000B369A34200D02B61264BB5611E68002E14
:102430003AD0302013F087F9040010300FF07DF906
:10244000200024300EF0F7FF0823238001231820FA
:10245000638013F078F91C4B05000D93002380C5B1
:1024600019000690102228000E9313F0BDF90822DF
:102470000DA9280013F09AF9144B069A2100536114
:102480000023E360C233A3800023A2602362E362DF
:10249000336830005B689847002805D020000FF0B3
:1024A00073F8200013F04BF9380045B0F0BDC0467A
:1024B0008077030090770300A0770300713C03004E
:1024C000073C0300C8260020B13C0300313C030058
:1024D0001FB5084B1B68DB8B834209D1064B0749AC
:1024E0001A78074B68461A70012303220FF030F95F
:1024F00005B000BDF4260020E9290020FF030000FC
:10250000E8290020F0B505001C00AFB029610134B6
:10251000143017000691F9F7D5FBE3B218000793C2
:10252000F9F770FA00240137FFB268603800F9F754
:1025300069FA494B11AE1C70484B28601C706B4601
:102540001B7FAF72EB722200454930002C726C7217
:1025500010F042FF012304930B33310001930097E5
:102560000B3B2A680394029419A8FEF73BF922005A
:102570003C49300010F030FF542013F0E4F8012300
:10258000070004931F330193079B310000936A688F
:10259000012303940294FEF725F9334B22001F60B8
:1025A000324919AB0CA80897099310F015FF28229F
:1025B00029213D2002AB9B181B78183A337002ABDF
:1025C0005B8F738202ABC918C01813F0EFF80223B7
:1025D0000698337508ABB361B48300F06FFE0368EF
:1025E00031001B6898477A2202AB9B181B8806981B
:1025F000EB6000F063FE0700142013F0A4F806005F
:102600000C22210013F0F0F83000194B346108223D
:1026100020C00AA90A930B9413F0C8F8154BF36075
:10262000BB69A34200D03361BE61069800F046FE4C
:10263000040000210C220CA813F0D6F80E4B0CAAB3
:102640000C9323006C3343CA43C30C4B2800A3678D
:102650000023E3672FB0F0BDE9290020E82900201E
:102660001778030007780300F4260020F7770300AB
:10267000233D0300F93C0300D1240200EB3C03009E
:1026800070B51500012A0BD014300FF024F8002487
:10269000022D06D196200121C0000EF0A2FE00E01E
:1026A000014C200070BDC04617FCFFFFF0B58BB099
:1026B00002AFB8600C0015007B60012B03D14749C5
:1026C0000EF0C8FF85E04B7A3B611E0001235B42A0
:1026D0007B61237A9E421FD07B69013342D12368FC
:1026E0009B5D3B600023FB602B6802229B5EFA68C7
:1026F0009A420BDA0C23F95E28000FF011F83B68C0
:10270000834200D17E61FB680133ECE7701CA17A43
:1027100005F07EF80E00DCE77B68022B22D17B6996
:1027200001331FD11C232900F8180EF0CCFF1C2305
:102730007A68F9182000FFF7A3FF1C23F8180EF0A1
:102740006DFF237A013B7B611C23F818F9F7BAFA75
:102750001C232000F91814300EF0BDFF1C23F818BC
:102760000EF05CFF7B69002B30DB6B463A69FB6047
:102770007B699D1A934203DAA57A7B69AD1AED183D
:102780002B0069460833DB08DB00CB1A9D4602AEFE
:102790006A1C0021300013F027F8BB8AA27A01934B
:1027A0003B69200000932168330011F00DFB607A33
:1027B000A17A0130401905F02BF82AB26172B8688D
:1027C0003100F9F755FAFB689D4602E0B868F9F761
:1027D00079FABD46B86809B0F0BDC04617FCFFFFE6
:1027E00070B505001400012A0ED0007A4018A97AAD
:1027F00005F00EF8A9610025022C06D196202100D3
:10280000C0000EF0EEFD00E0014D280070BDC04696
:1028100017FCFFFF70B50A000400012916D0437AA7
:10282000002904D1027A9A4206D10C4814E0022908
:1028300002D1017A8B420BD0607A2368A17A1D5CA9
:10284000013004F0E5FF2800617205E0044803E070
:102850000121FFF7C5FFEFE770BDC0460CFCFFFF8D
:1028600017FCFFFFF8B506000F0015001C00012B38
:1028700028D0002B0AD1AC4226DA00213000FFF725
:10288000C9FF002820DB38550134F4E70020022B73
:102890001BD1300011F0ACFA854204DD291A220068
:1028A0003000FFF79DFF3C00E31B9D4203DCE84343
:1028B000C017284009E002213000FFF7ABFF20706D
:1028C0000134F1E7014800E02000F8BD17FCFFFFEC
:1028D000054B01001A78054B1B78981A9A4202D9C9
:1028E000C87AC318981A7047E8290020E9290020FF
:1028F000F0B58DB002AF04003960BA617B61002A87
:1029000000DC99E07B69012B00D195E027230025AD
:10291000FB1800691D7000F0D1FC272203684A49AA
:102920009B69BA1809689847206910F0C5FE022310
:102930001840A84206D12533FB181B78AB427DD046
:10294000F86100E0FD61206910F0B6FE0223184234
:1029500076D02533FB181B78FB60002B70D06B46BC
:10296000BB603A4BFD691E78394B1B787B600023B6
:102970003B61BB699D4212DA701CE17A04F048FFAA
:102980007B68994209D03B6862685B5D9355FB693F
:10299000CEB20133FB61FB683B610135E9E73B697E
:1029A000002B01D0294B1E702000FFF791FF6A46D3
:1029B000C31DDB08DB00D31A9D4602AB02000021D9
:1029C000050018003B6112F00FFF204BE27A1B78E4
:1029D000200001937B6800933B69616811F0F4F972
:1029E0007B69022B03D103211A48F8F7F9FD20690E
:1029F00000F064FC0026ABB2134D2A68D18B02684C
:102A00000096D6683A69B0477B69022B11D1F8F776
:102A10009BFE206900F052FC27220368BA189B69CC
:102A200029689847BB68BA699D46FB6993428ADB6F
:102A300006E0BB689D4603E0074802E0074800E067
:102A4000F869BD460BB0F0BDF4260020E92900204E
:102A5000E8290020FF03000017FCFFFF16FCFFFF22
:102A600082B0F0B585B0040003A80B930A92FCF77E
:102A700075F90AAB5D88022D3BD0FF2D6ED0012D7C
:102A800070D10D236B44180010F0CEFA0D236B4467
:102A90003749180010F0CEFA0E2607006E440028C1
:102AA00007D10D202B003200314968443570FBF707
:102AB00087FF380012F043FE256DAB0503D12900D6
:102AC00003A8FCF75DF922001023290003A80C32AB
:102AD000FCF790F902222749300012F067FE2068C7
:102AE00000F0ECFB0368218932005C690223A047F7
:102AF00038E02200256D102329000C3203A8FCF7D2
:102B000079F980235B01EC1880256D056B691A4A01
:102B10009B189B029C4213D2184B22689A420DD1FB
:102B2000174B62689A4209D10E2200236A4413703F
:102B30002100009303A80133FCF79EF90834E5E770
:102B40000E236B44180010F06FFA0E236B440849F3
:102B50001800FCF70BF8F8F7D3FA03E0094B1868F4
:102B6000FEF76AFD05B0F0BC08BC02B01847C046CD
:102B700014720300B0770300EDFF3F00EF40110433
:102B8000BBA22FB8E4260020F0B500250400030006
:102B9000216042602A00A9B04C338572C5721D7055
:102BA00002AB00910565DD700BAF7B1901355A70E2
:102BB000102DFAD1012367493B707B1B013D4A5D13
:102BC0005A74002DF9D12521BB7B7A7B1B0213AEF1
:102BD0001343738202ABC91845233A7802A81B1825
:102BE00032701800102212F0E1FD012202AB033313
:102BF0006421736114237283327702AA521813700E
:102C000033831DAB1D706D2302AA9B181D706E23AC
:102C100029009B18F5830C221EA81D70756212F006
:102C2000E3FD4D4B0C22B3632900F56323A812F09A
:102C3000DBFD4A4B02A9F364462303225B182900FB
:102C4000DA773565039606AB5A1901355170102DA8
:102C5000FAD1012242481A705A1B013D415D51745C
:102C6000002DF9D19A7B597B12020A4325201121AC
:102C70001B787A823B7002AB1022C918C01812F080
:102C800095FD012300983B7503ABBB61BD8300F04C
:102C900015FB036839001B689847F38B2068238174
:102CA00000F00CFB0700142012F04DFD06000C2272
:102CB000290012F099FD30002A4B3561082210C01E
:102CC00004A90493059512F071FD274BF360BB69CD
:102CD000002B00D03361BE6163683020019312F095
:102CE00032FD050010300EF028FD280024300EF0D3
:102CF000A2FB0026C8236E802B80182012F023FD33
:102D000007001A4B10C700901022310038000693BC
:102D1000079612F069FD082206A9380012F046FD58
:102D2000134B009AEE6053611223AB80019BAA60A3
:102D30001B682E62EE625B68290001989847B042DA
:102D400005D028000EF020FC280012F0F8FC20002E
:102D500029B0F0BDB47703003F0C0300310C030031
:102D6000C47703003D2E0200173E0300612A0200D3
:102D7000413E03007FB5CB78827A04000D00934278
:102D800026D006D2D31A07210022DD0F99425541E1
:102D900004E09B1A0125F82B00DC0025EDB2002D84
:102DA00049D1022224496846891812F0FFFC2068A4
:102DB00000F084FA036821895E696A460223B047FD
:102DC000E37A0433DBB2E372A3724C34257032E051
:102DD00006000133837223004C3630780C33000137
:102DE00018180431102212F0E1FC3378012B16D0B0
:102DF000002B0DD0032B1CD10123C8211A006846DB
:102E00000EF0A6FC00233370E37A0433E37212E081
:102E10006B78AA781B021343236501230AE06B78C1
:102E20001A06AB781B041343226D13432365022358
:102E300000E0013333707FBDB0770300F0B54A88FE
:102E4000038997B007009A4200D08DE00B89002BD0
:102E500000D189E0CD682C78022C00D17EE008D822
:102E6000002C0BD0012C00D07EE02900FFF782FF60
:102E70007AE0EE2C52D0FF2C68D075E006A800F066
:102E800089F96B4614219C719E1D6B7806AA73709C
:102E90006B7804A84B43D3189B681B0EB3706B78F8
:102EA0004B43D3189B681B0CF3706B784B43D318C0
:102EB0009B681B0A33716B784B43D3189B68737103
:102EC0006B784B43D318DB681B0EB3716B784B43A5
:102ED000D318DB681B0CF3716B784B43D318DB689A
:102EE0001B0A33726B784B43D318DB6873726B78B1
:102EF000594351181031082212F058FC386800F07C
:102F0000DDF9036839895D6932001223A8473B0067
:102F10004C33BC72FC721C703C6525E006AD03228C
:102F20000021280012F060FC01236B700F4B2C7005
:102F3000186810F09EFBA870386800F0BFF90368AD
:102F400039895C692A000323A0470DE06B78002BC8
:102F500004D0012B08D1F8F7D3F805E001232200B3
:102F6000C82106A80EF0F4FB17B0F0BDE42600203F
:102F7000002815D0006041608260C3600461456133
:102F80008661C761444604624C464462544684628A
:102F90005C46C462644604636E464663744684635A
:102FA000002A06D0C46B043C043A25681560B4427C
:102FB000F9D18C6BA6464E6BB546002B06D0CC6B78
:102FC000043C043B1D682560B442F9D10C6BA44657
:102FD000CC6AA3468C6AA2464C6AA1460C6AA046FB
:102FE000CF698E694D690C69CB688A680868496841
:102FF0007047006041608260C36004614561866122
:10300000C761444604624C464462544684625C464E
:10301000C462644604636E46466374468463C46B4C
:10302000043C043925680D60B442F9D1C76986694A
:10303000456904697047006041608260C360046153
:1030400045618661C761444604624C464462544609
:1030500084625C46C462644604636C46446374469E
:10306000846304697047846BA646446BA546046B71
:10307000A446C46AA346846AA246446AA146046A76
:10308000A046C769866945690469C36882680068A3
:10309000416870470CC8074810B51B18DB00D318EF
:1030A0001800934205D31C688C4202D31800083BD9
:1030B000F7E710BDFFFFFF1F70B50D1C06000021D4
:1030C000281C04F0FBFB041E06D13000291C03F071
:1030D0005DFD7560200000E0004870BD17FCFFFF3B
:1030E000014B18687047C0461820002070B50400D6
:1030F0000D0003F05FFD61682000FFF7DDFF024B6C
:1031000000201D6070BDC04618200020F8B51B4C83
:103110000500A3059B0D03D08022D200A418E41A59
:1031200080235B05164A5B6916499B181648174AA7
:10313000174E9B029C421FD22768974218D167689E
:103140008F4215D1A768874212D1E768B7420FD1E5
:103150002800210008221031243012F027FB28001B
:10316000210038301831082212F020FB2C6303E0D4
:103170008027FF00E419DDE7F8BDC046807A030030
:10318000EDFF3F00C615A841C49866C9708E3B92FA
:1031900075EE5197F8B50023070004000370061D73
:1031A00040370025300035707560B5600C3008225E
:1031B0002900143612F018FBBE42F2D12278032AFD
:1031C00009D01423C02153434902E31801329D6002
:1031D000D96022701D712178124B03290AD0142264
:1031E000C0204A434002A21801319060D360217090
:1031F000012111718022D20099189B0522789B0D24
:10320000C91A032A09D014235343E31899600649C5
:103210000132D960227002221A712000FFF776FF76
:103220002000F8BD807A0300FFBB0300002370B5C7
:1032300004000160436099420AD1064D2B68002BBF
:1032400002D111F0DDF8286023689B00EB58636021
:10325000200070BD0427002070B500280DD10C4C53
:103260002668002E07D1083012F06DFA05003100F3
:10327000FFF7DCFF2560206808E0012205490648C9
:103280000B68134002D1026043600A6070BDC04603
:10329000F826002008270020FC260020436810B5EF
:1032A0000400002B02D1044812F076F8606803682D
:1032B0001B69984710BDC046D4770300436810B51A
:1032C0000400002B02D1044812F066F8606803681D
:1032D0009B69984710BDC046D4770300436810B57A
:1032E0000400002B02D1044812F056F8606803680D
:1032F0005B6A984710BDC046D4770300004870470A
:10330000FFFF0000F0B597B00593036807AD1B6899
:103310000491039311002B00060091C991C300246E
:10332000D36821000C220CA8EB602C6112F05CFA2F
:1033300021000B4B10940F9311AB1C701A19013420
:103340005170102CFAD100225A820193059B2A0059
:10335000009304990CAB3000039CA04717B0F0BD5C
:10336000E9400300FC3070B5046C0500002C0DD161
:10337000242012F0E8F9064B44608361054B846019
:10338000C46004614461C46103602864286C70BD3A
:103390000C6A0300F46A0300FC3070B5C56B0600CC
:1033A000002D16D1342012F0CEF904003422290069
:1033B00012F01AFA084BA5606360084B656123613F
:1033C000074B2562E361074BE562A362064BF4639A
:1033D0002360F06B70BDC0463C6A03002C6A03009A
:1033E0009C6A0300AC6A0300BC6A03007FB50379E2
:1033F0001648002B27D0164D164C2B782000002B9A
:1034000021D10A266E44300010F052FE002814D15B
:103410007388592B11D13378B288D91F012902D86A
:1034200000920D4A01E000920C4A202120000BF08E
:10343000B1FF01232B70200005E020220849200065
:1034400012F019FAF7E704B070BDC0462778030000
:10345000EA290020EB290020417803005E78030070
:103460008378030010B50400024B08C010F0ABFED7
:10347000200010BDAC6A030010B50400024B08C068
:1034800010F0A1FE200010BD4C6A030010B504002E
:10349000024B08C010F097FE200010BD3C6A0300EC
:1034A00010B50400024B08C010F08DFE200010BDC6
:1034B0002C6A030010B50400024B08C010F083FE14
:1034C000200010BD1C6A030010B50400024B08C0A8
:1034D00010F079FE200010BD5C6A030010B50400F6
:1034E000024B08C010F06FFE200010BD0C6A0300F4
:1034F00010B50400024B08C010F065FE200010BD9E
:103500006069030010B50400024B08C010F05BFEB8
:10351000200010BD5069030010B50400024B08C024
:1035200010F051FE200010BD4069030010B50400EA
:10353000024B08C010F047FE200010BD7069030068
:1035400010B50400024B08C010F03DFE200010BD75
:103550009C6A0300FC3070B5046C0500002C0DD192
:10356000242012F0F0F8064B44608361054B846020
:10357000C46004614461C46103602864286C70BD48
:103580000C6A0300F46A0300104B10B508330360A3
:103590000F4B0400C36080230E4A5B00C250C0186A
:1035A000F9F700FD20000C4BB830E360FFF7BEFFD9
:1035B0002000AC30FFF79CFF2000A030FFF7A2FFF7
:1035C00020006C30FFF7A8FF200010BD206B030027
:1035D000686B0300D46C030080690300F0B505003C
:1035E000040087B0AC356B68AB60AE68002E08D0C5
:1035F000F368210030009847AB68002BF3D01B69BB
:10360000F2E72000B03010F0DEFD2200FC2358323B
:10361000117820000B40137023005C331E700A30B9
:1036200010F0E5FE2000343010F0E1FE20006430A0
:1036300010F0C9FD2000983010F0C5FD200001AD4C
:10364000A43010F0C0FD31000C22280012F0CCF89C
:1036500023002A006C3383CA83C3094BE667A36740
:103660000C223100280012F0BFF82300803307CD70
:1036700007C33000034A90341A60266007B0F0BDDB
:10368000DB400300CD400300454AF0B50600C260B0
:10369000A022444B16360833036001000023428207
:1036A0000400320085B00371836003748382353176
:1036B0001370013200259142FAD180278022200028
:1036C000D201BF001100F57737842B000095383008
:1036D00000F0FCFE23002100403303931A002B006E
:1036E0005F311370013200258A42FAD1039B220018
:1036F000DD77230060331F80FC23643211782000C3
:103700000B401370230068331D70274B2900E366BC
:1037100025670C22783012F067F8230027008833E1
:103720001D60224B0837FB67843729000C223800C4
:1037300012F05AF81E4B1F4AFB602300A0333D6174
:103740001A601D4A5D60DA601C4A1D619A61DD6184
:10375000300010F04CFE039810F049FE184B601C2E
:10376000E3602300C4331D705D709D70FF3002F074
:1037700077FD8C235B00E55023001933FF335D6137
:103780008023104A5B00E250230001222000FE3318
:1037900052425A86023B9D63DD631D6405B0F0BD55
:1037A00080690300206B030040690300DB400300D5
:1037B000CD40030050690300606903007069030095
:1037C000686B0300D46C030070B5074C2368002BB2
:1037D00007D1A020400011F0B6FF0500FFF754FF0D
:1037E0002560206870BDC0460C27002070B50C22F3
:1037F0000D000021040011F0F7FF00232361024BAC
:1038000025602000E36070BDEB3C030070B500252F
:103810000400264B05710360254B45718360254BE1
:10382000C5604361244B85610362244B4562C362DA
:10383000234B05638363C56329004430FFF7D6FF3C
:10384000200029005830FFF7D1FF200029006C30FC
:10385000FFF7CCFF1B4B220023602300F83280339C
:1038600020C39342FCD126001D00E936FF36280014
:1038700008220021083511F0B7FFAE42F7D18E22A1
:10388000330000209200A11801C300229942FBD10D
:103890008E239B00E2540C490C4B6118E3181A80EC
:1038A00002339942FBD1200070BDC0466C6A030010
:1038B0001C6A03002C6A03003C6A03004C6A030084
:1038C0005C6A0300F46B0300620200003A0200002D
:1038D00010B5040001F0FAFF034B1B68002B01D068
:1038E0002000984710BDC04610270020F0B58DB0CD
:1038F000050001F05DFA0020FFF766FF036807008E
:103900001B6998473B6804009B69380098473B68EF
:1039100006005B6A380098470300288810380B2897
:1039200000D998E003F0FAFD063D9797975A9797CC
:1039300097619773AF882000390010F07CFF220058
:103940006B7B583201931378A8791900022319432D
:1039500006AB11701F80012306AA9370D07013006C
:103960006A461279E91D9A722B000622163307A8BF
:103970000B9311F01BFF29000B2006AB06220E3122
:10398000C01811F013FF94346368A360A068002886
:1039900061D0C36806A99847A368002BF4D01B69BF
:1039A000F3E720002F49AF8810F045FF22000220E6
:1039B00058321378A9798343137006AB1F8099702E
:1039C000A0346368A360A068002844D0C36806A937
:1039D0009847A368002BF4D01B69F3E75B69A91D26
:1039E000002B38D0A888984735E0636EAF79002B5C
:1039F00031D0A366A06E00282DD0C3683900984747
:103A0000A36E002B01D1636EF3E71B69F1E701227E
:103A10000D27AB7BE91D1A4001925A07920FDB0874
:103A2000029206A80622EF57049311F0BFFE6A46E1
:103A3000127906ABDA716A46127A9F711A726A4677
:103A4000127C20005A722B008C340F330993803083
:103A5000236806A998472900300011F015F80DB029
:103A6000F0BDC046FFFF00000723D72802D9024B54
:103A7000186000231800704714270020014B1860BD
:103A80007047C046102700201FB5A3238022DB000B
:103A9000D205D3580820DB0700D405301F4B48223D
:103AA0001F4902F0A3F900280AD080B2002807D1EC
:103AB000BFF34F8F1B4A1C4BDA60BFF34F8FFEE7FB
:103AC00002AC08220021200011F08EFE0123237099
:103AD000164B20001B68636010F00AFD002801D01F
:103AE000072019E06B46581C10F000FD0028F7D1A4
:103AF0006B46591C10F0F8FC0028F1D10C4802F07C
:103B0000A5F980B2002807D10A4802F0A9F980B2CD
:103B1000002801D100F058FC04B010BDF7440300A8
:103B2000182700200400FA0500ED00E0142700200B
:103B3000ED380200D138020080B2002807D1BFF36F
:103B40004F8F034A034BDA60BFF34F8FFEE7704796
:103B50000400FA0500ED00E070B500200C00FFF74E
:103B600033FE03685B6A98472378142B17D002D87A
:103B7000132B05D03FE0152B18D0222B35D03AE07F
:103B800064680122A37819005D0811402A40456845
:103B9000DB065B0F002D2ED02088A8472BE0836822
:103BA000002B28D06268917810881CE06468A278A5
:103BB00013091207120F012A02D0022A08D00DE0C1
:103BC000013BDBB20021022B09D80C4AD15C06E094
:103BD0000421012B03D00131022B00D00021C36846
:103BE000002B08D02088984705E00369002B02D0FD
:103BF000626810889847002070BDC0468B7803002B
:103C0000014B18787047C0460C2A0020F0B51E0002
:103C10002F4B87B0009201931A78002305000C0007
:103C20009A4252D101F084FE002801D00B234CE0CF
:103C3000002E0ED003A92220039610F064FC002869
:103C400007D00623082840D01138434243410433AB
:103C50003BE002ABD81C0023037000F06DFE011E98
:103C6000E4D101261B4F35403A783440B2432A4311
:103C70006300022514000720009AAC4302401C4355
:103C80001C23AA409C4314433C7003AC0C2220002C
:103C900011F0AAFD0920104B3900039302AB052255
:103CA000C018257111F082FD21000C4800F0B0FE13
:103CB000002807D00723042807D0013B082804D098
:103CC000053302E0019B1E700300180007B0F0BD31
:103CD0000C2A0020FE210020593B02000B2A002064
:103CE00010B5074800F05EFF0023984206D0073366
:103CF000042803D0013B082800D00533180010BD6C
:103D00000B2A0020002373B501930F4B01AD1B78E4
:103D10000E0029002B7001F00BFA041E04D00423BE
:103D200005280FD007330DE03100280000F0AAFE6F
:103D30002300002806D00723042803D0013B0828CD
:103D400000D00533180076BD0B2A002073B56B46F2
:103D5000104C0E00050005222100D81C11F026FD94
:103D6000012E06D0022E12D1012223781343B34331
:103D700003E002222378B343934323706B46280069
:103D8000D91C10F0BEFB031E02D00B2300E002235F
:103D9000180076BDFE210020094B10B51A780100ED
:103DA0000923002A09D0074800F0A4FE0023984206
:103DB00003D003330E2800D00333180010BDC046D3
:103DC0000C2A00200B2A0020024B0B6009231360F1
:103DD0007047C0468E78030010B504000020FFF73E
:103DE000F3FC03681B6998470300F3331C708623B8
:103DF0005B00C05003000021044AFC335A61044AAE
:103E000099615A62F43011F012FA10BDF7460300BE
:103E100009470300012110B5044A080001F070FFB2
:103E2000031E00D00B23180010BDC046D93D020070
:103E3000F0B593B0019000200C00FFF7C5FC0368BB
:103E40005B6A9847FFF7DCFE06AB00280DD0002226
:103E50001A7105AA0692082218001A730AAA9A6013
:103E6000FFF79AFF002802D052E018711873002360
:103E70001F0023732371019BBA331B78BB4246D9C1
:103E800007237B43019AD218BB321278022A31D120
:103E9000002506AE337BAB4236D907207843AB0012
:103EA0000293019BAA001818089BBB30995810F088
:103EB0002CFB00281BD0B368AA009A58237BA1686A
:103EC0009B005A50237B01332373337B5A1E954248
:103ED00008D01049B2685B189B009B580393039964
:103EE000029BD15006AA137B013B13730CE00135F2
:103EF000EDB2CEE701992279CB182168BB3392004D
:103F000053502379013323717B1CDFB2B3E70020C8
:103F100013B0F0BDFFFFFF3FF0B59DB01E006B4634
:103F20005F1C3A7005000622981C11F03FFC02ACA1
:103F3000002E07D03388238073886380B388A380E2
:103F4000F38806E032232380DB186380F533A680F4
:103F5000FF33E3800CAB04A9049314AB8B602E00F9
:103F60000023B9360B710B733378002B1CD1012061
:103F70003378022608A903405A000B78B343134351
:103F8000229A04AE4E60002A14D0229A834392797A
:103F9000024013430B70229B1B880B81229B5B8882
:103FA0004B81229B9B8811E02800FFF741FF0028EE
:103FB000DDD029E02A0032321278834302401343D5
:103FC0000B70AB8D0B81EB8D4B812B8E220038005B
:103FD0008B8110F0C8FA03000020834214D0063011
:103FE000082B11D005D80130042B0DD0834208D105
:103FF00009E00520112B07D0044A934203D0102B6F
:1040000001D00B2000E004201DB0F0BD0232000002
:1040100070B50C780222012C18D04B88032C06D1E5
:10402000A03B0B4D9BB22200AB420FD805E0203BDA
:10403000084C9BB20322A34208D8074B8A889A42B5
:1040400001D9032202E010F0FCFB0200100070BD59
:10405000603F0000E03F0000FF3F000013B5046830
:104060000093A46813000A000149A04716BDC0468A
:10407000FFFF000037B506AC257804680195009372
:10408000246913000A000149A0473EBDFFFF00005C
:10409000F0B589B0019307000FAB0D0016000021A9
:1040A000082202A81C7811F09FFB0EAB1B8802AA05
:1040B0001380019B0393002C06D03100280010F0E0
:1040C000F8FB002841D154E03B007A79F833A24252
:1040D0003DD90833190008390988B14208D1302286
:1040E0002034A400E3590133DB7F134202D12EE0D8
:1040F0000134ECE702220020DB06DB0F04ACD31A0C
:10410000A370019B2680E3600EABA3601A4BA080D6
:104110009D4207D1FFF758FB03681B69984710F0D1
:104120008DFB05002100280010F0C7FB80B200289D
:104130001FD011281CD013D8082817D002AA31008C
:10414000280010F0B6FB002812D0032011E002AACC
:104150003100280010F0ADFB0028F6D1063008E051
:10416000064B984204D0064B9842E7D1062000E067
:10417000052009B0F0BDC046FFFF0000033000007D
:1041800001340000F0B5050097B008002E240B9113
:1041900000F046F904ABE4181090220010A90120A9
:1041A00010F085FB002801D00320D4E023880B9A6F
:1041B0000A9093830B9B0A9A1B7D934250D96B798B
:1041C0001D2B01D90720C6E00B9B9B690C930A9B12
:1041D0000C9A9B009C586369002B46D1638B002B83
:1041E00043D1631CDB7F022B3FD134E06979A31CF0
:1041F0001F31C9006918621CDB7FD27F0891210042
:104200002A31097800200791210029310978069187
:104210000D9905910C990491217F0391218B0291B5
:10422000618B01916169009110A910F06EFD002869
:10423000BAD16B7907001A00203292001F33545113
:10424000DB005B5BE3836B7901336B712300283305
:104250001B78BB4237D80A980130C3B20A93A9E74A
:104260002B79002001332B7175E0200000F0D8F885
:10427000002610900D960C96230028331B78B3422D
:10428000B4D9626AB3009F58342204AB9B18002251
:104290001A700023002111AAD21801335170102B7B
:1042A000F8D1462204AB9B182C4A11A938001A8079
:1042B00010F086FB002803D07B690C937B8B0D9359
:1042C000731CDEB2D8E78E239B00EB5C132B00D966
:1042D00078E7626ABB009E580023180011A90B7092
:1042E000CA1801335070102BFAD11C4B30004B828E
:1042F00010F066FB0C9000282AD1300000F090F8F6
:104300008E229200AA5C738B1D32FF325200AA18D3
:1043100002320292327F10900192328B10A90092E9
:1043200072690C9810F0D1FD002800D03CE78E2374
:104330008E219B00EA5C8900531CDBB26B541D3359
:104340007A32FF3392005B005651EB185B88F3839F
:10435000781CC7B27AE717B0F0BDC046012900004B
:1043600070B5050010F071F8041E1CD128007822E9
:104370002100803011F038FA2800E9305022210065
:10438000FF3011F031FA280008222100F83011F036
:104390002BFA064B2822E818210011F025FA8E236B
:1043A0009B00EC5400E00624200070BD3A0200009F
:1043B0000B68002B01D1036002E0024B0360002375
:1043C00043607047F54403001FB502AC082200218A
:1043D000200011F009FA282323806933FF3363801A
:1043E000E3806B46D81D112305220C49037010F0A1
:1043F0006DFC80B200280FD18020800010F062FC9C
:1044000080B2002808D1200010F05EFC80B20028A5
:1044100002D110F055FC80B204B010BD97780300B3
:10442000F0B5438A87B00293037804000126002B7D
:104430003ED0244B24491A680393112301929C46D1
:1044400000228519019B934214D0674600235743ED
:10445000CF19981E012803D9FE5CE85C864207D17B
:104460000133102BF5D111235A4389180E7C1FE01C
:104470000132E7E7280010F031FC2378070006003E
:10448000002B01D112342500019B042B10D01124E4
:104490005C430D4B10221C192900200011F086F9F5
:1044A0000023A370E370019B039A01332774136008
:1044B00005AB9E705888029B00040343180007B0A8
:1044C000F0BDC046602700200D2A0020F7B5FA266F
:1044D000B6007143009308AB1B780400080015492F
:1044E0001700019303F024F885B23000258078434B
:1044F000104903F01DF86B461B8880B2A3806B4601
:104500001B796080A371032D01D8042323808023AD
:104510002288DB019A4200D92380032801D8042293
:10452000628062889A4202D98023DB016380200086
:10453000FEBDC046710200000E23F0B589B004AA8A
:1045400013800C22039001914B785343254AD318D2
:1045500004AA110018890231032310F0F2FC00288C
:104560003CD11827019B204D5B782C005F430093C2
:104570003B000833EB18029304AB1E88991C3200F1
:10458000029811F004F900280DD10C22009B53432E
:10459000144AD318997A022319401FD1E819182216
:1045A00011F022F91AE0E8194368104F002B00D1EE
:1045B0000F4F18250322009B02986B43E250E3182B
:1045C0005E6004AB991C320011F0F0F8019B2A00E8
:1045D00059780398694338236118B847002009B017
:1045E000F0BDC0468429002028280020455B020039
:1045F000C95A0200F0B585B004000E0002AA817805
:10460000214801F03BFA00283CD10C2361781F4A75
:104610004B43D3189B7A01921D4F5B0605D4022EA3
:1046200003D01C4F012E00D01B4F1C25A1781B4B23
:1046300069432A00591802A80023B847002813D15B
:10464000022E1FD00C234021627802A85343019A06
:10465000D3189A7A8A439A726178114B69432A0077
:1046600059182B00B84701E0022E0BD00C232278FA
:10467000210053430B4A02A8D3189B7A0A4A9B0095
:104680009B58984705B0F0BD502800208429002091
:10469000455B0200C95A0200474F0300642700200F
:1046A0000C280020402800202C6C0300F7B51822AD
:1046B0000190437826485A4381184C68254F002CB6
:1046C0000FD00C2159437918897A4DB2002D07DAA1
:1046D000490605D415000835A6B24519145802E05C
:1046E0000024260025000C225343FB1818893200B1
:1046F0002300290010F023FC0B2816D10C22019B6B
:1047000029005B785343FB1818893200012310F00D
:1047100016FC0C21019B104A5B784B43FF1838892B
:1047200010F00BFC002806D111E0002800D00B4847
:10473000012C0CD1EDE70222094BC318934305D09D
:10474000082803D0112801D0002000E00348FEBD56
:104750002828002084290020FFFF0000418000005D
:10476000FECFFFFFF8B50700487818240300634325
:10477000084D0E00E81822003823390001F020FA15
:10478000002806D173785C432C196368013300D18B
:104790006060F8BD2828002070B51C2444430D4EED
:1047A00005003019062234190021113011F01CF8CF
:1047B00010220021200011F017F8FF232374A376A4
:1047C000013BFF3B23830233AB40034A116899430B
:1047D000116070BD642700204C28002037B581B2DD
:1047E00005006A46074801F049F9041E08D1542122
:1047F000684601F031FA041E02D12800FFF7CCFF11
:1048000020003EBD50280020F0B51D00434B93B062
:104810001B6801900F001600002B7CD0189B542BB6
:1048200079D8FF22002403AB5A709A70DA701C709A
:1048300002AB1C74189B0B950A93A1B204AA3848CA
:1048400001F01CF9002809D1082204A9019810F0F0
:104850009EFF002802D103AB9C7002E00134062CBD
:10486000EBD103ACA178FF2955D0032F0AD1189AB8
:1048700006AB542A01D1343A00E040221A701A786B
:1048800003213AE0274BEB1AA72B10D8264B002E1A
:1048900004D101228A40186810423CD001228A408B
:1048A000196891432022196006AB1A7020E01F4B53
:1048B000EB1A1B2B09D8202206AB1A700023637059
:1048C0000CAB0B9318230A9312E019482D1A172DDD
:1048D00021D8302302AA1374002363700133E370DC
:1048E000144B997A0223194002D1182210F07CFF50
:1048F00006AB022F0CD101211A780A431A7009ABBA
:104900000793064B32001B6806A92000984702E077
:104910001A780221F1E713B0F0BDC046402800200C
:1049200050280020642700204C2800200C2800205C
:104930002828002084290020F0B5040085B0002834
:1049400052D000252A4B2B481D605D729D720123B9
:104950008372023B072229000381C37210F044FFD7
:1049600018222900244810F03FFF28000135FFF7E6
:1049700013FF062DF9D154236A46204F9380204B14
:1049800039006846D580009301F014F800282CD136
:1049900001231C4D24782B70002C1BD11C27A1B2A5
:1049A00002AA164801F06AF8061E0CD13B006343C8
:1049B00015481C22C01802A9330001F001F9002893
:1049C00004D02E7011E000232B700EE00134062C71
:1049D000E5D10AE06B466A469B88D1883800594386
:1049E00089B201F039F900E0084805B0F0BDC046D1
:1049F000402800208429002028280020502800205A
:104A000009480200512A0020642700200E8000007F
:104A1000F8B5174B06001B780F00002B22D000289A
:104A200022D0002920D00B68002B1DD0114D2C68FE
:104A3000002C1BD12800053108C0052210F0B6FE5D
:104A40003B790220AB72012304212A7A9A43024364
:104A50008A432A72EA79134303438B43EB712000A4
:104A6000347004E0044802E0044800E00448F8BD63
:104A7000512A002040280020088000000E800000FD
:104A800004800000154B1B78002B22D000281ED07C
:104A900000291CD00378002B1BD1114B1B68002B65
:104AA00017D04278002A16D10E4B9B7A012B12D0D8
:104AB0002420184003D0012310000B700CE05BB2DF
:104AC000002B02DA02230B7006E0087004E00648AF
:104AD00002E0064800E006487047C046512A002020
:104AE00040280020842900200E800000088000005B
:104AF00010800000254BF0B51B78002B26D0002835
:104B000022D0002920D00B68002B1DD08B68002BF1
:104B10001AD00378002B19D11D4A1268002A15D02B
:104B20001C0018001B4A10321B4DEF7A9F420FD118
:104B3000AF7A02252F420BD001331C32062BF3D162
:104B400008710C7300201FE014481DE014481BE09E
:104B50000F7BBC420CD20325977A2F40022F07D13E
:104B6000133DAC46944466468D68A7007E510134DF
:104B70000F79B842E0D20225977A2F42DCD10D6836
:104B800087007A510130D7E7F0BDC046512A002096
:104B90004028002064270020842900200E80000087
:104BA00008800000104B70B51B78002B1AD000282D
:104BB00016D00478002C15D10C4B1B68002B11D09B
:104BC00020001C252B006343094AD3189B7EFF2B32
:104BD00002D02000FFF702FE0134062CF2D102E0E1
:104BE000044800E0044870BD512A002040280020FD
:104BF000642700200E8000000880000000487047F5
:104C000091800000194A0300127810B50800002AAC
:104C100028D0002B24D0002922D01C78002C21D1B0
:104C2000134A1268002A1DD09978FF290AD15978B1
:104C3000FF2919D00C2359430E4B59188B7A9B0727
:104C400012D508E01C2359430B4B591802238C7EC4
:104C50001C4009D11031072210F0A8FD200004E00B
:104C6000064802E0064800E0064810BD512A002030
:104C70004028002084290020642700200E800000A6
:104C80000880000005800000F0B5244B8BB01B7835
:104C900006000C00002B3CD0002838D0002936D06C
:104CA0000278002A35D11E4B1B68002B31D0837847
:104CB000052B30D81C256B431A49CB189B7EFF2B44
:104CC00029D0E260837803AF6B43CB182361164B86
:104CD0006261A26063602760817801AA134800F0D6
:104CE000CDFE002818D12B002A0001A9380000F0C1
:104CF00067FF002810D1E060B37860615D43094B25
:104D0000A0605D19084B25616360276004E00848D6
:104D100002E0084800E008480BB0F0BD512A00202E
:104D20004028002064270020522A0020502800201C
:104D30000E800000088000001080000013B5040001
:104D400081786A460B4800F099FE002810D11C2299
:104D50006078094B504369461818130000F030FF83
:104D6000064B074A9B7A21009B009B586846984750
:104D700013BDC046502800200C28002040280020E9
:104D80003C6C030070B5050000241C26330063430F
:104D900006492800C91810F05AF9002804D1013436
:104DA000062CF3D1FF3000E0200070BD6427002006
:104DB000FF23F0B5BD4A8FB0127805000393002A97
:104DC00000D1AEE1BA4A11680192002900D1A8E1F0
:104DD00004AF7B70BB70FB70031D06932A23002673
:104DE00002AA938203883E70B24C102B0AD0A67A96
:104DF000B2075ED58288B0498A4207D021899142A4
:104E000057D103E0A37ADB0705D48AE1E27ABA70CE
:104E100000227A704DE0112302AA13737E708388FA
:104E20000635238102230722A3722900200010F0F7
:104E3000BDFC2800FFF7A6FF0390FF282DD11C2002
:104E400070439E4B103018180722290010F09FFC69
:104E5000002801D1039620E00136062EEFD102E0B2
:104E6000EB7903423DD10022019B05AC1B68210078
:104E7000380098472378122B00D052E18D48837A6E
:104E8000012B00D14DE101238372023B0381C372E8
:104E90000722002110F0A8FC43E10821A27A039B1D
:104EA0000A43DBB2E372A2723800BB70FFF746FF21
:104EB000D9E7172B46D1012204201424019B019924
:104EC0005B7A864393434B727A4B05A90C709E72B2
:104ED000AC791900002CC3D0D87AFFF77FFCAA79EF
:104EE000C2E7BB78FF2BBED008200643E87A8E725B
:104EF000800706D51C205843704C2018847E9443AC
:104F00008476CA7AFF2AAED01C2208786B4C5A43AA
:104F100002280AD0A41820000722103010F046FC06
:104F20000222A37E9343A37607E00121A318644ADB
:104F3000528A1A839A7E8A439A7601213800FFF7B3
:104F400059FB90E7172B00D9A0E0132B59D102AAE7
:104F5000137304231E43A672A81DFFF713FF0390CB
:104F6000FF2802D0C0B2B870E072E37AFF2B21D1E3
:104F70000026E33B18007043504A1018827EFF2A37
:104F800013D12378022B07D0FD23F83A8376210032
:104F9000103010F00BFC01E0FE23837603AB1E7093
:104FA000039BDBB2BB70E37211E00136062EE1D148
:104FB000444C0DE01623444802AA137300210E222C
:104FC000083010F011FC4022A37A1343A37200248E
:104FD0000021384B0B91DA7A1C235343374A0D9149
:104FE000D3180C93364B09910893019B0A911A1D13
:104FF000A88808AB0FF09DFF002800D091E02200A8
:1050000032E7142B26D1E37AFF2B18D11C22002380
:105010009446E98962465A4328488218128B8A428C
:105020000AD1082203931643DBB2E372A67238005A
:10503000BB70FFF783FE02E00133062BEAD1E37A6F
:105040001F49FF2B00D10021A88800231B4A0FF025
:1050500072FF66E0112B64D1022332009A431300E1
:10506000A272320707D55BB2002B0BDA00213800A1
:10507000FFF7C0FA06E0B878FF2803D0FFF78CFBF3
:10508000FF23BB701023A372023302E01C2B03D159
:10509000132302AA1373E6E6522B19D1019B0B4A84
:1050A0009B7A38009B009B5898473AE0512A002091
:1050B0004028002084290020FFFF000064270020F2
:1050C0000C28002043800000282800201C6C0300CE
:1050D000182B26D1AB79112B14D1330712D51248D6
:1050E0000E220021083010F07FFB162302AA137352
:1050F00002224A331E43019BA6725B7A1343019A34
:105100005372B0E680235B421E4302AA95331373A9
:10511000019BA6729B7A054A9B009B5838009847D2
:10512000A1E60FB0F0BDC046282800201C6C03008B
:1051300030B5002912D00A78002A11D10A4B1B6819
:10514000002B0DD0FF23094C8B702589FA3B85423B
:1051500007D14A70E37A8B70130002E0044B00E041
:10516000044B180030BDC046402800208429002090
:105170000E8000000880000010B5064B586980239F
:105180005B05421C04D0196989B202F0D1F900E034
:10519000586910BD00100010034B10B51B78034A6E
:1051A0009B009B58984710BD692A00204C6C030057
:1051B0000B0037B50C24020018009D6809786C4379
:1051C000044D08302D680095034D1B696459A047B4
:1051D00037BDC046A02800208C2800208022520520
:1051E0001169142210B50E4889B203785343C318CD
:1051F0001A69501EDA881B898018C01802F098F9C5
:10520000084B02001B6801209A4207D800209A42EE
:1052100004D1054B1B6858425841C0B210BDC0466E
:10522000582800208428002088280020082310B552
:10523000034A116899431160FFF7AEFF10BDC046E5
:1052400098280020094A10B5136819070AD499074D
:1052500002D501210B4313600222054B1A70FFF7A0
:105260009BFF01E0FFF7E2FF10BDC0469828002039
:10527000692A0020064B10B51B681B0705D40122C4
:10528000044B1A70FFF788FF01E0FFF7CFFF10BD56
:1052900098280020692A002010B5002814D0112871
:1052A00005D10823094A11680B4313600CE014234D
:1052B000074A1178594351180431FFF779FF042246
:1052C000044B1A7000F092F810BDC04698280020D8
:1052D000582800206A2A0020F8B514238025124A95
:1052E0006D051478114E5C432B691419E2889BB24A
:1052F000278920699A420ED92B6961699BB2D31A1A
:105300002A69381892B2C918C01892080FF039FEED
:105310002B699BB205E09208381861690FF031FEE5
:10532000E3883360F8BDC04658280020AC28002030
:1053300070B58025094B6D052A691C68631E94B2FF
:105340005C43FFF719FF2B69411E9BB25943044B85
:1053500020001A680FF015FE70BDC046842800209A
:10536000A8280020142270B580260E4976050B78F7
:105370005343CB181A89DC881B69A4183169E418D7
:10538000200089B202F05AF90D00FFF7F5FE3369EB
:10539000411E9BB25943044B49191A6820000FF073
:1053A000F0FD70BD582800208828002010B5FFF7B8
:1053B000E3FE8022074C52051369116912692468C3
:1053C0009BB292B289B201389208614358430FF000
:1053D000D8FD10BD8428002010B5034B18680FF0CD
:1053E000CEFDFFF759FF10BD84280020F0B52B4BF0
:1053F00085B0187803284ED802F090F8020E114BB1
:105400000023274A1360274A1360274B5B78002B41
:1054100041D000F0F9F83EE0FFF75EFF3BE0234C9F
:10542000802723687F0501930123019A9A4314235F
:10543000226002921C4A3969157889B25D43551978
:105440002B691800039302F073F8194B039A186044
:105450003969EB880600501E181889B202F068F806
:10546000864203D10223029A134303E00323019AE5
:105470009A43130023600F4B1A680F4B002A03D185
:1054800021680232114200D000221A70FFF784FE18
:1054900001E0FFF7A1FF05B0F0BDC0466A2A002079
:1054A000A4280020AC28002058280020982800209C
:1054B00084280020A8280020692A00201422F0B5A2
:1054C00080254B494B480B7885B05343CB18DF6898
:1054D000083A7A43821814895089526860436D05EE
:1054E000821829691C890192DA881E6913199B198F
:1054F000009300230292404A89B21360300002F008
:105500009DF83D4B2A00039300290BD12B6902998A
:105510009BB2994208D0019B00998B424FD1002C3D
:1055200059D101E0022F08D11169300089B201F090
:10553000FFFF324B186003233BE02969301989B221
:1055400002F07CF82E4B89081960009A019B2969AA
:1055500093422DD089B2009802F070F8002927D02C
:1055600080246B4664052169988889B21F8801F000
:10557000DFFF26690500B1B2380001F0D9FFADB2F6
:1055800080B2854208D16B466A469B8812889B1A76
:10559000039A9B0813600BE023692169380089B2E4
:1055A0009CB202F04BF889B2641A039BA4081C60F9
:1055B0000223144A1370FFF719FF05B0F0BD022F44
:1055C000B2D02969301989B202F038F80C4B890839
:1055D00019602969BEE7022FA6D02969301989B25E
:1055E00002F02CF8064B890819602B69E0E7C046E9
:1055F000582800208C28002088280020842800209B
:10560000A82800206A2A0020142210B50A490B7825
:105610005343CB18D988094A1B791160032B08D052
:10562000042B06D0012B06D1054A1370FFF7DEFECE
:1056300001E0FFF743FF10BD58280020A0280020FC
:105640006A2A0020F7B5124D01936E7808AC2788BE
:105650000424022E1AD02C78A419012C00DD023C5F
:1056600014235C432C196261220020710C3209C999
:1056700009C26B469B882781E3800024054B0136D5
:105680001B786E70A34201D1FFF7BEFF2000FEBD64
:10569000582800206A2A002070B51424114D0020DB
:1056A0002978614369180431FFF782FD2300002245
:1056B000012029784B43EB181A71DA80D8601A61FF
:1056C0005A611A816B780918013B6B70CBB2022BBF
:1056D00001D02B7000E02A70034B1A70FFF786FE92
:1056E00070BDC046582800206A2A0020142210B538
:1056F00007490B785343CB181B79042B02D0FFF7D3
:10570000CBFF04E00122034B1A70FFF76FFE10BDC0
:10571000582800206A2A0020F8B508241D4F3D684B
:105720002C4022D180235B0519691B4B1E68002E7B
:105730001ED01422194889B203785343C3181A693A
:10574000501EDA881B898018C01801F0F1FE144B36
:105750001B6898420CD1134B1C6001231D43124B54
:105760003D601C70FFF718FD13E0FFF75FFD10E0D0
:10577000FFF734FD002804D000220A4B1A600232E1
:1057800002E0002E03D00322074B1A70EAE7FFF76E
:10579000ADFFF8BD98280020882800205828002058
:1057A00084280020A8280020692A0020054B10B575
:1057B0001B681B0702D4FFF799FF01E0FFF736FDD6
:1057C00010BDC0469828002070B5154D2C682307E1
:1057D00023D4144A136801331360134B04221B684B
:1057E000002B04D1FFF7FAFC002802D002220F4B55
:1057F0000CE00F4B1B68002B0CD0012122000B4B3F
:105800000A4002D10C432C6000E003221A70FFF71B
:10581000C3FC04E0FFF76AFF01E0FFF707FD70BD7E
:105820009828002084280020A8280020692A002029
:10583000882800201E4B10B51B78022B30D0032B7C
:1058400019D0012B32D108211A4A13680B4222D1F8
:10585000142319490A785A43184B8A181968D388AF
:105860005B1A9BB2D380002B02D1FFF715FF1DE01E
:10587000FFF732FD1AE008210E4A13680B420AD1E5
:105880000F4A136801331360FFF7A8FC002804D106
:10589000FFF72CFF0AE08B431360FFF7A7FD05E03D
:1058A000084B094A1B789B009B58984710BDC0467F
:1058B0006A2A00209828002058280020AC280020C0
:1058C00084280020692A0020606C030070B5144C05
:1058D000042522781300AB4321D002281DD00328D1
:1058E0001DD1104B1B681B0717D40F490B680133E0
:1058F0000B60032B04D0022A0CD1FFF74DFC0EE005
:1059000014230A4A0D201178594351180431FFF726
:105910004FFC2570FFF76AFD01E0FFF78BFF70BDBC
:105920006A2A002098280020A42800205828002057
:1059300010B501220024164B1C705C701C71DC80B9
:10594000DA601C615C611C811C765C831A625C629B
:105950009C629C830F4B1C80FFF70EFC802304226B
:105960005B051B6902389BB258430B4B18600B4B0D
:1059700020001C600A4B1C601C815C81094B1C7060
:10598000094B1C60094B1C60094B1A6010BDC046D6
:1059900058280020902900209C28002084280020DE
:1059A0008C2800206A2A0020A4280020AC2800208F
:1059B00098280020F7B504222C4B04001B680E0029
:1059C0000820134251D00630002C4ED000294CD074
:1059D0002368002B49D080277F053A69A38892B2BB
:1059E000934201D9072040E00F2BFBD9E288002A1F
:1059F000F8D01F4953430D685B190093FFF7BCFBB8
:105A00003B6901389BB25843194B0193009B834279
:105A1000E8D8A3889C469B07E4D1164B04201F8836
:105A2000012F22D00C237B43134A2068D1189850B1
:105A300063468020376075604D600B81E2884005C9
:105A400003694A8101690469604650439BB2C018EA
:105A5000013889B201F0F6FDA4B260434519002077
:105A6000019B01371D60034B1F80FEBD982800205D
:105A70009C280020902900208C280020104B30B555
:105A80001C680823640719D50633002816D0002A9D
:105A900014D00368002B10D10A4D2C68002C0CD0B8
:105AA0002C89406861430918688944436868241850
:105AB000A14202D21360516000E00723180030BDFC
:105AC000982800208C280020F0B504001B4885B0E1
:105AD000056808206D072ED5063000292BD0002C34
:105AE00029D025680738002D25D1154D2E68002EA8
:105AF00021D0666803962E896F896D687743BC460E
:105B0000039F6544AF4216D2002A14D0964212D3A6
:105B1000D518AE420FDB0325093029420BD12E00E8
:105B20002B4208D1374206D100930F3813000A00E8
:105B30002100FFF787FD05B0F0BDC0469828002082
:105B40008C280020F0B504001B4885B005680820AB
:105B50006D072ED5063000292BD0002C29D02568C2
:105B60000738002D25D1154D2E68002E21D06668EE
:105B700003962E896F896D687743BC46039F654401
:105B8000AF4216D2002A14D0964212D3D518AE4294
:105B90000FDB0325093029420BD12E002B4208D1FF
:105BA000374206D100930C3813000A002100FFF79A
:105BB00049FD05B0F0BDC046982800208C28002083
:105BC000F0B51700224A85B0126802900E009C467C
:105BD0000824530739D50634002936D0002834D09C
:105BE0000C68002C2ED11B4D2A68002A2AD04A6846
:105BF000688929896B684843C018824222D2002FE5
:105C000020D0B9421ED36346F81881421ADB032123
:105C1000029B0B4218D163460B4215D111400391F0
:105C200012D16244110002983A000FF0BFFD0C231C
:105C30003268009753430221ED58039A029B3000CB
:105C4000A84702E0072400E01024200005B0F0BDC2
:105C5000982800208C280020F0B51F4B85B01B68C9
:105C600005000E0008245B0733D50634002830D029
:105C70000368073C002B2CD1184B1A68002A28D047
:105C80001A894768029258685B8953431B1803932B
:105C90009F421ED20934BB071BD1381A110001F0F4
:105CA000CDFC093C002914D10299300001F0C6FC5A
:105CB00089B200290DD1002E0BD0039AF3199A4214
:105CC00007D300223300009229000320FFF7BAFC1B
:105CD0000400200005B0F0BD982800208C2800208A
:105CE0000120054A10B513785840044B10701B680A
:105CF000002B00D0984710BD6B2A0020B028002050
:105D00000C4B70B5050015200C001A600FF053F90C
:105D100000280ED1290015300FF04FF9002808D1C6
:105D200015300FF046F9002803D1210003300FF0A1
:105D300046F970BDB0280020F0B5274B85B01B7820
:105D4000002B47D0254D264E2B6834685A425341CC
:105D5000DBB2009363425C41E4B2009B002B37D17D
:105D600003A80FF030F905280AD0002804D000223B
:105D70001100FDF7E1FE05E003982B68984701E06C
:105D800001230093002C1FD1164B03A91B8801246B
:105D90000B80154B1B68180001930FF01AF90700D0
:105DA00005280BD0002805D000221100FDF7C4FE05
:105DB000002403E00198336898473C00009B002BC7
:105DC000CED0002CC9D005E0009B002BC8D001E04C
:105DD000002CD9D005B0F0BD6C2A0020B8280020D6
:105DE000BC28002092290020B428002070B50400AF
:105DF0000720002913D08D0711D1094801600949F6
:105E000020000A80084A094913600FF0DEF80028D4
:105E100005D10122064B16301A700FF0D2F870BD72
:105E2000B428002092290020C0280020D74F03006A
:105E30006C2A002010B50FF0CAF803005A1E9341D7
:105E4000014ADBB2137010BD6C2A00200E2300281B
:105E500002D0024B1860002318007047BC280020B5
:105E60000E23002802D0024B186000231800704750
:105E7000B8280020074B10B51B68002B07D09847A7
:105E8000002806D000221100FDF756FE01E0FFF7C2
:105E900053FF10BDC0280020F0B50E788FB0002E43
:105EA00000D097E0514C02AB9A1D210008230588D1
:105EB00013803431073B28000FF093F84C4B1B68DC
:105EC0009847B1200FF08FF8002803D0320031003E
:105ED000FDF732FE0FF089F8002803D000221100F0
:105EE000FDF72AFE434E70690FF081F801960028F5
:105EF00003D000221100FDF71FFE00233E4E2800B4
:105F000031000493FFF714F9051E4CD108A93A4853
:105F1000FEF7BAFE071E33D10C9D07222900200090
:105F200010310FF043FC29001022E01D0FF03EFC61
:105F30002000089D1122290018300FF037FC2000A6
:105F400029002A3012310A220FF030FC20000FF015
:105F500050F8002803D03A003900FDF7EDFD012389
:105F6000002404930333069305A904AB2248079346
:105F70000594FEF743FEA04215D02200210010E058
:105F800021003000FEF73EFE002803D02A00290041
:105F9000FDF7D2FD20000FF02CF8002803D00022DE
:105FA0001100FDF7C9FD8021C022144BC903520026
:105FB0009950196801200023114C02009A401142A7
:105FC00000D0E2670133202BF7D1019B586900F024
:105FD0004BF809E00322012100F014F8002803D057
:105FE00000221100FDF7A8FD0FB0F0BD942900209C
:105FF0001C200020001000106D2A002000E100E0AD
:1060000004E100E0F0B5060087B00E20002E22D09B
:106010003788124B06389F421DD0114B1B78002B3E
:1060200019D0104D102369706846032102ACC1805D
:10603000AA7000211A0020002B700FF0D5FB338AC4
:10604000210023800123A3706B4638000633A36030
:10605000E5600FF027F807B0F0BDC046FFFF000075
:10606000712A0020722A0020F0B50300186880F31E
:1060700008885868FF2464B2EFF30585002D01D12C
:10608000A6460047251C061C21273FBAF0B4002471
:10609000002500260027F0B4F92040B20047C04692
:1060A000F0BDC04670B504000D001600002110229E
:1060B0000FF09AFB054B320023612900200000F00D
:1060C000FBFA034B20001C6070BDC046A086010097
:1060D000C428002070B5054D04002B68834203D00E
:1060E000016900F0A3FA2C6070BDC046C4280020EE
:1060F00010B50400034B083303601C3000F00CFAA9
:10610000200010BD746C030070B5050004000E4B38
:106110000E00083308C52800182200210FF064FB88
:10612000002320003100E36123626363A363E3641F
:10613000064A23001C3000F0BFF9280031000FF0A0
:1061400054F9200070BDC046746C03005351030025
:1061500010B5040000F058F8014B2000236010BD7A
:106160008C6C0300F7B50027040008A8C7570E4839
:10617000002508302060082020610C48261D65603D
:10618000A56025736561A0610097300000F0F2FE04
:106190002B0030006269216900F072FE3000A169B5
:1061A00000F0A6FE2000FEBD946C030040420F00EC
:1061B00070B5094D04002B6883420BD0061D42695F
:1061C00001690023300000F05BFEA169300000F09F
:1061D0008FFE2C6070BDC046C8280020426100229E
:1061E00010B5034B01611A60FFF7E2FF10BDC04616
:1061F000C8280020002210B5024B81611A60FFF709
:10620000D7FF10BDC82800200C4B70B503600023D9
:1062100043608360C3600362436283639623040028
:106220009B01051DC363280000F03AFD28002200F1
:10623000034900F0C7FD200070BDC046B06C0300EC
:106240009B51030010B50400044B03600EF0E7FF00
:10625000200000F01BF8200010BDC046C06C0300F9
:10626000084B10B508330360002343608360C360AC
:10627000040000F017F8044920610FF0D2F8200064
:1062800010BDC046E06C0300E552030010B50400E9
:10629000034B083303600FF032F8200010BDC046F6
:1062A000E06C030000487047086D030010B5024819
:1062B0000FF0C0F810BDC046086D03000848026822
:1062C00003210A4302600749074A084B9B1A03DD72
:1062D000043BC858D050FBDC0548804705480047C0
:1062E00024050040807A0300002000202C2200209A
:1062F0006174020021810100FEE7FEE7FEE7FEE790
:10630000FEE7FEE770B50E000F4C050021003000DF
:1063100001F096F8210028600023CB565A1C05D0C6
:106320009E4201D18B6802E00C31F5E70023A021E9
:106330000120064AC9002B7150506A211B020B43F1
:106340000349535070BDC046106D030000700040FB
:10635000040500000C4B0D4A10B50D499C58214016
:10636000995001799C5809022143995080200122BB
:10637000C0001A6019581142FCD1A123024ADB0067
:10638000D05880B210BDC046007000400405000027
:10639000FF00FFFF01704B1C0AD001238B404360BC
:1063A000044BC360044B0361044B4361044B8360A3
:1063B0007047C046080500500C05005010050050FD
:1063C00014050050F7B5A223A022DB00D205D35854
:1063D000BE220193314B5200995800295DD0C12152
:1063E00089005958002958DA0024E025C0269C501D
:1063F000ED00B6022A4BA700F85800284AD0294BD6
:10640000E35C002B30D0019B0121E3400B4212D012
:106410002300A022C133FF339B00D2059B589B036E
:106420009B0F032B07D0204B1B68E3400B4202D08D
:106430001E4B1B6817E0019B0122E340134213D15E
:106440002300A021C133FF339B00C9055B589B0388
:106450009B0F032B08D1164B1B68E340134203D05C
:106460000221124B1B689847A023DB05FB185A59E1
:1064700032420FD059590F4A0A405A51019AE2400C
:10648000D20702D55A59324303E080215A59890272
:106490000A435A5101341F2CACD1F7BD00600040B3
:1064A000D8280020792A002054290020D428002050
:1064B00058290020FFFFFCFF30B5040008004D1CE8
:1064C0001CD00F482160BE24026000200D4A6400E9
:1064D00010510D4C8D002B5101240C4B5C54C121EB
:1064E000802389001B065350094A0A4B5458234005
:1064F000C0242404234353504023136030BDC046BE
:10650000D428002000600040D8280020792A0020EC
:1065100000E100E0FFFF00FF00210368014A9B004B
:1065200099507047D828002070B5A024E025006855
:10653000E40583001B19ED005E59204C34405C518A
:106540001F4D0124002A0ED0A14204D181402A68A7
:106550001143296015E0022913D18440194A1168BA
:106560000C4314600DE0012904D181402A688A435C
:106570002A6006E0022904D1844012490A68A24335
:106580000A602A680121C2400A4204D10D4A1268F9
:10659000C2400A4211D0A222A021D200C9058958C6
:1065A000F132C140FF32C90702D59958C02001E03D
:1065B0008020995880020143995070BDFFFFFCFF75
:1065C00054290020582900200368074A9950074A97
:1065D000FC33196A002904D1013A002AF9D10120BB
:1065E00001E00020186270471C050000A186010030
:1065F00010B50368002A03D0802202209200985030
:1066000001221C001A62084AFC34E068002804D108
:10661000013A002AF9D1012005E00020A322E06020
:10662000D2009B580B7010BDA186010010B50B4C19
:1066300002680B4BA14204DC0A498160CC21490469
:106640000AE0094CA14203DC08498160802102E094
:1066500007498160CD21C904D15010BD8FD00300FE
:1066600024050000A08601007F1A060090D00300D8
:10667000801A060070B504001000A025C026C130A5
:10668000FF30F600ED05800046510800C130FF30B4
:1066900080004651A1252068ED004251054A8150F5
:1066A00019002000FFF7C2FFA02305212268DB00AC
:1066B000D15070BD0C050000F8B50E0015000400A7
:1066C00000F0B6FD2648F2B203780100DBB2012BE0
:1066D00006D14778974203D18778E8B2874211D034
:1066E0002048EFB20378012B05D14378934202D1C1
:1066F0008078B84211D00878002806D101230B70A9
:106700004A708F706373184B15E0164B1978002987
:1067100007D1013119705A709F7002236373134BB4
:1067200009E013480EF038FE0023FC222360657157
:1067300026719362FFDE19000022FC31236065712F
:1067400026718A62A021C9005A500A4920005A5075
:1067500001325A502A003100074BFFF78BFFF8BD7A
:10676000982A00209C2A0020003000400040004071
:106770009D780300FC0F0000A08601000368002242
:106780001900FC3110B58A62A021C9005A5006498F
:106790005A5001325A5005220421825641568368CC
:1067A000FFF768FF10BDC046FC0F00000368002122
:1067B0001A00FC3210B5916001315961074B9168A4
:1067C000002904D1013B002BF9D1012004E0002471
:1067D0000473FFF7D3FF200010BDC046A18601005F
:1067E000036810B51900FC318A6A0020012A08D11B
:1067F000044C1C5988625A610238A40701D4012054
:10680000404210BDC40400000261064A10B5426057
:10681000054A01738260054A190002600EF024FFE8
:1068200010BDC04604050050100500500007005080
:1068300000210C4A0300515681420BD001215156D0
:10684000814209D001209278404252B29A4207D147
:10685000033002E0002000E00120034B187040B23A
:106860007047C04604220020A02A00200022134BBB
:1068700030B59A56824209D001229A56824207D0F8
:1068800002229A560221824217D102E0002100E042
:1068900001210A0045320A4C0A48FF329200145086
:1068A000012215004800441CA5408240A120064C4E
:1068B0002A43C0002250FF225A5430BD0422002037
:1068C000031F02000060004000F001400022F8B504
:1068D000124F0600BA563B00114D013209D0012279
:1068E000BA56013207D00222BA560220013207D12D
:1068F00002E0002000E001201E54287040B20BE0AE
:1069000028780321013000F083FF0C0078562970AD
:10691000FFF7ACFF3E5560B2F8BDC0460422002030
:10692000A02A0020012370B51E000200A025864089
:10693000C132FF32ED0592005351134A0002AE50AE
:10694000A226124A4C001043114A89008D18F60005
:10695000E4B2A851C046C046C0460E48E200121834
:106960000D482B6015500D48091891510C490D48E0
:106970005550043950501900E2189140A3400A4A7A
:106980000B4304498B5070BD0C050000030013003D
:106990000060004000F001401405000040A10040EC
:1069A0001C0500004CA1004004050000A8200121A6
:1069B00010B5124A124B1488C00059601C505488FC
:1069C00010481C509088A922D2009850802208209C
:1069D00092009850802009320003FF3298500A4AF2
:1069E0001078A222D2009850084A1088084A98507D
:1069F00000221960FC331A6510BDC046F621002044
:106A000000A000404405000003220020F4210020E3
:106A10004C05000070B5012545570E002800FFF712
:106A200007FF0400431C0ED12800FFF74FFF0300AF
:106A300051331D49FF331D4A9B0004009950C1B2D8
:106A40002800FFF76FFF1A4BA200D6503200194BF7
:106A500064001B78043BDA40174BE252002E03D04F
:106A6000164B1B689E420ED32800FFF7FFFE012342
:106A7000A022AB40D205002E02D0A121C90000E027
:106A80000F4953500EE072B600210E4A074B1165B4
:106A90008021C1220903920099500B49053AFF3A1F
:106AA000995062B670BDC046FFFF000000A00040D4
:106AB0005C29002003220020F62100202020002055
:106AC0000C050000FCA0004008080000F8B5254BAC
:106AD00006001A780D00002A28D10121224B2348F4
:106AE00059601A5019502248C2271A5004301A50BF
:106AF000204ABF001078A222D2009850802208209D
:106B0000920098501C4A10881C4A98501C48C25940
:106B1000944664461B4A22408024E4032243C25127
:106B20008022D200026019600E4B19702800FFF716
:106B30007FFE0400431C0ED12800FFF7C7FE0300B0
:106B400051331149FF33084A9B0004009950C1B2E8
:106B50002800FFF7E7FE7570347030000021FFF762
:106B600059FFF8BDA12A002000A00040FC0F000042
:106B70000405000003220020F42100204C05000041
:106B800000E100E0FFFF00FFFFFF0000084B70B5D1
:106B90000D1C0400186801F077FE291C01F070FB41
:106BA00001F008FE01002000FFF734FF70BDC04671
:106BB00020200020F0B5254B85B01F680D001A007D
:106BC0008F4241D0802104234902A9420FD3092BCF
:106BD0003ADC15602A001E4900240B70043BDA40A1
:106BE0001C4B1A8002AB9E1DFF23337007E0132B52
:106BF0002AD049000133E8E70134032C24D0164B96
:106C00006200D25A154B9A42F6D0154BA200E35CB3
:106C10007370144BD05801F037FE0090280001F03B
:106C2000EBFD0190380001F02FFE011C019801F0EE
:106C30005DF9011C009801F023FB00F0CDFE01007E
:106C40003000FFF7E7FED7E705B0F0BD20200020B9
:106C500003220020F4210020F6210020FFFF000085
:106C6000042200205C290020012310B50A4ADC0020
:106C7000A4588C4207DD013BDB00D3185A68016839
:106C8000064BCA5007E00133112BF0D18021026876
:106C9000024B4905D15010BD7C6D03002405000056
:106CA000F8B50F000121254BB9400360A023244C07
:106CB000DB0516001A5905000A4380211A511A599A
:106CC00009060A430121B1401A511A598A439621F3
:106CD0001A511A598901520052081A51FFF7C4FF7C
:106CE000002204202B6817495A506C395850012152
:106CF000996019601900FC31CA6013495A506A60E2
:106D000014391F325A5011495F5009185A501E51F8
:106D10007B1C03D0032138000EF084FC731C03D0CD
:106D2000032130000EF07EFC0122094B29001A607D
:106D3000084807320EF03AFDF8BDC046002000407A
:106D4000140500006C0500001C0500000C05000087
:106D500068290020A82A0020962310B5DB0099425C
:106D600002DDFFF781FF04E09E210268014BC902AA
:106D7000D15010BD24050000C1230E4A9B00D158FC
:106D800010B5090603D50C49096A002908D1D35862
:106D90005B070DD5084B0021DB68002B01D107E014
:106DA0000121064B1868002802D0054B1B68984744
:106DB00010BDC04600200040FC2000406C2900208F
:106DC00070290020034B1960436803499B005A5007
:106DD0007047C046702900206C29002000681E4BB7
:106DE00030B5C3185C4263415B00002A1AD0002909
:106DF00003D0012905D1802100E00421C1229200A5
:106E00008150FF20C024DD00A8401449A4000A5985
:106E100082431000C022AA4002430A5101229A4034
:106E20000A6018E0002908D0012914D1C222802468
:106E3000920084508258920806E0C22204219200F7
:106E4000815082580339D209914304D001229A40DB
:106E50001300034AD36730BD00E0FFBF00E100E04C
:106E600004E100E003681A00FC32106A0128FCD13A
:106E700000201062014AC9B2995070471C050000F9
:106E800070B51D00A02304001600DB00002D03D008
:106E900000224068C25001E00268D550082902D0A3
:106EA00010480EF079FA032E0AD8300000F036FBB5
:106EB0000B020406022307E0042305E0062303E097
:106EC00009480EF069FA0023A0220848D200002DDC
:106ED00003D061680B50022302E021680B500123AC
:106EE0008B5070BDAE780300C778030054050000D6
:106EF000036810B55A1C2ED0A0220020164CD200D8
:106F000098501000154AA14202DC802189041FE03C
:106F1000134CA14202DC8021C90419E0114CA142AA
:106F200002DC8021090513E00F4CA14202DC802124
:106F300049050DE00D4CA14202DC8021890507E0E6
:106F40000B4CA14202DC8021C90501E08021090629
:106F5000995001221A5010BD8FD003002405000063
:106F60001FA107003F420F007F841E00FF083D0065
:106F7000FF117A00F7B5009308AB1B7805005BB2F0
:106F80000F0016000193013329D1624B1A78022AAF
:106F900010D15978FAB291420CD19978F2B291425B
:106FA00008D1DA786B461B789A4203D101235A4CF8
:106FB00003723BE0594A1378DBB2022B0FD15078B1
:106FC000F9B288420BD19078F1B2884207D1D178DA
:106FD0006A461278914202D12B72514C26E04F4BF7
:106FE0001A78002A0BD10232F9B21A705970F1B234
:106FF0009970694609782A72D970494C13E0454B5B
:107000001A78002A0CD102321A70FAB25A70F2B20F
:107010009A706A461278404CDA7001232B7202E0B3
:1070200040480EF0B9F9019B01332ED10123002213
:1070300001205B426B6039003B4B2C60E250E0501A
:10704000A023C131FF31DB058900C85037496750A3
:107050000099C131FF318900C850A1210098C900B1
:1070600060503100C131FF318900CA50A223DB00DA
:10707000E650FC342800E26013000821FFF700FF0F
:107080002B492800FFF734FF42E0012300225B4236
:107090002B60254B6C60E25001232349380063507C
:1070A000A021C130FF30C905800042503000C130FE
:1070B000FF30800042500098C130FF3080004250C5
:1070C0000198C130FF3080004250A221C9006750B2
:1070D000164900986650043960501649019860506E
:1070E0002100FC318A60CA62A721C90063501031B7
:1070F0006350114811496050114912486050802175
:10710000042089006050F939FF392800FFF7B8FEE4
:10711000F7BDC046982A0020003000409C2A00207D
:1071200000400040D8780300FC0F00000C05000070
:1071300040420F0014050000A32A0020440500006F
:1071400034050000A22A002003681A00FC32D0682F
:107150000028FCD105481950D1680129FCD1002133
:10716000D160A322D20098587047C0461C05000089
:10717000A023F0B52A4EDB00F25885B00092002221
:10718000A024F250EA23274D274AE4056759DB0083
:107190006251E15804200191E250A1238022DB00DA
:1071A0005203E25080221203E2500EF09CFAA22316
:1071B000DB00E158012202960395C90206D5E35887
:1071C0001324DB0C134202D0012019E01324A02564
:1071D0008026ED053603013C002C10D0134B042013
:1071E000EE500EF080FAA123DB00EE5004200EF0EA
:1071F0007AFAA223DB00EB58DB02ECD5E4E72000AF
:10720000A023039ADB059F50EA220199D2009950EE
:10721000A023029A0099DB00D15005B0F0BDC04612
:10722000004000404C0700000D0600000C05000067
:10723000A023144A1449DB0510B55A5004315A50A2
:10724000124B00211A00FC32D1601162A1211322DD
:107250001420C9005A500E4A0E4C9850CC200E4AA9
:1072600040049850A2200D4AC00014500C4C0D4808
:10727000145001205050A0220521D2009950FFF750
:1072800077FF10BD0C0600004C07000000400040D6
:107290000C050000384100402405000000F00140CA
:1072A0001C4000401405000001230E4A10B59364F1
:1072B00080230D499B00CB670C491400086D0C4AD4
:1072C000002804D0002008651168013111600949C7
:1072D0000B60A923DB001068E358010C9BB200048B
:1072E000184310BD0090004004E100E0FC90004015
:1072F0007829002000E100E0F8B50F4C636C002B0A
:107300000FD000270D4E67643378BB4209D00C4B79
:107310001D68FFF7C9FF2D1ABD4202DC3770FEF76A
:10732000C5FF236D002B06D0064A13680133136096
:107330000022014B1A65F8BDFC900040A52A0020F0
:1073400074290020782900201B4970B50C78002C86
:1073500030D10120194B1A4A586054608024E4054A
:10736000206050680028FCD0002201240425154824
:107370001A500C30DC601D5008381A501248C225D3
:107380001A50C122802092000003985080204002B1
:1073900098500E48AD0046590D4A3240C02636027C
:1073A000324342518022893D9200FF3D42510260AA
:1073B0001C600C7070BDC046A42A002000900040E4
:1073C000FC000040040500004C05000000E100E066
:1073D000FF00FFFF044B10B51B78002B01D1FFF716
:1073E000B3FFFFF761FF10BDA42A0020104B70B55A
:1073F0001B780400002B01D1FFF7A6FF0D4D0E4EA8
:107400002B78002B02D033689C4210D0FFF74CFF42
:10741000201A0A2803DCFFF747FF0A300400012383
:107420002B70A823054A3460DB00A4B2D45070BD91
:10743000A42A0020A52A00207429002000900040E2
:1074400010B50400431C07D00EF066F90400431C7D
:1074500002D102480DF0A0FF200010BD0B790300FF
:10746000234A10B513781100012B19D1214B1B6849
:107470001B0715D1204BE0241A68F0231000184098
:1074800022420BD11D4A12681A4209D11C4A1D4BD7
:107490001A6080221C4B12021A6001E03028F1D0E1
:1074A0000B68DBB2012B0DD1124A1268120709D109
:1074B000F021114A12680A40402A03D10F4A12688B
:1074C0000A420DD08022A3230021D205DB00D15037
:1074D0000E4B9960013191609A68002AFCD005E05A
:1074E000C1228021D200C9058B50EBE710BDC046F8
:1074F000E00F00F0E40F00F0E80F00F0EC0F00F0F8
:10750000DFFF07C004050040186C0040FC0000408D
:10751000014B18687047C0467C29002002B47146B0
:1075200049084900095C49008E4402BC7047C046C6
:10753000002243088B4274D303098B425FD3030AB2
:107540008B4244D3030B8B4228D3030C8B420DD3C5
:10755000FF22090212BA030C8B4202D31212090253
:1075600065D0030B8B4219D300E0090AC30B8B4291
:1075700001D3CB03C01A5241830B8B4201D38B033F
:10758000C01A5241430B8B4201D34B03C01A5241E4
:10759000030B8B4201D30B03C01A5241C30A8B4227
:1075A00001D3CB02C01A5241830A8B4201D38B0212
:1075B000C01A5241430A8B4201D34B02C01A5241B6
:1075C000030A8B4201D30B02C01A5241CDD2C30928
:1075D0008B4201D3CB01C01A524183098B4201D3A4
:1075E0008B01C01A524143098B4201D34B01C01A8F
:1075F000524103098B4201D30B01C01A5241C30807
:107600008B4201D3CB00C01A524183088B4201D375
:107610008B00C01A524143088B4201D34B00C01A61
:107620005241411A00D20146524110467047FFE7CD
:1076300001B5002000F0F0F802BDC0460029F7D0E7
:1076400076E7704703460B437FD4002243088B4202
:1076500074D303098B425FD3030A8B4244D3030BD9
:107660008B4228D3030C8B420DD3FF22090212BA9E
:10767000030C8B4202D31212090265D0030B8B421A
:1076800019D300E0090AC30B8B4201D3CB03C01A04
:107690005241830B8B4201D38B03C01A5241430BDF
:1076A0008B4201D34B03C01A5241030B8B4201D3CF
:1076B0000B03C01A5241C30A8B4201D3CB02C01A3A
:1076C0005241830A8B4201D38B02C01A5241430AB2
:1076D0008B4201D34B02C01A5241030A8B4201D3A1
:1076E0000B02C01A5241CDD2C3098B4201D3CB0148
:1076F000C01A524183098B4201D38B01C01A5241F7
:1077000043098B4201D34B01C01A524103098B42FA
:1077100001D30B01C01A5241C3088B4201D3CB00E5
:10772000C01A524183088B4201D38B00C01A5241C8
:1077300043088B4201D34B00C01A5241411A00D278
:1077400001465241104670475DE0CA0F00D04942E1
:10775000031000D34042534000229C4603098B4251
:107760002DD3030A8B4212D3FC22890112BA030AD9
:107770008B420CD3890192118B4208D3890192115B
:107780008B4204D389013AD0921100E08909C309E0
:107790008B4201D3CB01C01A524183098B4201D3E2
:1077A0008B01C01A524143098B4201D34B01C01ACD
:1077B000524103098B4201D30B01C01A5241C30845
:1077C0008B4201D3CB00C01A524183088B4201D3B4
:1077D0008B00C01A5241D9D243088B4201D34B00CF
:1077E000C01A5241411A00D20146634652415B1011
:1077F000104601D34042002B00D5494270476346F2
:107800005B1000D3404201B5002000F005F802BD36
:107810000029F8D016E770477047C0468446101C10
:1078200062468C46191C634600E0C0461FB501F055
:107830004FFF002801D40021C8421FBD10B501F040
:10784000A3FE4042013010BD10B501F041FF0028F9
:1078500001DB002010BD012010BDC04610B501F0B5
:1078600037FF002801DD002010BD012010BDC046FB
:1078700010B501F0C9FE002801DC002010BD012078
:1078800010BDC04610B501F0BFFE002801DA00208F
:1078900010BD012010BDC0468446081C6146FFE7AC
:1078A0001FB500F0A9FC002801D40021C8421FBD6B
:1078B00010B500F035FC4042013010BD10B500F0AD
:1078C0009BFC002801DB002010BD012010BDC0463C
:1078D00010B500F091FC002801DD002010BD012052
:1078E00010BDC04610B500F043FC002801DC0020AC
:1078F00010BD012010BDC04610B500F039FC0028B5
:1079000001DA002010BD012010BDC046002B11D1AE
:10791000002A0FD1002900D1002802D00021C9433C
:10792000081C07B4024802A14018029003BDC046DB
:10793000E9FEFFFF03B4684601B5029800F0A0F825
:10794000019B9E4602B00CBC7047C0461300F0B5C8
:1079500045464E4657469146D2179B185340E0B4D1
:1079600004000D009846DB0730D506000F00012308
:107970009A4643465B08984618D022002B00200008
:10798000290001F00FFF5346424604000D00134248
:10799000EFD00B0002003900300001F003FF434636
:1079A0005B0806000F009846002BE6D14B463000DE
:1079B0003900002B05DA32003B000020054901F0B8
:1079C000CDFA1CBC90469946A246F0BD0026014F58
:1079D000CDE7C0460000F03F9E2110B5C905041C4C
:1079E000FFF78AFF002803D1201C00F0E3FE10BD42
:1079F0009E21201CC90500F057FD00F0DBFE80230E
:107A00001B069C466044F2E770B500220C4B040054
:107A10000D00FFF737FF002804D12000290002F0F5
:107A2000AFFC70BD064B00222000290002F034F9A3
:107A300002F0A6FC80231B069C466044F1E7C0468A
:107A40000000E04170B500220B4B0D00040001F076
:107A5000A9FEFFF7D9FF060002F00AFD0022074B3E
:107A600001F0A0FE02000B002000290002F014F932
:107A7000FFF7CAFF310070BD0000F03D0000F0418B
:107A8000F0B54D46564644465F46F0B4924683B044
:107A900004000D0099468B422FD82CD04946504601
:107AA00002F01CFE29000600200002F017FE331A27
:107AB0009846203B9B4600D574E053465A46934077
:107AC0001F005346424693401E00AF4229D826D09D
:107AD0005B46A41BBD41002B00DA79E000220023A5
:107AE0000092019301235A46934001930123424699
:107AF0009340009319E08242D0D9002200230092E3
:107B000001930C9B002B01D01C605D6000980199D3
:107B100003B03CBC90469946A246AB46F0BDA3429A
:107B2000D6D900220023009201934346002BE8D0CF
:107B3000FB0772081A4346467B080EE0AB4201D1B0
:107B4000A2420CD8A41A9D41012024196D410021A4
:107B5000013E24184D41002E06D0AB42EED9013E25
:107B600024196D41002EF8D15B4600980199001947
:107B70006941002B22DB2B005A46D3402A004446A1
:107B8000E2401C005B461500002B2CDB26009E40CB
:107B9000330026004746BE403200801A99410090CB
:107BA0000191AEE7424620239B1A5246DA404146F5
:107BB00013004A468A4017001F4382E742462023AB
:107BC0009B1A2A0046469A402300F3401343D5E708
:107BD0004246202300219B1A00220091019201229B
:107BE000DA40019282E74246202326009B1ADE40BB
:107BF0002F00B446974066463B003343C9E7C04672
:107C0000F8B54A02430244004E00C50F240E280076
:107C10009B09360EC90F92098D4259D0A01B00282E
:107C200000DC8DE0002E1AD1002A00D079E05A073E
:107C300004D00F221A40042A00D004335A0138D548
:107C40000134FF2C00D189E028009B015B0AE4B2DB
:107C50005B02E4055B0A2343C0071843F8BDFF2C11
:107C6000E5D08021C9040A431B2800DD89E0160005
:107C70002021C640081A8240511E8A4132439B1A75
:107C80005A0114D59B019E09300002F009FD053808
:107C90008640844265DC041B330020200134E3402D
:107CA000041BA640721E964100243343BFE75A07C7
:107CB000BFD1DF082800FF2C2FD1002F00D187E093
:107CC0008022D20313003B435B025B0AFF24BFE721
:107CD000A11B002949DD002E29D0FF2CA7D080262A
:107CE000F60432431B2900DD8DE017002026CF402B
:107CF000711A8A40511E8A413A439B185A01D6D5BF
:107D00000134FF2C64D0012276491A405B080B40F5
:107D100013438CE7031ECAD100207B025B0AE4B246
:107D200096E701380028AAD0FF2C9DD17FE7002AD2
:107D300000D17CE701390029DFD0FF2CD2D176E7D2
:107D4000002820D1601CC0B2012853DD80279E1A74
:107D5000FF0437402FD0D61A0D0095E728000023E6
:107D600076E7614B241A334061E700294DD1611C4D
:107D7000CEB2012E2FDDFF292AD09B185B080C0004
:107D800055E701227BE7002C1BD1002B5BD0C043C1
:107D900000280CD0FF2E7ED01B2800DD92E01D00B5
:107DA0002024C540201A8340581E83412B43D31AF8
:107DB00034000D0064E7002E00D065E700200024A9
:107DC000ABE7FF2E67D08024E40440422343E3E77F
:107DD000FF2400233CE7002C61D1002B7ED0002A39
:107DE00000D124E79B185A0100D460E73E4A0C00FA
:107DF00013401CE7002C1ED1002B2FD1002A66D087
:107E000013000D0013E7012277E7002C1FD1002B90
:107E10005AD0C94300290BD0FF2E50D01B295FDC5C
:107E20001F002024CF40611A8B40591E8B413B43D9
:107E30009B18340062E7002B1CD1002A4AD01300A3
:107E40000D00FF24F3E6130034000D00EFE6FF2ED3
:107E500035D08024E40449422343DFE7002A00D1DF
:107E6000E5E68027981AFF04074000D152E7D31AAD
:107E70000D00DCE6FF24002A00D1D8E68020DB08D4
:107E8000C003034204D0D208024201D113000D0006
:107E9000DB00FF24CBE61300FF240D00C7E6002B18
:107EA0000DD0FF24002A00D1C1E68021DB08C903E0
:107EB0000B42EDD0D2080A42EAD11300E8E71300E2
:107EC000FF24B4E6012372E713003400AFE6002775
:107ED000002022E780270020FF03F1E61300A6E63A
:107EE0000123A5E7FFFFFF7DFFFFFFFBF0B556462F
:107EF00044465F464D46F0B444024600C70F83B087
:107F00008846650A360EBA463DD0FF2E22D00023A1
:107F1000EC00802599469B46ED0425437F3E434671
:107F20005C025800DB0F640A000E984636D0FF282A
:107F300030D080230021E400DB041C437F38301A5A
:107F40000190484642460843724E800030587A40BD
:107F500013008746002D44D108239946063B9B46D3
:107F6000DDE70122FF2000241A406402C305640AF1
:107F7000D2071C431443200003B03CBC90469946F2
:107F8000A246AB46F0BD002D20D104239946033B09
:107F90009B46C4E7002C17D1022102E0002C0AD135
:107FA0000121321A01924A4643460A435A48920036
:107FB00082587B409746200002F072FB431F7630C8
:107FC0009C4040420021BAE70321B8E7280002F0B4
:107FD00067FB431F9D4000237630464299469B46EF
:107FE0009DE70C239946093B9B4698E78024002295
:107FF000E403FF20B9E70024C2468B465A465346A5
:10800000022AAED0032A7DD0012A31D101220020DC
:108010001A400024A9E70122101A1B2856DD1A4035
:1080200000200024A1E78023DB031D424BD18023E5
:10803000DB032B435C02640A3A00FF2095E76D01E5
:108040006001854230D2019A0024013A01921B223C
:108050000127290064006D00002901DBA84201D836
:108060002D1A3C43013A002AF3D16A1E95412C4354
:1080700001987F300028CEDD620704D00F22224015
:10808000042A00D00434220103D5244A0198144064
:108090008030FE2800DD64E70122A401640AC0B23A
:1080A0001A4062E72C00A9E72D1A1A220124CFE713
:1080B0006B02BCD500248023DB031C436402640AEA
:1080C0004246FF2051E71C42B3D1F4E721002022B1
:1080D000C140101A8440621E94410C43620704D0D0
:1080E0000F222240042A00D00434620104D5012268
:1080F00001201A40002438E70122A401640A1A4032
:10810000002032E78023DB031C436402640A5246EA
:10811000FF202AE7046E0300446E0300FFFFFFF711
:10812000430270B542004C005D0AC30F4802120EB4
:10813000460A240EC90FFF2A0FD0FF2C11D00120B0
:10814000A24200D070BDB542FCD18B420DD0002AB6
:10815000F8D12800431E9841F4E70120002DF1D109
:10816000EBE70120002EEDD1E9E70020EAE7C04669
:108170004302F0B542005D0AC30F4802440A4800BA
:10818000120E000EC90FFF2A1FD0FF2822D0002A8E
:1081900009D16E426E4100280FD1002C0DD1002074
:1081A000002D09D005E0002801D1002C01D08B4220
:1081B00013D0584201231843F0BD002EF7D0484297
:1081C0004141012049420843F6E7002DDDD002205D
:1081D0004042F1E7002CDAD0F9E78242E9DC04DB27
:1081E000A542E6D80020A542E6D2584243410120EC
:1081F0005B421843E0E7C0464302F0B542004C0042
:108200005E0AC30F4802120E450A240EC90FFF2A48
:1082100017D0FF2C19D0002A0BD170427041002CCE
:1082200017D0002807D04842414101204942084365
:10823000F0BD002C13D08B4214D0584201231843B8
:10824000F6E70220002EF3D1E3E70220002DEFD164
:10825000E1E7002DE5D10020002EE9D0EDE7002D6B
:10826000E9D1EAE7A242E8DC04DBAE42E5D800202F
:10827000AE42DDD25842434101205B421843D7E76A
:10828000F0B557464E4645464300E0B446028846A0
:10829000760A1F0EC40F002F47D0FF2F25D00023D2
:1082A00080259A469946F600ED042E437F3F4346CB
:1082B00042465D02D20F5B006D0A1B0E904640D015
:1082C000FF2B39D080220020ED00D20415437F3BE4
:1082D000FB1842465746591C62408C4607430F2FF5
:1082E0005CD86F49BF00C9598F46002E45D108237D
:1082F0009A46063B9946DAE7424602282DD00328E3
:1083000000D1C3E0012800D0A2E0002500260240F1
:10831000D4B27602ED05760A2E43E40726433000F8
:108320001CBC90469946A246F0BD002E1AD10423EB
:108330009A46033B9946BAE72A00511E8A41901C8F
:10834000C6E70120002DC3D0280002F0A9F9431F81
:1083500076309D4043420020BAE70124FF251440B7
:108360000026D6E7300002F09BF9431F9E40002311
:10837000763047429A46994699E70C239A46093B3C
:10838000994694E780260024F603FF25C1E73500CF
:108390004846B2E7350022004846AEE72904090CFA
:1083A0000800370C3604360C2C0C794370436743B5
:1083B0007443060C64183619B14203D9802149026E
:1083C000884647440004000C310409188D01681EDA
:1083D0008541890E2943350CED19AD010D43290165
:1083E00004D5012369081D4063460D4319007F3100
:1083F000002925DD680704D00F202840042800D07C
:108400000435280103D5274980330D401900FE2982
:10841000A3DC0124AD016E0A1440CDB279E78020BF
:10842000C003064207D0054205D128434602760A1A
:108430004446FF256DE706437602760AFF2568E786
:108440000124611A1B2905DD14400025002660E780
:108450006346CBE72E002023CE40591A8D406B1E79
:108460009D412E43730704D00F233340042B00D0CB
:108470000436730104D5012401251440002648E781
:108480000124B601760A1440002542E78026012423
:10849000F6032E437602760A1440FF2539E7C046DC
:1084A000846E0300FFFFFFF7F8B54A024E00430257
:1084B0004400240EC50F9B09360EC90F9209FF2EEA
:1084C00000D183E001204140A01BA9425CD00028DC
:1084D00000DC95E0002E1CD1002A00D081E05A0774
:1084E00004D00F221A40042A00D004335A013BD58D
:1084F0000134FF2C00D191E001209B015B0AE4B222
:1085000005405B02E4055B0AED0723432B4318009B
:10851000F8BDFF2CE3D08021C9040A431B2800DDED
:1085200090E016002021C640081A8240511E8A4160
:1085300032439B1A5A0115D59B019E09300002F067
:10854000AFF80538864084426CDC041B33002020E1
:108550000134E340041BA640721E964100243343BD
:10856000BDE70D005A07BCD1DF0801231D40FF2CD9
:1085700033D1002F00D190E08022D20313003B437F
:108580005B025B0AFF24BCE700284FDD002E2ED0E3
:10859000FF2CA4D08025ED042A431B2800DD97E0A2
:1085A00016002025C640281A8240501E82413243C0
:1085B0009B185A01D5D50134FF2C6DD001227B4880
:1085C0001A405B08034013430D0088E7002A00D0DF
:1085D0007AE777E7031EC5D100257B025B0AE4B288
:1085E0008FE701380028A4D0FF2C97D177E7002A25
:1085F00000D174E701380028DAD0FF2CCDD16EE726
:10860000002821D1601CC0B2012858DD80279E1AA5
:10861000FF0437402FD0D61A0D008FE701231D40ED
:1086200000236EE7624B241A334058E7002851D1EB
:10863000601CC6B2012E33DDFF282DD09B185B08CD
:1086400004004CE7012274E7002C1AD0FF2E1FD043
:108650008024E404404223431B2800DD96E01D00F3
:108660002024C540201A8340581E83412B43D31A2F
:1086700034000D005EE7002E00D05FE700250024E7
:10868000ABE7002B44D0C0430028F0D0FF2EE3D14D
:108690001300FF240D0022E70D00FF24002330E724
:1086A000002C5DD1002B7DD0002A00D117E79B184C
:1086B0005A0100D456E73E4A040013400FE7002C4D
:1086C0001ED1002B2FD1002A65D013000D0006E724
:1086D00001226DE7002C1FD1002B59D0C043002888
:1086E0000BD0FF2E4FD01B285EDC1D002024C54080
:1086F000201A8340581E83412B439B18340058E7AF
:10870000002B1CD1002A49D013000D00FF24E6E6FF
:10871000130034000D00E2E6FF2E34D08024E40480
:1087200040422343DFE7002A00D1D8E68027981A89
:10873000FF04074000D14DE7D31A0D00CFE6FF2418
:10874000002A00D1CBE68020DB08C003034204D01E
:10875000D208024201D113000D00DB00FF24BEE667
:10876000002B10D0FF24002A00D1B8E68020DB08BF
:10877000C003034203D0D208024200D11300DB0041
:108780000D00FF24ABE61300FF24A8E601236EE7EB
:1087900013003400A3E6002700251EE780270025EC
:1087A000FF03E9E613009AE60123A6E7FFFFFF7D3A
:1087B000FFFFFFFB4302590A4300C20F1B0E0020BC
:1087C0007E2B0EDD9D2B0DDC802000040143952BBC
:1087D0000BDC9620C31AD9400B005842002A00D166
:1087E00018007047034BD018FBE7963B99400B00ED
:1087F000F3E7C046FFFFFF7F70B5002830D0C317F6
:10880000C5185D40C40F280001F04AFF9E231B1AC3
:10881000962B0DDC9622D21A95406A02520AD8B2E3
:108820005202C005520AE40702432243100070BD01
:10883000992B19DC9922D21A9540124A2A406907CD
:1088400004D00F210D40042D00D00432510103D576
:108850000C4B1A409F231B1A9201520AD8B2DFE731
:10886000002400200022DBE705222E00121AB92185
:10887000D6402A00C91A8A40551EAA413500154320
:10888000DBE7C046FFFFFFFB70B5041E28D001F0F8
:1088900007FF9E231B1A962B0ADC9622D21A9440BD
:1088A0006202520AD8B25202520AC005104370BD89
:1088B000992B18DC9922D21A9440114A2240610760
:1088C00004D00F210C40042C00D00432510103D5F8
:1088D0000B4B1A409F231B1A9201520AD8B2E2E7AF
:1088E00000200022DFE705222500121AB921D54019
:1088F0002200C91A8A40541EA2412C001443DCE70E
:10890000FFFFFFFBF8B556465F464D464446F0B4C0
:108910000F00FD0FAA4609037C002E005F00450FE3
:10892000490A7F0D2943C5001803BC46400A570F6A
:10893000640DDB0F3843D2009A4500D1AAE06646A9
:10894000A61B002E00DCFFE06346002B39D103009C
:10895000134300D0D9E06B0709D00F232B40042B21
:1089600005D02B1DAB42AD416D4249191D000B02D4
:1089700000D482E0CA4B01349C4200D1FEE00A00E0
:108980005646C84BED081A4050076405520205438D
:10899000120B640D002112030B0D1B056405120B55
:1089A0001A436308C04CF60714401C436400640873
:1089B0003443280021003CBC90469946A246AB4671
:1089C000F8BDB74B9C42C6D080231B041843382EF9
:1089D00000DDEBE01F2E00DD1EE120239B1B9C46EB
:1089E00003006746BB40984613004746F3403B43AD
:1089F0006746BA40571EBA4113430200F240EB1AD1
:108A00009D42B6411D008A1A7642911B0B0231D558
:108A10004A02560A002E00D1B4E0300001F040FEB8
:108A20000300083B1F2B00DDB5E020222900D21AED
:108A3000D1409E400A009D4032439C4200DDB1E09F
:108A40001C1B631C1F2B00DDD5E020211400280017
:108A5000C91A8C40D8408D400443DA40681E8541D5
:108A600011002543002476E74146314300D134E22A
:108A7000310045466B0700D06FE756464807ED08C2
:108A8000C9080543864B9C4235D00A036405120B86
:108A9000640D7FE76346E31A9B46002B00DC8BE006
:108AA0006746002F3CD07E4FBC4200D153E7802761
:108AB0003F0438435B46382B00DCF7E00243501E8E
:108AC00082410020D2B253194218AB4289411D00A5
:108AD000494289180B02CDD5714B01349C4200D11B
:108AE0003DE101206F4A6B080A4028401843D50732
:108AF000054351082FE72B000B4300D1CBE1802326
:108B00001B030B431A03120B44E7013E002E6DD1E9
:108B1000AE1AB5429B41091A5B42C91A350075E786
:108B20000700174300D116E701235B429C46E3444C
:108B30005B46002B00D0E0E0AA18AA429B4109182E
:108B40005B4259181500C5E7002E75D1661C7605E5
:108B5000760D012E00DCF3E0AE1AB0464545BF416C
:108B60000E1A7F42F61B370200D48FE0551BAA4233
:108B7000B641411A76428E1B9A464BE75646002272
:108B8000002507E7280001F08BFD20300300083B9B
:108B90001F2B00DC49E72A002838824000259C4230
:108BA00000DC4DE73F49E41A1140D4E60243501E71
:108BB0008241D3B2002222E7002B00D0F3E0631CF5
:108BC0009C465B055B0D012B00DC9FE0344B9C4514
:108BD00000D1C3E0AA180918AA42804140424118B6
:108BE000CD075208154349086446B4E62C4B9C4215
:108BF00000D0ECE6AFE611001F3CE1400C00202B5A
:108C000000D17FE04021CB1A9A4015436A1E95415E
:108C10000021254300242DE733000700203BDF40DF
:108C20003B00202E70D04027BE1BB0400243501E98
:108C3000824113430022E2E6002C4FD0184CA44599
:108C400000D1ABE08024240476422143382E00DD9D
:108C5000DFE01F2E00DD43E12027BC1BA1460C00F6
:108C60004F46BC40A0462C004746F4403C434F468C
:108C7000BD406F1EBD41F1402C43151BAA429241DD
:108C8000411A5242891A64469A46BFE64146454611
:108C9000314300D0BEE6002600240025F2E6C0469F
:108CA000FF070000FFFF7FFFFFFF0F801F2B59DC36
:108CB0002027FF1ABC46070063469F405B46B94623
:108CC0001700DF40B8464F4643461F4363469A406D
:108CD000531E9A415B463A43D840F4E60C002C43BD
:108CE0005CD0F643002E55D1551BAA42A441411A2F
:108CF0006442091B9A46644688E6964FBC4200D0FF
:108D0000D8E628E6002280E700208FE70B002B43FF
:108D1000002C00D0C2E0002B00D101E1030013437E
:108D200000D118E6AB18AB42B6410918764271186B
:108D30000A0200D409E1884A1D00114064460AE68F
:108D4000002C5BD10E002E4300D08AE001001143BD
:108D500000D1C2E0010015009A46FCE564460021FE
:108D600000258FE620235B429C46DC4463460700D7
:108D7000DF405B46BC46202B00D1ACE040235F4681
:108D8000DB1B98400243501E8241634613431A0086
:108D9000002098E66F4CA44500D057E7010015006D
:108DA00064469A46D7E5002C39D10C002C436ED08E
:108DB000DB43002B1AD0674CA44568D0382B00DD6C
:108DC000A4E01F2B00DDAEE020240F00E41AA74032
:108DD000B9462F00DF40B846A3464F4644462743D6
:108DE0005C46A5406C1EA541D9403D43AD18954257
:108DF0009B4109185B42591864466BE60C002C43F2
:108E000015D1010011437BD0010015009A46514C49
:108E1000A1E50D43691E8D410021ECB22DE74D4CBB
:108E2000A44534D0802424045B422143C6E70400D7
:108E300014434ED0ED084C072C438025C9082D0360
:108E4000294208D0C6082E4205D1D2084107114355
:108E50000C009A463100620FC900E50011433D4CF9
:108E600079E50600164300D175E5AE1AB0464545D2
:108E7000BF410E1A7F42F61B370200D4F4E5551BA2
:108E8000AA42B641411A7642891B9A4663E501001F
:108E9000150064465FE5002200257BE5002B3BD0F2
:108EA0000300134315D0ED084B072B438025C90859
:108EB0002D03294207D0C4082C4204D141070B00DE
:108EC0002100D2081343C9005A0F1143DD00214C81
:108ED00041E5204C3FE5002054E700260025D1E580
:108EE00034000F00203CE7403C00202E2BD04027D0
:108EF000BE1BB1400D43691E8D4100212C43BCE6D1
:108F0000802100260903134C0025BBE50D43691E93
:108F10008D410021EDB269E7010015000D4C1AE505
:108F20000100150017E51C000F00203CE7403C0045
:108F3000202B0CD04027FB1A99400D43691E8D4110
:108F40000021254352E70021D4E71D0092E50021CE
:108F5000F3E7C046FF070000FFFF7FFFF0B556466E
:108F60004D4644465F46F0B41D000E034C00CB0F47
:108F700087B0070092468146360B640D98466AD04A
:108F80006D4B9C4235D08022430F12041343F600F0
:108F90001E43C3009946694B00279C460023644446
:108FA00002932B0368001B0BED0F51469B46400DAF
:108FB000009500D178E0604B98426CD05B46DA00B7
:108FC0004B0F802109040B4313439B465346D900A2
:108FD0005A4B9C46002360444246201A6A409246FF
:108FE00001901F430F2F00D9B0E05548BF00C05972
:108FF0008746374300D088E000239946023308278C
:1090000000260293CDE74346B34649460093029BB0
:10901000009A9246022B00D0BFE100215346012264
:10902000002689461A40444B002136030C0D2405C6
:10903000360B2643434C1B0526401E437600D207C1
:10904000760816434846310007B03CBC9046994626
:10905000A246AB46F0BD330003434FD0002E00D1F3
:10906000BCE1300001F01CFB03000B3B1C2B00DDBE
:10907000ADE11D220100D31A08393A008F408E401D
:10908000DA40B9461643304B00279C460023604423
:109090004442029385E753465A4613432CD100239A
:1090A00000219B46023397E70B4320D05B46002B01
:1090B00000D19EE1584601F0F3FA03000B3B1C2B54
:1090C00000DD8FE102005946083A91408B461D2190
:1090D000CB1A5146D9400B0059460B4351469B468B
:1090E0009140194B9C4660444042002374E70023A2
:1090F00000219B4601336FE703236DE70023994668
:1091000001330427002602934BE703230C27029325
:1091100047E70122D51A382D00DCB0E153461A404A
:1091200000210023002689467EE7002380269946F9
:1091300000223603004B77E7FF07000001FCFFFF2A
:10914000C46E0300FFFF0F80F30300005E4500D9EB
:1091500072E100D16DE1019B4D46013B019300237B
:10916000340002935B461E020B0E1E430B02039358
:10917000330C994633041B0C494620000093FEF73C
:10918000D7F9009B37004343060049462000984624
:10919000FEF754FA2C0C09040C43A04509D9E41934
:1091A000731EA74200D95CE1A04500D859E1023EF8
:1091B000E4194346E41A49462000FEF7B9F90300D2
:1091C000009A80465343494620009B46FEF736FAF4
:1091D0002A040904120C0A4393450DD94346D219B7
:1091E000013B974200D93AE1934500D837E1022389
:1091F0005B429C46D219E0445B46D21A4346360491
:1092000033439B460399180C0B0C1D00059309046E
:109210005B46090C0C001B041B0C4443049159438E
:109220006B4368431B190D0CEB189C4203D9802437
:109230006402A44660441C0C09041B04090C201899
:109240005D18824200D2DEE000D1D7E0161A029B00
:109250009C465D1BAC459B415B42F61AB74200D170
:1092600006E149463000FEF763F9009B04004343E2
:10927000494630009846FEF7E1F92E0C09040E43EA
:10928000B04509D9F619631EB74200D9F3E0B045DD
:1092900000D8F0E0023CF6194346F31A494618009C
:1092A0000293FEF745F9009B0600434349460298A6
:1092B0009846FEF7C3F92D0409042D0C0D43A8456B
:1092C00009D9ED19731EAF4200D9D6E0A84500D8E0
:1092D000D3E0023EED192404210043463143049EAD
:1092E000059A3000ED1A0B040C0C1B0C5843664316
:1092F000534354439A19030C9B189E4203D980226E
:109300005202944664441A0C00041B04000C141905
:109310001B18A54250D34DD001231943964A019BF7
:1093200094466344002B00DCF3E64A0709D00F2281
:109330000A40042A05D00A1D8A42894149428B44C9
:1093400011005A46D20108D55A468C4B1A40934612
:109350008022D2009446019B6344894A934200DDF7
:109360005BE65A46C9085007084356025146012297
:109370005B058146360B5B0D0A4055E680231B03D7
:109380001E4211D05A461A420ED15E461E43360383
:10939000360B2A0089467B4B46E6032B00D1E1E0E1
:1093A000012BBBD11A40BBE61E433603360B4246A7
:1093B000744B39E6002BB1D07D194A1EAF4252D909
:1093C0001100A542A8D1039A9A42A5D1A6E70300AD
:1093D0003E00283B9E400023994654E601F060F988
:1093E000203041E603005246283B9A400021934634
:1093F00077E6504601F054F920305EE6029B0026E5
:10940000AB4200D323E7039E0299B44661448846E9
:10941000B045B6415B467642F619B218013B02915F
:10942000974213D290424FD800D18EE0161A9B4635
:109430000DE7894500D28EE674084B46F6073500E5
:109440005B081D434B46DB0702938BE69742EDD149
:109450000399029CA142E5D93E1A9B46F7E698463D
:10946000CAE61E00A5E6AC423ED874D0110053E710
:109470000121494252E71C000EE71E002BE71F2D79
:109480003CDC20230A0058465B1B9840EA40994088
:109490000243481E81415E461143EE404B0709D00E
:1094A0000F230B40042B05D00B00191D99429B4143
:1094B0005B42F61833023CD55346012200211A4084
:1094C000002601238946AFE502235B429C46039CAC
:1094D000E344A446029B63449846A045B6417642C5
:1094E000F6190293B218B1E603988A1E4100814230
:1094F000B6417642F619AD19039161E71F22524237
:10950000D31A5A46DA401300202D29D0402258465B
:10951000551BA8400143481E814107200B431840BA
:109520000026002809D00F2200261A401900042A1C
:10953000BBD10B0070077602360BDB08034399465C
:10954000012253461A4000236EE502998D42BBD892
:109550009B4600267BE603989842C5D3110032E76C
:109560000020D7E780265B4636031E433603360BC2
:10957000009A8946034B57E5FF030000FFFFFFFEFB
:10958000FE070000FF070000F0B55F4656464D4657
:109590004446F0B41F035C00DB0F9A46194B0E03E0
:1095A0004D00C90F8046360B6D0D8B4691463F0B23
:1095B000640D9D4219D0134B9C421BD00123A54240
:1095C00006D018003CBC90469946A246AB46F0BD7A
:1095D000BE42F6D1C845F4D1D34510D0002DF0D10C
:1095E000304303005A1E9341EBE73100012301434E
:1095F000E7D1E0E73A430123002AE2D1DEE7002386
:10960000DFE7C046FF070000F0B55F464446564618
:109610004D46F0B41F033C0B2C4F0E034D00A346E8
:109620005C008446360B6D0DC90F9046640DDB0F50
:10963000BD422BD0254FBC422ED0002D0ED1304341
:109640000700814678427841002C17D15F463A43A3
:1096500014D14B460020002B0AD006E0002C02D18A
:109660005846024301D099421AD001234842184378
:109670003CBC90469946A246AB46F0BD0028F2D0CD
:1096800058425841012240421043F1E73700074356
:10969000D0D002204042EBE75F461743CDD0F8E739
:1096A000A542E2DC05DB5E45DFD808D000205E4540
:1096B000DED248424841012340421843D8E7C4451E
:1096C000D3D80020C445F4D3D2E7C046FF0700003A
:1096D000F0B55F464D4644465646F0B41C03240B95
:1096E000A4462F4C0F034D005E00C90F80463F0B70
:1096F0006D0D8B469146760DDB0FA54220D0284C90
:10970000A64222D0002D12D1384344424441002EBB
:1097100020D0002C0DD05C42634101245B421C43ED
:1097200020003CBC90469946A246AB46F0BD002EB8
:1097300017D05B4519D05B465C4201231C43EFE721
:10974000390002240143EBD1D9E7614602241143D9
:10975000E6D1D7E761460A43DBD100240028DFD0F9
:10976000E9E761460A43E4D1E5E7B54203DD0122BA
:109770005C421443D4E7B542CDDB6745DBD809D062
:1097800000246745CCD259464C42614101244942EC
:109790000C43C5E7C845CED80024C845F3D3BFE77E
:1097A000FF070000F0B55F4656464D464446F0B40C
:1097B0000D0399464E002B0B87B00700924680465A
:1097C0009B46760DCC0F002E69D06D4B9E4235D056
:1097D0005B468022DD001204430F13432B439B465C
:1097E000C3009846674B00279C46002366440193BC
:1097F0004A4615035000D20F53462D0B400D91469B
:1098000000D176E05E4A90426CD080225B0F120459
:1098100013435C4AED0094461D4353460022DB008F
:10982000604449463618701C6140029017430F2F60
:1098300000D9AFE05448BF00C759BF465B461F433D
:1098400000D088E000239B46984602330827019306
:10985000CEE74946022A6AD0032A00D109E2012A4A
:1098600000D0BBE111400022002300259046CCB27D
:1098700000212D030A0D12052D0B1543434A1B052C
:1098800015401D436D00E4076D082543404629003F
:1098900007B03CBC90469946A246AB46F0BD034398
:1098A00052D05B46002B00D18AE1584600F0F8FE0A
:1098B00003000B3B1C2B00DD7BE11D22D31A3A0079
:1098C00001005D46DA4008398D4013008F402B437C
:1098D0009B46B8462E4B00279C46002360444642D8
:1098E000019385E752462A432CD10025002302220A
:1098F00097E752462A4321D0002D00D154E1280099
:1099000000F0CEFE03000B3B1C2B00DD46E11D21C9
:10991000CB1A51460200D9405346083A954093402D
:109920000D431B4A944660444042002279E70124DB
:1099300000220C40124B0025904699E70025002399
:1099400001226EE703226CE700239B469846013311
:10995000042701934CE703230C27019348E70023D6
:109960008025984600242D03054B81E75D4643463C
:10997000019A6FE75D4643462100019A6AE7C046B7
:10998000FF07000001FCFFFF046F0300FFFF0F80D3
:10999000F30300004246120C91461A0C94464246CC
:1099A00017044A461B041B0C5A43604690464A461D
:1099B00042431000039262461C003F0C7A437C43F2
:1099C00042440192220C9246019A5244904506D993
:1099D0008246802040028046C24450460390100CCC
:1099E000049048462404240C1204121905922A0CEF
:1099F0002D042D0C68432C00824648467C4350437E
:109A00008146200C8046574357444744BA4503D902
:109A1000802040028046C144380C3F04B846484488
:109A20002404240C01900498A04440440490584617
:109A3000000C814658460404200C82460700484624
:109A40005F434C464343604660436446834650460A
:109A50004443380C8446E4186444A34203D9802369
:109A60005B029C46E34448463F04230C3F0C24041D
:109A7000E419574668436F4384464D465046554364
:109A80004243380C814662444A445B44944503D9BE
:109A9000802040028446654403983F04834604982E
:109AA0003F0C8446E344C345804140428246100453
:109AB00084460198674484466744A344BC46A34552
:109AC000A4419946D44464428742BF41D445804171
:109AD000E144A04699459B417F424042C844074328
:109AE000120CBA18A045A4415F423B0064422343D4
:109AF000D71843467D19DB0D6D021D435B465A02A4
:109B0000059B1A43531E9A415B46DB0D1A4343469D
:109B10005B021343EA0107D501225C08134023438B
:109B2000EA07029E13436D08574AB218002A4BDD1C
:109B3000580709D00F201840042805D0181D984256
:109B40009B415B42ED180300E80104D54F4A1540E4
:109B50008022D200B2184E48824200DDE7E601249E
:109B6000DB08680718436D02530580462D0B5B0D1B
:109B70000C407DE6802259461203114208D015425E
:109B800006D115432D0398462D0B4C46414B6FE6ED
:109B90005D4615432D032D0B3E4B69E603005546EC
:109BA000283B9D400023BCE6504600F079FD203064
:109BB000A8E60300283B9F400023BB46984689E661
:109BC00000F06EFD203073E60124A61A382E07DD62
:109BD00000220C4000230025904649E6029EA3E7A0
:109BE0001F2E20DC20222C001800921BF0409440F5
:109BF00093400443581E83411C43F540630709D03A
:109C00000F232340042B05D023001C1D9C429241AE
:109C10005242AD182B021FD5012400220C40012313
:109C20000025904624E61F202C004042821AD44092
:109C3000202E1CD04022961BB5402B43581E83413A
:109C40000720234318400025002809D00F220025B3
:109C50001A401C00042AD8D1230068076D022D0B7E
:109C60000124DB08034398460C40002300E600254E
:109C7000E3E780220124120315432D0398462D0BA0
:109C80000C40044BF4E5C046FF030000FFFFFFFE5D
:109C9000FE070000FF070000F0B557464E46454658
:109CA000E0B40E001100F20F9246C500420F1803F7
:109CB00037037400400A4E0F7F0A3043CF4E1743DC
:109CC0005A00640D520DDB0FC900B24200D1E5E02D
:109CD00001267340A61AB446534500D1AFE0002ECA
:109CE00000DC0DE1002A3AD103000B4300D0E4E090
:109CF0006B0709D00F232B40042B05D02B1DAB4243
:109D0000AD416D427F191D003B0200D488E0BB4B82
:109D100001349C4200D110E13A00B94B51461A403F
:109D200001235007ED08520264050543120B640D30
:109D30000B400021280012030D0D120B64052D05A8
:109D400015436208AF4CDB072C40144364006408E1
:109D50001C4321001CBC90469946A246F0BDA74B6F
:109D60009C42C5D080231B0418436346382B00DD7A
:109D7000FDE01F2B00DD30E1624620239B1A02002C
:109D80009A40664690460A009940F24046464B1E6D
:109D900099413243114363460200DA40691A8D4209
:109DA0009B410D00BA1A5B42D71A3B0235D57A02A5
:109DB000530A98464346002B00D1C4E0404600F0C9
:109DC0006FFC0300083B1F2B00DDC5E020222900AB
:109DD000D21A4746D1409F400A009D403A439C42D8
:109DE00000DDC0E01C1B631C1F2B00DDE4E0202114
:109DF00014002800C91AD8408C408D400443DA4032
:109E0000681E854117002543002471E742466346DA
:109E10001A4300D14CE2674645466B0700D069E71C
:109E2000012351467807ED08FA080B4005437349B2
:109E30008C4238D012036405120B640D79E7002EB2
:109E400000DC9AE0002A47D06C4A944200D14FE7E8
:109E50008022120410436246382A00DC08E10143E4
:109E6000481E81410022C9B24919D219A942BF41F5
:109E70000D007F42BF183A0200D442E15F4A01342C
:109E8000944200D14EE101205D4A69083A402840E1
:109E90000843D507054357089A4629E706000E43AD
:109EA00000D017E714E72900114300D1F9E1802120
:109EB00009030A431203120B3BE701235B42984656
:109EC000C4446346002B72D1691A8D429B413F1AEC
:109ED0005B42FF1A0D0068E702000A4300D107E762
:109EE000012252429046C4446246002A00D0E6E075
:109EF0006918A942B6413F187642F7190D00BAE732
:109F0000002E00D080E0621C5205520D012A00DCB8
:109F1000F9E06A1A91464D45B6413A1A7642921BCB
:109F20009046120200D499E04D1BA9428941C71BFB
:109F300049427A1A90469A463CE752460123002548
:109F400013400022F5E6280000F0AAFB20300300B1
:109F5000083B1F2B00DC39E72A0028388240002507
:109F60009C4200DC3EE7264FE41A1740C0E601435E
:109F7000481E81410022C9B210E7002E00D0F1E056
:109F8000621C94465205520D012A00DCA0E01B4AD7
:109F9000944500D1C5E06918A94292413F18524248
:109FA000D2194908D5070D4357086446A0E6134B5C
:109FB0009C4200D0D9E69BE611001F3CE1400C001A
:109FC000202B00D180E04021CB1A9A4015436A1E15
:109FD00095410027254300241FE763460200203BEC
:109FE000DA406346202B71D0402366469B1B984085
:109FF0000143481E814111430022CFE6FF070000C4
:10A00000FFFF7FFFFFFF0F80002C48D0CA4CA24209
:10A0100000D1A2E07442A1468024240427434C4688
:10A02000382C00DDDBE01F2C00DD44E14E4620240F
:10A03000A41B3E00A640A246B0464C462E00E64079
:10A04000B4464646644626435446A5406C1EA54188
:10A0500034002C434D46EF400D1B28E04A46434652
:10A060004D461A4300D0A5E6002300240025DEE675
:10A070001F2A5ADC66462022921B06009640914613
:10A08000B04662460E00D640424616434A469140CC
:10A090004A1E9141020060463143C240E4E63C0062
:10A0A0002C435AD0F443A146002C52D14D1BA94257
:10A0B0008941C71B49427F1A14009A4675E69E4A99
:10A0C000944200D0C7E613E600227FE700208FE726
:10A0D000002C00D0C8E03B002B4300D10FE103006F
:10A0E0000B4300D104E66918A9429B413F185B422B
:10A0F000DF193B0200D41AE1904B0D001F4064466B
:10A10000F6E59A4689E63A002A43002C5CD1002AFB
:10A1100075D102000A4300D1CAE007000D009A463B
:10A12000E6E564460022002581E662460600203A04
:10A13000D6406246B046202A00D1B7E040226646AB
:10A14000921B904001434246481E81411143002228
:10A150008AE6794CA24200D061E707000D001400A6
:10A160009A46C5E5002C41D13C002C4378D0F443FD
:10A17000A146002C20D0704CA24271D04C46382C05
:10A1800000DDB2E01F2C00DDBCE02026341BA2461F
:10A190003C005646B4404E46A0462C00F440A4462F
:10A1A000444666463443A4465446A54064466E1E63
:10A1B000B54125434C46E7406D188D4289413F1813
:10A1C0004942CF19140056E6002A2FD102000A4353
:10A1D00000D184E007000D009A46574C88E53D43C6
:10A1E0006F1EBD41ECB200270D1B60E7524CA2422E
:10A1F00036D0744280263604A1463743BEE70200BB
:10A200000A4300D174E56A1A90464545B6413A1AA8
:10A210007642921B9446120200D4F7E54D1BA942E8
:10A220008941C71B49427F1A9A4661E502000A43E9
:10A230003AD0ED087C072C438025FA082D032A42EA
:10A2400008D0C7082F4205D145072C003A009A468E
:10A25000C9080C43670FD200E5001743364C47E5A9
:10A2600007000D00140043E53A002A4343D00200E2
:10A270000A4319D0ED087C072C438025FA082D03EA
:10A280002A4207D0C6082E4204D147073C003200BC
:10A29000C9080C43D700620FE50017439A46264CC5
:10A2A00026E50022002544E5234C21E5002049E76E
:10A2B00000230025BBE54C463E00203CE6404C46D2
:10A2C000B446202C31D040244E46A61BB7403D4317
:10A2D0006C1EA54164462C4300270D1BE7E6802237
:10A2E00000231203144C0025A1E53D436F1EBD4120
:10A2F0000027EDB260E707000D000F4CF8E40700FF
:10A300000D00F5E44E463C00203EF440A0464C468D
:10A31000202C0ED040244E46A41BA7403D436F1E68
:10A32000BD4144460027254346E70027CFE70D00FF
:10A3300073E50027F2E7C046FF070000FFFF7FFF3D
:10A3400070B50E4E0C031D0349005B00240B490D34
:10A350002D0B5B0DB14204D0084900208B4208D080
:10A3600070BD04430120002CFAD1044900208B4227
:10A37000F6D115432800451EA841F1E7FF0700006C
:10A380000B0330B5134D1A0B4B005B0DC90F0024A6
:10A39000AB4211DD104CA34210DC80246403224345
:10A3A0000E4CE41A1F2C0CDD0D48C31ADA401300C2
:10A3B0005C42002900D11C00200030BD094BCC18A4
:10A3C000FAE7E040084CA44663449A401300034374
:10A3D000EEE7C046FE0300001D0400003304000049
:10A3E00013040000FFFFFF7FEDFBFFFF70B50028A7
:10A3F00030D0C317C4185C40C50F200000F050F9DE
:10A40000174B184A1B1AD21A1F2A18DD164AD21ADD
:10A410009440002224035B05240B5B0D00211000F7
:10A4200024030A0D1205240B1443104A1B05144083
:10A430001C436400ED0764082C43210070BD21001B
:10A4400091400A000B21081AC4405B052403240B29
:10A450005B0DE3E70025002300240022DEE7C04671
:10A460001E0400003304000013040000FFFF0F80EF
:10A4700070B5051E28D000F013F9154B154A1B1AAC
:10A48000D21A1F2A16DD2C00134A0025D21A944036
:10A490005A052403240B520D002124030B0D240B19
:10A4A0001B0523430D4C1205234013435B0028007A
:10A4B000590870BD0B212C00081AC4409540240394
:10A4C0005A05240B520DE7E700220024E4E7C046BA
:10A4D0001E0400003304000013040000FFFF0F807F
:10A4E0004200120E511C4302C9B270B55D0AC40F7E
:10A4F000012915DDE02189008C466D071B0B6244A4
:10A50000002128000D0D2D052B431C4D52052B401D
:10A51000520813435B00E4075B082343190070BD36
:10A52000002A15D1002D1FD0280000F0B9F80A2804
:10A530001DDC0B232A001B1ADA401300020015321F
:10A5400095400F4A1B03121A52051B0B520DD7E7F9
:10A55000002D06D080221B0B120313436D07094AFE
:10A56000CEE7084A0023CBE700220023C8E7030018
:10A570000B3B9D402B000025E3E7C046FFFF0F800B
:10A5800089030000FF0700004B0070B55E0D0C034F
:10A59000751C640A420F6D052243C90FC4006D0D7E
:10A5A000012D2ADD3B4BF318FE2B1ADC002B42DD7C
:10A5B0008001451EA841D2001043620F024350079C
:10A5C00004D00F201040042800D004328020C004A2
:10A5D000104021D00133FF2B03D09201520ADBB28D
:10A5E00001E0FF2300225202520ADB0513435B0005
:10A5F000C9075B080B43180070BD002E07D0144339
:10A60000EFD08020D20080040243FF23D7E722430B
:10A610000023002A03D00522D208FF2B03D05202C8
:10A62000520ADBB2DFE7002A32D08020C0030243A7
:10A630005202520AD7E71800173014DB80200004BA
:10A6400002431E20C01A1F280FDC2500124BF318EE
:10A650009D406E1EB5419A402B0013432200C2401C
:10A660001A430023ABE70023D5E702256D42EB1A1E
:10A670001500DD40202809D0084BF3189A401443F8
:10A68000621E9441220000232A4398E70022F6E745
:10A690000022A8E780FCFFFF82FCFFFFA2FCFFFF77
:10A6A0001C2101231B04984201D3000C10391B0A02
:10A6B000984201D3000A08391B09984201D30009C6
:10A6C000043902A2105C40187047C046040302021D
:10A6D00001010101000000000000000010B5002988
:10A6E00003D1FFF7DDFF203002E0081CFFF7D8FFA1
:10A6F00010BDC046F0B54746494A4B0080B406003D
:10A700000F0088465B0893424BDC464A93420FDCBD
:10A71000454A464BFEF7F6F8454B0022FDF7A8F8F0
:10A720003B00002854D03000190004BC9046F0BD16
:10A73000404A93423CDC8022D205934248DD00F03F
:10A74000F9FA320004000D003B0030003900FFF739
:10A7500029F80022364BFEF7D5F803F01DFA020067
:10A760000B0020002900FEF7CDF802000B000020AE
:10A770002F49FEF7F3FB220006000F002B002000FC
:10A780002900FEF7BFF802000B0030003900FEF789
:10A79000B9F802F095FC43460600002B14DD0B00CF
:10A7A000C1E70B000200FEF7ADF806000B00BAE7A8
:10A7B00000F0C0FA02F084FC1F4B204AFEF7A2F81A
:10A7C00043460600002BEADC80231B06CB18AAE7D1
:10A7D00032003B0030003900FEF7E4FF04000D00BA
:10A7E0003000390000F0A6FA002206000F00104BDE
:10A7F00020002900FEF786F803F0CEF900220C4B6A
:10A80000FEF780F802000B0020002900FEF7A6FBEF
:10A8100032003B00FEF776F800F028FBBBE7C046AD
:10A82000FFFFEF7FFFFF2F3E9C7500883CE4377EE3
:10A830000000F03F0000B041422EE63FEF39FAFE43
:10A84000F8B556464D4644465F46A54BF0B44E001B
:10A85000804689468A4676089E420CDDA14B9E4280
:10A8600000DDA0E000D19BE05346002B00DCE3E0DC
:10A870009D4B9E4A9FE09E4B9E4200DDB1E09D4B6A
:10A880009E4200DC9FE001235B429B4642464B46D2
:10A8900040464946FEF786FF02000B0006000F0007
:10A8A000FEF780FF04000D00934A944BFEF77AFFF9
:10A8B000934A944BFEF726F822002B00FEF772FF16
:10A8C000914A924BFEF71EF822002B00FEF76AFF1A
:10A8D0008F4A904BFEF716F822002B00FEF762FF1E
:10A8E0008D4A8E4BFEF70EF822002B00FEF75AFF22
:10A8F0008B4A8C4BFEF706F832003B00FEF752FF06
:10A90000894A8A4B06000F0020002900FEF74AFF03
:10A91000874A884BFFF7C0F922002B00FEF742FF61
:10A92000854A864BFFF7B8F922002B00FEF73AFF65
:10A93000834A844BFFF7B0F922002B00FEF732FF69
:10A94000814A824BFFF7A8F922002B00FEF72AFF6D
:10A950000B0059460200013100D170E05946300029
:10A96000CC003900FDF7CEFF42464B46FEF71AFFFA
:10A97000774D784B2D191C1922686368FFF78CF905
:10A9800042464B46FFF788F902000B0028686968C9
:10A99000FFF782F953460A00002B48DB03000AE068
:10A9A000002800D160E742464B4640464946FDF745
:10A9B000A9FF03000A00180011003CBC904699460C
:10A9C000A246AB46F8BD644A644BFDF79BFF0022EC
:10A9D000634BFCF74DFF002800D154E743464A463D
:10A9E000E9E700F0A7F95F4B04000D009E4237DC59
:10A9F0005D4B9E425DDC02000B00FDF783FF0022F1
:10AA0000574BFFF749F9802306000F000022DB05B2
:10AA100020002900FDF776FF0B000200390030000E
:10AA2000FEF79CFA0023804689469B462EE780224B
:10AA3000120603008A18BEE72B4B4C4ABBE73000D6
:10AA40003900FDF75FFF42464B46FEF7ABFE0200C2
:10AA50000B0040464946FFF71FF903000A00AAE72A
:10AA6000434B9E421ADC0022424BFFF715F90022AD
:10AA700006000F003F4B20002900FEF793FE002246
:10AA8000374BFDF73FFF0B00020039003000FEF7A7
:10AA900065FA0223804689469B46F7E60B000200D2
:10AAA00035490020FEF75AFA0323804689469B4623
:10AAB000ECE600222A4BFFF7EFF8002206000F0019
:10AAC000274B20002900FDF71DFF0B000200390075
:10AAD0003000FEF743FA0123804689469B46D5E6BF
:10AAE000FFFF0F440000F07F182D4454FB21F93F75
:10AAF000FFFFDB3FFFFF1F3E11DA22E33AAD903F3D
:10AB0000EB0D76244B7BA93F513DD0A0660DB13FA4
:10AB10006E204CC5CD45B73FFF8300922449C23F0C
:10AB20000D5555555555D53F2F6C6A2C44B4A2BFD1
:10AB30009AFDDE522DDEAD3F6D9A74AFF2B0B33F99
:10AB4000711623FEC671BC3FC4EB98999999C93F11
:10AB5000A85F0300885F03009C7500883CE4377E93
:10AB60000000F03FFFFFF23FFFFFE53FFB21F9BF91
:10AB7000FF7F03400000F83F0000F0BF444AF8B5F3
:10AB8000564692464B005B0D9A4444465F464D46FE
:10AB90005246F0B4884605000C000E000700132A48
:10ABA00027DC002A59DB52463A4B134199460B00E9
:10ABB0004A461340034316D0374A384BFDF7A2FEEE
:10ABC00000220023FCF754FE00280AD0002C04DDEC
:10ABD000802352465B031341984446464B46002768
:10ABE0009E43380031003CBC90469946A246AB4695
:10ABF000F8BD5246332A08DD8023DB009A45F2D1A6
:10AC000002000B00FDF77EFEEDE7254A9446012287
:10AC100063445242DA4093460242E4D01E4A1F4B3C
:10AC2000FDF770FE00220023FCF722FE0028D8D09A
:10AC3000002C0CDD5346142B26D03423524601271A
:10AC40009B1A9F407F19AF429B415B4298445B46F1
:10AC500046469F4338003100C5E70F4A0F4BFDF7CA
:10AC600051FE00220023FCF703FE0028B9D0002C7F
:10AC700006DB2C4300270026002CB2D0094EB0E79B
:10AC8000802600273606ACE7133B9C46E044DEE70F
:10AC900001FCFFFFFFFF0F009C7500883CE4377E3E
:10ACA000EDFBFFFF0000F03F30B5204A4B0087B0BE
:10ACB0005B0893421CDD1E4A934205DD02000B0037
:10ACC000FEF7EAFF07B030BD02AA02F08FFC0323B3
:10ACD0001840049A059B012818D002280DD000289E
:10ACE0001ED0029803990124009403F0B7FDE9E710
:10ACF0000022002303F046F8E4E70298039903F0EA
:10AD000041F880231B069C466144DBE700900298D3
:10AD1000039903F0A3FD80231B069C466144D1E701
:10AD20000298039903F02EF8CCE7C046FB21E93FD7
:10AD3000FFFFEF7F49004B0819007047454AF8B5FF
:10AD4000564692464B005B0D9A444D465F4644463C
:10AD50005246F0B4894605000C000E000700132A85
:10AD600022DC002A47DB52463B4B134198460B003E
:10AD700042461340034311D0384A394BFDF7C2FD18
:10AD800000220023FCF774FD002805D0002C41DBD5
:10AD90004E46434600279E43380031003CBC904657
:10ADA0009946A246AB46F8BD5246332A08DD8023B9
:10ADB000DB009A45F2D102000B00FDF7A3FDEDE7A1
:10ADC000284A9446012263445242DA4093460242A2
:10ADD000E4D0224A224BFDF795FD00220023FCF728
:10ADE00047FD0028D8D0002C1ADB5B464E469F4317
:10ADF00038003100D2E7194A194BFDF783FD0022D4
:10AE00000023FCF735FD0028C6D0002C16DB0027F8
:10AE10000026C1E7802352465B0313419944B7E7FC
:10AE20005346142B12D03423524601279B1A9F40BD
:10AE30007F19AF429B415B429944D6E764006408A6
:10AE400025430027002DA7D0074EA5E7133B9C46BE
:10AE5000E144CAE701FCFFFFFFFF0F009C7500887B
:10AE60003CE4377EEDFBFFFF0000F0BFF0B54F463E
:10AE70004646C0B4CA4A8BB004000D000B00914294
:10AE800012DCC84A4E00760896421BDD0022C64BF3
:10AE9000FCF7D4FC002800D181E000220023002030
:10AEA000C249FEF75BF808E0C14A914236DD220054
:10AEB0002B0020002900FDF725FD0BB00CBC9046AF
:10AEC0009946F0BDBB4A964274DDBB4A9446634442
:10AED000934200D98FE00022B84B20002900FDF7F3
:10AEE00011FDB74A0B15914699444B4680460F0019
:10AEF0000E00002B00DCD7E122002B00FEF7CCFE79
:10AF000002000B000020AD49FEF7C6FE42463B00A2
:10AF1000FEF724F84446029003910BE0A94A9342BD
:10AF2000D9DDA74A1E0091461B1599440022002333
:10AF30000292039333031B0B9846A34B984500DD05
:10AF4000EDE042469D4B20001A43110000229B4B2E
:10AF5000FEF7A2FE04000D0000229C4B06000F002D
:10AF6000FEF720FC22002B00FEF71CFC0B00020069
:10AF700004920593009201934346002B49D100228D
:10AF8000002320002900FCF759FC002800D1D5E05F
:10AF90004B46002B00D06BE1002000218DE7220002
:10AFA0002B0020002900FEF777FE02000B00FDF7C2
:10AFB000D5FF82E70022864BFDF7A4FC0022002388
:10AFC000FCF756FC002805D0824B200029009E4249
:10AFD00000DC72E722002B0020002900FEF7E2FBD4
:10AFE00000227A4BFEF7DEFB02000B002000290056
:10AFF000FEF752FE61E70022744BFEF7D3FB2B00F5
:10B000002200FEF7CFFB002326002F009946009078
:10B01000019180230022DB0530003900FDF772FC2E
:10B0200002000B0030003900FDF798FF02000B0012
:10B0300004900591FEF7B6FB04000D00664A674BCD
:10B04000FEF7B0FB664A674BFDF75CFC22002B0065
:10B05000FEF7A8FB644A654BFDF754FC22002B0069
:10B06000FEF7A0FB624A634BFDF74CFC22002B006D
:10B07000FEF798FB604A614BFDF744FC22002B0071
:10B08000FEF790FB5E4A5F4BFDF73CFC22002B0075
:10B09000FEF788FB5C4A5D4BFDF734FC2B00220079
:10B0A000FEF780FB4B4604000D00002B62D04846A3
:10B0B000FFF79CF9564A574B06900791FEF772FB33
:10B0C000009A019B0890099120002900FDF71AFCC5
:10B0D000049A059BFEF766FB4F4A04000D00069894
:10B0E00007994E4BFEF75EFB029A039BFDF70AFCA5
:10B0F00002000B0020002900FDF704FC02000B00F9
:10B1000000980199FEF7C8FD32003B00FEF7C4FD30
:10B1100002000B0008980999FEF7BEFDCDE6012359
:10B1200042469C46294BE1441A4380231100424683
:10B130005B039B1A9B102000984607E7384A334B65
:10B1400020002900FEF72EFB02000B0000201B4907
:10B15000FEF7A2FD049A059BFEF724FB4B46060072
:10B160000F00002B5ED102000B0020002900FEF72B
:10B1700093FDA2E6009A019BFDF7C4FB049A059B90
:10B18000FEF710FB02000B0000980199FEF784FD0A
:10B1900002000B0030003900FEF77EFD8DE6C04650
:10B1A0007982DA3FFFFFEF3F0000F0BF000050C39D
:10B1B000FFFFEF7FFFFF1F3E3C412D400000F03FAF
:10B1C00001FCFFFFFFFF3F439DA006000000E03FA2
:10B1D00000005043FFFF8F3C44523EDF12F1C23F5C
:10B1E0009FC678D0099AC33FDE03CB966446C73F1B
:10B1F000AF788E1DC571CC3F599322942449D23F1C
:10B2000004FA97999999D93F935555555555E53F66
:10B210000000E0FE422EE63F763C7935EF39EA3D0C
:10B22000555555554846FFF7E1F8254A254B0090FE
:10B230000191FEF7B7FA244A04900591009801990C
:10B24000224BFEF7AFFA029A039BFDF75BFB02006D
:10B250000B0030003900FEF71FFD22002B00FEF727
:10B260001BFD02000B0004980599FEF715FD24E66E
:10B270004846FFF7BBF8144A144B04000D00FEF7D4
:10B2800091FA029A039BFDF73DFB0D4A06000F0061
:10B290000C4B20002900FEF785FA02000B0030005D
:10B2A0003900FDF72FFB08E60022094BFEF7F4FCFE
:10B2B00002000B0020002900FEF7EEFC26E6C04647
:10B2C0000000E0FE422EE63F763C7935EF39EA3D5C
:10B2D0000000F03F10B500F01DFC024A024BFDF7E4
:10B2E0003DFE10BDEF39FAFE422EE63F30B5214A51
:10B2F0004B0087B05B0893421EDD1F4A934205DD79
:10B3000002000B00FEF7C8FC07B030BD02AA02F035
:10B310006DF903231840049A059B01281ED00228CA
:10B3200011D000281FD00298039902F02BFD802332
:10B330001B069C466144E7E700230022009300239C
:10B3400003F08CFAE0E7012402980399009403F0DB
:10B3500085FA80231B069C466144D5E70298039931
:10B3600002F010FDD0E7012402980399009403F045
:10B3700075FAC9E7FB21E93FFFFFEF7F30B5134ABC
:10B380004B0087B05B08934218DD114A934205DDFC
:10B3900002000B00FEF780FC07B030BD02AA02F0ED
:10B3A00025F9049A059B0221400008400139081A3A
:10B3B00000900298039903F001FBEDE701230022BE
:10B3C0000093002303F0FAFAE6E7C046FB21E93FC9
:10B3D000FFFFEF7F384AF8B54B0005000C000E0068
:10B3E0005B0893420EDD02000B0000203349002C65
:10B3F00036DBFDF7B3FD314B0022FDF783FA030086
:10B400001800F8BD2E4A934209DD00202B490300A5
:10B41000002EF5DA8022120694466144F0E7294AAC
:10B42000934225DD284A93422CDDFFF783FC02007E
:10B430000B00FDF767FA03F087FC80230022DB0591
:10B44000FDF760FA0B0080210200C9050020FDF71E
:10B4500085FD02000B0000201849FEF71DFCD6E711
:10B46000FDF77CFD154B0022FEF716FC0300C7E735
:10B470000022124BFDF746FA23002A00FEF792F94C
:10B480000300BDE7FFF756FCC02300221B06FEF7B2
:10B4900089F903F059FC80231B06CF188023002272
:10B4A000DB050400FDF72EFA02000B002000390036
:10B4B000FDF754FDABE7C046FFFFEF7F0000F03F14
:10B4C000FFFF3540FFFF7F3CFFFFEF3F4B00134A7C
:10B4D0005B0D9A1870B5132A0ADCCB0FDB07002A24
:10B4E00019DB0F480024104181432000194370BD2F
:10B4F000332A08DD8023DB009A42F8D102000B00DA
:10B50000FDF700FAF3E7074A9446012263445242EA
:10B51000DA409043EBE700201900E8E701FCFFFF69
:10B52000FFFF0F00EDFBFFFFF0B546464F46C0B4EE
:10B530008DB004000D0000F0D5FC284B06009846A5
:10B540001B780F005BB2013332D022002B002000A9
:10B550002900FEF7F5FE8146002829D120002900A8
:10B56000FFF7E8FB00221E4BFCF782F900281FD0F2
:10B57000012302931B4B1C4803934B4606940795EB
:10B580000A930494059503F023FE43461B78089024
:10B5900009915BB2022B12D002A803F017FE00281B
:10B5A0000DD00A9B0193002B11D10898099901E055
:10B5B000300039000DB00CBC90469946F0BD03F048
:10B5C0008BFE212303600A9B0193002BEDD003F037
:10B5D00083FE0A9B01930360E7E7C0460722002031
:10B5E0000000F03F446F0300746F0300F0B546465F
:10B5F0004F46C0B48DB004000D0000F069FE264B2C
:10B6000006001B780F005BB29846013310D0220071
:10B610002B0020002900FEF793FE8146002807D169
:10B6200000221E4B20002900FCF70EF9002806D14D
:10B63000300039000DB00CBC90469946F0BD012396
:10B640000293174B002203934B460A9300231000EA
:10B6500019000694079504940595FDF77FFC434671
:10B6600008900991022B0BD002A803F0AFFD00282F
:10B6700006D00A9B0193002B07D108980999D9E7B6
:10B6800003F02AFE21230360F3E703F025FE0A9B63
:10B6900001930360F1E7C046072200200000F03F5D
:10B6A0004C6F0300F0B546464F46C0B48DB0040061
:10B6B0000D0000F095FE284B060098461B780F0001
:10B6C0005BB2013332D022002B0020002900FEF7AC
:10B6D00037FE8146002829D120002900FFF72AFBE8
:10B6E00000221E4BFCF7C4F800281FD00123029350
:10B6F0001B4B1C4803934B46069407950A930494EE
:10B70000059503F065FD43461B78089009915BB2EF
:10B71000022B12D002A803F059FD00280DD00A9B7D
:10B720000193002B11D10898099901E030003900EC
:10B730000DB00CBC90469946F0BD03F0CDFD212321
:10B7400003600A9B0193002BEDD003F0C5FD0A9B1B
:10B7500001930360E7E7C046072200200000F03FA6
:10B76000546F0300746F030010B501F01FF810BD93
:10B77000F0B546464F46C0B48DB004000D0001F050
:10B78000D1F8344B0090019198461B785BB201339D
:10B7900043D022002B0020002900FEF7D1FD814676
:10B7A00000283AD120002900FFF7C4FA00222A4BD2
:10B7B00006000F00FCF766F800282ED030000022AB
:10B7C000254B3900FCF754F802AE002834D0012391
:10B7D0000293224B002273604B4633620023100019
:10B7E000190034617561B460F560FDF7B7FB43463D
:10B7F0001B78B061F1615BB2022B11D0300003F015
:10B80000E5FC00280CD0336A002B10D1B069F16937
:10B810000DB00CBC90469946F0BD00980199F7E731
:10B8200003F05AFD21230360336A002BEED003F0AE
:10B8300053FD336A0360E9E702230293074B30624A
:10B84000736034617561B460F560002200232000EC
:10B850002900CAE7072200200000F03F5C6F0300C8
:10B86000F0B546464F46C0B48DB004000D0001F05F
:10B87000E1F82B4B060098461B780F005BB20133B2
:10B8800032D022002B0020002900FEF759FD81460E
:10B89000002829D120002900FFF74CFA214A224B29
:10B8A000FBF7E6FF00281FD0032302931F4B0694EB
:10B8B000079503934B460A9343461B7804940595DA
:10B8C0005BB2002B17D1E022194B120608920993A4
:10B8D00002A803F07BFC002813D00A9B0193002BE5
:10B8E00017D10898099901E0300039000DB00CBC5F
:10B8F00090469946F0BD00200E4908900991022B10
:10B90000E6D103F0E9FC222303600A9B0193002B9C
:10B91000E7D003F0E1FC0A9B01930360E1E7C04636
:10B92000072200207DF8B98FCE338640646F030074
:10B93000FFFFEF470000F07FF0B546464F46C0B42A
:10B940008BB004000D0001F01FF9344B060098463F
:10B950001B780F005BB2013338D02000290003F0C0
:10B960002BFC002832D02E4A2E4B20002900FBF75A
:10B970007FFF8146002830D12B4A2C4B2000290024
:10B98000FBF762FF002821D004230093284B0022FC
:10B9900001934B46089300230692079343461B7876
:10B9A0006E465BB20494059502940395022B30D049
:10B9B000300003F00BFC00282BD0336A002B03D09F
:10B9C00003F08AFC336A0360F769B6693000390016
:10B9D0000BB00CBC90469946F0BD03230093144B6A
:10B9E0006E4601930023089343461B780494059503
:10B9F0005BB202940395002B05D1E0220D4B120699
:10BA000006920793D4E700200B4906900791022B7A
:10BA1000CED103F061FC22230360CEE70722002091
:10BA2000EF39FAFE422E864051302DD5104987C09D
:10BA30006C6F0300FFFFEF470000F07FF0B5464654
:10BA40004F46C0B48DB01D0006000F00140001F079
:10BA50000DFA2E4B009001911B785BB29846013392
:10BA600033D022002B0020002900FEF769FC0028BB
:10BA70002BD132003B0030003900FEF761FC8146DB
:10BA8000002822D10022002320002900FBF7D6FE47
:10BA900000281AD0012302931D4B049605970393A7
:10BAA0004B460A93434606940795002B14D10896FB
:10BAB000099702A803F08AFB002818D00A9B00937C
:10BAC000002B1CD10898099901E0009801990DB04C
:10BAD0000CBC90469946F0BD0023002219001000CE
:10BAE000FDF73CFA434608900991022BE1D103F09F
:10BAF000F3FB212303600A9B0093002BE2D003F0A9
:10BB0000EBFB0A9B00930360DCE7C04607220020A2
:10BB1000706F0300F0B5474680B48CB004000D0090
:10BB200001F0CEFA3A4B06001B780F005BB2984644
:10BB300001330FD022002B0020002900FEF700FC6B
:10BB4000002807D10022002320002900FBF790FEE7
:10BB5000002805D0300039000CB004BC9046F0BD80
:10BB60002C4B0A900393434604940595069407953D
:10BB7000002B1AD1E022284B1206089209932000CC
:10BB8000002200232900FBF759FE002838D00223A9
:10BB9000029302A803F01AFB002817D00A9B019316
:10BBA000002B18D1089E099FD4E700221B4B2000D0
:10BBB00008920993290000220023FBF73FFE00288A
:10BBC0000FD0022302934346022BE2D103F084FB01
:10BBD00022230360E2E703F07FFB0A9B01930360EB
:10BBE000E0E7012302934346022B0BD103F074FBE1
:10BBF000212303600A4803F0EBFA08900991CDE78E
:10BC00000123029302A803F0E1FA0028F2D1EDE744
:10BC100007220020786F0300FFFFEFC70000F0FF4E
:10BC2000746F0300F0B546464F46C0B48DB00400B3
:10BC30000D0001F047FC3C4B06001B780F005BB287
:10BC40009846013310D022002B0020002900FEF777
:10BC500077FB8146002807D100220023200029001D
:10BC6000FBF7FCFD002806D1300039000DB00CBCFC
:10BC700090469946F0BD2D4B0494059503934B4691
:10BC80000A93434606940795002B1AD1E022284BCD
:10BC90001206089209932000002200232900FBF7D6
:10BCA000CDFD002838D00223029302A803F08EFABB
:10BCB000002817D00A9B0193002B18D108980999E6
:10BCC000D4E700221B4B2000089209932900002290
:10BCD0000023FBF7B3FD00280FD002230293434655
:10BCE000022BE2D103F0F8FA22230360E2E703F02B
:10BCF000F3FA0A9B01930360E0E7012302934346B2
:10BD0000022B0BD103F0E8FA212303600A4803F069
:10BD10005FFA08900991CDE70123029302A803F08E
:10BD200055FA0028F2D1EDE7072200207C6F0300CE
:10BD3000FFFFEFC70000F0FF746F0300F0B5464649
:10BD40004F46C0B48DB006000F0001F055FE2F4BDA
:10BD5000040098461B780D005BB2013307D003F056
:10BD60002BFA81464B4620002900002B04D00DB051
:10BD70000CBC90469946F0BD3900300003F01CFA27
:10BD8000290003002000002BF1D003230293204B55
:10BD9000002403934B460A9343461C570696079785
:10BDA000049605970022002330003900002C14D19E
:10BDB000FBF75EFDE0221206002823D0154B089207
:10BDC000099302A803F002FA002810D00A9B0193FD
:10BDD000002B11D108980999C9E7FBF749FD00220A
:10BDE000002811D00C4B08920993022CE9D103F0E2
:10BDF00073FA22230360E9E703F06EFA0A9B0193CA
:10BE00000360E7E7054BDAE7054BECE70722002084
:10BE1000846F0300FFFFEF470000F07FFFFFEFC7D5
:10BE20000000F0FFF0B546464F46C0B48DB00400A8
:10BE30000D0001F0B1FE294B009001911B785BB21F
:10BE40009846013312D022002B0020002900FEF773
:10BE500077FA8146002809D10026002732003B00EE
:10BE600020002900FBF7F0FC002806D1009801997A
:10BE70000DB00CBC90469946F0BD01230293184BBF
:10BE80000694079503934B460A93434604940595FD
:10BE9000002B15D03B00320030003900FDF75EF872
:10BEA000434608900991022B0CD103F015FA212387
:10BEB00003600A9B0093002B0AD108980999D7E7E1
:10BEC0000896099702A803F081F90028F1D1ECE760
:10BED00003F002FA0A9B00930360EEE707220020BA
:10BEE0008C6F0300F0B5DB4A4B0085B007000E00F5
:10BEF0005B0893420CDDD84A94466344034300D068
:10BF0000ACE0002900DC25E10020002105B0F0BDF7
:10BF1000D24A934200DC9BE0002900DA1DE10200D6
:10BF20000B000020CE49FDF7B7FE0022CD4BFDF7F8
:10BF300039FC04000D0001F02FFECB4A0F000090E9
:10BF40000191CA4B20002900FDF72CFCC84AC94BBF
:10BF5000FCF7D8FC22002B00FDF724FCC64AC74B97
:10BF6000FDF79AFE22002B00FDF71CFCC44AC54BCE
:10BF7000FCF7C8FC22002B00FDF714FCC24AC34B9F
:10BF8000FDF78AFE22002B00FDF70CFCC04AC14BD6
:10BF9000FCF7B8FC22002B00FDF704FCBE4A02901F
:10BFA0000391BE4B20002900FDF7FCFBBC4ABD4BB2
:10BFB000FDF772FE22002B00FDF7F4FBBA4ABB4BE3
:10BFC000FCF7A0FC22002B00FDF7ECFBB84AB94BB4
:10BFD000FDF762FE22002B00FDF7E4FB0022A04BE0
:10BFE000FCF790FC02000B0002980399FCF7B6FFE7
:10BFF000009A019BFDF7D6FB0026029003913200C8
:10C000003B0030003900FDF7CDFB02000B002000A3
:10C010002900FDF741FE320004000D00009801994F
:10C020003B00FCF76FFC02000B0020002900FCF72E
:10C0300095FF02000B0002980399FCF763FC3200A5
:10C040003B00FCF75FFC02000B00FCF75BFC5DE7CC
:10C05000994A93420BDC9948994957E702000B0033
:10C06000FDF71AFE02000B00FCF778FF4EE7020016
:10C070000B00FDF797FB04000D007B4A7B4BFDF79F
:10C0800091FB7B4A7B4BFCF73DFC22002B00FDF72C
:10C0900089FB794A794BFDF7FFFD22002B00FDF764
:10C0A00081FB774A774BFCF72DFC22002B00FDF734
:10C0B00079FB754A754BFDF7EFFD22002B00FDF76C
:10C0C00071FB734A734BFCF71DFC22002B00FDF73C
:10C0D00069FB714A00900191704B20002900FDF727
:10C0E00061FB6F4A6F4BFDF7D7FD22002B00FDF778
:10C0F00059FB6D4A6D4BFCF705FC22002B00FDF748
:10C1000051FB6B4A6B4BFDF7C7FD22002B00FDF77F
:10C1100049FB0022524BFCF7F5FB02000B00009894
:10C120000199FCF71BFF3A003300FDF73BFB0200CF
:10C130000B0064486449FDF7AFFD02000B003800B6
:10C140003100FDF7A9FD02000B005C485C49FDF7DA
:10C15000A3FDDBE659485D49D8E60022404BFCF7D9
:10C16000D1FB00223F4BFDF71DFB04000D003E4AB2
:10C170003E4BFDF717FB3E4A3E4BFCF7C3FB22004C
:10C180002B00FDF70FFB3C4A3C4BFDF785FD2200E1
:10C190002B00FDF707FB3A4A3A4BFCF7B3FB2200B2
:10C1A0002B00FDF7FFFA384A384BFDF775FD2200EA
:10C1B0002B00FDF7F7FA364A364BFCF7A3FB2200BB
:10C1C0002B00FDF7EFFA009001912000290001F00B
:10C1D000E3FC314A06000F00304B20002900FDF738
:10C1E000E1FA2F4A2F4BFDF757FD22002B00FDF7F8
:10C1F000D9FA2D4A2D4BFCF785FB22002B00FDF7C9
:10C20000D1FA2B4A2B4BFDF747FD22002B00FDF7FF
:10C21000C9FA0022124BFCF775FB02000B000098D4
:10C220000199FCF79BFE32003B00FDF7BBFA254A63
:10C23000254BFDF731FD32003B00FCF763FB0200AC
:10C240000B00FCF75FFB02000B001C481F49FDF7C9
:10C2500023FD5BE6FFFFEF3F000010C0FFFFDF3F65
:10C260000000F03F0000E03F09F7FD0DE13D023F17
:10C2700088B20175E0EF493F3B8F68B52882A43F43
:10C280005544880E55C1C93F7D6FEB0312D6D43F8C
:10C29000555555555555C53F82922EB1C5B8B33F3A
:10C2A00059018D1B6C06E63FC88A599CE52A00405F
:10C2B0004B2D8A1C273A03400000603C182D445443
:10C2C000FB21F93F075C143326A6913CFB21094072
:10C2D000F0B53C4A83B005000C00914236DD3A4A85
:10C2E000914208DD394A91423CDD02000B00FCF727
:10C2F00009FB03B0F0BD364A8A1802432FD08022D2
:10C30000D205914235DC0022324BFDF7C5FC02001C
:10C310000B0004000D00FCF7F5FA220006000F00E8
:10C320002B0020002900FDF73DFA02000B00300031
:10C330003900FCF7E7FA01F02FFC02000B002000A7
:10C340002900FCF7DFFAFEF791FDD2E702000B00AF
:10C35000FDF7A2FC02000B00FCF700FEC9E700207D
:10C360000021C6E700F0ACFE1B4A1C4BFCF7CAFAE2
:10C37000BFE702000B00FDF715FA0022154BFDF791
:10C380008BFC01F009FC2A0006000F0023002800A6
:10C390002100FCF7B7FA3200009001913B00280021
:10C3A0002100FCF7AFFA02000B0000200949FCF75E
:10C3B000D5FD02000B0000980199FDF76DFC00F01F
:10C3C0007FFE96E7FFFFEF3FFFFFAF41FFFFEF7FED
:10C3D000000010C00000F03FEF39FAFE422EE63FA9
:10C3E000F0B557464E464B005B089A46C0B4CD4B5D
:10C3F00087B006000F0089469A4512DDCA4B5344A8
:10C40000034322D002000B00FDF746FC0B000200A4
:10C41000FCF7A4FD0300180007B00CBC91469A4637
:10C42000F0BDC24B9A4524DCC14B9A4500DD0CE1BE
:10C43000C04AC14BFCF766FA0022C04BFBF718FA62
:10C44000002816D033003900E5E7BD4ABD4BFDF7A3
:10C45000A9F9BD4A04000D00BC4B30003900FDF7BE
:10C46000A1F90B00020029002000FCF74BFA0300A1
:10C47000D1E730003900FEF75DFC02000B00002020
:10C48000AE49FDF709FC0022B14BFDF78BF9040022
:10C490000D00B04AB04BFDF785F9B04AB04BFCF740
:10C4A00031FA22002B00FDF77DF9AE4AAE4BFDF7C5
:10C4B000F3FB22002B00FDF775F9AC4AAC4BFCF7FF
:10C4C00021FA22002B00FDF76DF9AA4AAA4BFDF7CD
:10C4D000E3FB22002B00FDF765F9A84AA84BFCF707
:10C4E00011FA22002B00FDF75DF9A64A0290039194
:10C4F000A54B20002900FDF755F9A44AA44BFDF7F0
:10C50000CBFB22002B00FDF74DF9A24AA24BFCF712
:10C51000F9F922002B00FDF745F9A04AA04BFDF7E1
:10C52000BBFB22002B00FDF73DF9844B0022FCF7FA
:10C53000E9F9049005912000290001F02DFB994BA9
:10C5400006000F009A4563DC0B0002980399002255
:10C5500000920193049A059BFCF700FD32000290C3
:10C5600003913B0030003900FCF7CCF902000B00CE
:10C5700002980399FDF716F902900391009801992A
:10C5800002000B00FDF70EF902000B00200029004D
:10C59000FDF782FB009A019B04000D00300039007A
:10C5A000FCF7B0F902000B0020002900FCF7D6FCD4
:10C5B00002000B00FCF7A6F902000B006248634979
:10C5C000FDF76AFB02000B0002980399FDF764FB7C
:10C5D00004000D000098019902000B00FCF792F98D
:10C5E00002000B0056487049FDF756FB02000B0095
:10C5F00020002900FDF750FB02000B0050486A495B
:10C60000FDF74AFB4B46002B00DC84E0030002E709
:10C61000049A059B02980399FCF7A0FC32003B00AA
:10C62000FDF7C0F832003B00FCF76CF902000B008C
:10C63000FCF768F9444A454BFDF72EFB02000B005E
:10C640003F484049FDF728FBDCE702000B00FDF7FF
:10C65000A9F804000D003F4A3F4BFDF7A3F83F4AFD
:10C660003F4BFCF74FF922002B00FDF79BF83D4AAA
:10C670003D4BFDF711FB22002B00FDF793F83B4AE1
:10C680003B4BFCF73FF922002B00FDF78BF8394AB2
:10C69000394BFDF701FB22002B00FDF783F8374AE9
:10C6A000374BFCF72FF922002B00FDF77BF8354ABA
:10C6B00000900191344B20002900FDF773F8334AB4
:10C6C000334BFDF7E9FA22002B00FDF76BF8314AF6
:10C6D000314BFCF717F922002B00FDF763F82F4AC6
:10C6E0002F4BFDF7D9FA22002B00FDF75BF8002253
:10C6F000124BFCF707F902000B0000980199FCF7B8
:10C700002DFC32003B00FDF74DF83B003200FCF7FA
:10C71000F9F803007FE68022120694460300614484
:10C7200079E6C046FFFFEF3F000010C0FFFFDF3F8C
:10C73000FFFF3F3E9C7500883CE4377E0000F03FE1
:10C74000182D4454FB21F93F075C143326A6913C75
:10C750000000E03F09F7FD0DE13D023F88B20175A1
:10C76000E0EF493F3B8F68B52882A43F5544880ECF
:10C7700055C1C93F7D6FEB0312D6D43F5555555572
:10C780005555C53F82922EB1C5B8B33F59018D1B97
:10C790006C06E63FC88A599CE52A00404B2D8A1C4E
:10C7A000273A03403233EF3FFB21E93FF8B515004C
:10C7B0004F4646465A001C006B42C0B42B434B4FB9
:10C7C0005208DB0F88461343BB423AD84B005B0844
:10C7D00099464E4643420343DB0F3343BB4230D8B6
:10C7E000434BE3182B4343D00226A3171E40CB0F25
:10C7F0001E434B4603432ED013002B4332D0BA4284
:10C8000041D0B9452ED04B469A1A12153C2A32DC3B
:10C81000002C55DB2A002300FCF7A0FBFEF78AFA68
:10C82000FEF70EF8012E46D0022E39D0002E0ED083
:10C83000304A314BFDF730FA304A314BFDF72CFAD4
:10C8400005E002000B0028002100FCF75BF80CBC9F
:10C8500090469946F8BD022E10D0032EF7D12748F6
:10C860002849F4E743462548002B0ADB2649EEE732
:10C87000FDF7E6FFEBE721482349D3E71F482049AE
:10C88000E5E72249E3E791451FD0022EF6D0032EBB
:10C89000E5D000200021012ED9D180210906D6E75C
:10C8A000144A154BFDF7F8F902000B001348144920
:10C8B000FDF7F2F9CBE7802424060B191900C6E72F
:10C8C0003C32A7DA00200021ACE7022E06D0032E6E
:10C8D00009D00A48012E04D00D49B8E70D480E4989
:10C8E000B5E70E49B3E70B480D49B0E70000F07F0C
:10C8F000000010C0075C143326A6A13C182D445438
:10C90000FB210940FB2109C0FB21F93FFB21F9BFB5
:10C91000FB21E93FD221337F7CD90240FB21E9BFD3
:10C920007CD902C0F0B5474680B443424E00034371
:10C930003A4A7608DB0F82B004000D0007008846F3
:10C940003343934214D8964242D0354B9E4219DC71
:10C95000344A354BFBF7D6FF00220023FAF788FF55
:10C96000290000283AD0380002B004BC9046F0BD3F
:10C9700002000B00FDF790F902000B00FCF7EEFA45
:10C980000700F0E7294B35009E4228DD3300020006
:10C990003100FBF7B7FF220006000F002B0000203C
:10C9A0001E49FDF779F902000B0030003900FCF751
:10C9B000D5FAFEF75BFA1E4B0022FCF7F3FE434666
:10C9C0000700002BCFDA80231B069C466144CAE790
:10C9D00000220023FCF7C2FA0700C4E7350022005A
:10C9E0002B0020002900FBF78DFF22002B00060002
:10C9F0000F00FCF7D7FE2200009001912B000020D1
:10CA00000649FDF749F902000B0000980199FCF76F
:10CA1000A5FA32003B00FBF775FFCAE70000F03FC4
:10CA2000FFFF2F3E9C7500883CE4377EFFFFDF3F11
:10CA30000000E03FF0B54B005E08474B83B09E42DC
:10CA400018DC464B9E421FDD454B9E425EDD454B4A
:10CA50009E4200DC75E0444B9E4242DD434B9E42C9
:10CA60003CD0434A434B10001900FCF79BFE0400E6
:10CA70000D0005E002000B00FCF794FE04000D0021
:10CA80002000290003B0F0BDFEF754F902F05CF974
:10CA9000394B002200900191FBF734FF374B040023
:10CAA0000D009E42ECDD009A019B10001900FCF77E
:10CAB00079FE22002B0006000F0020002900FBF762
:10CAC00021FF02000B0030003900FCF747FA00227A
:10CAD000294BFBF717FF04000D00D1E7284B9842C4
:10CAE000BFD8FEF727F90022264BFCF75BFE00F0CB
:10CAF0004BF804000D000022224BFCF753FE2200ED
:10CB00002B00FCF74FFE04000D00B9E7FEF712F909
:10CB100000F03AF800221B4B04000D00FCF742FE27
:10CB200022002B0006000F0000201649FCF716FA21
:10CB300002000B0030003900FBF7E4FE04000D009A
:10CB40009EE7FEF7F7F800F01FF800220D4BFCF708
:10CB500029FE04000D0093E7FFFFEF7F422ED63F32
:10CB6000FFFF3540412E8640CD338640CE33864090
:10CB70009C7500883CE4377E0000F03FFFFF7F3C5F
:10CB80007DF8B98F0000E03FF0B5574680B44B0008
:10CB90000E00CC0F954984B007005B088B420ED97C
:10CBA00093498B4200D884E03203120B024300D039
:10CBB000F7E03100002C78D00020002175E08D4A8C
:10CBC000934200D9B6E08C4A934200D8CAE00023D1
:10CBD0009A463A00330038003100FCF7E3FD0400C8
:10CBE0000D00864A864BFCF7DDFD864A864BFDF735
:10CBF00053F822002B00FCF7D5FD844A844BFBF749
:10CC000081FE22002B00FCF7CDFD824A824BFDF70E
:10CC100043F822002B00FCF7C5FD804A804BFBF750
:10CC200071FE22002B00FCF7BDFD02000B00380056
:10CC30003100FDF731F8534604000D000200002BCF
:10CC400000D1B4E00B0038003100FCF7ABFD0F0061
:10CC50008021060022002B000020C905FDF71CF8EA
:10CC600002000B0030003900FCF778F902000B00DD
:10CC700002980399FDF710F8009A019BFDF70CF854
:10CC80000B00020067490020FDF706F8664B9A4545
:10CC900000DB7AE0FA24A400544424056318190048
:10CCA000B82300225B04FCF77DFD04B004BC92466F
:10CCB000F0BD5E4A5E4B3100FAF7DAFD002869D11B
:10CCC0005C4A5D4B38003100FAF7BEFD002800D009
:10CCD00072E75A4BE4001C19594A5A4B380031008C
:10CCE000FCF760FD22686368FBF70CFEFDF748FB6C
:10CCF0008246FDF77BFB544A544B04000D00FCF7C1
:10CD000051FD02000B0038003100FCF7C5FF504A0E
:10CD1000009001914F4B20002900FCF743FD029049
:10CD20000391029A039B00980199FCF7B5FF070055
:10CD30000E004EE7484A9342CBD8484BE5005B19BA
:10CD40001A685B683100FCF7A7FF454B0090019122
:10CD50005D192A686B680292039301231B1B1B1B3E
:10CD60009A46DEE73F4A404B3100FBF7CBFD0022FD
:10CD70002C4BFAF77DFD002800D128E70022294B33
:10CD800038003100FBF7BEFD8FE7544624056318D9
:10CD900019008AE7334A344B10001900FCF702FDF2
:10CDA00083E7020033003100FBF7ACFD7DE70B00A9
:10CDB00038003100FCF7F6FC80230090019100223E
:10CDC000DB0520002900FCF767FF02000B0000983C
:10CDD0000199FCF7C3F83A003300FCF75DFF02004D
:10CDE0000B0000200F49FCF757FF5EE7412E8640FD
:10CDF000FFFFEF7F422ED63FFFFF2F3ED0A4BE7233
:10CE00006937663EF16BD2C541BDBB3E2CDE25AF16
:10CE10006A56113F93BDBE166CC1663F3E555555CF
:10CE20005555C53F0000F03F03FCFFFFEF39FAFE08
:10CE3000422E864051302DD5104987C0C85F03006F
:10CE4000FE822B654715F73F0000E0FE422EE63FCD
:10CE5000763C7935EF39EA3DB1A2F03FE85F030057
:10CE6000D85F03009C7500883CE4377EF8B55646D1
:10CE700044465F464D4698465B005B08F0B41E0092
:10CE80008246040015001700164326D0CE0FF60781
:10CE9000B3464E40B146804EB1451EDC5642164365
:10CEA000F60F1E43B4467D4EB44516D8994504DCB2
:10CEB00084461ADB904218D35FD0794989451BDC40
:10CEC0004946002900D0AAE056467649002E18DDD2
:10CED00001397600002EFBDC13E04346FCF762FCD0
:10CEE00002000B00FCF73AF8844660463CBC9046D2
:10CEF0009946A246AB46F8BD6B4E4946B446091565
:10CF00006144674EB3420ADC002B00D09EE0654EC0
:10CF1000002D07DD013E6D00002DFBDC02E0624EBE
:10CF20001D15AE19614DA94267DB484605038020F7
:10CF30002D0B400305435D4886424FDB434680226C
:10CF40001B031B0B52031343881BEA1A00281DD036
:10CF5000BC4289414942521A09D41100E41B2143C1
:10CF60000BD0E50F5200551964000138EDE7E10FD1
:10CF70006A00551864000138E7E75B46DE0F4C4B4A
:10CF8000F6009E19336871689C46AEE7BC429B412F
:10CF90005B42D21A6CD4E41B13002343EDD0404B08
:10CFA00018009A4206DCE10F53005A186400013E53
:10CFB0008242F8DD3D498E424FDA891B142959DC43
:10CFC000202023001400401ACB4084401C4313004F
:10CFD0000B415A461A431100A44686E7801B84463B
:10CFE0001F282DDC20273F1A1000F840070060465C
:10CFF000834082403B431700A6E76C1AA4461F2CCF
:10D0000018DC20252D1B0400EC404D46A24664464A
:10D01000A540544625436446A04004008BE749469A
:10D02000CE022249002E00DC6BE701397600002E8B
:10D03000FBDC66E71F4C641AA040002405007AE779
:10D040001C4B00279B1B9A4013007DE7174EDD0207
:10D05000013E6D00002DFBDC64E7174BA446D3189E
:10D060005A461343154AB5182D052B4319003CE7C2
:10D070002A0091E71F2908DC23002020CB40411A19
:10D080008A4014001C435B46A3E70A4B9B1B1A41D2
:10D090005B4614009DE7C046FFFFEF7F0000F07F76
:10D0A000FFFF0F00EDFBFFFF01FCFFFF02FCFFFF96
:10D0B000F85F0300E2FBFFFF0000F0FFFF0300004A
:10D0C000F0B557464E464546E0B4DA4A88B00B0004
:10D0D000914255DC4A005208024300D1EFE000299A
:10D0E00000DA79E1D44B0022FCF75CFB3625D34C07
:10D0F0000B006D42A34247DC1A151B031B0B98461D
:10D10000CF4C8023A446CF4C5B0344442340CE4CF9
:10D11000624452195C4045461B1599462543CA4B4B
:10D12000290091440022FCF7B7FD434602331B035C
:10D1300006000F001B0B0022022B2FDC0023FAF746
:10D140007DFB002800D1C1E04B46002B00D14CE113
:10D150004846FDF74BF9BD4ABD4B04000D00FCF7F6
:10D1600021FBBC4A06000F00BB4B20002900FCF746
:10D1700019FB02000B0030003900FBF7C3FB07E08E
:10D18000AE4C0025A342B7DD02000B00FBF7BAFB53
:10D1900008B01CBC90469946A246F0BD8023DB0532
:10D1A000FBF7B0FB02000B0030003900FBF7D6FEA6
:10D1B000040048460D00FDF719F922000290039182
:10D1C0002B002000290004940595FCF7EBFA0400DD
:10D1D0000D00A24B020043449A460B0000940195B7
:10D1E000FCF7E0FA04000D009D4A9E4BFCF7DAFACA
:10D1F0009D4A9E4BFBF786FB22002B00FCF7D2FAE0
:10D200009B4A9C4BFBF77EFB22002B00FCF7CAFAE3
:10D21000994A9A4BFBF776FB009A019BFCF7C2FAFE
:10D22000974A00900191974B20002900FCF7BAFA29
:10D23000954A964BFBF766FB22002B00FCF7B2FAEF
:10D24000934A944BFBF75EFB22002B00FCF7AAFAF3
:10D250000B00020000980199FBF754FB0D004146BA
:10D260008D4B04005B1A51460B43002B54DD00220A
:10D270008A4B30003900FCF795FA32003B00FCF78E
:10D2800091FA4B460A00010000910192002B72D1E5
:10D290001300290002002000FBF734FB049A059BD1
:10D2A000FCF780FA02000B0000980199FCF7F4FCEF
:10D2B00002000B0030003900FCF7EEFC68E70022AA
:10D2C000002300207649FBF749FE61E7754A764B5B
:10D2D00030003900FCF766FA02000B0000206F49AD
:10D2E000FCF7DAFC320004000D003B00300039008E
:10D2F000FCF758FA0B00020029002000FCF752FA54
:10D300004B4604000D00002B72D102000B003000D0
:10D310003900FCF7C1FC3BE74B46002B00D1C5E0D0
:10D3200002980399494A4A4BFCF73CFA22000090C4
:10D3300001912B0030003900FCF7AEFC049A059BEC
:10D34000FCF730FA434A04000D0002980399424B5F
:10D35000FCF728FA02000B0020002900FCF79CFCD7
:10D3600032003B00FCF798FC02000B00009801998A
:10D37000FCF792FC0CE7354A354B02980399FCF711
:10D3800011FA009A019B0690079120002900FBF7F3
:10D39000B9FA049A059BFCF705FA2E4A04000D0021
:10D3A000029803992C4BFCF7FDF902000B002000BA
:10D3B0002900FBF7A7FA02000B0000980199FCF77F
:10D3C0006BFC32003B00FCF767FC02000B00069888
:10D3D0000799FCF761FCDBE602000B00FCF75CFC44
:10D3E00000220023FBF7BAFDD2E600200021CFE6A1
:10D3F0004846FCF7FBFF154A154B00900191FCF7DE
:10D40000D1F9144A0290039100980199124BFCF74C
:10D41000C9F902000B0020002900FCF73DFC320096
:10D420003B00FCF739FC02000B0002980399FCF763
:10D4300033FCADE6FFFF0F0000005043FFFFEF7F1E
:10D4400001FCFFFF645F09000000F03F0000E0FE08
:10D45000422EE63F763C7935EF39EA3D86EBF9FF1F
:10D4600044523EDF12F1C23FDE03CB966446C73F13
:10D47000599322942449D23F935555555555E53F2C
:10D480009FC678D0099AC33FAF788E1DC571CC3F37
:10D4900004FA97999999D93F51B806000000E03FE6
:10D4A000000050C3555555555555D53F22002B000A
:10D4B00030003900FCF7F0FB049A059BFCF772F989
:10D4C000F6E6C046F0B54F464646C0B43B4A83B088
:10D4D00004000D000B0091421CDC4A00520802437C
:10D4E0005BD0002960DB0022354BFCF75BF936226C
:10D4F0000D000B003349040052428B420EDD220026
:10D500002B0020002900FBF7FDF903B00CBC90466E
:10D510009946F0BD2B4900228B42F0DC2A491815B0
:10D520008C4660448218D10F89461B034A441B0B6A
:10D5300010009846FCF75AFF4A46244B06009B1AF7
:10D5400042461B051A430F0020001100FFF7B8FDEB
:10D550001F4A04000D001F4B30003900FCF722F970
:10D560001D4A009001911D4B20002900FCF71AF97B
:10D5700002000B0000980199FBF7C4F9184A040057
:10D580000D00184B30003900FCF70CF902000B00BD
:10D5900020002900FBF7B6F9B7E70022002300209E
:10D5A0001149FBF7DBFCB0E702000B00FCF774FB52
:10D5B00000220023FBF7D2FCA7E7C046FFFF0F00C5
:10D5C00000005043FFFFEF7F01FCFFFFFF0300005F
:10D5D000362BF111F3FE593D0EE526157BCBDB3FD3
:10D5E00000609F501344D33F000050C3F0B54E4637
:10D5F00057464546E0B4DC4B4E0090B017008946D4
:10D6000076089E4200DC81E0D84B9E4220DCD84A5E
:10D61000002900DC89E1D74BFCF73EFBD54B040029
:10D620000D009E4200D18AE0D34AD44BFCF734FB74
:10D6300002000B0020003A607B602900FCF72CFB05
:10D64000CD4ACE4BFCF728FBB860F960012066E0BC
:10D65000CB4B9E4200DC8DE0CA4B9E4265DCCA4942
:10D6600032158A46924453461B05F51A29000400D8
:10D67000FCF786FEFCF7BAFE02000B002000290032
:10D680000A920B93FCF708FB0022C04BFCF78AF8C8
:10D6900002900391FCF774FEFCF7A8FE04000D0055
:10D6A00002000B00029803990C940D95FCF7F4FA14
:10D6B0000022B64BFCF776F8002200230E900F9163
:10D6C000FAF7BCF8002800D14CE10023002220002A
:10D6D0002900FAF7B3F80222431E9841131AAC4A04
:10D6E0003900019202220AA80092524600F064FC1E
:10D6F0004B46002B13DA8022120694467B68404288
:10D7000063447B60FB686344FB6008E002000B003D
:10D710003A607B60002200230020BA60FB6010B0FA
:10D720001CBC90469946A246F0BD02000B00FCF7D7
:10D73000B3FAB860F960386079600020EFE7D3226F
:10D740008E4B5205FCF7A8FA924A934B04000D0049
:10D75000FCF7A2FA02000B0020003A607B6029006F
:10D76000FCF79AFA8B4A8C4BFCF796FAB860F96092
:10D770000120D4E7FDF7DEFA884A894B04000D004A
:10D78000FCF710F80022874BFBF7BCF8FCF7F8FD1C
:10D790008046FCF72BFE764A764B06900791FCF705
:10D7A00001F802000B0020002900FCF775FA734B0A
:10D7B00002900391069807996F4AFBF7F3FF4346DF
:10D7C00004000D00049405951F2B30DC013B764AC4
:10D7D0009B009B589E422AD002000B00029803999E
:10D7E000FCF75AFA02000B0005000C003A607B605F
:10D7F000029803992A002300FCF74EFA049A059B2D
:10D80000FCF74AFA06000B003200BA60FB604B4698
:10D810004046002B00DB82E780231B069C466444C5
:10D8200061443D607C60BE60F960404277E7049AE5
:10D83000059B02980399FCF72FFA0B0002003A604F
:10D840007B604B0036155B0D05000C00F31A102BA6
:10D85000CEDD06980799D322484B5205FBF7A2FF6D
:10D8600004000D0002000B0002980399FCF714FA63
:10D8700002000B000298039908920993FCF70CFA36
:10D8800022002B00FCF708FA04000D000698079907
:10D89000404A414BFBF786FF22002B00FCF7FCF9C6
:10D8A00002000B000490059108980999FCF7F4F91F
:10D8B00002000B003A607B604B005B0DF61A05001E
:10D8C000089A099B0C0002920393312E90DD069872
:10D8D0000799B822304B9205FBF764FF04000D0056
:10D8E00002000B0002980399FCF7D6F90A00010028
:10D8F000130002910392020008980999FCF7CCF9F1
:10D9000022002B00FCF7C8F904000D0006980799C7
:10D91000264A274BFBF746FF22002B00FCF7BCF9F9
:10D9200002000B000492059358E7124BFAF7EAFF46
:10D93000104B04000D009E423CD00F4A0F4BFAF7EB
:10D94000E1FF02000B0020003A607B602900FCF739
:10D95000A3F9094A094BFAF7D5FFB860F96001202D
:10D960004042DCE60323BAE6FB21E93F7BD90240D3
:10D9700000004054FB21F93F3163621A61B4D03D8D
:10D98000FB213941FFFFEF7FEAFBFFFF0000704101
:10D99000147003007370032E8A19A33B83C8C96DEA
:10D9A000305FE43F0000E03F946F0300C149202551
:10D9B0009A837B39D3220D4B5205FAF7A3FF0C4A09
:10D9C0000C4B04000D00FAF79DFF02000B00200035
:10D9D0003A607B602900FCF75FF9054A054BFAF7CE
:10D9E00091FFB860F9600120404298E661B4D03DF3
:10D9F0007370032E8A19A33BF0B54B005C08594B9A
:10DA000085B007000E009C421DDC002930DB00229F
:10DA1000554B00920193554B9C4219DC544B9C4250
:10DA200000DD73E0534A544B38003100FAF76AFFC7
:10DA3000524B0022F9F71CFF310003003800002B85
:10DA40001BD005B0F0BD02000B00FAF75BFFF8E752
:10DA50004B4B9C4278DD4B4B9C4240DD4A4B9C42F9
:10DA60003AD0444A444B38003100FBF79BFEE8E7CC
:10DA70000022464B00920193CDE738003100FDF7BC
:10DA800059F901F061F906000F0032003B00300047
:10DA90003900FAF737FF320004000D003B00300078
:10DAA0003900FBF77FFE002202900391334B3000D8
:10DAB0003900FAF727FF02000B0002980399FBF7E1
:10DAC0004DFA02000B0020002900FCF7E5F8009A4F
:10DAD000019BFBF767FEB4E72D4B9F42C1D838008E
:10DAE0003100FDF727F900221F4BFBF75BFEFFF724
:10DAF0004BF806000F0002000B0000980199FBF79D
:10DB000051FE32003B00FBF74DFE9AE73800310032
:10DB1000FDF710F901F018F91E4B06000F009C42AA
:10DB2000B3DD0022154BFAF7EDFE02000B003000CA
:10DB30003900FBF713FA32003B00FAF7E3FE009AD4
:10DB4000019BFBF72FFE7CE738003100FDF7F2F870
:10DB5000FFF71AF802000B0000980199FBF722FE6C
:10DB60006FE7C046FFFFEF7F0000E03FFFFF35405B
:10DB7000FFFF2F3E3374AC3C1F7BAC7F0000F03FB7
:10DB8000412E8640CD338640CE3386400000E0BF34
:10DB90007DF8B98FFFFFEF3FF0B556464D4644463E
:10DBA0005F46754BF0B40A000D00190083B0060003
:10DBB00004002940994200D1BAE0002D00DC94E035
:10DBC0002D1500D1A3E06D4B12039C468023120B50
:10DBD0005B0365441A43EB0700D581E06B10984660
:10DBE000E30F9B189B188022162100260027640053
:10DBF0009203B818984202DC87181B1AB618E00F77
:10DC00005B0001391B18640052080029F1D1002281
:10DC100001929446802212062020914609E09F42FC
:10DC200041D0E10FC9180138CB1864005208002810
:10DC30001ED0614651189F42F1DA8D18AC46CD0FC7
:10DC4000ED07BA464D4539D0DB1B8C42BF417F42C0
:10DC5000DB1B641A019901388B46934459460191A4
:10DC6000E10FC9185746CB18640052080028E0D1CC
:10DC700023432BD1019B5B08414972108C466244BF
:10DC8000F10702D5802109060B43414609058D188D
:10DC90001E002F003000390003B03CBC904699466E
:10DCA000A246AB46F0BDA1420ED88D18AC46CD0FB2
:10DCB000ED074D4548D09A460023CAE76546002D3A
:10DCC000C2DB7D1CAA46BFE73B00AAE7019B0133EC
:10DCD0003ED0019A01239446134063445B08CBE78E
:10DCE000E30F52009A18640078E76B005B08034367
:10DCF0002F00002BCED00025002A31D1E20A153D9D
:10DD00006405002AFAD080235B031A4223D18020C5
:10DD10000023400300E00B005200591C0242FAD0DD
:10DD20002020401AED1A2300C3408C401A434AE7D2
:10DD300002002B002900FBF735FD32002B00FAF71B
:10DD4000E1FD06000F00A5E76546002DB9DAB2E750
:10DD50000136002390E7012320205B420021E1E708
:10DD60003B0002003900FBF797FF02000B00FBF7B6
:10DD7000F5F806000F008DE70000F07F01FCFFFFC3
:10DD80000000E03FF0B54F464646C0B487B0009271
:10DD90000193754B4F00814688467F089F4263DCA4
:10DDA000FCF7EEFA002800D1DAE04A46434648463E
:10DDB0004146FBF7F7FC04000D006C4A6C4BFBF787
:10DDC000F1FC6C4A6C4BFAF79DFD22002B00FBF72F
:10DDD000E9FC6A4A6A4BFBF75FFF22002B00FBF766
:10DDE000E1FC684A684BFAF78DFD22002B00FBF737
:10DDF000D9FC664A664BFBF74FFF22002B00FBF76E
:10DE0000D1FC644A644BFAF77DFD22002B00FBF73E
:10DE1000C9FC029003910022604B20002900FBF70F
:10DE2000C1FC029A039B06000F0020002900FBF7AB
:10DE3000B9FC009A019B04000D0048464146FBF7DF
:10DE4000B1FC02000B0020002900FBF725FF0200B7
:10DE50000B0030003900FBF71FFF02000B00002011
:10DE60004F49FBF719FF70E002000B00FBF79AFC2B
:10DE700004000D003D4A3E4BFBF794FC3D4A3E4BEF
:10DE8000FAF740FD22002B00FBF78CFC3B4A3C4B91
:10DE9000FBF702FF22002B00FBF784FC394A3A4BC8
:10DEA000FAF730FD22002B00FBF77CFC374A384B99
:10DEB000FBF7F2FE22002B00FBF774FC354A364BD1
:10DEC000FAF720FD2B002200FBF76CFC354B02908B
:10DED00003919F429FDD344B00229F423ADC33493D
:10DEE00000207B182E4916001F00FBF7D5FE04907A
:10DEF00005910022294B20002900FBF753FC32003A
:10DF00003B00FBF7C9FE029A039B06000F002000AE
:10DF10002900FBF747FC009A019B04000D004846CE
:10DF20004146FBF73FFC02000B0020002900FBF7F5
:10DF3000B3FE02000B0030003900FBF7ADFE02001B
:10DF40000B0004980599FBF7A7FE07B00CBC9046A0
:10DF50009946F0BD164B002604920593154FC8E76D
:10DF600000200F49F1E7C046FFFF3F3ED43888BE8E
:10DF7000E9FAA8BDC4B1B4BD9EEE213EAD529C806D
:10DF80004F7E923E9015CB19A001FA3E7751C116F3
:10DF90006CC1563F4C5555555555A53F0000E03FC7
:10DFA0000000F03F3233D33F0000E93F0000E0FFC4
:10DFB0000000E73F0000D23FF0B556464D464446CC
:10DFC0005F46F0B4904CA544099119001400A89A3A
:10DFD0000B938E4B9200D2580B000290013BE01E37
:10DFE00018211D00160008920093F9F72BFBC3437C
:10DFF0000200DB171A401300110001330E929A0041
:10E000009B1ADB001B1906934C1B761918D4A99B8D
:10E01000A5009C46361926AF6544013607E02868FE
:10E02000FCF7E4F9013403C70435B44208D0002CEE
:10E03000F5DA00200021013403C70435B442F6D1DB
:10E04000089B002B01DA00F0FDFB76AB0A939A46A1
:10E05000009B0B9A9946089B94469B46D300E34449
:10E060009C46029A059362449046009B002B00DA7E
:10E07000BBE14B46DC0026AB9C4600260027029DF8
:10E0800064442268636803CDFBF78CFB02000B003D
:10E0900030003900FAF736FC083C06000F00454511
:10E0A000EFD15346C0C39A4601239C46E144D9456B
:10E0B000DBD1089A564913008C4663449B0012A892
:10E0C000844619000298614484460D9105990433F1
:10E0D00061448B4612A98C4663440F930592059ABE
:10E0E0000A98D30019000C938C46030063441E6801
:10E0F0005F68002A34DD12AB99461300454A80461A
:10E1000094466344DB00984474AB9A460022424B29
:10E1100030003900FBF746FBFCF732F9FCF766F9F3
:10E1200000223E4B04000D00FBF73CFB02000B00FD
:10E1300030003900FBF7B0FDFCF722F94B4601C374
:10E140009946434620001A685B682900FAF7DAFB13
:10E1500008235B429C46E04406000F00D045D5D121
:10E16000069B30001A003900994601F037F8FF236A
:10E1700000229B0504000D00FBF714FBFCF7DEFDFD
:10E180000022274BFBF70EFB02000B0020002900AA
:10E19000FBF782FD04000D00FCF7F2F88046FCF767
:10E1A00025F902000B0020002900FBF775FD4C4605
:10E1B00006000F00002C00DCF8E0059B18205A1E1A
:10E1C000920012AB9B58001B19000141884481400A
:10E1D0005B1A12A98B501722121B13410793079B3E
:10E1E000002B4BDD01239C46059BE044002B00DC0B
:10E1F000F2E280251096119712AB00210024094805
:10E200006D04059F19E0C04684FDFFFF1C710300EB
:10E21000FEFFFF3FFFFFFF1F0000703E0000704148
:10E2200000002040FFFFFF00002A02D0AA1A1A6057
:10E230000134013104338F4209DD1A68002CF3D018
:10E24000821A01311A60012404338F42F5DC109EDA
:10E25000119F069B002B0EDD012B00D1B1E0022B9C
:10E2600009D1059B12A95A1E920012AB9B5810931C
:10E270009B029B0A8B50079B022B7ED0002300221F
:10E2800030003900F9F7DAFA059B002800D16BE27B
:10E2900008995A1E914210DCBF490F988C4612A96A
:10E2A00063448C4600219B0063441C68043B21436B
:10E2B0008342FAD1002900D0B5E0089B12AA013BA5
:10E2C0009B00D358002B00D084E201220D9B043B1D
:10E2D000596801320029FAD005990B008C460133A8
:10E2E00062440792934242DC0E9A9446A99A634490
:10E2F00092460B9A9B00944626AA90469A44059B08
:10E300000A9A6344DB0098440C9B94469946079B09
:10E31000E144DB006344059353461868FCF766F854
:10E32000434618605960009B002B23DB44460026BF
:10E330000027029D2268636803CDFBF733FA0200D1
:10E340000B0030003900FAF7DDFA083C06000F0038
:10E350005D45EFD14B469E60DF6004239C4604334D
:10E36000E2449C46059BE144E0449945D4D1079B97
:10E370000593B4E600260027ECE732003B000020BE
:10E380008649FBF789FC06000F00002C00D175E7D9
:10E39000069A0020814900F021FF02000B003000A6
:10E3A0003900FBF779FC06000F0067E7069B002B9E
:10E3B00012D1059B12AA013B9B00D558EB15079380
:10E3C0000DE7059B12A95A1E920012AB9B581093A1
:10E3D0005B025B0A8B504EE70022714BF9F752FA51
:10E3E00000280ED10023079348E753460026002754
:10E3F000C0C39A4601239C46E144D94500D034E687
:10E4000057E601239C4601330793059BE044002B0C
:10E4100000DDEEE632003B0000206049FBF73CFCEB
:10E4200006000F002AE743460B93069B12A8183BF1
:10E43000190006939300C3580092002B0FD1564841
:10E440001300844612A8634484469B006344043B43
:10E450005868013A18390028F9D000920691069AB6
:10E4600000204E4900F0BAFE009B04000D00002B76
:10E4700000DAB3E112AA94469F00DB0067449C4691
:10E480000A9A05936244934616003868FBF7AEFF7C
:10E4900022002B00FBF786F9424B306071600022AE
:10E4A00020002900FBF77EF9083E74AB04000D0044
:10E4B000043FB342E9D100239A464EAB0293089B36
:10E4C00099464B4600260027002B21DB8020364B47
:10E4D0005D469846C005354900260027002408E01F
:10E4E00008239C460835E044A24511DB43461868E2
:10E4F00059682A686B68FBF755F902000B00300079
:10E500003900FAF7FFF9013406000F00A145E7DAF8
:10E51000029A53469446DB0063441E605F60012309
:10E520009C46093BE2449C4674ABE3449B45C8D1FE
:10E53000029B9946A89B022B00DD82E0002B37DC72
:10E540001DD1059B00254B441E00002432687368D2
:10E5500028002100FAF7D6F9009B05000C00083EC0
:10E560005A1E0092F2D2079B002B03D080231B0679
:10E570009C4664442A00230009990A604B600720E6
:10E580000B9B18409F239B009D443CBC90469946A2
:10E59000A246AB46F0BDC046FFFFFF3F0000F03F84
:10E5A0000000E03F0000703E08600300FB21F93FDF
:10E5B000059B00204B441E0000214CAF326873685D
:10E5C000083EFAF79FF9BE42F8D1079B002B24D0F2
:10E5D0008023099A1B06CB18106053600B000200C1
:10E5E0004E984F99FBF758FB009B002B0BDD012445
:10E5F00050AD0CCDFAF786F9009B0134A342F8DA4E
:10E60000079B002B03D080231B069C4661440B0014
:10E61000020009998A60CB60B1E702000B00099CF7
:10E62000226063600B0002004E984F99FBF734FBA9
:10E63000009B002BDBDC0B00020009998A60CB6099
:10E640009DE7A89B032B9AD1009B002B00DCE3E005
:10E650007F4A059B94464B441E685F68009B634459
:10E660009A46DB004B4498464CAB9B4643465C685D
:10E670001B681800210032003B0002900391FAF75A
:10E6800041F904000D0002000B0002980399FBF70A
:10E6900003FB3B003200FAF735F943469860D96036
:10E6A0001C605D6008235B429C46E04426002F000E
:10E6B000C345DBD1009B012B00DCADE0059BC846C8
:10E6C0004B441E685F685346DB009B46D844434674
:10E6D00030005C681B683900009301941A00230025
:10E6E000FAF710F904000D0002000B0000980199E0
:10E6F000FBF7D2FA3B003200FAF704F94346986080
:10E70000D9601C605D6008235B429C46E0442600A3
:10E710002F00C145DBD15D460027002408354D445C
:10E7200050AE2A686B6838002100FAF7EBF8083D14
:10E7300007000C00AE42F4D1079B002B71D0802162
:10E74000099A4E9B090613604B468C465B686444ED
:10E75000634453604B469B68176193604B46DB688C
:10E7600054616344D3600AE7994643460B93069B82
:10E7700030005A42390000F031FD0022354B0400D0
:10E780000D00F9F77FF8002832D0334B002220002B
:10E790002900FBF707F8FBF7F3FD4A460600970050
:10E7A000FBF724FE00222B4BFAF7FCFF02000B00C4
:10E7B00020002900FBF770FAFBF7E2FD12AAD05106
:10E7C0004A46069B0132183300920693930012AA20
:10E7D000D65044E601227FE500243AE5A89B022BAF
:10E7E00014DC002B0FDC00D0C9E600250024BAE6BB
:10E7F0004B46200029009E00FBF7C2FD12AB98514A
:10E800004B4600932BE600200021DEE64EAB9946F6
:10E81000A89B032B00D0B2E6079B00270024002B07
:10E820008DD14E9A4F9B09990A604B604B469A686E
:10E83000DB68009201938A60CB603A0023000A6192
:10E840004B619CE676AB0A930B9BDB00059330E4AF
:10E85000FFFFFF1F000070410000703EF0B54F4603
:10E860004646C0B487B000920193464A4B008146A9
:10E8700088465B08934205DCFBF782FD4146031E98
:10E88000484666D04A46434648464146FAF78AFF1C
:10E8900004000D0002000B0048464146FAF782FFD3
:10E8A000394A3A4B06000F0020002900FAF77AFF98
:10E8B000374A384BFBF7F0F922002B00FAF772FFCA
:10E8C000354A364BFAF71EF822002B00FAF76AFF9A
:10E8D000334A344BFBF7E0F922002B00FAF762FFD2
:10E8E000314B324AFAF70EF80E9B02900391002B3F
:10E8F00034D00098019900222D4BFAF753FF029A69
:10E90000039B0490059130003900FAF74BFF020099
:10E910000B0004980599FBF7BFF922002B00FAF7CA
:10E9200041FF009A019BFBF7B7F9224A04000D0052
:10E93000214B30003900FAF735FF02000B002000B0
:10E940002900F9F7DFFF02000B0048464146FBF7BC
:10E95000A3F907B00CBC90469946F0BD02000B002D
:10E9600020002900FAF71EFF124A134BFBF794F917
:10E9700032003B00FAF716FF4A464346F9F7C2FF5A
:10E98000E7E7C046FFFF3F3E7CD5CF5A3AD9E53D89
:10E99000EB9C2B8AE6E55A3E7DFEB157E31DC73E50
:10E9A000D561C119A0012A3F1111813FA6F81011AC
:10E9B0000000E03F495555555555C53FF0B55F46F8
:10E9C00056464D464446F0B489B000934B005B0870
:10E9D0009A46BB4B8146884602928B469A4516DC86
:10E9E000FBF7CEFC00282FD14B4652461A43129B10
:10E9F0000133134300D148E1129B012B00D15BE1AD
:10EA00004A4643460020AF49FAF7A8FAF8E0AE4B71
:10EA10009A4519DD002900DA42E14A464346AB48EF
:10EA2000AB49FBF739F904000D00029A009BA94895
:10EA3000A949FBF731F92B002200F9F763FF002306
:10EA400081468846029300934A46434648464146DB
:10EA5000FAF7A8FE02000B0006000F00FAF7A2FE6C
:10EA6000320004000D003B0048464146FAF79AFE8A
:10EA70009A4A049005919A4B20002900FAF792FED9
:10EA8000984A994BF9F73EFF22002B00FAF78AFECD
:10EA9000964A974BF9F736FF22002B00FAF782FED1
:10EAA000944A954BF9F72EFF22002B00FAF77AFED5
:10EAB000924A934BF9F726FF22002B00FAF772FED9
:10EAC000904A914BF9F71EFF32003B00FAF76AFEBD
:10EAD0008E4A069007918E4B20002900FAF762FEBD
:10EAE0008C4A8D4BF9F70EFF22002B00FAF75AFEE5
:10EAF0008A4A8B4BF9F706FF22002B00FAF752FEE9
:10EB0000884A894BF9F7FEFE22002B00FAF74AFEED
:10EB1000864A874BF9F7F6FE22002B00FAF742FEF1
:10EB2000844A854BF9F7EEFE02000B000698079920
:10EB3000F9F7E8FE049A059BFAF734FE029D009C63
:10EB40002A002300F9F7DEFE32003B00FAF72AFE26
:10EB500002000B0028002100F9F7D4FE04000D008C
:10EB600004980599754A764BFAF71CFE22002B0093
:10EB7000F9F7C8FE0B000200414648460092019397
:10EB8000F9F7C0FE504B04000D009A453FDC129B84
:10EB9000012B35D00F0002000B0000204949FAF785
:10EBA000DDF900260D00029003914A4643463000ED
:10EBB0003900FBF771F8002402000B00009801995E
:10EBC000FBF76AF822002B00FAF7ECFD2200009018
:10EBD00001912B0030003900FAF7E4FD0022594B77
:10EBE000F9F790FE02000B0000980199F9F78AFEF0
:10EBF000029A039BFAF7D6FD22002B00F9F782FE5A
:10EC000009B03CBC90469946A246AB46F0BD12986E
:10EC1000FBF7ECFB220006000F002B002000290070
:10EC2000FAF7C0FD3200029003913B00200029005A
:10EC3000F9F768FE02000B0002980399FAF78EF9C3
:10EC4000009A019BFBF728F802000B00484641465A
:10EC5000FBF722F802000B00F9F754FE02000B004C
:10EC600030003900FBF718F85B46040098170223C0
:10EC70001840013B181A0D00FBF7B8FB02000B000F
:10EC800020002900FAF78EFDBAE748464146FCF716
:10EC900051F802000B0000202A49FAF75FF9AFE7AC
:10ECA0008022802112069446009B09064144634459
:10ECB000814688460093B0E648464146A0E7C046F4
:10ECC000FFFF2F3E0000F0BF2794E53F182D44546E
:10ECD000FB21E93F075C143326A6813CD47ABF743C
:10ECE000702AFB3EE9A7F0320FB8123F68108D1A68
:10ECF000F726303F1583E0FEC8DB573F93846EE96B
:10ED0000E326823FFE41B31BBAA1AB3F735360DBE6
:10ED1000CB75F3BEA69237A0887E143F0165F2F250
:10ED2000D844433F280356C9226D6D3F37D6068429
:10ED3000F464963F7AFE10111111C13F6355555589
:10ED40005555D53F0000F03FF0B54E464546574675
:10ED5000E0B4DF4ACC0F4B0084B081468846E4071C
:10ED60005B0893424FD9DB4A934200D9F9E0002C6B
:10ED700000D17BE1D84AD94B48464146F9F7C2FD5C
:10ED800000220023F8F760FD002800D0F4E0D44A08
:10ED9000D44B48464146FAF705FD02000B0000201F
:10EDA000D149F9F7AFFDFBF7EBFA8246FBF71EFB03
:10EDB000CE4ACF4B06000F00FAF7F4FC02000B001E
:10EDC00048464146FAF768FFCA4A04000D00300081
:10EDD0003900C94BFAF7E6FC06000F0032003B0091
:10EDE00020002900FAF758FF02000B0081468846F0
:10EDF00020002900FAF750FF32003B00FAF74CFFE1
:10EE00000290039109E0BD4A934200D9DBE0002162
:10EE1000BB4A8A46934200D805E10022B94B4846D6
:10EE20004146FAF7BFFC04000D0002000B00484603
:10EE30004146FAF7B7FC06000F00B34AB34BFAF7A6
:10EE4000B1FCB34AB34BF9F75DFD32003B00FAF772
:10EE5000A9FCB14AB14BFAF71FFF32003B00FAF7A9
:10EE6000A1FCAF4AAF4BF9F74DFD32003B00FAF77A
:10EE700099FCAD4AAD4BFAF70FFF32003B00FAF7B1
:10EE800091FC0022AA4BF9F73DFD00900191020090
:10EE90000B0020002900FAF785FC02000B0000207F
:10EEA000A449FAF7F9FE02000B0004000D000098D7
:10EEB0000199FAF7F1FE2200009001912B004846DB
:10EEC0004146FAF76FFC02000B0000209A49FAF75E
:10EED000E3FE02000B0000980199FAF73FF83B00AF
:10EEE0003200FAF75FFC5346002B48D0029C039D8A
:10EEF00022002B00FAF7D0FE4A464346FAF752FCAE
:10EF000022002B00FAF7C8FE3B003200FAF7C4FEDD
:10EF1000534604000D00013300D1B2E05346012BEB
:10EF200000D188E053460133392B5ED85346132B6A
:10EF300000DCB5E081490022C91A0B052000290038
:10EF4000F9F7E0FC02000B0048464146FAF7A4FE40
:10EF5000774B0022F9F7D6FC53461B055D182900B4
:10EF60001DE0774A934220D90903090B014300D0E1
:10EF700013E14146002C12D0002072490FE002003C
:10EF80000B0048464146FAF70DFC32003B00FAF709
:10EF900083FE02000B0048464146FAF77DFE04B0AE
:10EFA0001CBC90469946A246F0BD674A674BF8F7ED
:10EFB0005FFC002800D1DAE6654A664B10001900B4
:10EFC000FAF7F0FBEBE7644A934200D9CAE0474AFC
:10EFD000474B002C1ED0F9F795FC01235B4204003F
:10EFE0000D009A46434E5D4FF8E64A464346FAF70F
:10EFF00053FE02000B0000204D49FAF74DFE544627
:10F0000002002005431819001000494B0022FAF7AE
:10F0100043FEC4E7FAF740FE012304000D009A46C0
:10F02000344E354FDAE64A4A4A4B4146F9F76AFC14
:10F0300002000B00ABE70022494B48464146F8F777
:10F0400003FC002800D199E000222E4B484641469F
:10F05000F9F758FC02000B0020002900FAF71CFE0B
:10F06000C02300221B06FAF79DFB98E71C4A1D4BA4
:10F0700048464146FAF796FB02000B000020214962
:10F080008FE602000B0048464146FAF705FE0022D3
:10F090001C4BFAF787FB00221A4BFAF7FDFD7EE7BF
:10F0A000802352469B031341214A0026D71A4A4621
:10F0B0004346FAF7F1FD02000B0030003900FAF781
:10F0C000EBFD54460200200543181900100066E7C6
:10F0D00079684340412E864059F3F8C21F6EA5015E
:10F0E000FE822B654715F73F0000E0BF0000E0FE01
:10F0F000422EE63F763C7935EF39EA3D422ED63F47
:10F10000FFFF8F3C0000E03F2DC3096EB7FD8ABEB4
:10F110003952E686CACFD03EB7DBAA9E19CE143F3D
:10F120008555FE19A0015A3FF41011111111A13F8C
:10F130000000F03F0000084000001840FF030000FE
:10F14000FFFFEF7F0000F0BFEF39FAFE422E86404E
:10F150009C7500883CE4377EB1A2F03FEF39EABDF0
:10F160000000D0BF104A114BFAF71CFB02000B0045
:10F170000020002C00D013E60D4912E622002B00DF
:10F1800048464146FAF788FD02000B00F9F7BAFB42
:10F190000022084BF9F7B6FB01E70200434641465F
:10F1A000F9F7B0FBFBE6C046FE822B654715F73F3B
:10F1B0000000E03F0000F03F034B48009C46400841
:10F1C0006044C00F7047C0460000108000207047A8
:10F1D000002001497047C0460000F87F4B0070B521
:10F1E0005B0D14000A00002B1AD14B005B0803438F
:10F1F00015D00022224BFAF7D5FA224B0A009C4286
:10F2000022DB4B005B0D363B1F4DE318AB4220DC8D
:10F21000002B0DDD1D4C1B0522401A43110070BD53
:10F220001B4DAB42F0D102000B00F9F76BFBF6E788
:10F230001D00353518DA174B02009C420ADC0B0022
:10F240001548164900F032F8134A144BFAF7AAFA97
:10F25000E5E702000B001248124900F027F8104AB7
:10F26000104BFAF79FFADAE7084C363322401B05B9
:10F270001343190000220C4BFAF794FACFE7C0466B
:10F2800000005043B03CFFFFFE070000FFFF0F806F
:10F29000FF07000050C3000059F3F8C21F6EA5011C
:10F2A0009C7500883CE4377E0000903C30B54A00F5
:10F2B000DB0FDB0752081A43110030BD70B5054C57
:10F2C00005001300201E04D00A000220290000E0DF
:10F2D00000BF70BD00000000014B18687047C046B9
:10F2E00084200020084B10B50400002B02D0002120
:10F2F00000E000BF054B1868836A002B00D09847D8
:10F30000200006F010F8C046000000008C710300D9
:10F310000E4B70B500251E000D4CE41AA410A5423A
:10F3200004D0AB00F35898470135F8E706F046FBE8
:10F33000084B00251E00084CE41AA410A54204D076
:10F34000AB00F35898470135F8E770BD082200205C
:10F3500008220020082200202822002010B5034B9C
:10F360000100186806F048FA10BDC046842000204D
:10F37000002370B5064C050008001100236000F062
:10F3800067FB431C03D12368002B00D02B6070BDAA
:10F39000B02A00200CB430B5164B9DB00C1E1D6871
:10F3A00004DA8B2301202B6040421DE0822302A956
:10F3B0009B008B810023029008619C4200D0631E59
:10F3C0008B604B6101235B42CB81209A21AB2800EB
:10F3D000019300F015F9431C01DA8B232B60002CFC
:10F3E00002D00023029A13701DB030BC08BC02B0DA
:10F3F0001847C04684200020F0B51F000E0087B0DB
:10F400000590039102920C98347806F047FA08238D
:10F4100000194078751C184001D02E00F3E72D2C00
:10F4200004D1073BB51C7478019304E001902B2CA8
:10F4300001D17478B51C002F02D0102F0AD162E0E0
:10F44000302C5ED120222B789343582B54D1102797
:10F450006C780235019E3900731E9E412C4BF618C4
:10F460003000F8F7EBF8300004913900F8F760F855
:10F4700000230200180021003039092901D80C00AE
:10F480000AE021004139192901D8373C04E0210064
:10F490006139192914D8573CA74211DD591C0CD0E9
:10F4A000824208D302D1049BA34203DB78430123A9
:10F4B000201802E0100001235B422C780135DAE7C6
:10F4C0005A1C0BD10198124B471EB841C018222379
:10F4D000059A1360029B002B0AD117E0019A002ABB
:10F4E00000D04042029A002A10D0039A002B00D08C
:10F4F0006A1E029B1A6009E03024002FAAD1082757
:10F50000A8E70A27A6E7302C9CD0A3E707B0F0BDF8
:10F51000FFFFFF7F37B51300064A05001068046A35
:10F52000002C00D1044C0A0000942900FFF764FF6E
:10F530003EBDC0468420002088200020F0B58E68A3
:10F5400085B007000C00039201939E4243D890239C
:10F550008A89DB001A423ED0032509692368019895
:10F560005B1A029363695D43EB0F5D19029B6D109B
:10F5700001331B18AB4200D91D00530510D52900DB
:10F58000380001F0B7FF061E14D0029A216906F078
:10F590000DF9A289194B134080221343A38112E075
:10F5A0002A00380001F0B0FF061E0CD12169380096
:10F5B00001F0A5FF0C23402201203B60A3894042BB
:10F5C0001343A38117E0029B2661F618266065614C
:10F5D000019EED1AA560019BB34200D21E003200CD
:10F5E0000399206806F0EBF80020A3689B1BA3603A
:10F5F00023689E19266005B0F0BDC0467FFBFFFF63
:10F60000F0B59FB0029005938B890F0016001B0682
:10F6100010D50B69002B0DD1402101F06BFF386034
:10F620003861002804D10C23029A01381360D8E015
:10F6300040237B61002306AD6B6120336B76103372
:10F64000AB7634002378002B03D1A31B049312D094
:10F6500003E0252BF9D00134F4E7A31B3200390075
:10F660000298FFF76BFF431C00D1B4E06A69049B6A
:10F67000944663446B612378002B00D1ABE00122F8
:10F68000002352426A6002A95432521801342B609E
:10F69000EB60AB601370AB65534E217805223000F0
:10F6A00006F06AF8002807D00123801B83402A68EF
:10F6B000013413432B60EFE72B68DA0604D553229D
:10F6C000202102A8121811701A0704D553222B21E9
:10F6D00002A81218117022782A2A03D0099B002050
:10F6E0000A210EE0059A111D12680591002A01DB1E
:10F6F000099204E05242EA60022213432B60013473
:10F700000BE02278303A092A04D84B4301349B1885
:10F710000120F6E7002800D0099323782E2B1ED174
:10F7200063782A2B0AD1059B02341A1D1B680592A7
:10F73000002B01DA01235B42079310E000230A202B
:10F740001A0001346B6021783039092904D842430A
:10F75000013452180123F6E7002B00D00792234E04
:10F7600021780322300006F007F8002806D0402355
:10F77000801B83402A68013413432B6021780622C2
:10F780001B48661C297605F0F7FF002812D0194B9C
:10F79000002B06D10722059B0733934308330593BB
:10F7A00014E005AB00933A00134B2900029800E0E7
:10F7B00000BF07E005AB00933A000F4B2900029809
:10F7C00000F01CF80390039B013304D06B69039A8B
:10F7D0009B186B6135E7BB890B985B0601D501204F
:10F7E00040421FB0F0BDC046517903005779030075
:10F7F0005B790300000000003DF50200F0B58BB01E
:10F8000006920A0043320793059004920A7E0C0088
:10F81000109B6E2A00D1ABE011D8632A22D009D800
:10F82000002A00D1B5E0582A00D0C5E045310A7061
:10F83000814A4FE0642A1DD0692A1BD0BCE0732A9C
:10F8400000D1AAE009D86F2A29D0702A00D0B3E0ED
:10F85000202209680A43226037E0752A1FD0782ADF
:10F8600033D0A9E00E001A684236111D19601368E2
:10F870003370A4E021681A68080606D4490604D546
:10F88000111D19600023D55E02E0111D1960156875
:10F89000002D3BDA2D23049A6D42137036E0216867
:10F8A0001A68080606D4490604D51568111D1960A2
:10F8B000ADB202E0111D196015685F4B227E039303
:10F8C00008276F2A1DD00A271BE022007821453225
:10F8D00011705A4A19680392081D226818600D6851
:10F8E000100602D4500600D5ADB2D30702D52023AE
:10F8F0001A4322601027002D03D1202322689A4347
:10F9000022602300002243331A7002E00A274A4B88
:10F9100003936368A360002B09DB042221689143F1
:10F920002160002D05D1049E002B11D07BE0002D1D
:10F9300079D0049E28003900F7F780FE039B013E32
:10F940005B5C280033703900F7F7F2FD051EF1D13A
:10F95000082F09D12368DB0706D563682269934223
:10F9600002DC3023013E3370049B9B1B23612BE0A0
:10F9700009681A68080607D4490605D5111D1960DB
:10F980001368A28A1A8004E0111D19601368626965
:10F990001A600023049E236116E01A68111D196085
:10F9A000166800216268300005F0E6FE002801D0EC
:10F9B000801B6060636803E02600423632700123DA
:10F9C00023610023049A1370079B09AA0093210066
:10F9D000069B059805F077FF431C02D101204042A9
:10F9E00027E02369320006990598079DA847431C24
:10F9F000F4D0236800259B070FD4099BE068984248
:10FA000017DA180015E0220001231932069905982B
:10FA1000079EB047431CE1D00135E368099A9B1A61
:10FA20009D42F0DBE9E72600039B42361B783370EA
:10FA30008EE70BB0F0BDC046627903009071030001
:10FA400058220120014B40421A607047B02A002022
:10FA500058220120014B40421A607047B02A002012
:10FA600070470220704710B5406801F0E4FF10BDF8
:10FA7000704713B50400406801F0CFFF002811D093
:10FA800061686846ECF752F9694601A801F08BFFFE
:10FA900001A8ECF75BF9606001A801F07CFE684604
:10FAA00001F079FE13BD10B5E8F782FB10BD03002D
:10FAB000203B13B5040000205E2B0AD86846EBF704
:10FAC0004DFF05214C432000009BA0381818E8F793
:10FAD000D5FE16BD10B543689B885943E8F77AFBFD
:10FAE00010BD13B50400FFF7C4FF616801A8ECF76F
:10FAF0001DF901A801F073FE01A801F04CFE13BD31
:10FB0000F7B5070015001E000C00FFF7B2FF79687B
:10FB100001A8ECF70BF9F3B22AB221B201A8ECF775
:10FB20001DF901A801F037FEF7BD37B515000C002F
:10FB3000416801A8ECF7FAF82AB221B201A8ECF763
:10FB400023F9040001A801F026FEE043C01720407D
:10FB50003EBD43685888704743689888704710B521
:10FB60005C1EA3415B42DBB2FFF7CAFF10BD10B5BC
:10FB7000FFF7DBFFC317181AC00F10BD10B543689D
:10FB80009B885943E8F73AFB10BD10B51023EBF7FB
:10FB900021F810BD70B504000D001600E9F74AFE0B
:10FBA000002807D0EEF730F910233200290020009A
:10FBB000EBF710F870BD10B50A000321FFF7E5FF61
:10FBC00010BD10B50A000321FFF7E4FF10BD10B50A
:10FBD0000A000221FFF7DEFF10BD10B5E9F72AFE8B
:10FBE000031E04D0EEF710F9431E9841C3B218006B
:10FBF00010BD70477047704780880A308008704792
:10FC00007047063070478088704782880300002064
:10FC10008A4201D306335818704703207047406862
:10FC20000B3080087047808870470123820702D11B
:10FC300043425841C3B21800704710B5E8F7FCFDC5
:10FC400010BD07B500226B46DA809871063301219A
:10FC50001800E8F7F1FD0EBD030030B500208B421F
:10FC600014D08D1D9A888988981D914200D9110061
:10FC70000022835CAC5CA34204D0A3429B410120E0
:10FC8000184303E001328A42F3D9002030BD808856
:10FC90007047F0B585B000282AD0002928D0D3437A
:10FCA000DB171A408388871D00259A4200D2BD18B1
:10FCB000EA1B9B1A01938E88002D19D0B34217D3EB
:10FCC0002C008B1D03938B7902932378029A934225
:10FCD00008D132000399200005F059FD002801D118
:10FCE000E01B07E0019B01341B1BEB18B342ECD275
:10FCF0000120404205B0F0BD10B5FFF7CAFF01304A
:10FD0000431E984110BD01235840704710B5FAF7C3
:10FD1000E7FBE8F7E1FE10BD430010B55A10904232
:10FD200002D10120184303E0FAF760FBE8F7D4FEA4
:10FD300010BD030010B50E20002906DB9A88914201
:10FD400003DA59188879FFF7E7FF10BD10B50E23C5
:10FD5000002802D0FFF7EDFF0300180010BD42237A
:10FD6000002800D1383B180070470023062806D031
:10FD70000333422803D0023B0A2800D003001800B6
:10FD8000704710B5E9F75CF8E8F7A6FE10BD4843E8
:10FD9000704710B5F7F756FC10BD10B50C20EAF708
:10FDA000FFFB041E01D0EAF78BF8200010BD00898C
:10FDB000704710B5043000F0F1FF10BD10B50A0017
:10FDC00004308188EAF762F810BD10B5043000F005
:10FDD000F0FF10BD02890023914202D243688900DE
:10FDE000CB581800704710B50430EAF74FF810BD33
:10FDF00010B5043000F0EBFF10BD10B5043001F079
:10FE000004F810BD7047002070474068704741609B
:10FE1000704710B50820EAF7C3FB041E01D0EAF7CB
:10FE200059F8200010BD10B5EAF7E8FD10BD431EDB
:10FE30009841704710B51420EAF7B2FB041E01D0B8
:10FE4000EAF750F8200010BD10B5040000F0FEFFE6
:10FE50000023984205DB228A904202D2E3688000A8
:10FE6000C358180010BDF8B504000F001600250097
:10FE700000F0ECFF0C35011E05DA2189201D3A0047
:10FE8000EAF704F8218A32002800E9F7FFFFF8BDFD
:10FE9000704710B5E9F70AF910BD70B50D00E9F724
:10FEA00005F904002800E9F701F91F2318408440F0
:10FEB0002000FFF731FF70BD70B50D00E9F7F6F8CF
:10FEC00004002800E9F7F2F81F231840044120003D
:10FED000FFF722FF70BD70B50D00E9F7E7F80400E9
:10FEE0002800E9F7E3F86040FFF716FF70BD70B532
:10FEF0000D00E9F7DBF804002800E9F7D7F8204304
:10FF0000FFF70AFF70BD10B5E9F7D0F8C043FFF75F
:10FF100003FF10BD70B50D00E9F7C8F80400280014
:10FF2000E9F7C4F82040FFF7F7FE70BD70B50D008B
:10FF3000E9F7BCF804002800E9F7B8F81F231840D7
:10FF4000C4402000E8F782FE70BDD0B50C0001006F
:10FF500021430023890720D1032A05D12100FFF77F
:10FF60007BFE4342434117E0022A12D1E9F77AF8B7
:10FF7000060020000F00E9F775F802000B003000C2
:10FF800039000124F7F75AFC002800D1041CE3B221
:10FF900003E0031B58424341DBB21800D0BD70B5EB
:10FFA0000E00E9F75FF8040030000D00E9F75AF899
:10FFB00002000B0020002900F8F7A4FCE8F78CFDF4
:10FFC00070BD70B50E00E9F74DF8040030000D006B
:10FFD000E9F748F802000B0020002900F9F75CFE61
:10FFE000E8F77AFD70BD0B000340D0B50C00DB07CD
:10FFF00003D5C3130133012B0FD9E9F733F80600FA
:020000040003F7
:1000000020000F00E9F72EF802000B003000390045
:10001000F9F7C8FBE8F760FD08E0E3130133012BB3
:10002000EBD8401064106043FFF776FED0BDD0B52A
:1000300003000C0003290FD0E9F714F80600200094
:100040000F00E9F70FF80B00020039003000F8F755
:1000500085FFE8F741FD03001800D0BDF8B5012386
:100060000C00184201D019420FD1E8F7FBFF06003F
:1000700020000F00E8F7F6FF02000B003000390007
:10008000FBF7DCFCE8F728FD0EE04B10EDD0E9F7BC
:100090000DF805002000E9F709F801002800F7F73E
:1000A000B7FB0800FFF738FEF8BD0123F7B50C00D9
:1000B000184201D0194236D1E8F7D4FF06002000DB
:1000C0000F00E8F7CFFF04000D0002000B00300026
:1000D0003900F7F7CDFB002805D122002B003400B2
:1000E0003D0016001F0032003B0020002900F7F7FA
:1000F000A5FB002802D02000290011E0E8F7A0FEAF
:100100002200009001912B0030003900F9F7C4FD66
:10011000009A019BF9F746FB22002B00F8F7F2FB4F
:10012000E8F7DAFC10E040106410844206DB23009C
:10013000040018009C4201D1200003E0001BE8F7F6
:10014000CDFB2018FFF7E8FDFEBD10B5E8F78AFFEC
:10015000FBF7E0FCE8F7C0FC10BD10B5E8F782FF44
:10016000FBF760FDE8F7B8FC10BD10B5E8F77AFFC3
:10017000FAF7E4FDE8F7B0FC10BD10B5E8F772FF40
:10018000FAF7FCFCE8F7A8FC10BD10B5E8F76AFF29
:10019000FBF79CF9E8F7A0FC10BD70B504000D005A
:1001A0000E2801D1002016E00E29FBD001231800F3
:1001B0008C4210D00B401C42F4D12000E8F72AFFFB
:1001C00006002800E8F726FF8642EBD1320029001E
:1001D0002000FFF7BAFE70BD10B5FFF7DEFF422327
:1001E000002800D1383B180010BD10B5FFF7D5FF2F
:1001F0004223002800D0383B180010BDF7B504009A
:100200000D000E2801D1002051E00E29FBD0FFF790
:10021000ACFD06002800FFF7A8FD01230190019A1C
:100220001800964243D02B401C42ECD12000E8F746
:10023000F1FE009007002800E8F7ECFE0300032F12
:1002400001D1022803D0032815D1022F29D1200083
:10025000E8F708FF060028000F00E8F703FF020098
:100260000B00300039000124F7F7E8FA002800D12C
:10027000041CE0B21BE0012F09D0012801D0019538
:1002800000E00223009A26009342BCD103E001283B
:1002900009D102230093009A01993000FFF755FE1F
:1002A00005E0012FEBD1022234000092E7E7FEBD0A
:1002B00010B5FFF7A3FF10BD10B5FFF79FFF422356
:1002C000002800D1383B180010BD10B5FFF796FF8D
:1002D0004223002800D0383B180010BDF8B50F00AD
:1002E000002446680589AC420AD2A3003900F058C0
:1002F000FFF784FF002801D0200003E00134F2E77B
:1003000001204042F8BD10B500220400FFF7E6FFCF
:1003100001000020814203DB201D00F058FD012078
:1003200010BD10B50123422805D000230A2802D0B1
:10033000E8F796FF0300180010BDF8B504000E00A2
:100340000E2801D1022042E00E29FBD0E8F762FE20
:1003500005003000E8F75EFE032D06D1032804D126
:1003600031002000FFF778FC32E00020B4422FD0AB
:100370002000E8F777FE040030000D00E8F772FE79
:10038000220006000F002B0020002900F9F7D8FFFB
:100390000028D7D132003B0030003900F9F7D0FFF8
:1003A0000028CFD132003B0020002900F7F74CFA9B
:1003B00000280BD13B00320020002900F7F758FA43
:1003C000431E984101234042184001E00120404271
:1003D000F8BD10B501230C001C40044004D0884235
:1003E00000DB0023D8B206E0FFF7A7FF0300C00F31
:1003F000023300D1200010BD0B00034010B5DB0715
:1004000009D4FFF79AFF831C01D10A2006E00028D7
:10041000FBDC422002E08842FBDDF6E710BD0B006A
:10042000034010B5DB0709D4FFF787FF831C01D118
:100430000A2006E00028FBDA422002E08842FBDBCB
:10044000F6E710BD0B00034010B5DB0705D4FFF73E
:1004500074FF002803DA0A2002E08842FBDB422016
:1004600010BD0B00034010B5DB0705D4FFF765FF97
:10047000002803DC0A2002E08842FBDD422010BD98
:10048000E42010B58000EAF7B9FA10BD10B5EAF71C
:1004900013FB0400102000F0AFFD2369036020610E
:1004A00010BD10B5EAF708FB4369122B03D0E9F73A
:1004B00019F8E8F7EFFF10BD70B50E00E8F7D2FDB0
:1004C000040030000D00E8F7CDFD02000B00200015
:1004D0002900FBF749F9E8F7FFFA70BD10B5E8F716
:1004E000C1FDFAF74BFFE8F7F7FA10BD10B5E8F7D2
:1004F000B9FDFAF7FBFEE8F7EFFA10BD10B5E8F723
:10050000B1FDFAF7D1FBE8F7E7FA10BD10B5E8F74F
:10051000A9FDFAF795F9E8F7DFFA10BD10B5E8F78D
:10052000A1FDFBF7BFF8E8F7D7FA10BD10B5E8F763
:1005300099FDFAF7F9FFE8F7CFFA10BD10B5E8F723
:1005400091FDFBF76FFCE8F7C7FA10BD10B5029CF0
:1005500094421FDB002B09D00B0080185C1A9442D8
:100560001BDA1C78013804700133F7E7042A06D13E
:10057000032303400BD10A68026018000EE0022A30
:1005800005D10123034002D10A88028005E005F06D
:100590000DF902E00120404200E0002010BD10B53E
:1005A000040008000299914205DA002105F01CF9C7
:1005B0000120404220E0002B09D00300A418191AA2
:1005C000914218DA013C217819700133F7E7042AC7
:1005D00005D1032323400BD12268026006E0022AE2
:1005E00006D10123234003D122880280180003E0B2
:1005F000210005F0DBF8002010BD08307047031E15
:1006000007D00023994204DB4268914201DA411885
:100610000B7A18007047002806D0002904DB4368D5
:10062000994201DA41180A72704710B5FFF7E7FFE7
:1006300010BD0123820705D1002803D0000F4342DB
:100640005841C3B21800704710B5FFF7E4FF10BD62
:1006500070B50C001600002B1CDB00291ADB41686A
:100660008C4217DC5268091BD21A8A4200DD0A004C
:10067000002A0FDB35000835864204D1E918281915
:1006800005F09DF804E008300019E91805F08EF82F
:10069000002001E00120404270BD4068704710B565
:1006A000002A0EDB4468A2420BDC002B00DA230098
:1006B000A41A9C4200DD1C0008308018220005F0BE
:1006C00093F810BD436810B51C008B4200DD0C0090
:1006D000002A00DA1A00191B914200DD11000830CF
:1006E0000019E8F7CBF810BD70B50D00002B01DA4A
:1006F00043689B1A002A2EDB44689918A1422ADC21
:100700008A4228DC002B26D0690024D059428D4231
:1007100001DDAB4206DC0022012311005B42FFF742
:10072000BEFF18E008308618002D09DA6C425A190D
:100730003100301905F043F822000021300008E0B4
:100740005C1B71192200300005F039F82A000021E5
:10075000301905F049F870BD030010B5083059682C
:10076000FFF76BFA10BD70B50400160008001D1EDF
:1007700001DA63689D1A002E2BDB6268AB19934285
:1007800027DC9E4225DC002D23D0430021D0002809
:1007900001DA2B02C0182900F7F73AF8002900DA2D
:1007A000491922000832921951180B0055199A4222
:1007B0000FD014781E780132501E0670581C1C7021
:1007C000854202D108000300F1E79142FBD101000C
:1007D000F9E770BD012307B55B4200930023FFF7E3
:1007E00037FF07BD0300002010B50C0081420DDD6E
:1007F000180059680830E8F785FE1F2C06DC030056
:10080000E34058400123A340013B184010BD10B500
:1008100001000020E8F732F810BD10B581880630DD
:10082000E8F72CF810BD30B50400501E85B00D005F
:100830000F2869D8F6F772FE080C14141C25252E13
:100840002E37203B404F475C1800FFF722FB03E0A8
:100850001800FFF71EFBC0B2002D55DD207053E0DD
:100860001800FFF716FB02A908800023009518E086
:100870001800FFF70EFB02E01800E8F717FC0290E3
:100880001EE01800FFF705FB012302A908701A00FB
:10089000009536E01800FFF7FCFA012302A9088052
:1008A000009502222DE01800FFF7F3FA02E018008D
:1008B000E8F7FCFB02900AE01800E8F755FC02900C
:1008C0000095002305E01800E8F74EFC0290012394
:1008D0000095042214E01800E8F7C4FB029003918D
:1008E000072D11DD082202A9200004F05FFF0BE0B4
:1008F0001800E8F7B7FB0123082202900391009546
:1009000002A92000FFF722FE05B030BD10B50C0093
:10091000002A06DB41680830891A80182200FFF798
:1009200082FF10BD30B5013A050085B000200F2AC6
:1009300068D8100002AC0091F6F7F0FD080B15170F
:10094000191D2629323A1B424C584E5A00230122C7
:1009500013E00023012221002800FFF720FE207869
:10096000FFF7DAF94EE0002312E0002319E000233C
:100970001FE0002325E001231A0021002800FFF7D3
:100980000EFE00202056EBE701231A00E3E70123C7
:10099000022221002800FFF702FE0023E05EDFE7CD
:1009A0000123022221002800FFF7F9FD2088D7E764
:1009B0000123042221002800FFF7F1FD0298CFE770
:1009C0000123042221002800FFF7E9FD0298E8F73F
:1009D0003DF917E0002300E0012304222100280054
:1009E000FFF7DDFD0298FFF791F90BE0002300E02F
:1009F0000123210008222800FFF7D1FD0298039966
:100A0000E8F76AF805B030BD10B5002A03DA002017
:100A1000FFF782F907E0436808309B1A80180A0044
:100A20001900FFF77FFF10BD0200FA2010B5102358
:100A300001218000EAF7CEF810BD0200FA2010B5BF
:100A4000102302218000EAF7C5F810BD70477047F7
:100A500010B5E8F7EFFE10BD10B5E8F7EBFE002883
:100A600001D0EDF755F910BD10B50C00E8F7E2FE26
:100A7000002802D02100EDF717F910BD10B5E8F7F6
:100A8000D9FE002801D0EDF79FF910BD10B50C007C
:100A9000E8F7D0FE002802D02100EDF76FF910BD75
:100AA00010B50C00E8F7C6FE002802D02100EDF7D3
:100AB00023FA10BD70B504000D001600E8F7BAFE69
:100AC000002808D00221EDF779FA1023320029001E
:100AD0002000EAF77FF870BDF0B585B00C00150076
:100AE000E8F7A8FE061E01D1002030E0EBF77AF807
:100AF00000900191043C67426741EC173000EDF72C
:100B000007F9B8420BD0EBF76DF8009A019B801AF9
:100B10009941A142E8D8F1D18542EFD2E4E7EBF761
:100B200061F803903000EDF7F3F8B8420BD1EBF722
:100B300059F8009A019B801A9941A142D4D8F1D169
:100B40008542EFD2D0E7EBF74DF8039BC01A05B012
:100B5000F0BD704710B50C00E8F76CFE002802D01D
:100B60002100EDF775F910BD10B50124002903D05F
:100B70000234012900D00024E8F75CFE002802D0EE
:100B80002100EDF7C5F910BD10B50C00E8F752FED5
:100B90002100EDF713FA10BD10B501000020E7F7B2
:100BA0006DFE10BD704710B50400E8F713FF036831
:100BB00021001B68984710BD10B50400E8F70AFF34
:100BC0002100F5F717FB10BD70B50D000400E8F724
:100BD00001FF2A002100F5F701FB70BD37B50400C5
:100BE0000E25E8F727FE4557282004F0ACFD032327
:100BF00029000093A2B2023BEBF72EFD37BD10B5E2
:100C0000E8F73AFE10BD704710B5E9F70DFFE9F7B8
:100C1000D1F9002010BD10B50120E9F7A9FB10BDE6
:100C200070470020704770477047704770477047A3
:100C300010B50368002B01D00800984710BD10B50F
:100C40000368002B01D00800984710BD10B5E8F7E5
:100C500009FAFAF73FFBE7F73FFF10BD10B5E8F7D9
:100C600001FAFAF769FEE7F737FF10BD10B5E8F7AC
:100C7000F9F9FAF7AFFBE7F72FFF10BD10B5E8F76A
:100C8000F1F9FBF75BF8E7F727FF10BD10B5E8F7C0
:100C9000E9F9FAF7E5FDE7F71FFF10BD10B5E8F732
:100CA000E1F9FAF765FDE7F717FF10BD10B5E8F7B2
:100CB000D9F9F9F71FFDE7F70FFF10BD10B5E8F7F9
:100CC000D1F9FAF793FCE7F707FF10BD031E0BD02D
:100CD000032202400020002A06D11868012398430D
:100CE000C378F92B00D010007047002343810381A3
:100CF0004360704700234381038143604382038242
:100D0000C3607047704770477047704770477047BF
:100D1000012310B502689A431369984710BD10B5B6
:100D2000FFF7F6FF10BD704783880200181E08D039
:100D3000013B9BB2938012689B00D3180022186875
:100D40001A607047F8B5C688050030000F00E8F754
:100D5000EDFF041C80B2B84200D23C1CA4B2A642F3
:100D600014D2A000E9F7B4FCEA880600002A03D0F8
:100D70009200296804F01AFDE8880021221A8000F8
:100D80009200301804F030FD2E60EC80F8BDC3886E
:100D900010B58B4201D8FFF7D5FF10BDC38870B5E1
:100DA00004000D008B4202D289B2FFF7F0FFA5804C
:100DB00070BD83880200181E08D0013B9BB293804F
:100DC00012689B00D318002218681A607047F8B5A3
:100DD0008388040000208B4216D927688E00B8193A
:100DE0004A1C0568934206D9013B5A1A311D9200EC
:100DF000791804F0E4FC00212800A3882268013B54
:100E00009BB2A3809B009950F8BDF8B50D00818876
:100E100004001600A94214D9013189B2FFF7B7FFC7
:100E2000A288681C23688000071F521BD919181854
:100E3000920004F0C4FC2368DE51A3880133A38030
:100E400002E02900E9F722F8F8BD7047F7B50689F6
:100E500047680020B04205D28300FB588B421AD06D
:100E60000130F7E700248B1D8D880193B4420CD22A
:100E7000A300F9588B889D420AD106312A000198B7
:100E800004F085FC002803D104E00120404202E088
:100E90000134EBE72000FEBD704710B5E9F7AEFD69
:100EA00010BD10B5FFF712FF002804D000890638E6
:100EB00043425841C0B210BD10B5EAF785FE10BDDF
:100EC00010B5EAF78FFE8000800810BD10B5E9F775
:100ED000D3FD10BD10B500F024F910BD10B5EAF730
:100EE0000FF910BD10B5C11700F017F910BD1FB5EF
:100EF000D3B28AB281B2684600F02AFC05B000BDC8
:100F000010B5002B00D11033E9F764FE10BD10B509
:100F1000EAF7C2F801214942FEF78FFE10BD10B575
:100F200000F019FA10BD704710B5081E03D089886B
:100F3000063000F003F910BD70477047802010B5EF
:100F40004000EAF75FFDF82343600023040083615B
:100F5000E9F7C0F82000E9F7DFF810BD01238207A8
:100F600005D1002803D0000F43425841C3B21800F6
:100F7000704710B50A008188E8F774FF10BD0122A0
:100F80000368934318888010704770B504680500A3
:100F9000002C06D02000E9F727F9A9882000E9F7FE
:100FA00061F970BD70B50400EAF72CFD083C05003E
:100FB0004460A30703D0D2208000E9F71FFD28007A
:100FC000E9F788F82800E9F7A7F870BD10B5002800
:100FD00011D0C468002C09D0236843606368836023
:100FE000A368C3602000E9F7C7FA04E0E9F7C4FA90
:100FF0002000E9F769FD10BD10B5031E08D0E9F720
:1010000067FB8023021F11689B050B4313600300DD
:10101000180010BD10B50400FFF7A0FF002802D192
:101020002000E9F7B5F810BD10B50430FFF7ADFFAB
:1010300010BD10B581880C30E9F714F910BD10B55A
:101040004068E9F7EBF810BD10B504000430FFF775
:101050009CFF20000C30FFF798FF10BD012210B557
:1010600008C89343198804398908E9F7FBF810BDCB
:1010700003207047808880000F308008704702206E
:1010800070470520704710B5E9F790FB10BD10B50B
:10109000E9F78CFB10BD10B5E9F7DEFC10BD10B50B
:1010A000EAF7BCFB10BD7047704770477047704748
:1010B000704710B5040004F042FB200010BD10B5CD
:1010C000040004F03CFB200010BD10B5040004F047
:1010D00036FB200010BD10B5040004F030FB2000EA
:1010E00010BD10B5FFF796FFEAF7B6FB10BD10B5BF
:1010F00004002000E9F73CFC1420EAF78FFBF8E736
:1011000010B50400E9F75CFC200004F018FB200097
:1011100010BD10B5EAF7A0FB10BD10B504F0E9F959
:1011200010BD10B589B280B200F05BF910BD10B5EA
:101130000420E9F7F1FFE9F76DFC10BD10B5E9F700
:101140004BFC10BDF8B50D00002116001F00040077
:10115000ECF7AAFD9620400004F0CBF972B63B00F4
:1011600032002900200000F050F862B6F8BD70B5DA
:101170000D00002116000400ECF796FD96204000BB
:1011800004F0B7F972B632002900200000F024F80C
:1011900062B670BD10B5041E0AD04368002B07D09C
:1011A0000800E8F747FB210062680831FFF7DFFF1E
:1011B00010BD70B50400150000280BD04368002B4B
:1011C00008D00800E8F736FB21002B0008316268E0
:1011D000FFF7B8FF70BD7047F0B50C461546806844
:1011E00041680269C36808E01960064200D11160D5
:1011F000760807D10134013D05D38026C046116031
:101200002078F1E7FBE71160F0BDF0B50C4615461C
:101210001F46806841680269C36808E01960064299
:1012200000D1116076080AD10134013D08D380262F
:1012300020787843000A1160C046C046EEE7FAE71E
:101240001160F0BD82B030B585B00892050008226B
:1012500002A8099304F0AAFA039B029C5810DB072A
:1012600001D52B581C592D180AA90822684604F0EC
:101270009DFA089A099B2800A04705B030BC08BC1D
:1012800002B0184782B01FB50400100C0338069254
:1012900007930A282CD8F6F741F9062B20192B269C
:1012A0002B2B2B2B200020001930FF30002100F0C9
:1012B000CBFC20004130FF30002100F0C5FC2000B5
:1012C0006930FF30012101F0FDFC11E0BE235B001D
:1012D000E15801A800F050FD0AE0FC34E16F01A8DC
:1012E00000F06AFC04E020009130FF30EDF7CEFC06
:1012F0001FBC08BC02B0184773B5060000F02BF8FD
:10130000050000F028F80400A9B2684600F0A2F930
:10131000210C01A800F09EF901AA6946300000F0F6
:10132000E9F901A800F07AF9684600F077F9300091
:1013300076BD3ADF704712DF704713B56B46DC1D90
:10134000002320002370FFF7F6FF20780138434286
:101350005841C0B216BD80235B05586E704710B56A
:101360008368984710BD704710B5040004F0E7F992
:10137000200010BD72B601650B68002B02D14365D9
:10138000086006E05A6D002A01D01300FAE758659C
:10139000426562B67047036D002B12D072B6026DC3
:1013A0001368984202D1436D136006E05A6D904273
:1013B00001D01300FAE7426D5A65002343650365C7
:1013C00062B6704770B504000E001500EAF7ACF87D
:1013D000002805D00123320029002000EAF732F965
:1013E00070BD10B5EAF7FCF8041E01D1EAF7ACF9BC
:1013F000200010BD10B50C008047A047EAF72CFA7A
:1014000010BD10B5EAF790F8002801D0EAF724FAE9
:1014100010BD70B51400030010000D0098472000A7
:10142000A8472000FFF7EDFF70BD10B5EAF776F989
:10143000EAF78AF9FAE70023436003707047030074
:10144000F0B58208980702D1181E01D137E00132A9
:10145000541C72B6802621C93606A84217D20368EA
:10146000002B11DA5B005B08990041180F68002F10
:1014700008DAA94206D231007F007F08DB19194340
:101480000160F1E7A34205D29B00C018E5E762B610
:10149000002014E00232934203D992008218954250
:1014A00004D803685B005B08036006E080211B1B17
:1014B0000906043A0B431360046062B60430F0BDC1
:1014C00070B5040008000E00EAF79CFA0500002C35
:1014D0000ED000280CD0231F1A689200B24200DD03
:1014E00032002100280004F061F92000EAF7BCFA7C
:1014F000280070BD10B50800EAF784FA10BD10B5D9
:101500000800EAF7B1FA10BD10B508001100FFF7A6
:10151000D7FF10BDF7B504001D0008AB1B881030C5
:1015200016000F00019300F008F920002430FFF7A7
:1015300082FF6A460023928827806680A56020008B
:10154000E360A280E3622362FEBDF7B504001D00E4
:1015500008AB160004CB10301B880F0000920193DB
:1015600000F0EBF820002430FFF765FF009B019AA4
:10157000E36001231343A380002327806680A560D6
:101580002000E3622362FEBD10B5838804009B0740
:1015900002D5806804F0D3F8200010BD82B030B5C9
:1015A000046A87B00B9305000A920123002C14D122
:1015B00010220AA902A804F0F9F8182004F0C3F8D0
:1015C0000400082204A9684604F0F0F8029A039B7C
:1015D000200000F0CDF82C621BE02269002A02D026
:1015E00001331400F9E7092B13DC10220AA902A821
:1015F00004F0DCF8182004F0A6F80500082204A97D
:10160000684604F0D3F8029A039B280000F0B0F873
:10161000256107B030BC08BC02B0184710B5040003
:10162000006800F008FA200010BD70B50600080040
:101630000D0004F019F904000530EAF7E3F9306011
:1016400000F0E8F9306829004480621C043004F09E
:10165000ADF870BD1FB50400080001A9E9F7E8FC6A
:10166000200001A9FFF7E1FF200004B010BDF8B58C
:101670000B68170002241C5F1368050002229B5EA2
:101680000E00E418601DEAF7BDF9286000F0C2F909
:101690002868316844800223CA5E0430043104F0B3
:1016A00085F82B683968181D336802229B5EC018C4
:1016B0000223CA5E043104F079F82B6828001C1953
:1016C00000232371F8BD10B504000868206000F005
:1016D000A8F9200010BD70B50B68040000680D006B
:1016E000984205D000F0A7F92868206000F099F929
:1016F000200070BD70B5136804005D880868002D77
:1017000001D1206004E04088002804D11800236043
:1017100000F087F902E02000FFF7A9FF200070BD6C
:101720000023994207DB02680223D05E002388422F
:1017300001DD51180B7918007047002310B50380A4
:1017400043800400EAF74EFAA060E160200010BD7B
:1017500070B50180428004001D00EAF743FAA060E2
:10176000E160002D02D02000EAF7C6FA200070BD2B
:1017700082B010B5040003930292FFF7DEFF10223F
:1017800002A9200004F012F800232000236110BCFD
:1017900008BC02B0184710B50400006800F04BF90F
:1017A000200010BD10B50A00002104F01DF810BD86
:1017B00010B504000868206000F033F9200010BD67
:1017C00070B50B68040000680D00984205D000F069
:1017D00032F92868206000F024F9200070BD10B5AF
:1017E00000684188838806305943FFF7DBFF10BD4E
:1017F00010B504000023EAF70DFB200010BD10B562
:101800000400EAF707FB200010BDF0B587B0049193
:101810000CA9097807000591016800200391498807
:1018200001918A4277DA039989888B4273DA049CA2
:101830002468A44664881519029485426BDD6446C9
:10184000A4881E19864266DD002A03DA0095280066
:10185000019D03E00198029D801A0090A84200DDDE
:101860000095002B03DA8E4205DD0E0003E0CE1A50
:10187000A64200DD260060460024D11755420630FE
:101880002940A34202DA029C64425C4364180419B2
:101890000398111C0630002A00DA0021002509B245
:1018A000AB4201DD019D5D43059B69184518002B86
:1018B00027D000221000B2422DDA002300998B427B
:1018C00006DAE15C002901D0E95401300133F5E783
:1018D000049B01321B6801935B88E4183B685B88BA
:1018E000ED18E8E721002800009A03F05FFF049B51
:1018F0001B6802935B88E4183B685B88ED18019BCA
:1019000001330193019BB342ECDBF043009BC01712
:1019100030404343180007B0F0BDF0B587B000AFCA
:1019200009687B613B6BB8603961D418786B7B695F
:1019300049881B188C4201DA002C00DC0C00386945
:101940008688B34202DA002B00DD1E0033006846B1
:1019500063430733DB08DB00C31A9D4678697B606D
:1019600041433B69891806335D186B46FB607B6910
:101970009E420EDD29002200F86803F017FF3B6944
:101980005B88ED18FB689B19FB607B6901337B6109
:10199000EDE7B86832B221B27B68EAF73BFABD46A0
:1019A000B86807B0F0BD10B50400096804200A5EED
:1019B0008B1D0220095E2000EAF72CFA200010BDE2
:1019C00010B50400006800F036F8200010BDF8B52E
:1019D000D443E4171440070020000C301E000D0013
:1019E000EAF710F8386000F015F83B681C723868A8
:1019F0004660002D04D009302200290003F0D6FEF5
:101A0000F8BD002310B504000A001900FFF7DFFF3E
:101A1000200010BD03230380704710B5EAF70CFBCC
:101A200010BD10B50400EAF707FB002802D1238897
:101A30000233238010BD10B50400EAF7FDFA002838
:101A400009D12388023B9BB2012B01D0238002E005
:101A50002000EAF709F810BD036870B504000181A1
:101A60001B6A9847236805005B692000984720811E
:101A7000280070BD00897047036870B5040081724A
:101A80001B6A984723680500DB6920009847A0720D
:101A9000280070BD807A7047704710B5040003F0CD
:101AA0004EFE200010BD0C300EC8494352435B432C
:101AB0008818C01870477FB50400FFF7F4FF2500B1
:101AC000902306001B04313598422AD9638F002BDE
:101AD00007D1013308220D216846FFF739FE0123A3
:101AE000638790239B049E4219D9A38F002B07D1B3
:101AF000013309220D216846FFF72AFE0123A3873F
:101B00008023DB049E420AD9E38F002B07D10133E7
:101B10000A220D216846FFF71BFE0123E3870023FD
:101B20002B702B78042B02D801332B7003E0002399
:101B3000E387A38763872000EAF7A6FB02000B2850
:101B400013D02300A18E3033814204D11A78042AA5
:101B500004D8013201E00022A0861A70A28E618EA4
:101B6000914208D01B78042B05D9628601230D21F0
:101B70006846FFF7EDFD7FBD30B50400036A8BB00A
:101B8000009302AD416A8269C369280002F0EBF953
:101B900023000C3307CD07C30222A379200093430F
:101BA000A371FFF788FF0123A1881A0006A8FFF799
:101BB000CFFD00200BB030BD70B50C0005000B68E8
:101BC00008005B6A984721002B000C3115C915C32A
:101BD000280070BD10B5040003685B6A9847E06890
:101BE00010BD10B5040003685B6A9847206910BDFA
:101BF00010B5040003685B6A9847606910BD10B5B2
:101C0000040003685B6A9847A3799B0702D420000D
:101C1000EAF702FCA06A10BD10B5040003685B6A15
:101C20009847A3799B0702D42000EAF7F5FBE06A06
:101C300010BD408E704710B50400EAF791FC2000FB
:101C400003F07DFD200010BD0630C17770470123F1
:101C5000807918407047036870B5040001811B69E2
:101C60009847236805009B69200098472081280039
:101C700070BD00897047704710B5040003F05FFD28
:101C8000200010BD30B50400436BC26801699A1A88
:101C900083698BB05A43836B92125B1AC1694263AA
:101CA0004B439B128363C16B406902AD091A206AE2
:101CB00041438912E16300912800216C02F053F93D
:101CC0002300283307CD07C30123A1881A0006A8E3
:101CD000FFF73EFD00200BB030BD002310B583712F
:101CE000643303810368040081801B6998470222E2
:101CF000A3799343013A1343A37110BD84B030B567
:101D0000069303000491059204AC0C3326CC26C341
:101D100026CC26C322681A6002228379134383717A
:101D200030BC08BC04B018470223807918407047C3
:101D300080220023D2008261C26102620222C3605B
:101D400003614361436283799343837170474164C4
:101D5000704773B50C00050016000B680800DB69BE
:101D60009847E36B280001960093626BA36B216C8C
:101D700002F0BAF8280076BD70B50C0005000B68BB
:101D80000800DB69984721002B00283115C915C3CD
:101D9000280070BDF0B587B0010003A8FFF7ECFF85
:101DA0000398F8F723FB040004980D00F8F71EFBD6
:101DB000060005980F00F8F719FB2200009001912A
:101DC0002B0020002900F7F7EDFC320004000D0085
:101DD0003B0030003900F7F7E5FC02000B00200063
:101DE0002900F6F78FFD009A019B04000D001000FA
:101DF0001900F7F7D7FC02000B0020002900F6F7C6
:101E000081FDFAF70FF8F8F7BBFA07B0F0BD10B58F
:101E100004000368DB699847A06A10BD10B5040090
:101E20000368DB699847E06A10BD10B504000368D9
:101E3000DB699847206B10BD82B030B585B0089241
:101E40000500082202A8099303F0B0FC039B029C42
:101E50005810DB0701D52B581C592D180AA9082248
:101E6000684603F0A3FC089A099B2800A04705B028
:101E700030BC08BC02B01847F8B50A6803680E0009
:101E80000700981AF6F7B8FC72687B68051C981A68
:101E9000F6F7B2FCBB68041CB068181AF6F7ACFC85
:101EA000291C061C281CF6F7EBF9211C051C201C1C
:101EB000F6F7E6F9011C281CF5F7A2FE311C041CFC
:101EC000301CF6F7DDF9011C201CF5F799FEF8BD72
:101ED000F0B585B0019002910392FFF7CDFF012785
:101EE000041C061C039B9F4217DA0C217943029BBA
:101EF00001985918FFF7C0FF051C011C201CF5F7BD
:101F0000F1FC002800D02C1C291C301CF5F7D6FC55
:101F1000002800D02E1C0137E4E7211C301CF6F706
:101F2000C3FA05B0F0BDF0B58BB009938023DB0098
:101F30000025C36003614361002304000C2707915F
:101F4000089205604560856085610293119B9D4202
:101F500018DA39006943109B07A85918FFF78CFF5E
:101F6000F8F7BEFAF9F75EFFF8F70AFAF6F744FC5D
:101F7000061C011C0298F5F7A1FC002800D002966F
:101F80000135E3E700260023109D05930196009696
:101F9000371C059B119A93425EDA290007A8FFF7C8
:101FA0006BFFF8F79DFAF9F73DFFF8F7EDFA011C22
:101FB00003900298F5F79AFFFE218905F6F774FA67
:101FC0000490381CF6F7F6FB07000498F6F7F2FBCE
:101FD000874200DA07003800F6F70EFC2B68079AF4
:101FE000071C981AF6F708FC0399F5F77FFF4000E5
:101FF00004994008F6F744F9011C0098F5F700FE33
:10200000089B00900693069A6B68981AF6F7F4FB03
:102010000399F5F76BFF400004994008F6F730F993
:10202000011C0198F5F7ECFDAB68019009980C359F
:10203000181AF6F7E1FB0399F5F758FF40000499E9
:102040004008F6F71DF9011C301CF5F7D9FD059B7A
:10205000061C013305939CE70099081CF6F710F95C
:102060000199051C081CF6F70BF9011C281CF5F753
:10207000C7FD311C051C301CF6F702F9011C281C99
:10208000F5F7BEFDF8F72CFAF9F7CCFEF8F77CFA75
:10209000051C011C0098F5F729FF391CF6F7F0F82C
:1020A000FE218905F5F7ACFD8921C905F6F7E8F8A9
:1020B000F6F780FB291CE0600198F5F717FF391C43
:1020C000F6F7DEF8FE218905F5F79AFD8921C905A5
:1020D000F6F7D6F8F6F76EFB291C2061301CF5F7F1
:1020E00005FF391CF6F7CCF8FE218905F5F788FDC8
:1020F0008921C905F6F7C4F8F6F75CFB079B606118
:102100002360089B029800936360099BA360F6F725
:1021100051FBA06120000BB0F0BDF0B5002504001C
:1021200017000B002E0028002A0091B00791BA4238
:1021300008DA1968013240185968761899680C3322
:102140006D18F4E73900F5F77DFA390020603000AA
:10215000F5F778FA390060602800F5F773FA3A006D
:10216000A06007992000FFF7B3FE00260DAB089092
:10217000069605960393C8235B420493C8235B42EB
:102180000293C8235B4201932200039B23CA23C30B
:102190002268049B9446039A6344136062681D009E
:1021A0009446029B039A63445360A2680993944641
:1021B000019B039A6344936007993A0003980A933A
:1021C000FFF786FE0B90011C0898F5F78BFB0028A3
:1021D00005D0099B0A9E06930B9B05950893019BCE
:1021E000C83301931A00C8235B009A42CCD1029BEA
:1021F000C83302939342C4D1049B029AC833049318
:102200009342BBD1059B2268934206D16368069A2C
:10221000934202D1A368B34205D0059BA660236018
:10222000069B6360A7E7200011B0F0BD70B5040005
:102230000D00160086B003A8FFF76FFF200001967F
:1022400000950399049A059BFFF76DFE200006B0E8
:1022500070BD10B518C96210E10701D58158CB587F
:102260008018984710BD10B50021406C03F020FA8B
:1022700010BD10B50400EAF7A3FE200003F05FFADA
:10228000200010BD10B50400EAF78CFE200003F01A
:1022900056FA200010BD70B5050004007435012108
:1022A0002800E9F779FE2200563213780133DBB2B9
:1022B0001370E17901318B4225D100232600137080
:1022C000226D54360221525E33882021934205DA72
:1022D000200019B25030FFF723FA0100E279002301
:1022E0002800E9F70FFE226D33880221525E9342E7
:1022F00007DD2300002248331A702000EAF76AFF46
:1023000001E00133338070BD70B505000600826DB9
:102310005C350221525E2B880400743620219342E2
:1023200004DA19B25830FFF7FBF90100002330003E
:102330001A00E9F7E7FDA26D2B880221525E934255
:1023400007DB2300002248331A702000EAF742FF1F
:1023500001E001332B8070BD73B504000600250039
:10236000743630006435FFF73AFA0023EA5E210044
:102370000023603100933000FFF747FA002804D1B2
:1023800023006C331B78002B05D1230066331B78A8
:102390005BB2002B07D12300002248331A702000C3
:1023A000EAF718FF05E02A886C34D3182B80012344
:1023B000237073BDF0B506000021050004006636E9
:1023C000006E7156408864350023EA5E4B1D1B1A6F
:1023D000200085B06C3003909A4202DC0378002B19
:1023E00024D127007437002A04DD494209B238009D
:1023F000E9F7D2FD0023EA5E21000023603100935B
:102400003800FFF702FA0023F356002B05D1220013
:10241000483213702000EAF7DDFE0123039A13709F
:1024200000222B88B256D3182B800DE025004835AA
:102430002B78062B03D120007430FFF7D0F900234E
:1024400020002B70EAF7C6FE05B0F0BD70B50500A0
:1024500048352B780400002B33D0E9F77BFB2300B1
:102460004C331A881018220080B218804A32128821
:10247000824226D800221A802B78022B02D120001B
:10248000FFF709FF2B78032B02D12000FFF73CFF59
:102490002B78042B02D12000FFF75EFF2B78052B51
:1024A0000BD02B78062B08D02B78072B09D10023D3
:1024B00020002B70EAF78EFE03E02000FFF77AFF82
:1024C000F2E770BD1FB5036F827A9B680400013389
:1024D0009A4207D18188012302226846FFF738F922
:1024E000002306E0EAF7FCFD2000FFF7AFFFA37A28
:1024F0000133A3721FBD10B583790400DB0720D51B
:10250000027B022A02D1FFF7DDFF1AE0837A016F16
:102510000133DBB2837289688B4201D1002383725D
:10252000002A02D12000EAF7DBFD237B012B05D135
:10253000637300232000A373EAF7B6FC2000FFF7C3
:1025400085FF10BD70B504000D00022906D1E9F722
:1025500001FB052802D00520E9F7AEFA237B022B08
:102560000CD1022D0AD0A66E002E05D03000EBF75C
:1025700031F9300003F0E3F80023A366257370BD42
:10258000007B7047407A7047F0B5837987B00400CC
:102590000D00DB0702D5002902D035E0002933D039
:1025A000102100220127206F41568368CB188B42EF
:1025B00004DD3E008E4001313243F8E71121002353
:1025C00001274156C0680818884204DD3E008E404D
:1025D00001313343F8E71A43002D08D001230021CD
:1025E00001A8F4F711F90122A37913430BE02B00A2
:1025F000290001A8F4F708F9290001A803F022F83E
:102600000122A3799343A37107B0F0BD10B5012156
:10261000FFF7BAFF10BD10B50021FFF7B5FF10BDE1
:1026200010B57430FFF7DBF810BD052313B5019327
:1026300000930023040074311A00FFF76EF92000A4
:1026400016BD70B5037B0400022B0AD00221FFF7F0
:1026500079FF482003F077F80500216FEBF772F857
:10266000A566A06E00F0F4F870BD10B50400F3F795
:1026700019FD00232000237510BD1FB50E246C44E6
:10268000637000232270009322000233EAF772FF86
:1026900004B010BD1FB50F2401236C440093230028
:1026A000EAF778FF002800D1207804B010BD70B59B
:1026B000040016001D0000220F23EBF7A9FA2000EA
:1026C00031000F2301221030EBF7A2FA200029007D
:1026D0000F2302222030EBF79BFA200004990F23EE
:1026E00016223030EBF794FA200005990F230422CC
:1026F0004030EBF78DFA200006990B23052250306D
:10270000EBF786FA200007990B2306226030EBF7DF
:102710007FFA200008990B2307227030EBF778FA34
:10272000200009990B2308228030EBF771FA200072
:102730000A990B2309229030EBF76AFA20000B99D3
:102740000F230A22A030EBF763FA0B2320001A00B4
:102750000C99B030EBF75CFA20000D990B230C229A
:10276000C030EBF755FA20000E990B230D22D03024
:10277000EBF74EFA20000F990B230E22E030EBF717
:1027800047FA200010990B230F22F030EBF740FAA4
:10279000601C11990B231322FF30EBF739FA20004C
:1027A000113012990B231422FF30EBF731FA20007D
:1027B000213013990F231A22FF30EBF729FA20005A
:1027C000313014990F231B22FF30EBF721FA200040
:1027D0004130042303221599FF30EBF719FA20004A
:1027E00070BD10B518C96210E10701D58158CB58EA
:1027F0008018984710BD82B030B585B008920500AA
:10280000082202A8099302F0D1FF039B029C5810F2
:10281000DB0701D52B581C592D180AA90822684638
:1028200002F0C4FF089A099B2800A04705B030BCFD
:1028300008BC02B0184770B504000D001822002132
:1028400002F0D2FF2900200002F0E6FD200070BD5A
:102850000368426803219A18836810B5D018F4F70A
:10286000F1FE5221A923FF315B001A00884204DCEB
:10287000083AFF3A904200DD0200FF2008219B1A2F
:102880005843FF31F4F7DEFE10BD0069002904DD76
:10289000002802D00139C06AF8E7704710B504007B
:1028A000EBF78AF8200002F04AFF200010BDF7B5D0
:1028B000838804005A070FD59A0648D4DA060BD548
:1028C000010008221831684602F070FF226963692E
:1028D0002000FEF763FE3AE004220226012713439C
:1028E000A380A38833420BD0210008221831684608
:1028F00002F05CFF22696369A06801F0C1FA10E090
:102900003B4208D0E368206900936169A269E369EA
:10291000A568A84705E020696169A269E369A5681F
:10292000A8471022A38813420ED0256A002D0BD091
:102930002900A01802F03AFF2B692800236202F058
:10294000FEFEE8F701FFCCE704229343A380F7BD26
:10295000030072B64069002807D002695A61002A54
:1029600000D19A619A8B013A9A8362B67047F7B5A3
:10297000002507002E000469002C1BD0A288E36A02
:1029800011B2002914DA04210A4211D1002E01D11A
:102990003B6100E0F362E36A20000193FEF7F4FD7F
:1029A000200002F0CCFE340001352600019CE3E754
:1029B0000193FAE72800FEBD70B501230D00040065
:1029C00088B08669082208316846029302F0EEFE5C
:1029D0002A686B682000EBF72DF8002827D1A38B1D
:1029E000092B24D82900102204A802F0DFFE1820A9
:1029F00002F0A9FE050006A90822684602F0D6FEEC
:102A0000049A059B2800FEF7B3FE72B6002E03D190
:102A1000636965612B6102E033692B6135612B6964
:102A2000002B00D1A561A38B0133A38362B608B04C
:102A300070BD82B010B502A902920393FFF7BCFFEC
:102A4000002010BC08BC02B0184730B585B00500A6
:102A5000FFF78DFF2800FFF77BFF041E13D0010056
:102A60000023083108226846029302F09FFE226884
:102A700063682800EAF7DEFF200002F060FEE8F756
:102A800029FE0028E6D105B030BD82B030B585B052
:102A900008920500082202A8099302F087FE039B12
:102AA000029C5810DB0701D52B581C592D180AA978
:102AB0000822684602F07AFE089A099B2800A0477F
:102AC00005B030BC08BC02B01847028903008A4236
:102AD00002D18079012305E0428900208A4202D197
:102AE0009879022318407047028903008A4202D174
:102AF0008079042305E0428900208A4202D1987936
:102B0000082318407047028903008A4202D1807965
:102B1000102305E0428900208A4202D198792023BF
:102B200018407047038910B58B4207D1837901247F
:102B3000002A01D0234300E0A343837143898B42E1
:102B400007D183790221002A01D00B4300E08B4397
:102B5000837110BD038910B58B4207D1837904249A
:102B6000002A01D0234300E0A343837143898B42B1
:102B700007D183790821002A01D00B4300E08B4361
:102B8000837110BD038910B58B4207D1837910245E
:102B9000002A01D0234300E0A343837143898B4281
:102BA00007D183792021002A01D00B4300E08B4319
:102BB000837110BD82B0F0B589B00E920F93078972
:102BC00095B20400BD4200D147890EAB5E88022E4B
:102BD00023D0052E0FD0012E6FD129002000320006
:102BE000FFF7A0FF39002000FFF76FFF002864D037
:102BF000A18833000CE0290020000122FFF7AAFF82
:102C000039002000FFF770FF002856D00123A1886B
:102C1000320004A8FEF79CFD4FE039002000FFF7CA
:102C200054FF002815D03200A18801236846FEF722
:102C30008FFD29002000FFF757FFA68800282DD020
:102C400039002000FFF750FF002827D0012304227D
:102C500026E029002000FFF756FF00280ED1267B32
:102C6000012E0BD129002000FFF73EFF002821D0C4
:102C700033000422290004A8FEF76AFD2900200081
:102C80000022FFF74FFF290020000022FFF762FF1C
:102C9000002229002000FFF775FF0EE00123032228
:102CA000310004A8FEF754FD012239002000FFF78F
:102CB00069FFE3E733000322DCE709B0F0BC08BC9E
:102CC00002B0184701737047032380791840033816
:102CD00043425841704710B518C96210E10701D549
:102CE0008158CB588018984710BD70B5837904007F
:102CF0001B0706D5806801F055F90E23E356834281
:102D00000FD02000EAF792FF082002F01CFD0E21F0
:102D10006156050001F03AF90822A379A560134332
:102D2000A371002070BDD0B5040086B08AB2002324
:102D3000818802A8FEF70CFD049E059FA06800F0A4
:102D4000EEF903000B430AD0049A059B009201930D
:102D5000121A8B4102A804920593E8F7CDFF3200C6
:102D60003B00A06800F0D8F906B0D0BD1FB583794C
:102D700004005B0602D50521FFF7D5FFA3799B066A
:102D800005D5A188012302226846FEF7E1FC1FBD9C
:102D90001FB5837904005B0602D50421FFF7C3FF4A
:102DA000A3799B0605D5A188012303226846FEF777
:102DB000CFFC1FBD702310B582791A4201D0EAF70B
:102DC00035FF002010BD704710B5040002F0B7FCBD
:102DD000200010BD30B5040085B02569002D1ED03F
:102DE000EA78012A06D0022A09D12000203000F01A
:102DF00041F80AE02000183000F017F805E092B220
:102E000001230A216846FEF7A3FC23699D42E4D111
:102E10002000EBF787F9280002F091FCDDE705B010
:102E200030BD00230160436070471FB50400006897
:102E3000EBF778F90023626843629A4201D160603F
:102E40000DE0516A002902D001330A00F9E7032B93
:102E500004DD02F074FC0123022202E0506201232F
:102E60001A0009216846FEF773FC1FBD002341606C
:102E70000370704770B504004068EBF753F9012305
:102E8000050023700430E8F737FF00232800237083
:102E900002F055FC70BD10B518C96210E10701D5EC
:102EA0008158CB588018984710BDF8B50E001C000B
:102EB000150006AA108807AA1788B84208D0335C04
:102EC000290023700130F4F7A3FC013488B2F4E741
:102ED000F8BD4C30007870470300020050334E328A
:102EE0001B8811888B4204D91188023A1078401847
:102EF00000E01088C01A7047020003005C325A33A9
:102F000011881B88994205D91188043A1078C31892
:102F1000581A01E01088181A704710B504000129EA
:102F200005D12000FFF7E8FF0028FADC03E00229C2
:102F300001D1E8F709FC10BD10B504300022F3F709
:102F40004DFF10BD10B50968130002240A5F04315B
:102F5000EBF7C0FA10BDF7B5150000AF7B602B0092
:102F60000E0069460833DB08DB00CB1A9D460132B0
:102F700000210400684602F037FC7B682A0069469D
:102F80003000EBF739FB002803DC2000E8F79AFE5D
:102F900004E002B269462000E8F76AFEBD46200060
:102FA000FEBD13B56B46D81D0C00EBF7D7FE6B4684
:102FB0002100D81DEBF7E4FE13BD73B51E006B4670
:102FC000D81D0D001400EBF7C9FE684633002A0037
:102FD00021000730EBF70EFF73BD07B50192802289
:102FE00000915205136952696946133A5A43022304
:102FF000FFF7E3FF07BD84B010B504928022039170
:1030000005935205116953695269113B133A4A43BA
:1030100059430F9B5B1AD21803A90C23FFF7CDFF6E
:1030200010BC08BC04B0184710B50400EBF798FCBE
:10303000200010BD8023F7B55B051A695D69019119
:10304000113D5543EBF78CFC061E1FD0302002F0DB
:103050007AFB302200210400002702F0C5FB08356E
:10306000B7420DDA29003022200002F09FFB210038
:10307000019802F0EFFB002802D030350137EFE76E
:103080002000B74202D102F05AFB0020FEBD10B56D
:1030900009680431FFF7CEFF10BD10B5096804318F
:1030A000EBF78EFC10BD52DF704712DF70477047A0
:1030B00010B5040002F043FB200010BD10B5040061
:1030C000E8F782FD0022A46801238A4202D18442EB
:1030D00000D91300180010BD10B50400EBF7D6FDA1
:1030E0001022A35E1222A05E181A10BD10B5EBF7D5
:1030F000CDFD10BD70B50D000400EBF7C7FDE56018
:1031000070BDC068704710B50400EBF707FE2000E3
:1031100002F015FB200010BD026543657047416D4C
:10312000006D704729DF704728DF7047002030B5F9
:103130001C1A002C06DD155C0C5C0130AC43F7D08A
:10314000012000E0002030BD10B503685B6A98479D
:1031500010BD10B50400EBF783FF200002F0EFFA7A
:10316000200010BD10B5C9B20D22FFF793FAC73881
:103170004342584110BD10B503685B6A984710BDC3
:1031800010B50400ECF7B2F8200002F0D8FA2000E5
:1031900010BD10B5C9B20D22FFF77CFA5A38434270
:1031A000584110BD10B50368DB69984710BD10B5D4
:1031B0000400ECF713F9200002F0C1FA200010BD62
:1031C00010B5C9B20722FFF765FAC4384342584127
:1031D00010BD10B503685B6A984710BD10B50400B8
:1031E000ECF714FA200002F0AAFA200010BD10B586
:1031F000C9B20F22FFF74EFA33384342584110BD8F
:1032000010B50368DB69984710BD10B50400ECF7F2
:10321000B1FA200002F093FA200010BD10B5C9B237
:103220004F22FFF737FA40384342584110BD10B5DE
:1032300003685B6A984710BD10B50400ECF78EFB7D
:10324000200002F07CFA200010BD70B50500CCB261
:10325000B62321001422FFF710FA6420E8F7DEFA03
:10326000280000222100FFF715FAFA38434258419E
:1032700070BD10B50368DB69984710BD10B5040038
:10328000ECF7BCFD200002F05AFA200010BD704798
:1032900010B50400ECF728FE200002F050FA2000E0
:1032A00010BD704710B50400EDF7AEF9200002F034
:1032B00046FA200010BDF7B5037C477B019300233D
:1032C000867BC57B43738373C37303740400EDF77C
:1032D000A7F96B461B796773A673E5732374F7BD73
:1032E00037B504680D00002C0ED0011D0822684679
:1032F00002F05CFA019A009B5010D20701D52258C7
:10330000D35820182900984737BD82B030B585B012
:1033100008920500082202A8099302F047FA039BCD
:10332000029C5810DB0701D52B581C592D180AA9EF
:103330000822684602F03AFA089A099B2800A0473A
:1033400005B030BC08BC02B0184713B54A88438AA0
:1033500004009A421AD10B89012B17D9CB6819881E
:10336000C181406803681B699847606803685B69AE
:103370009847E0812068EFF7A1FF2200618A0024CE
:1033800003680094DC680E320223A04713BD82B0AC
:1033900010B5040000680393029200F01DFE836DD7
:1033A0009B0715D56068FEF715FC20816068FEF765
:1033B00018FC60816068FEF71BFCA0812068EFF7B5
:1033C0007DFF22000368218A08325C690623A0473A
:1033D00010BC08BC02B0184770B5040001302500CD
:1033E0000300002611351E7001339D42FBD10023DE
:1033F000638201332370002A08D10B0010339942F5
:1034000007D0013B1A7802700130F8E7102202F071
:10341000D6F9A37B627B1B0213432000638270BD3D
:10342000A7DF7047A9DF7047AADF704768DF7047E2
:1034300010B50368002B01D00800984710BD10B5E7
:103440000368002B01D00800984710BD10B5036831
:10345000002B01D00800984710BD10B50368002B61
:1034600001D00800984710BD10B50400EDF7F6FA3A
:10347000200002F064F9200010BD1FB50123FA21DD
:103480001A0089006846FEF763F905B000BD002206
:10349000431C0270C11D1A7001338B42FBD170476F
:1034A00070B51D000E001100C27F0400931C5B1953
:1034B00001201F2B12DC2B18A354E37F2A001B18BA
:1034C000DBB2E377E654E07F0130C0B2E07720184A
:1034D00002F06CF90020E37FED18E57770BD020083
:1034E000010010B5036834320A319B6F984710BD54
:1034F00010B50400FFF7F3FF2368211DDB6F2000E8
:10350000984710BD10B5002204000270431C11340E
:103510001A700133A342FBD1418210BD37B50D00B3
:10352000EFF7BCFE6B46DA1D0123040019000A30D8
:103530001570EDF78FFB002802D12000FFF7CFFFB9
:103540003EBDF8B50D0016001F00EFF7A7FE040002
:10355000092D03D1036831005B6B984720003B00C5
:10356000320029000A30EDF775FB002802D1200057
:10357000FFF7B5FFF8BD806810B5002803D0EFF75E
:103580008DFEFFF7B5FF10BD70B58AB003AD060024
:103590002800FFF77CFF13206844FFF778FF1A200C
:1035A0006844FFF774FF21206844FFF770FF04238D
:1035B00001ACB06863710195EFF790FE03682100DC
:1035C0001B699847A0790AB070BD10B50400183087
:1035D000FEF781F80123636110BD022370B54361DA
:1035E00004000D00E8F7F0FA2061002D07D0082351
:1035F0006269134304226361A3791343A37170BD0D
:1036000010B58068EFF74AFE03685B69984710BD04
:103610008023F0B55B0585B008005F6E0291FEF770
:10362000FFFF012304240525019329003800F4F746
:1036300005F808000199F3F77BFF05230522002612
:103640005D43019B039053433F1A0193039B013356
:103650009E420ADA042302989A1B12B221B2FB336B
:103660007430E8F77BFB0136F0E7013CDDD205B0B2
:10367000F0BD0130C07F704782B030B585B0089290
:103680000500082202A8099302F090F8039B029C0F
:103690005810DB0701D52B581C592D180AA90822F0
:1036A000684602F083F8089A099B2800A04705B0F5
:1036B00030BC08BC02B0184710B500F08DFC806D1E
:1036C00010BD82B070B50400006805930492150C1B
:1036D000FFF7F2FF022318421DD09D4201D10023C3
:1036E0000EE0012D0AD12600257101CEEFF7E6FD8F
:1036F0000368E18832005C692B000BE0052D0AD1DC
:103700002500237101CDEFF7D9FD0368E1882A0078
:103710005C690123A04770BC08BC02B0184782B0A6
:1037200070B50400006805930492150CFFF7C4FF00
:10373000022318421BD09D4201D100230DE0012D30
:1037400009D165712068EFF7B9FD0368621D218911
:103750005C692B000AE0052D09D163712068EFF741
:10376000ADFD0368621D21895C690123A04770BC1F
:1037700008BC02B0184737B504680D00002C0ED005
:10378000011D0822684602F011F8019A009B5010B2
:10379000D20701D52258D35820182900984737BDA1
:1037A00010B54A88838A90B00C009A4219D10B89CF
:1037B000002B16D0CB681B78012B12D18068EFF755
:1037C0006DFD036815215B6A9847FA20800001F0BF
:1037D0009BFE238804A80380002301A90B70F2F745
:1037E0005BFB10B010BD704710B5040001F0A7FFDF
:1037F000200010BD37B504680D00002C0ED0011D4F
:103800000822684601F0D2FF019A009B5010D207AF
:1038100001D52258D35820182900984737BD37B50D
:1038200004680D00002C0ED0011D0822684601F02E
:10383000BDFF019A009B5010D20701D52258D358E2
:1038400020182900984737BDF7B500260700050066
:10385000340001913A370122B2406B6913421CD007
:10386000EB68296930011818114202D1EAF750FAC1
:1038700002E0EAF7A9FA8010019BC0B2002B02D146
:103880003B78834209D06300EB18DA1D013408331A
:103890003870D677D877092C05DC01360137152E1C
:1038A000D9D1002C0BD0A868EFF708FD2A006400DE
:1038B000A3B2A96D04682632C98B6469A047F7BD1D
:1038C00010B5836D4A88DB8B9A4202D10121FFF744
:1038D000BBFF10BD10B50400806800F07DFB836D58
:1038E0009B0703D500212000FFF7AEFF10BD37B5C1
:1038F00004680D00002C0ED0011D0822684601F05E
:1039000055FF019A009B5010D20701D52258D35879
:1039100020182900984737BD37B504680D00002CE2
:103920000ED0011D0822684601F040FF019A009B5D
:103930005010D20701D52258D35820182900984793
:1039400037BDF0B5CB6885B001934B88828C0400FD
:103950000D009A421FD10A89013A042A1BD84068F7
:10396000E9F74AFC00262B899E423ADA0027042216
:10397000019BD21B9B5D60681341012213405B4297
:1039800039B2DBB232B274300137E8F7E7F9052F0C
:10399000EDD10136E7E7E28C9A4219D10823EA5EBD
:1039A000019902A8E8F764F96068E9F725FC656801
:1039B00002A903A8FDF787FEE28903A92800E9F719
:1039C00007FD03A8FDF72AFE02A8FDF727FE08E081
:1039D000228D9A4205D12B89012B02D9019B1B888C
:1039E000E38105B0F0BDF0B54A88838C85B0050051
:1039F0009A4228D10600431D03930024771B34729A
:103A00003FB2686821B274303A00E8F7BDF9002887
:103A100006D0042301221B1B9A40337A13433372CE
:103A20000134052CEDD1039B01369E42E5D1286877
:103A3000EFF744FC2A00A98C002503680095DD6897
:103A400008322300A84705B0F0BD37B504680D0063
:103A5000002C0ED0011D0822684601F0A7FE019A35
:103A6000009B5010D20701D52258D35820182900A6
:103A7000984737BD82B030B585B00892050008225E
:103A800002A8099301F092FE039B029C5810DB07E9
:103A900001D52B581C592D180AA90822684601F097
:103AA00085FE089A099B2800A04705B030BC08BCD9
:103AB00002B018471FB54B88028B9A4208D10A8979
:103AC000012A05D9CB6802221B88038201230BE05F
:103AD000428B9A420CD10B89002B09D0CB681B7802
:103AE0008374012B04D1042206216846FDF730FEC1
:103AF00005B000BD10B504004068E8F7D3FE02230E
:103B0000002800D00323A3742068EFF7D7FB22001E
:103B10000368618B12325C690123A04710BD73B545
:103B20000400006800F058FA0225836D2B4239D05A
:103B30006068FEF76CF920816068FEF76FF96081BC
:103B40006068FEF772F9A081606803689B69984716
:103B500020822068EFF7B2FB0022218B03680092DD
:103B60002200DE6810322B00B0472068EFF7A6FB7A
:103B700022000368A18A5E6908320623B0476068A4
:103B8000FEF7D2F800280DD06068E8F789FFE081E1
:103B90002068EFF793FB22000368E18A0E325C692C
:103BA0002B00A04773BD13B504004068218A036849
:103BB0005B699847606803689B6998472082206822
:103BC000EFF77CFB218B2200002403680094DC6863
:103BD00010320223A04713BD82B010B502920393A6
:103BE000120C012A02D1FFF79AFF08E0022A02D143
:103BF000FFF7D9FF03E0042A01D1FFF77BFF10BCD8
:103C000008BC02B0184737B504680D00002C0ED070
:103C1000011D0822684601F0C9FD019A009B501061
:103C2000D20701D52258D35820182900984737BD0C
:103C300082B030B585B008920500082202A8099329
:103C400001F0B4FD039B029C5810DB0701D52B58F3
:103C50001C592D180AA90822684601F0A7FD089AE8
:103C6000099B2800A04705B030BC08BC02B018472B
:103C700013B54A88C38904009A4218D10B89012BD5
:103C800015D9CB68198841814068FFF733FA60681D
:103C9000FFF737FA60812068EFF710FB2200E18917
:103CA000002403680094DC680A320223A04713BD95
:103CB00082B010B5040000680393029200F08CF902
:103CC000836D9B070DD56068FFF706FA20722068A8
:103CD000EFF7F4FA22000368A18908325C69012336
:103CE000A04710BC08BC02B0184710B50368002BF1
:103CF00001D00800984710BD37B504680D00002CAE
:103D00000ED0011D0822684601F050FD019A009B6B
:103D10005010D20701D52258D358201829009847AF
:103D200037BDF0B5C2684B8889B004000F009342DC
:103D300048D10B89029300230093009A029B93427F
:103D400040DD207AA17A0130F3F762FD637A0D003D
:103D500099422DD00026009AFB689B5C0193636911
:103D600002229B5E0393039BB34210DD200031B21D
:103D70001430FDF7D5FC019B834206D10123962127
:103D80001A00C90004A8FDF7E3FC0136EBE7694619
:103D9000237A22680979D154FF2325721D40A36933
:103DA000AB420CD101235B42A3610222023301E04A
:103DB00001230322962104A8C900FDF7C9FC009B3A
:103DC0000133B9E709B0F0BDF8B50E001C001500CD
:103DD00006AA108807AA1788B84208D0335C2900C1
:103DE00023700130F3F714FD013488B2F4E7F8BD15
:103DF000427A037A0100981A9A4202D9887AC31843
:103E0000981A704710B50968130002240A5F04313C
:103E1000EEF76EFD10BD37B504680D00002C0ED016
:103E2000011D0822684601F0C1FC019A009B501058
:103E3000D20701D52258D35820182900984737BDFA
:103E400082B030B585B008920500082202A8099317
:103E500001F0ACFC039B029C5810DB0701D52B58EA
:103E60001C592D180AA90822684601F09FFC089ADF
:103E7000099B2800A04705B030BC08BC02B0184719
:103E800082B073B50400061D069208A90822684690
:103E9000079301F08BFC65693100069A079B206847
:103EA000A84773BC08BC02B01847026810B5944616
:103EB0000A680023944507D104310430102201F030
:103EC00066FC43424341DBB2180010BD10B5EFF76A
:103ED000E1F8406810BD10B5EFF7DCF8006810BDE0
:103EE000017042704360704782B0F0B505920200E5
:103EF000069308AB1B7805ACE0CCE0C2002B2ED0BB
:103F00004A78002A05D0069A52424260079A5242E5
:103F100082604A68022A08D0032A0DD0012A10D1F3
:103F2000026841685242016004E002685242026045
:103F300042685242426004E04268016852420260B4
:103F40004160012B04D0022B09D143685B4202E09F
:103F5000426803680260436083685B428360F0BC30
:103F600008BC02B0184782B037B5040018000793A8
:103F70000B7806920193089B009303002000FFF743
:103F8000B3FF20003EBC08BC02B0184710B50400C7
:103F9000F2F79CFD200010BD10B5040001F090FB6D
:103FA000200010BD407840B2704702000B00F0B511
:103FB000126889B0019203AA15001E0040680168CA
:103FC00009688C4692CE92C5DB680199D3600023C4
:103FD0001361E04709B0F0BD10B5EFF75FF910BD10
:103FE0000220704702207047002070470020704771
:103FF000022070470220704702207047022070475D
:10400000022070470220704702207047022070474C
:10401000022070470220704702207047022070473C
:104020000220704700231360704700207047022071
:10403000704702207047022070470220704702201C
:104040007047002070470020704700207047022012
:104050007047022070474160704781607047C160BF
:10406000704701617047416170470220704702202C
:1040700070470220704702207047022070470220DC
:1040800070470220704702207047002070470220CE
:104090007047022070470020704770470220704729
:1040A0000220704770470220704700207047704719
:1040B00066DF704748DF7047007970470C30704703
:1040C0000C30704710B5FFF7F5FF10BD10B5036851
:1040D000002B01D00800984710BD10B50368002BD5
:1040E00001D00800984710BD10B50368002B01D01F
:1040F0000800984710BD0823F0B597B002AA1371C5
:1041000006AA029202AA137310000EAB04930C00CD
:10411000EFF742FE00230600984202D02371A371FC
:1041200036E00500072702AB1B7BA37102AB1B79AE
:10413000AB4213D96379AB4201D8257128E038002E
:10414000684323681818029B0193019AAB009958A1
:104150000135072201F02AFBEDB2E7E725710727B9
:10416000002502AB21791B7B6918AB420FD963791B
:1041700099420CDA794323685918049B0193019AF8
:10418000AB009858013500F0C4F9EDB2E9E72171B0
:10419000300017B0F0BD10B5EFF7A2FD10BD10B59F
:1041A00008001100EFF7D2FD10BD10B50800110096
:1041B000EFF7A8FD10BD10B5080011001A00029B12
:1041C000EFF724FD10BD70B504000068002804D08E
:1041D000056901F0B4FA2800F8E7206070BD10B559
:1041E0000400EFF73FF9200001F0A9FA200010BD0C
:1041F00010B50400EFF740F9200001F0A0FA20000C
:1042000010BD10B50400EFF741F9200001F097FA56
:10421000200010BD10B50400EFF742F9200001F0B6
:104220008EFA200010BD10B50400EFF743F920000E
:1042300001F085FA200010BD10B50400EFF744F935
:10424000200001F07CFA200010BD10B50400EFF74B
:1042500045F9200001F073FA200010BD70B504008C
:10426000E3692362256A002D08D0EB68210028004D
:104270009847236A002BF3D01B69F2E720001C301B
:10428000FFF7A1FF28006560A560E5602561656115
:1042900070BD10B5FFF7E2FF002800D0062010BD6A
:1042A00010B50400EFF724F9200001F048FA2000CF
:1042B00010BD10B50400EFF725F9200001F03FFA1A
:1042C000200010BD10B50400EFF726F9200001F022
:1042D00036FA200010BD10B50400EFF727F92000D2
:1042E00001F02DFA200010BD10B50400EFF728F9F9
:1042F000200001F024FA200010BD70B50400E36A2C
:104300002363256B002D08D0EB6821002800984717
:10431000236B002BF3D01B69F2E720002C30FFF752
:1043200052FF20000830FFF74EFF20001430FFF747
:104330004AFF20002030FFF746FF280070BD70B50F
:10434000037904000920002B20D0F1F773FD03004E
:104350000520002B1AD12500FC35A86B002803D1BD
:10436000286C002806D10AE003685B6A9847002899
:10437000F6D00BE003689B6A9847002806D120001E
:104380000C3000F045FA002800D1207170BDF7B55F
:10439000037907000E001400002B08D0082200212A
:1043A000684601F021FA0A256B461D710CE0EFF713
:1043B0006BFB05000C20002D0FD1012308223B715F
:1043C0002900684601F010FA3000EEF745FFE36877
:1043D00000906946200098472800FEBD10B50400F3
:1043E000EFF7D2F8200001F0AAF9200010BD10B5B7
:1043F0001F220021040001F0F7F90023E37710BD2C
:1044000010B50020EFF7E0F910BDFC30836B70B5FC
:104410000400002B07D19920800001F094F90500D9
:10442000EFF7F4F9A563A06B70BDFC30836B70B53A
:104430000400002B07D19920800001F084F90500C9
:10444000EFF7E4F9A563A06B70BDF0B5040087B089
:10445000E36B2364266C002E08D0F3682100300043
:104460009847236C002BF3D01B69F2E720003C3007
:10447000FFF7A9FE2000267166710C30FFF7A3FE3E
:1044800020001830FFF79FFE20002430FFF79BFE2E
:10449000200001AD3030FFF796FE31002800EFF725
:1044A000A5F923002A00443383CA83C3EB68310093
:1044B000236566652800EFF799F923002A00583331
:1044C00083CA83C3EB6831006366A6662800EFF7F2
:1044D0008DF923002A006C3383CA83C33000EB6854
:1044E000E667A36707B0F0BD70DF704771DF704704
:1044F00060DF7047704710B5F1F71EFC002010BD5B
:1045000070477EDF704768DF704710B500F09FFD91
:1045100010BD022310B50B708C330B713F3B4B71F8
:104520002D338B714A1C043100F068FD10BD70DF23
:10453000704771DF704772DF704773DF704774DF59
:10454000704775DF704776DF704777DF704778DF39
:10455000704779DF70477ADF70477BDF70477CDF19
:1045600070477DDF704788DF7047142070476420F4
:104570007047A0208001704710B50400FFF7DFFFEF
:104580000323002806D12300012158331A788A43D7
:104590001A700300180010BD03000800FC215833F6
:1045A00010B51C78214019703B218A4200D028396F
:1045B000FFF7C9FF03005A1E934103205B421840D6
:1045C00010BD030010B5FE330A00D98C03681B6AC6
:1045D000984710BD10B50800FFF7BFFF03005A1E33
:1045E000934103205B42184010BD10B50800FFF74F
:1045F000B2FF03005A1E934103205B42184010BDD6
:10460000080010B51100FFF79CFF031E00D0032324
:10461000180010BD13B50C001100012C06D86B4614
:104620000622981C01F0C2F8002005E0A31E012B11
:1046300001D9032007E001206B46591C0C70FFF7DD
:1046400076FF0028F5D116BD73B56B465E1C3000B1
:104650000D001400FFF76DFF032300280CD1002D7F
:1046600001D033782B70231E06D06B460622991C8E
:10467000200001F09BF80023180076BD080010B55B
:104680001100FFF76EFF031E00D00323180010BDBA
:1046900010B50800FFF75BFF031E00D003231800CE
:1046A00010BD10B50800FFF754FF031E00D0032310
:1046B000180010BD10B50800FFF747FF002398420F
:1046C00003D00533112800D0023B180010BD08208C
:1046D0007047B830017000207047B9300170002079
:1046E000704702207047B83000787047B9300078C2
:1046F0007047002070470200030010B5F3321178B4
:104700006C309B6F984710BD10B518C96210E10757
:1047100001D58158CB588018984710BD37B56B46E6
:10472000DC1D1123080023700D0001F09DF8290005
:1047300082B22000FFF713FF031E00D003231800EE
:104740003EBDF8B506000D00002407273300BA333C
:104750001B78A3420ED96B79A3420BD93900614370
:104760002B68072258187118BB31013401F01EF86C
:10477000E4B2EBE72C710020F8BD10B50C00C97F46
:1047800001201F290ED8002901D103200AE0D37F80
:104790002000FFF7D0FE0028F7D1208CFFF7D7FECE
:1047A0000028F2D110BDF8B503680700DB6C0D00DE
:1047B0000C7998470323844228D8002307212879BD
:1047C000DAB2904208D90A005A432C680133125DCC
:1047D000032AF5D1042319E03E000024BA363470D0
:1047E0002B79A34211D9072319003078614358432C
:1047F0002B6838185918BB30072200F0D7FF3378E0
:10480000013401333370E4B2EAE700231800F8BD45
:1048100010B50400EEF7E2FE00280AD123000122C1
:10482000FE335242DA84BA34463B18705870207016
:1048300000E0062010BDFE30C1847047FE30C08C01
:104840007047F0B59BB00AAB009312AB02936A4677
:104850000023070013711373B8373B7805000E006F
:10486000002B1DD104AC18220021200000F0BCFF59
:104870003378200023703B7823726B46E3607388A3
:104880002382B3886382FFF758FE02000320002AC8
:104890000BD1012158352B7810000B432B7004E00D
:1048A0006946EFF7C5FA0028DCD01BB0F0BDA0DFE9
:1048B0007047A4DF7047A5DF7047A6DF7047A8DF09
:1048C0007047F7B50D0016000021082268461F004A
:1048D000089C00F089FF6A46238831002800138075
:1048E0000197FFF7E8FF0323002803D16B461B88DD
:1048F000238003001800FEBD70B586B015006A461F
:1049000000200E00941DD380EEF75EFF03681B6944
:104910009847FFF793FF012302A98B7000230E80B5
:104920008B80CD608C60FFF7C8FF83B2181E00D06B
:10493000052006B070BDF8B5040000200D0016007B
:10494000EEF742FF03681B6998472368DF69FFF7AA
:1049500075FF330001002A002000B847F8BDF0B50C
:10496000D48B02001E000023457985B0F8329D42A9
:1049700023D908321700083F3F88A74210D11F33C0
:10498000DB00C3180E249A8802236C44238003683A
:1049900003AD00949F682B00B847021E02D00DE0C3
:1049A0000133E4E723880620022B07D12B8810006F
:1049B0009B0703D00123337000E0042005B0F0BD55
:1049C00010B50278002A09D10C781300002C13D1FD
:1049D000438A488A1B1A584243410CE00023012AAB
:1049E0000AD10A78012A07D1013101300F3200F0D3
:1049F000CEFE43424341DBB2180010BD70B5040047
:104A00000D006368A360A068002807D0C368290070
:104A10009847A368002BF4D01B69F3E770BD10B56D
:104A2000C368984710BD30B5150087B004290ED073
:104A3000052917D0032925D144300100040004A81A
:104A4000EFF7B6FC049B002B18D1059B14E05830FF
:104A5000010004006846EFF7ABFC009B002B0DD172
:104A6000019B09E06C300100040002A8EFF7A0FCF4
:104A7000029B002B02D1039BDB0703D529002000FA
:104A8000FFF7CDFF07B030BDF0B50B888FB0050044
:104A90000C00502B0ED004D8012B25D0182B32D06F
:104AA0000CE1522B2FD03FD3532B00D006E1CE8800
:104AB000052146E002000023CE884179FC3299426C
:104AC0003ED90832100008380088B0420AD130219F
:104AD00020339B005A59531CDB7F0B4200D0D2E09D
:104AE0002E392EE00133EAE70C7AEB682B61286956
:104AF000002800D1E2E0C368210098472B69002B11
:104B0000F3D01B69F2E7A3880AAE33802B6B6B638B
:104B1000686B002800D1D1E0C368310098476B6B07
:104B2000002BF3D01B69F2E78B79012B05D0022B08
:104B300000D0C3E00E89072103E00E89062100E0C2
:104B400002212B0000206A79F833009000988242FD
:104B500000D8B3E00833180008380088B04214D1F8
:104B6000062958D0072913D03200022900D096E038
:104B7000A3880AA90B804E80237A0B71A38BCB806C
:104B8000E38B20340B81CC6040E000980130DCE7FF
:104B90001022002102A800F027FEA38802AA138099
:104BA0005680E38B06AF9380238C0021D3802300B3
:104BB0001022223338000193049300F015FE0223E3
:104BC0003B70009B20339B005B591A002A321178FE
:104BD0000022914206D0180002A9DB6C40309847B1
:104BE00002AB9A89A0883900BA80FFF768FEBB88BB
:104BF000002B63D1A3880AA90B804E80A37A0B7186
:104C0000E38BCB80238C0B81019BCB60280014307D
:104C1000FFF7F4FE52E006AF10220021380000F04A
:104C2000E3FDA3887E803B80A38B0AAE1022002187
:104C30003000BB8000F0D8FD01233370009B20338F
:104C40009B005B591A00293211780022914205D04D
:104C5000180039002C309B6B9847BA89B280BB8909
:104C6000002B0BD1BA68002A08D00121B3790B437D
:104C7000B371BB883381FB88F2607381A0883100F7
:104C8000FFF71DFE1AE0A11CC97F0134E07F090275
:104C90000843990607D50321840704D5D28B280041
:104CA000FFF7C1FE0AE00421DB06F7D5012301006E
:104CB00019400B00594259410331EFE70FB0F0BDE5
:104CC00077DF704778DF70477ADF70477CDF7047A7
:104CD000A2DF7047A3DF704763DF704710B586B06F
:104CE0006B46DC1D00232370C15C02AA995401337A
:104CF000102BF9D121001000FFF7EEFF002398429E
:104D000000D12378180006B010BDF0B5160030258C
:104D100099B001931EAB04CB02901B8803910593BD
:104D200020AB1B880492069321AB1B783540079378
:104D300023AB1F8824AB1B78089325AB1B78099302
:104D4000002D34D00AAB9C1C03220021200000F06F
:104D50004BFD01201021020002230A432270019A18
:104D6000A370013A0D33042A1BD8100062789A43CD
:104D7000F2F7D4FB0305070C1100012107E0012124
:104D80000AE001210A431340302208E002210A43CD
:104D90001340102203E002210A4313402022134350
:104DA00004E062789A43024313400B43637011ACF2
:104DB0001C220021200000F017FD6A1E95410AAB5D
:104DC00002336D422B4026706361002F05D0229B79
:104DD000002B02D06360278167810AAB5C1D032230
:104DE0000021200000F000FD0120089B099A0340EB
:104DF0000240DB001101DBB20B431A00079B0340AA
:104E00001800022313430343A37032231E421FD012
:104E1000019B581E04281BD80F2223789343F2F7D6
:104E20007DFB0305070C1100012107E001210AE0C9
:104E300001210B431340302208E002210B431340B1
:104E4000102203E002210B4313402022134323705E
:104E50000C231E421FD00198013804281BD80F22B2
:104E600063789343F2F75AFB0305070C1100012105
:104E700007E001210AE001210B431340302208E042
:104E800002210B431340102203E002210B43134085
:104E90002022134363700CAD14220021280000F07F
:104EA000A3FC039B2A000C936B469B8A11A92B81C0
:104EB0006B461B8B0298AB81049B6C602B61269B1D
:104EC000FFF706FF80B219B0F0BDF0B58BB00293CA
:104ED00010AB1B880600039311AB1C7804AB5D1C60
:104EE0000F00019200210322280000F07DFC012325
:104EF000022219001C4014430E32AC70114305AC61
:104F00002970697004320021200000F06DFC6B46AE
:104F10001B89129A23816B469B892100A381019BE7
:104F20003000059765602361FFF7D4FE80B20BB0B7
:104F3000F0BD7FDF704782DF7047A7DF7047A9DFD2
:104F40007047AADF7047002070470020704700209C
:104F5000704710B5EFF7F0FA10BD10B5EFF7A6FBEC
:104F600010BD10B5EFF7FEFB10BD0020704700200C
:104F70007047002070470020704729DF704728DF06
:104F8000704710B5FFF7F9FFF0F786F910BD10B5BF
:104F9000F0F7F2F880225205136911699BB20138CB
:104FA000584389B2F2F7C4FAFFF7E9FFF0F774F952
:104FB00010BD2EDF704732DF704733DF70474CDFA4
:104FC00070472EDF704751DF704710DF704711DFE9
:104FD000704761DF704710B508001100FFF790FAC5
:104FE00010BDAADF704744DF704711DF704713DF41
:104FF000704700DF704770474DDF704730B50023C2
:105000000D0014008DB06946C21AD27B5A54013388
:10501000102BF8D100210D2204A800F0E5FB6A4610
:105020002B786846D3776B789377AB785377FFF715
:10503000E3FF2F236B441B7823702E236B441B78D4
:1050400063702D236B441B78A3700DB030BD30B559
:105050000378040085B00D000020022B20D16B46A0
:10506000611C0322D81D00F0A1FB0D236B44211D00
:105070000322180000F09AFB0A236B441A000D2348
:105080006B4419002800FFF7B9FF0A236B4419008D
:105090006B460322D81D00F07AFB43425841C0B250
:1050A00005B030BDA6DF7047F0B585B01C000AAB77
:1050B0000600039117001D78F1F70CF801235D40FD
:1050C000009523003A000399300000F07AFA201A84
:1050D000441EA04105B0F0BDF0B585B01C000AAB80
:1050E0000600039117001D78F0F7F4FF01235D40DF
:1050F000009523003A000399300000F01FFA201AAF
:10510000441EA04105B0F0BD10B50400F0F7F0FF5B
:10511000200000F014FB200010BD836980681B682C
:105120001840431E9841704710B5043000F0F3F961
:1051300010BD436910B50100002B04D10368002B9A
:1051400006D0984704E00068002801D00431984751
:1051500010BD10B5012903D0022904D1383000E078
:105160002030FFF7E6FF10BD10B500F036F810BD97
:1051700010B500F037F810BD704710B5040000F00E
:10518000DEFA200010BD70B50D000400F1F710F834
:105190002900201DF1F7D8FF70BD18234A1C5A437F
:1051A0008218926810B55943002A05D14118CB687E
:1051B000002B09D0984707E04318DB68002B03D089
:1051C000411810311800904710BD70B50D00040053
:1051D0000430F1F7C1FDE56370BD10B5043000F097
:1051E00075FA10BD10B50C000430F1F73BFE20003D
:1051F00010BD10B5040043684269991800F077F8B3
:10520000E36A002B04D1A369002B07D0984705E07F
:10521000A069002802D021001C31984710BD10B5AC
:10522000040000F06CF80023A361E36210BD70B5C8
:105230000D00040000F063F86561206900F054F986
:105240002918200000F053F870BDC36A10B50100A2
:10525000002B04D18369002B06D0984704E08069B5
:10526000002801D01C31984710BD10B50400F0F79C
:10527000E9FF200000F063FA200010BD036810B5BC
:105280000400002B05D1C06800F02EF901236060F6
:10529000236010BD10B504000068002804D0E06849
:1052A00000F022F96368C01A10BD10B58468FFF7DA
:1052B000F1FF201810BD10B50400C06800F014F90B
:1052C00000236060A36010BD002310B5036043603D
:1052D00083600400F0F7E6FFE0602000FFF7EBFFDB
:1052E000200010BD10B503689B68984710BD10B52D
:1052F0000A000300011D006900F0BEF810BD10B5E2
:10530000011D006900F0D4F810BD10B50120F9F7B7
:10531000E9FF7047704710B5FFF7FCFFFFF7F9FF93
:10532000FBF772FC10BD10B5002801D000F001F8A9
:10533000FEE700B59BB0002102A800F06DF8012146
:1053400008A800F069F802210EA800F065F81621FF
:1053500014A800F061F8059B039A96201A60099A38
:105360000C9B1A600F9A129B1A60159A179B019258
:105370001A6000F0C9F8069B039A96201A60099AF1
:105380000B9B1A600F9A119B01921A60159A189B39
:105390001A6000F0B9F8DEE70FB4012010B5F9F794
:1053A000A1FF70B50D0004001600F0F7F3FF6B1CB1
:1053B00007D00021200000F0B4F83100200000F0F8
:1053C000AAF870BD70B5436804000D00002A01D032
:1053D000C26800E0026913602000012100F0A1F81A
:1053E0002900200000F097F870BD10B50322FFF7E8
:1053F000D8FF10BD10B5FFF7D4FF10BD70B50D007C
:1054000004001600F0F7C6FF6B1C04D03200002128
:105410002000FFF7D7FF70BD10B50022FFF7EEFFA9
:1054200010BD70B504000D0003681B6898476368E1
:105430001D6070BD036870B5DB6804009847636841
:105440005A682368002A02D19B68984713E05B687A
:105450001568984763682D1A5A68002D07DC916813
:1054600059601B68002BEAD050689847E7E723682B
:1054700010681B69984770BD70B50D0072B64B601F
:10548000002346680A607468002C05D02168511A10
:1054900002D42300A468F7E7002B05D103687560E8
:1054A0001B691000984700E09D60AC6062B670BD5B
:1054B00010B572B6426853688B420CD19B6853603A
:1054C0000268002B02D1936898470BE012691868B4
:1054D000904707E01300002B04D09A689142F9D15D
:1054E0008A689A6062B610BD10B503685B68984719
:1054F00010BD70B50400F1F76DFF0500F1F76AFF0C
:10550000401BA042FAD370BDFA2310B59B0058434C
:10551000FFF7EFFF10BD10B5007840B200F082F841
:1055200010BD002901D0012907D10023A022C356B4
:10553000D205C133FF339B0099507047F7B50192F4
:10554000B1221F0003684910D20099508021012226
:1055500089005A50190000240600FC31CC601A6002
:105560007D1E019BAC4213DA191900223000F1F7BD
:105570003FF800280AD03000F1F732F90700300078
:10558000F1F7FCF83D1E1ADB250018E00134E7E7CF
:10559000591901223000F1F72BF8002803D0300010
:1055A000F1F7ECF80BE0089B3D00002B07D03368C7
:1055B000FC339A68002AFCD000223D009A60280043
:1055C000FEBDF8B51700B1221D000368D2004910D6
:1055D00099508022002492009C50012206009A607B
:1055E000AC4211DA395D3000F0F7EEFF002809D047
:1055F0003000F1F7C3F83000F1F7F2F8031E0FDBCB
:1056000023000DE00134EBE7069B002B04D03000B3
:10561000F1F7CCF8002801D12B0001E001235B4217
:105620001800F8BDA0238000DB05C018E02310B5EA
:105630000C24DB00C2588900A243C250C258114357
:10564000C15010BDF8B505000E00002401273B0035
:10565000A3402A691A4203D060B23100FFF7E2FF8B
:1056600001341F2CF3D1F8BD30B5002903D0012936
:105670001DD1002311E001220C0013008B400569AD
:105680001D4203D005688B00EB181C6001311F29F7
:10569000F3D10CE001331F2B09D00A009A400469B2
:1056A0001442F7D004689A00A2181160F2E730BDE6
:1056B00042680069136859400140594011607047C1
:1056C00010B5407840B2F1F7D1F810BD03681A0068
:1056D000FC32D1680129FCD10021D160A322D20083
:1056E0009858C0B2704782B00190C046C046C046CC
:1056F000C046C046C046C046C046C046C046C0467A
:10570000C046C046C046019B013B0193002BECD133
:1057100002B07047704770470023CB565A1C05D023
:10572000834201D1486802E00C31F5E71800704768
:105730000B0010B501001800F9F7C0FD10BD10B541
:10574000E6F792F910BD10B5041E00D10134200017
:10575000E6F758F9002807D1F1F7DAFE002801D161
:1057600000F003F88047F2E710BD10B50620F9F706
:10577000F5FD0120FFF7D7FDC9B28218904204D091
:1057800003788B4202D00130F8E70020704730B533
:105790000024A24208D0035D651C0C5DA34201D029
:1057A000181B02E02C00F4E7002030BD002310B5E8
:1057B0009A4203D0CC5CC4540133F9E710BD10B554
:1057C000884202D98B18984201D3002305E09B1A26
:1057D000013A08D3995C8154FAE7934203D0CC5C38
:1057E000C4540133F9E710BD03008218934202D07C
:1057F00019700133FAE7704770B504000D001F29D6
:1058000004D916230360012040421EE0426C002AA6
:1058100004D08B00D2181368002B08D1200000F0B0
:1058200015F82A0001002000F9F7A2FD0DE0002084
:10583000012B0AD0591C03D117332360013004E037
:105840000024280014609847200070BD10B5FAF7B6
:10585000F7F810BD02780B78002A03D0013001312F
:105860009A42F7D0D01A70470023C25C0133002A55
:10587000FBD1581E7047030030B5002A0DD00C78BC
:1058800001335D1E013A2C700131002CF5D19A18BC
:105890009A4202D01C700133FAE730BDEC30006848
:1058A000704782B0002900D101A9101E09D0002B39
:1058B00005D013780B601078431E984101E0022058
:1058C000404202B07047F7B5170001938A680B6930
:1058D00000900C00934200DA130022003B60433238
:1058E0001278002A01D001333B6023689B0602D561
:1058F0003B6802333B60062523681D401ED0230011
:1059000043331B785A1E9341226892061CD53020DF
:10591000E1184331087021005A1C45310978A2185A
:105920004332023311700FE0220001231932019932
:105930000098089EB047431C0ED00135E3683A68D2
:105940009B1A9D42F0DBDAE722000199433200986E
:10595000089DA847431C02D10120404220E00623B5
:105960002068E1683A6803400025042B03D18D1AB2
:10597000EB43DB171D40A3682269934201DD9B1AAC
:10598000ED180027BD420AD0220001231A320199E6
:105990000098089EB047431CDED00137F2E7002094
:1059A000FEBD0B1E07D0FF2A03D98A2303608B3B61
:1059B00001E001230A70180070470000F8B5C046E6
:1059C000F8BC08BC9E467047F8B5C046F8BC08BC99
:1059D0009E4670470000000000000000000000002C
:1059E0000108010842424242010801083ED8E98DFF
:1059F000B5950100ED9501000D9601002996010075
:105A0000499601006996010089960100A996010056
:105A1000D996010009970100519701007197010083
:105A2000C5970100290A03003B0A03004D0A030041
:105A30004F0A0300059801002598010099AA01006A
:105A4000F5FB0200699D0100FD9E0100099F010018
:105A5000219F0100958E0100159F0100B99D010055
:105A6000990E0300C5930100A58E010093FE02006C
:105A7000AD9001006590010069910100D98A010093
:105A80000DFD020019FD02004D8C01005FFD0200BA
:105A9000FD0103009B0103005194010081040300F8
:105AA000270C0300290C030090610300DC60030055
:105AB0002061030088620300090D0300270D030025
:105AC0005D1003007F0F03002F0C03002B0C03005D
:105AD0002D0C0300D9920100619201002303030001
:105AE00035FE020049FE0200658F0100D98F0100DA
:105AF00067FE0200F18F010059FC02009BFD0200CD
:105B0000AFFD0200B3FD0200BDFD0200CBFD0200AF
:105B1000D5FD0200E7FD0200F1FD0200FBFD0200E1
:105B2000DD020300070303001F0D0300A30E0300A3
:105B3000C59F01001DA00100B9880100C5880100B2
:105B40002589010043FC02004DFD0200218C01006B
:105B50002D8901008FFC0200A18B01009D8A0100AC
:105B600093FC0200F9FC020007FD0200B1020300F1
:105B70009FFF0200C3FF0200E7FF02002F000300A7
:105B80005D0003009BFE02002DFF0200B9FE020033
:105B9000D7FE0200EFFE020007FF020015FF020021
:105BA000D3030300F90303001F04030045040300AB
:105BB00063040300B9020300CB020300D901030010
:105BC000EB0103009D91010083FD0200AB00030087
:105BD0004B0103005B0103006B0103007B01030029
:105BE0008B010300459201008FFD020093FD02002E
:105BF000719B0100958E010005FE0200A58E01003B
:105C00000BFE02000FFE020013FE0200158F0100C2
:105C100027FE0200518F01002FFE020009900100B3
:105C200091FE020015900100FD9301008D04030018
:105C30007194010095940100E5940100A304030010
:105C4000D9A10100CD0F0300F5A6010005890200CE
:105C50004978020071780200999C02005D8F020071
:105C6000A597020099AA0100B1810100A7FA0200DC
:105C7000AFFA0200D5810100FD810100D5FA0200D2
:105C80002D820100E3FA020001FB02002BFB02005F
:105C900053FB020059FB02005FFB02006FFB020096
:105CA0007DFB0200E5A701000DA8010065A8010029
:105CB00075A80100A1A80100971003009F10030020
:105CC0008BFB020095830100F183010095FB02002C
:105CD00015840100B7FB0200C3FB0200CFFB0200EA
:105CE000DBFB0200D1840100158501002585010040
:105CF000398501004985010075850100C9850100CC
:105D0000DD850100F5850100B90E0300C10E030019
:105D1000CD0E0300D50E0300DD0E0300E50E0300DB
:105D2000EF0E0300010F03005DA0010069A0010058
:105D30000F0F030075A001001F0F030085A00100D5
:105D4000270F0300290F030095A00100390F03005E
:105D50003B0F0300A5A00100170C0300519B01009D
:105D6000659B0100210C0300230C03006D820100E0
:105D700081820100C9820100DD820100F1820100FF
:105D8000018301001183010021830100318301009F
:105D9000418301005D830100F59A010065950100D2
:105DA000510A0300590A0300690A03007D0A03002F
:105DB0008D0A0300A10A0300B50A03004D980100F3
:105DC000D90A030059980100530B0300550B030037
:105DD00079980100D59801002599010031990100B9
:105DE000690B0300890B0300990B0300A50B03004B
:105DF00091990100B9990100A70B0300019A0100D4
:105E0000B90B0300C90B0300759A0100DD0B0300F9
:105E1000FF0B0300D59A0100118601004D86010099
:105E200091860100CD860100F586010011870100F1
:105E3000A1870100E9870100F987010019880100A5
:105E400029880100F3FB0200FB050300FF050300A6
:105E5000170603002B060300330603004906030060
:105E60000D090300090A03009B0603009F060300B7
:105E7000C5060300E9060300590703002995010040
:105E800067070300D5070300E50703000F080300B9
:105E90001B0803004D0C03005D0C03006D0C030098
:105EA0007D0C03008D0C03009D0C0300AD0C030062
:105EB000BD0C0300B9040300DD040300ED0403007E
:105EC000FD0403000D0503001D0503002D0503005F
:105ED0003D05030095110300B3110300D711030022
:105EE000D9A80100E9A8010015A90100ADA701008A
:105EF00087100300D5A701008F100300E59A010069
:105F0000070C030095950100A59501000000000015
:105F100001000000000000000A0000000000000076
:105F20006400000000000000E80300000000000022
:105F30001027000000000000A08601000000000003
:105F400040420F0000000000809698000000000012
:105F500000E1F5050000000000CA9A3B00000000C7
:105F600000E40B540200000000E87648170000002F
:105F70000010A5D4E800000000A0724E180900002F
:105F800000407A10F35A0000E2652F227F2B7A3C02
:105F9000075C143326A6813CBDCBF07A8807703CA1
:105FA000075C143326A6913C4FBB610567ACDD3F0F
:105FB000182D4454FB21E93F9BF681D20B73EF3F30
:105FC000182D4454FB21F93F000000000000E03F81
:105FD000000000000000E0BF763C7935EF39EA3D73
:105FE000763C7935EF39EABD0000E0FE422EE63F0F
:105FF0000000E0FE422EE6BF0000000000000000AE
:10600000000000000000008000000040FB21F93F7C
:10601000000000002D44743E000000809846F83CCB
:106020000000006051CC783B00000080831BF039F9
:106030000000004020257A38000000802282E336EC
:10604000000000001DF36935080004F9000000009D
:10605000090000000000000067FA020071FA020067
:1060600061FA020063FA0200000000000000000074
:1060700000000000000000009061030004006E7545
:106080006C6C00009061030009002D496E66696E1A
:1060900069747900906103000800496E66696E6951
:1060A00074790000906103000900756E646566698B
:1060B0006E656400906103000400747275650000F1
:1060C00090610300080066756E6374696F6E00006E
:1060D000DC6003000000000000000000080004F97C
:1060E000000000000300000000000000F7FB0200B9
:1060F000C5930100000000001FFC0200000000002A
:10610000000000000000000000000000906103009B
:106110000000000090610300050066616C7365007B
:106120000C0002F900000000020000000000000066
:10613000F7FB0200C5930100000000001BFC0200F9
:10614000000000000000000000000000000000004F
:106150009061030008005B4F626A6563745D000034
:10616000906103000900756E646566696E65640080
:106170009061030006006F626A65637400000000AE
:106180009061030006006E756D626572000000008C
:10619000080003F9000000000100000000000000FA
:1061A000F7FB0200C593010001FC0200F9FB0200AD
:1061B00003FC020027FC020007FC02000BFC0200AB
:1061C0009061030003004E614E00000090610300E7
:1061D0000600737472696E6700000000906103002E
:1061E0000700626F6F6C65616E00000090610300D4
:1061F0000A005B46756E6374696F6E5D0000000097
:10620000782400208824002098240020A82400203E
:10621000B8240020C8240020D8240020E82400202E
:10622000F82400200825002018250020282500201B
:10623000382500204825002058250020682500200A
:1062400098250020A82500200000000078250020C7
:1062500088250020B82500200C0004F9000000006B
:106260000600000000000000EB0C03004B0E0300D2
:10627000291003007110030000000000000000005E
:1062800000000000000000000C0005F90000000004
:106290000400000000000000070D03000B0D0300C8
:1062A0003310030075100300000000000000000020
:1062B0000000000000000000080004F900000000D9
:1062C00007000000000000000F0D03000D0D03008B
:1062D0003F1003007F1003000000000000000000DA
:1062E0000000000000000000140004F9000000009D
:1062F0000800000000000000F50C0300050D03007D
:10630000491003008310030000000000000000009B
:10631000000000000000000000000000000000007D
:10632000C1A90100011103000500000005000000E3
:1063300003000000090000000D040000D3710300F9
:1063400000000000000000005F130300AB1003001A
:106350006713030069130300FFFF00000000000043
:10636000FFFF01000100000000000000000000002D
:10637000A9100300AB100300B1100300B310030019
:106380000000000000000000A9100300AB10030093
:10639000991A03009B1A0300591A0300751A030087
:1063A000791A0300951A03005DC0010065C0010061
:1063B000791B0300000000000000000079C5010007
:1063C000AB10030061C50100371C03000000000092
:1063D00000000000A9100300AB100300771C0300AD
:1063E000791C0300B5C60100571C0300731C030091
:1063F000BDC60100851C0300000000000000000075
:10640000F7240300AB100300C1CF01007322030087
:10641000010000001700000046000000A30000007B
:106420005F010000D6020000C4050000A00B0000C0
:106430000000000000000000332A0300C9D801005A
:1064400031D801008B280300B9D901009D28030031
:106450004B2A0300F8FFFFFF00000000A910030013
:10646000CDDA0100D9D90100E9D90100000000000E
:1064700000000000A9100300AB100300AF100300E0
:10648000BF1003000000000000000000A91003007E
:10649000D52D0300C72D0300C92D03000000000007
:1064A00000000000A9100300ED300300AF3003002E
:1064B000B130030000000000000000001DED0100ED
:1064C00007310300C4090000000000008813000029
:1064D000080000001027000010000000204E0000FF
:1064E0001800000080380100200000000071020048
:1064F0002800000000E204003000000000881300C3
:10650000380000000C6503000300000002000000DA
:10651000000000000400000001000000080000006E
:10652000020000000000000000000000A9100300AD
:106530004931030061F0010053310300591A03008F
:10654000751A0300791A0300951A03006DEF010014
:10655000A5F00100791B0300BCFFFFFF0000000055
:10656000A91003005DEF010085F0010095F0010026
:1065700051F00100571C0300731C0300A5F101003A
:10658000851C0300C464030008000000E20400004E
:1065900000000000C409000008000000881300008B
:1065A000100000001027000018000000204E00001E
:1065B0002000000080380100280000000071020067
:1065C0003000000000C4090038000000D46503005A
:1065D00003000000020000000000000004000000B2
:1065E00001000000080000000200000000000000A0
:1065F00000000000A910030077310300EDF2010054
:1066000081310300591A0300751A0300791A030037
:10661000951A030039F2010005F30100791B03000C
:106620008C6503000800000000000000000000006E
:10663000A9100300A5310300DDF30100AF31030011
:1066400081F40100571C0300731C0300F5F30100E3
:10665000851C0300D430000000000000A861000089
:106660002000000050C3000040000000A086010090
:1066700060000000400D030080000000801A06004A
:106680008800000000350C0090000000006A18002F
:10669000B000000000D43000D000000000A861006D
:1066A000F00000000050C300F80000005466030032
:1066B0000B0000000000000000000000A910030013
:1066C000D33103000DF60100DD310300591A030038
:1066D000751A0300791A0300951A030079F5010071
:1066E00025F60100791B030069020000800000000C
:1066F000E802000090000000C409000070000000E3
:106700008813000060000000102700005000000007
:10671000204E000040000000409C000030000000BF
:10672000A08601002000000040420F001000000081
:1067300038670300040000000200000000000000B1
:10674000040000001000000008000000200000000D
:106750001000000030000000E8660300090000009F
:106760000000000000000000A91003000132030037
:1067700075F701000B32030015F70100571C0300E9
:10678000731C03008DF70100851C03001027000017
:106790000C000000204E00000800000050C3000064
:1067A00004000000A0860100000000008C670300C8
:1067B000040000000000000000000000A910030019
:1067C0002F3203005DF9010039320300591A03002A
:1067D000751A0300791A0300951A030055F8010091
:1067E00075F90100791B0300F401000007000000A7
:1067F000E803000006000000D007000005000000CC
:10680000A00F000004000000401F00000300000073
:10681000803E000002000000007D0000010000003A
:1068200000FA0000000000003068030004000000CF
:10683000020000000300000004000000050000004A
:106840000800000008000000100000000C0000001C
:10685000E8670300080000000000000000000000DE
:10686000A910030073320300FDFD01007D32030017
:1068700065FA0100571C0300731C030061FC010052
:10688000851C03003582000007000000409C0000CA
:106890000600000050C30000050000006A0401006B
:1068A00004000000A08601000000000048E801008C
:1068B000030000000A8B02000200000020A1070074
:1068C00001000000846803000800000000000000D0
:1068D000000000008F320300AB100300E9FE01004E
:1068E000913203000000000000000000A33203000A
:1068F000AB10030009060200A532030000000000EF
:1069000000000000A9100300410B02005D0A020014
:10691000693403000000000000000000A1370300FC
:106920000000000000000000A9100300D53803009B
:10693000E7370300E9370300000000000000000013
:1069400019350200C54203000000000000000000ED
:1069500005350200B3420300000000000000000003
:10696000F1340200A142030000000000000000001A
:106970002D350200D7420300000000000000000097
:10698000E13F0300E53F0300E93F0300ED3F030063
:10699000FD320200F13F0300F53F0300F93F030021
:1069A000FD3F0300014003000540030009400300D0
:1069B0000D4003001140030015400300194003007F
:1069C0001D40030021400300254003002B4003002D
:1069D0002F40030033400300374003003B400300D7
:1069E0003F40030043400300474003004B40030087
:1069F0004F400300534003000B5303000B530300AD
:106A0000DD3502000000000000000000DD3402005F
:106A10004B4203000000000000000000B5340200FB
:106A2000274203000000000000000000A134020023
:106A30001542030000000000000000008D34020039
:106A4000034203000000000000000000793402004F
:106A5000F14103000000000000000000C934020002
:106A60003942030000000000000000006B400300FA
:106A70006F40030073400300774003007B40030036
:106A80007F40030083400300874003008B400300E6
:106A90004B440300000000000000000041350200EC
:106AA000E94203000000000000000000653402001D
:106AB000DF41030000000000000000008F400300E1
:106AC0000533020093400300974003009B400300FE
:106AD0009D400300A1400300A5400300A740030020
:106AE000AB400300AF400300FB4203000000000086
:106AF00000000000B7410300AB4103009F410300C9
:106B000097410300F7400300574003005B40030038
:106B10005F400300634003006740030093420300AB
:106B200000000000000000008F430300B940030094
:106B30003F430300ED330200BD400300C1400300AA
:106B40002B4403000B440300993302005535020027
:106B500065330200C540030089350200DD430300B0
:106B60000000000000000000154603004946030035
:106B70006B4503006F45030073450300794503002F
:106B8000F53F0300193F020099450300C345030088
:106B9000D5450300EB450300014603001D470300F4
:106BA0007D46030091460300A3460300B54603005B
:106BB000C93D0200CF46030043470300A747030037
:106BC000D3460300DB460300E3460300E746030029
:106BD000ED460300F34603004F400300153E02005C
:106BE0007B47030011400200114803000000000031
:106BF00000000000854102005D400200C348030020
:106C00007540020091400200F94803003749030033
:106C10005F4903008B40030061430200774F03008C
:106C2000AD4602004F4F03005B4F03006F4F030060
:106C300039450200734F0300534F03006B4F0300AD
:106C4000654702004B4F0300634F03008F4F030063
:106C5000AD530200D95302006553020031530200C4
:106C60007552020045520200C9570200AD5702009A
:106C7000195702000000000000000000F16002004F
:106C8000095103000000000000000000AD100300E7
:106C9000CB1003000000000000000000875103003B
:106CA000795103007B510300000000000000000048
:106CB000A7100300D7100300000000000000000030
:106CC000A5CF010085220300F3510300000000005E
:106CD00000000000456202006B5203004B520300AB
:106CE00000000000000000000000000000000000A4
:106CF0000B53030049730200D573020015570300BC
:106D000017570300ED730200F46C0300CC28002039
:106D10001A00000000700040010000001B0000008D
:106D20000070004002000000010000000070004000
:106D30000400000002000000007000400800000095
:106D4000030000000070004010000000040000007C
:106D500000700040200000000500000000700040AE
:106D600040000000060000000070004080000000AD
:106D7000FF000000FFFFFFFF00000000B004000064
:106D800000F004006009000000D00900C0120000FB
:106D900000B013008025000000502700403800009C
:106DA00000003B00004B000000A04E00807000007F
:106DB00000F07500127A00000000800000960000CC
:106DC00000509D0000E1000000F0EB00002C0100ED
:106DD00000903A0100C2010000E0D70100840300E6
:106DE00000B0AF0390D003000000000400080700CB
:106DF00000705F0700100E00A4DFBE0E40420F00BF
:106E0000000000103E800200627F0200208002002D
:106E1000F87F020020800200EC7F02002080020048
:106E2000F87F0200627F0200627F0200EC7F0200B6
:106E3000F87F0200A4800200A4800200A480020067
:106E400026800200627F0200627F02000C80020046
:106E5000F67F02000C800200EC7F02000C80020032
:106E6000F67F0200627F0200627F0200EC7F020078
:106E7000F67F0200A4800200A4800200A480020029
:106E8000B08002009C830200FA820200FA820200B3
:106E9000F88202008E8302008E8302008483020047
:106EA000F88202008E830200848302008E83020037
:106EB000F88202009483020094830200948302000B
:106EC0001E8402004C9102001A90020020910200E0
:106ED00010900200209102002A91020020910200ED
:106EE000109002001A9002001A9002002A910200EB
:106EF0001090020006900200069002000690020028
:106F00007C93020094990200549802005498020065
:106F1000529802006C9902006C9902005E9902007E
:106F2000529802006C9902005E9902006C9902006E
:106F30005298020074990200749902007499020038
:106F4000749B020061636F730000000061636F73E4
:106F5000680000006173696E000000006174616E7A
:106F600068000000636F73680000000065787000BF
:106F7000666D6F64000000006C6F67006C6F6731B6
:106F80003000000073696E68000000007371727455
:106F900000000000FB21F93FFB2109407CD9124091
:106FA000FB2119407A6A1F407CD92240BBFD254055
:106FB000FB2129403A462C407A6A2F405C473140F9
:106FC0007CD932409C6B3440BBFD3540DB8F374071
:106FD000FB2139401BB43A403A463C405AD83D4028
:106FE0007A6A3F404C7E40405C4741406C104240D2
:106FF0007CD942408CA243409C6B4440AC34454019
:10700000BBFD4540CBC64640DB8F4740EB58484070
:10701000FB21494083F9A200444E6E00FC29150073
:10702000D1572700DD34F50062DBC0003C999500A4
:10703000419043006351FE00BBDEAB00B761C50069
:107040003A6E2400D24D42004906E00009EA2E00C3
:107050001C92D100EB1DFE0029B11C00E83EA700E8
:10706000F535820044BB2E009CE98400B4267000F4
:10707000417E5F00D6913900538339009CF439007A
:107080008B5F840028F9BD00F81F3B00DEFF9700EE
:107090000F980500112FEF000A5A8B006D1F6D002D
:1070A000CF7E360009CB2700464FB7009E663F00D3
:1070B0002DEA5F00BA277500E5EBC7003D7BF100C4
:1070C000F739070092528A00FB6BEA001FB15F009C
:1070D000085D8D00300356007BFC4600F0AB6B0072
:1070E00020BCCF0036F49A00E3A91D005E61910038
:1070F000081BE60085996500A0145F008D406800BC
:1071000080D8FF0027734D0006063100CA561500CF
:10711000C9A873007BE260006B8CC0000200000015
:107120000300000004000000060000000000000052
:10713000000000000000000000000000000000004F
:10714000000000000000000000000000000000003F
:10715000000000000000000000000000000000002F
:10716000000000000000000000000000000000001F
:10717000000000000000000000000000000000000F
:10718000000000000000000000000000242000209B
:10719000303132333435363738396162636465668D
:1071A0000080C0B112F5E6267930DAA26E0273B61D
:1071B00004384AB112F5E6267930DAA26E0273B6C7
:1071C000043849312E5800322E3000322E3200322F
:1071D0002E5800000004020204020000020404040D
:1071E0000002020004040301000001030303000184
:1071F000010203030402010103010403010003006F
:107200000004010102000003025265626F6F744DB9
:107210006F646500666C617368496E636F6D706C56
:10722000657465007A76677074756F6965617A76E2
:10723000677074756F6965617A76677074000004B1
:10724000020204020000020404040002020004041A
:107250000301000001030303000101020303040210
:107260000101030104030100030000040101020005
:107270000003021B1B000E1100000000000808089C
:1072800000080A4A4000000A5FEA5FEA0ED92ED3DE
:107290006E19324489330C924C924D08080000005C
:1072A00004880808040804848488000A448A40008A
:1072B000048EC480000000048800000EC00000009E
:1072C00000080001224488100C9252524C048C8415
:1072D000848E1C824C901E1EC244924C06CA525F81
:1072E000E21FF01EC13E02448ED12E1FE2448810E0
:1072F0000ED12ED12E0ED12EC48800080008000019
:10730000048004880244880482000EC00EC0080471
:107310008244880ED126C0040ED135B36C0C925E27
:10732000D2521C925C925C0ED010100E1C925252E3
:107330005C1ED01C901E1ED01C90100ED013712EFF
:1073400012525ED2521C8808081C1FE242524C1294
:1073500054981492101010101E113B75B131113950
:1073600035B3710C9252524C1C925C90100C92529C
:107370004C861C925C92510ED00C825C1FE484847B
:1073800084125252524C1131312A44113135BB71A1
:1073900012524C9252112A4484841EC488101E0E2C
:1073A000C808080E10080482410EC242424E048AE8
:1073B000400000000000001F0804800000000ED202
:1073C000524F10101C925C000ED0100E02424ED292
:1073D0004E0C925C900E06C81C88080ED24EC24C11
:1073E00010101C92520800080808024002424C107B
:1073F000149814920808080806001B75B131001C87
:10740000925252000C92524C001C925C90000ED290
:107410004EC2000ED010100006C8049808080EC80E
:1074200007001252524F0011312A4400113135BB6E
:1074300000124C8C9200112A4498001EC4881E062B
:10744000C48C8486080808080818080C88180000EE
:107450000C83600000010002000300040000010131
:1074600001020103010401000201020202030204FD
:1074700002000301030203030304030004010402E6
:107480000403040404302C3235352C302C323535CD
:107490002C300A302C3235352C302C3235352C300E
:1074A0000A302C302C302C302C300A3235352C3030
:1074B0002C302C302C3235350A302C3235352C32EC
:1074C00035352C3235352C300A0054494C54205473
:1074D0004F2046494C4C2053435245454E200063B3
:1074E0006F6D7061737343616C0074656D7043619F
:1074F0006C00E95DFB24251D470AA062FA1922DF12
:10750000A9A8E95DCA4B251D470AA062FA1922DF26
:10751000A9A8E95D0753251D470AA062FA1922DFD1
:10752000A9A80000FFFF00FF00FF00FF00FFFFFF12
:1075300000FF00FF00FF0000FFFF00626C65537951
:107540007341747472730043616C6C696F70652071
:107550006D696E69205B005D00302C302C32353552
:107560002C302C300A302C3235352C302C302C304D
:107570000A3235352C3235352C3235352C3235350D
:107580002C3235350A302C3235352C302C302C301D
:107590000A302C302C3235352C302C300A00302C6F
:1075A000302C302C302C300A302C302C302C302C1D
:1075B0003235350A302C302C302C3235352C300A0F
:1075C0003235352C302C3235352C302C300A302CDD
:1075D0003235352C302C302C300A003235352C30F9
:1075E0002C302C302C3235350A302C3235352C30BD
:1075F0002C3235352C300A302C302C3235352C30AD
:107600002C300A302C3235352C302C3235352C309C
:107610000A3235352C302C302C302C3235350A00DE
:10762000322E322E302D7263362D63616C6C696F91
:1076300070652E7263342D2D670043616C6C696F29
:107640007065206D696E6900E2ECF0F4F8FC0004EE
:10765000E95DDA90251D470AA062FA1922DFA9A880
:10766000E95D9882251D470AA062FA1922DFA9A8C0
:10767000E95DDA91251D470AA062FA1922DFA9A85F
:10768000E95D93B0251D470AA062FA1922DFA9A877
:10769000E95D93B1251D470AA062FA1922DFA9A866
:1076A000E95DB9FE251D470AA062FA1922DFA9A8E3
:1076B000E95D8D00251D470AA062FA1922DFA9A8FD
:1076C000E95DD822251D470AA062FA1922DFA9A880
:1076D000E95D127B251D470AA062FA1922DFA9A8DD
:1076E000E95D5899251D470AA062FA1922DFA9A869
:1076F000E95D93EE251D470AA062FA1922DFA9A8C9
:10770000E95D0D2D251D470AA062FA1922DFA9A8FF
:10771000E95D7B77251D470AA062FA1922DFA9A837
:10772000E95DD91D251D470AA062FA1922DFA9A823
:10773000E95DF2D8251D470AA062FA1922DFA9A83F
:10774000E95D386C251D470AA062FA1922DFA9A855
:10775000E95DFB11251D470AA062FA1922DFA9A8DD
:10776000E95DB358251D470AA062FA1922DFA9A8CE
:10777000E95D9715251D470AA062FA1922DFA9A81D
:10778000E95D9250251D470AA062FA1922DFA9A8D7
:10779000E95D1B25251D470AA062FA1922DFA9A869
:1077A000E95D6100251D470AA062FA1922DFA9A838
:1077B00001FF01AAE97D3B10251D470AA062FA19C5
:1077C00022DFA9A8E97DD91D251D470AA062FA1963
:1077D00022DFA9A86261642068616E646C65207410
:1077E0006F20756E6465726C79696E672074726162
:1077F0006E73706F7274006E400001B5A3F393E076
:10780000A9E50E24DCCA9E6E400002B5A3F393E006
:10781000A9E50E24DCCA9E6E400003B5A3F393E0F5
:10782000A9E50E24DCCA9E494E495449414C495AA7
:107830004154494F4E5F494E434F4D504C4554457E
:10784000004E6F7264696320424C45342E312076BD
:1078500065723A25752066773A25303478004E6F88
:107860007264696320287370656320756E6B6E6F38
:10787000776E29207665723A25752066773A25302D
:10788000347800756E6B6E6F776E00010203D8E27C
:10789000ECF0F4F8FC00046E52463578004E6F2090
:1078A000617661696C61626C6520493243004F6E9C
:1078B0006C79203862697473205350492073757055
:1078C000706F727465640053504920666F726D6109
:1078D00074206572726F72004E6F20617661696C00
:1078E00061626C652053504900636F756C64206E53
:1078F0006F742070696E6F75740070696E6D617061
:10790000206D69732D6D617463680070696E6D61BF
:1079100070206E6F7420666F756E6420666F7220C3
:107920007065726970686572616C0070696E6D6116
:1079300070206E6F7420666F756E6420666F7220A3
:1079400066756E6374696F6E00504F534958002E10
:1079500000232D302B2000686C4C0065666745467F
:1079600047003031323334353637383941424344B9
:1079700045460000202020202020202020282828E4
:1079800028282020202020202020202020202020E7
:10799000202020208810101010101010101010102F
:1079A000101010100404040404040404040410104F
:1079B00010101010104141414141410101010101EC
:1079C0000101010101010101010101010101011098
:1079D00010101010104242424242420202020202C1
:1079E0000202020202020202020202020202021069
:1079F0001010102000000000000000000000000037
:107A00000000000000000000000000000000000076
:107A10000000000000000000000000000000000066
:107A20000000000000000000000000000000000056
:107A30000000000000000000000000000000000046
:107A40000000000000000000000000000000000036
:107A50000000000000000000000000000000000026
:107A60000000000000000000000000000000000016
:107A70000000000000000000A806FE7F01000000DA
:107A800000000000A10D0C0000040000787203004B
:107A90003A76030020760300204E0000F74F0300E3
:107AA000204E0000000000002C7103004C71030008
:107AB0006C710300000000000000000000000000E6
:107AC00000000000000000000000000000000000B6
:107AD00000000000000000000000000000000000A6
:107AE0000000000000000000000000000000000096
:107AF0000000000000000000000000000000000086
:107B000000000000242000204300000000000000CE
:107B10000000000000000000000000000000000065
:107B20000000000000000000430000000000000012
:107B30000000000000000000000000000000000045
:107B400000000000000000004300000000000000F2
:107B50000000000000000000000000000000000025
:107B600000000000000000004300000000000000D2
:107B70000000000000000000000000000000000005
:107B800000000000000000004300000000000000B2
:107B900000000000000000000000000000000000E5
:107BA0000000000000000000430000000000000092
:107BB00000000000000000000000000000000000C5
:107BC0000000000000000000430000000000000072
:107BD00000000000000000000000000000000000A5
:107BE0000000000000000000A3590300A358030098
:107BF00000000000737903004F790300DA75030079
:107C0000DA750300DA750300DA750300DA7503002C
:107C1000DA750300DA750300DA750300DA7503001C
:107C2000FFFFFFFFFFFFFFFFFFFFFFFFFFFF000062
:107C300001004153434949000000000000000000DA
:107C40000000000000000000000000000000000034
:107C500000004153434949000000000000000000BB
:107C60000000000000000000000000000000000014
:107C700000000000204EFFFF00000000FFFF0F107B
:107C800010070004FF000001E980010091A7010036
:107C900045AB01006DB90100D1BC0100EDBF010091
:107CA00015C00100DDDA0100C18001000000000004
:10C00000903C002061DC030073DC030075DC03005E
:10C010000000000000000000000000000000000020
:10C0200000000000000000000000000069C10300E3
:10C03000000000000000000079DC03007BDC03004E
:10C040007DDC03007DDC03007DDC03007DDC030080
:10C050007DDC0300000000007DDC03007DDC0300CC
:10C060007DDC03007DDC03007DDC03007DDC030060
:10C070007DDC03007DDC03007DDC03007DDC030050
:10C080007DDC0300B3D703007DDC03007DDC03000F
:10C09000C9D703007DDC0300A9F303007DDC0300A6
:10C0A0007DDC03007DDC03000000000000000000D8
:10C0B0000000000000000000000000000000000080
:10C0C00000F002F800F040F80CA030C8083824183E
:10C0D0002D18A246671EAB4654465D46AC4201D1C0
:10C0E00000F032F87E460F3E0FCCB64601263342B2
:10C0F00000D0FB1AA246AB46334318476C3600000B
:10C100008C360000103A02D378C878C1FAD85207AA
:10C1100001D330C830C101D504680C6070470000FD
:10C120000023002400250026103A01D378C1FBD853
:10C13000520700D330C100D50B6070471FB5C04611
:10C14000C0461FBD10B510BD03F091FA1146FFF7B0
:10C15000F5FF00F0D3F803F0A9FA03B4FFF7F2FFFC
:10C1600003BC03F0ADFA00000648704502D1EFF3BE
:10C17000098101E0EFF30881886902380078024AFA
:10C1800010470000FDFFFFFF95D40300401E00BFD5
:10C1900000BF00BF00BF00BF00BF00BF00BF00BFA7
:10C1A00000BF00BF00BFF1D170470000401E00BFBC
:10C1B00000BF00BF00BF00BF00BF00BF00BF00BF87
:10C1C00000BF00BF00BFF1D170470000401E00BF9C
:10C1D00000BF00BF00BF00BF00BF00BF00BF00BF67
:10C1E00000BF00BF00BFF1D170470000056885F3B4
:10C1F000088846680A4AEFF305839A42304602D11E
:10C20000084CA6463047074C064D0646064FF0B48C
:10C21000034C034D024E024FF0B4044800470000A7
:10C2200000000000FFFFFFFF00000021F9FFFFFFFB
:10C2300070B505460C46164602E00FCC0FC5103E01
:10C24000102EFAD2082E02D303CC03C5083E042ECA
:10C2500007D301CC01C5361F03E021782970641C87
:10C260006D1C761EF9D270BD0A4610B501466648AF
:10C2700003F012F810BD10B502F026FC10BD10B589
:10C28000624C86B01ECC03946C460EC4002807D0C6
:10C29000684618DF002803D00022114602F0FCFF98
:10C2A0000F20800313DF002803D00022114602F084
:10C2B000F3FF574B48225749092003F051F8002853
:10C2C00003D00022114602F0E7FF00200490059001
:10C2D00001206946087404A860DF002803D000220A
:10C2E000114602F0D9FF4C4803F056F8002803D05D
:10C2F0000022114602F0D0FF06B010BD08B5474835
:10C30000C169B12943D0002445480F214069890300
:10C31000884204D000221146104602F0BDFF0120E1
:10C320000007006901218902884204D000221146D9
:10C33000104602F0B1FF3B4800903B4B0522032121
:10C34000002001F068FA002803D00022114602F014
:10C35000A3FF00F015FC00F058FC012500281AD0BE
:10C3600000F062FC002803D00022114602F094FF86
:10C3700020466840FFF783FF00F038F800F07AFCB1
:10C3800000280ED00022114602F086FF09E00124A9
:10C390000021C161B8E720466840FFF770FF00F058
:10C3A00025F803252D03002C04D1A86800F03EFBDE
:10C3B000002807D100F0F5FB002803D00022114629
:10C3C00002F06AFFA86800F031FB002806D000F0F8
:10C3D0001CFC002802D1A86800F0EFFBBFF34F8FD0
:10C3E00013491248C860BFF34F8FFEE7094A10B5E2
:10C3F00048321421082002F0B9FE002803D00022A0
:10C40000114602F049FF10BDEFBEADDEE8F60300B5
:10C41000C7F203002C2B002077C203000005004068
:10C42000001000104BDC0300EC2800200400FA058B
:10C4300000ED00E070B5FF4C1E46A06815460229CD
:10C4400002D0042916D108E0052813D1A369002BD6
:10C4500010D03246294604200BE002280AD1F648C3
:10C46000406880470320A060A369002B02D03246B9
:10C4700029469847280003D00022114602F00CFFFD
:10C4800070BD4CB5EB4E0120307005200195009435
:10C4900000F006FB4CBD10B5E64C2078002801D01A
:10C4A000082010BD206901F0A2FA002803D0002264
:10C4B000114602F0F1FE0F2100228904206901F0EB
:10C4C00059FA040003D00022114602F0E5FE20468E
:10C4D00010BDD84910B5D7481C3141610221816097
:10C4E000C1681C3002F007FD002803D0002211466D
:10C4F00002F0D2FE10BD00B589B01822CF4902A8C3
:10C50000FFF796FE069807990090019102A80FC8C0
:10C5100000F0C6FA09B000BD00B5C64987B0498829
:10C520006A4611810321090389680691C2490120E5
:10C5300050394A6803928A680492C9680591069A3C
:10C540000091019202A90EC900F0AAFA002007B0DA
:10C5500000BD10B588B0182102A802F0C5FF002464
:10C56000B4480294408869468881B3480799503896
:10C57000C06806900191009003A90EC9204600F002
:10C580008FFA204608B010BD00B5AA4987B0498887
:10C590006A461181A849032050394A6803928A6883
:10C5A0000492C9680591069A0091019202A90EC9E8
:10C5B00000F076FA0020CAE73EB5A04A6B46183272
:10C5C00007CA07C39B4D00246C7029466C801C3140
:10C5D000684602F044FC002801D0AC603EBD032058
:10C5E0009449000380681C3148609248944A0021B5
:10C5F000103001F063F9002803D00022114602F048
:10C600004BFE0F2100228904286901F0B3F90028AC
:10C6100003D00022114602F03FFE01206C60A860AA
:10C6200000203EBD83498861704770B542688248EA
:10C630001468536891685038D26804604360C260DF
:10C6400081600078440701D5840705D19C0703D198
:10C650008C0701D1940701D0062070BD5B189A1891
:10C66000744D0F239B02EA60994207D80321090306
:10C6700089687723DB02591A914201D20C2070BDE0
:10C680006D4C7049216070496160C10701D06F48ED
:10C6900004E0800701D56E4800E06E48A060A868FD
:10C6A000012802D00826304670BDFFF7F4FE0600D0
:10C6B000FAD12168E8688847F5E770B5050004D02D
:10C6C000287A800703D0102070BD0E2070BD594C11
:10C6D000A068032805D0042801D0052803D008202D
:10C6E00070BD0520A0606868E168860060688019F8
:10C6F000884204D90020C04360600C2070BDFFF761
:10C70000CAFE0028FAD1A96832466368606902F05F
:10C71000C2FB0028F2D1616889196160E268914228
:10C72000ECD0092070BD10B5424C0820616800298A
:10C7300000D010BDA1680429FBD13F486178403882
:10C7400002F010FC002802D00021617010BD05210C
:10C75000A16010BDF8B5374C0746A068032804D087
:10C76000042804D008252846F8BD0420A06060688D
:10C77000002801D00820F8BDFFF78DFE0500FAD192
:10C780007868860060788119402901D90920F8BDB0
:10C79000294AB968403A1018324602F046FE6078DD
:10C7A00080196070DFE710B5224CA068052813D10E
:10C7B000E168606888420FD10620A060FFF76BFE39
:10C7C000002808D16069E168406802F005FC002893
:10C7D00001D10721A16010BD082010BD10B515487A
:10C7E0008168072901D0082010BD006901F0FFF819
:10C7F000002803D00022114602F04EFD0E4880684A
:10C80000804710BD1CB506200195009400F048F942
:10C810001CBDF8B51C4617460D46064600F0CEF87E
:10C8200000282AD00120000385421AD9291B301B79
:10C83000234611E000280020142D0020F8F6030004
:10C8400083C40300D3C40300F7C4030019C5030065
:10C8500089C5030053C503001A46FFF7DAFF002815
:10C860000BD13A462946304600F0B3F8002804D1EF
:10C870003A462946304600F0A1F8F8BDF0B589B037
:10C88000684600F00BFA049800282AD00121090319
:10C89000079A4018904226D9501A45081046049A23
:10C8A0000C468718024668001618001908900320E5
:10C8B00000038068049988420DD261190846042259
:10C8C00000F087F800280CD121460422084600F029
:10C8D00080F8002805D1BA1B2B4630460899FFF78F
:10C8E00098FF09B0F0BD049A079800F072F8F8E7D5
:10C8F00000B58DB004A800F0D1F9099800280DD03A
:10C90000089800280CD008990B9840180190002135
:10C910000998009180080290684618DF0DB000BDAC
:10C92000032000038068F1E700B58DB004A800F093
:10C93000B5F909980028F1D0089800280ED0089978
:10C940000B984018032100910F2102908903099848
:10C95000019180080390684618DFDFE70320000399
:10C960008068EFE730B591B0684600F097F9049819
:10C97000002814D001210903079A4018904214D9C5
:10C98000501A43081046049A5C0082180019611876
:10C9900003242403A468049DAC4202D20E2011B0EB
:10C9A00030BD121AFFF735FFF9E703200CAB07C3C0
:10C9B000049880080F900CA818DFF0E71FB5032338
:10C9C00001909008039000930291684618DF04B02C
:10C9D00010BD1FB5012301909008039000930291B0
:10C9E000684618DFF3E7000010B5BB480368012B69
:10C9F00002D1022900D10160100003D000221146AB
:10CA000002F04AFC10BD10B5B34C48DF002803D03B
:10CA10000022114602F040FC02F0FCFB20680228D4
:10CA200003D0032801D00428EFD110BD38B5006829
:10CA3000401C19D00024684600F058F9009801689D
:10CA4000012910D1818800290AD0C1680320000380
:10CA50008068002202F0CEFA00998988814201D1D3
:10CA6000012400E00024204638BD10B504469A4851
:10CA70002021001D02F0B9F9002803D00022114640
:10CA800002F00AFC9448002320222146001D02F0F7
:10CA90001BF9002803D00022114602F0FDFB10BD57
:10CAA0000FB4F8B5684600F021F96846818B069D01
:10CAB0000122894CFF238948002D13D0012D17D066
:10CAC000032D2BD00021022D37D02A46052D46D02C
:10CAD000042D4ED0062A01D104202060F8BC08BCE9
:10CAE00004B0184781800A9983600260C16010E039
:10CAF0008180099D089949190A9D4919C160A5219C
:10CB000083600160089901610999856141610B9910
:10CB1000C16122607148FFF7A8FFDFE700990B6849
:10CB200003608B888380C968C160AA2181600899ED
:10CB30000161099941610A990BE0009D2E68A52EBB
:10CB400009D00660AE888680ED68C56001618360AB
:10CB500041618161DDE781800360C160F6E700F03B
:10CB600085F9002803D00022114602F095FB03202E
:10CB7000B3E781800360C160009989688160C9E77B
:10CB80000EB557480090202001900120029002F03D
:10CB900001F8002804D150496846091D02F023F825
:10CBA0000EBD10B5FFF708FD002805D100F02FFBE2
:10CBB0000446FFF728FF204610BD70B511DF00289E
:10CBC00003D00022114602F067FB464900200B68A3
:10CBD000444C012180340A4682401A4204D0C506E2
:10CBE000ED0E0A46AA402260401C2028F3D30324FD
:10CBF0002403A06813DF002803D00022114602F0AE
:10CC00004BFBA06802F0F2F970BD08B5684600F071
:10CC10006DF800980168A52904D08068AA2801D081
:10CC2000002008BD012008BD10B5FFF79BFE0028BD
:10CC300003D1FFF779FE00281BD0642001F0F2FD3C
:10CC4000FFF71CFE002803D00022114602F024FB4F
:10CC5000FFF788FE002803D00022114602F01CFBDB
:10CC6000FFF746FE040003D00022114602F014FB39
:10CC7000204610BD00B589B018221B4902A8FFF755
:10CC8000D7FA069807990090019102A80FC8FFF7FC
:10CC900007FFFFF7B8FE002009B000BD10B50E4930
:10CCA00088B0044600232022091D684602F04FF890
:10CCB0000098206068468088A0800398E060029811
:10CCC000A06004982061059860610698A0610798AB
:10CCD000E06108B010BD000024280020202D0020B5
:10CCE000E9C9030000E100E01CF70300014901600D
:10CCF0007047000000FC030008280CD004DC00286A
:10CD000007D006280FD108E00B280AD00C280AD13A
:10CD100005E001207047022070470320704704207F
:10CD20007047042901D0062070470520704770B570
:10CD300015460A46032823D0042820D1FE4C00299A
:10CD400006D0E088FD49884219D0132176DF10E033
:10CD5000284602F0A3F9002803D00022114602F071
:10CD60009BFAE069A8420AD101220321F44801F0AC
:10CD700003F8002803D00022114602F08DFA70BD9E
:10CD800001211046FFF7B8FF02460121EEE7F0B59A
:10CD9000054608790E4685B081070CD0032211465E
:10CDA000284600F0E9FF002803D00022114602F0D7
:10CDB00073FA05B0F0BDE0490090183102F047F970
:10CDC000010011D1DC4CB168009AA06902F02DFB82
:10CDD000009802F097F9010006D120466946183004
:10CDE00002F09CF9010003D0284600F0AFFAE0E71A
:10CDF00004200190009880080290A069039001A887
:10CE0000FFF75BFC07000BD0092F10D0A06902F0E0
:10CE100045F9010002D0284600F098FA3946E3E7C8
:10CE20003079616940186061A069E061C1E73079DB
:10CE300061694118616160780028BAD06089401E3C
:10CE40000004000C6081B4D1284601F0E9F8002804
:10CE500003D00022114602F01FFA20896081A8E762
:10CE600010B50022114602F017FA10BD10B5B24CF1
:10CE700001202070E088B149884208D0132176DF74
:10CE8000002810D00022114602F006FA0BE0A0782C
:10CE9000002808D074DF002803D00022114602F0D9
:10CEA000FBF90020A07001F034FC002803D0002220
:10CEB000114602F0F1F9002010BD70B50D6804466E
:10CEC00001209D4A2B0002F002FC0A2B304306137E
:10CED00020575C466012FFF766FC0421FFF70CFF49
:10CEE000024604212EE00022114602F0D5F970BD61
:10CEF000FFF7BCFF002803D00022114602F0CCF956
:10CF0000FFF76CFC002808D170BDFFF7AFFF0028C9
:10CF100003D00022114602F0BFF9FFF773FC70BD89
:10CF2000106188680078107170BD022010618868F7
:10CF300000780128F8D1FFF7F6FB0221FFF7DCFEAD
:10CF400002460221204600F017FF0028CBD170BD19
:10CF50000320106170BD12692046012A06D0022A02
:10CF600007D0032AF6D1FFF712FF70BD00F001FAD7
:10CF700070BD00F03BFA70BD507088881081508100
:10CF800070BD00205070108170BD2046516901F0C5
:10CF900010F8DAE710B5044669488EB08179684622
:10CFA000817068490180342101A802F09DFA0220B5
:10CFB000019000216846417284720121018205902E
:10CFC000002101A801F03FFA002803D000221146F9
:10CFD00002F062F90EB010BDF0B5574C8BB0A078DE
:10CFE00000283AD156481821183802F07DFA204618
:10CFF000534CC078183C00250126002837D027461E
:10D00000483700950195029510226946F81D039551
:10D0100002F0DEF9002822D0F81D08900997684632
:10D02000067509A804906846067708A806900420AB
:10D03000FFF7B0FF25700220207204A8E0602820CE
:10D0400020823F486582183873DF002803D0002211
:10D05000114602F021F9384886700BB0F0BD05206A
:10D06000FFF798FF2670676025722582E9E70620A2
:10D07000FFF790FF257065602572E0E770B52E4CD4
:10D0800001880022E588A6B017290AD01EDC1129E4
:10D090003FD008DC022977D0102902D18088E080B7
:10D0A000A27026B070BD264C30342646183613299F
:10D0B00051D01429F5D1C289638D00219A4200D143
:10D0C000314600238088E21D82DF1BE0512970D0A9
:10D0D0000EDC18296CD01929E3D180790028E0D121
:10D0E000A270E068401EE0604FD0FFF775FFD8E700
:10D0F000522976D05529D4D180790028D1D1132155
:10D10000284676DF0028CCD00022114602F0C4F871
:10D11000C7E78020694688803220E060012301AAA9
:10D1200006A92846AADF002803D00022114602F0F3
:10D13000B3F82078002807E030280020FFFF000027
:10D14000582D00203015000001D1FFF745FF0020C9
:10D15000C043E080A5E70722C14910A802F065F9A5
:10D160001022E11D0CA802F060F91C22314612A821
:10D1700002F05BF90CA80A9012A8099006ABB94A14
:10D18000852128467FDFBDE70DE01822B64906A8B5
:10D19000FFF74EF80A980B990090019106A80FC866
:10D1A000FFF77EFC7DE70021284667DFAAE700E065
:10D1B00017E0817900299AD0807A042803D00628C4
:10D1C00001D0052893D1022909D0012069460872AF
:10D1D000FF208330888102A92846A8DF92E7022039
:10D1E000F4E700F08DF88DE710B5044601F0C2FABF
:10D1F0009B482146303800F09AFE2046FFF73EFF5C
:10D2000010BD10B50022114602F046F810BD30B531
:10D21000944D87B00024203D2C7094482C6102F07E
:10D22000B3F800286AD19248FFF7FCF901F000FF3B
:10D23000002863D18A4800F059F9002801D1012063
:10D24000E87011206946087207228AA102A87CDFD3
:10D25000002803D00022114602F01EF800940C2191
:10D2600068460194018018214180FF21848091311A
:10D27000C1807ADF002803D00022114602F00CF8AA
:10D2800004206946009408807C4801907C48029004
:10D290007348303800F00BFE002803D000221146FE
:10D2A00001F0FAFF1C21684602F01EF97548019052
:10D2B0000120800302900094032168460173C48119
:10D2C0000474714806900594684601F0FEF9002840
:10D2D00003D00022114601F0DFFF6249E122087805
:10D2E0004008400010400C30DF221040087007203A
:10D2F000487010208870FFF76FFE002007B030BD27
:10D3000070B5584C614D203CE088A84201D10820FE
:10D3100070BDE178002914D051490123082234312D
:10D32000A9DF0028F4D12A460C21E088A7DF58495C
:10D33000884204D0082802D0891C8842E8D1002005
:10D3400070BD00231A461946A9DF70BD10B50A4604
:10D35000044603211046FFF7CFFC02460321204676
:10D3600000F00AFD002803D00022114601F094FFCE
:10D3700010BD30B5054687B00020009001900290A6
:10D38000039038486A46203800791070364A0C3AC3
:10D3900010689268049068460692059008790C28F7
:10D3A00006D003221BE00022114601F075FFA5E71D
:10D3B0008C68204600F049F80190201D00F045F8E7
:10D3C00002902046083000F040F8039004A8FFF7D0
:10D3D0002CF9002892D00121FFF78EFC0246012192
:10D3E000284600F0C9FC0028DDD187E7FEB50446D9
:10D3F000087982070ED08207920F04239B1A00221D
:10D40000154604E08E683554401CC0B2521C9A4246
:10D41000F8D308710120009088680290087980088C
:10D4200001906846FFF796F900280DD00221FFF71A
:10D4300063FC02460221204600F09EFC002803D037
:10D440000022114601F028FFFEBD10B5044602F08F
:10D450004DF80002E178000A0906084310BD0000FB
:10D46000882D00205028002040F70300E9D1030058
:10D470002FCD03004466755461726700BBCE030074
:10D4800003D20300CD0C000061CE0300FFFF0000BB
:10D490000230000010B50C46002802D001200860C0
:10D4A00010BD2168002911D01C48421A814212D0B7
:10D4B0003C2A0DD23C303C3101220B7803701346DC
:10D4C000491E401E521C3C2BF7D904E00E200BE0F5
:10D4D0003C2201F0AAFF00223C21104801F08AFD05
:10D4E0000E49891E08800020206010BD70B50546D9
:10D4F00000223C21094801F07DFD084CA41E218832
:10D50000884201D00B2070BD3C220449284601F01E
:10D510008CFF2088401C2080002070BD823F0020AE
:10D520008307FF22DB0E9A408907090E99400028E5
:10D530000BDA0007000F08388308FA489B001B1815
:10D54000D86990430843D86170478308F6489B0028
:10D550001B181868904308431860704770B5012481
:10D56000F24960040860F24940108860F04940398F
:10D570008860F04D6C602F20FEF708FEAC60EE4D29
:10D5800000242F206C61FEF701FE2C7170BDF0B5F8
:10D59000E94F2821BC6841430D1939694A1C09D05B
:10D5A00028224A431619AB68B268934204D8D21AAB
:10D5B000B26069623861F0BD0A4602E00A46796AE3
:10D5C0009B1B4E1C0BD028264E433719BE689E422B
:10D5D000F4D328264E433619B768FF1AB760AB60FC
:10D5E000696228214A4311194862F0BD70B5D24CD6
:10D5F0002269A5681346114606E0814207D00A4613
:10D60000282671434919496A4E1CF6D170BD002E77
:10D61000FCD08A420CD1282043435819406A20612B
:10D62000401C05D1C34B01209860002363616071E9
:10D63000282041434819282381685A43406A5219D7
:10D640005062421CE2D0282250434019826851188F
:10D65000816070BDF8B5B84C2569681C35D0B748F5
:10D66000002640686169401A07023F0A19E0282035
:10D670004543A0682A189068B84214D8A3693F1A95
:10D680008619556A002B09D0116AD069984700287D
:10D6900007D00022114601F0FFFD02E0D169106AB7
:10D6A0008847681CE3D1A178E078814206D1401C0C
:10D6B000C0B2E070022801D10020E0709E4900064F
:10D6C000800D1C310E5000F0BAF9F8BDF8B50446D3
:10D6D000994800270169009146785CE09648F1007E
:10D6E000C2688D1851E0601C07D0934A28209268C8
:10D6F000604321468018446A24E028781821414379
:10D700006A68401CC0B252182870A978884200D1BB
:10D710002F70894B516828209B684843C0181368B4
:10D72000012B34D1037E002B31D19368C360D368C1
:10D73000036113694361526902627F4A5279002A88
:10D7400000D0C7607C4BC2685B6996469C46D31A82
:10D750001A027B4B120A9A4202D20369D21808E0DD
:10D76000724663469A1A12020369120A934202D958
:10D770009A1A826000E08760C76001220761027622
:10D78000921E42620846FFF702FF601CABD1287868
:10D7900069788842A7D13046761EF6B200289DD11E
:10D7A000654801690098814201D00120F8BD002040
:10D7B000F8BD64490020086048608860C86061491D
:10D7C00040390860486045E7FEB50020C0435A4D27
:10D7D00002906869019068462E6900F035F90746A5
:10D7E00000F04FF90446002F08D002AA01990098D2
:10D7F00000F08FF90298FFF769FF06E00298FFF743
:10D8000065FF002801D1002C02D0304600F0AAF9B3
:10D8100000206871FEBDFFB59807002481B01E4648
:10D8200015460F4600280BD1002E09D0FFF796FEB3
:10D8300041490A9888610F70324600208E6008E0E6
:10D84000072005B0F0BD28234343D4509B181C7615
:10D85000401CB842F7DB28204743BB19032048701F
:10D860000F461846CB6019461830002218232E4662
:10D870005E43D3005B181C705C709D70586030185C
:10D88000521C032AF5DB0020C0433861BC70FC70D9
:10D8900001242D482405046003211420FFF740FED5
:10D8A000224880380460254C0198A0600321112093
:10D8B000FFF736FE606878610020C2E770B51E4C45
:10D8C000A568002D06D0002A06D0002804D0002329
:10D8D000247809E0082070BD072070BD28265E432B
:10D8E000AE59002E04D05B1CA342F7DB042070BDB0
:10D8F000282401265C432E516419E26161600360B3
:10D90000002070BD07494868C005C00D2CD01038F4
:10D910001CD50207120F083A920892005118C969E3
:10D9200019E0000000ED00E000E400E080E100E02C
:10D93000401301400010014058280020001501400C
:10D94000FFFF7F004011014080E200E08108B14A02
:10D950008900891809688007C00EC1400806800F39
:10D96000012803D0032803D002207047002070470D
:10D9700001207047FEB50446A748174682680D4649
:10D98000002A0CD001788C4201D2052D01D207204B
:10D99000FEBD2146282359435358012B01D00820AE
:10D9A000FEBD8818406801281DD00026FFF7AAFF99
:10D9B000C00099490190C9684018694600F018F9FB
:10D9C000002812D001214460016094494968083060
:10D9D000E2C091490198C96841180098487000F068
:10D9E0002EF80020FEBD2E46E0E70420FEBDF8B56F
:10D9F000894D0446A868002809D029788C4201D3B3
:10DA00000720F8BD282161434058012801D0082093
:10DA1000F8BDFFF777FFC600E8686946301800F0E8
:10DA2000E7F8002809D0022112C0E86831180098F0
:10DA3000487000F004F80020F8BD0420F8BD012073
:10DA4000774900050860704710B5734900238A784C
:10DA5000CC78A24212D0521CD2B28A70022A00D1D3
:10DA60008B708A786C4B92001C339A58026048691C
:10DA700010180002000A4861012010BD0360002058
:10DA800010BDF8B5644801690091457833E06248FB
:10DA9000E900C0680E1834782AE0182060437168E5
:10DAA000641C0818B178E4B2A14200D100240168D6
:10DAB000022902D003291BD113E0574A40682821CC
:10DAC000926841438F18397E002911D0FFF78EFDEF
:10DAD000002038760CE028277843C0180276406A88
:10DAE00003E04D4900228B680869471CF3D10861A7
:10DAF0007078A042D1D128466D1EEDB20028C6D163
:10DB0000454801690098814201D00120F8BD0020FC
:10DB1000F8BDF7B5404C0025A76823691EE0282111
:10DB20005943C9198E68864202D9301A886017E0B5
:10DB3000801B751900268E600E764E699C464B6AD6
:10DB4000B646002E0AD0019E76193602360ACE60FD
:10DB500076460E6116684E6261461160591CDED130
:10DB60002361FEBDF8B52C4801694A1C3DD028222E
:10DB70005143826889188E6828494C684769007942
:10DB8000E11B0D022D0AED1C002815D10120254AAC
:10DB900000045060234A403A5060214940008031DF
:10DBA0000860214908602149012008602F20FEF704
:10DBB000EDFA194901200871B54200D23546E8193D
:10DBC00000021649000A4031086014494968001BE8
:10DBD000091B0902090A0002C91C000A814203D973
:10DBE00001200F4940040860F8BDFFF7B7FCF8BDFD
:10DBF00042788378521C934200D1002203789342EA
:10DC000001D1002070470A604168407818225043D3
:10DC10000818704700E400E0582800200015014073
:10DC200000E200E04013014000E100E0001001408C
:10DC300010B50446082904D000221146104601F010
:10DC40002BFB21686068884710BD1CB501910090CE
:10DC5000024A0821684601F09DFA1CBD31DC030030
:10DC60000A48026803210A430260094880470948BC
:10DC70000047FEE7FEE7FEE7FEE7FEE7FEE70000FF
:10DC800005480649064A074B704700002405004036
:10DC9000A9DC0300C1C0030090300020903C0020AC
:10DCA0009034002090340020F8B500F035F82B4E69
:10DCB000002804D02A4870602A49F01388612A4855
:10DCC0000124018CC9B201290DD1818C09070AD127
:10DCD000018D0906090F042905D1808D0006000F6A
:10DCE00001D1224884600027B461214D6F60A805EE
:10DCF0008460686800280ED1C820FEF757FA1D48D6
:10DD00007F1C8742F5D30020B0610120800784602A
:10DD100068680028FCD0F8BD1348018CC9B20129FD
:10DD200017D1818C090714D1018D09060A0F03D17F
:10DD3000828D1206120F0ED0090F012903D1828D98
:10DD40001206120F07D0032903D1808D0006000FA1
:10DD500001D00020704701207047000000050040FE
:10DD6000DFFF07C0006C0040C00F00F0000600405D
:10DD7000000100408813000030B585B0002822D093
:10DD80000388FE4CA34220D0FD4B1B78002B1CD0F7
:10DD9000FB4B10255B1C1D705970002401259A70E7
:10DDA000032269460A820094019402940394028A31
:10DDB0000A808D708C8004A90291039300886946C3
:10DDC000A6DF05B030BD0E20FBE70820F9E7F0B56F
:10DDD0008BB004460227684607730026099687849D
:10DDE000C68408A80A900D46A18A208809AAA5DF42
:10DDF000002804D0E16A00291AD0884718E0684654
:10DE0000008CC007C00F13D068460682208803A983
:10DE1000A8DF002813D1A97E28461B3001220B0061
:10DE200001F055FC09430F1B202224263E28430005
:10DE3000FF20FE3069460882208803A9A8DF0BB0C6
:10DE4000F0BD00960AE0062219E069460A710290C8
:10DE500022E0204690470020F1E700922B8B022B16
:10DE6000F3D2F0E700971DE003201AE0042018E049
:10DE7000052016E0298B032905D20322082120461C
:10DE8000FFF77AFFDBE74178027808021043694622
:10DE9000888003D006200090A26ADAE70720FAE71C
:10DEA000092000906946A26AD3E70322E7E730B56C
:10DEB00085B00D46040038D0002D36D068680028A3
:10DEC00033D00020C043AF4B20800FCB049301AB75
:10DED00007C3AD4869460880891C01A863DF002894
:10DEE00022D1221D69460120A0DF00281CD16846EE
:10DEF0008078A071204600F0CEF8002814D120468A
:10DF000000F055F900280FD12946204600F002F90B
:10DF1000002809D16868A062A868002800D0E062E3
:10DF200097490120087000204BE70E2049E73EB5D5
:10DF3000002828D0002926D0826A002A23D00A8807
:10DF4000102A21D0112A30D0502A1FD0512A1AD19C
:10DF500004460846891D0A78022A14D14A88238A71
:10DF60009A4210D1807A04280DD006280BD00528BB
:10DF700009D0891C2046FFF72AFF002803D0E16A58
:10DF8000002900D088473EBD898810E0CA880389EF
:10DF90009A42F8D1082200928A7F6B461A7120318A
:10DFA0000291826A694690473EBD0021C9430180C3
:10DFB0003EBDF0B585B00A4605002DD028886F49D2
:10DFC00088422BD06E480078002827D06C4C102057
:10DFD000641C2070072060700127A7700321684629
:10DFE00001820026E11C104600F04CF8014668460C
:10DFF000008A0918684601820096019602960396E7
:10E00000298A01808770868004A80394029028885A
:10E010006946A6DF05B0F0BD0E20FBE70820F9E752
:10E02000F0B585B00A46050028D0288853498842B3
:10E0300026D053480078002822D0514C1120641C6F
:10E0400020700127684607820026611C104600F0F8
:10E0500019F801466846008A091868460182009648
:10E06000019602960396298A01808770868004A80B
:10E070000394029028886946A6DFCBE70E20C9E703
:10E080000820C7E70870020A4A70020C8A70000E66
:10E09000C8700420704730B58FB005461C21684613
:10E0A00001F022FA6946087804210843694608709D
:10E0B000002401940394049405940694A87908A973
:10E0C000887031486946801C0884601C00070794EA
:10E0D000000F0C77103048778A7FF9200240921C9D
:10E0E000E7200240012002438A77142109A801F0A9
:10E0F000FBF908A8099007A80A9069468C851420A6
:10E10000CC8508860D942B46A888083309AAA2DF7F
:10E110000FB030BDF0B58FB00F4605461C216846E4
:10E1200001F0E2F9684601780226314301700024CB
:10E1300001940394049405940694A97908A8817025
:10E1400011496846091D0184601C0107090F10313F
:10E150006846079401770020014668464177817F31
:10E16000F9200140891CE720014001200143684655
:10E170008177142109A801F0B7F907E0FFFF00003B
:10E180008028002058F703003015000008A80990E7
:10E1900007A80A9068468685C48506860D972B4693
:10E1A000A888203309AA6946A2DF0FB0F0BD30B5B8
:10E1B0008FB005461C21684601F096F9694608783B
:10E1C0000821084310221043694608700024019476
:10E1D0000394049405940694A87908A988701448B7
:10E1E00069460884601C00070794000F0C77103004
:10E1F0004877887FF9210840801CF72108401043A8
:10E200000121084369468877142109A801F06CF9B7
:10E2100008A8099007A80A9069468C851720CC8524
:10E2200008860D942B46A888103309AAA2DF6FE751
:10E2300031150000FFB583B0074600200C9C8646D0
:10E24000267805463AE07868A90041180A886846A9
:10E2500082804988C1800022694601A865DF0028C4
:10E2600010D1684601780598814226D17046002871
:10E2700001D0002200E002222078891841181F29CD
:10E2800002D90C2007B0F0BD7146002908D1401C0E
:10E29000C0B2411C069B049A21701A540120864684
:10E2A000217806980A18694601A865DF0028E9D197
:10E2B000694620780978401820706D1C3888A8427B
:10E2C000C1DC7046002804D020780699801B401ECF
:10E2D00088550020D6E7F8B51546069C1E46074629
:10E2E00002220094FFF7A6FF002806D13346102231
:10E2F000294638460094FFF79DFFF8BDF7B582B078
:10E3000000260546167000681446002805D02846E9
:10E31000039900F0CAF8060008D1687900281ED0D9
:10E320002078039F001D1F2802D90C2005B0F0BDE6
:10E33000684679DF0028F9D121780322481C207033
:10E340007A5421781922481C20707A542078C119F7
:10E350006846008800F0A4F8217840182070A87959
:10E360000223002810D02078039A411C21701354F6
:10E3700020780399471C012227700A542078AA7933
:10E38000471C039927700A54A868002815D000215B
:10E39000415620788C460246C01C03991F28C4D8D9
:10E3A000501C20708B5422780A23501C20708B54F0
:10E3B00020786246431C23700A54A889002809D09B
:10E3C00028460094062202210C30039BFFF783FFAE
:10E3D0000600ABD1A88A002809D02846009407225D
:10E3E00003211430039BFFF776FF06009ED1A88B14
:10E3F000002809D028460094152214211C30039BC4
:10E40000FFF769FF060091D1686A002805D022460F
:10E41000039900F07FF8060088D1A86A002805D08B
:10E420002246039900F0B5F8060084D13020405D03
:10E43000002806D022462846039900F0DCF80600A2
:10E44000C7D1304672E770B50C4692B000216A46DB
:10E45000117007251171002809D0817949070CD561
:10E4600002A9FFF74BFF002808D102AE00E000260A
:10E47000002C0ED0A079002802D0284612B070BD22
:10E4800001AA0AA92046FFF739FF0028F6D10AAAF7
:10E4900000E00022684603790178304672DFEDE73C
:10E4A0000870000A487002207047F8B514780746D3
:10E4B000A01C15460E461F2803D83879801C1F283B
:10E4C00001D90C20F8BD1D20001B80B2694686468C
:10E4D00008803019801C7DDF0028F3D138680228BD
:10E4E00005D168460088704501D8092107E03879D0
:10E4F0000821002801D0704501D968460088421CD7
:10E500003255641CE2B2B1542978801C0818287076
:10E510000020F8BDF8B50D4611780646881D144652
:10E520001F2801D90C20F8BD33880720062BFAD309
:10E530001927FF01BB4202D94D4A9342F3D1728899
:10E54000062AF0D3BA4202D9494FBA42EBD1484F1A
:10E55000BB4203D0BA4201D09342E4D8481C052202
:10E5600020706A5420781222411C21702A5420788D
:10E5700041193088FFF794FF21784018C0B220700D
:10E5800041197088FFF78CFF217840182070002017
:10E59000F8BD70B5054600790E46801C1446C0B221
:10E5A0001178821C8A181F2A01D90C2070BD0A46D6
:10E5B000491C401C2170B0542078FF22411C21705E
:10E5C0003254207881192888FFF76AFF2178401893
:10E5D000C0B22070AA88002A09D0A968002908D0F2
:10E5E000801900F022FF207829794018207000203F
:10E5F00070BD072070BDF7B582B002981446C06A9E
:10E600000F46002832D0029800252030009028E0E4
:10E610000298C16A0C2068430E18217830794A1C90
:10E62000C01C2270785421781622481C20707A541D
:10E630002078C1193088FFF733FF21784018C0B225
:10E640002070B288002A09D0B16800290ED0C01904
:10E6500000F0EBFE20783179401820706D1C009896
:10E66000EDB2007CA842D3D800205FE607205DE62B
:10E67000FFFF000038B56749674A488890420FD0CD
:10E680004A78664C521CD2B24A70237B934208D31C
:10E69000083175DF002803D0A169002900D0884720
:10E6A00038BD00254D70217C002907D03B2176DF45
:10E6B000002803D0A169002900D08847616900299A
:10E6C000EED068460095884738BD70B505460146CE
:10E6D0001C225248FDF7ACFD4E4C002626702968DE
:10E6E000002907D00822A01800F09FFE204608301D
:10E6F0007ADF02E0474808307BDF002808D1401E5F
:10E70000608044486670464A0021001DFFF7D6F835
:10E7100070BD10B53F484068FFF769F910BDF8B506
:10E720003C48103000F069F800263A4D3B4C002878
:10E7300006D06169002919D001200090684614E0D4
:10E740002878002804D0616900290FD00096F5E7E9
:10E75000687800280CD0A16800226868FFF70AF9E1
:10E76000002803D0A169002900D088472E70F8BD89
:10E770006168F1E7F8B5294C02880027254DE68944
:10E78000102A18D029464968112A21D0122A2DD0E2
:10E79000502A0FD1801D0288B2420BD1028B022A6F
:10E7A00008D1C27E837E10021843C007C00F13D069
:10E7B000FFF7B5FFF8BD818869800146154808223A
:10E7C0001631103000F031FE6F70002EF0D0F8BD21
:10E7D0000020C04368806F700846FFF708F90028E2
:10E7E000F5D0A1690029F2D08847F8BD811D0948FC
:10E7F0000822103000F019FEDAE741880548083099
:10E800000288914204D34088814201D80120704798
:10E810000020704788280020FFFF0000C42D002042
:10E8200075E6030031B5054C04E0401E009020461B
:10E83000FDF7CCFC00980028F7D138BDE7030000B5
:10E8400018225043FE4A0021801801718160416105
:10E85000012281610261C1607047FFB581B0F94C4E
:10E86000049B039A054626691A4303200092002E52
:10E8700003D1002A0ED0012222612769039A0126C2
:10E88000360792003B0000F022FF072707162940B9
:10E89000526127000222EFE77069326992B2504359
:10E8A000326933691204920C9BB2594329DF002864
:10E8B00012D102210FE0084628DF00280CD103996D
:10E8C000002901D0032106E00499002916D12978F6
:10E8D000042946D017E0216105B0F0BD70693269A6
:10E8E00092B25043326993B24B4301461846039AA1
:10E8F00029DF0028F0D10499002901D00421EAE79A
:10E900002978042920D00521E5E773693069366943
:10E9100080B2434368681B189B18B6B24E43301848
:10E9200080181946049A29DF0028E9D0D4E7306915
:10E9300080B24843696880188A08696929DF00281D
:10E94000CAD1009900290CD00621C4E77069316949
:10E9500089B24843316989B200F0D9FD28DF002827
:10E96000BAD10721B7E7F8B5B54918230A780F20BF
:10E970005A435418241DB34922782669CF68022AC5
:10E980001BD001252D07042A2AD0052A5BD128692E
:10E9900081B2304600F0BBFD0146A36828699A1990
:10E9A00080B24843101A82086068181886192869CE
:10E9B0004B1C80B25843801B34E0B8026268616926
:10E9C000121A0918A3683018181801239B029A42DA
:10E9D00002D2920829DF31E0FF22013229DF2DE047
:10E9E000E268974914205043F4314018001D0BC8C9
:10E9F000B04203D160685943814218D0022A16D030
:10EA0000286981B2304600F082FD0146286980B253
:10EA10004843301A820828694B1C80B25843636807
:10EA20009B19C01A83082046FFF717FF06E02869E4
:10EA300081B2304600F06BFDC01928DF002802D1FA
:10EA40007F4901228A70F8BDF8B57D4C069E657835
:10EA50000A2D1DD027787D19EDB20A2D01D30A3D6C
:10EA6000EDB218277D432D192871AA6103C9EE6004
:10EA7000AB6069612861A1780020002904D1FFF70B
:10EA800072FF112800D100206178491C6170F8BD27
:10EA90000420F8BD38B50246694818230178594367
:10EAA000081803690179022B0AD014246343644CCB
:10EAB000F434E4588368009383691030A04738BD6C
:10EAC000604B14331C68F5E7F8B55D4B9978012964
:10EAD00014D100255B499D700A69082A05D00228D7
:10EAE0000FD003280AD10D2006E0022807D00D70B0
:10EAF00000F025FA002801D0FFF7CCFFF8BD0D612A
:10EB0000F6E74F48182403784E496343CC68181839
:10EB1000641C001DCC600378022B05D14668A1025D
:10EB2000B14201D3012700E00027052B01D1072ABC
:10EB300003D00021042B02D003E00121FAE7072AC9
:10EB400003D00026042B02D007E00126FAE7406834
:10EB5000A302834201D3002A1AD00020314301438B
:10EB60003943C5D0374E28463561FFF793FF344C03
:10EB70002078FFF765FEF5606078401E60702078B1
:10EB8000401CC0B220700A28B2D30A382070AFE708
:10EB90000120E3E770B500252A4C2948E56025618E
:10EBA0000570457085702E463046FFF749FE761C8D
:10EBB0000A2EF9D3012212076560516928461269AD
:10EBC000491E92B25143E560A1601D49F4310D60C8
:10EBD0008D600D61CD601B4914310D60888001216D
:10EBE0002170206170BDF8B5164A044610780E46B3
:10EBF000002830D0002C30D0002E2ED020680028E5
:10EC00002BD0012000076768016989B28F4228D89C
:10EC1000102F26D3A168002923D095687943436932
:10EC20004A19006980B243439A421AD8012000076A
:10EC3000006980B2814212D901200007006903E017
:10EC4000E02D0020A028002080B2394600F05FFCB3
:10EC5000002906D103E00820F8BD0E20F8BDB80752
:10EC600001D00720F8BDBD49486801281CD00F46D7
:10EC70001421BB4A21C641438E1875602368535046
:10EC80006168B160A168F160A268616800235143C6
:10EC9000012212075B1C14699BB2A4B28C4205D2FC
:10ECA0001469A4B2091B02E00420F8BD0021146914
:10ECB000A4B265191469A4B28C42EBD9BD60401CA2
:10ECC000336178600020F8BDF8B50446A3481E46BD
:10ECD000007815460F46002807D0002F07D0002CDB
:10ECE00005D02068002817D103E00820F8BD0E20C9
:10ECF000F8BD9B48016800290ED0C2688168406851
:10ED00004A4310186268904206D9002D04D0A942E7
:10ED100002D3A819884201D90720F8BD384600F06F
:10ED200008F9002811D0304600F003F900280CD073
:10ED3000606800F0FEF8002807D02B463A462146CE
:10ED400002200096FFF780FEF8BD1020F8BDFFB549
:10ED5000824881B000781F4616460D46002808D02C
:10ED6000002D08D00198002805D02868002817D168
:10ED700003E00820B0E50E20AEE5794C20680028BD
:10ED80000ED0E168A0686268414389186A689142C0
:10ED900006D9002E04D0B04202D3F119814201D924
:10EDA000072099E5019800F0C4F800281BD03846E8
:10EDB00000F0BFF8002816D0686800F0BAF8002804
:10EDC00011D068683246C119019800F02EFB0096F8
:10EDD0002868142148432458002203212846019B17
:10EDE000A047002078E5102076E5F8B505465B4899
:10EDF0000F460078002805D0002D05D0286800288F
:10EE000021D103E00820F8BD0E20F8BD544C0026A7
:10EE10002068002817D0A168E0684843616841185D
:10EE2000686881420FD900F084F800280DD0296865
:10EE300014225143091968684A688968801A00F0E9
:10EE400066FB002903D00720F8BD1020F8BD3B4623
:10EE50000022294604200096FFF7F6FDF8BD3F4A40
:10EE60001278002A0DD000280DD000290BD002689E
:10EE7000002A08D0394A14321368002B05D0042028
:10EE80007047082070470E20704702230B6000680F
:10EE9000106000207047F8B5044630481E460078E0
:10EEA00017460D46002807D0002D07D0002C05D0AE
:10EEB000206802281BD103E00820F8BD0E20F8BD11
:10EEC000264814300068002811D0084600F031F8B8
:10EED00000280ED0304600F02CF8002809D03B4620
:10EEE0002A46214602200096FFF7AEFDF8BD072016
:10EEF000F8BD1020F8BD08B5184A1278002A05D0D0
:10EF0000002805D00268022A11D103E0082008BDBC
:10EF10000E2008BD114A14321268002A07D00B4691
:10EF20000022014604200092FFF78EFD08BD072055
:10EF300008BD800701D000207047012070470849B4
:10EF400010B5F43949780020002906D0FFF70BFDF1
:10EF5000002802D0112800D1002010BDA0280020D8
:10EF6000D42E002070B500250C290ED3044643187A
:10EF7000008941000919581A0A38C2B21748022AF2
:10EF8000027002D30A318B4201D2092070BD1448AD
:10EF900000F04BFA134914480A88824202D02388B1
:10EFA000934217D14988814202D06088884211D1AA
:10EFB0000D4A0323521E20891B03A8420AD9690067
:10EFC00009194989914203D09E896D1CB142F4D13F
:10EFD000002070BD0B2070BD00207047BC280020B1
:10EFE000E82E002080100010FFFF000010B5FDF794
:10EFF000FDF810BD10B50446002A02D0108800228A
:10F0000010E00A48FBE7030A00020343A05C5840F3
:10F0100003061B0F43401803584083B21806C00C68
:10F020005840521C8A42EED310BD0000FFFF000082
:10F030004B48002101704C484A4A02608160C1601F
:10F04000016108224161426081610846704710B544
:10F0500000291DD000220A60434A5368002B1BD0B0
:10F06000202817D85B1E5360D0682423401CD06032
:10F07000106914684343E3180B60012383409169CE
:10F08000401C19434007400F91611061002010BDE2
:10F090000E2010BD0C2010BD042010BDF0B5324A6A
:10F0A0000646916800292BD057691020791A490724
:10F0B000490F14680B4624254D436519B54206D106
:10F0C000012495698C4065400020956104E0491C4D
:10F0D0004907490F8F42EED1491C4E07760F9569BB
:10F0E00001210C469C402B4623420AD19368002BF9
:10F0F00007D05B1E936053685B1C53603346F0E798
:10F100000420F0BD184A2423117C1268491E4907C7
:10F11000490F5943203150500020704770B50028E6
:10F120001AD0002918D0104AD368002B16D05B1EC5
:10F13000D360936824265B1C9360536915681C4652
:10F140007343EE1820330660E858641C08606007BB
:10F15000400F5061002070BD0E2070BD042070BDB6
:10F16000BD280020F42E00201430002030B5CB0044
:10F1700008339DB293070024002B01D0072030BD37
:10F180003B4B9A605219DA605C701C705880998011
:10F19000002030BDF7B5364C0E466088814237D826
:10F1A000344F00F069F822786078A188884201DA4B
:10F1B000401C00E00020C0B2904202D100F062F892
:10F1C00024E065786078884201DA401C00E0002085
:10F1D000607000F057F8BD4218D0A068EF000299A7
:10F1E000C151009900290CD0002E0AD06088324607
:10F1F0004543E068281800F018F9A06838188680A0
:10F2000002E00021381881800020FEBD0420FEBDF0
:10F210000920FEBD0EB504E068468188029A009878
:10F22000904702AA01A9684600F003F80028F3D02D
:10F230000EBD70B50E4B05241D785E78AE4215D01C
:10F240001D781C789E88B44201DA641C00E000241A
:10F250001C705C88DE686C43A41904609B68E8003D
:10F26000C418A4880C80185800241060204670BD73
:10F27000C4280020FFFF000072B606480168491C40
:10F280000160704703490868401E086000D162B6FB
:10F2900070470000D4280020BFF34F8F0349024875
:10F2A000C860BFF34F8FFEE70400FA0500ED00E0F1
:10F2B00010B5002904D0002211461046FFF7ECFFDC
:10F2C00000F010F810BD10B50021024A0846FFF703
:10F2D00061FF10BDB1F2030010B508461146FCF7FE
:10F2E000C3FF10BDF8B5384C2078002837D020690E
:10F2F000002807D00026E068002805D00025002E51
:10F3000004D013E00126F6E70125F8E7684651DF4F
:10F31000052806D0002806D000221146FFF7BCFFC2
:10F3200004E0012602E0216900988847002D12D1EF
:10F33000608869460880A06861DF052806D000283B
:10F3400006D000221146FFF7A7FF04E0012502E0E6
:10F35000E168A0688847002ED8D0002DCFD0F8BD36
:10F3600070B5002901D08C0701D0072070BD164C64
:10F370000125A16062801549636010DF0028F5D186
:10F38000257016202EDF70BD002803D00E49C860FE
:10F39000002070470E207047002803D00A490861FA
:10F3A000002070470E20704710B5074840680028BD
:10F3B00007D08047002803D000221146FFF76CFFDA
:10F3C00010BDFFF78FFF10BDD8280020D9F2030031
:10F3D000034610B50B439B070FD1042A0DD308C871
:10F3E00010C9121FA342F8D018BA21BA884201D915
:10F3F000012010BD0020C04310BD002A03D0D30758
:10F4000003D0521C07E0002010BD03780C78401C8C
:10F41000491C1B1B07D103780C78401C491C1B1B83
:10F4200001D1921EF1D1184610BDF8B5042A2CD393
:10F43000830712D00B78491C0370401C521E8307AF
:10F440000BD00B78491C0370401C521E830704D05C
:10F450000B78491C0370401C521E8B079B0F05D074
:10F46000C91ADF002023DE1B08C90AE0FCF7E0FE12
:10F47000F8BD1D4608C9FD401C46B4402C4310C0D1
:10F48000121F042AF5D2F308C91A521EF0D40B78C1
:10F49000491C0370401C521EEAD40B78491C0370AF
:10F4A000401C521EE4D409780170F8BD01E004C08C
:10F4B000091F0429FBD28B0701D50280801CC907D4
:10F4C00000D00270704700290BD0C30702D0027031
:10F4D000401C491E022904D3830702D50280801CE8
:10F4E000891EE3E70022EEE70022DFE70378C27817
:10F4F0001946437812061B0219438378C0781B040F
:10F50000194311430902090A000608437047002203
:10F5100003098B422CD3030A8B4211D300239C4650
:10F520004EE003460B433CD4002243088B4231D3C8
:10F5300003098B421CD3030A8B4201D394463FE05C
:10F54000C3098B4201D3CB01C01A524183098B42BC
:10F5500001D38B01C01A524143098B4201D34B01A5
:10F56000C01A524103098B4201D30B01C01A524108
:10F57000C3088B4201D3CB00C01A524183088B428F
:10F5800001D38B00C01A524143088B4201D34B0078
:10F59000C01A5241411A00D20146524110467047EA
:10F5A0005DE0CA0F00D04942031000D340425340EF
:10F5B00000229C4603098B422DD3030A8B4212D3AF
:10F5C000FC22890112BA030A8B420CD389019211E1
:10F5D0008B4208D3890192118B4204D389013AD01E
:10F5E000921100E08909C3098B4201D3CB01C01AF3
:10F5F000524183098B4201D38B01C01A5241430906
:10F600008B4201D34B01C01A524103098B4201D3F3
:10F610000B01C01A5241C3088B4201D3CB00C01A60
:10F62000524183088B4201D38B00C01A5241D9D278
:10F6300043088B4201D34B00C01A5241411A00D2F9
:10F640000146634652415B10104601D34042002BF5
:10F6500000D54942704763465B1000D3404201B574
:10F660000020C046C04602BD7047704770477546CF
:10F6700000F022F8AE46050069465346C008C000B7
:10F68000854618B020B5FEF7FBFA60BC0027490894
:10F69000B6460026C0C5C0C5C0C5C0C5C0C5C0C52A
:10F6A000C0C5C0C5403D49008D4670470446C046B0
:10F6B000C0462046FCF751FD00487047303000201E
:10F6C00001491820ABBEFEE726000200704730B4A7
:10F6D0007446641E2578641CAB4200D21D46635DEF
:10F6E0005B00E31830BC1847020000000000000077
:10F6F0000000000000000000040000000000000006
:10F7000000000000000000000000000000000000F9
:10F7100035C40300000000000000000002000000EB
:10F7200000000000000000000000000000000000D9
:10F7300000000000030000000000000000000000C6
:10F7400005000000000000000000000000000000B4
:10F75000000000000000000023D1BCEA5F78231500
:10F76000DEEF12120000000088F7030000280020DE
:10F77000EC00000004C1030074F80300EC28002032
:10F78000A413000020C103000000000000000000DE
:10F790000000000000000000000000000000000069
:10F7A0000000000000000000000000000000000059
:10F7B0000000000000000000000000000000FFFF4B
:10F7C0000000000032000000000000000000000007
:10F7D0000000000000000000000000000000000029
:10F7E0000000000000000000000000000000000019
:10F7F0000000000000000000000000000000000009
:10F80000000000000024F4000000000000000000E0
:10F8100000000000000000000000000000000000E8
:10F8200000000000000000000000000000000000D8
:10F8300000000000000000000000000000000000C8
:10F8400000000000000000000000000000000000B8
:10F8500000000000000000000000000000000000A8
:10F860000000000000000000000000000000000098
:04F870000000000094
:10FC00000100000000000000FE00000000000000F5
:10FC100000000000000000000000000000000000E4
:020000041000EA
:0410140000C0030015
:040000050003C0C173
:00000001FF
