:1000000000040020810A000015070000610A0000BA
:100010001F07000029070000330700000000000050
:10002000000000000000000000000000A50A000021
:100030003D070000000000004707000051070000D6
:100040005B070000650700006F07000079070000EC
:10005000830700008D07000097070000A10700003C
:10006000AB070000B5070000BF070000C90700008C
:10007000D3070000DD070000E7070000F1070000DC
:10008000FB070000050800000F0800001908000029
:10009000230800002D080000370800004108000078
:1000A0004B080000550800005F08000069080000C8
:1000B000730800007D080000870800009108000018
:1000C0009B080000A5080000AF080000B908000068
:1000D000C3080000CD080000D7080000E1080000B8
:1000E000EB080000F5080000FF0800000909000007
:1000F000130900001D090000270900003109000054
:100100003B0900001FB500F003F88DE80F001FBD8C
:1001100000F0ACBC40F6FC7108684FF01022401CA7
:1001200008D00868401C09D00868401C04D0086842
:1001300000F037BA9069F5E79069F9E7704770B554
:100140000B46010B184400F6FF70040B4FF0805073
:100150000022090303692403406943431D1B104621
:1001600000F048FA29462046BDE8704000F042BA47
:10017000F0B54FF6FF734FF4B4751A466E1E11E0DA
:10018000A94201D3344600E00C46091B30F8027B3B
:10019000641E3B441A44F9D19CB204EB134394B25D
:1001A00004EB12420029EBD198B200EB134002EBB2
:1001B000124140EA0140F0BDF34992B00446D1E952
:1001C0000001CDE91001FF224021684600F0F4FB58
:1001D00094E80F008DE80F00684610A902E004C8FB
:1001E00041F8042D8842FAD110216846FFF7C0FF7C
:1001F0001090AA208DF8440000F099F9FFF78AFFCB
:1002000040F6FC7420684FF01025401C0FD0206889
:1002100010226946803000F078F92068401C08D030
:100220002068082210A900F070F900F061F9A869AF
:10023000EEE7A869F5E74FF080500369406940F6A2
:10024000FC71434308684FF01022401C06D0086838
:1002500000F58050834203D2092070479069F7E788
:100260000868401C04D00868401C03D00020704778
:100270009069F9E70420704770B504460068C34DE3
:10028000072876D2DFE800F033041929631E250021
:10029000D4E9026564682946304600F062F92A46CE
:1002A0002146304600F031F9AA002146304600F0E0
:1002B00057FB002800D0032070BD00F009FC4FF46C
:1002C000805007E0201D00F040F90028F4D100F034
:1002D000FFFB60682860002070BD241D94E80700C3
:1002E000920000F03DFB0028F6D00E2070BDFFF715
:1002F000A2FF0028FAD1D4E901034FF0805100EBAE
:10030000830208694D69684382420ED840F6F8704E
:1003100005684FF010226D1C09D0056805EB8305B8
:100320000B6949694B439D4203D9092070BD55694A
:10033000F4E70168491C03D00068401C02D003E0C8
:100340005069FAE70F2070BD2046FFF735FFFFF731
:1003500072FF0028F7D1201D00F0F7F80028F2D135
:1003600060680028F0D100F0E2F8FFF7D3FE00F05B
:10037000BFF8072070BD10B50C46182802D0012028
:10038000086010BD2068FFF777FF206010BD41684E
:10039000054609B1012700E0002740F6F8742068FF
:1003A0004FF01026401C2BD02068AA68920000F065
:1003B000D7FA38B3A86881002068401C27D020688D
:1003C000FFF7BDFED7B12068401C22D026684FF051
:1003D0008050AC686D68016942695143A9420DD9EA
:1003E000016940694143A14208D92146304600F0E5
:1003F000B8F822462946304600F087F800F078F831
:100400007069D2E700F093F8FFF784FEF6E77069B1
:10041000D6E77669DBE740F6FC7420684FF01026DB
:10042000401C23D02068401C0CD02068401C1FD0EA
:100430002568206805F18005401C1BD027683879A5
:10044000AA2819D040F6F8700168491C42D001680A
:10045000491C45D00168491C3ED001680968491C07
:100460003ED00168491C39D000683EE0B069DAE747
:10047000B569DEE7B769E2E710212846FFF778FEA5
:100480003968814222D12068401C05D0D4F8001080
:1004900001F18002C03107E0B169F9E730B108CA63
:1004A00051F8040D984201D1012000E000208A4259
:1004B000F4D158B1286810B1042803D0FEE72846CB
:1004C000FFF765FF3149686808600EE0FFF722FE1C
:1004D00000F00EF87169BBE77169BFE7706904E06D
:1004E0004FF480500168491C01D000F0CBFAFEE7C0
:1004F000BFF34F8F26480168264A01F4E06111439B
:100500000160BFF34F8F00BFFDE72DE9F0411746B3
:100510000D460646002406E03046296800F054F8EF
:10052000641C2D1D361DBC42F6D3BDE8F08140F69B
:10053000FC700168491C04D0D0F800004FF48051D1
:10054000FDE54FF010208069F8E74FF080510A690F
:10055000496900684A43824201D810207047002050
:10056000704770B50C4605464FF4806608E0284693
:1005700000F017F8B44205D3A4F5806405F5805562
:10058000002CF4D170BD0000F40A0000000000202F
:100590000CED00E00400FA05144801680029FCD0C5
:1005A0007047134A0221116010490B68002BFCD0E0
:1005B0000F4B1B1D186008680028FCD0002010603D
:1005C00008680028FCD07047094B10B501221A605A
:1005D000064A1468002CFCD0016010680028FCD08A
:1005E0000020186010680028FCD010BD00E4014015
:1005F00004E5014070B50C46054600F073F810B9EB
:1006000000F07EF828B121462846BDE8704000F091
:1006100007B821462846BDE8704000F037B8000012
:100620007FB5002200920192029203920A0B000B06
:100630006946012302440AE0440900F01F0651F80C
:10064000245003FA06F6354341F82450401C8242F8
:10065000F2D80D490868009A10430860081D016827
:10066000019A1143016000F03DF800280AD00649C4
:1006700010310868029A10430860091D0868039A3F
:10068000104308607FBD00000006004030B50F4CED
:10069000002200BF04EB0213D3F800582DB9D3F8A1
:1006A000045815B9D3F808581DB1521C082AF1D3C3
:1006B00030BD082AFCD204EB0212C2F80008C3F8CD
:1006C00004180220C3F8080830BD000000E0014013
:1006D0004FF08050D0F83001082801D0002070473A
:1006E000012070474FF08050D0F83011062905D016
:1006F000D0F83001401C01D0002070470120704725
:100700004FF08050D0F830010A2801D00020704707
:100710000120704708208F490968095808471020B0
:100720008C4909680958084714208A4909680958FA
:100730000847182087490968095808473020854923
:100740000968095808473820824909680958084744
:100750003C20804909680958084740207D490968BC
:100760000958084744207B49096809580847482028
:1007700078490968095808474C207649096809589A
:10078000084750207349096809580847542071499F
:1007900009680958084758206E49096809580847E8
:1007A0005C206C4909680958084760206949096854
:1007B00009580847642067490968095808476820AC
:1007C00064490968095808476C2062490968095852
:1007D000084770205F4909680958084774205D4937
:1007E00009680958084778205A490968095808478C
:1007F0007C205849096809580847802055490968EC
:10080000095808478420534909680958084788202F
:1008100050490968095808478C204E490968095809
:10082000084790204B4909680958084794204949CE
:10083000096809580847982046490968095808472F
:100840009C204449096809580847A0204149096883
:1008500009580847A4203F49096809580847A820B3
:100860003C49096809580847AC203A4909680958C1
:100870000847B0203749096809580847B420354966
:10088000096809580847B8203249096809580847D3
:10089000BC203049096809580847C0202D4909681B
:1008A00009580847C4202B49096809580847C82037
:1008B0002849096809580847CC2026490968095879
:1008C0000847D0202349096809580847D4202149FE
:1008D000096809580847D8201E4909680958084777
:1008E000DC201C49096809580847E02019490968B3
:1008F00009580847E4201749096809580847E820BB
:100900001449096809580847EC2012490968095830
:100910000847F0200F49096809580847F4200D4995
:10092000096809580847F8200A490968095808471A
:10093000FC2008490968095808475FF48070054998
:10094000096809580847000003480449024A034B54
:100950007047000000000020000B0000000B0000AA
:1009600040EA010310B59B070FD1042A0DD310C82C
:1009700008C9121F9C42F8D020BA19BA884201D97E
:10098000012010BD4FF0FF3010BD1AB1D30703D0C6
:10099000521C07E0002010BD10F8013B11F8014B7C
:1009A0001B1B07D110F8013B11F8014B1B1B01D198
:1009B000921EF1D1184610BD02F0FF0343EA032254
:1009C00042EA024200F005B87047704770474FF0A6
:1009D00000020429C0F0128010F0030C00F01B800C
:1009E000CCF1040CBCF1020F18BF00F8012BA8BF1A
:1009F00020F8022BA1EB0C0100F00DB85FEAC17CDE
:100A000024BF00F8012B00F8012B48BF00F8012B90
:100A100070474FF0000200B51346944696462039C1
:100A200022BFA0E80C50A0E80C50B1F12001BFF4A7
:100A3000F7AF090728BFA0E80C5048BF0CC05DF80D
:100A400004EB890028BF40F8042B08BF704748BF5B
:100A500020F8022B11F0804F18BF00F8012B7047CF
:100A6000014B1B68DB6818470000002009480A4951
:100A70007047FFF7FBFFFFF745FB00BD20BFFDE719
:100A8000064B1847064A1060016881F308884068E1
:100A900000470000000B0000000B000017040000DE
:100AA000000000201EF0040F0CBFEFF30881EFF3ED
:100AB0000981886902380078182803D100E0000015
:100AC000074A1047074A12682C3212681047000084
:100AD00000B5054B1B68054A9B58984700BD0000B0
:100AE0007703000000000020F00A0000040000006E
:100AF000001000000000000000FFFFFF0090D00386
:10100000B00F002021AE010065B0000087AD0100E7
:1010100065B0000065B0000065B000000000000091
:10102000000000000000000000000000ADAE010064
:1010300065B000000000000065B0000065B0000071
:1010400015AF01001BAF010065B0000065B00000E6
:1010500065B0000065B0000065B0000065B000003C
:1010600021AF010065B0000065B0000027AF0100AE
:1010700065B000002DAF010033AF010039AF0100B2
:1010800065B0000065B0000065B0000065B000000C
:1010900065B0000065B0000065B0000065B00000FC
:1010A00065B000003FAF010065B0000065B0000012
:1010B00065B0000065B0000065B0000065B00000DC
:1010C00045AF010065B0000065B0000065B00000EC
:1010D00065B0000065B0000065B0000065B00000BC
:1010E00065B0000065B0000065B0000065B00000AC
:1010F00065B0000065B0000065B0000065B000009C
:1011000065B0000065B0000000F002F819F077FE4D
:101110000AA090E8000C82448344AAF10107DA4552
:1011200001D119F06CFEAFF2090EBAE80F0013F00E
:10113000010F18BFFB1A43F00103184770A201000A
:1011400090A201000A4410F8014B14F00F0508BFEB
:1011500010F8015B240908BF10F8014B6D1E05D083
:1011600010F8013B6D1E01F8013BF9D1641E03D05C
:10117000641E01F8015BFBD19142E4D3704700008B
:101180000023002400250026103A28BF78C1FBD890
:10119000520728BF30C148BF0B6070471FB500F031
:1011A00003F88DE80F001FBD19F026BE70B51B4C6B
:1011B00005460A202070A01C00F0D7F85920A08016
:1011C00029462046BDE8704006F0FEBE06F00CBF82
:1011D00070B50C461249097829B1A0F160015E2969
:1011E00008D3012013E0602804D0692802D043F21C
:1011F00001000CE020CC0B4E94E80E0006EB8000C2
:10120000A0F58050241FD0F8806E2846B04720609B
:1012100070BD0120704706207047000008000020C4
:101220001800002074AF01003249884201D2012029
:1012300070470020704770B50446A0F500002E4EA0
:10124000B0F1786F02D23444A4F5000429488442F6
:1012500001D2012500E0002500F043F848B125B98E
:10126000B44204D32548006808E0012070BD002086
:1012700070BD002DF9D1B442F9D321488442F6D291
:10128000F3E710B50446A0F50000B0F1786F03D283
:1012900019480444A4F5000400F023F84FF08041FD
:1012A00030B11648006804E08C4204D2012003E00B
:1012B00013488442F8D2002080F0010010BD10B520
:1012C00020B1FFF7DEFF08B1012010BD002010BDE6
:1012D00010B520B1FFF7AFFF08B1012010BD00200D
:1012E00010BD084808490068884201D101207047B4
:1012F0000020704700C00100000000201C000020FA
:101300000800002058000020BEBAFECA10B50446EE
:101310000021012000F041F800210B2000F03DF8F1
:101320000021082000F039F80421192000F035F8D8
:1013300004210D2000F031F804210E2000F02DF8DA
:1013400004210F2000F029F80421C84300F025F8FB
:101350000621162000F021F80621152000F01DF8C6
:101360002046FFF723FF002010BDCC2101807047ED
:10137000FFF72CBF1148704710487047104A10B54E
:1013800014680F4B0F4A08331A60FFF721FF0C480F
:10139000001D046010BD704770474907090E002802
:1013A00004DB00F1E02080F80014704700F00F002B
:1013B00000F1E02080F8141D7047000003F900429E
:1013C000100502400100000130B5FF4D0446062C17
:1013D000A9780ED2DFE804F0030E0E0E0509FFDF38
:1013E00008E0022906D0FFDF04E0032902D0FFDF76
:1013F00000E0FFDFAC7030BDF34810B5407E41081F
:10140000F14800F11A0005D00DF043FBBDE8104093
:1014100006F07ABC0DF024FBF8E730B50446A1F1E4
:1014200020000D460A2847D2DFE800F005070C1916
:10143000202532373C41FFDF3FE0207820283CD197
:10144000FFDF3AE0E0488078052836D0207824286D
:1014500033D0252831D023282FD0FFDF2DE020786E
:1014600022282AD0232828D8FFDF26E02078222827
:1014700023D0FFDF21E0207822281ED024281CD092
:1014800026281AD0272818D0292816D0FFDF14E0E4
:101490002078252811D0FFDF0FE0207825280CD0F8
:1014A000FFDF0AE02078252807D0FFDF05E020785D
:1014B000282802D0FFDF00E0FFDF257030BD1FB518
:1014C0000022ADF800200C88ADF802404B88ADF842
:1014D0000430CA88ADF808208988ADF806100021CC
:1014E000ADF80A10ADF80C1080B14FF6FF70062170
:1014F000844201D1ADF80210834201D1ADF804104D
:10150000824203D14FF44860ADF8080068460DF000
:10151000BEFB06F0F9FB04B010BD70B514460D46D5
:101520000646FFF788FE60B90DB1A54201D90C202F
:1015300070BD002409E000BF56F82400FFF77BFED1
:1015400008B1102070BD641CE4B2AC42F4D300209A
:1015500070BD2DE9F04105461F4690460E46002419
:101560000068FFF7B5FE30B9A98828680844401E16
:10157000FFF7AEFE10B11020BDE8F081286800280A
:10158000A88802D0B84202D850E00028F4D0092040
:10159000F2E72968085DB8B1671CCA5D152A2ED02C
:1015A0003CDC152A3AD2DFE802F039122222282840
:1015B0002A2A313139393939393939393939220019
:1015C000085D30BB641CA4B2A242F9D833E0022803
:1015D000DDD1A01C085C88F80000072801D2400774
:1015E00001D40A20C8E7307840F0010015E0C1437B
:1015F000C90707E0012807D010E00620BCE7010773
:10160000A1F180510029F5D01846B5E7307881075F
:1016100001D50B20B0E740F0020030702868005D73
:10162000384484B2A888A04202D2B0E74FF44853AD
:1016300082B2A242ADD800209EE710B502785408CD
:1016400009D0012243F20223012C07D0022C0DD035
:10165000032C13D10FE00020087005E080790324EB
:10166000B4EB901F0AD10A70002010BD8079B2EB54
:10167000901F03D1F7E780798009F4D0184610BD98
:1016800008B500208DF800004F4890F8221051B1A5
:1016900090F8230002280FD003280FD0FFDF00BFEF
:1016A0009DF8000008BD48486946193001F0C6F9A8
:1016B0000028F5D0FFDFF3E7032000E001208DF8DC
:1016C0000000EDE738B50C460546694601F0B6F96D
:1016D00000280DD19DF80010207861F3470020709C
:1016E00055F8010FC4F80100A888A4F805000020EF
:1016F00038BD38B51378C0B1022816D033A46D4672
:10170000246800944C7905EB9414247864F347031F
:10171000137003280ED003F0FE0010700868C2F8A2
:1017200001008888A2F8050038BD23F0FE0313707D
:101730000228EED1D8B240F00100EEE702210EF00F
:10174000BDBC38B50C460978222901D2082038BD25
:10175000ADF800008DF8022068460DF0D9F906F0CA
:10176000D3FA050003D121212046FFF756FE284673
:1017700038BD1CB500208DF80000CDF80100ADF893
:101780000500114890F82200022801D0012000E055
:1017900000208DF8070068460DF024FA002800D0DC
:1017A000FFDF1CBD2DE9FF478CB00025BDF834607C
:1017B00082461C4690468DF81C50700703D5606821
:1017C000FFF739FD90B903E0A00100200302FF01FB
:1017D000FE4F4FF0010997F8220058B197F8230007
:1017E000022807D16068FFF773FD18B1102010B010
:1017F000BDE8F087300702D5A089802815D870078A
:1018000004D4B8F1000F01D0387E70B1E07DC0F390
:1018100000108DF81B00617D072041B1012906D021
:101820000229E4D00429E2D117E00720DFE78DF890
:1018300017908DF819908DF81580606878B107A918
:10184000FFF7FBFE0028D2D1606850F8011FCDF8E9
:101850000F108088ADF8130005E00620C7E7CDF82B
:101860000F50ADF81350E07B0028F6D1207C002803
:10187000F3D1607C0028F0D1A07C0028EDD1E07C81
:10188000C006EAD18DF800A0BDF83400ADF8020022
:10189000A0680190A0680290CDA0D0E90010CDE929
:1018A0000A10E07C0AA901EB501000788DF80C00BA
:1018B000FFF7E6FE8DF80D009DF81C008DF80E0078
:1018C0008DF818508DF816508DF81A5009A96846F1
:1018D0000DF02CFA06F018FA89E7F0B58FB0002465
:1018E0008DF830408DF814408DF8344006468DF860
:1018F0002840019402940394049419B10FC901ADD6
:1019000085E80F00B14DA878052801D004280CD136
:1019100001986968884200D120B90398E968884233
:1019200003D110B108200FB0F0BD1F273B460DAA10
:1019300005A903A8FFF70DFE0028F4D13B460AAA2B
:101940000CA901A8FFF705FE0028ECD19DF81400B2
:10195000C00701D00A20E6E7A88A410708D4A97D7C
:1019600031B19DF82810890702D043F20120DAE74F
:101970009DF82810C90709D0400707D4288818B156
:1019800044F25061884201D90720CCE78DF8184015
:101990008DF81960BDF80800ADF81A00019807909D
:1019A00006A80DF0CEF906F0AFF90028BBD18DF8EE
:1019B00020408DF82160BDF81000ADF8220003989A
:1019C000099008A80DF0DFF906F09EF90028AAD1C9
:1019D00001AC2D1D94E80F0085E80F000020A2E760
:1019E00070B50646FFF7AAFE054606F06FFB040039
:1019F00000D1FFDF6680207820F00F00801C20F0EF
:101A0000F000203020700320207295F83E006072B4
:101A1000BDE8704006F05EBB2DE9F04385B00400E0
:101A200000D1FFDF2078694E20F00F00801C20F0ED
:101A3000F0007030207060680178C91F14292AD224
:101A4000DFE801F04DF3290AF3F33AF2292966F2AF
:101A5000F2F129F2F2F0EFF286883046FFF76EFEDF
:101A60000546304608F0BDF8C0B16068807985F859
:101A70003E0021212846FFF7D0FC304603F0FAF95A
:101A8000304604F0ADFB3146012012F047F9A87F43
:101A900020F01000A87705B0BDE8F083207820F092
:101AA000F00020302070032020726680606880790A
:101AB000607206F00FFBDCE785882846FFF73EFEE4
:101AC00000B9FFDF60688078012800D0FFDF606820
:101AD000817905B02846BDE8F04308F04ABA868807
:101AE0003046FFF72BFE050000D1FFDF06F0F2FACB
:101AF00060683146C08828816068008968816068B4
:101B00004089A881012012F009F90020A875C2E7D8
:101B1000807828B10228BED03C28BCD0FFDFBAE7CD
:101B200006F0D8FA6568A879AD1C00B9FFDFF77830
:101B3000B5F80290B046384606F05FF8060000D1CE
:101B4000FFDF0022022148460EF0AFFA040000D168
:101B5000FFDF22212046FFF760FCA17F012060F318
:101B60000101A177298B2181698B6181A98BA181D9
:101B700084F822708DF80800B0680090F068019039
:101B80006A46032148460EF090FA00B9FFDFB0889C
:101B9000ADF81000B0788DF8120004AA052148466F
:101BA0000EF083FA00B9FFDFB088ADF80C00F078D2
:101BB0008DF80E0003AA042148460EF076FA00B90B
:101BC000FFDF062105F1120006E00000A001002061
:101BD000070605040302010000F04DFF30B36879E9
:101BE000800700D5FFDF6979E07D61F34700E0758C
:101BF000D5F80600A0616889A083062105F10C00D4
:101C000000F039FFE0B198F819104A08617862F3E2
:101C100047016170D8F81A10C4F80210B8F81E0015
:101C200017E028E020E033E02DE017E0E07D20F031
:101C3000FE00801CE075D5F81200A061E88ADBE7A1
:101C4000607820F0FE00801C6070E868C4F8020034
:101C5000288AE0800320FFF7B7FB1CE705B0204689
:101C6000BDE8F04301F092BC06F034FA16F8240FF8
:101C700040F0020005E006F02DFA16F8240F40F0BF
:101C80000400307007E705B0BDE8F04306F022BA63
:101C9000B178052909D00429DFD106F01BFA02200A
:101CA00005B0BDE8F043FFF78FBB80780028D4D0A3
:101CB000F07800F0AAFE06F00DFA0320F0E72DE917
:101CC000F047054600780027000991460C463E463D
:101CD000012871D0022870D007280AD00A286DD0B8
:101CE000FFDF00BFA9F800600CB1278066800020EC
:101CF0007EE5D5F804C0DFF8448804F108009CF8BC
:101D000000204FF0010AD21F4FF6FF71142A76D23D
:101D1000DFE802F00AF9F9F9F9F9F91DF9F926C035
:101D2000889DF91061D476EE12271026BCF80400C5
:101D30002146F3E01C270A26ECB3BCF80200A08081
:101D4000686800792072686840796072CAE71B276A
:101D5000092684B30320207268684088A080C1E708
:101D60009CF802103C29BDD010272C260CF1020C47
:101D70000CB3BCF80210A180BCF818106182BCF84A
:101D800018102182BCF81A10A182BCF81C10E18244
:101D90009CF8053002460CF106011846FFF7A9FC35
:101DA0009CF8040001289DD184F80FA00020207623
:101DB00008F1040003E00BE0A8E0B2E0EAE090E8FC
:101DC0000E00D8F81000C4E90930C4E9071289E709
:101DD000A9F800608BE720271126002CF8D0A180FD
:101DE000686804F10A02807820726868807A6072FC
:101DF00069680B1DC8781946FFF77BFC72E782E023
:101E000021270A26002CE3D0BCF80200A0806868D5
:101E10000079207268684079607298F8241021F087
:101E2000040162E022270B26002CD1D0BCF804006C
:101E3000A0806868807820726868807900F02AFE47
:101E400060726868C07900F025FEA0724AE7262714
:101E50001C26002CBCD0A1806868C07860726868BD
:101E60008079A07208F1040090E80E00D8F8100004
:101E7000C4E90530C4E90312686880783C2803D0BF
:101E8000432804D0FFDF2DE784F808A02AE70220CA
:101E9000207227E724271026002C99D0BCF80200D6
:101EA000A0806868007920816868007A608168682D
:101EB000C088A08168684089E08113E72327102645
:101EC000002C85D0BCF80200A08068688088208142
:101ED0006868C088608168680089A08168684089F6
:101EE000E08198F8241021F0020188F82410F9E626
:101EF0002F272A26002C86D0A18069682222891CDF
:101F00000BF017FAEEE64A46214644E0287A02280A
:101F100001D0FFDFE6E612271026688800F098FD62
:101F2000E0E6287AB0B3012835D0022833D0032860
:101F300001D0FFDFD6E611270926002C8AD0B5F89C
:101F400002804046FFF7FAFB90F822A0A4F8048034
:101F5000687A2072042140460EF0C2F805214046FE
:101F60000EF0BEF8002140460EF0BAF801214046BE
:101F70000EF0B6F8032140460EF0B2F802214046BA
:101F80000EF0AEF8062140460EF0AAF8504600F0DA
:101F90003CFDA7E6FFE72846BDE8F04701F02CBC72
:101FA00070B5012801D0FFDF70BD8DB22846FFF764
:101FB000C5FB040000D1FFDF20782128F4D006F013
:101FC00085F880B1017821F00F01891C21F0F00122
:101FD000103101700221017245800020A075BDE81A
:101FE000704006F077B821462846BDE870401322BD
:101FF000FFF7A7BB2DE9F04116460C00804600D143
:10200000FFDF307820F00F00801C20F0F00010304F
:1020100030702078022802D0FFDFBDE8F081404612
:10202000FFF78CFB050000D1FFDFA1884FF6FF70A2
:102030000027814202D1E288824203D0814201D14D
:10204000E08840B106F046F894E80F00083686E8CC
:102050000F00AF75E1E7A87D0128DED178230022CB
:10206000414611F0B1FD0220A875D6E738B5054606
:102070000C460846FFF7DFF8A8B9242D31D006DC5E
:10208000202D0AD0212D0AD0222D04D124E0252D87
:102090001BD03F2D2DD0072038BD062038BD6068ED
:1020A000FFF70DF908B1102038BD618820886A4615
:1020B0000CF0E1FF05F028FE0028F5D16168002949
:1020C000F2D0BDF800200A8038BDA07800F00101F0
:1020D00020880DF001F808E02068BDE8384001F0E4
:1020E000C0BD618820880CF05FFFBDE8384005F076
:1020F0000BBE207800F001008DF8000068460CF05F
:10210000BDFD05F001FE38BD70B505460C4608461C
:10211000FFF7B7F808B1102070BD202D07D0212D92
:102120000DD0222D0BD0252D09D0072070BD208881
:10213000A11C0CF03CFDBDE8704005F0E5BD06209B
:1021400070BDFE481930704708B528220021FB48B1
:102150000BF019F90120FFF737F9F84968461A31F1
:1021600005F04AFFF5489DF80020417E62F34701E3
:1021700021F001014176002180F822104FF46171B5
:102180000184022180F82310FFF736F900B1FFDF48
:1021900000F0AEFC01F0CCF908BD10B50C464022B1
:1021A000002120460BF0EFF8A07F20F00300A0777D
:1021B000202020700020A07584F8230010BD7047F7
:1021C0002DE9FC410746FFF736F810B11020BDE8B5
:1021D000FC81DA4E06F11901D6F819000090B6F824
:1021E0001D50ADF80450F47F8DF806403846FFF7D7
:1021F00069FA0028EBD1FFF7FFF80028E7D0009933
:1022000046F8191FB580B471E1E710B50446FFF731
:1022100038F808B1102010BDC848C8492246407E91
:102220001A314008FFF765FA002010BD3EB504469C
:102230000D460846FFF725F808B110203EBD14B141
:1022400043F204003EBDBD488078052803D0042831
:1022500001D008203EBD694602A80BF01AFB2A46B1
:1022600069469DF80800FFF744FA00203EBDFEB520
:102270000D4604004FF0000711D00822FFF74DF97A
:10228000002811D1002608E054F826006946FFF71F
:10229000D4F9002808D1761CF6B2AE42F4D30CF083
:1022A00037FB10B143F20320FEBDA44E3776FCB1DC
:1022B00000271AE054F8270002A9FFF7BEF900B181
:1022C000FFDF9DF808008DF8000054F8270050F853
:1022D000011FCDF801108088ADF8050068460CF0AC
:1022E0003CFB00B1FFDF7F1CFFB2AF42E2D335768B
:1022F0000020FEBD2DE9F0478AB01546894604004E
:102300001DD00F4608222946FFF707F9002810D1F3
:10231000002612E054F826006946103000F08EFBCB
:10232000002806D13FB157F82600FEF784FF10B110
:1023300010200AB0DCE4761CF6B2AE42EAD30026E6
:10234000A5F101081CE000BF06F1010A0AF0FF0731
:1023500012E000BF54F82600017C4A0854F8271008
:102360000B7CB2EB530F05D10622113011310AF06C
:10237000B3FF58B17F1CFFB2AF42EBD30AF0FF06A8
:102380004645E1DB4E4624B1012003E043F205203F
:10239000CFE700200CF000FB10B90CF009FB10B1E6
:1023A00043F20420C5E75CB300270DF1170825E0D0
:1023B00054F827006946103000F040FB00B1FFDF01
:1023C00054F82700102250F8111FCDF80110808812
:1023D000ADF8050054F827100DF107000AF0A9FF29
:1023E00096B156F82710102240460AF0A2FF684620
:1023F0000CF098FA00B1FFDF7F1CFFB2AF42D7D3D9
:10240000FFF7B7F9002094E7404601F01EFCEEE725
:1024100030B585B00446FEF70EFF18B96068FEF7C8
:1024200057FF10B1102005B030BD60884AF2B811D6
:10243000884206D82078414D28B1012806D00228CC
:1024400004D00720EFE7FEF7D7FF18E060780228F6
:1024500004D0032802D043F20220E4E785F82300E9
:10246000C1B200200090ADF8040002292CD003294D
:1024700027D0FFDF68460CF00CFB05F045FC002878
:10248000D1D1606801F0D4FB207858B101208DF8DB
:1024900000000DF1010001F0D8FB68460CF075FE5C
:1024A00000B1FFDF207885F82200FFF762F960882D
:1024B00060B1288480B20CF067FA00B1FFDF002021
:1024C000B1E78DF80500D5E74020FAE74FF46170D9
:1024D000EFE710B50446FEF7D4FE20B9606838B1C6
:1024E000FEF7EDFE08B1102010BD606801F0ADFBF5
:1024F000124830F8201F6180C178617080782070A8
:10250000002010BD2DE9F843144689460646FEF723
:10251000B8FEB8B94846FEF7DBFE98B92046FEF78C
:10252000D7FE78B9054DA878012800D154B131788B
:10253000FF2909D061B143F2040001E0A0010020AD
:10254000BDE8F8831020F8E7012801D00420F4E763
:10255000CCB3052811D004280FD06946204600F0DE
:10256000A4FA0028E9D1217D49B1012909D0022925
:1025700009D0032909D00720DFE70820DDE702465C
:1025800004E0012202E0022200E00322804623460A
:10259000174600200099FFF705F90028CDD1A08942
:1025A0002880A07BE875BDF80000A882AF75BDF853
:1025B0000010090701D5A18931B1A1892980C0077F
:1025C00004D0032003E006E08021F7E70220FEF7B5
:1025D000FBFE86F800804946BDE8F8430020FFF77F
:1025E0007CB92DE9FC41FF4C06460D46A078022837
:1025F00003D0032801D00820E9E516B143F2040016
:10260000E5E506200DF00EFD10B9A078032849D0AD
:102610000FF07CFC074610F0DBFE381A00F0FF08D4
:1026200006200DF0F7FC074606200DF0FBFC391ADA
:10263000A078042809D000221144A8EB010111F070
:10264000FF0F04D0032804D00DE00122F4E713208B
:10265000BDE5284605F0D1FA10B3407810B32846FE
:1026600005F0D6FDE570FFF70BF80BF054F80120EC
:102670008DF800008DF801008DF802602088ADF81B
:102680000400E07D8DF8060068460CF050FC05F073
:102690003BFB0028B0D1A078032805D0042010E02F
:1026A000052094E5122092E5E07805F0A6FA0400F2
:1026B00000D1FFDF607800B9FFDF6078401E6070F6
:1026C0000520FEF781FE002081E51CB510B143F224
:1026D00004001CBDC34CA078042803D0052801D0F9
:1026E00008201CBD00208DF8000001218DF801108C
:1026F0008DF8020068460CF01AFC05F005FB002876
:10270000EFD1A078052805D05FF00200FEF75CFE4F
:1027100000201CBDE07800F078F90320F6E72DE9F1
:10272000FC4180460D4603260846FEF7D1FD08B160
:1027300010204CE54046FFF701F8040004D0207853
:10274000222804D2082042E543F202003FE5A07FA0
:1027500000F003073DB1012F0AD000202946FEF703
:10276000AEFE0600E5D1012F04D0FFDF30462EE596
:102770000120F3E7A07D2946022801D011B107E02E
:10278000112024E5684600F0E7FA0028D1D1694617
:10279000404607F0CEFB0600E8D10120A075E5E732
:1027A00070B50C460546FEF7C9FF010005D022466C
:1027B0002846BDE87040FEF7C4BF43F2020070BD7A
:1027C00010B5012807D1874B9B78012B00D011B1A0
:1027D00043F2040010BD0CF009F9BDE8104005F00B
:1027E00093BA012300F01BB900231A46194600F0E2
:1027F00016B970B5064615460C460846FEF741FD6B
:1028000018B92846FEF73DFD08B1102070BD2A46D4
:10281000214630460CF017FC05F076FA0028F5D179
:1028200021787F29F2D1052070BD7CB505460C4684
:102830000846FEF700FD08B110207CBD2846FEF7D3
:102840007DFF20B10078222804D208207CBD43F20D
:1028500002007CBD634890F82400400701D5112098
:102860007CBD2178C80802D16078C20801D0072059
:102870007CBD890801D1800801D006207CBDADF85F
:10288000005020788DF8020060788DF80300022057
:10289000ADF8040068460BF00FFF05F035FA7CBD7B
:1028A00070B586B014460D460646FEF747FF28B1C0
:1028B0000078222805D2082006B070BD43F202003D
:1028C000FAE72846FEF704FD20B944B12046FEF79A
:1028D000F6FC08B11020EFE700202060A0804148FE
:1028E00090F82400800701D51120E5E703A93046C0
:1028F0000BF01FFF18B100BF05F006FADCE7ADF8DA
:102900000060BDF81400ADF80200BDF81600ADF887
:102910000400BDF81000BDF81210ADF80600ADF8C7
:1029200008107DB1298809B1ADF80610698809B190
:10293000ADF80210A98809B1ADF80810E98809B10D
:10294000ADF80410DCB1BDF80610814201D9081AB7
:102950002080BDF80210BDF81400814201D9081A88
:102960006080BDF80800BDF80410BDF816200144D1
:10297000BDF812001044814201D9081AA0806846AF
:102980000BF074FFB8E770B505460C460846FEF735
:1029900078FC08B1102070BD214628460CF04AF999
:1029A000BDE8704005F0B0B93EB505460C46084696
:1029B000FEF767FC08B110203EBD0020009001909A
:1029C0000290ADF800502089ADF8080020788DF80D
:1029D0000200606801902089ADF808006089ADF8B8
:1029E0000A0001E0A001002068460CF031F905F072
:1029F0008BF93EBD0EB5ADF8000000200190684691
:102A00000CF026F905F080F90EBD10B505F0F5F8CB
:102A1000040000D1FFDF6078401C607010BD1CB561
:102A2000ADF800008DF802308DF803108DF8042009
:102A300068460CF0D7FA05F067F91CBD0278520819
:102A400004D0012A02D043F202207047FEF7F5BD00
:102A500070B50C0006460DD0FEF770FE050000D1E3
:102A6000FFDFA68028892081288960816889A0816C
:102A7000A889E08170BD10B500231A4603E0845C8C
:102A80002343521CD2B28A42F9D30BB1002010BDAD
:102A9000012010BD00B530B1012803D0022801D0BB
:102AA000FFDF002000BDFF2000BD00220A8092B29F
:102AB00022F060020A800078062817D2DFE800F0D2
:102AC000160306090C1142F0110007E042F01D0048
:102AD00009E042F0150006E042F0100040F002006C
:102AE00001E042F010000880002070470720704786
:102AF000FD48002101604160018170472DE9FF4FD1
:102B000093B09B46209F160004460DD01046FEF75A
:102B100092FB18B1102017B0BDE8F08F31460120AC
:102B2000FEF7CDFC0028F6D101258DF842504FF478
:102B3000C050ADF84000002210A9284603F016FE50
:102B40000028E8D18DF84250A8464FF428500025BF
:102B5000ADF840001C222946684607950AF013FC90
:102B60009DF81C000DF11C0A20F00F00401C20F005
:102B7000F00010308DF81C0020788DF81D00617871
:102B80009DF81E000DF1400961F3420040F0010084
:102B90008DF81E009DF8000008AA40F002008DF894
:102BA00000002089ADF83000ADF832506089ADF8F2
:102BB0003400CDF82CA060680E900AA9CDF82890BA
:102BC000684603F0C8FB0028A5D16068FEF777FBD4
:102BD00040B16068FEF77CFB20B9607800F003002C
:102BE000022801D0012000E00020BF4C08AA0AA959
:102BF0002072BDF8200020808DF8428042F601202E
:102C0000ADF840009DF81E0020F00600801C20F06A
:102C100001008DF81E000220ADF83000ADF8340040
:102C200014A80E90684603F096FB002889D1BDF8E1
:102C30002000608036B1211D304600F059F900288F
:102C4000C2D109E0BBF1000F05D00AF017F9E8BBCB
:102C50000AF014F9D0BBA58017B1012F43D04AE088
:102C60008DF8428042F6A620ADF8400046461C2270
:102C70000021684607950AF086FB9DF81C00ADF818
:102C8000346020F00F00401C20F0F00010308DF870
:102C90001C009DF81D0020F0FF008DF81D009DF820
:102CA0001E0020F0060040F00100801C8DF81E0080
:102CB0009DF800008DF8446040F002008DF800009F
:102CC000CDE90A9AADF8306011A800E011E00E904D
:102CD00008AA0AA9684603F03EFB0028A6D1BDF861
:102CE0002000E08008E00AF0C9F810B90AF0C6F840
:102CF00008B103200FE7E58000200CE73EB504464D
:102D0000794D0820ADF80000A88828B12046FEF7CC
:102D100092FA18B110203EBD06203EBD214601208A
:102D2000FEF7CDFB0028F8D12088ADF804006088BC
:102D3000ADF80600A088ADF80800E088ADF80A00FC
:102D4000A88801AB6A46002103F00CFFBDF8001013
:102D50000829E2D003203EBD7FB5634D0446A88814
:102D600068B1002002900820ADF80800CDF80CD022
:102D70002046FEF760FA20B1102004B070BD062096
:102D8000FBE7A98802AA4FF6FF7004F02DF900288E
:102D9000F3D1BDF80810082901D00320EDE7BDF8F4
:102DA00000102180BDF802106180BDF80410A180E0
:102DB000BDF80610E180E0E701B582B00220ADF871
:102DC0000000494802AB6A464088002103F0CAFE71
:102DD000BDF80010022900D003200EBD1CB5002153
:102DE00000910221ADF800100190FEF74AFA08B1F7
:102DF00010201CBD3C486A4641884FF6FF7004F025
:102E0000F3F8BDF800100229F3D003201CBDFEB575
:102E1000354C06461546207A0F46C00705D00846B1
:102E2000FEF709FA18B11020FEBD0F20FEBDF82DE7
:102E300001D90C20FEBD3046FEF7FDF918BB2088F5
:102E400001A902F08AFF0028F4D130788DF805003E
:102E5000208801A903F064FE0028EBD100909DF8C2
:102E600000009DF8051040F002008DF800000907F1
:102E700003D040F008008DF800002088694603F078
:102E8000ECFD0028D6D1ADF8085020883B4602AAB8
:102E9000002103F067FEBDF80810A942CAD0032044
:102EA000FEBD7CB505460020009001900888ADF875
:102EB00000000C4628460195FEF701FA18B9204695
:102EC000FEF7DFF908B110207CBD15B1BDF8000098
:102ED00060B105486A4601884FF6FF7004F084F837
:102EE000BDF8001021807CBDC80100200C20FAE74D
:102EF00030B5044693B000200D46014600901422E0
:102F000001A80AF040FA1C22002108A80AF03BFAA6
:102F10009DF80000CDF808D020F00F00401C20F0F4
:102F2000F00010308DF800009DF8010006AA20F096
:102F3000FF008DF801009DF8200001A940F002007B
:102F40008DF8200001208DF8460042F60420ADF8EF
:102F5000440011A801902088ADF83C006088ADF8CD
:102F60003E00A088ADF84000E088ADF842009DF832
:102F7000020020F00600801C20F001008DF8020005
:102F80000820ADF80C00ADF810000FA8059008A8B7
:102F900003F0E1F9002803D1BDF8180028800020D3
:102FA00013B030BD0A4810B5046809490948083112
:102FB00008600FF0BEFE0648001D046010BD064903
:102FC000002008604FF0E0210220C1F88002704725
:102FD0001005024001000001FC1F00400548064AA0
:102FE0000168914201D1002101600449012008607B
:102FF0007047000058000020BEBAFECA40E50140FC
:103000002CFFFFFFDBE5B15100C00100CC00FFFF4A
:1030100071000000C1CF6A00FEA0D9111C1006C3C8
:1030200089CCFC7A7B3B49141906A8C010B504462C
:10303000FEF701F908B1102010BD2078C0F302108E
:10304000042807D86078072804D3A178102901D86C
:10305000814201D2072010BDE078410706D42179D2
:103060004A0703D4000701D4080701D5062010BD84
:10307000002010BD70B514460D46064605F026F832
:1030800080B10178182221F00F01891C21F0F00194
:10309000A03100F8081B21460AF04BF9BDE870404A
:1030A00005F018B829463046BDE870401322FEF7F7
:1030B00048BB2DE9F047064608A8904690E8300442
:1030C00089461F461422002128460AF05CF9002197
:1030D000CAF80010B8F1000F03D0B9F1000F03D106
:1030E00014E03878C00711D02068FEF7CAF8C0BBDA
:1030F000B8F1000F07D12068123028602068143022
:1031000068602068A8602168CAF8001038788007D5
:1031100024D56068FEF7D3F818BBB9F1000F21D0B1
:10312000FFF70FF80168C6F868118188A6F86C11DE
:10313000807986F86E0101F034FAF84FEF6062682A
:1031400062B196F8680106F2691140081032FEF784
:10315000D0FA1022394660680AF0EBF80020BDE88A
:10316000F08706E0606820B1E8606068C6F8640136
:10317000F4E71020F3E730B5054608780C4620F058
:103180000F00401C20F0F001103121700020607011
:1031900095F8230030B104280FD0052811D0062857
:1031A00014D0FFDF20780121B1EB101F04D295F875
:1031B000200000F01F00607030BD21F0F0002030D2
:1031C00002E021F0F00030302070EBE721F0F00059
:1031D0004030F9E7F0B591B0022715460C46064697
:1031E0003A46ADF80870092103AB05F070FD049074
:1031F000002810D004208DF804008DF80170E03410
:10320000099605948DF818500AA968460EF051FCED
:1032100000B1FFDF012011B0F0BD2DE9F84F0646E7
:10322000808A0C4680B28246FEF788FA0546BB4F7C
:103230003078203F4FF002094FF000080F287CD271
:10324000DFE800F07BA39D082C5B6A7CBADAFD976F
:1032500048979700012150460CF030FF040000D140
:10326000FFDF97F85C00C00701D0386E0BE0032148
:1032700004F11D0010F06BFAD4F81D00A849B0FB52
:10328000F1F201FB1200C4F81D0070686067B068BD
:10329000A0672878252872D0FFDF70E00121504612
:1032A0000CF00CFF060000D1FFDF3078810702D55B
:1032B0002978252904D040F001003070BDE8F88F4E
:1032C00084F80090307F207106F11D002D36C4E98E
:1032D0000206F3E7012150460CF0F0FE050000D194
:1032E000FFDF2878C10604D5072020703D356560D2
:1032F000E4E740F008002870E0E7E87F000700D529
:10330000FFDF307CB28800F0010301B05046BDE819
:10331000F04F092106F06FBD05B9FFDF716821B1DB
:10332000102205F124000AF004F828212846FEF7AF
:1033300074F8307A85F82000C0E7F7E001215046A4
:103340000CF0BCFE050000D1FFDF022105F1850075
:1033500010F0FDF90420207005F5B4706060B5F838
:10336000850020826D4810387C356561C4E90270A3
:10337000A4E7012150460CF0A1FE00B9FFDF324660
:1033800029465046BDE8F84F74E605B9FFDF2878B6
:10339000212893D93079012803D1E87F40F0080033
:1033A000E877324629465046FFF764FE2846BDE8D6
:1033B000F84F2321FEF731B83279A28004F10803D7
:1033C0000921504605F083FCE06010B10520207013
:1033D00074E74546012150460CF070FE040000D110
:1033E000FFDF04F1620102231022081F0CF0FFFC32
:1033F00005703179417061E7012150460CF05EFEA5
:10340000040000D1FFDF94F8840000F003000128DD
:1034100059D1E87F10F0010003D194F8A010C9073A
:103420002AD0D4F8602132B394F88330117C63F34E
:1034300087011174AA7FD30963F3410100E071E0B1
:10344000D4F860211174D4F8602160F30001117484
:1034500090B1D4F86001102205F12401883409F0FC
:1034600068FF207E40F001002076207820F00100E7
:1034700004F8880919E0C0B994F88810C90714D075
:10348000D4F85C218AB194F88330117C63F387010E
:103490001174AA7FD309D4F85C2163F3410111743C
:1034A000D4F85C2160F30001117494F8880080075F
:1034B00009D594F87C00D4F86421400804F17D011A
:1034C0001032FEF716F98DF8009094F884006A46E1
:1034D00000F003008DF8010094F888108DF80210B8
:1034E00094F8A0008DF803002946504601F042F8F8
:1034F0002878252805D0212807D0FFDF2878222822
:1035000003D922212846FDF788FF012150460CF0FF
:10351000E7FD00283FF4DDAEFFDFCFE6F401002039
:1035200040420F00716881F80180C7E6FFDFC5E601
:1035300070B5FE4C002584F85C5025660EF085FAC7
:1035400004F11001204604F07DFD84F8305070BD78
:1035500070B50D46FEF7F2F8040000D1FFDF4FF41E
:10356000B8720021284609F00EFF2434012105F12C
:10357000E0002C610EF06AFA002800D0FFDF70BD79
:103580000A46014602F1E0000EF081BA70B5054628
:10359000406886B00178082906D00B2933D00C2961
:1035A0002FD0FFDF06B070BD46883046FEF7C6F864
:1035B000040000D1FFDF20782128F3D028281BD178
:1035C000686802210C3000F0A0FFA8B168680821EB
:1035D000001D00F09AFF78B104F1240130460BF091
:1035E000A8FC04F091FB00B1FFDF06B02046BDE867
:1035F00070402921FDF711BF06B0BDE8704004F00E
:1036000069BD01218171686886883046FEF796F8A9
:10361000040000D1FFDF20782128C3D068688179B9
:1036200009B1807808B1FFDFBCE704F053FDA07F4B
:10363000000622D5E07FC00705D094F8200000F0F6
:103640001F00102817D0052084F82300207829288F
:1036500015D02428A6D13146042010F05FFB22218A
:103660002046FDF7DAFE012130460CF039FD002836
:1036700098D0FFDF96E70620E6E70420E4E7012183
:1036800030460CF01BFD050000D1FFDF2521204650
:10369000FDF7C3FE03208DF80000694605F1E00048
:1036A0000EF0ECF90228BFD00028BDD0FFDF79E78B
:1036B0002DE9F04788B09A46164688468146FEF7BF
:1036C0003DF805003AD02878222837D3232835D072
:1036D000E87F000732D40027012148460CF0EEFCB9
:1036E000040005D10121002248460CF0DEFC04460E
:1036F000694600F066FF009800B9FFDF00983CB112
:10370000E03404612878222804D0242802D005E07F
:10371000076103E025212846FDF77FFE009801217F
:103720004170C0F824908680C0E9028A01A90EF099
:10373000C0F9022802D0002800D0FFDF08B00EE553
:1037400070B586B00546FDF7F9FF0078222814D938
:10375000012128460CF0B2FC04002CD1FFDF2AE046
:10376000B4F85E0004F1620630440178427829B171
:1037700021462846FFF72EFDB0B913E7ADF8042027
:103780000921284602AB05F0A2FA03900028F4D0E4
:1037900005208DF80000694604F1E0000EF06EF996
:1037A000022801D000B1FFDF02231022314604F1CC
:1037B0005E000CF052FBB4F860000028D0D1F1E6B6
:1037C00010B586B00446FDF7B9FF0078222811D95C
:1037D000012120460CF072FC040000D1FFDF06201E
:1037E0008DF80000694604F1E0000EF047F900286A
:1037F00000D0FFDF06B010BD2DE9F84F0546007878
:103800000C460027010904F1080090463E46BA46DE
:10381000009002297ED0072902D00A2909D142E06E
:1038200068680178082905D00B292CD00C292AD0EA
:10383000FFDF72E114271C26002C6CD04088A0808A
:10384000FDF77CFF5FEA000900D1FFDF99F8170060
:1038500009F118014008009AFDF74BFF686880895C
:10386000208268684168C4F812108068C4F81600A5
:10387000A07E20F0060040F00100A07699F81E001E
:1038800040F020014FE01A270A26002CD5D080886E
:10389000A080FDF753FF050000D1FFDF2846009907
:1038A000FFF769FC39E10CB1A88BA080287A4FF0B2
:1038B000010B0B287ED006DC01287CD0022808D022
:1038C000032804D137E00D2876D00E2875D0FFDF0D
:1038D00023E11E270926002CAFD0A088FDF72EFF7C
:1038E0005FEA000900D1FFDF287B00F00300012818
:1038F000207A1DD020F001002072297B890861F315
:1039000041002072297BC90861F382002072297B63
:10391000090901E0F7E0AEE061F3C300207299F815
:103920001E0040F0400189F81E10F6E0D40100208E
:1039300040F00100E0E713270D26002CA6D0A08858
:10394000FDF7FCFE81460121A0880CF0B7FB0500C5
:1039500000D1FFDF686F817801F003010129217A2E
:1039600050D021F00101217283789B0863F341015B
:1039700021728378DB0863F38201217283781B094B
:1039800063F3C3012172037863F306112172437854
:1039900063F3C711217284F809A0C178A17202797A
:1039A000E17A62F30001E1720279520862F34101A7
:1039B000E17203E029E067E04EE05FE002799208FF
:1039C00062F38201E1720279D20862F3C301E1720B
:1039D0004279217B62F3000121734279520862F33C
:1039E000410121734279920862F382012173407987
:1039F000C00860F3C301217399F8000023282AD975
:103A0000262139E041F00101ADE71827102694B3D3
:103A1000A088FDF793FE00900121A0880CF04EFBDA
:103A20005FEA000900D1FFDFE868A06099F80000B4
:103A300040F0040189F8001099F80100800708D5CA
:103A400084F80CB000980078232866D927210098C4
:103A500052E084F80CA060E015270F265CB1A08826
:103A6000FDF76CFE81460622E868009909F0E9FC42
:103A700084F80EB085E042E048463DE0162709266E
:103A8000ECB3287B207248E0287B19270E26B4B3BC
:103A9000C4F808A0A4F80CA0012807D0022808D078
:103AA00003280CD004280AD0FFDF15E084F808B002
:103AB00001E002202072607A20F003000BE0697BB5
:103AC000042801F00F0141F080012172F3D1607AE6
:103AD00020F00300401C6072A088FDF72FFE054611
:103AE0000078212819D0232800D0FFDF0121A088E9
:103AF0000CF0F6FA22212846FDF78FFC0DE0FFE7D7
:103B0000A8F800600EE00CB16888A080287A10B395
:103B1000012809D002283AD0FFDFA8F800600CB1D4
:103B200027806680002007E415270F26002CE7D0A9
:103B3000A088FDF703FE0121A0880CF0BFFA050064
:103B400000D1FFDFD5F81D000622009909F079FCAD
:103B500084F80EA0E1E717270926002CD0D0A08812
:103B6000FDF7ECFD81460121A0880CF0A7FA0500C5
:103B700000D1FFDF6878800701D5022000E0012036
:103B8000207299F800002328C7D9272174E7192744
:103B90000E26002CB4D0A088FDF7D0FD5FEA000906
:103BA00000D1FFDFC4F808A0A4F80CA084F808A096
:103BB000A07A40F00300A07299F81E10C90961F3C1
:103BC0008200A07299F81F2099F81E1012EAD11FE6
:103BD00005D099F8201001F01F01102925D020F000
:103BE0000800A07299F81F10607A61F3C300607238
:103BF000697A01F0030101298FD140F0040060725D
:103C0000E87A217B60F300012173AA7A607B62F37A
:103C100000006073EA7A520862F341012173A97AC5
:103C2000490861F34100607377E740F00800D8E786
:103C300010B5F84C30B10146102204F1200009F013
:103C400078FB012084F8300010BD10B5044600F068
:103C5000A8FCF04920461022BDE81040203109F0B0
:103C600068BB70B5EB4D06004FF0000412D0FDF7B5
:103C7000E2FA08B110240BE00621304609F0C8FB37
:103C8000411C04D02866012085F85C0000E0072470
:103C9000204670BD0020F7E7007810F00F0204D036
:103CA000012A05D0022A0CD110E0000909D10AE04E
:103CB0000009012807D0022805D0032803D00428D2
:103CC00001D0072070470870002070470620704719
:103CD00005282AD2DFE800F003070F171F00087835
:103CE00020F0FF001EE0087820F00F00401C20F0BC
:103CF000F000103016E0087820F00F00401C20F093
:103D0000F00020300EE0087820F00F00401C20F07A
:103D1000F000303006E0087820F00F00401C20F062
:103D2000F0004030087000207047072070472DE9F0
:103D3000F043804687B00D464FF000090846FDF776
:103D4000C7FAA8B94046FDF7F9FC060003D0307861
:103D500022280BD104E043F2020007B0BDE8F08353
:103D600035B1B07FC10601D4000703D50820F4E7C0
:103D70001020F2E7F07F000701D50D20EDE70027C6
:103D8000012140460CF09AF9040006D101210022DD
:103D900040460CF08AF9040005D0694600F011FC99
:103DA000009818B901E00420D7E7FFDF009802214E
:103DB000E0344170C0F82480446107810121017121
:103DC000297801F00102017E62F3010101762A786F
:103DD000520862F3820101762A78920862F3C301E5
:103DE00001762A78D20862F3041101762421304644
:103DF000FDF713FB01A900980DF05BFE022801D02E
:103E000000B1FFDF4846A8E72DE9FF4F0E46824983
:103E1000904697B09A4607C914AB4FF0000983E863
:103E200007001798FDF78AFC050006D02878262899
:103E300006D008201BB0BDE8F08F43F20200F9E77E
:103E400026B94046FFF7F2F80028F3D10121179870
:103E50000CF034F9040000D1FFDF852E27D007DCF9
:103E6000EEB1812E1DD0822E1DD0832E08D11CE0F4
:103E7000862E1ED0882E1ED0892E1ED08A2E1ED0B1
:103E80000F2020710F281CD004F020F9D8B1012098
:103E90008DF83400201D0E902079B0B126E100206D
:103EA000EFE70120EDE70220EBE70320E9E705203B
:103EB000E7E70620E5E70820E3E70920E1E70A2035
:103EC000DFE70720B6E71120B4E798F80000D4E94F
:103ED0001D764208A87F002162F3C710A87798F8E2
:103EE00000008208E87F62F30000E87798F800009D
:103EF000C209607862F34100607098F8000002091E
:103F0000207862F34710207098F80000C2086078AB
:103F100062F30000607098F80100607198F800008A
:103F200000F00102B07862F30100B070AA7FD209FC
:103F300062F38200B070EA7F62F3C300B07062780F
:103F400062F30410B0702278C0F3C00052093270DE
:103F50006278C2F34002727098F80220F2707171B8
:103F60003171B978C1F3C00108405FEA000B2ED06F
:103F70005046FDF760F978BBDAF80C00FDF75BF905
:103F800050BBDAF81C00FDF756F928BBDAF80C0034
:103F9000A060DAF81C00E06060787A7842EA5001AC
:103FA00061F341006070B978C0B200EA111161F3A9
:103FB000000060700020207705F117006061681C28
:103FC000A061B07800F00300012806D046E06078D8
:103FD0007A7802EA5001E3E719E0B87800F00300CC
:103FE00001283BD1321D711D404600F099FA31790C
:103FF000387901408DF8281070797A7910408DF861
:10400000300001432AD05046FDF715F930B1102099
:1040100010E70000D4010020E8B001000AF1100010
:1040200004F5AE7304F18C028DE80D0000210AAB9B
:104030005A462046FFF73DF80028E9D104F5B07252
:1040400004F1A403CDF800A0CDE9013201210CABAD
:104050005A462046FFF72DF80028D9D1607880070E
:1040600022D4B078B978C0F38000C1F3800108434E
:104070001AD0307814AA397832F810204B00DA4080
:1040800002F00309B9F1030F01D14FF00209BBF1AE
:10409000000F09D0012801D0042805D1012901D041
:1040A000042901D14FF00409A87F40F08000A877CF
:1040B000E97F6BF30001E9776078800706D503207C
:1040C000A071BBF1000F11D100202CE00220B9F14A
:1040D000020F1AD0B9F1010F19D0B9F1040F2AD08B
:1040E0000020A071A87F20F08000A8772521284615
:1040F000FDF793F90DA904F1E0000DF0BFFC10B13C
:10410000022800D0FFDF002094E6A071DCE7A07158
:104110000D22002104F1200009F035F9207840F04B
:104120000200207001208DF84C0013AA2946179830
:1041300000F020FADAE70120A071D7E72DE9F0437B
:1041400087B09046894604460025FDF7F7FA070038
:1041500004D03878272804D00820FEE543F2020076
:10416000FBE5012120460BF0A9FF040000D1FFDF91
:10417000A6795FEA090005D0012821D0B9F1020F24
:1041800026D110E0B8F1000F22D1012E05D0022E69
:1041900005D0032E05D0FFDF2EE00C252CE00125F5
:1041A0002AE0022528E04046FDF745F8B0B9032E85
:1041B0000ED11022414604F11D0009F0BAF81BE0AF
:1041C000012E02D0022E03D104E0B8F1000F13D06B
:1041D0000720C2E54046FDF72EF808B11020BCE5E7
:1041E0001022002104F11D0009F0CDF806214046FF
:1041F00009F00EF9C4F81D002078252140F00200D6
:1042000020703846FDF709F92078C10713D020F057
:104210000100207002208DF8000004F11D000290C2
:104220008DF804506946C3300DF028FC022803D0F5
:1042300010B1FFDF00E0257700208EE530B587B0B4
:104240000D460446FDF77AFA60B1012120460BF0D5
:1042500035FF04000CD02846FCF7EDFF28B11020F4
:1042600007B030BD43F20200FAE72078400701D4DE
:104270000820F5E7294604F13D002022054609F013
:1042800058F8207840F01000207001070FD520F07A
:104290000800207007208DF80000694604F1E00056
:1042A00001950DF0EBFB022801D000B1FFDF0020EB
:1042B000D6E770B50D460646FDF740FA18B100780E
:1042C000272817D102E043F2020070BD01213046D9
:1042D0000BF0F4FE040000D1FFDFA079022809D121
:1042E0006078C00706D02A4621463046FEF772FFA6
:1042F00010B10FE0082070BDB4F860000E280BD29A
:1043000004F1620102231022081F0BF070FD01214D
:1043100001704570002070BD112070BD70B506465B
:1043200014460D460846FCF786FF18B92046FCF7F0
:10433000A8FF08B1102070BDA6F57F40FF380ED051
:104340003046FDF7FBF938B1417822464B08811C15
:104350001846FDF7CEF907E043F2020070BD204693
:10436000FDF753FF0028F9D11021E01D0FF0EFF900
:10437000E21D294604F1170000F033F9002070BD5A
:104380002DE9F04104468AB015460E46002708463E
:10439000FCF79EFF18B92846FCF79AFF18B11020C9
:1043A0000AB0BDE8F0812046FDF7C8F95FEA0008D1
:1043B00004D098F80000272810D102E043F2020050
:1043C000EEE7012120460BF079FE040000D1FFDF6B
:1043D0002078400702D56078800701D40820DFE705
:1043E000D4E91D01497801B18DB1407800B176B1B1
:1043F000ADB1EA1D06A8E16800F0F3F8102206A9A5
:1044000005F1170008F068FF18B1042707E007203E
:10441000C6E71022E91D04F12D0008F08AFF2EB135
:104420001022F11D04F11D0008F083FF20782521E2
:1044300040F0020020704046FCF7EFFF2078C107F3
:1044400015D020F00100207002208DF8000004F14A
:104450001D000290103003908DF804706946B3304F
:104460000DF00CFB022803D010B1FFDF00E027772E
:10447000002095E770B50D4606460BB1072070BDCC
:10448000FDF75CF9040007D02078222802D3A07F32
:10449000800604D4082070BD43F2020070BDADB1A7
:1044A000294630460AF045FD03F02EFC297C4A08D7
:1044B000A17F62F3C711A177297CE27F61F300023B
:1044C000E277297C890884F8201004E030460AF05D
:1044D00053FD03F019FCA17F21F02001A17770BDED
:1044E00070B50D46FDF72AF9040005D02846FCF703
:1044F000C8FE20B1102070BD43F2020070BD2946F5
:104500002046FEF738FE002070BD04E010F8012BB5
:104510000AB100207047491E89B2F7D201207047C6
:1045200010B5C4780B7864F300030B70C47864088A
:1045300064F341030B70C478A40864F382030B7026
:10454000C478E40864F3C3030B700379117863F350
:104550000001117003795B0863F341011170037965
:104560009B0863F3820111700079C00860F3C301F6
:10457000117010BD70B51546064603F0A7FD040086
:1045800000D1FFDF207820F00F00801C20F0F00029
:104590002030207066802868A060BDE8704003F07D
:1045A00099BD10B5134C94F83000002808D104F1DF
:1045B0002001A1F110000DF0A3FA012084F83000D1
:1045C00010BD10B190F8B9202AB10A4890F8350012
:1045D00018B1002003E0B83001E00648343008602C
:1045E000704708B50023009313460A460BF065FF99
:1045F00008BD0000D4010020F0B5007B059F1E46D9
:1046000014460D46012800D0FFDF0C2030803A20F0
:104610003880002C08D0287A032806D0287B01286F
:1046200000D0FFDF17206081F0BDA889FBE72DE9EE
:10463000F04786B0144691F80C900E9A0D46B9F1E9
:10464000010F0BD01021007B2E8A8846052807D049
:10465000062833D0FFDF06B0BDE8F0870221F2E77D
:10466000E8890C2100EB400001EB4000188033206A
:104670001080002CEFD0E889608100271AE00096B6
:10468000688808F1020301AA696900F086FF06EB59
:104690000800801C07EB470186B204EB4102BDF81D
:1046A000040090810DF1060140460E320DF09EFA95
:1046B0007F1CBFB26089B842E1D8CCE734201080BB
:1046C000E889B9F1010F11D0122148430E3018804A
:1046D000002CC0D0E88960814846B9F1010F00D0B4
:1046E0000220207300270DF1040A1FE00621ECE7E9
:1046F0000096688808F1020301AA696900F04DFF7D
:1047000006EB0800801C86B2B9F1010F12D007EB4E
:10471000C70004EB4000BDF80410C18110220AF16B
:104720000201103008F005FE7F1CBFB26089B8425C
:10473000DED890E707EB470104EB4102BDF8040027
:10474000D0810AF10201404610320DF04FFAEBE73A
:104750002DE9F0470E4688B090F80CC096F80C8012
:10476000378AF5890C20109902F10C044FF0000AE9
:10477000BCF1030F08D0BCF1040F3FD0BCF1070F10
:104780007ED0FFDF08B067E705EB850C00EB4C003F
:10479000188031200880002AF4D0A8F1060000F02B
:1047A000FF09558126E01622002101A808F0EBFD43
:1047B00000977088434601AA716900F0EEFEBDF8CB
:1047C00004002080BDF80600E080BDF808002081CC
:1047D000A21C0DF10A0148460DF008FAB9F1000FCC
:1047E00000D018B184F804A0A4F802A007EB0800D8
:1047F00087B20A346D1EADB2D5D2C3E705EB850C86
:1048000000EB4C00188032200880002ABAD0A8F1B2
:10481000050000F0FF09558137E000977088434696
:1048200001AA716900F0B9FE9DF80600BDF80410F8
:10483000E1802179420860F3000162F341018208BE
:1048400062F38201C20862F3C301020962F3041138
:10485000420962F34511820962F386112171C00990
:104860006071BDF80700208122460DF1090148461C
:104870000DF0BCF918B184F802A0A4F800A000E083
:1048800007E007EB080087B20A346D1EADB2C4D250
:1048900078E7A8F1020084B205FB08F000F10E0CE5
:1048A000A3F800C035230B80002AA6D0558194813F
:1048B000009783B270880E32716900F06EFE61E776
:1048C0002DE9F84F1E460A9D0C4681462AB1607AB2
:1048D00000F58070D080E089108199F80C000C27D9
:1048E0004FF000084FF00E0A0D2872D2DFE800F0FA
:1048F0009D070E1B272F374554697272720021469F
:1049000048460095FFF778FEBDE8F88F207B91467A
:10491000082802D0032800D0FFDF3780302009E0CC
:10492000A9F80A80F0E7207B9146042800D0FFDF39
:10493000378031202880B9F1000FF1D1E4E7207BE6
:104940009146042800D0FFDF37803220F2E7207B39
:104950009146022800D0FFDF37803320EAE7207B32
:104960001746022800D0FFDF3420A6F800A02880D8
:10497000002FC9D0A7F80A80C6E7207B1746042875
:1049800000D0FFDF3520A6F800A02880002FBBD084
:104990004046A7F80A8012E0207B1746052802D07F
:1049A000062800D0FFDF1020308036202880002F1E
:1049B000AAD0E0897881A7F80E80B9F80E00B881F6
:1049C000A2E7207B9146072800D0FFDF3780372001
:1049D000B0E72AE04FF0120018804FF038001700BF
:1049E000288091D0E0897881A7F80E80A7F8108000
:1049F00099F80C000A2805D00B2809D00C280DD0F6
:104A0000FFDF81E7207B0A2800D0FFDF01200AE0DA
:104A1000207B0B2800D0FFDF042004E0207B0C2843
:104A200000D0FFDF052038736EE7FFDF6CE770B55D
:104A30000C460546FCF782FE20B10078222804D2FD
:104A4000082070BD43F2020070BD052128460BF01E
:104A500035FB206008B1002070BD032070BD30B46C
:104A60004880087820F00F00C01C20F0F000903043
:104A700001F8080B1DCA81E81D0030BC03F02ABBF9
:104A80002DE9FF4784B00027824602970798904699
:104A90008946123006F043FB401D20F003060798BC
:104AA00028B907A95046FFF7C2FF002854D1B9F131
:104AB000000F05D00798017B19BB052504681BE092
:104AC00098F80000092803D00D2812D0FFDF46E037
:104AD000079903254868B0B3497B428871439142E6
:104AE00039D98AB2B3B2011D0BF06DF904460780C3
:104AF00002E0079C042508340CB1208810B1032D76
:104B000029D02CE007980121123006F03AFBADF8CD
:104B10000C00024602AB2946504604F0D8F80700C4
:104B200001D1A01C029007983A461230C8F8040040
:104B3000A8F802A003A94046029B06F02FFBD8B1BB
:104B40000A2817D200E006E0DFE800F00709141495
:104B5000100B0D141412132014E6002012E611207D
:104B600010E608200EE643F203000BE6072009E6F4
:104B70000D2007E6032005E6BDF80C002346CDE92D
:104B800000702A465046079900F017FD57B9032DCB
:104B900008D10798B3B2417B406871438AB2011DC6
:104BA0000BF025F9B9F1000FD7D0079981F80C90D7
:104BB000D3E72DE9FE4F91461A881C468A46804667
:104BC000FAB102AB494604F082F8050019D040461C
:104BD000A61C27880BF0B7FB3246072629463B4622
:104BE00000960AF0D6FF20882346CDE900504A46B9
:104BF0005146404600F0E1FC002020800120BDE845
:104C0000FE8F0020FBE710B586B01C46AAB1042336
:104C10008DF800301388ADF808305288ADF80A20BE
:104C20008A788DF80E200988ADF80C1000236A46AA
:104C30002146FFF725FF06B010BD1020FBE770B539
:104C40000D4605210BF03AFA040000D1FFDF29469A
:104C500004F11200BDE8704006F07CBA2DE9F8437B
:104C60000D468046002603F031FA044628781028C5
:104C700078D2DFE800F0773B3453313112313131F3
:104C80000831313131312879001FC0B2022801D0FA
:104C9000102810D114BBFFDF35E004B9FFDF052178
:104CA00040460BF00BFA007B032806D004280BD0FB
:104CB000072828D0FFDF072655E02879801FC0B2DB
:104CC000022820D050B1F6E72879401FC0B2022850
:104CD00019D0102817D0EEE704B9FFDF13E004B9AC
:104CE000FFDF287901280ED1172137E00521404642
:104CF0000BF0E4F9070000D1FFDF07F11201404695
:104D000006F005FA2CB12A4621464046FFF7A7FED9
:104D100029E013214046FDF743FD24E004B9FFDFFD
:104D2000052140460BF0CAF9060000D1FFDF6946B5
:104D300006F1120006F0F5F9060000D0FFDFA988A1
:104D4000172901D2172200E00A46BDF8000082426E
:104D500002D9014602E005E01729C5D3404600F01C
:104D60003CFCD0E7FFDF3046BDE8F883401D20F073
:104D7000030219B102FB01F0001D00E00020104405
:104D8000704713B5009848B1002468460AF0C5FF83
:104D9000002C02D1F74A009911601CBD01240020AB
:104DA000F4E72DE9F0470C46154624220021204661
:104DB00008F0E9FA05B9FFDFA87860732888DFF802
:104DC000B4A3401D20F00301AF788946DAF8000053
:104DD0000AF0C1FF060000D1FFDF4FF00008266097
:104DE000A6F8008077B109FB07F1091D0AD0DAF8AF
:104DF00000000AF0B0FF060000D1FFDF6660C6F8D1
:104E0000008001E0C4F80480298804F11200BDE8A4
:104E1000F04706F06DB92DE9F047804601F1120028
:104E20000D46814606F07BF9401DD24F20F003026B
:104E30006E7B1446296838680AF0B8FF3EB104FB5F
:104E400006F2121D03D0696838680AF0AFFF05202A
:104E50000BF0E0F8044605200BF0E4F8201A0128D6
:104E600002D138680AF06CFF49464046BDE8F04779
:104E700006F054B970B5054605210BF01FF9040082
:104E800000D1FFDF04F112012846BDE8704006F0B2
:104E90003EB92DE9F04F91B04FF0000BADF834B0B2
:104EA000ADF804B047880C460546924605213846C1
:104EB0000BF004F9060000D1FFDF24B1A780A4F8AD
:104EC00006B0A4F808B0297809220B20B2EB111F14
:104ED0007ED12A7A04F1100138274FF00C084FF0E8
:104EE00001090391102A74D2DFE802F073F3F2F1A2
:104EF0008008D3898EA03DDCF4EFB7B7307B022861
:104F000000D0FFDFA88908EBC001ADF80410302104
:104F1000ADF83410002C25D06081B5F80E90002734
:104F20001DE004EBC708317C88F80E10F189A8F861
:104F30000C10CDF800906888042304AA296900F0B9
:104F40002CFBBDF81010A8F8101009F10400BDF8F2
:104F500012107F1C1FFA80F9A8F81210BFB26089E6
:104F6000B842DED80EE1307B022800D0FFDFE989AD
:104F700008EBC100ADF804003020ADF83400287B08
:104F80000A90001FC0B20F90002CEBD06181B5F8E1
:104F90001090002726E000BFCDF80090688869696E
:104FA00003AA0A9B00F0F9FA0A9804EBC7084844E0
:104FB0001FFA80F908F10C0204A90F980CF016FEF4
:104FC00018B188F80EB0A8F80CB0BDF80C1001E0CC
:104FD000D4E0D1E0A8F81010BDF80E107F1CA8F89E
:104FE0001210BFB26089B842D6D8CBE00DA80090AD
:104FF00001AB224629463046FFF719FBC2E0307B61
:10500000082805D0FFDF03E0307B082800D0FFDF51
:10501000E8891030ADF804003620ADF83400002CDB
:105020003FD0A9896181F189A18127E0307B0928DE
:1050300000D0FFDFA88900F10C01ADF80410372182
:10504000ADF83410002C2CD06081E8890090AB8939
:10505000688804F10C02296956E0E889392110308A
:1050600080B2ADF80400ADF83410002C74D0A989DA
:105070006181287A0E280AD002212173E989E18111
:10508000288A0090EB8968886969039A3CE00121CD
:10509000F3E70DA8009001AB224629463046FFF702
:1050A00057FB6FE0307B0A2800D0FFDF1220ADF8FD
:1050B0000400ADF834704CB3A9896181A4F810B034
:1050C000A4F80EB084F80C905CE020E002E031E03F
:1050D00039E042E0307B0B2800D0FFDF288AADF8B2
:1050E00034701230ADF8040084B104212173A98911
:1050F0006181E989E181298A2182688A00902B8A6D
:10510000688804F11202696900F047FA3AE0307BDE
:105110000C2800D0FFDF1220ADF80400ADF8347089
:105120003CB305212173A4F80AB0A4F80EB0A4F88A
:1051300010B027E00DA8009001AB2246294630466A
:10514000FFF75AFA1EE00DA8009001AB224629464F
:105150003046FFF7B5FB15E034E03B21ADF8040025
:10516000ADF8341074B3A4F80690A4F808B084F82D
:105170000AB007E010000020FFDF03E0297A0129D0
:1051800017D0FFDFBDF80400AAF800006CB1BDF82D
:1051900034002080BDF804006080BDF83400392858
:1051A00003D03C2801D086F80CB011B00020BDE837
:1051B000F08F3C21ADF80400ADF8341014B1697AD9
:1051C000A172DFE7AAF80000EFE72DE9F84356885F
:1051D0000F4680461546052130460AF06FFF040051
:1051E00000D1FFDF123400943B46414630466A68E6
:1051F00006F008F9B8E570B50D4605210AF05EFF26
:10520000040000D1FFDF294604F11200BDE8704020
:1052100005F092BF70B50D4605210AF04FFF04005E
:1052200000D1FFDF294604F11200BDE8704005F00F
:10523000B0BF70B5054605210AF040FF040000D15B
:10524000FFDF04F1080321462846BDE87040042230
:10525000AFE470B5054605210AF030FF040000D127
:10526000FFDF214628462368BDE870400522A0E400
:1052700070B5064605210AF021FF040000D1FFDFCA
:1052800004F1120005F04BFF401D20F0030511E072
:10529000011D00880322431821463046FFF789FC90
:1052A00000280BD0607BABB2684382B26068011DFE
:1052B0000AF0D3FD606841880029E9D170BD70B55E
:1052C0000E46054602F002FF040000D1FFDF012078
:1052D000207266726580207820F00F00C01C20F0DC
:1052E000F00030302070BDE8704002F0F3BE2DE9D0
:1052F000F0438BB00D461446814606A9FFF797FB95
:10530000002814D14FF6FF7601274FF420588CB1B6
:1053100003208DF800001020ADF8100007A80590BC
:1053200007AA204604A90CF080FC78B107200BB036
:10533000BDE8F0830820ADF808508DF80E708DF8A8
:105340000000ADF80A60ADF80C800CE00698A1787A
:1053500001742188C1818DF80E70ADF80850ADF848
:105360000C80ADF80A606A4602214846069BFFF7AA
:1053700087FBDCE708B501228DF8022042F6020225
:10538000ADF800200A4603236946FFF73CFC08BD40
:1053900008B501228DF8022042F60302ADF8002084
:1053A0000A4604236946FFF72EFC08BD00B587B006
:1053B00079B102228DF800200A88ADF808204988CA
:1053C000ADF80A1000236A460521FFF759FB07B024
:1053D00000BD1020FBE709B1072314E40720704744
:1053E00070B588B00D461446064606A9FFF71FFBA8
:1053F00000280ED17CB10620ADF808508DF80000D1
:10540000ADF80A40069B6A460821DC813046FFF76A
:1054100037FB08B070BD05208DF80000ADF80850CE
:10542000F0E700B587B059B107238DF80030ADF82B
:105430000820039100236A460921FFF721FBC6E7F4
:105440001020C4E770B588B00C460646002506A9B2
:10545000FFF7EDFA0028DCD106980121123005F0A3
:1054600090FE9CB12178062921D2DFE801F02005C9
:1054700005160318801E80B2C01EE28880B20AB1F1
:10548000A3681BB1824203D90C20C2E71020C0E7F9
:10549000042904D0A08850B901E00620B9E7012909
:1054A00013D0022905D004291CD005292AD00720B1
:1054B000AFE709208DF800006088ADF80800E088AB
:1054C000ADF80A00A068039023E00A208DF80000E0
:1054D0006088ADF80800E088ADF80A00A0680A25E9
:1054E000039016E00B208DF800006088ADF80800EE
:1054F000A088ADF80A00E088ADF80C00A0680B2584
:10550000049006E00C208DF8000060788DF808000B
:105510000C256A4629463046069BFFF7B1FA78E724
:1055200000B587B00D228DF80020ADF808100023DB
:105530006A461946FFF7A4FA49E700B587B071B18A
:1055400002228DF800200A88ADF808204988ADF8BD
:105550000A1000236A460621FFF792FA37E7102067
:1055600035E770B586B0064601200D46ADF8081047
:105570008DF80000014600236A463046FFF780FAA6
:10558000040008D12946304601F006FB00213046D0
:1055900001F020FB204606B070BDF8B51C4615464C
:1055A0000E46069F0AF0BDFE2346FF1DBCB23146E3
:1055B0002A4600940AF0B9FAF8BD30B41146DDE984
:1055C00002423CB1032903D0002330BC04F013BCD9
:1055D0000123FAE71A8030BC704770B50C460546C7
:1055E000FFF72DFB2146284601F0E5FA2846BDE8E5
:1055F0007040012101F0EEBA18B18178012938D14B
:1056000001E010207047018842F60112881A914289
:1056100031D018DC42F60102A1EB020091422AD0FF
:105620000CDC41B3B1F5C05F25D06FF4C050081851
:1056300021D0A0F57060FF381BD11CE001281AD0E2
:1056400002280AD117E0B0F5807F14D008DC0128C9
:1056500011D002280FD003280DD0FF2809D10AE06D
:10566000B0F5817F07D0A0F58070033803D0012802
:1056700001D0002070470F2070470A281FD008DC97
:105680000A2818D2DFE800F0191B1F1F171F231D5F
:105690001F21102815D008DC0B2812D00C2810D0A0
:1056A0000D2816D00F2806D10DE011280BD0842824
:1056B0000BD087280FD003207047002070470520AB
:1056C0007047072070470F2070470420704706205E
:1056D00070470C20704743F20200704738B50C4603
:1056E000050041D06946FEF7D7FA002819D19DF888
:1056F0000010607861F3020060706946681CFEF774
:10570000CBFA00280DD19DF80010607861F3C50038
:105710006070A978C1F34101012903D0022905D0A5
:10572000072038BD217821F0200102E0217841F0E6
:1057300020012170410704D0A978C90861F38610BF
:105740006070607810F0380F07D0A978090961F30C
:10575000C710607010F0380F02D16078400603D592
:10576000207840F040002070002038BD70B504461D
:105770000020088015466068FFF7B0FF002816D1AA
:105780002089A189884211D860688078C0070AD032
:10579000B1F5007F0AD840F20120B1FBF0F200FB26
:1057A0001210288007E0B1F5FF7F01D90C2070BDF1
:1057B00001F201212980002070BD10B50478137812
:1057C00064F3000313700478640864F341031370F6
:1057D0000478A40864F3820313700478E40864F383
:1057E000C30313700478240964F30413137004785A
:1057F000640964F3451313700078800960F386131D
:10580000137031B10878C10701D1800701D501209B
:1058100000E0002060F3C713137010BD42785307F7
:1058200002D002F0070306E012F0380F02D0C2F3F4
:10583000C20300E001234A7863F302024A70407811
:1058400010F0380F02D0C0F3C20005E0430702D0C9
:1058500000F0070000E0012060F3C5024A707047C5
:105860002DE9F04F95B00D00824613D01222002191
:10587000284607F088FD4FF6FF7B05AA0121584610
:1058800007F049FB0024264637464FF420586FF4B2
:10589000205972E0102015B0BDE8F08F9DF81E0071
:1058A00001280AD1BDF81C1041450BD011EB0900AD
:1058B0000AD001280CD002280CD0042C0ED0052CC4
:1058C0000FD10DE0012400E00224BDF81A6008E0C9
:1058D000032406E00424BDF81A7002E0052400E069
:1058E0000624BDF81A10514547D12C74BEB34FF0B1
:1058F000000810AA4FF0070ACDE90282CDE900A8FE
:105900000DF13C091023CDF810904246314658461F
:1059100007F0D1FB08BBBDF83C002A46C0B210A975
:105920000CF064F9C8B9AE81CFB1CDE900A80DF192
:10593000080C0AAE40468CE8410213230022394687
:10594000584607F0B8FB40B9BDF83C00F11CC01E3A
:10595000C0B22A1D0CF04AF910B103209BE70AE0FF
:10596000BDF82900E881062C05D19DF81E00A8721B
:10597000BDF81C00288100208DE705A807F0D7FAA4
:1059800000288BD0FFF779FE85E72DE9F0471C460C
:10599000DDE90978DDF8209015460E00824600D139
:1059A000FFDF0CB1208818B1D5B11120BDE8F08718
:1059B000022D01D0012100E0002106F1140006F0C3
:1059C00073F9A8F8000002463B462946504603F00A
:1059D0007EF9C9F8000008B9A41C3C600020E5E786
:1059E0001320E3E7F0B41446DDE904528DB100233F
:1059F00014B1022C09D101E0012306E00D7CEE0771
:105A000003D025F0010501230D742146F0BC04F0FC
:105A1000F2B91A80F0BC70472DE9FE4F91461A8802
:105A20001C468A468046FAB102AB494603F04FF95C
:105A3000050019D04046A61C27880AF084FC32468F
:105A4000072629463B4600960AF0A3F820882346FD
:105A5000CDE900504A4651464046FFF7C3FF0020BB
:105A600020800120BDE8FE8F0020FBE72DE9F047F4
:105A700086B082460EA8904690E8B000894604AAF7
:105A800005A903A88DE807001E462A462146504670
:105A9000FFF77BFF039901B101213970002818D16C
:105AA000FA4904F1140204AB0860039805998DE8E3
:105AB000070042464946504606F0A9FCA8B109280D
:105AC00011D2DFE800F005080510100A0C0C0E00DA
:105AD000002006B06AE71120FBE70720F9E708205D
:105AE000F7E70D20F5E70320F3E7BDF81010039862
:105AF000CDE9000133462A4621465046FFF772FFA2
:105B0000E6E72DE9F04389B01646DDE910870D463A
:105B100081461C461422002103A807F034FC012012
:105B200002218DF810108DF80C008DF81170ADF871
:105B3000146064B1A278D20709D08DF81600E0880D
:105B4000ADF81A00A088ADF81800A068079008A862
:105B50000095CDE90110424603A948466B68FFF75E
:105B600085FF09B0BDE8F083F0B58BB00024064690
:105B7000069407940727089405A8099401940097B0
:105B80000294CDE903400D4610232246304607F02B
:105B900092FA78B90AA806A9019400970294CDE96F
:105BA0000310BDF8143000222946304607F021F8D2
:105BB000002801D0FFF761FD0BB0F0BD06F0B2BECA
:105BC0002DE9FC410C468046002602F07FFA05468E
:105BD00020780D287ED2DFE800F0BC0713B325BD86
:105BE00049496383AF959B00A848006820B141787C
:105BF00041F010014170ADE0404602F099FAA9E091
:105C0000042140460AF05AFA070000D1FFDF07F1ED
:105C10001401404605F0DDFFA5BB13214046FCF70B
:105C2000BFFD97E0042140460AF048FA070000D182
:105C3000FFDFE088ADF800000020B8819DF800008B
:105C4000010704D5C00602D5A088B88105E09DF8FB
:105C5000010040067ED5A088F88105B9FFDF224605
:105C60002946404601F0C0FC022673E0E188ADF809
:105C700000109DF8011009060FD5072803D006284B
:105C80000AD00AE024E0042140460AF017FA060090
:105C900000D1FFDFA088F0810226CDB9FFDF17E039
:105CA000042140460AF00AFA070000D1FFDF07F19D
:105CB000140006F06EFE90F0010F02D1E0790006AC
:105CC00048D5387C022640F00200387405B9FFDF61
:105CD000224600E03DE02946404601F085FC39E0DF
:105CE000042140460AF0EAF9017C002D01F0020689
:105CF000C1F340016171017C21F002010174E7D11F
:105D0000FFDFE5E702260121404602F043FA21E0E9
:105D1000042140460AF0D2F90546606800902089C7
:105D2000ADF8040001226946404602F054FA287C8E
:105D300020F0020028740DE0002DC9D1FFDFC7E775
:105D4000022600214046FFF765FA002DC0D1FFDF93
:105D5000BEE7FFDF3046BDE8FC813EB50C0009D050
:105D600001466B4601AA002007F02AFA20B1FFF78E
:105D700084FC3EBD10203EBD00202080A0709DF818
:105D8000050002A900F00700FDF7A2FF50B99DF839
:105D9000080020709DF8050002A9C0F3C200FDF7BD
:105DA00097FF08B103203EBD9DF8080060709DF884
:105DB0000500C109A07861F30410A0709DF80510DA
:105DC000890961F3C300A0709DF80410890601D50C
:105DD000022100E0012161F342009DF8001061F30F
:105DE0000000A07000203EBD70B5144606460D466A
:105DF00051EA040005D075B10846FBF760FA78B99E
:105E000001E0072070BD2946304607F040FA10B186
:105E1000BDE8704031E454B12046FBF750FA08B1B8
:105E2000102070BD21463046BDE8704095E7002047
:105E300070BD2DE9FC5F0C469046054600270178B1
:105E40000822007A3E46B2EB111F7DD104F10A010F
:105E500000910A31821E4FF0020A04F1080B0191F1
:105E6000092A72D2DFE802F0EDE005F528287BAAC6
:105E7000CE00688804210AF021F9060000D1FFDF76
:105E8000B08928B152270726C3E00000380200205D
:105E900051271026002C7DD06888A0800120A07199
:105EA000A88900220099FFF79FFF002873D1A889D5
:105EB0002081288AE081D1E0B5F81290072824D10A
:105EC000E87B000621D5512709F1140086B2002C89
:105ED000E1D0A88900220099FFF786FF00285AD157
:105EE0006888A08084F806A0A88920810120A0737A
:105EF000288A2082A4F81290A88A009068884B46CD
:105F0000A969019A01F04CFBA8E0502709F11200A1
:105F100086B2002C3ED0A88900225946FFF764FFC4
:105F2000002838D16888A080A889E080287A0728CE
:105F300013D002202073288AE081E87BC0096073B7
:105F4000A4F81090A88A01E085E082E000906888BB
:105F50004B4604F11202A969D4E70120EAE7B5F83B
:105F60001290512709F1140086B2002C66D068887F
:105F700004210AF0A3F883466888A080A88900223B
:105F80000099FFF731FF00286ED184F806A0A88998
:105F9000208101E052E067E00420A073288A20827B
:105FA000A4F81290A88A009068884B46A969019AC3
:105FB00001F0F6FAA989ABF80E104FE06888FBF7FC
:105FC000BDFB0746688804210AF078F8064607B941
:105FD000FFDF06B9FFDF687BC00702D05127142618
:105FE00001E0502712264CB36888A080502F06D0BD
:105FF00084F806A0287B594601F0E2FA2EE0287BBF
:10600000A11DF9E7FE49A8894989814205D1542794
:1060100006269CB16888A08020E053270BE06888A2
:10602000A080A889E08019E0688804210AF046F879
:1060300000B9FFDF55270826002CF0D1A8F8006032
:1060400011E056270726002CF8D06888A080002091
:1060500013E0FFDF02E0012808D0FFDFA8F80060AE
:106060000CB1278066800020BDE8FC9F57270726DB
:10607000002CE3D06888A080687AA071EEE7401D0C
:1060800020F0030009B14143091D01EB40007047B6
:1060900013B5DB4A00201071009848B1002468460F
:1060A00009F03BFE002C02D1D64A009911601CBDBC
:1060B00001240020F4E770B50D461446064686B06C
:1060C0005C220021284607F05EF904B9FFDFA078C2
:1060D0006874A2782188284601F09DFA0020A881E2
:1060E000E881228805F11401304605F056FD6A4624
:1060F0000121304606F00FFF1AE000BF9DF80300B3
:10610000000715D5BDF806103046FFF72DFD9DF8A8
:106110000300BDF8061040F010008DF80300BDF834
:106120000300ADF81400FF233046059A07F077F816
:10613000684606F0FCFE0028E0D006B070BD10B541
:106140000C4601F1140005F060FD0146627C20461A
:10615000BDE8104001F094BA30B50446A84891B0AB
:106160004FF6FF75C18905AA284606F0D4FE30E037
:106170009DF81E00A0422AD001282AD1BDF81C009B
:10618000B0F5205F03D042F60101884221D1002002
:1061900002AB0AAA0CA9019083E80700072000902F
:1061A000BDF81A1010230022284606F084FF38B9E3
:1061B000BDF828000BAAC0B20CA90BF017FD10B156
:1061C000032011B030BD9DF82E00A04201D1002067
:1061D000F7E705A806F0ABFE0028C9D00520F0E7D8
:1061E00070B50546042109F069FF040000D1FFDF06
:1061F00004F114010C46284605F0EBFC2146284624
:10620000BDE8704005F0ECBC70B58AB00C4606469F
:10621000FBF794FA050014D02878222827D30CB174
:10622000A08890B101208DF80C0003208DF810009B
:1062300000208DF8110054B1A088ADF81800206836
:1062400007E043F202000AB070BD0920FBE7ADF899
:10625000180005900421304609F030FF040000D1F9
:10626000FFDF04F1140005F0E6FC000701D408206C
:10627000E9E701F02BFF60B108A802210094CDE905
:10628000011095F8232003A930466368FFF7EEFB61
:10629000D9E71120D7E72DE9F04FB2F802A08346E5
:1062A00089B0154689465046FBF748FA074604214F
:1062B000504609F003FF0026044605964FF00208F9
:1062C0000696ADF81C6007B9FFDF04B9FFDF414651
:1062D000504603F0DAFE50B907AA06A905A88DE8D2
:1062E00007004246214650466368FFF74EFB44488C
:1062F00007AB0660DDE9051204F11400CDF800904B
:10630000CDE90320CDE9013197F8232059465046C5
:106310006B6805F0D9FC06000AD0022E04D0032ECB
:1063200014D0042E00D0FFDF09B03046BDE8F08F56
:10633000BDF81C000028F7D00599CDE900104246B1
:10634000214650466368FFF74DFBEDE7687840F063
:1063500008006870E8E72DE9F04F99B004464FF067
:1063600000082748ADF81C80ADF82080ADF82480E7
:10637000A0F80880ADF81480ADF81880ADF82C8036
:10638000ADF82880007916460D464746012808D00A
:10639000022806D0032804D0042802D0082019B00F
:1063A000C4E72046FAF747FF70BB2846FAF743FFD9
:1063B00050BB6068FAF78CFF30BB606848B16089F9
:1063C0002189884202D8B1F5007F01D90C20E6E787
:1063D00080460EAA06A92846FFF7C8F90028DED194
:1063E00068688078C0F34100022808D19DF8190040
:1063F00010F0380F03D02869FAF761FF20B904E0E4
:10640000380200201400002022E005A92069FFF7CF
:1064100065F90028C3D1206948B1607880079DF8EC
:10642000150000F0380001D5F0B300E0E0BB9DF8A6
:10643000140080060ED59DF8150010F0380F03D01B
:106440006068FAF73CFF18B96068FAF741FF08B1D5
:106450001020A4E70AA96069FFF740F900289ED13F
:10646000606940B19DF8290000F0070101293CD185
:1064700010F0380F39D00BA9A069FFF72FF90028C9
:106480008DD19DF8280080062FD49DF82C00800621
:106490002BD4A06950B19DF82D0000F0070101290F
:1064A00023D110F0380F00E01FE01ED0E06818B1D3
:1064B0000078D0B11C2818D20FAA611C2046FFF723
:1064C0007CF90121384661F30F2082468DF8521085
:1064D000B94642F603000F46ADF850000DF13F02F9
:1064E00018A928680BF0A1FB08B1072057E79DF811
:1064F000600015A9CDF80090C01CCDE9019100F015
:10650000FF0B00230BF20122514614A806F02EFCCB
:10651000F0BBBDF854000C90FE482A89296900920E
:10652000CDE901106B89BDF838202868069906F07E
:106530001DFC01007ED120784FF0020AC10601D473
:1065400080062BD5CDF80C90606950B90AA906A831
:10655000FFF764F99DF8290020F00700401C8DF832
:1065600029009DF8280008A940F0C8008DF82800EF
:106570008DF8527042F60210ADF8500003AACDF823
:1065800000A0CDE90121002340F2032214A800E07D
:106590001EE00A9906F0EAFB01004BD1DD484D46AA
:1065A00008385B460089ADF83D000FA8CDE90290A0
:1065B000CDF80490CDF810904FF007090022CDF8E7
:1065C0000090BDF854104FF6FF7006F012FB10B1AA
:1065D000FFF753F8E3E69DF83C00000624D5294672
:1065E000012060F30F218DF852704FF42450039571
:1065F000ADF8500062789DF80C00002362F30000B3
:106600008DF80C006278CDF800A0520862F34100CA
:106610008DF80C0003AACDE9012540F2032214A84D
:1066200006F0A4FB010005D1606888B32069A8B911
:1066300005A900E084E006A8FFF7F0F8607880077D
:1066400006D49DF8150020F038008DF8150005E0FF
:106650009DF8140040F040008DF814008DF8527041
:1066600042F60110ADF85000208940F20121B0FB44
:10667000F1F201FB1202606809ABCDF80080CDE9B0
:106680000103002314A8059906F070FB010057D1FF
:106690002078C00728D00395A06950B90BA906A897
:1066A000FFF7BCF89DF82D0020F00700401C8DF886
:1066B0002D009DF82C008DF8527040F040008DF8B0
:1066C0002C0042F60310ADF8500007A903AACDF83C
:1066D00000A0CDE90121002340F2032214A80B9968
:1066E00006F044FB01002BD1E06868B32946012085
:1066F00060F30F218DF8527042F60410ADF850008F
:10670000E068002302788DF8582040788DF8590011
:10671000E06816AA4088ADF85A00E06800798DF864
:106720005C00E068C088ADF85D00CDF80090CDE970
:1067300001254FF4027214A806F018FB010003D0E3
:106740000C9800F0C9FF2AE672480321083801714D
:1067500056B100893080BDF824007080BDF820005B
:10676000B080BDF81C00F080002018E670B501254F
:106770008AB016460B46012802D0022816D104E042
:106780008DF80E504FF4205003E08DF80E5042F675
:106790000100ADF80C005BB10024601C60F30F2415
:1067A00004AA08A918460BF040FA18B107204AE5D8
:1067B000102048E504A99DF820205648CDE9002185
:1067C000801E02900023214603A802F2012206F057
:1067D000CDFA10B1FEF751FF35E54E4808380EB13D
:1067E000C1883180057100202DE5F0B593B00746D2
:1067F00001268DF83E6041F60100ADF83C0012AA7A
:106800000FA93046FFF7B2FF002849D1414C0025BF
:10681000083CEFB31C22002102A806F0B4FD9DF84D
:1068200008008DF83E6040F020008DF8080042F628
:106830000520ADF83C000E959DF83A00119520F02A
:106840000600801C8DF83A009DF838006A4620F05A
:10685000FF008DF838009DF8390009A920F0FF00ED
:106860008DF839000420ADF82C00ADF830000EA8EA
:106870000A9011A80D900FA80990ADF82E5002A80B
:10688000FFF769FD00280BD1BDF80000608100E032
:1068900008E0BDF80400A081401CE08125710020C3
:1068A00013B0F0BD6581A581BDF84800F4E72DE97E
:1068B000F74F1849A0B00024083917940A79A14667
:1068C000012A04D0022A02D0082023B02EE5CA886B
:1068D000824201D00620F8E721988A46824201D1FF
:1068E0000720F2E70120214660F30F21ADF84800B0
:1068F0004FF6FF780691ADF84A808DF86E0042F6AB
:10690000020B8DF872401CA9ADF86CB0ADF8704068
:10691000139101E040020020ADF8508012A806F06B
:1069200035FB00252E462F460DAB072212A9404607
:1069300006F02FFB78B10A285DD195B38EB3ADF880
:106940006450ADF866609DF85E008DF8144019AC97
:10695000012864D06BE09DF83A001FB3012859D19B
:10696000BDF8381059451FD118A809A901940294FF
:10697000CDE9031007200090BDF836101023002247
:10698000404606F098FBB0BBBDF86000042801D07B
:1069900006284AD1BDF82410219881423AD10F200F
:1069A00093E73AE0012835D1BDF83800B0F5205F13
:1069B00003D042F6010188422CD1BAF80600BDF896
:1069C0003610884201D1012700E0002705B19EB1B1
:1069D000219881421ED118A809AA01940294CDE9F8
:1069E0000320072000900D4610230022404606F0A9
:1069F00062FB00B902E02DE04E460BE0BDF86000FE
:106A0000022801D0102810D1C0B217AA09A90BF092
:106A1000EDF850B9BDF8369086E7052055E705A991
:106A200017A8221D0BF001F908B103204DE79DF8CE
:106A300014000023001DC2B28DF814202298009289
:106A4000CDE901401BA8069906F090F910B9022281
:106A50008AF80420FEF711FE37E710B50B46401EFA
:106A600088B084B205AA00211846FEF7A6FE0020D1
:106A70000DF1080C06AA05A901908CE80700072073
:106A800000900123002221464FF6FF7006F0B1F876
:106A90000446BDF81800012800D0FFDF2046FEF7AD
:106AA000ECFD08B010BDF0B5F74F044687B038795B
:106AB0000E46032804D0042802D0082007B0F0BDF9
:106AC00004AA03A92046FEF751FE0500F6D160682E
:106AD0008078C0F3410002280AD19DF80D0010F023
:106AE000380F05D02069FAF7EAFB08B11020E5E776
:106AF000208905AA21698DE807006389BDF8102067
:106B00002068039906F032F910B1FEF7B6FDD5E71B
:106B100016B1BDF814003080042038712846CDE746
:106B2000F8B50C0006460CD001464FF6FF75002361
:106B30006A46284606F044FB28B100BFFEF79DFDDB
:106B4000F8BD1020F8BD69462046FEF7C7FD0028B5
:106B5000F8D1A078314600F001032846009A06F0EB
:106B60005EFBEBE730B587B0144600220DF1080C50
:106B700005AD01928CE82C00072200920A460146DE
:106B800023884FF6FF7006F034F8BDF8141021800A
:106B9000FEF773FD07B030BD70B50D46042109F056
:106BA0008DFA040000D1FFDF294604F11400BDE88E
:106BB000704005F039B870B50D46042109F07EFA31
:106BC000040000D1FFDF294604F11400BDE8704045
:106BD00005F04DB870B50D46042109F06FFA0400B8
:106BE00000D1FFDF294604F11400BDE8704005F034
:106BF00065B870B50546042109F060FA040000D1BB
:106C0000FFDF214628462368BDE870400122FEF7D9
:106C100003BF70B50646042109F050FA040000D104
:106C2000FFDF04F1140004F0F0FF401D20F0030525
:106C300011E0011D00880022431821463046FEF76E
:106C4000EBFE00280BD0607CABB2684382B2A06838
:106C5000011D09F002F9A06841880029E9D170BD41
:106C600070B50546042109F029FA040000D1FFDFC0
:106C7000214628466368BDE870400222FEF7CCBE7C
:106C800070B50E46054601F021FA040000D1FFDF81
:106C90000120207266726580207820F00F00001DB0
:106CA00020F0F00040302070BDE8704001F012BAD2
:106CB00010B50446012900D0FFDF2046BDE8104092
:106CC0000121FEF7A7BA2DE9F04F97B04FF0000A67
:106CD0000C008346ADF814A0D04619D0E06830B15E
:106CE000A068A8B10188ADF81410A0F800A058461B
:106CF000FAF724FD070043F2020961D03878222810
:106D00005CD30421584609F0D9F9050005D103E008
:106D1000102017B0BDE8F08FFFDF05F1140004F07C
:106D200074FF401D20F00306A078012803D002283C
:106D300001D00720EDE7218807AA584606F0EBF8B6
:106D400030BB07A806F0F3F810BB07A806F0EFF871
:106D500048B99DF82600012805D1BDF82400A0F50A
:106D60002451023902D04FF45050D2E7E068B0B15C
:106D7000CDE902A00720009005AACDF804A0049256
:106D8000A2882188BDF81430584605F032FF10B1B2
:106D9000FEF773FCBDE7A168BDF8140008809DF8FC
:106DA0001F00C00602D543F20140B2E70B9838B18C
:106DB000A1780078012905D080071AD40820A8E717
:106DC0004846A6E7C007F9D002208DF83C00A86825
:106DD0004FF00009A0B1697C4288714391420FD9FC
:106DE0008AB2B3B2011D08F0EEFF8046A0F800A001
:106DF00006E003208DF83C00D5F800804FF0010933
:106E00009DF8200010F0380F00D1FFDF9DF8200022
:106E10001E49C0F3C200084497F8231010F8010C73
:106E2000884201D90F2074E72088ADF8400014A9EA
:106E30000095CDE90191434607220FA95846FEF778
:106E400015FE002891D19DF8500050B9A078012876
:106E500007D1687CB3B2704382B2A868011D08F004
:106E6000C6FF002055E770B5064615460C46084695
:106E7000FEF7C2FB002805D12A4621463046BDE870
:106E8000704073E470BD12E538020020F2B00100DA
:106E900070B51E4614460D0009D044B1616831B189
:106EA00038B1FC49C988814203D0072070BD102049
:106EB00070BD2068FEF7A0FB0028F9D132462146BC
:106EC0002846BDE87040FFF746BA70B515460C007D
:106ED00006D038B1EF490989814203D0072070BD3F
:106EE000102070BD2068FEF787FB0028F9D12946E5
:106EF0002046BDE87040D6E570B5064686B00D4622
:106F000014461046FAF7BDF9D0BB6068FAF7E0F90D
:106F1000B0BBA6F57F40FF3803D03046FAF70EFC31
:106F200080B128466946FEF79BFC00280CD19DF8ED
:106F300010100F2008293DD2DFE801F008060606F0
:106F4000060A0A0843F2020006B070BD0320FBE700
:106F50009DF80210012908D1BDF80010B1F5C05FFD
:106F6000F2D06FF4C052D142EED09DF80610012944
:106F70000DD1BDF80410A1F52851062907D200E073
:106F800029E0DFE801F0030304030303DCE79DF8D5
:106F90000A1001290FD1BDF80810B1F5245FD3D034
:106FA000A1F60211B1F50051CED00129CCD00229B1
:106FB00001D1C9E7FFDF606878B9002305AA294637
:106FC000304606F0FDF810B1FEF757FBBCE79DF820
:106FD0001400800601D41020B6E7618822462846B6
:106FE0006368FFF7BFFDAFE72DE9F043814687B047
:106FF000884614461046FAF744F918B1102007B035
:10700000BDE8F083002306AA4146484606F0D8F8BA
:1070100018B100BFFEF731FBF1E79DF81800C0067C
:1070200002D543F20140EAE70025072705A80195AC
:1070300000970295CDE9035062884FF6FF734146F1
:10704000484606F038F8060013D16068FAF719F9D7
:1070500060B960680195CDE90250009704952388D6
:1070600062884146484606F026F80646BDF81400F8
:1070700020803046CEE739B1864B0A889B899A42F8
:1070800002D843F2030070471DE610B586B0814C6C
:107090000423ADF81430638943B1A4898C4201D232
:1070A000914205D943F2030006B010BD0620FBE76C
:1070B000ADF81010002100910191ADF800300221CF
:1070C0008DF8021005A9029104A90391ADF81220D0
:1070D0006946FFF7F8FDE7E72DE9FC4781460D46D5
:1070E0000846FAF7A8F888BB4846FAF727FB5FEA94
:1070F00000080AD098F80000222829D30421484625
:1071000008F0DCFF070005D103E043F20200BDE810
:10711000FC87FFDF07F1140004F08DFD0646287898
:10712000012803D0022804D00720F0E7B0070FD5CC
:1071300002E016F01C0F0BD0A8792C1DC00709D057
:10714000E08838B1A068FAF776F818B11020DEE7C9
:107150000820DCE721882A780720B1F5847F35D024
:107160001EDC40F20315A1F20313A94226D00EDC67
:10717000B1F5807FCBD003DCF9B1012926D1C6E778
:10718000A1F58073013BC2D0012B1FD113E0012B6D
:10719000BDD0022B1AD0032BB9D0042B16D112E08C
:1071A000A1F20912082A11D2DFE802F00B04041040
:1071B00010101004ABE7022AA9D007E0012AA6D0DC
:1071C00004E0320700E0F206002AA0DACDB200F0B7
:1071D0007DFF50B198F82300CDE90005FA892346D8
:1071E00039464846FEF78DFC91E711208FE72DE9DF
:1071F000F04F8BB01F4615460C4683460026FAF723
:107200009DFA28B10078222805D208200BB081E52C
:1072100043F20200FAE7B80801D00720F6E7032F8F
:1072200000D100274FF6FF79CCB1022D73D3204651
:10723000FAF74EF830B904EB0508A8F10100FAF7A7
:1072400047F808B11020E1E7AD1E38F8028CAAB269
:107250002146484606F007F940455CD1ADB20D49DC
:10726000B80702D58889401C00E001201FFA80F889
:10727000F80701D08F8900E04F4605AA41465846DD
:1072800005F049FE4FF0070A4FF00009DCB3204635
:107290000BE0000038020020408810283BD8361D43
:1072A000304486B2AE4236D2A01902884245F3D3AA
:1072B00051E000BF9DF8170002074CD594B304EBD2
:1072C0000608361DB8F80230B6B2102B23D89A192A
:1072D000AA4220D8B8F8002091421CD1C0061CD583
:1072E000CDE900A90DF1080C0AAAA11948468CE8BD
:1072F0000700B8F800100022584605F07AFC20B1CB
:10730000FEF7BBF982E726E005E0B8F80200BDF819
:107310002810884201D00B2078E7B8F802003044EA
:1073200086B207E0FFE7C00604D55846FEF71CFC0E
:10733000002888D19DF81700BDF81A1020F0100021
:107340008DF81700BDF81700ADF80000FF23584670
:10735000009A05F064FF05A805F0E9FD18B9BDF82D
:107360001A10B942A6D90421584608F0A7FE040015
:1073700000D1FFDFA2895AB1CDE900A94D46002313
:1073800021465846FEF7BDFB0028BBD1A5813DE74D
:1073900000203BE72DE9FF4F8BB01E4617000D463E
:1073A0004FF0000412D0B00802D007200FB0B1E4B3
:1073B000032E00D100265DB10846F9F780FF28B9F9
:1073C0003888691E0844F9F77AFF08B11020EDE704
:1073D000C74AB00701D5D18900E00121F0074FF677
:1073E000FF7802D0D089401E00E0404686B206AA4F
:1073F0000B9805F090FD4FF000094FF0070B0DF1D1
:10740000140A38E09DF81B00000734D5CDF804902D
:10741000CDF800B0CDF80890CDE9039A434600229C
:107420000B9805F048FE60BB05B3BDF814103A8810
:1074300021442819091D8A4230D3BDF81E2020F8A6
:10744000022BBDF8142020F8022BCDE900B9CDE9BC
:107450000290CDF810A0BDF81E10BDF81430002227
:107460000B9805F028FE08B103209FE7BDF8140033
:107470002044001D84B206A805F059FD20B10A2859
:1074800006D0FEF7FAF891E7BDF81E10B142B9D95F
:1074900034B17DB13888A11C884203D20C2085E725
:1074A000052083E722462946404605F0DCFF0146D9
:1074B00028190180A41C3C80002077E710B5044601
:1074C000F9F7DFFE08B1102010BD8948C08920807F
:1074D000002010BDF0B58BB00D46064614220021E9
:1074E00003A805F050FF01208DF80C008DF8100066
:1074F00000208DF81100ADF814503046FAF71EF94F
:1075000048B10078222812D30421304608F0D6FD75
:10751000040005D103E043F202000BB0F0BDFFDF31
:1075200004F11400074604F086FB800601D408200D
:10753000F3E7207C022140F00100207409A80094A8
:10754000CDE90110072203A930466368FEF78EFAE1
:1075500020B1217C21F001012174DEE7294630466B
:10756000FDF749FE08A9384604F054FB00B1FFDFDF
:10757000BDF82040172C01D2172000E02046A84279
:1075800001D92C4602E0172C00D2172421463046A0
:10759000FFF711FB21463046FDF751FB0020BCE709
:1075A000F8B51C4615460E46069F08F0BAFE23465F
:1075B000FF1DBCB231462A46009408F0B6FAF8BD69
:1075C00070B50C4605460E220021204605F0DBFE74
:1075D000002020802DB1012D01D0FFDF70BD0620DD
:1075E00000E00520A07170BD10B5488008781346F2
:1075F00020F00F00001D20F0F00080300C460870D5
:107600001422194604F1080005F093FE00F062FD13
:107610003748046010BD2DE9F047DFF8D890491DC8
:10762000064621F0030117460C46D9F8000008F081
:1076300092FB050000D1FFDF4FF000083560A5F890
:1076400000802146D9F8000008F085FB050000D134
:10765000FFDF7560A5F800807FB104FB07F1091D0D
:107660000BD0D9F8000008F076FB040000D1FFDF52
:10767000B460C4F80080BDE8F087C6F80880FAE777
:107680002DE9F0411746491D21F00302194D064628
:1076900001681446286808F089FB2246716828684A
:1076A00008F084FB3FB104FB07F2121D03D0B16860
:1076B000286808F07BFB042008F0ACFC044604209A
:1076C00008F0B0FC201A012804D12868BDE8F04178
:1076D00008F036BBBDE8F08110B50C4605F0EAFBBA
:1076E00000B1FFDF2046BDE81040FDF7C6BF000037
:1076F00038020020140000204FF0E0214FF4004039
:10770000C1F88001BFF34F8FBFF36F8F00F021B836
:1077100010B5044600F01DF8002C09D0124A12489A
:1077200012491432124B012C03D0022C07D0FFDF78
:1077300010BD0224046011604FF0407004E0032487
:10774000046011604FF40000186010BD00B5FFDF49
:1077500000BD054800210160016005494FF06070DF
:10776000091D08607047000000F500404802002035
:1077700004F501402DE9F05FDFF850A44FF0000858
:107780008B4606469AF80940474645469AF80190C6
:1077900008E0284601F00EF8817B407811FB007765
:1077A0006D1CEDB24D45F4D19AF8090020442044F7
:1077B00020440744FF2F01D94FF013083068C01C44
:1077C00020F0030232605BEA080021D1FF48FBB2DF
:1077D000062120300CF0C8F9002408E0062C0FD256
:1077E000DFE804F005030A0A0C05F94800E0F9484F
:1077F0000CF0DAF9054604E0F748F9E7F748F7E74F
:10780000FFDFA54200D0FFDF641CE4B2062CE5D305
:10781000306800EB071030604046BDE8F09F38B597
:107820000C468288817B19B14189914200D90A4670
:107830002280C188121D90B26A4607F081FCBDF813
:107840000000032800D30320C1B2208800F0D1FF3C
:1078500038BD38B50C468288817B19B101899142C7
:1078600000D90A462280C188121D90B26A4607F0EC
:1078700067FCBDF80000022800D30220C1B22088B6
:1078800000F0B7FF401CC0B238BD2DE9FF5F824653
:107890008B46D34814460BF10302D0E90110CDE921
:1078A000021022F0030201A84421019208F035FAE7
:1078B000C64E002C02D1CB49019A8A60019901443D
:1078C0000191B57E05F1010504D1E8B20AF026F96F
:1078D00000B1FFDF019800EB0510C01C20F0030190
:1078E000019144B9727A00200870B08B80B205F023
:1078F00040F900B1FFDF0198F16908440190214689
:1079000001A8FFF737FF80460198C01C20F0030054
:107910000190717A04B1002008F0F5FA0199084449
:107920000190214601A800F06FFFA84800273D46BE
:1079300090F801900CE0284600F03CFF0646817864
:107940008088FDF713FA71786D1C00FB0177EDB2AA
:107950004D45F0D10198C01C20F00300019004B106
:1079600000203946FDF70DFA0199002708440190DF
:1079700096483D4690F801900CE0284600F01AFF2A
:107980000646C1788088FEF77AFB71786D1C00FB93
:107990000177EDB24D45F0D10198C01C20F00300F5
:1079A000019004B100203946FEF772FB01994FF0B7
:1079B00000090844019085484D4647780EE0284666
:1079C00000F0F8FE0646807B30B106F1080002F0B8
:1079D0009DF8727800FB02996D1CEDB2BD42EED1AC
:1079E0000198C01C20F00300019004B100207D49E3
:1079F0004A78494602F08EF80199084401902146E0
:107A000001A800F0B3FE0198C01D20F0070001900E
:107A1000DAF80010814204D3A0EB0B01B1F5803FEE
:107A200004DB4FF00408CAF8000004E0CAF80000C4
:107A3000B8F1000F02D0404604B0EEE674BB6A49CC
:107A40000020019A0CF0FEF9FAF77EFB5F4C207ED5
:107A50000090607E012823D0002318B300225B48E9
:107A600000210C30FBF74AF800B1FFDFE07EFEF7A3
:107A7000BCFE00B1FFDF55484FF4F67200213830EC
:107A800005F081FC51480421383080F8E91180F874
:107A9000EA11062180F8EB11032101710020CBE7E8
:107AA0000123DAE702AADAE770B5484C0646383413
:107AB000207804EB4015E078083598B9A01990F8C3
:107AC000E80100280FD0A0780F2800D3FFDF202284
:107AD0000021284605F057FC687866F302006870BC
:107AE0000120E070284670BD2DE9F04105460C46A6
:107AF00000270078052190463E46B1EB101F00D0CC
:107B0000FFDF287A50B101280ED0FFDFA8F800600F
:107B10000CB1278066800020BDE8F081012709268E
:107B200074B16888A08008E00227142644B16888F0
:107B3000A0802869E060A88A2082287B2072E5E77F
:107B4000A8F80060E7E730B5204C01200021207044
:107B50006170207260726176217621730521A182A5
:107B60001F21E182607321A121610A21A176E076C3
:107B70001C4D4FF4B060E0616868C11C21F0030146
:107B8000814200D0FFDF6868606030BD30B5154CC1
:107B90001568636810339D4202D20420136030BD23
:107BA0000A4B5D785A6802EB051210705170032081
:107BB000D080172090800120D070907000209073AA
:107BC0005878401C58706068103013E0540300204F
:107BD000A11F0000359C0000A9B000000F19010092
:107BE000F8B0010018000020000000206E52463559
:107BF000780000006060002030BD70B50646F8488F
:107C00000024457807E0204600F0D4FD0178B14219
:107C100004D0641CE4B2AC42F5D1002070BDF7B5CD
:107C2000074608780C4610B3FFF7E7FF0546A7F1B3
:107C30002006202F06D0052E19D2DFE806F00F2BE4
:107C40002B151A0000F0C2FD0DB1697800E000218B
:107C5000401AA17880B20844FF2808D8A07830B133
:107C6000A088022824D202E06088172820D20720AA
:107C7000FEBD207AE0B161881729F8D3A1881729C1
:107C8000F5D3A1790029F2D0E1790029EFD040287D
:107C900004D9ECE7242F0BD1207A48B161884FF644
:107CA000FB70814202D8A188814201D90420FEBD27
:107CB00065B9207802AA0121FFF768FF0028F6D1F4
:107CC0002078FFF79AFF050000D1FFDF052E18D2BC
:107CD000DFE806F0030B0E081100A0786870A0889A
:107CE000E8800FE06088A8800CE0A078A87009E028
:107CF000A078E87006E054F8020FA8606068E860B9
:107D000000E0FFDF0020FEBD1A2835D00DDC13286F
:107D100032D2DFE800F01B31203131272723252D17
:107D2000313129313131312F0F00302802D003DCBD
:107D30001E2821D1072070473A3809281CD2DFE8D5
:107D400000F0151B0F1B1B1B1B1B0700002070479F
:107D500043F20400704743F202007047042070476A
:107D60000D2070470F207047082070471120704782
:107D700013207047062070470320704710B5007825
:107D800000F0010007F0D2F9BDE81040BCE710B5E3
:107D9000007800F0010007F0CEF9BDE81040B3E72D
:107DA0000EB5017801F001018DF80010417801F065
:107DB00001018DF801100178C1F340018DF8021026
:107DC0004178C1F340018DF80310017889088DF8DE
:107DD0000410417889088DF8051081788DF8061017
:107DE000C1788DF8071000798DF80800684606F014
:107DF0005DFEFFF789FF0EBD2DE9F84F784CDFF8E7
:107E0000E481383400261FE0012000F048FD012005
:107E1000FFF74AFE054644214746D8F8080007F018
:107E20009AFF686000B9FFDF686806F03BFDA8B103
:107E30002846F9F7F1FD284600F036FD20B9442226
:107E40006968B86807F0B2FF94F9E9010428DBDA41
:107E5000022008F0DFF807460025A6E04422696802
:107E6000D8F8080007F0A2FFF2E7B8F80210404681
:107E7000491C89B2A8F80210B94201D300214180FF
:107E80000221B8F8020008F019F9002865D0B8F806
:107E90000200694607F0C8F8FFF736FF00B1FFDFC0
:107EA0009DF8000078B1B8F8020008F04CFA5FEADB
:107EB000000900D1FFDF484607F0CBFC18B1B8F845
:107EC000020002F0D0F8B8F8020008F02AFA5FEADF
:107ED000000900D1FFDF484607F0B3FCE8BB0321EF
:107EE000B8F8020008F0EAF85FEA000B48D1FFDFBB
:107EF00046E000BFDBF8100010B10078FF2849D041
:107F0000022000F0CCFC0220FFF7CEFD824648465E
:107F100007F0A3FDCAF8040000B9FFDFDAF8040097
:107F200007F06BFE002100900170B8F80210504677
:107F3000AAF8021001F0BAFF484607F060FE00B947
:107F4000FFDF504600F0B0FC18B99AF801000007B6
:107F500004D50099CBF8101012E024E0DBF81000F3
:107F600038B10178491C11F0FF01017008D1FFDF21
:107F700006E000221146484600F0F6FB00B9FFDF9C
:107F800094F9EA01022805DBB8F8020001F055FF78
:107F90000028AFD194F9E901042804DB484607F032
:107FA00092FE00B101266D1CEDB2BD4204D294F9DF
:107FB000EA010228BFF659AF002E7FF423AFBDE8D7
:107FC000F84F032000F06BBC10B5064CE060086869
:107FD0002061AFF2DB1002F0C8FF607010BD00003E
:107FE0005403002018000020F74800210170F748D2
:107FF0000170F7494160704770B505464FF08050F9
:108000000C46D0F8A410491C05D1D0F8A810C943DB
:108010000904090C0BD050F8A01F01F001012970D0
:10802000416821608068A080287830B970BD062141
:1080300020460BF08CFB01202870607940F0C000D6
:10804000607170BD70B54FF080540D46D4F880104B
:10805000491C0BD1D4F88410491C07D1D4F88810DE
:10806000491C03D1D4F88C10491C0CD0D4F88010D2
:108070000160D4F884104160D4F888108160D4F88D
:108080008C10C16002E010210BF061FBD4F890006D
:10809000401C0BD1D4F89400401C07D1D4F89800B0
:1080A000401C03D1D4F89C00401C09D054F8900F18
:1080B000286060686860A068A860E068E86070BDDB
:1080C0002846BDE8704010210BF041BBBE48383057
:1080D0000079E9E470B5BC4C3834E07830B32078EE
:1080E00004EB4010407A00F00700204490F9E801CA
:1080F000002800DCFFDF2078002504EB4010407AE8
:1081000000F00700011991F8E801401E81F8E8012C
:108110002078401CC0B220700F2800D12570A078B4
:10812000401CA0700BF09CF9E57070BDFFDF70BDC6
:108130003EB50546032107F0C1FF0446284608F076
:10814000F0F8054604B9FFDF206918B10078FF2870
:1081500000D1FFDF01AA6946284600F005FB60B99F
:10816000FFDF0AE0002202A9284600F0FDFA00B96C
:10817000FFDF9DF8080000B1FFDF9DF80000411E01
:108180008DF80010EED220690199884201D10020BB
:1081900020613EBD70B50546A0F57F400C46FF3816
:1081A00000D1FFDF012C01D0FFDF70BDFFF78EFF94
:1081B000040000D1FFDF207820F00F00401D20F0E8
:1081C000F000503020706580002020720120207364
:1081D000BDE870407EE72DE9F04116460D460746A2
:1081E000FFF774FF040000D1FFDF207820F00F00BC
:1081F000401D20F0F0005030207067800120207278
:1082000028682061A888A0822673BDE8F04161E754
:108210007FB5FFF7F2FC040000D1FFDF02A9204682
:10822000FFF7FDFA054603A92046FFF712FB8DF87C
:1082300000508DF80100BDF80800001DADF80200E7
:10824000BDF80C00001DADF80400E088ADF8060094
:10825000684606F053FF002800D0FFDF7FBD2DE900
:10826000F05F5A4E8146307810B10820BDE8F09F8B
:108270004846F9F706F808B11020F7E7524C207885
:1082800008B9FFF760FC647A4D4600F09FFAA042FF
:1082900007D2201AC1B22A460020FFF777FC002837
:1082A000E4D171684848C91C002721F003017160BE
:1082B000B3463E463D46BA463C4690F801800AE049
:1082C000204600F077FA4178807B0E4410FB015580
:1082D000641CE4B27F1C4445F2D10AEB870000EB3A
:1082E000C600DBF8041000EB850045185C4601224F
:1082F00029464846FFF7C9FA060013D00020FFF7C9
:108300007CFC05000CD005F11300616820F003002F
:10831000884200D0FFDF2C484178491E41706560DB
:108320003046A3E7002229464846FFF7AEFA00B1DF
:10833000FFDFD9F8000060604FF6FF706080012019
:108340002070002092E72DE9F04104461F481746AF
:108350000E46007810B10820BDE8F0810846F8F715
:108360006AFF08B11020F7E7174D287808B9FFF722
:10837000EAFB601E1E2807D8012C22D13078FE2887
:108380001FD8A8760020E7E7A4F120001F2805D811
:10839000E0B23A463146BDE8F04140E4A4F1400085
:1083A0001F2805D831462046BDE8F04100F0A2BAAA
:1083B000A4F1A0001F2804D80020A02C0AD0A12CD2
:1083C0000DD00720C8E7000054030020180000204B
:1083D00048100020317801F00101E976BCE73168EE
:1083E0000922F82901D38B0701D01046B4E76B7B33
:1083F00003F00303012B04D1EB8AD7339CB28C42E8
:10840000F3D8E961A8E72DE9F04781460E46084612
:10841000F8F737FF48B94846F8F751FF28B909F18E
:10842000030020F00301494502D01020BDE8F08789
:10843000FC484FF0000A817869B14178804600EB32
:1084400041140834378832460021204600F039FABA
:10845000050004D027E0A6F800A00520E6E7B9F162
:10846000000F24D03088B84201D90C251FE0607875
:1084700000F00705284600F012FA08EB050732461F
:1084800097F8E8014946401C87F8E801204607F5BF
:10849000F47700F016FA05463878401E387003204D
:1084A00000F0FDF92DB10C2D01D0A6F800A0284652
:1084B000BCE76078DC4E00F00701012923D00229D7
:1084C0000CD0032933D0FFDF98F801104046491C37
:1084D000C9B288F801100F2934D035E0616821B1A4
:1084E000000702D46088FFF723FE98F8EA014746A8
:1084F000012802D1707802F057FD97F9EA010428AB
:10850000E2DBFFDFE0E7616819B14422B06807F001
:108510004DFC98F8E9014746032802D1707802F033
:1085200043FD97F9E9010428CEDBFFDFCCE7C00665
:1085300002D56088FFF7FCFD98F9EB010628C3DB44
:10854000FFDFC1E780F801A08178491E8170617862
:1085500001F0070101EB080090F8E811491C80F8D0
:10856000E811A4E770B50D460446F8F764FE18B9A3
:108570002846F8F786FE08B1102070BD294620462F
:10858000BDE8704009F002BB70B5054609F021FB5B
:10859000C4B22846F8F793FE08B1102070BD35B17B
:1085A00028782C7018B1A04201D0072070BD204659
:1085B000FDF7D2FD052805D109F00FFB012801D0F8
:1085C000002070BD0F2070BD70B5044615460E46E4
:1085D0000846F8F730FE18B92846F8F752FE08B1F9
:1085E000102070BD022C03D0102C01D0092070BDCA
:1085F0002A463146204609F0F9FA0028F7D005202E
:1086000070BD70B514460D460646F8F714FE38B92D
:108610002846F8F736FE18B92046F8F750FE08B19C
:10862000102070BD22462946304609F0FEFA002887
:10863000F7D0072070BD3EB50446F8F722FE08B11A
:1086400010203EBD684606F0C0F9FFF75DFB00282C
:10865000F7D19DF806002070BDF808006080BDF8D5
:108660000A00A08000203EBD70B505460C460846B5
:10867000F8F725FE20B93CB12068F8F702FE08B1F2
:10868000102070BDA08828B121462846BDE8704062
:10869000FDF7BABD092070BD70B505460C46084609
:1086A000F8F7C9FD30B9681E1E2814D82046F8F71F
:1086B000C2FD08B1102070BD032D01D9072070BD87
:1086C00005B9FFDF594800EB850050F8041C20462F
:1086D000BDE870400847A5F120001F2805D82146B5
:1086E0002846BDE87040F9F7C1BCF02D0AD0BF2D77
:1086F000E4D1A078218800F0010001F08DFA68B182
:10870000002070BDA068F8F796FD0028D2D1204661
:1087100006F04CFDBDE87040FFF7F6BA082070BDCA
:1087200070B504460D460846F8F7ABFD30B9601E3B
:108730001E280FD82846F8F77EFD08B1102070BD1E
:10874000012C03D0022C01D0032C01D1062070BDD6
:10875000072070BDA4F120001F28F9D82946204623
:10876000BDE87040F9F7D0BC07F03AB81CB5002955
:108770001FD104F02AFE2C4800224178C06805F081
:108780001DFF29481030C0788DF8000010B1012875
:1087900002D004E0012000E000208DF800006846CF
:1087A00006F06BF9214824380068019001A806F012
:1087B000BFFA1CBD30B51B4D0446383D6878A04259
:1087C00000D8FFDF686800EB041030BD70B51548B5
:1087D000002538382C46467807E02046FFF7EAFFA8
:1087E0004078641C2844C5B2E4B2B442F5D12846AE
:1087F00070BD021D5143452900D245210844C01CCB
:10880000B0FBF2F0C0B270472DE9FC5F06460548A8
:108810004FF0000838388B464746444690F80190A0
:1088200029E000008C030020180000201CB101008A
:108830002046FFF7BFFF050000D1FFDF68786946DB
:108840003844C7B22846FEF7EAFF824601A9284607
:10885000FEF7FFFF0346BDF804005246001D81B23B
:10886000BDF80000001D80B207F0A6FC6A78641C09
:1088700000FB0288E4B24C45DAD13068C01C20F01D
:1088800003003060BBF1000F00D0002042463946A3
:1088900007F0A0FC316808443060BDE8FC9F5649F1
:1088A00008710020C87070475349CA782AB10A7805
:1088B00001EB42110831814201D0012070470020B4
:1088C00070472DE9F04106460078154600F00F0488
:1088D00000201080601E0F46052800D3FFDF4748A8
:1088E0002A4600EB8400394650F8043C3046BDE887
:1088F000F04118472DE9F0413F4E0C46383E4028E4
:1089000006D041281AD0422822D0432826D11AE086
:1089100020786578012801D913201DE5FF2D08D89E
:1089200009F0F4FA07460AF053FD381A401EA8422F
:1089300001DA122010E5208830810DE0BDE8F04119
:10894000084600F00DB80878022807D8307603E012
:108950000878022802D870760020FDE40720FBE4A6
:1089600038B50446407800F00300012803D00228FF
:108970000BD0072038BD606858B1F8F7A9FCD0B912
:108980006068F8F79CFC20B915E06068F8F753FCC4
:1089900088B969462046FBF77FF90028EAD160785C
:1089A00000F00300022808D19DF8000028B160689B
:1089B000F8F785FC08B1102038BD6189F8290ED878
:1089C000208988420BD8607800F003020A483838C2
:1089D000012A06D1D731C26989B28A4201D209205F
:1089E00038BD94E80E0000F10C0585E80E000AB9C8
:1089F00000218182002038BD8C03002004B10100D9
:108A00002DE9F041074614468846084601F024FD4A
:108A1000064608EB88001C22796802EBC0000D189E
:108A2000688C58B14146384601F025FD014678680A
:108A30000078C200082305F120000CE0E88CA8B102
:108A40004146384601F01EFD01467868082340780B
:108A5000C20005F1240007F000FA38B106212172A6
:108A60006681D0E90010C4E9031009E028780928DC
:108A70000BD00520207266816868E06000202870B5
:108A80002046BDE8F04101F0C8BC07202072668195
:108A9000F4E72DE9F04116460D460746406801EB24
:108AA00085011C2202EBC1014418204601F00CFD97
:108AB00040B10021708865F30F2160F31F4105204C
:108AC0000BF02CF909202070324629463846BDE8C3
:108AD000F04195E72DE9F0410E46074600241C21A0
:108AE000F07816E004EB8403726801EBC303D25CF8
:108AF0006AB1FFF7EBFA050000D1FFDF6F802A466D
:108B000021463046FFF7C5FF0120BDE8F081641C17
:108B1000E4B2A042E6D80020F7E770B5064600248C
:108B20001C21C0780AE000BF04EB8403726801EBEB
:108B3000C303D5182A782AB1641CE4B2A042F3D842
:108B4000402070BD28220021284604F01CFC7068DB
:108B500080892881204670BD70B5034600201C2501
:108B6000DC780CE000EB80065A6805EBC606324460
:108B7000167816B1128A8A4204D0401CC0B28442D0
:108B8000F0D8402070BDF0B5044600201C26E578E2
:108B90000EE000BF00EB8007636806EBC7073B44AD
:108BA0001F788F4202D15B78934204D0401CC0B240
:108BB0008542EFD84020F0BD0078032801D0002086
:108BC0007047012070470078022801D000207047CC
:108BD000012070470078072801D00020704701204D
:108BE00070472DE9F041064688461078F178154621
:108BF000884200D3FFDF2C781C27641CF078E4B295
:108C0000A04201D8201AC4B204EB8401706807EBBB
:108C1000C1010844017821B14146884708B12C7050
:108C200073E72878A042E8D1402028706DE770B53E
:108C300014460B880122A240134207D113430B8034
:108C400001230A22011D07F0D2F8047070BD2DE93E
:108C5000FF4F81B00878DDE90E7B9A4691460E46BB
:108C600040072CD4019807F06EFB040000D1FFDF11
:108C700007F1040820461FFA88F106F0BDFC050044
:108C800000D1FFDF204629466A4606F008FF00981B
:108C9000A0F80370A0F805A0284606F0AEFF017802
:108CA00069F306016BF3C711017020461FFA88F1C2
:108CB00006F0E5FC00B9FFDF019805F027FC06EBA4
:108CC0000900017F491C017705B0BDE8F08F2DE94F
:108CD000F84F0E469A4691460746032107F0EEF9F3
:108CE0000446008DDFF87C85002518B198F8000057
:108CF000B0421ED1384607F026FB070000D1FFDF47
:108D000009F10401384689B206F076FC050010D05E
:108D1000384629466A4606F0C2FE009800210A46F7
:108D20000180817005F067FC0098C01DCAF8000042
:108D300021E098F80000B04216D104F1260734F87B
:108D4000341F012000FA06F911EA090F00D0FFDFF5
:108D50002088012340EA090020800A22391D384674
:108D600007F060F8067006E0324604F1340104F1C1
:108D70002600FFF75CFF0A2188F800102846BDE8AE
:108D8000F88FFEB515460C46064602AB0C220621AE
:108D9000FFF79DFF002827D00299607812220A7001
:108DA000801C487008224A80A070029829880523F8
:108DB00081806988C180A9880181E9884181002575
:108DC0000C20CDE90005062221463046FFF73FFF83
:108DD0002946002266F31F41F02310460AF0F4FEF4
:108DE0006078801C60700120FEBD2DE9FE430C46BA
:108DF000804644E002AB0E2207214046FFF767FFA2
:108E0000002841D060681C2267788678BF1C06EB7A
:108E1000860102EBC10145180298142101704770C8
:108E20000A214180698A0181E98A4181A98881807A
:108E3000A9898181304601F00FFB029905230722A1
:108E4000C8806F700420287000250E20CDE9000531
:108E500021464046FFF7FBFE294666F30F2168F3E3
:108E60001F41F023002205200AF0AEFE6078FE4983
:108E7000801C607062682046921CFFF7B2FE60683A
:108E800080784028B6D10120BDE8FE83FEB50D46AE
:108E9000064638E002AB0E2207213046FFF717FFE7
:108EA000002835D068681C23C17801EB810203EBF0
:108EB000C2028418029815220270627842700A2257
:108EC0004280A2894281A2888281084601F0C4FAC8
:108ED000014602988180618AC180E18A0181A0886F
:108EE000B8B10020207000210E20CDE9000105233B
:108EF000072229463046FFF7AAFE6A68DB49284662
:108F0000D21CFFF76EFE6868C0784028C2D10120ED
:108F1000FEBD0620E6E72DE9FE430C46814644E00F
:108F2000204601F0BBFAD0B302AB08220721484625
:108F3000FFF7CDFE0028A7D060681C22657806796F
:108F4000AD1C06EB860102EBC10147180298B7F889
:108F5000108006210170457004214180304601F0E7
:108F60007BFA0146029805230722C180A0F80480FD
:108F70007D70082038700025CDE90005214648465F
:108F8000FFF765FE294666F30F2169F31F41F023C1
:108F9000002205200AF018FE6078801C607062686C
:108FA000B3492046121DFFF71CFE60680179402975
:108FB000B6D1012068E72DE9F34F83B00D4691E06B
:108FC000284601F06BFA00287ED068681C2290F8D1
:108FD00006A00AEB8A0102EBC1014418514628465B
:108FE00001F050FAA178CB0069684978CA000146BF
:108FF00004F1240006F04DFF07468188E08B4FF016
:109000000009091A8EB208B1C84607E04FF00108FE
:10901000504601F00CFA08B9B61CB6B2208BB0422B
:1090200000D80646B34602AB324607210398FFF745
:109030004EFE060007D0B8F1000F0BD0504601F0ED
:10904000F6F910B106E000203EE60299B8884FF02C
:10905000020908800196E28B3968ABEB09001FFA20
:1090600080F80A4403984E46009207F06CF9DDE957
:109070000021F61D4346009606F08BFDE08B404430
:1090800080B2E083B988884201D1012600E0002641
:10909000CDE900B6238A072229460398FFF7D7FDBA
:1090A000504601F0C4F910B9E089401EE0815EB17C
:1090B000A078401CA0706868E978427811FB02F142
:1090C000CAB20123816900E006E00E3006F08FFE8F
:1090D00080F800A00020E0836A6866492846921D57
:1090E000FFF77FFD6868817940297FF469AF01202F
:1090F000EAE570B5064648680D4614468179402970
:1091000010D104EB84011C2202EBC101084401F0E0
:10911000FCF9002806D06868294684713046BDE80D
:10912000704048E770BDFEB50C460746002645E096
:10913000204601F0B3F9D8B360681C22417901EBF5
:10914000810102EBC1014518688900B9FFDF02AB5C
:10915000082207213846FFF7BAFD002833D00299CC
:10916000607816220A70801C48700420488060686D
:10917000407901F071F901460298052307228180A8
:109180006989C1800820CDE9000621463846FFF7ED
:109190005EFD6078801C6070A88969890844B0F51C
:1091A000803F00D3FFDFA88969890844A8816E81C8
:1091B000626831492046521DFFF713FD606841790E
:1091C0004029B5D10120FEBD30B5438C458BC3F39A
:1091D000C704002345B1838B641EED1AC38A6D1E3C
:1091E0001D4495FBF3F3E4B22CB1008918B1A04201
:1091F00000D8204603444FF6FF70834200D3034655
:1092000013800C7030BD2DE9FC41074616460D4613
:10921000486802EB86011C2202EBC10144186A4631
:1092200001A92046FFF7D0FFA089618901448AB2D5
:10923000BDF80010914212D0081A00D500206081BC
:109240006868407940280AD1204601F054F9002886
:1092500005D06868294646713846FFF764FFBDE8C7
:10926000FC8100002C000020B98B0000C78B00009F
:10927000D58B00000BA50000F7A400002DE9FE4FE0
:109280000F46814615465088032106F017FF0190CE
:10929000B9F8020001F0D3F882460146019801F0C6
:1092A000FDF8002824D001981C2241680AEB8A00AE
:1092B00002EBC0000C18204601F006F9002817D177
:1092C000B9F80000E18A88420ED8A18961B1B8429C
:1092D0000ED100265146019801F0CDF8218C01EB0A
:1092E0000008608B30B114E0504601F0A0F8A0B344
:1092F000BDE8FE8F504601F09AF808B1678308E098
:10930000022FF5D3B9F804006083618A884224D81B
:109310000226B81B87B2B8F80400A28B801A002876
:1093200014DD874200DA38461FFA80FB68886968D6
:109330000291D8F800100A44009206F0F2FFF61DE0
:10934000009A5B460299009606F0EFFBA08B38442A
:1093500080B2A083618B884207D96888019903B0E5
:109360005246BDE8F04F01F0EDB81FD14FF00900B3
:109370002872B9F802006881D8E90010C5E9041024
:10938000608BA881284601F048F85146019801F009
:1093900072F801460198082340680078C20004F181
:1093A000200006F05AFD0020A0836083504601F0A3
:1093B0003EF810B9A089401EA0816888019903B0C9
:1093C0000AF0FF02BDE8F04F1DE72DE9F041064627
:1093D00015460F461C461846F7F72DFF18B92068AA
:1093E000F7F74FFF08B110201AE47168688C09780C
:1093F000B0EBC10F01D3132012E43946304601F01F
:109400003AF80146706808230078C20005F1200090
:1094100006F0EDFCD4E90012C0E90012002005E4DA
:1094200010B50446032106F049FE014600F114027E
:109430002046BDE81040A4E470B50446032106F0C0
:109440003DFE054601462046FFF765FD002816D083
:1094500029462046FFF767FE002810D029462046FF
:10946000FFF714FD00280AD029462046FFF7BDFC6F
:10947000002804D029462046BDE870409BE570BD19
:109480002DE9F0410C4680461EE0E178427811FB60
:1094900002F1CAB2816901230E3006F0DEFC0778C2
:1094A00060681C22C179491EC17107EB87016068A1
:1094B00002EBC10146183946204600F0EFFF18B113
:1094C000304600F0FAFF20B16068C1790029DCD194
:1094D0008AE7FEF7FBFD050000D1FFDF0A202872B6
:1094E000384600F0B9FF68813946204600F0CAFFCF
:1094F0000146606808234078C20006F1240006F0A7
:10950000ACFCD0E90010C5E90310A5F8028028469C
:1095100000F083FFB07800B9FFDFB078401EB07074
:1095200062E770B50C460546032106F0C7FD01460B
:109530004068C2792244C2712846BDE870409FE766
:109540002DE9FE4F8246507814460F464FF0000832
:10955000002850D0012807D0022822D0FFDF206841
:10956000B8606068F860C3E602AB0E22082150467E
:10957000FFF7ADFB0028F2D00298152105230170FA
:10958000217841700A214180C0F80480C0F8088029
:10959000A0F80C80628882810E20CDE900080822A4
:1095A00021E0A678304600F057FF054606EB86011D
:1095B0002C22786802EBC1010822465A02AB114600
:1095C0005046FFF784FB0028C9D00298072101709C
:1095D000217841700421418008218580C680CDE931
:1095E000001805230A4639464FEA0A00FFF72FFB09
:1095F00087F808807CE6A678022516B1022E13D0E3
:10960000FFDF2A1D914602AB08215046FFF75FFBA2
:109610000028A4D002980121022E01702178417007
:109620004580868002D005E00625EAE7A188C18052
:10963000E1880181CDE9009805230822394650468A
:10964000D4E710B50446032106F038FD014600F1C9
:1096500008022046BDE8104072E72DE9F04F0F46A2
:10966000054687B014465088032106F027FD4FF0C9
:1096700000088DF808800646ADF80A80042F5CD3F8
:109680006A78002A59D028784FF6FF794FF01C0AE3
:10969000132815D006DC01286FD006282BD0072808
:1096A00006D16EE0142869D0152868D0162867D036
:1096B000CDF80080CDF8048068788DF8000037E0A0
:1096C000B078904239D13078010736D5062F34D1A1
:1096D00020F0080030706088414660F31F41002090
:1096E0000AF01CFB02208DF80800ADF80C90A88849
:1096F000ADF80E00F4E0082F1FD1A888EF8881464E
:1097000000F09DFE80460146304600F0C7FE18B1CD
:10971000404600F08CFE98B1FA48D0E90010CDE93F
:1097200000106878ADF804908DF80000ADF8067070
:1097300060886A463146FFF703FF07B0BDE8F08F47
:10974000716808EB88002C2202EBC000085AB8426E
:10975000F3D1EC486A46D0E90210CDE900106878F0
:109760008DF8000008F0FF058DF802506088314642
:10977000FFF7E6FE2246294623E097E025E0CEE00B
:1097800023E1082FD9D1B5F80480E88800F057FE0E
:1097900007460146304600F081FE0028CDD007EB99
:1097A000870271680AEBC2000844028A4245C4D1AC
:1097B00001780829C1D1407869788842BDD1F9B2D1
:1097C00022463046FFF765F9B7E70E2F7FF470AFFA
:1097D000E9886F898B46B5F808903046FFF7BCF9E9
:1097E000ABF14001402901D3092048E0B9F1170F3E
:1097F00001D3172F01D20B2041E040280ED000EBFF
:10980000800271680AEBC20008440178012903D183
:1098100040786978884290D00A2030E03046FFF7DF
:109820007CF940282AD000EB800372680AEBC30160
:1098300002EB0108012288F800206A7888F80120EC
:109840007168AA884989B94200D93946AD8903238C
:109850002372A282E7812182A4F80C90658200F035
:10986000FBFD6081A8F81490A8F81870A8F80E50B5
:10987000A8F810B0204600F0D0FD5EE704200521D6
:109880002172A4F80A80E081012121739D49D1E968
:109890000421CDE9002169788DF80010ADF80200AF
:1098A00060886A463146FFF74BFEE3E7062F8BD30D
:1098B000B07890421AD13078010717D520F008000F
:1098C00030706088414660F31F4100200AF026FA9C
:1098D00002208DF80800A888ADF80C00ADF80E90B5
:1098E0006088224602A9F8F785FB26E70421304666
:1098F000FFF749F905464028BFD0022083030090B6
:1099000022462946304600F0E6FD4146608865F370
:109910000F2160F31F4105200AF000FA0DE70E2F1A
:10992000ABD104213046FFF72EF981464028A4D060
:109930004146608869F30F2160F31F4105200AF05A
:10994000EDF9A88906906889009070682F89408990
:10995000B84200D938468346B5F80680A8880190F9
:10996000484600F079FD6081069818B10220009009
:10997000069B24E0B8F1170F1ED3172F1CD3042029
:10998000207200986082E781A4F810B0A4F80C80DF
:1099900009EB890271680AEBC2000D18DDE90002CB
:1099A000A5F81480A5F818B0E8812A82204600F0B6
:1099B00034FD06202870C0E601200B2300902246CB
:1099C0004946304600F087FDB7E6082F8DD1A988BB
:1099D0003046FFF7C1F80746402886D000F027FD43
:1099E00000289BD107EB870271680AEBC20008448C
:1099F000804600F069FD002890D1ED88B8F80E008F
:109A00002844B0F5803F05D360883A46314600F0DF
:109A100099FD92E6002DCED0A8F80E0060883A4657
:109A20003146FFF766FB08202072384600F014FD2F
:109A30006081A5811EE72DE9F05F0C4601281ED04C
:109A4000957992F80480567905EB85011F2202EB87
:109A5000C10121F0030B08EB060111FB05F14FF6E4
:109A6000FF7202EAC10909F1030115FB0611264F35
:109A700021F0031ABB6840B101283ED125E061689E
:109A8000E57891F800804E78DEE75946184606F0F2
:109A900062F9606000B9FFDF5A460021606803F098
:109AA00072FCE5705146B86806F055F96168486186
:109AB00000B9FFDF6068426902EB090181616068FB
:109AC00080F800806068467017E06068524641691F
:109AD000184606F06BF95A466168B86806F066F9F0
:109AE000032006F097FA0446032006F09BFA201A9A
:109AF000012802D1B86806F023F90BEB0A00BDE893
:109B0000F09F000028B101002C0000200246002137
:109B1000022090E7F7B5FF4C0A2016462070009807
:109B200060B100254FEA0D0006F0F7F80021A170A2
:109B30006670002D01D10099A160FEBD01250020B5
:109B4000F2E770B50C46154638220021204603F096
:109B50001AFC012666700A22002104F11C0003F0A1
:109B600012FC05B9FFDF297A207861F3010020702B
:109B7000A87900282DD02A4621460020FFF75BFF58
:109B800061684020E34A88706168C8706168087144
:109B900061684871616888716168288808816168B6
:109BA00068884881606886819078002811D0616853
:109BB0000620087761682888C885616828884886F3
:109BC0006068068560686988928801868186468516
:109BD000828570BDC878002802D0002201202AE7C3
:109BE000704770B50546002165F31F4100200AF05B
:109BF00095F80321284606F061FA040000D1FFDF42
:109C000021462846FEF766FF002804D0207840F061
:109C100010002070012070BD70B505460C46032071
:109C200006F0EAF908B1002070BDBA48857084805A
:109C3000012070BD2DE9FF4180460E460F0CFEF756
:109C400045FA050007D06F800321384606F036FA42
:109C5000040008D106E004B03846BDE8F041132105
:109C6000F8F79EBDFFDF5FEA080005D0B8F1050FE9
:109C700018D0FFDFBDE8FF8120782A4620F00800D9
:109C800020700020ADF8020002208DF800004FF691
:109C9000FF70ADF80400ADF8060069463846F8F7E5
:109CA000A9F9E7E7C6F3072101EB81021C236068ED
:109CB00003EBC202805C042803D008280AD0FFDF2F
:109CC000D8E7012000904FF440432A46204600F098
:109CD00002FCCFE704B02A462046BDE8F041FEF77B
:109CE000D8BE2DE9F05F05464089002790460C4616
:109CF0003E46824600F0A3FB8146287AC01E082813
:109D00006BD2DFE800F00D04192058363C4772276B
:109D10001026002C6CD0D5E90301C4E902015CE0F7
:109D200070271226002C63D00A2205F10C0104F1E1
:109D3000080003F0FEFA50E071270C26002C57D0E3
:109D4000E868A06049E0742710269CB3D5E90301B8
:109D5000C4E902016888032106F0B0F98346FEF7E2
:109D6000B5F902466888508049465846FEF748FED5
:109D700033E075270A26ECB1A88920812DE07627EB
:109D80001426BCB105F10C0004F1080307C883E8F0
:109D9000070022E07727102664B1D5E90301C4E962
:109DA00002016888032106F089F901466888FFF7F7
:109DB00067FB12E01CE073270826CCB168880321FA
:109DC00006F07CF901460078C00606D56888FEF7E3
:109DD00081FE10B96888F7F703FEA8F800602CB17F
:109DE0002780A4F806A066806888A080002086E608
:109DF000A8F80060FAE72DE9FC410C461E4617461C
:109E00008046032106F05AF905460A2C0AD2DFE8FB
:109E100004F005050505050509090907042303E004
:109E2000062301E0FFDF0023CDE900762246294624
:109E30004046FEF70CFFBDE8FC81F8B50546A0F5ED
:109E40007F40FF382BD0284606F06BFA040000D183
:109E5000FFDF204605F001FE002821D001466A46BA
:109E6000204605F01CFE00980321B0F80560284646
:109E700006F024F90446052E13D0304600F0DFFA30
:109E800005460146204600F009FB40B1606805EB3D
:109E900085013E2202EBC101405A002800D001207A
:109EA000F8BD007A0028FAD00020F8BDF8B50446C5
:109EB000408806F036FA050000D1FFDF6A462846E2
:109EC000616800F0A8FA01460098091F8BB230F8CB
:109ED000032F0280428842800188994205D1042ADA
:109EE00008D0052A20D0062A16D022461946FFF7A8
:109EF000C5F9F8BD001D0E4605460146224630460E
:109F0000FBF763F90828F4D1224629463046FCF7CE
:109F1000C2F9F8BD2C000020636864880A46011D60
:109F20002046F9F7C5FBF4E72246001DFFF795FB35
:109F3000EFE770B50D460646032106F0BFF80400B2
:109F400004D02078000704D5112070BD43F2020030
:109F500070BD2A4621463046FEF713FF18B928681F
:109F600060616868A061207840F0080020700020DF
:109F700070BD2DE9F04F0E4691B08046032106F0EA
:109F80009DF80446404606F0DEF90746002007909B
:109F900008900990ADF830000A9002900390049068
:109FA00004B9FFDF0DF10809FFB9FFDF1DE03846F6
:109FB0000BA9002205F014FC9DF82C0000F07F0591
:109FC0000A2D00D3FFDF6019017F491E01779DF83C
:109FD0002C00000609D52A460CA907A8FEF727FE83
:109FE00019F80510491C09F80510761EF6B2DED2E4
:109FF00004F13400F84D04F1260BDFF8E0A304F17E
:10A000002A07069010E05846069900F08DFA064699
:10A0100028700A2800D3FFDF5AF8261040468847E8
:10A02000E08CC05DB04202D0208D0028EBD10A2028
:10A030002870EA4D4E4628350EE00CA907A800F01E
:10A0400073FA0446375D55F8240000B9FFDF55F870
:10A050002420394640469047BDF81E000028ECD128
:10A0600011B0BDE8F08F10B5032106F027F8040009
:10A0700000D1FFDF0A22002104F11C0003F083F964
:10A08000207840F00400207010BD10B50C4603216C
:10A0900006F014F82044007F002800D0012010BDF5
:10A0A0002DE9F84F894615468246032106F006F849
:10A0B000070004D02846F7F7BEF840B903E043F2A2
:10A0C0000200BDE8F88F4846F7F7DBF808B110202A
:10A0D000F7E7786828B169880089814201D90920A9
:10A0E000EFE7B9F800001C2488B100F0A8F9804619
:10A0F0000146384600F0D2F988B108EB880079684B
:10A1000004EBC000085C01280BD00820D9E73846D2
:10A11000FEF703FD8046402807D11320D1E7052034
:10A12000CFE7FDF7D3FF06000BD008EB8800796876
:10A1300004EBC0000C18B9F8000020B1E88910B198
:10A1400013E01120BDE72888172802D36888172854
:10A1500001D20720B5E7686838B12B1D2246414679
:10A160003846FFF732F90028ABD104F10C026946FA
:10A170002046FFF729F8288860826888E082B9F8CD
:10A18000000030B102202070E889A080E889A0B1E9
:10A190002BE003202070A889A0807868817840296E
:10A1A00005D180F8028039465046FEF71EFE404633
:10A1B00000F052F9A9F8000021E07868218B40896D
:10A1C000884200D908462083A6F802A004203072F5
:10A1D000B9F800007081E0897082F181208B3082B3
:10A1E000A08AB081304600F018F97868C17840291B
:10A1F00005D180F8038039465046FEF747FE00201F
:10A200005FE770B50D460646032105F057FF0400D1
:10A210000ED0284600F013F905460146204600F00E
:10A220003DF918B1284600F002F920B1052070BDB3
:10A2300043F2020070BD05EB85011C22606802EB51
:10A24000C101084400F040F908B1082070BD2A4659
:10A250002146304600F076F9002070BD2DE9F0412E
:10A260000C4617468046032105F028FF0546204688
:10A2700000F0E5F8044695B10146284600F00EF9D5
:10A2800080B104EB84011C22686802EBC10146180E
:10A29000304600F019F938B10820BDE8F08143F2EA
:10A2A0000200FAE70520F8E73B46324621462846F9
:10A2B000FFF78BF80028F0D1E2B229464046FEF7BE
:10A2C000A2FF708C0838082803D24348407800F079
:10A2D0006BFE0020E1E72DE9F0410D461746804670
:10A2E000032105F0EBFE0446284600F0A8F80646D8
:10A2F00024B13846F6F79FFF38B902E043F2020076
:10A30000CBE73868F6F797FF08B11020C5E731466C
:10A31000204600F0C3F860B106EB86011C2260689D
:10A3200002EBC1014518284600F0CEF818B108200C
:10A33000B3E70520B1E7B888A98A884201D90C2083
:10A34000ABE76168E88C4978B0EBC10F01D313200B
:10A35000A3E73146204600F095F8014660680823DF
:10A360004078C20005F1240005F041FDD7E9001254
:10A37000C0E90012F2B221464046FEF7BAFE0020C4
:10A380008BE72DE9F0470D461F4690468146032195
:10A3900005F094FE0446284600F051F806463CB10C
:10A3A0004DB13846F6F78BFF50B11020BDE8F0876D
:10A3B00043F20200FAE7606858B1A0F80C8028E088
:10A3C0003146204600F06AF818B1304600F02FF808
:10A3D00030B10520EAE700002C00002040B1010068
:10A3E00006EB86011C22606802EBC1014518284675
:10A3F00000F06AF808B10820D8E7A5F80880F2B2A2
:10A4000021464846FEF7FFFE1FB1A8896989084426
:10A4100038800020CAE705F042BB017821F00F0127
:10A42000491C21F0F00110310170FDF753BE20B935
:10A430004E48807808B101207047002070474B4992
:10A440008988884201D100207047402801D24020ED
:10A4500000E0403880B2704710B50446402800D96B
:10A46000FFDF2046FFF7E3FF10B14048808810BDB2
:10A470004034A0B210BD406842690078484302EB06
:10A48000C0007047C2784068037812FB03F243783B
:10A49000406901FB032100EBC1007047C2788A428A
:10A4A00009D9406801EB81011C2202EBC101405C2B
:10A4B00008B101207047002070470078062801D9B4
:10A4C00001207047002070470078062801D0012045
:10A4D000704700207047F0B401EB81061C274468E8
:10A4E00007EBC6063444049D05262670E3802571DB
:10A4F000F0BCFEF785BA10B5418911B1FFF7DDFF59
:10A5000008B1002010BD012010BD10B5C18C8278AB
:10A51000B1EBC20F04D9C18911B1FFF7CEFF08B169
:10A52000002010BD012010BD10B50C4601230A22E9
:10A53000011D05F092FC00782188012282409143A0
:10A54000218010BDF0B402EB82051C264C6806EB9E
:10A55000C505072363554B681C79402C03D11A713C
:10A56000F0BCFEF7D8BCF0BC704700002C00002007
:10A5700070B50B2000F0BDF9082000F0BAF90021F9
:10A580000B2000F0D4F90021082000F0D0F9F44CA1
:10A5900001256560A5600020C4F84001C4F84401AD
:10A5A000C4F848010B2000F0B5F9082000F0B2F91A
:10A5B0000B2000F091F9256070BD10B50B2000F064
:10A5C00098F9082000F095F9E54801214160816083
:10A5D000E4490A68002AFCD10021C0F84011C0F803
:10A5E0004411C0F848110B2000F094F9BDE8104068
:10A5F000082000F08FB910B50B2000F08BF9BDE8F2
:10A600001040082000F086B900B530B1012806D00E
:10A61000022806D0FFDF002000BDD34800BDD3488C
:10A6200000BDD248001D00BD70B5D1494FF00040BB
:10A630000860D04DC00BC5F80803CF480024046063
:10A64000C5F840410820C43500F053F9C5F83C4135
:10A65000CA48047070BD08B5C14A002128B101285C
:10A6600011D002281CD0FFDF08BD4FF48030C2F8A3
:10A670000803C2F84803BB483C300160C2F84011EF
:10A68000BDE80840D0E74FF40030C2F80803C2F834
:10A690004803B44840300160C2F84411B3480CE0AC
:10A6A0004FF48020C2F80803C2F84803AD48443094
:10A6B0000160C2F84811AD48001D0068009008BD57
:10A6C00070B516460D460446022800D9FFDF002269
:10A6D000A348012304F110018B4000EB8401C1F871
:10A6E000405526B1C1F84021C0F8043303E0C0F85A
:10A6F0000833C1F84021C0F8443370BD2DE9F04162
:10A700001D46144630B1012833D0022838D0FFDF6F
:10A71000BDE8F081891E002221F07F411046FFF73D
:10A72000CFFF012D23D00020944D924F0126687059
:10A730003E61914900203C3908600220091D0860F3
:10A740008D490420303908608B483D34046008206E
:10A750006C6000F0DFF83004C7F80403082000F054
:10A76000BBF88349F007091F08602E70D0E701206D
:10A77000DAE7012B02D00022012005E00122FBE7ED
:10A78000012B04D000220220BDE8F04198E701220D
:10A79000F9E774480068704770B500F0D8F8704C5D
:10A7A0000546D4F840010026012809D1D4F8080351
:10A7B000C00305D54FF48030C4F80803C4F84061E5
:10A7C000D4F8440101280CD1D4F80803800308D53B
:10A7D0004FF40030C4F80803C4F84461012008F0C5
:10A7E00014FAD4F8480101280CD1D4F80803400326
:10A7F00008D54FF48020C4F80803C4F8486102204B
:10A8000008F003FA5E48056070BD70B500F09FF86F
:10A810005A4D0446287850B1FFF706FF687818B102
:10A820000020687008F0F1F95548046070BD0320FD
:10A83000F8E74FF0E0214FF40010C1F80002704734
:10A84000152000F067B84B4901200861082000F08E
:10A8500061B848494FF47C10C1F808030020024653
:10A8600001EB8003C3F84025C3F84021401CC0B26F
:10A870000628F5D37047410A43F609525143C0F305
:10A88000080010FB02F000F5807001EB50207047CB
:10A8900010B5430B48F2376463431B0C5C020C6039
:10A8A000384C03FB0400384B4CF2F72443435B0D58
:10A8B00013FB04F404EB402000F58070401210708C
:10A8C00008681844086010BD2C4840687047294942
:10A8D0000120C1F800027047002809DB00F01F02C8
:10A8E000012191404009800000F1E020C0F80011F2
:10A8F000704700280DDB00F01F0201219140400944
:10A90000800000F1E020C0F88011BFF34F8FBFF34B
:10A910006F8F7047002809DB00F01F020121914072
:10A920004009800000F1E020C0F88012704749071C
:10A93000090E002804DB00F1E02080F800147047C5
:10A9400000F00F0000F1E02080F8141D70470C4863
:10A95000001F00680A4A0D49121D1160704700006F
:10A9600000B0004004B500404081004044B10040C8
:10A9700008F501400080004040850040380000207C
:10A9800014050240F7C2FFFF6F0C01000100000137
:10A9900010B5EFF3108000F0010472B6FC48417866
:10A9A000491C41704078012801D108F081FD002C3C
:10A9B00000D162B610BD70B5F54CA07848B901253C
:10A9C000A570FFF7E5FF08F084FD20B1002008F036
:10A9D0004EFD002070BD4FF08040E570C0F804537C
:10A9E000F7E770B5EFF3108000F0010572B6E84CA0
:10A9F000607800B9FFDF6078401E6070607808B949
:10AA000008F05AFD002D00D162B670BDE04810B5C7
:10AA1000817821B10021C1708170FFF7E2FF002031
:10AA200010BD10B5044608F054FDD9498978084096
:10AA300000D001202060002010BD10B5FFF7A8FF56
:10AA400008F047FD02220123D149540728B1D1481B
:10AA5000026023610320087202E00A72C4F8043322
:10AA60000020887110BD2DE9F84FDFF8249342785B
:10AA7000817889F80420002689F80510074689F8AE
:10AA800006600078DFF810B3354620B1012811D0F8
:10AA9000022811D0FFDF08F02EFD4FF0804498B15E
:10AAA00008F030FDB0420FD1304608F02FFD0028ED
:10AAB000FAD042E00126EEE7FFF76AFF5846016848
:10AAC000C907FCD00226E6E70120E060C4F8045183
:10AAD000B2490E600107D1F84412B04AC1F34231C5
:10AAE00024321160AD49343108604FF0020AC4F8D5
:10AAF00004A3A060AA480168C94341F3001101F111
:10AB00000108016841F01001016001E010F030F926
:10AB1000D4F804010028F9D0304608F0F7FC0028EA
:10AB2000FAD0B8F1000F04D19D48016821F010015E
:10AB30000160C4F808A3C4F8045199F805004E4612
:10AB400080B1387870B908F0C4FC804608F0CAFEBD
:10AB50006FF00042B8F1000F02D0C6E9032001E017
:10AB6000C6E90302DBF80000C00701D008F0ADFC25
:10AB7000387810B13572BDE8F88F4FF01808C4F876
:10AB800008830127A7614FF42070ADF8000000BFD3
:10AB9000BDF80000411EADF80010F9D2C4F80C5108
:10ABA000C4F810517A48C01D08F030FD3570FFF729
:10ABB00044FF67617949307920310860C4F8048323
:10ABC000D9E770B5050000D1FFDF4FF080424FF0AC
:10ABD000FF30C2F808030021C2F80011C2F80411C6
:10ABE000C2F80C11C2F81011694C617008F07DFCBC
:10ABF00010B10120A070607067480068C00701D0E4
:10AC000008F063FC2846BDE870402CE76048007AF5
:10AC1000002800D0012070472DE9F04F61484FF027
:10AC2000000A85B0D0F800B0D14657465D4A5E496B
:10AC3000083211608406D4F8080110B14FF0010801
:10AC400001E04FF0000808F0B4FC78B1D4F824011A
:10AC500000B101208246D4F81C0100B101208146D8
:10AC6000D4F8200108B1012700E00027D4F8000142
:10AC700000B101200490D4F8040100B10120039038
:10AC8000D4F80C0100B101200290D4F8100100B1F9
:10AC900001203F4D0190287800260090B8F1000F68
:10ACA00004D0C4F80861012008F0E1FBBAF1000FFC
:10ACB00004D0C4F82461092008F0D9FBB9F1000FD1
:10ACC00004D0C4F81C610A2008F0D1FB27B1C4F8F5
:10ACD00020610B2008F0CBFB2D48C01D08F09EFC26
:10ACE00000B1FFDFDFF8AC800498012780B1C4F821
:10ACF0000873E87818B1EE70002008F0B8FB287AE5
:10AD0000022805D1032028720221C8F8001027610B
:10AD1000039808B1C4F80461029850B1C4F80C61FA
:10AD2000287A032800D0FFDFC8F800602F72FFF7F1
:10AD300058FE019838B1C4F81061287A012801D171
:10AD400000F05CF86761009838B12E70287A01280D
:10AD500001D1FFF772FEFFF744FE0D48C01D08F059
:10AD600073FC1049091DC1F800B005B0BDE8F08FB3
:10AD7000074810B5C01D08F051FC0549B0B10120CD
:10AD800008704FF0E021C1F80002BDE81040FFE577
:10AD900040000020340C00400C0400401805004026
:10ADA00010ED00E01005024001000001087A0128C2
:10ADB00001D1FFF742FEBDE81040244808F044BC32
:10ADC00070B5224CE41FA07808B908F075FB01208B
:10ADD0008507A861207A0026032809D1D5F80C013F
:10ADE00020B9002008F092FB0028F7D1C5F80C61CB
:10ADF00026724FF0FF30C5F8080370BD70B5134CD4
:10AE0000E41F6079F0B1012803D0A179401E81428E
:10AE100018DA08F05EFB054608F064FD6179012947
:10AE200002D9A179491CA1710DB1216900E0E16845
:10AE3000411A022902DA11F1020F06DC0DB120617C
:10AE400000E0E060BDE87040F7E570BD470000201D
:10AE5000374901200860704770B50D2000F049F8AF
:10AE6000344C0020C4F800010125C4F804530D201F
:10AE700000F050F825604FF0E0216014C1F80001A7
:10AE800070BD10B50D2000F034F82A480121416052
:10AE90000021C0F80011BDE810400D2000F03AB8C4
:10AEA000254810B504682449244808310860214920
:10AEB000D1F80001012804D0FFDF1F48001D046005
:10AEC00010BD1B48001D00680022C0B2C1F800215F
:10AED00008F05FFCF1E710B5164800BFD0F800118C
:10AEE0000029FBD0FFF7DCFFBDE810400D2000F08B
:10AEF00011B800280DDB00F01F020121914040092C
:10AF0000800000F1E020C0F88011BFF34F8FBFF345
:10AF10006F8F7047002809DB00F01F02012191406C
:10AF20004009800000F1E020C0F880127047000066
:10AF300004D5004000D0004010050240010000018F
:10AF40004FF0E0214FF00070C1F8800101F5C071B1
:10AF5000BFF34F8FBFF36F8FC1F80001394B8022D1
:10AF600083F8002441F8800C704700B502460420A5
:10AF7000354903E001EBC0031B792BB1401EC0B281
:10AF8000F8D2FFDFFF2000BD41F8302001EBC00107
:10AF900000224A718A7101220A7100BD2A4A0021E9
:10AFA00002EBC0000171704710B50446042800D3BD
:10AFB000FFDF254800EBC4042079012800D0FFDF23
:10AFC0006079A179401CC0B2814200D060714FF01D
:10AFD000E0214FF00070C1F8000210BD70B50425EB
:10AFE000194E1A4C16E0217806EBC1000279012AAD
:10AFF00008D1427983799A4204D04279827156F815
:10B00000310080472078401CC0B22070042801D352
:10B01000002020706D1EEDB2E5D270BD0C4810B559
:10B0200004680B490B4808310860064890F8000492
:10B030004009042800D0FFDFFFF7D0FF0448001DBF
:10B04000046010BD19E000E07805002054000020E5
:10B0500010050240010000010F4A12680D498A42A2
:10B060000CD118470C4A12680A4B9A4206D101B516
:10B0700008F00AFC08F0DDFEBDE801400749096858
:10B080000958084706480749054A064B704700001B
:10B0900000000000BEBAFECA5800002004000020D4
:10B0A000B00F0020B00F002070B50C46054600F030
:10B0B00045FB21462846BDE8704001F026BC000053
:10B0C000F8B51D46DDE906470E000AD005F03BF94C
:10B0D0002346FF1DBCB231462A46009404F059FDB8
:10B0E000F8BDD0192246194602F023F92046F8BDD2
:10B0F00070B50D4604461022002102F044F9258166
:10B1000017206081A07B40F00A00A07370BD4FF64D
:10B11000FF720A800146022008F000BE70470089D5
:10B120007047827BD30701D1920703D480890880BE
:10B130000020704705207047827B920700D58181EF
:10B14000704701460020098841F6FE52114200D0A6
:10B150000120704700B50346807BC00701D0052061
:10B1600000BD59811846FFF7ECFFC00703D0987B5C
:10B1700040F004009873987B40F001009873002021
:10B1800000BD827B520700D509B140897047172066
:10B190007047827B61F3C302827370472DE9FC5FC5
:10B1A0000E46044601789646012000FA01F14DF65C
:10B1B000FF5201EA020962684FF6FF7B1188594588
:10B1C00002D10920BDE8FC9FB9F1000F05D041F67E
:10B1D000FE55294201D00120F4E741EA090111801E
:10B1E0001D0014D000232B7094F800C00521032209
:10B1F0001F464FF0020ABCF10E0F76D2DFE80CF0CA
:10B20000F909252F47646B77479193B4D1D804206F
:10B21000D8E7616820898B7B9B0767D517284AD3BD
:10B220000B89834247D38989172901D3814242D1AF
:10B2300085F800A0A5F80100328061688881606807
:10B24000817B21F002018173C6E0042028702089EF
:10B25000A5F801006089A5F803003180BCE0208AD0
:10B260003188C01D1FFA80F8414524D3062028707C
:10B270002089A5F801006089A5F80300A089A5F838
:10B2800005000721208ACDE90001636941E00CF047
:10B29000FF00082810D0082028702089A5F8010098
:10B2A0006089A5F8030031806A1D694604F10C002D
:10B2B00006F0BBFC10B15EE01020EDE730889DF891
:10B2C00000100844308087E00A2028702089A5F803
:10B2D0000100328044E00C2028702089A5F801008C
:10B2E0006089A5F8030031803AE082E064E02189BA
:10B2F000338800EB41021FFA82F843453BD3B8F193
:10B30000050F38D30E222A700BEA4101CDE9001057
:10B31000E36860882A467146FFF7D2FEA6F80080EF
:10B320005AE04020287060893188C01C1FFA80F8DC
:10B33000414520D32878714620F03F001230287014
:10B340002089A5F801006089CDE9000260882A46BD
:10B35000E368FFF7B5FEA6F80080287840063BD4E6
:10B3600061682089888037E0A0893288401D1FFAF3
:10B3700080F8424501D204273DE01620287020893C
:10B38000A5F801006089A5F80300A089CDE90001B6
:10B3900060882A4671462369FFF792FEA6F800806E
:10B3A000DEE718202870207A6870A6F800A013E065
:10B3B00061680A88920401D405271CE0C9882289A3
:10B3C000914201D0062716E01E2129703080606866
:10B3D000018821F400510180B9F1000F0BD0618880
:10B3E00078230022022008F0EFFB61682078887043
:10B3F00006E0338003276068018821EA09010180A3
:10B400003846DFE62DE9FF4F85B01746129C0D0048
:10B410001E461CD03078C10703D000F03F00192829
:10B4200001D9012100E000212046FFF7AAFEA84231
:10B430000DD32088A0F57F41FF3908D03078410630
:10B4400001D4000605D5082009B0BDE8F08F07201B
:10B45000FAE700208DF800008DF8010030786B1EAF
:10B4600000F03F0C0121A81E4FF0050A4FF0020921
:10B470004FF0030B9AB2BCF1200F75D2DFE80CF04D
:10B480008B10745E7468748C749C74B574BA74C8D0
:10B4900074D474E1747474F174EF74EE74ED748B9D
:10B4A000052D78D18DF80090A0788DF80400708873
:10B4B000ADF8060030798DF80100707800F03F009B
:10B4C0000C2829D00ADCA0F10200092863D2DFE8A9
:10B4D00000F0126215621A621D622000122824D048
:10B4E00004DC0E281BD01028DBD11BE016281FD04F
:10B4F0001828D6D11FE02078800701E02078400787
:10B50000002848DAEEE020780007F9E72078C00646
:10B51000F6E720788006F3E720784006F0E7207809
:10B520000006EDE72088C005EAE720884005E7E748
:10B5300020880005E4E72088C004E1E72078800740
:10B5400029D5032D27D18DF800B0B6F8010081E090
:10B55000217849071FD5062D1DD381B270780128A7
:10B5600003D0022817D102E0C9E0022000E0102039
:10B5700004228DF8002072788DF80420801CB1FB25
:10B58000F0F2ADF8062092B242438A4203D103970B
:10B59000ADF80890A6E079E02078000776D598B25B
:10B5A00082088DF800A0ADF80420B0EB820F6DD1B9
:10B5B0000297ADF8061095E02178C90666D5022DF0
:10B5C00064D381B206208DF80000707802285DD324
:10B5D000B1FBF0F28DF80400ADF8062092B24243C0
:10B5E0008A4253D1ADF808907BE0207880064DD593
:10B5F000072003E0207840067FD508208DF8000062
:10B60000A088ADF80400ADF80620ADF8081068E099
:10B610002078000671D50920ADF804208DF80000CF
:10B62000ADF8061002975DE02188C90565D5022DA9
:10B6300063D381B20A208DF80000707804285CD3AF
:10B64000C6E72088400558D5012D56D10B208DF82E
:10B650000000A088ADF8040044E021E026E016E0F8
:10B66000FFE72088000548D5052D46D30C208DF82E
:10B670000000A088ADF80400B6F803006D1FADF817
:10B680000850ADF80600ADF80AA02AE035E02088A1
:10B69000C00432D5012D30D10D208DF8000021E0FD
:10B6A0002088800429D4B6F80100E080A07B000740
:10B6B00023D5032D21D3307800F03F001B2818D06C
:10B6C0000F208DF80000208840F40050A4F80000FE
:10B6D000B6F80100ADF80400ED1EADF80650ADF867
:10B6E00008B0039769460598F9F7B8FA050008D03D
:10B6F00016E00E208DF80000EAE7072510E0082587
:10B700000EE0307800F03F001B2809D01D2807D03C
:10B710000220059908F002FB208800F400502080E8
:10B72000A07B400708D52046FFF70BFDC00703D1DB
:10B73000A07B20F00400A073284685E61FB50228F0
:10B7400006D101208DF8000088B26946F9F786FA23
:10B750001FBD0000F8B51D46DDE906470E000AD002
:10B7600004F0F1FD2346FF1DBCB231462A46009489
:10B7700004F00FFAF8BDD0192246194601F0D9FDA0
:10B780002046F8BD2DE9FF4F8DB09B46DDE91B57E4
:10B79000DDF87CA00C46082B05D0E06901F0FEF82E
:10B7A00050B11020D2E02888092140F010002880F4
:10B7B0008AF80010022617E0E16901208871E26929
:10B7C0004FF420519180E1698872E06942F60101ED
:10B7D0000181E069002181732888112140F0200057
:10B7E00028808AF80010042638780A900A203870D9
:10B7F0004FF0020904F118004D460C9001F0C6FB11
:10B80000B04681E0BBF1100F0ED1022D0CD0A9EB98
:10B810000800801C80B20221CDE9001005AB524621
:10B820001E990D98FFF796FFBDF816101A988142E1
:10B8300003D9F74800790F9004E003D10A9808B1C2
:10B8400038702FE04FF00201CDE900190DF1160319
:10B8500052461E990D98FFF77DFF1D980088401BEA
:10B86000801B83B2C6F1FF00984200D203461E99A6
:10B870000BA8D9B15FF00002DDF878C0CDE9032054
:10B8800009EB060189B2CDE901C10F980090BDF81E
:10B89000161000220D9801F00EFC387070B1C0B285
:10B8A000832807D0BDF8160020833AE00AEB09018F
:10B8B0008A19E1E7022011B0BDE8F08FBDF82C0035
:10B8C000811901F0FF08022D0DD09AF801204245A0
:10B8D00006D1BDF82010814207D0B8F1FF0F04D087
:10B8E0009AF801801FE08AF80180C9480068017851
:10B8F000052902D1BDF81610818009EB08001FFA56
:10B9000080F905EB080085B2DDE90C1005AB0F9A54
:10B9100001F03FFB28B91D980088411B4145BFF647
:10B9200071AF022D13D0BBF1100F0CD1A9EB0800A1
:10B93000801C81B20220CDE9000105AB52461E9960
:10B940000D98FFF707FF1D98058000203870002034
:10B95000B1E72DE9F8439C46089E13460027B26BD9
:10B960009AB3491F8CB2F18FA1F57F45FF3D05D0F9
:10B970005518AD882944891D8DB200E0002529198C
:10B98000B6F83C800831414520D82A44BCF8011063
:10B9900022F8021BBCF8031022F8021B984622F87A
:10B9A000024B914604F0BDFC4FF00C0C41464A4658
:10B9B0002346CDF800C004F0B8F8F587B16B00203D
:10B9C0002944A41D2144088003E001E0092700E088
:10B9D00083273846BDE8F88310B50B88848F9C42D6
:10B9E0000CD9846BE018048844B1848824F40044A2
:10B9F000A41D23440B801060002010BD0A2010BD40
:10BA00002DE9F0478AB00025904689468246ADF878
:10BA1000185007274BE0059806888088000446D414
:10BA2000A8F8006007A8019500970295CDE903509A
:10BA30004FF4007300223146504601F03CFB0400F5
:10BA40003CD1BDF81800ADF8200005980488818825
:10BA5000B44216D10A0414D401950295039521F439
:10BA600000410097049541F48043428821465046A6
:10BA700001F0BFF804000BD10598818841F4004122
:10BA8000818005AA08A94846FFF7A6FF0400DCD07C
:10BA90000097059802950195039504950188BDF8D6
:10BAA0001C300022504601F0A4F80A2C06D105AA49
:10BAB00006A94846FFF790FF0400ACD0ADF8185037
:10BAC00004E00598818821F40041818005AA06A937
:10BAD0004846FFF781FF0028F3D00A2C03D0204608
:10BAE0000AB0BDE8F0870020FAE710B50C46896B74
:10BAF00086B051B10C218DF80010A18FADF808105F
:10BB0000A16B01916946FAF75BF800204FF6FF71CF
:10BB1000A063E187A08706B010BD2DE9F0410D4676
:10BB20000746896B0020069E1446002911D0012B80
:10BB30000FD1324629463846FFF762FF002808D168
:10BB4000002C06D0324629463846BDE8F04100F0C8
:10BB500034BFBDE8F0812DE9FC411446DDE9087CE5
:10BB60000E46DDE90A15521DBCF800E092B296457A
:10BB700002D20720BDE8FC81ACF8002017222A7011
:10BB8000A5F80160A5F803300522CDE900423B4647
:10BB90002A46FFF7DFFD0020ECE770B50C4615469E
:10BBA00048220021204601F0EEFB04F1080044F891
:10BBB0001C0F00204FF6FF71E06161842084A58492
:10BBC0001720E08494F82A0040F00A0084F82A0044
:10BBD00070BD4FF6FF720A800146032008F09EB840
:10BBE00030B585B00C460546FFF77FFFA18E28468D
:10BBF00029B101218DF800106946F9F7E1FF002015
:10BC0000E0622063606305B030BDB0F8400070476B
:10BC10005C00002090F84620920703D440880880FA
:10BC20000020F4E70620F2E790F846209207EED5D0
:10BC3000A0F84410EBE70146002009880A0700D568
:10BC4000012011F0F00F01D040F00200CA0501D52B
:10BC500040F004008A0501D540F008004A0501D5EE
:10BC600040F010000905D2D540F02000CFE700B524
:10BC7000034690F84600C00701D0062000BDA3F897
:10BC800042101846FFF7D7FF10F03E0F05D093F88B
:10BC9000460040F0040083F8460013F8460F40F0D9
:10BCA00001001870002000BD90F84620520700D512
:10BCB00011B1B0F84200AAE71720A8E710F8462F04
:10BCC00061F3C3020270A2E72DE9FF4F9BB00E00A3
:10BCD000DDE92B34DDE92978289D24D02878C107B7
:10BCE00003D000F03F00192801D9012100E0002114
:10BCF0002046FFF7D9FFB04215D32878410600F05F
:10BD00003F010CD41E290CD0218811F47F6F0AD179
:10BD10003A8842B1A1F57F42FF3A04D001E01229EE
:10BD200001D1000602D504201FB0C5E5FA491D98CF
:10BD30004FF0000A08718DF818A08DF83CA00FAAEA
:10BD40000A60ADF81CA0ADF850A02978994601F022
:10BD50003F02701F5B1C04F1180C4FF0060E4FF0F1
:10BD6000040BCDF858C01F2A7ED2DFE802F07D7D9B
:10BD7000107D267DAC7DF47DF37DF27DF17DF47D3B
:10BD8000F07D7D7DEF7DEE7D7D7D7D7DED0094F808
:10BD90004610B5F80100890701D5032E02D08DF8B1
:10BDA00018B01EE34FF40061ADF85010608003211D
:10BDB0008DF83C10ADF84000D4E2052EEFD1B5F877
:10BDC00001002083ADF81C00B5F80310618308B1B1
:10BDD000884201D9012079E10020A07220814FF62C
:10BDE000FF702084169801F0D1F8052089F8000032
:10BDF0000220029083460AAB1D9A16991B9801F007
:10BE0000C8F890BB9DF82E00012804D0022089F8C4
:10BE10000100102003E0012089F8010002200590B4
:10BE2000002203A90BA805F000FFE8BB9DF80C0059
:10BE3000059981423DD13988801CA1EB0B018142DB
:10BE400037DB02990220CDE900010DF12A034A46B1
:10BE500041461B98FFF77EFC02980BF1020B801CF9
:10BE600081B217AA029101E09CE228E003A90BA885
:10BE700005F0DBFE02999DF80C00CDE9000117AB3F
:10BE80004A4641461B98FFF765FC9DF80C000AAB3B
:10BE90000BEB00011FFA81FB02991D9A084480B246
:10BEA000029016991B9800E003E001F072F8002858
:10BEB000B6D0BBF1020F02D0A7F800B04FE20A20C3
:10BEC0008DF818004BE200210391072EFFF467AFB5
:10BED000B5F801002083ADF81C00B5F8032062839B
:10BEE00000283FF477AF90423FF674AF0120A07274
:10BEF000B5F8050020810020A073E06900F04EFD38
:10BF000078B9E16901208871E2694FF4205191808C
:10BF1000E1698872E16942F601000881E069002167
:10BF20008173F01F20841E98606207206084169839
:10BF300001F02CF8072089F80000012004900290FD
:10BF40000020ADF82A0028E019E29FE135E1E5E0A4
:10BF500012E2A8E080E043E00298012814D0E069F2
:10BF60008079012803D1BDF82800ADF80E000498AF
:10BF700003ABCDE900B04A4641461B98FFF7EAFB08
:10BF80000498001D80B20490BDF82A00ADF80C00A2
:10BF9000ADF80E00059880B202900AAB1D9A169972
:10BFA0001B9800F0F6FF28B902983988001D05900B
:10BFB0008142D1D20298012881D0E069807901289C
:10BFC00003D1BDF82800ADF80E00049803ABCDE90D
:10BFD00000B04A4641461B98FFF7BCFB0298BDE102
:10BFE000072E02D0152E7FF4DAAEB5F801102183AA
:10BFF000ADF81C10B5F80320628300293FF4EAAEC7
:10C0000091423FF6E7AE0121A1724FF0000BA4F878
:10C0100008B084F80EB0052E07D0C0B2691DE269E1
:10C0200005F0E4FD00287FF44AAF4FF6FF7020844E
:10C0300001A906AA14A8CDF800B081E885032878E4
:10C04000214600F03F031D9A1B98FFF79BFB824699
:10C05000208BADF81C0082E10120032EC3D14021CA
:10C06000ADF85010B5F801102183ADF81C100AAAE4
:10C07000B8F1000F00D00023CDE9020304921D980F
:10C08000CDF80480009038880022401E83B21B98AF
:10C0900001F011F88DF8180090BB0B2089F8000012
:10C0A000BDF8280035E04FF0010C052E9BD1802013
:10C0B000ADF85000B5F801102183B5F803002084D5
:10C0C000ADF81C10B0F5007F03D907208DF81800DB
:10C0D00087E140F47C4222840CA8B8F1000F00D024
:10C0E0000023CDE90330CDE9018C1D9800903888FC
:10C0F000401E83B21B9800F0DEFF8DF8180018B1C7
:10C100008328A8D10220BFE00D2189F80010BDF8D6
:10C110003000401C22E100005C000020032E04D20D
:10C1200048067FF53CAE002018E1B5F80110ADF8E7
:10C130001C102878400602D58DF83CE002E007206C
:10C140008DF83C004FF000080320CDE902081E9B4B
:10C15000CDF810801D980193A6F1030B00901FFAF3
:10C160008BF342461B9800F044FD8DF818008DF8C3
:10C170003C80297849060DD52088C00506D5208B3E
:10C18000BDF81C10884201D1C4F8248040468DF8C7
:10C190001880E3E0832801D14FF0020A4FF4807049
:10C1A000ADF85000BDF81C002083A4F820B01E9804
:10C1B0006062032060841321CDE0052EFFF4EFAD13
:10C1C000B5F80110ADF81C10A28F6AB3A2F57F4339
:10C1D000FE3B29D008228DF83C2000BF4FF0000B19
:10C1E0000523CDE9023BDDF878C0CDF810B01D9AEB
:10C1F00080B2CDF804C040F400430092B5F80320AB
:10C200001B9800F0F6FC8DF83CB04FF400718DF8EF
:10C210001800ADF85010832810D0F8B1A18FA1F507
:10C220007F40FE3807D0DCE00B228DF83C204FF633
:10C23000FE72A287D2E7A4F83CB0D2E000942B466D
:10C2400031461E9A1B98FFF784FB8DF8180008B141
:10C2500083284BD1BDF81C00208353E700942B4664
:10C2600031461E9A1B98FFF774FB8DF81800E8BB47
:10C27000E18FA06B0844831D8DE888034388828882
:10C2800001881B98FFF767FC824668E095F80180FB
:10C29000022E70D15FEA080002D0B8F1010F6AD116
:10C2A00009208DF83C0007A800908DF84080434697
:10C2B000002221461B98FFF730FC8DF842004FF01A
:10C2C000000B8DF843B050B9B8F1010F12D0B8F19E
:10C2D000000F04D1A18FA1F57F40FF380AD0A08FB5
:10C2E00040B18DF83CB04FF4806000E037E0ADF82D
:10C2F00050000DE00FA91B98F9F762FC82468DF8FB
:10C300003CB04FF48060ADF85000BAF1020F06D097
:10C31000FC480068C07928B18DF8180027E0A4F81F
:10C32000188044E0BAF1000F03D081208DF8180086
:10C330003DE007A800904346012221461B98FFF7E5
:10C34000ECFB8DF8180021461B98FFF7CEFB9DF8FB
:10C35000180020B9192189F80010012038809DF8B3
:10C360003C0020B10FA91B98F9F72AFC8246BAF1CC
:10C37000000F33D01BE018E08DF818E031E0207892
:10C38000000712D5012E10D10A208DF83C00E0885C
:10C39000ADF8400003201B9907F0C0FC0820ADF861
:10C3A0005000C0E648067FF5FAAC4FF0040A20883A
:10C3B000BDF8501008432080BDF8500080050BD513
:10C3C000A18FA1F57F40FE3806D11E98E062289823
:10C3D0002063A6864FF0030A5046A5E49DF8180096
:10C3E00078B1012089F80000297889F80110BDF89A
:10C3F0001C10A9F802109DF8181089F804100520E7
:10C4000038802088BDF8501088432080E4E72DE96B
:10C41000FF4F8846087895B0012181404FF209000E
:10C42000249C0140ADF820102088DDF88890A0F50C
:10C430007F424FF0000AFF3A06D039B1000705D518
:10C44000012019B0BDE8F08F0820FAE7239E4FF0D5
:10C45000000B0EA886F800B018995D460988ADF863
:10C460003410A8498DF81CB0179A0A718DF838B0AD
:10C47000086098F8000001283BD0022809D0032862
:10C480006FD1307820F03F001D303070B8F80400D4
:10C49000E08098F800100320022904D1317821F0BF
:10C4A0003F011B31317094F84610090759D505AB8F
:10C4B000B9F1000F13D0002102AA82E80B00072077
:10C4C000CDE90009BDF83400B8F80410C01E83B2ED
:10C4D0000022159800F0EFFD0028D1D101E0F11CF9
:10C4E000EAE7B8F80400A6F80100BDF81400C01C83
:10C4F00004E198F805108DF81C1098F80400012844
:10C5000006D04FF4007A02282CD00328B8D16CE171
:10C510002188B8F8080011F40061ADF8201020D08F
:10C5200017281CD3B4F84010814218D3B4F8441033
:10C53000172901D3814212D1317821F03F01C91C62
:10C540003170A6F801000321ADF83410A4F84400BE
:10C5500094F8460020F0020084F8460065E10525C5
:10C560007EE177E1208808F1080700F4FE60ADF86D
:10C57000200010F0F00F1BD010F0C00F03D038884F
:10C58000228B9042EBD199B9B878C00710D0B96826
:10C590000720CDE902B1CDF804B00090CDF810B07D
:10C5A000FB88BA883988159800F023FB0028D6D17B
:10C5B0002398BDF82010401C80294ED006DC10299D
:10C5C0000DD020290BD0402987D124E0B1F5807F00
:10C5D0006ED051457ED0B1F5806F97D1DEE0C806B0
:10C5E00001D5082000E0102082460DA907AA0520E9
:10C5F000CDE902218DF83800ADF83CB0CDE90496C4
:10C6000008A93888CDE9000153460722214615982C
:10C61000FFF7B8F8A8E09DF81C2001214FF00A0AA6
:10C62000002A9BD105ABB9F1000F00D00020CDE965
:10C6300002100720CDE90009BDF834000493401E24
:10C6400083B2218B0022159800F035FD8DF81C0077
:10C650000B203070BDF8140020E09DF81C20012153
:10C660004FF00C0A002A22D113ABB9F1000F00D011
:10C670000020CDE902100720CDE900090493BDF8A0
:10C680003400228C401E83B2218B159800F013FDDC
:10C690008DF81C000D203070BDF84C00401CADF82A
:10C6A000340005208DF83800208BADF83C00BCE04C
:10C6B0003888218B88427FF452AF9DF81C004FF0E0
:10C6C000120A00281CD1606AA8B1B878C0073FF4EC
:10C6D00046AF00E018E0BA680720CDE902B2CDF815
:10C6E00004B00090CDF810B0FB88BA88159800F01F
:10C6F00080FA8DF81C00132030700120ADF8340052
:10C7000093E000005C0000203988208B8142D2D168
:10C710009DF81C004FF0160A0028A06B08D0E0B36B
:10C720004FF6FF7000215F46ADF808B0019027E09A
:10C7300068B1B978C907BED1E18F0DAB0844821D3D
:10C7400003968DE80C0243888288018809E0B87856
:10C75000C007BCD0BA680DAB03968DE80C02BB884D
:10C76000FA881598FFF7F7F905005ED0072D72D00B
:10C7700076E0019005AA02A92046FFF72DF90146AF
:10C78000E28FBDF80800824201D00029F1D0E08F8D
:10C79000A16B084407800198E08746E09DF81C00E3
:10C7A0004FF0180A40B1208BC8B138882083214649
:10C7B0001598FFF79AF938E004F118000090237EED
:10C7C000012221461598FFF7A8F98DF81C000028D2
:10C7D000EDD1192030700120ADF83400E7E70525D0
:10C7E00021461598FFF781F93AE0208800F400709F
:10C7F000ADF8200050452DD1A08FA0F57F41FE3926
:10C8000001D006252CE0D8F808004FF0160A48B1F0
:10C81000A063B8F80C10A1874FF6FF71E187A0F86C
:10C8200000B002E04FF6FF70A087BDF8200030F4A2
:10C830007F611AD0782300220320159907F0C4F9EC
:10C8400098F8000020712088BDF82010084320804F
:10C850000EE000E007252088BDF8201088432080E6
:10C86000208810F47F6F1CD03AE02188814321801A
:10C870009DF8380020B10EA91598F9F7A1F90546E1
:10C880009DF81C000028EBD086F801A00120307034
:10C89000208B70809DF81C0030710520ADF83400AD
:10C8A000DEE7A18EE1B118980DAB0088ADF8340039
:10C8B0002398CDE90304CDE90139206B0090E36AA8
:10C8C000179A1598FFF700FA054601208DF83800F1
:10C8D0000EA91598F9F774F900B10546A4F834B01B
:10C8E00094F8460040070AD52046FFF7A4F910F057
:10C8F0003E0F04D114F8460F20F004002070189861
:10C90000BDF83410018028469BE500B585B00328AA
:10C9100006D102208DF8000088B26946F9F750F977
:10C9200005B000BD10B5384C0B782268012B02D041
:10C93000022B2AD111E013780BB1052B01D104236E
:10C94000137023688A889A802268CB88D3802268F3
:10C950000B891381498951810DE08B88938022686E
:10C96000CB88D38022680B8913814B8953818B89B3
:10C970009381096911612168F9F722F92268002180
:10C980000228117003D0002800D0812010BD832020
:10C9900010BD806B002800D00120704781780129EC
:10C9A00009D10088B0F5205F03D042F6010188422A
:10C9B00001D10020704707207047F0B587B00024F0
:10C9C00015460E460746ADF8184011E00598008858
:10C9D000288005980194811DCDE902410721049426
:10C9E0000091838842880188384600F002F930B906
:10C9F00005AA06A93046FEF7EFFF0028E6D00A2870
:10CA000000D1002007B0F0BD5C00002010B58B788D
:10CA100083B102789A4205D10B885BB102E08B7931
:10CA2000091D4BB18B789A42F9D1B0F801300C88CE
:10CA3000A342F4D1002010BD812010BD072826D0CC
:10CA400012B1012A27D103E0497801F0070102E081
:10CA50004978C1F3C20105291DD2DFE801F00318AE
:10CA6000080C12000AB10320704702207047042806
:10CA70000DD250B10DE0052809D2801E022808D33E
:10CA800003E0062803D0032803D0052070470020C8
:10CA900070470F20704781207047C0B282060BD4C8
:10CAA000000607D5FA48807A4143C01D01EBD0004B
:10CAB00080B27047084670470020704770B51388F1
:10CAC0000B800B781C0625D5F14CA47A844204D83F
:10CAD00043F010000870002070BD956800F0070654
:10CAE00005EBD0052D78F54065F304130B70137832
:10CAF000D17803F0030341EA032140F20123B1FBA3
:10CB0000F3F503FB15119268E41D00FB012000EB17
:10CB1000D40070BD906870BD37B51446BDF80410E0
:10CB20001180117841F0040111709DF804100A067B
:10CB30001ED5D74AA368C1F30011927A824208D861
:10CB4000FE2811D1D21DD2084942184600F01BFC24
:10CB50000AE003EBD00200F00703012510789D40A6
:10CB6000A843994008431070207820F010002070EE
:10CB70003EBD2DE9F0410746C81C0E4620F00300DB
:10CB8000B04202D08620BDE8F081C14D002034467D
:10CB90002E60AF802881AA72E8801AE0E988491CDB
:10CBA000E980810614D4E17800F0030041EA002016
:10CBB00040F20121B0FBF1F201FB12012068FFF706
:10CBC0006CFF2989084480B22881381A3044A0605B
:10CBD0000C3420784107E1D40020D4E7AC4801228E
:10CBE0000189C08800EB400002EB8000084480B25D
:10CBF00070472DE9FF4F89B01646DDE9168A0F46CA
:10CC0000994623F44045084600F054FB040002D046
:10CC10002078400703D401200DB0BDE8F08F0998BB
:10CC200003F016FA02902078000606D59848817A1B
:10CC30000298814201D88720EEE7224601A9029896
:10CC4000FFF73CFF834600208DF80C004046B8F10A
:10CC5000070F1AD001222146FFF7F0FE0028DBD192
:10CC60002078400611D502208DF80C00ADF8107028
:10CC7000BDF80400ADF81200ADF814601898ADF8D6
:10CC80001650CDF81CA0ADF818005FEA094004D595
:10CC900000252E46A84601270CE02178E07801F017
:10CCA000030140EA012040F20121B0FBF1F280468D
:10CCB00001FB12875FEA494009D5B84507D1A17841
:10CCC000207901F0030140EA0120B04201D3BE42C5
:10CCD00001D90720A0E7A8191FFA80F9B94501D9A1
:10CCE0000D2099E79DF80C0028B103A90998F8F7E1
:10CCF00065FF002890D1B84507D1A0784FEA1921E7
:10CD000061F30100A07084F804901A9800B10580C6
:10CD1000199850EA0A0027D0199830B10BEB060099
:10CD20002A46199900F005FB0EE00BEB0608574662
:10CD3000189E099803F0F5FA2B46F61DB5B2394650
:10CD40004246009502F0F1FE224601A90298FFF743
:10CD5000B5FE9DF80400224620F010008DF8040076
:10CD6000DDE90110FFF7D8FE002055E72DE9FF4F60
:10CD7000DFF81C91824685B0B9F80610D9F800009A
:10CD800001EB410100EB810440F20120B2FBF0F124
:10CD9000174600FB1175DDE9138B4E4629460698B0
:10CDA000FFF77BFE0346FFF719FF1844B1880C30EC
:10CDB000884202D9842009B02FE70698C6B230060F
:10CDC00003D5B00601D50620F5E7B9F80620521CB8
:10CDD00092B2A9F80620BBF1000F01D0ABF80020F9
:10CDE000B00602D5C4F808800AE0B9F808201A4451
:10CDF00092B2A9F80820D9F80000891A0844A06066
:10CE00002246FE200699FFF787FEE77025712078FD
:10CE1000390A61F301002A0AA17840F0040062F3A4
:10CE20000101A17020709AF802006071BAF8000048
:10CE3000E08000252573300602D599F80A7000E0DD
:10CE40000127B00601D54FF000084E4600244FF0F0
:10CE500007090FE0CDE902580195CDF8009004953F
:10CE6000F1882046129B089AFFF7C3FE0028A2D142
:10CE7000641CE4B2BC42EDD300209CE700B5FFF790
:10CE8000ADFE03490C308A88904203D9842000BD4E
:10CE900098050020CA88086802EB420300EB830073
:10CEA000521C037823F004030370CA80002101732D
:10CEB0000846ECE72DE9F047804600F0FBF9070053
:10CEC00005D000264446F74D40F2012916E0012026
:10CED000BDE8F087204600F0EDF90278C17802F055
:10CEE000030241EA0222B2FBF9F309FB13210068B5
:10CEF000FFF7D3FD3044641C86B2A4B2E988601EFB
:10CF00008142E7DCA8F10100E8802889801B2881A4
:10CF100000203870DCE710B5144631B1491E21807D
:10CF200003F096F8A070002010BD012010BD70B570
:10CF30000446DC48C188036801E0401C208020884A
:10CF4000884207D200EB400213EB820202D0157830
:10CF50006D07F2D580B2884216D2AAB15079A0727C
:10CF6000D08820819178107901F0030140EA0120F6
:10CF7000A081A078E11CFFF7A1FD20612088401C62
:10CF80002080E080002070BD0A2070BD0121018258
:10CF900070472DE9FF4F85B04FF6FF798246A3F821
:10CFA000009048681E460D4680788DF80600486857
:10CFB0000088ADF8040000208DF80A00088A0C886B
:10CFC000A04200D304462C8251E03878400708D4B0
:10CFD000641C288AA4B2401C288208F10100C0B257
:10CFE00046E0288A401C2882781D6968FFF70EFDFC
:10CFF000D8BB3188494501D1601E30803188A1EB12
:10D00000080030806888A04238D3B878397900F0B9
:10D01000030041EA002801A9781DFFF7F7FC20BBB7
:10D02000298949452ED0002239460798FFF706FD89
:10D03000D8B92989414518D1E9680391B5F80AC0E2
:10D04000D7F808B05046CDF800C003F06AF9DDF813
:10D0500000C05A460CF1070C1FFA8CFC434603999A
:10D06000CDF800C002F02BFD60B1641CA4B200201A
:10D070008046204600F01EF90700A6D1641E2C82CF
:10D080000A2098E674807879B071F888B080397891
:10D09000F87801F0030140EA01207081A6F80C80C5
:10D0A000504602F0D5FF3A4606F10801FFF706FDAB
:10D0B000306100207FE62DE9FF4F87B081461C4696
:10D0C0009246DDF860B0DDF85480089800F0F2F880
:10D0D000050002D02878400702D401200BB09CE55F
:10D0E000484602F0B5FF2978090605D56D49897AC9
:10D0F000814201D88720F1E7CAF309062A4601A92F
:10D10000FFF7DCFC0746149807281CD000222946AC
:10D11000FFF794FC0028E1D12878400613D50120C0
:10D120008DF808000898ADF80C00BDF80400ADF8C3
:10D130000E00ADF81060ADF8124002A94846F8F7AD
:10D140003DFD0028CAD12978E87801F0030140EAC2
:10D150000121AA78287902F0030240EA022056450C
:10D1600007D0B1F5007F04D9611E814201DD0B209B
:10D17000B4E7864201D90720B0E7801B85B2A542FB
:10D1800000D92546BBF1000F01D0ABF8005017982D
:10D1900018B1B9192A4600F0CCF8B8F1000F0DD03B
:10D1A0003E4448464446169F03F0CDF82146FF1DF5
:10D1B000BCB232462B46009402F0EBFC00208DE717
:10D1C0002DE9F04107461D461646084600F072F864
:10D1D000040002D02078400701D40120D3E438466F
:10D1E00002F036FF2178090605D52E49897A814259
:10D1F00001D88720C7E422463146FFF75FFC65B1BE
:10D200002178E07801F0030140EA0120B0F5007FC9
:10D2100001D8012000E0002028700020B3E42DE9AF
:10D22000F04107461D461646084600F043F8040044
:10D2300002D02078400701D40120A4E4384602F04F
:10D2400007FF2178090605D51649897A814201D858
:10D25000872098E422463146FFF75EFCFF2D14D06C
:10D260002178E07801F0030240EA022040F2012236
:10D27000B0FBF2F302FB130015B900F2012080B2FB
:10D28000E070000A60F30101217000207BE410B51A
:10D290000C4600F00FF810B10178490704D40120C2
:10D2A00010BD000098050020C18821804079A07041
:10D2B0000020F5E70749CA88824209D340B10968CE
:10D2C00000EB40006FF00B0202EB80000844704757
:10D2D000002070479805002070B504460D46214691
:10D2E0002B460AB9002070BD01E0491C5B1C501E92
:10D2F000021E03D008781E78B042F6D008781E7857
:10D30000801BF0E730B50C4601462346051B9542CD
:10D3100006D202E0521E9D5C8D54002AFAD107E02D
:10D3200004E01D780D70491C5B1C521E002AF8D1C8
:10D3300030BDF0B50E460146334680EA030404F0E2
:10D340000304B4B906E002B9F0BD13F8017B01F89B
:10D35000017B521E01F00307002FF4D10C461D463D
:10D3600002E080CD80C4121F042AFAD221462B4647
:10D3700000BF04E013F8014B01F8014B521E002AD4
:10D38000F8D100BFE0E7F0B50C460146E6B204E094
:10D3900002B9F0BD01F8016B521E01F00307002F26
:10D3A000F6D10B46E5B245EA052545EA054501E01B
:10D3B00020C3121F042AFBD2194602E001F8016BB8
:10D3C000521E002AFAD100BFE3E710B506F0F7FEBF
:10D3D000FAF792F906F09CFDBDE8104006F02EBE6B
:10D3E000202801D2012070470020704701224FF011
:10D3F000A043824011B1C3F80C257047C3F808253B
:10D4000070474FF0A04101228240C1F818257047B3
:10D4100070B50346002002466FF02F050EE09C5CBD
:10D42000A4F130060A2E02D34FF0FF3070BD00EB9E
:10D43000800005EB4000521C2044D2B28A42EED359
:10D4400070BD30B50A230BE0B0FBF3F403FB14040A
:10D45000B0FBF3F08D183034521E05F8014CD2B2F7
:10D46000002AF1D130BD30B500234FF6FF7510E032
:10D47000040A44EA002084B2C85C6040C0F303148C
:10D48000604005EA00344440E0B25B1C84EA40108E
:10D490009BB29342ECD330BDF94A137882F88B30BB
:10D4A000A2F88C0082F88A10012082F8880092F895
:10D4B000640008B192F8600082F88E00704710B5E1
:10D4C0000B46114658B11846FFF7E6FFED48806855
:10D4D000008802F026FFBDE8104002F0CDBBBDE899
:10D4E00010404FF6FF70D7E770B50026044646702F
:10D4F000E44D1120207029682022A01C6831FFF71C
:10D5000018FF0121A171286800F8666F8078002853
:10D5100011D1DB48B0F86A20A0F89220AA68537BAA
:10D5200080F8943080F89010108802F0FAFEBDE880
:10D53000704002F0B0BB70BD70B5D24D296891F853
:10D5400096200024012A11D091F89020012A1CD0A5
:10D5500091F86620012A22D091F88820012A21D052
:10D5600091F8A020012A2ED0002070BD447017220F
:10D57000027051F8972FC0F802204A68C0F80620C0
:10D580000A7A827201F8014C1BE044700522027095
:10D59000D1F89220C0F8022081F8904011E0FFF706
:10D5A000A3FF0EE091F86620012AF8D044701422FF
:10D5B000027051F88A2FC0F802208A88C28001F8D0
:10D5C000024C012070BD44701A2200F8022B222266
:10D5D000A131FFF7AEFE286880F8A040F1E7A94826
:10D5E000006890F8661011B1B0F86A0070474FF605
:10D5F000FF70704770B5A34C206800B9FFDF20684A
:10D60000417811B10C25284670BD0025C422294659
:10D61000FFF7B9FE2168FF2008707F2081F83700EE
:10D6200013204884282081F86500012081F85C00DF
:10D63000002081F85F0007F0AFF906F091FCE2E707
:10D6400070B5904C0546206800B9FFDF21680020C6
:10D6500048706560FFF7CEFF002800D0FFDF70BD87
:10D66000884909680978814201D10120704700206A
:10D670007047844800B5016891F82400498CC0F3D4
:10D680008002C0F340031A4400F001001044132943
:10D6900015D004DC102909D0122904D10FE0152976
:10D6A00008D01D2904D0FFDF002000BD764903E02B
:10D6B000764800BD7449083131F8100000BD724948
:10D6C0000839F9E76F4840F271210068806A4843E1
:10D6D00070476C48006890F83600002800D00120A0
:10D6E000704710B5664C207B00F074FD40B1207D82
:10D6F00004F115010BF034FB082801D0012010BD06
:10D70000207B30B1022804D00120BDE8104007F092
:10D71000A6BC0020F9E75A490873704759490968BF
:10D7200081F83000704770B50646554890F82D00D6
:10D730000BF0A4FA050018D010210BF076FD00289C
:10D7400013D1504C012032462168C87628461C313E
:10D7500007F092FCD4E900101C310BF0BFFF6068A9
:10D76000BDE8704001210BF0C8BF70BD2DE9F0414C
:10D77000434C074694F82D000BF0FDFA064694F84A
:10D780002F0004F10E0528B126B194F82D000BF0FE
:10D7900018FAA0B194F83000002824D094F82E0094
:10D7A000002820D0607B294600F025FDA8B10BF0B1
:10D7B0008AFB3A462946BDE8F04107F05DBC0120EE
:10D7C00060733A462946304607F056FC94F82D100F
:10D7D0002846BDE8F0410BF065BB39462846BDE858
:10D7E000F04107F07EBCBDE8F08170B5254C2168A2
:10D7F000087BB0B1022814D0012048730E3107F025
:10D8000018FC2068007B00F0E5FC216881F82F00FF
:10D81000082081F82D00487B0E3100F0E3FC40B970
:10D8200001E00020E9E72168487B0E3100F0E3FCCD
:10D8300000B10120216881F82E0091F82F0018B95D
:10D8400091F82200400706D5087D15310BF088FAC3
:10D85000216881F82D0020680025456004F0ADFDA9
:10D86000216888600020FFF781FF2068C57690F866
:10D87000220040070CD5BDE87040002053E70000AF
:10D88000A405002064000020A0B101008F891300CE
:10D8900070BDFB4A1268137B0370D2F80E0008605B
:10D8A000508A8880704778B5F6490446F44D407B2D
:10D8B00008732A68207810706088ADF8000080B284
:10D8C00000F00101C0F3400341EA4301C0F38003CB
:10D8D00041EA8301C0F3C00341EAC301C0F300136E
:10D8E00041EA0311C0F3401341EA4311C0F3801031
:10D8F00041EA80105084E07D012825D0022825D0FF
:10D90000FFDF286880F85E60217B80F82410418C5E
:10D910001D291DD061688162617D80F83610A17B70
:10D92000C1B1022916D00121017554F80F1FC0F8AA
:10D930001510A188A0F81910217B012900D0002121
:10D9400080F83410002078BD0126DAE70226D8E7F7
:10D950000021E0E70021E7E7C948006890F82200CD
:10D96000C0F38000704700B5FFF7F6FF08B1002054
:10D9700000BD1F2000BD00B5FFF7F5FF002800D057
:10D98000012000BDBE49002209680A664B8C1D2B90
:10D9900002D081F86400704781F864207047B84A6B
:10D9A0000023126882F85D3042F84C1F90800120FD
:10D9B00050747047B24A0023126882F85C30A2F8B3
:10D9C000580042F8541F012010727047AC49096892
:10D9D00081F835007047AA49096881F85F007047EF
:10D9E000A748006890F95F007047A548006890F864
:10D9F000220000F001007047A148006890F8220062
:10DA0000C0F340007047002070479D48006890F8C0
:10DA10002200C0F3C000704701207047012070470A
:10DA20000120704770B500F0FAFB954C2068016E3C
:10DA3000491C016690F83300002530B106F0ACFFB8
:10DA400006F08EFA206880F833502068457090F810
:10DA5000381009B102201AE090F86410B1B1006EDC
:10DA6000814213D8022007F095FF206890F8220029
:10DA7000C00704D0A06843220188012003E04322AC
:10DA80004FF6FF710020BDE8704018E50020BDE8AA
:10DA9000704007F07FBF10B501280DD002280DD0CF
:10DAA00004280FD0FFDF7648006890F85E10BDE8CC
:10DAB0001040252006F0FEBB252000E0262006F0C1
:10DAC000D3FCF0E72720FAE702460020D30701D075
:10DAD000CB0705D0930705D58B0703D402207047E9
:10DAE000012070475207FCD54907FAD4042070473B
:10DAF0002DE9F041624C86B0206800B9FFDF206854
:10DB00004178E9BB0178FF2942D0002580F83150E7
:10DB1000A0F85A50857080F83850284606F09EFECE
:10DB2000182259496846FFF704FC684606F08AFE49
:10DB300006F0CCFB206890F95F0006F085FC5248A7
:10DB40001D3806F087FC5048203806F06CFE6068EF
:10DB500006F087FE2068002190F82400FFF7B4FF4C
:10DB6000FFF799FF206880F82C5006F071FE2068BE
:10DB700090F85E10002006F030FD0F21052000E037
:10DB800006E006F038FC206890F82E1051B902E04B
:10DB90000C2006B027E690F82F1019B990F8220053
:10DBA00040072BD504F009FC804620684146806878
:10DBB00005F004F9354F064690FBF7F007FB1060BF
:10DBC0004142404604F0CDF82168886096FBF7F0AA
:10DBD0004A68104448600BF0BFF821684A689042D8
:10DBE0000CD8C1E901580120FFF7C0FD206890F86A
:10DBF0002200400702D50120FFF795FD2068417BF8
:10DC00000E3006F0EAFB206890F85C1039B1B0F8ED
:10DC10005810A0F84810416D416480F85C5090F8AD
:10DC20005D1041B1B0F85010A0F84010C16C40F840
:10DC30003C1F80F821500BF0FCF8032160680BF0CA
:10DC40002FF9216881F833000020A2E70C49886091
:10DC500070472DE9F0410A4C0746002620683146FE
:10DC6000C57E6068068000F0D1FA2068408C1328D9
:10DC700040D00DDC102861D012280DD15CE00000EE
:10DC800064000020A4050020B0B1010040420F0054
:10DC9000152838D01D2836D0FFDF00BF00F0CAFAA3
:10DCA0002068418C1D2907D0152905D0B0F84820DF
:10DCB000416C60680BF028FD206890F82C1090F8FB
:10DCC0002400FFF701FF05463FB1FFF7E4FE012204
:10DCD0004FF49671002006F01EFD206890F82C107D
:10DCE000294380F82C1090F824208A434FF001013A
:10DCF00029D02DE0002160680BF0C4FC0121606890
:10DD000000F084FACAE7012160680BF0BBFC012136
:10DD1000606800F07BFAD4E9001025B11C310BF0EB
:10DD2000DDFC012104E015310BF0D8FC2068017DF9
:10DD300060680BF0E2FCB1E7062100E002216068B8
:10DD40000BF0A0FCAAE7428C1D2A0BD080F8311002
:10DD50004170418C13290ED007DC10290AD01229FA
:10DD600007D108E080F82C60F2E7152903D01D29BF
:10DD700001D0FFDF37E590F85E20BDE8F0410121DA
:10DD8000084606F05ABEF84810B50068417841B917
:10DD90000078FF2805D00021084600F059FA00203D
:10DDA00010BD00F03CFA0C2010BD2DE9F041EE4D05
:10DDB0000446174628680E4690F8660000B1FFDF5B
:10DDC0002968002F81F868704ED12088A1F86A0078
:10DDD0006088A1F88000A088A1F88200E088A1F8FE
:10DDE000840094F88C0181F8860091F82F0020B10E
:10DDF000487B0E3100F0FFF940B9296891F83000F6
:10DE000060B1487B0E3100F0EDF938B12868D0F8E8
:10DE10000E104167418AA0F8781003E02868476730
:10DE2000A0F878706968FF2E0878C0F380106076DB
:10DE3000D1F80300C4F81A00B1F80710E18314D038
:10DE4000296801F16E02C1F87A00E08BA1F87E002A
:10DE500030466D310AF099FF00B9FFDF286810F8ED
:10DE60006D1F41F002010170BDE42868C0F87A70AE
:10DE7000A0F87E70617E80F86D10D4F81A1040F81A
:10DE80006E1FE18B8180AEE470B5FFF7BEFDB64C2E
:10DE9000012538B13C22FF21A068FFF786FF2068EA
:10DEA00080F86650206890F82200C00704D0A0686F
:10DEB0003C220188012003E03C224FF6FF71002044
:10DEC000FFF7FDFA206880F8385070BDA649096850
:10DED00081F83200704770B5002507F0BAFC50B1E8
:10DEE000A14C20684178012908D0022901D00329DA
:10DEF00036D0FFDF70BDBDE8704093E58178002922
:10DF0000F8D1418C102913D090F8330020B106F0DD
:10DF100019F8402006F02DFD206890F822104907DE
:10DF200010D490F83610012904D0032902D002E061
:10DF3000002119E0102590F85E2045F00E01002028
:10DF400006F07BFD206890F8340008B106F054FD1F
:10DF50000021962006F0B1FC21680220487070BDB7
:10DF600081780029FBD18178BDE87040012000F064
:10DF70006FB957E510B57C4C206890F8340008B1B3
:10DF800000F07AF9206890F8330018B106F004FD2B
:10DF900005F0E6FF07F05DFC88B1206840780228B4
:10DFA00000D0FFDF0021012000F052F92068417805
:10DFB000002903D04078012800D0FFDF10BDBDE864
:10DFC00010402FE510B50AF0CBFE04460AF07DFFA5
:10DFD00038B120460AF052FE18B110210BF025F995
:10DFE00008B1002010BD012010BD2DE9F047DFF879
:10DFF00078910E460746032809D0FFF7F6FC044641
:10E00000D9F8000090F8320020B1012003E0FFF7BA
:10E01000F3FC04460020804606F018FA0546032F5C
:10E020002BD0012734EA080453D0D9F800004C461D
:10E0300090F8330068B10AF0E2FE30700146FF2824
:10E0400007D06068C01C0AF0B7FE30780AF0E1FE25
:10E05000054360680178C1F3801221680B7D9A4204
:10E0600005D10622C01C1531FFF736F938B1002062
:10E070003178FF290BD0D8B903E00227D2E701207D
:10E08000F6E7206890F82D00884211D008E038B1FA
:10E09000616811F8030BC0F38010FFF793FF38B1EC
:10E0A0000020216891F82210490703D5A0B910E09B
:10E0B0000120F6E785B92D4890F8360008B1B8423E
:10E0C00007D1616811F8030BC0F38010FFF77AFFE6
:10E0D00010B10020BDE8F0870120FBE7F8B5224C25
:10E0E0000746002520684078022800D0FFDF20681E
:10E0F00090F8340008B100F0BFF860680BF0E4FA63
:10E1000006460FB306F073F9F0B1052E1DD1606815
:10E1100090F8240000F01F00102816D9206890F80D
:10E12000350090B1FF208DF80000012569460520DB
:10E13000FFF75BFF40B1206880F8A05061682222A1
:10E14000A130C91CFFF7F5F815E060680BF0FCFA88
:10E1500088B1062E0FD2DFE806F00E0E0E030E0B6E
:10E1600000F0CDF806E0000064000020A4050020C7
:10E1700000F091F800B90125206890F8330018B13B
:10E1800006F00AFC05F0ECFE1DB10021012000F0B4
:10E190005FF820684178002906D04178012903D032
:10E1A0004078032800D0FFDFF8BD70B59F4E0546CC
:10E1B0000C463068807800280BD106F02FF8034613
:10E1C0003068214690F85E202846BDE8704007F090
:10E1D000C1BD70BD022803D0032801D000207047C4
:10E1E00001207047012802D14879800901D0002020
:10E1F000704701207047012806D148790121B1EB11
:10E20000901F01D101207047002070470278202321
:10E2100022F0200203EA41110A430270704710B550
:10E2200006F09AFB06F079FB06F0C8FABDE810404C
:10E2300006F0FFBA10B57D4C7D4960680BF048FAD6
:10E240007B480E38417B6068BDE810400BF04CBA4B
:10E25000764A10B5126892F831303BB1508C1D28C7
:10E2600000D1FFDFBDE81040FFF7DCBB002902D181
:10E27000BDE81040EDE410BD10B56C4C206837309F
:10E2800006F0C5FB18B921687F2081F83700BDE88A
:10E29000104006F0A7BB38B5FF208DF8000001251F
:10E2A00069460520FFF7A1FE30B3604C20688078F6
:10E2B00008BB6268A0681278417BC2F3401211402B
:10E2C0004173012100F04AF800229DF80010A06877
:10E2D000FFF76BFD2068012100F8661F82788188B6
:10E2E0000120FFF7ECF8216800204870FFF797FF46
:10E2F000012007F04FFB00E00025284638BD38B567
:10E30000FF208DF80000012569460320FFF76DFE10
:10E31000464C002820681CD090F8341031B190F899
:10E32000960018B99DF8000000F04CF860680021D4
:10E33000018004210BF0A6F9FFF77CFF2068B0F8FC
:10E340004020C16B60680BF0EFF921680320487032
:10E3500002E0807800B90025284638BD70B5334DFD
:10E360000446686850F80F2FC4F80E208288628235
:10E3700082792275C27962750289E282428962805D
:10E380008289A280C289E2800269A260027D227332
:10E39000427D02F01F022276407D400984F88C0104
:10E3A00084F8641084F86510002104F130000BF04B
:10E3B0002AFB286890F8651004F8661F90F85F0043
:10E3C000607070BD70B5194C0122216881F89620EB
:10E3D0000A7881F89720FF280DD001F19902983131
:10E3E0000AF0D3FC00B9FFDF206810F8981F41F055
:10E3F000020101700CE060680278C2F3801281F8BB
:10E400009820D0F8032041F8992FB0F807008880B1
:10E41000256895F837009F357F2800D1FFDF2068F9
:10E4200010F8371F29707F21017070BD6400002033
:10E43000B20500202DE9FC470C460646694600F06F
:10E4400010FF002860D1FFF7CAF8B0425CD0214627
:10E45000304608F0DEFF28BB019D95F82C01703591
:10E4600018B9287F08B1012000E00020814695F806
:10E4700039004FF000084FF0010AA0B195F83A00BA
:10E48000800710D584F8018084F800A084F8028009
:10E49000A68095F83B10A171A98F2181E98F618138
:10E4A00085F839802DE0304601F04DFF070000D19E
:10E4B000FFDF384601F06DF940B184F801800D218D
:10E4C0002170A680E08084F802A01AE0304601F0B6
:10E4D00028FF070000D1FFDFB9F1000F14D0384644
:10E4E00001F0AFF980B1304606F01EFD84F80180DE
:10E4F0000A21217084F80280A680697FA17185F8C5
:10E500001C800120BDE8FC870020FBE71CB56946A4
:10E5100000F0A7FE00B1FFDF684600F0AFFEF9494A
:10E5200000208968A1F8F2001CBD2DE9FC410446D9
:10E530000E46062001F06EFD00250746A84606445B
:10E5400017E02088401C80B22080B04202D34046B1
:10E55000A4F8008080B2B84204D3B04202D20020B6
:10E56000BDE8FC81694600F07CFE0028F8D06D1CF7
:10E57000EDB2AE42E5D84FF6FF7020801220EFE7F3
:10E5800010B506F043FD0AF026FBDF484FF6FF7199
:10E5900000234182818203701B2141804FF4A472C9
:10E5A0008280C180028103228275C2758272042436
:10E5B000C4728181C1810282837610BD70B5D14C55
:10E5C0000D466060217006F0ADFC00F063FEFFF7C1
:10E5D000D7FF207809F09EFD284607F04DFACA487B
:10E5E0002838FFF72DF82178606808F0F6FFBDE8BD
:10E5F00070400AF0F0BA10B501240AB1002010BD35
:10E6000021B1012903D00024204610BD02210BF0C6
:10E61000CBF8F9E7887800B90320C97801B903215C
:10E62000107019700020704730B587B0044600881C
:10E63000694600F016FE002806D1A08830B10128F6
:10E6400004D0022802D0122007B030BD05AB04AAC6
:10E6500021466846FFF7DEFF0400F5D1019901204D
:10E6600081F8C501019991F81012002539B9019975
:10E6700091F8C41119B9019991F8971009B13A2488
:10E6800015E00199039581F8C40101989DF81020C7
:10E6900080F8C621019B9DF8140083F8C7018DF80E
:10E6A0000C208DF80D0003AA01200AF0F4FE019859
:10E6B00080F8C5512046C7E710B504460020A17870
:10E6C00001B90120E2780AB940F0020000F0F6FD3D
:10E6D000002803D12046BDE81040A5E710BD70B565
:10E6E0000D4604460189002380880AF0C9FE696A44
:10E6F00081421DD2401A401CA1884008091A8AB2E2
:10E70000A2802189081A2081668895F86410104635
:10E710000AF08DFE864200D230466080E68895F889
:10E72000651020890AF083FE864200D23046E080E0
:10E7300070BDF0B585B00D46064603A900F091FD09
:10E7400000282AD104990022FB20B1F84E30FB2B7F
:10E7500000D30346B1F85040FB20FB2C00D3044605
:10E76000DFF8A8C19CE8811000900197CDF808C09F
:10E77000ADF80230ADF806406846FFF7B0FF6E8096
:10E78000BDF80400E880BDF808006881BDF802000B
:10E79000A880BDF806002881002005B0F0BD2DE955
:10E7A000F04186B004460088694600F05AFD002812
:10E7B00059D12189E08800F09BFD002853D1A18820
:10E7C000608800F095FD00284DD12189E08800F097
:10E7D00085FD002847D1A188608800F07FFD0600F4
:10E7E00041D1208802A9FFF7A4FF00B1FFDFBDF8E7
:10E7F000101062880920914235D3BDF80C10E288D0
:10E80000914230D3BDF81210BDF80E202389114477
:10E81000A2881A44914226D3019D01274FF0000897
:10E8200085F8BB71019890F8FC0105F5DD7508B11C
:10E830003A2615E0E08868806088E880218940F603
:10E840004800814200D30146A980A188814200D2BC
:10E8500008462881002228460199FFF740FF2F70C3
:10E8600085F80180304606B0BDE8F08197E710B525
:10E870000446FEF761FE002813D0207814280FD13B
:10E88000A07868B1A088062101F018FC40B100888A
:10E8900006F04AFBA088062101F022FC00B1FFDF50
:10E8A000012010BD2DE9F041060000D1FFDF164820
:10E8B000022114308046FFF738FE00B1FFDF124C12
:10E8C0000620A78A01F0A6FB0546A08AA84203D12C
:10E8D0003046FFF7CCFF20B9A08A3146FFF7AAFDEA
:10E8E00030B1304600F012FD0028EED10120BBE728
:10E8F00002214046FFF719FE10B9A08AB842E4D1C0
:10E900000020B1E77000002090060020C8B101008F
:10E9100010B500F083FC08B10C2010BD0AF096F988
:10E92000002010BD10B50446007818B1012801D0B0
:10E93000122010BD00F07DFC20B10AF0FDF908B1F5
:10E940000C2010BD207800F053FCE21D04F11703E9
:10E95000611CBDE810400AF09BB910B5044600F0F8
:10E960005DFC08B10C2010BD207818B1012801D041
:10E97000122010BD00F03CFC611C0AF041F908B106
:10E98000002010BD072010BD10B50AF0D9F908B15C
:10E99000002010BD302010BD10B5044600F049FC29
:10E9A00008B10C2010BD20460AF0C2F9002010BDAD
:10E9B00010B500F03EFC20B10AF0BEF908B10C2001
:10E9C00010BD0AF0A7F9002010BDFF2181704FF69D
:10E9D000FF718180F84949680A7882718A880281CA
:10E9E0004988418101214170002070471CB50024F5
:10E9F00012F1080F15D00CDC12F1280F11D012F112
:10EA0000140F0ED012F1100F0BD012F10C0F0CD10D
:10EA100007E012F1040F04D01AB1032A01D0042A2E
:10EA200003D1012804D0032806D0122420461CBD9F
:10EA30001046FEF7D0FFF9E708461446694600F095
:10EA400010FC08B10224F1E7019880F86740002427
:10EA5000ECE710B5134601220AF003FC002010BDBC
:10EA600010B5044600F0E5FB08B10C2010BD2146AE
:10EA7000002006F0CCFA002010BD10B5044607F0C7
:10EA800095F920B1207807F003F8002010BD0C2084
:10EA900010BD10B5044600F0CCFB08B10C2010BD31
:10EAA0002146012006F0B3FA002010BD38B5044617
:10EAB0004FF6FF70ADF80000A079E179884216D0DA
:10EAC0002079FEF78DFC90B16079FEF789FC70B17A
:10EAD0000022A07911460BF0DBFB40B90022E0795F
:10EAE00011460BF0D5FB10B9207A072801D9122066
:10EAF00038BD07F067F948B900216846FFF715FDF2
:10EB000020B1204605F0ADFB002038BD0C2038BDFB
:10EB10002DE9FC41817804461A2925D00EDC1629FE
:10EB20002DD2DFE801F02C2C2C2C2C212C2C2C2C81
:10EB30002C2C2C2C2C2C2C2C2C2121212A291ED0A5
:10EB40000BDCA1F11E010C2919D2DFE801F0181825
:10EB50001818181818181818180D3A3904290ED250
:10EB6000DFE801F00D020D022088B0F5706F06D2CB
:10EB70000127694600F075FB18B10220F0E412206D
:10EB8000EEE4019D68462E4605F5C87506F291161D
:10EB900000F05AFB08B1287808B10C20E0E42F708F
:10EBA000A0783070684600F069FB0020D8E41CB5FE
:10EBB0000C46694600F055FB002118B12160217117
:10EBC00002201CBD0198024610F1700080F842102E
:10EBD00093682360137B237190F84230002BF5D1AA
:10EBE00000201CBD10B5044600F023FB20B10AF044
:10EBF000A3F808B10C2010BD207800F0F9FAE279F2
:10EC0000611C0AF06EF908B1002010BD022010BD91
:10EC100010B5886E60B1002241F8682F0120CA71DA
:10EC2000897988400BF028FB002800D01F2010BDF8
:10EC30000C2010BD1CB50C46694600F012FB0028E4
:10EC400005D10198B0F87000401C208000201CBD48
:10EC50001CB504460088694600F003FB08B1022099
:10EC60001CBD606828B1DDE90001224600F09CFB74
:10EC70001CBDDDE90001FFF7CBFF1CBD10B500781E
:10EC8000012800D00020FEF7A1FE002010BDF0B545
:10EC900044888188C288038945898089A71F40F6F6
:10ECA0007B46B74215D28F1FB74212D28C4210D882
:10ECB000B2F5FA7F0DD2A3F10A04361FB44208D28E
:10ECC000521C4A43B2EB830F03DA854201D800207D
:10ECD000F0BD3020F0BDF8B515460E46044607F0ED
:10ECE00071F808B10C20F8BD204600F09CFB00280C
:10ECF000F9D1A078C1064FF01100F4D5E17D0329C8
:10ED0000F1D0FEF76DFE3070A07555B9FF208DF87B
:10ED1000000069460020FEF74DFE69460020FEF720
:10ED20003EFE2046BDE8F840FEF7BDBD0022D2E71A
:10ED30000078C10801D01220704720498876002051
:10ED4000704710B504460078C00704D1608810B140
:10ED5000FEF711FE80B12078618800F00102607832
:10ED600000F0ACFB002806D1FEF7FDFD01466088EF
:10ED7000884203D9072010BD122010BD6168FEF73C
:10ED800019FE002010BD10B504460078C00704D15C
:10ED9000608810B1FEF730FE90B12078618800F0F5
:10EDA0000102607800F08AFB002804D16088616865
:10EDB000FEF7F5FD002010BD700000209006002039
:10EDC0001220F8E77CB5044640784225012808D88F
:10EDD000A078FEF745FC20B120781225012802D04A
:10EDE00090B128467CBDFEF710FE20B1A088002817
:10EDF000F7D08028F5D8FEF70FFE60B160780028C4
:10EE0000EFD02078012808D006F07EF9044606F0FD
:10EE100009FE00287FD00C207CBDFEF762FC10B9F3
:10EE2000FEF7F1FD90B306F0CDFF0028F3D1FEF719
:10EE3000D6FBA0F57F41FF39EDD1FEF7D6FCA688C1
:10EE400042F210704643A079FEF79CFDFEF7CDFD1F
:10EE5000F8B10022062101A801F002F9040058D0FF
:10EE6000F7480021846020460AF01EF92046FEF78C
:10EE7000EDFEF44D04F13000AA89E989C2830184D2
:10EE8000FEF7CCFD60B1288A01210DE0FFE71220DA
:10EE90007CBD3146002006F0FEFD88B3FFDF44E074
:10EEA000FEF7BEFD0146288A06F090FE0146A062EC
:10EEB0000022204606F02BF9FEF7B0FD38B9FEF728
:10EEC000AFFD0246214601200AF0E3FAD0B1DD4A47
:10EED0002146163201200AF0DEFAE87A0090AB7A79
:10EEE000EA89A989208801F0A5F900B1FFDF20880F
:10EEF00006F019F83146204606F0CDFD00B1FFDFDF
:10EF000013E008E00621BDF8040001F0E9F800B1C3
:10EF1000FFDF09207CBD44B1208806F005F8208879
:10EF2000062101F0DDF800B1FFDF00207CBD0021EB
:10EF300048E770B50D46062101F0C0F8040003D083
:10EF400094F8930110B10AE0022070BD94F87D009E
:10EF5000142801D0152802D194F8E00108B10C2042
:10EF600070BD1022294604F5CA70FEF7E2F90120AF
:10EF700084F89301002070BD10B5062101F09EF8C1
:10EF800018B190F8931111B107E0022013E790F83F
:10EF90007D10142903D0152901D00C200BE7022184
:10EFA00080F89311002006E72DE9FC410D464BF651
:10EFB00080321221954213D895B1694600F051F97B
:10EFC00000280CD1019EB41C703627882A46394689
:10EFD00030460AF02AF82088B842F6D10020CDE564
:10EFE0000846CBE51CB504460088694600F039F9AF
:10EFF000002808D10199A378084691F82C20703197
:10F000009A4201D10C201CBD7F220A728A72002212
:10F01000CA72E17880F82D10217980F82E10A1783D
:10F0200080F82C1010461CBD1CB50C46694600F03B
:10F0300018F9002806D1019890F88C0000B1012041
:10F04000207000201CBD7CB50D461446694600F0BA
:10F0500008F9002805D1019890F82C00012801D06A
:10F060000C207CBD019890F87810297090F87900F8
:10F07000207000207CBD70B50D461646062101F0BB
:10F080001DF818B381880124C388428804EB410429
:10F09000AC4217D842F210746343A4106243B3FB2E
:10F0A000F2F2521E94B24FF4FA72944200D914460E
:10F0B000A54200D22C46491C641CB4FBF1F24A4321
:10F0C000521E91B290F8CC211AB901E0022070BD15
:10F0D00001843180002070BD10B50C46062100F07F
:10F0E000EDFF48B180F8FF4024B190F8FD1009B160
:10F0F00006F083FD00205EE602205CE6017899B10F
:10F10000417889B141881B290ED381881B290BD3F3
:10F11000C188022908D34B490268283941F8322FA7
:10F1200040684860002070471220704710B506F014
:10F130001EFD00203FE610B506F01CFD00203AE65B
:10F1400070B514460A46064600250121104606F011
:10F150003DFD002800D8284605460121304600F034
:10F160004EF806460121002000F049F8311801222E
:10F1700096318D4206D901F19600691AB1FBF0F083
:10F18000401C82B22280002070BD10B5044600F001
:10F1900050F808B10C200EE6601C09F08FFE2078B4
:10F1A00000F00100FEF7BAFA002004E610B50446AC
:10F1B000062000F021FF08B10C20FCE52078C007F4
:10F1C00010D00022607811460BF062F808B11220CE
:10F1D000F1E5A06808F073FD6078616808F078FDDB
:10F1E0000020E8E5002008F06AFD00210846F5E768
:10F1F00018B1022801D0012070470020704710B5D7
:10F20000012904D0022905D0FFDF2046D3E5C00044
:10F21000503001E080002C3084B2F6E710B506F0E3
:10F22000D1FD20B1FEF755FA08B10120C3E5002059
:10F23000C1E510B506F0C6FD002800D00120BAE5F2
:10F240007000002090060020416891F82C0191F890
:10F250008C1021B918B1042801D00120704700207A
:10F26000704710B50C46062100F028FF606018B109
:10F270000120207000209EE502209CE5416891F865
:10F28000FD20002A05D0002281F8FD20406806F00C
:10F29000B4BC704708B54FF6FF70ADF8000006E04B
:10F2A0000621BDF8000000F01BFF00B1FFDF0021C8
:10F2B0006846FFF73AF90028F2D008BD70B5144649
:10F2C0000546012200F00EF9002806D12146284605
:10F2D000BDE87040002200F005B970BDFB2803D8DE
:10F2E00040F64800814201D9112070470020704744
:10F2F0001B38E12806D2B1F5A47F03D344F2902055
:10F30000814201D912207047002070471FB58E49F5
:10F31000897ECA0702D10278192A0AD08A0702D444
:10F320000278182A24D0490739D40178122933D019
:10F3300035E04088ADF8000002A9FFF792FF00B168
:10F34000FFDF039810F8601F8DF8021040788DF8E9
:10F3500003000020ADF8040001B9FFDF9DF80300B1
:10F3600000B9FFDF6846FFF7A7F9D8B1FFDF19E062
:10F370004088ADF8000040F64800FB21ADF80400DD
:10F38000ADF80800ADF80210ADF806106846FFF7BA
:10F390006DFA38B1FFDF05E0007BC00702D0002026
:10F3A00004B008E50120FBE7F8B50646508914468D
:10F3B0000F4640B1B0F5004F05D20022A0781146AB
:10F3C0000AF066FF08B11220F8BDB86E394607F1A1
:10F3D000700530B1A07891F86E20904201D00C20D9
:10F3E000F8BD012081F86F00A07881F86E00606898
:10F3F00041F8680F608988802089A884002087F8F8
:10F400006F0020886946FFF715FCA88CBDF8001036
:10F41000081A00B2002804DD39463046FFF7F8FB31
:10F42000DDE70020F8BD38B504460078EF2841D864
:10F430006088ADF80000009800F061F888B361883A
:10F44000080708D4D4E90120824233D8202A31D3D6
:10F45000B0F5804F2ED8207B18B307282AD8607BC0
:10F4600028B1012803D0022801D0032822D14A075D
:10F4700003D4022801D0032805D1A07B08B10128BC
:10F4800018D1480707D4607D28B1012803D002288D
:10F4900001D003280ED1C806E07D03D5012809D18B
:10F4A00004E007E0012801D0032803D1E07E18B171
:10F4B000012801D0122038BD002038BD70B50C469F
:10F4C0000546FF2904D8FEF7A9FA18B11F2C01D967
:10F4D000122070BD2846FEF7C3F808B1002070BDA9
:10F4E000422070BD0AB1012200E00222024202D194
:10F4F000880802D109B1002070471120704780B2FE
:10F50000C1060BD401071CD481064FEAC07101D596
:10F51000B9B900E099B1800713D410E0410610D4C6
:10F5200081060ED4C1074FEA807104D0002902DBA6
:10F53000400704D405E0010703D4400701D40120AB
:10F5400070470020704700009006002030B5058805
:10F5500025F4004421448CB24FF4004194420AD275
:10F56000121B92B21B339A4201D2A94307E005F461
:10F570000041214303E0A21A92B2A9431143018042
:10F5800030BD0844083050434A31084480B27047C7
:10F5900070B51D4616460B46044629463046049A69
:10F5A000FFF7EFFF0646B34200D2FFDF282200211B
:10F5B0002046FDF7E8FE4FF6FF70A082283EB0B26D
:10F5C00065776080B0F5004F00D9FFDF618805F1F5
:10F5D0003C00814200D2FFDF60880835401B343890
:10F5E00080B220801B2800D21B2020800020A07722
:10F5F00070BD8161886170472DE9F05F0D46C1885B
:10F60000044600F12809008921F4004620F400484E
:10F6100000F063FB10B10020BDE8F09F4FF0000A3E
:10F620004FF0010BB0450CD9617FA8EB0600401AE2
:10F630000838854219DC09EB06000021058041806D
:10F640001AE06088617F801B471A083F0DD41B2F8A
:10F6500000DAFFDFBD4201DC294600E0B9B2681ADA
:10F660000204120C04D0424502DD84F817A0D2E750
:10F6700009EB06000180428084F817B0CCE770B532
:10F68000044600F12802C088E37D20F400402BB13D
:10F6900010440288438813448B4201D2002070BD7D
:10F6A00000258A4202D30180458008E0891A0904B6
:10F6B000090C418003D0A01D00F01FFB08E0637F10
:10F6C00000880833184481B26288A01DFFF73EFF0E
:10F6D000E575012070BD70B5034600F12804C588AA
:10F6E000808820F400462644A84202D100201882D7
:10F6F00070BD98893588A84206D3401B75882D1A9D
:10F700002044ADB2C01E05E02C1AA5B25C7F204497
:10F710003044401D0C88AC4200D90D809C8924B136
:10F72000002414700988198270BD0124F9E770B5AE
:10F73000044600F12801808820F400404518208A02
:10F74000002825D0A189084480B2A08129886A8830
:10F750001144814200D2FFDF2888698800260844CE
:10F76000A189884212D1A069807F2871698819B166
:10F77000201D00F0C2FA08E0637F2888083318448F
:10F7800081B26288201DFFF7E1FEA681268201205A
:10F7900070BD2DE9F041418987880026044600F1BB
:10F7A0002805B94219D004F10A0800BF21F400402D
:10F7B0002844418819B1404600F09FFA08E0637F71
:10F7C00000880833184481B262884046FFF7BEFEC5
:10F7D000761C6189B6B2B942E8D13046BDE8F08105
:10F7E0002DE9F04104460B4627892830A68827F4E6
:10F7F0000041B4F80A8001440D46B74201D100200F
:10F80000ECE70AB1481D106023B1627F691D1846FC
:10F81000FDF78FFD2E88698804F1080021B18A194F
:10F8200096B200F06AFA06E0637F6288083399199D
:10F8300089B2FFF78BFE474501D1208960813046B0
:10F84000CCE78188C088814201D101207047002027
:10F85000704701898088814201D1012070470020D2
:10F86000704770B58588C38800F1280425F40042EC
:10F8700023F4004114449D421AD08389058A5E19FD
:10F8800025886388EC18A64214D313B18B4211D398
:10F890000EE0437F08325C192244408892B2801AFD
:10F8A00080B22333984201D211B103E08A4201D1E0
:10F8B000002070BD012070BD2DE9F0478846C18849
:10F8C0000446008921F4004604F1280720F400458D
:10F8D00007EB060900F001FA002178BBB54204D914
:10F8E000627FA81B801A002503E06088627F801B6E
:10F8F000801A083823D4E28962B1B9F80020B9F837
:10F9000002303BB1E81A2177404518DBE0893844E2
:10F91000801A09E0801A217740450ADB607FE1897F
:10F920000830304439440844C01EA4F81280BDE8B1
:10F93000F087454503DB01202077E7E7FFE7618299
:10F940000020F4E72DE9F74F044600F12805C088B0
:10F95000884620F4004A608A05EB0A0608B1404553
:10F9600002D20020BDE8FE8FE08978B13788B6F872
:10F97000029007EB0901884200D0FFDF207F4FF0A3
:10F98000000B50EA090106D088B33BE00027A07FB6
:10F99000B9463071F2E7E18959B1607F29440830F6
:10F9A00050440844B4F81F1020F8031D94F82110A7
:10F9B0008170E28907EB080002EB0801E1813080E9
:10F9C000A6F802B002985F4650B1637F30880833D2
:10F9D000184481B26288A01DFFF7B8FDE78121E0DD
:10F9E000607FE18908305044294408442DE0FFE756
:10F9F000E089B4F81F102844C01B20F8031D94F8B8
:10FA00002110817009EB0800E28981B202EB080045
:10FA1000E081378071800298A0B1A01D00F06DF9DF
:10FA2000A4F80EB0A07F401CA077A07D08B1E088AC
:10FA3000A08284F816B000BFA4F812B084F817B002
:10FA400001208FE7E0892844C01B30F8031DA4F88B
:10FA50001F10807884F82100EEE710B5818800F14E
:10FA6000280321F400442344848AC288A14212D08E
:10FA7000914210D0818971B9826972B11046FFF745
:10FA8000E8FE50B91089283220F40040104419795A
:10FA90000079884201D1002010BD184610BD00F148
:10FAA0002803407F08300844C01E1060088808B949
:10FAB000DB1E136008884988084480B270472DE92E
:10FAC000F04100F12806407F1C460830904643185C
:10FAD00008884D88069ADB1EA0B1C01C80B29042F7
:10FAE00014D9801AA04200DB204687B298183A4603
:10FAF0004146FDF7F1FB002816D1E01B84B2B84463
:10FB0000002005E0ED1CADB2F61EE8E7101A80B249
:10FB10000119A94206D8304422464146BDE8F041C9
:10FB2000FDF7DABB4FF0FF3058E62DE9F04100F168
:10FB30002804407F1E460830904643180025088858
:10FB40004F88069ADB1E90B1C01C80B2904212D939
:10FB5000801AB04200DB304685B299182A464046EA
:10FB6000FDF7E7FB701B86B2A844002005E0FF1CF0
:10FB7000BFB2E41EEAE7101A80B28119B94206D872
:10FB8000211832464046FDF7D4FBA81985B2284615
:10FB900024E62DE9F04100F12804407F1E4608309C
:10FBA00090464318002508884F88069ADB1E90B1BE
:10FBB000C01C80B2904212D9801AB04200DB30469D
:10FBC00085B298182A464146FDF7B3FB701B86B2F2
:10FBD000A844002005E0FF1CBFB2E41EEAE7101AAB
:10FBE00080B28119B94206D8204432464146FDF719
:10FBF000A0FBA81985B22846F0E5401D704710B556
:10FC0000044600F12801C288808820F4004319448A
:10FC1000904206D0A28922B9228A12B9A28A9042C1
:10FC200001D1002010BD0888498831B1201D00F0A5
:10FC300064F800202082012010BD637F62880833B1
:10FC4000184481B2201DFFF781FCF2E70021C18139
:10FC500001774182C1758175704703881380C2891D
:10FC600042B1C28822F4004300F128021A440A601B
:10FC7000C08970470020704710B50446808AA0F5FF
:10FC80007F41FF3900D0FFDFE088A082E08900B12A
:10FC90000120A07510BD4FF6FF7181820021817592
:10FCA000704710B50446808AA0F57F41FF3900D126
:10FCB000FFDFA07D28B9A088A18A884201D1002059
:10FCC00010BD012010BD8188828A914201D1807DC2
:10FCD00008B1002070470120704720F4004221F451
:10FCE00000439A4207D100F4004001F400418842E9
:10FCF00001D0012070470020704730B504460088CD
:10FD00000D4620F40040A84200D2FFDF21884FF4C6
:10FD1000004088432843208030BD70B50C00054664
:10FD200009D0082C00D2FFDF1DB1A1B2286800F075
:10FD300044F8201D70BD0DB100202860002070BD6A
:10FD40000021026803E093881268194489B2002AEE
:10FD5000F9D100F032B870B500260D4604460829E6
:10FD600000D2FFDF206808B91EE0044620688188C1
:10FD7000A94202D001680029F7D181880646A9422C
:10FD800001D100680DE005F1080293B2002299420A
:10FD900009D32844491B02608180216809682160D9
:10FDA0000160206000E00026304670BD00230B603B
:10FDB0008A8002680A600160704700234360021D68
:10FDC000018102607047F0B50F46018840881546F2
:10FDD0000C181E46AC4200D3641B3044A84200D924
:10FDE000FFDFA019A84200D9FFDF3819F0BD2DE9C7
:10FDF000F041884606460188408815460C181F4683
:10FE0000AC4200D3641B3844A84200D9FFDFE0199C
:10FE1000A84200D9FFDF70883844708008EB0400E6
:10FE2000BDE8F0812DE9F041054600881E461746E1
:10FE3000841B8846BC4200D33C442C8068883044F4
:10FE4000B84200D9FFDFA019B84200D9FFDF6888A7
:10FE50003044688008EB0400E2E72DE9F0410688B1
:10FE60001D460446701980B2174688462080B84265
:10FE700001D3C01B20806088A84200D2FFDF701928
:10FE8000B84200D9FFDF6088401B608008EB0600A5
:10FE9000C6E730B50D460188CC18944200D3A41AA9
:10FEA0004088984200D8FFDF281930BD2DE9F04185
:10FEB000BF4D04469046A8780E46A04200D8FFDF0A
:10FEC00005EB8607786A50F8240000B1FFDFB868B8
:10FED000002816D0304600F032F90146B868FFF726
:10FEE0003AFF05000CD0786A072E40F8245000D362
:10FEF000FFDFB0484246294650F826302046984752
:10FF00002846BDE8F0812DE9F84305000C46009530
:10FF100024D00026E81C20F00300A84200D0FFDF18
:10FF2000DFF88C820027314688F8007088F801409D
:10FF300088F8024088F8034088F8044088F80540B3
:10FF400088F80640684600F003F900204246009910
:10FF5000C91C21F00301009116B10FE00126D9E779
:10FF600002EB80035962002106E000BFD3F824C0F1
:10FF70004CF82170491CC9B2A142F7D30099401C2A
:10FF800001EB8401C0B200910728E0D3481BBDE813
:10FF9000F88310B50446F1F774F908B1102010BDCC
:10FFA0002078834A618802EB800092780EE0436AF1
:10FFB00053F8213043B14A1C6280A180406A50F856
:10FFC0002100A060002010BD491C89B28A42EED8F1
:10FFD0006180052010BD70B505460C460846F1F756
:10FFE00050F908B1102070BD072D01D3072070BD56
:10FFF00025700020608070BD0EB56946FFF7EBFFED
:020000040001F9
:1000000000B1FFDF6846FFF7C4FF08B100200EBD56
:1000100001200EBD10B50446072800D3FFDF644859
:10002000005D10BD3EB5054600246946FFF7D3FFCD
:1000300018B1FFDF01E0641CE4B26846FFF7A9FFD6
:100040000028F8D02846FFF7E5FF001BC0B23EBDF0
:1000500057498978814201D9C0B27047FF20704763
:100060002DE9F04106291BD1514C00273B464FF6A4
:10007000FF7604EB810514F801C00AE0DC19D5F81D
:1000800024E0A4B25EF824E0BEF1000F04D05B1CB3
:100090009BB29C45F2D8344604802046B44201D13C
:1000A00000202EE7BDE8F04100E7A0F57F43FF3BCD
:1000B00001D0072901D300207047F7E6A0F57F4261
:1000C000FF3A0BD0072909D2394A9378834205D9E0
:1000D00002EB8101496A51F8200070470020704707
:1000E0002DE9F04104460D46A4F57F4143F202009C
:1000F000FF3902D0072D01D3072002E72C494FF02A
:1001000000088A78A242F8D901EB8506726A52F893
:100110002470002FF1D0274839461C3050F8252094
:1001200020469047716A284641F8248000F007F87D
:1001300002463946B068FFF739FE0020E1E61D4966
:10014000383131F810004FF6FC71C01C0840704780
:100150002DE9F843164E8846054600242868C01C41
:1001600020F0030028602046FFF7E9FF315D484397
:10017000B8F1000F01D0002200E02A680146009289
:1001800032B100274FEA0D00FFF7C7FD1FB106E0AF
:1001900001270020F8E706EB8401009A8A602968AD
:1001A000641C0844E4B22860072CD7D3EFE60000B3
:1001B000AC060020D4B1010070B50E461D461146B4
:1001C00000F0D5F804462946304600F0D9F820441E
:1001D000001D70BD2DE9F04190460D4604004FF022
:1001E000000610D00027E01C20F00300A04200D041
:1001F000FFDFE5B141460020FFF78FFD0C3000EB3B
:10020000850617B113E00127EDE7624F04F10C00FA
:10021000AA003C602572606000EB85002060002130
:100220006068FDF7B0F841463868FFF776FD304664
:10023000BDE8F0812DE9FF4F564C804681B0206823
:100240009A46934600B9FFDF2068027A424503D9F7
:10025000416851F8280020B143F2020005B0BDE822
:10026000F08F5146029800F082F886B258460E99F7
:1002700000F086F885B27019001D87B22068A1468B
:1002800039460068FFF767FD04001FD067802580AE
:100290002946201D0E9D07465A4601230095FFF76B
:1002A00077F92088314638440123029ACDF800A01E
:1002B000FFF76EF92088C1193846FFF79AF9D9F887
:1002C00000004168002041F82840C7E70420C5E746
:1002D00070B5304C0546206800B9FFDF2068017A10
:1002E000A9420ED9426852F8251051B1002342F8B4
:1002F00025304A880068FFF759FD216800200A7AF6
:1003000008E043F2020070BD4B6853F8203033B967
:10031000401CC0B28242F7D80868FFF711FD0020E8
:1003200070BD70B51B4E05460024306800B9FFDF74
:100330003068017AA94204D9406850F8250000B11C
:10034000041D204670BD70B5124E0546002430686D
:1003500000B9FFDF3068017AA94206D9406850F839
:10036000251011B131F8040B4418204670BD10B5AA
:100370000A460121FFF705F9C01C20F0030010BD5B
:1003800010B50A460121FFF7FCF8C01C20F003005D
:1003900010BD00007C00002070B50446C2F11005BD
:1003A0002819FCF7C6FF15F0FF0109D0491ECAB293
:1003B0008020A0542046BDE870400021FCF7E3BF38
:1003C00070BD30B505E05B1EDBB2CC5CD55C6C402B
:1003D000C454002BF7D130BD10B5002409E00B78D0
:1003E000521E44EA430300F8013B11F8013BD2B22C
:1003F000DC09002AF3D110BD2DE9F04389B01E4677
:10040000DDE9107990460D00044622D002460846E8
:10041000F949FEF71EFB102221463846FFF7DCFFA4
:10042000E07B000606D5F44A394610231032084610
:10043000FFF7C7FF102239464846FFF7CDFFF87B8C
:10044000000606D5EC4A4946102310320846FFF74D
:10045000B8FF102200212046FCF795FF0DE0103E6A
:10046000B6B208EB0601102322466846FFF7A9FF43
:10047000224628466946FEF7ECFA102EEFD818D02F
:10048000F2B241466846FFF787FF10234A466946A5
:1004900004A8FFF796FF1023224604A96846FFF739
:1004A00090FF224628466946FEF7D3FA09B0BDE818
:1004B000F08310233A464146EAE770B59CB01E46E9
:1004C0000546134620980C468DF808002022194650
:1004D0000DF10900FCF72DFF202221460DF1290026
:1004E000FCF727FF17A913A8CDE90001412302AAB1
:1004F00031462846FFF780FF1CB070BD2DE9FF4F45
:100500009FB014AEDDE92D5410AFBB49CDE90076A4
:10051000202320311AA8FFF76FFF4FF000088DF855
:1005200008804FF001098DF8099054F8010FCDF8BB
:100530000A00A088ADF80E0014F8010C1022C0F3D8
:1005400040008DF8100055F8010FCDF81100A88873
:10055000ADF8150015F8010C2C99C0F340008DF88A
:10056000170006A88246FCF7E4FE0AA8834610227C
:100570002299FCF7DEFEA0483523083802AA40681D
:100580008DF83C80CDE900760E901AA91F98FFF7F0
:1005900033FF8DF808808DF809902068CDF80A00A7
:1005A000A088ADF80E0014F8010C1022C0F3400032
:1005B0008DF810002868CDF81100A888ADF8150056
:1005C00015F8010C2C99C0F340008DF81700504627
:1005D000FCF7AFFE584610222299FCF7AAFE864887
:1005E0003523083802AA40688DF83C90CDE90076A2
:1005F0000E901AA92098FFF7FFFE23B0BDE8F08FF8
:10060000F0B59BB00C460546DDE922101E461746A4
:10061000DDE92032D0F801C0CDF808C0B0F805C03F
:10062000ADF80CC00078C0F340008DF80E00D1F892
:100630000100CDF80F00B1F80500ADF813000878FF
:100640001946C0F340008DF815001088ADF816006B
:1006500090788DF818000DF119001022FCF769FE52
:100660000DF1290010223146FCF763FE0DF139002F
:1006700010223946FCF75DFE17A913A8CDE9000149
:10068000412302AA21462846FFF7B6FE1BB0F0BD63
:10069000F0B5A3B017460D4604461E46102202A828
:1006A0002899FCF746FE06A820223946FCF741FEB1
:1006B0000EA820222946FCF73CFE1EA91AA8CDE967
:1006C0000001502302AA314616A8FFF795FE16989E
:1006D000206023B0F0BDF0B589B00446DDE90E0717
:1006E0000D463978109EC1F340018DF80010317825
:1006F0009446C1F340018DF801101968CDF802103D
:100700009988ADF8061099798DF808100168CDF830
:1007100009108188ADF80D1080798DF80F00102335
:100720006A46614604A8FFF74CFE2246284604A903
:10073000FEF78FF9D6F801000090B6F80500ADF885
:100740000400D7F80100CDF80600B7F80500ADF8B1
:100750000A000020039010236A46214604A8FFF7F0
:1007600030FE2246284604A9FEF773F909B0F0BD11
:100770001FB51C6800945B6801931368029352686C
:100780000392024608466946FEF763F91FBD10B59D
:1007900088B00446106804905068059000200690C8
:1007A000079008466A4604A9FEF753F9BDF8000011
:1007B000208008B010BD1FB51288ADF800201A883F
:1007C000ADF80220002201920292039202460846EE
:1007D0006946FEF73EF91FBD7FB5074B1446054637
:1007E000083B9A1C6846FFF7E6FF22466946284602
:1007F000FFF7CDFF7FBD000022B2010070B50446B7
:1008000000780E46012813D0052802D0092813D1FC
:100810000EE0A06861690578042003F07FFA052DD9
:100820000AD0782300220420616903F0CDF903E0A7
:100830000420616903F072FA31462046BDE8704039
:1008400001F08AB810B500F12D03C2799C78411DE2
:10085000144064F30102C271D2070DD04A795C7969
:1008600022404A710A791B791A400A718278C97844
:100870008A4200D9817010BD00224A71F5E74178A3
:10088000012900D00C21017070472DE9F04F93B081
:100890004FF0000B0C690D468DF820B00978012649
:1008A0000C2017464FF00D084FF0110A4FF00809C1
:1008B0001B2975D2DFE811F01B00C40207031F03D8
:1008C0005E037103A303B803F9031A0462049504D9
:1008D000A204EF042D05370555056005F30536061E
:1008E000390668068406FE062207EB06F00614B1F8
:1008F00020781D282AD0D5F808805FEA08004FD05C
:1009000001208DF82000686A02220D908DF82420C5
:100910000A208DF82500A8690A90A8880028EED042
:1009200098F8001091B10F2910D27DD2DFE801F0C4
:100930007C1349DEFCFBFAF9F8F738089CF6F50061
:1009400002282DD124B120780C2801D00026F0E314
:100950008DF82020CBE10420696A03F0DFF9A88834
:100960000728EED1204600F0F2FF022809D02046E9
:1009700000F0EDFF032807D9204600F0E8FF072824
:1009800002D20120207004E0002CB8D02078012889
:10099000D7D198F80400C11F0A2902D30A2061E0C8
:1009A000C4E1A070D8F80010E162B8F80410218604
:1009B00098F8060084F83200012028700320207087
:1009C00044E00728BDD1002C99D020780D28B8D15B
:1009D00098F8031094F82F20C1F3C000C2F3C002AE
:1009E000104201D0062000E00720890707D198F8BF
:1009F00005100142D2D198F806100142CED194F8E8
:100A0000312098F8051020EA02021142C6D194F86C
:100A1000322098F8061090430142BFD198F80400A4
:100A2000C11F0A29BAD200E008E2617D81427CD868
:100A3000D8F800106160B8F80410218198F8060019
:100A4000A072012028700E20207003208DF8200055
:100A5000686A0D9004F12D000990601D0A900F3016
:100A60000B9022E12875FCE3412891D1204600F04B
:100A70006EFF042802D1E078C00704D1204600F0C0
:100A800066FF0F2884D1A88CD5F80C8080B24FF077
:100A9000400BE669FFF745FC324641465B464E4651
:100AA000CDF80090FFF741F80B208DF82000686A20
:100AB0000D90E0690990002108A8FFF79FFE2078BB
:100AC000042806D0A07D58B1012809D003280AD0F7
:100AD0004AE305202070032028708DF82060CEE1C5
:100AE00084F800A032E712202070EAE11128BCD17E
:100AF000204600F02CFF042802D1E078C00719D06E
:100B0000204600F024FF062805D1E078C00711D167
:100B1000A07D02280ED0204608E0CCE084E072E1FF
:100B200051E124E103E1E9E019E0B0E100F00FFF59
:100B300011289AD1102208F1010104F13C00FCF7C0
:100B4000F8FB607801286ED012202070E078C00792
:100B500060D0A07D0028C8D00128C6D05AE0112856
:100B600090D1204600F0F3FE082804D0204600F083
:100B7000EEFE132886D104F16C00102208F1010169
:100B80000646FCF7D6FB207808280DD014202070EC
:100B9000E178C8070DD0A07D02280AD06278022A29
:100BA00004D00328A1D035E00920F0E708B10128DE
:100BB00037D1C80713D0A07D02281DD00020009097
:100BC000D4E9062133460EA8FFF777FC10220EA9C0
:100BD00004F13C00FCF780FBC8B1042042E7D4E9F3
:100BE0000912201D8DE8070004F12C0332460EA8DF
:100BF000616BFFF770FDE9E7606BC1F34401491ECB
:100C00000068C84000F0010040F08000D7E720787D
:100C1000092806D185F800908DF8209036E32870D9
:100C2000EFE30920FBE79EE1112899D1204600F06F
:100C30008EFE0A2802D1E078C00704D1204600F0D9
:100C400086FE15288CD104F13C00102208F1010128
:100C50000646FCF76EFB20780A2816D01620207076
:100C6000D4E90932606B611D8DE80F0004F15C036B
:100C700004F16C0247310EA8FFF7C2FC10220EA946
:100C80003046FCF729FB18B1F9E20B20207073E223
:100C90002046FFF7D7FDA078216AC0F110020B189B
:100CA00000211846FCF76FFB26E3394608A8FFF73A
:100CB000A5FD06463CE20228B7D1204600F047FEDB
:100CC000042804D3204600F042FE082809D3204619
:100CD00000F03DFE0E2829D3204600F038FE1228F1
:100CE00024D2A07D0228A0D10E208DF82000686AB1
:100CF0000D9098F801008DF82400F5E3022894D1B6
:100D0000204600F024FE002810D0204600F01FFEF0
:100D10000128F9D0204600F01AFE0C28F4D0042057
:100D20008DF8240098F801008DF8250060E2112864
:100D3000FCD1002CFAD020781728F7D16178606AAE
:100D4000022912D05FF0000101EB4101182606EBE9
:100D5000C1011022405808F10101FCF7EAFA042011
:100D6000696A00F0E7FD2670F0E50121ECE70B2849
:100D7000DCD1002CDAD020781828D7D16078616ACD
:100D800002281CD05FF0000000EB4002102000EBB6
:100D9000C2000958B8F8010008806078616A02282A
:100DA0000FD0002000EB4002142000EBC2000958D5
:100DB000404650F8032F0A604068486039E001203F
:100DC000E2E70120EEE71128B0D1002CAED0207868
:100DD0001928ABD16178606A022912D05FF0000156
:100DE00001EB41011C2202EBC1011022405808F125
:100DF0000101FCF79EFA0420696A00F09BFD1A20AD
:100E0000B6E00121ECE7082890D1002C8ED02078A4
:100E10001A288BD1606A98F80120017862F34701A3
:100E20000170616AD8F8022041F8012FB8F8060075
:100E300088800420696A00F07DFD90E2072011E6B9
:100E40003878012894D1182204F114007968FCF74D
:100E500070FAE079C10894F82F0001EAD001E07837
:100E600061F30000E070217D002974D1217803290D
:100E700009D0C00725D0032028708DF82090686A1B
:100E80000D90412008E3607DA178884201D90620B9
:100E9000E8E502262671E179204621F0E001E171C2
:100EA000617A21F0F0016172A17A21F0F001A17262
:100EB000FFF7C8FC2E708DF82090686A0D9007200F
:100EC000EAE20420ABE6387805289DD18DF82000B1
:100ED000686A0D90B8680A900720ADF824000A9857
:100EE0008DF830B06168016021898180A17A8171BB
:100EF00004202070F8E23978052985D18DF820107A
:100F0000696A0D91391D09AE0EC986E80E004121AE
:100F1000ADF824108DF830B01070A88CD7F80C8084
:100F200080B24026A769FFF70EFA41463A4633469B
:100F3000C846CDF80090FEF72CFE002108A8FFF768
:100F40005DFCE07820F03E00801CE07020780528F1
:100F500002D00F200CE04AE1A07D20B1012802D090
:100F6000032802D002E10720BEE584F80080EDE40A
:100F70002070EBE4102104F15C0002F0E8FB606BF0
:100F8000B0BBA07D18B1012801D00520FDE00620EE
:100F90002870F8486063A063C2E23878022894D1D0
:100FA000387908B12875B7E3A07D022802D003285C
:100FB00005D022E0B8680028F5D060631CE06078B6
:100FC000012806D0A07994F82E10012805D0E94810
:100FD00006E0A17994F82E00F7E7B8680028E2D07F
:100FE0006063E078C00701D0012902D0E14803E046
:100FF00003E0F8680028D6D0A06306200FE68DF83D
:101000002090696A0D91E1784846C90709D0617856
:10101000022903D1A17D29B1012903D0A17D032992
:1010200000D00720287033E138780528BBD120781C
:1010300007281ED084F800A005208DF82000686ADB
:101040000D90B8680A90ADF824A08DF830B0032157
:101050000170E178CA070FD0A27D022A1AD00021C0
:101060000091D4E9061204F15C03401CFFF725FA55
:101070006BE384F80090DFE7D4E90923211D8DE8B4
:101080000E0004F12C0304F15C02401C616BFFF7BD
:1010900022FB5AE3626BC1F34401491E1268CA4045
:1010A00002F0010141F08001DAE738780528BDD16E
:1010B0008DF82000686A0D90B8680A90ADF824A0F9
:1010C0008DF830B0042100F8011B102204F15C01FE
:1010D000FCF72FF9002108A8FFF790FB20780928DA
:1010E00001D0132044E70A2020709AE5E078C10778
:1010F00042D0A17D012902D0022927D038E06178B1
:1011000008A8012916D004F16C010091D4E9061257
:1011100004F15C03001DFFF7BBFA0A2028700326C8
:101120008DF82080686A0D90002108A8FFF766FB03
:10113000E1E2C7E204F15C010091D4E9062104F187
:101140006C03001DFFF7A4FA0026E9E7C0F3440191
:1011500014290DD24FF0006101EBB0104FEAB060DE
:10116000E0706078012801D01020BDE40620FFE681
:10117000607801283FF4B6AC0A2050E5E178C90751
:1011800008D0A17D012903D10B202870042030E074
:1011900028702EE00E2028706078616B012818D02E
:1011A00004F15C0304F16C020EA8FFF7E1FA20469B
:1011B000FFF748FBA0780EAEC0F1100230440021CA
:1011C000FCF7E1F806208DF82000686A09960D907A
:1011D0009BE004F16C0304F15C020EA8FFF7C8FA6F
:1011E000E8E73978022903D139790029D0D0297567
:1011F00092E28DF82000686A0D9056E5387807284D
:10120000F6D1D4E909216078012808D004F16C00F6
:10121000CDE90002029105D104F16C0304E004F170
:101220005C00F5E704F15C0304F14C007A680646C3
:10123000216AFFF763F96078012822D1A078216A3A
:10124000C0F110020B1800211846FCF79CF8D4E9F5
:101250000923606B04F12D018DE80F0004F15C039C
:1012600000E05BE204F16C0231460EA8FFF7C8F91A
:1012700010220EA904F13C00FCF72EF808B10B2057
:10128000ACE485F8008000BF8DF82090686A0D906E
:101290008DF824A009E538780528A9D18DF820001B
:1012A000686A0D90B8680A90ADF824A08DF830B047
:1012B00080F80080617801291AD0D4E9092104F16D
:1012C0002D03A66B03910096CDE9013204F16C0366
:1012D00004F15C0204F14C01401CFFF791F900217C
:1012E00008A8FFF78BFA6078012805D015203FE6A3
:1012F000D4E90912631DE4E70E20287006208DF85A
:101300002000686ACDF824B00D90A0788DF82800F0
:10131000CBE438780328C0D1E079C00770D00F2023
:101320002870072065E7387804286BD11422391D0E
:1013300004F11400FBF7FDFF616A208CA1F809009D
:10134000616AA078C871E179626A01F003011172E3
:10135000616A627A0A73616AA07A81F824001620B1
:101360005DE485F800A08DF82090696A50460D91E3
:1013700092E0000022B201003878052842D1B86816
:10138000A8616178606A022901D0012100E0002192
:1013900001EB4101142606EBC1014058082102F07F
:1013A000D6F96178606A022901D0012100E00021AC
:1013B00001EB410106EBC101425802A8E169FFF7C8
:1013C0000BFA6078626A022801D0012000E0002058
:1013D00000EB4001102000EBC1000223105802A9CD
:1013E0000932FEF7EEFF626AFD4B0EA80932A169D1
:1013F000FFF7E1F96178606A022904D0012103E076
:1014000044E18DE0BFE0002101EB4101182606EB2D
:10141000C101A27840580EA9FBF78BFF6178606A82
:10142000022901D0012100E0002101EB410106EB7E
:10143000C1014158A0780B18C0F1100200211846D4
:10144000FBF7A1FF05208DF82000686A0D90A869C0
:101450000A90ADF824A08DF830B0062101706278B2
:10146000616A022A01D0012200E0002202EB42025E
:1014700006EBC202401C89581022FBF75AFF0021DC
:1014800008A8FFF7BBF91220C5F818B028708DF82E
:101490002090686A0D900B208DF8240005E43878C0
:1014A000052870D18DF82000686A0D90B8680A9000
:1014B0000B20ADF824000A98072101706178626A58
:1014C000022901D0012100E0002101EB410310219C
:1014D00001EBC30151580988A0F801106178626AD4
:1014E000022902D0012101E02FE1002101EB41039B
:1014F000142101EBC30151580A6840F8032F4968D1
:10150000416059E01920287001208DF8300074E600
:10151000162028708DF830B0002108A8FFF76EF96A
:10152000032617E114202870AEE6387805282AD162
:101530008DF82000686A0D90B8680A90ADF824A074
:101540008DF830B080F800906278616A4E46022AC9
:1015500001D0012200E0002202EB42021C2303EB37
:10156000C202401C89581022FBF7E3FE002108A8A4
:10157000FFF744F9152028708DF82060686A0D90F7
:101580008DF8246039E680E0387805287DD18DF823
:101590002000686A0D90B8680A90ADF8249009217F
:1015A00001706169097849084170616951F8012F3A
:1015B000C0F802208988C18020781C28A8D1A1E722
:1015C000E078C00702D04FF0060C01E04FF0070CA6
:1015D000607802280AD000BF4FF0000000EB040141
:1015E00001F1090105D04FF0010004E04FF00100C6
:1015F000F4E74FF000000B78204413EA0C030B7063
:1016000010F8092F02EA0C02027004D14FF01B0CF3
:1016100084F800C0D2B394F801C0BCF1010F00D02F
:101620009BB990F800C0E0465FEACC7C04D028F07B
:1016300001060670102606E05FEA887C05D528F0D2
:101640000206067013262E70032694F801C0BCF122
:10165000020F00D092B991F800C05FEACC7804D0B4
:101660002CF001060E70172106E05FEA8C7805D594
:101670002CF002060E701921217000260078D0BBD4
:10168000CAB3C3BB1C20207035E012E002E03878FA
:10169000062841D11A2015E4207801283CD00C28D6
:1016A0003AD02046FFF7EBF809208DF82000686A51
:1016B0000D9031E03878052805D0062038700326D3
:1016C0001820287046E005208DF82000696A0D91E9
:1016D000B9680A910221ADF8241001218DF830106B
:1016E0000A990870287D4870394608A8FFF786F8DF
:1016F000064618202870012E0ED02BE001208DF810
:101700002000686A0D9003208DF82400287D8DF854
:10171000250085F814B012E0287D80B11D202070CE
:10172000172028708DF82090686A0D9002208DF89F
:101730002400394608A8FFF761F806460AE00CB114
:10174000FE2020709DF8200020B1002108A8FFF79E
:1017500055F80CE413B03046BDE8F08F2DE9F043A6
:1017600087B00C464E6900218DF8041001202578C1
:10177000034602274FF007094FF0050C85B1012DF4
:1017800053D0022D39D1FE2030708DF80030606AC0
:10179000059003208DF80400207E8DF8050063E09D
:1017A0002179012925D002292DD0032928D0042907
:1017B00023D1B17D022920D131780D1F042D04D30E
:1017C0000A3D032D01D31D2917D12189022914D3E4
:1017D0008DF80470237020899DF80410884201E080
:1017E0001AB2010018D208208DF80000606A059036
:1017F00057E070780128EBD0052007B0BDE8F083F2
:101800001D203070E4E771780229F5D131780C2978
:10181000F3D18DF80490DDE7083402F804CB94E8A6
:101820000B0082E80B000320E7E71578052DE4D1D3
:101830008DF800C0656A0595956802958DF81010C1
:1018400094F80480B8F1010F13D0B8F1020F2DD035
:10185000B8F1030F1CD0B8F1040FCED1ADF804706D
:101860000E202870207E687000216846FEF7C6FFB3
:101870000CE0ADF804700B202870207E002100F0F1
:101880001F0068706846FEF7B9FF37700020B4E7A4
:10189000ADF804708DF8103085F800C0207E6870B7
:1018A000277011466846FEF7A9FFA6E7ADF8049039
:1018B0002B70207F6870607F00F00100A870A07F0F
:1018C00000F01F00E870E27F2A71C0071CD094F876
:1018D000200000F00700687194F8210000F0070074
:1018E000A87100216846FEF789FF2868F062A88881
:1018F0003086A87986F83200A0694078707528791A
:10190000B0700D203070C1E7A9716971E9E700B5C9
:1019100087B004280CD101208DF800008DF8040058
:10192000002005918DF8050001466846FEF766FF28
:1019300007B000BD70B50C46054602F0EFF9214630
:101940002846BDE870407823002202F03DB908B176
:10195000007870470C20704770B50C0005784FF088
:1019600000010CD021702146F1F757FC694821781D
:10197000405D884201D1032070BD022070BDF1F7A7
:101980004CFC002070BD0279012A05D000220A70AB
:101990004B78012B02D003E0042070470A758A615E
:1019A00002799300521C0271C15003207047F0B5B8
:1019B00087B00F4605460124287905EB800050F8D2
:1019C000046C7078411E02290AD252493A460839FD
:1019D00001EB8000314650F8043C28469847044605
:1019E0000CB1012C11D12879401E10F0FF00287194
:1019F00001D00324E0E70A208DF80000706A05900A
:101A0000002101966846FFF7A7FF032CD4D007B04A
:101A10002046F0BD70B515460A46044629461046D4
:101A2000FFF7C5FF064674B12078FE280BD1207C55
:101A300030B100202870294604F10C00FFF7B7FFF1
:101A40002046FEF71CFF304670BD704770B50E464D
:101A500004467C220021FBF796FC0225012E03D0D0
:101A6000022E04D0052070BD0120607000E065707A
:101A70002046FEF704FFA575002070BD28B1027C4A
:101A80001AB10A4600F10C01C4E70120704710B5F5
:101A9000044686B0042002F041F92078FE2806D0E2
:101AA00000208DF8000069462046FFF7E7FF06B0EA
:101AB00010BD7CB50E4600218DF804104178012937
:101AC00003D0022903D0002405E0046900E0446942
:101AD0000CB1217C89B16D4601462846FFF753FFC2
:101AE000032809D1324629462046FFF793FF9DF887
:101AF0000410002900D004207CBD04F10C05EBE7A4
:101B000030B40C460146034A204630BC024B0C3A26
:101B1000FEF751BE60B201001AB2010070B50D4669
:101B2000040012D08DB1220100212846FBF72BFCC6
:101B3000102255492846FBF7FCFB53480121083881
:101B4000018044804560002070BD012070BD70B5EB
:101B50004D4E00240546083E10E07068AA7B00EB5D
:101B60000410817B914208D1C17BEA7B914204D170
:101B70000C222946FBF7B0FB30B1641C308884424C
:101B8000EBDB4FF0FF3070BD204670BD70B50D46E9
:101B9000060006D02DB1FFF7DAFF002803DB401C5A
:101BA00014E0102070BD384C083C20886288411C2D
:101BB000914201D9042070BD6168102201EB001030
:101BC0003146FBF7B6FB2088401C2080287000209F
:101BD00070BD2D480838008870472B49083908889F
:101BE000012802D0401E08800020704770B51446BE
:101BF0000D0018D0BCB10021A170022802D010281D
:101C000011D105E0288870B10121A170108008E091
:101C10002846FFF79CFF002805DB401CA070A88920
:101C20002080002070BD012070BD70B505461446AF
:101C30000E000BD000203070A878012808D005D9FC
:101C40001149A1F108010A8890420AD9012070BD0A
:101C500024B1287820702888000A5070022008706B
:101C60000FE064B14968102201EB001120461039E1
:101C7000FBF75FFB287820732888000A6073102028
:101C80003070002070BD0000880000202DE9F04178
:101C900090460C4607460025C2EB4811FE48072F28
:101CA00000EB410607D2DFE807F007070707040447
:101CB0000400012500E0FFDF06F81470002D13D0AA
:101CC000F5487C3000EB880191F827001F2803D0ED
:101CD00006EB4000447001E081F8264006EB440228
:101CE0001F20507081F82740BDE8F081F0B51F46F5
:101CF00014460E4605461F2A00D1FFDFE648C7EB13
:101D0000471100EB410CE4490CEB44007C3101EB42
:101D100087021F2E07D00CEB460140784B784870A5
:101D200018461F210AE092F82530407882F82500F5
:101D3000F6E701460CEB410005704078A142F8D16E
:101D400092F827401F2C03D00CEB4404637001E091
:101D500082F826300CEB41041F23637082F82710B1
:101D6000F0BD30B50D46CD4B44190022181A72EB68
:101D7000020100D2FFDFCA48854200DDFFDFC8480C
:101D80004042854200DAFFDFC448401C844207DA43
:101D9000002C01DB204630BDC048401C201830BD5F
:101DA000BE48C043FAE710B504460168407ABD4A10
:101DB00052F82020114450B10220084420F07F4006
:101DC000F8F759FD94F90810BDE81040C9E7042060
:101DD000F3E72DE9F047B04E7C3696F82D50DFF84A
:101DE000B89206EB850090F8264036E0C5EB451129
:101DF00009EB41074FF0070817F81400012806D037
:101E000004282ED005282ED0062800D0FFDF01F0B0
:101E100045F9014607EB4400427806EB850080F85F
:101E2000262090F82720A24202D11F2280F82720E6
:101E3000084601F03EF92A4621460120FFF726FF19
:101E40009948414600EB041002682046904796F8F6
:101E50002D5006EB850090F826401F2CC6D1BDE81A
:101E6000F087022000E003208046D0E710B58A4CBE
:101E70001F217C3484F8251084F8261084F827105C
:101E8000002084F8280084F82D0084F82E10411ECC
:101E9000A16044F8100B2074607420736073A07309
:101EA0008249E07720750870487000217A4A103C1A
:101EB00002F81100491CC9B21F29F9D30120F8F713
:101EC000CAFB0020F8F7C7FB012084F82200F9F7CD
:101ED00037F87748F9F749F8744CA41E2070754814
:101EE000F9F743F86070BDE81040F8F741BB10B552
:101EF000F8F763FB6D4CA41E2078F9F74FF8607873
:101F0000F9F74CF8BDE8104001F000B91F20704708
:101F10000020F8F779BB70B5054601240E46AC40A9
:101F20005AB1FFF7F5FF0146634800EBC500C0F862
:101F30001015C0F81465614801E06048001D046098
:101F400070BD2DE9F34F544D00247C3505EB810A1B
:101F500089B09AF825001F2823D0611E02915249AA
:101F6000009401EB0017391D03AB07C983E8070094
:101F700005F11400A0460189ADF81C10807A8DF897
:101F80001E009DF81500C8B10226464951F82040B0
:101F90000399A219114421F07F41019184B10221DA
:101FA0000FE00120F8F757FB0020F8F754FBF8F793
:101FB00022FB01F0ABF885F82F40A9E00426E4E706
:101FC00000218DF81810022801D0012820D1039893
:101FD00001190998081A801C9DF81C1020F07F40F8
:101FE00001B10221353181420BD203208DF8150059
:101FF0000398C4F13201401A20F07F40322403904C
:102000000CE095F8240018B901F063FA002863D0B9
:10201000322C03D214B101F06DF801E001F076F832
:10202000224A107818B393465278039B121B002162
:102030009DF81840994601281AD0032818D000208E
:102040008DF81E00002A04DD981A039001208DF8F7
:1020500018009DF81C0000B102210398184A20F0D6
:102060007F40039003AB099801F05CF810B110E0D9
:102070000120E5E79DF81D0018B99BF80000032832
:1020800029D08DF81C80CDF80C908DF818408DF873
:102090001E809DF8180015E0DC080020FF7F841EDC
:1020A0000020A10770B20100EC0600209A00002079
:1020B000773A0100D31D010000F0014004F5014012
:1020C000FFFF3F0058B103980123811900221846F1
:1020D000F8F714FB06E000200BB0BDE8F08F0120FC
:1020E000F8F7B9FA97F90C20012300200199F8F7C5
:1020F00005FBF87BC00701D0F8F7E9FB012085F864
:102100002F008AF8288020226946FE48FBF711F943
:102110000120E1E72DE9F05FDFF8E883064608EBF0
:10212000860090F825501F2D21D0A8F17C01C6EB28
:1021300046102C4601EB4007A1F5F879DFF8C8B34B
:1021400005E0A24607EB4A0044781F2C0AD0F8F7B6
:1021500020FB09EB04135A4601211B1D00F0E2FF8E
:102160000028EED0AC4202D0334652461EE0E7488B
:1021700008B1AFF30080F8F70CFB98F82F206AB194
:10218000D8F80C20411C891A0902CA1701EB126108
:102190000912002902DD0020BDE8F09F3146FFF75B
:1021A000D0FE08B10120F7E733462A461F2104205C
:1021B000FFF79CFDEFE72DE9F041D24C2569F8F7D8
:1021C000E8FA401B0002C11700EB1160001200D4B6
:1021D000FFDF94F8220000B1FFDF012784F82270AE
:1021E00094F82E001F2800D1FFDF94F82E601F20E6
:1021F00084F82E00002584F82F5084F8205084F8AD
:102200002150C34825600078022835D0032833D0F8
:1022100000202077A068401C05D04FF0FF30A06060
:102220000120F8F718FA0020F8F715FAF8F711FB73
:10223000F8F709FBF8F7DFF908F0C6F8B5480560CC
:1022400005604FF0E0214FF40040B846C1F880022D
:10225000F0F7B5FE94F82D703846FFF75BFF0028C5
:10226000FAD0A849C7EB47107C3901EB400010F8C1
:102270001600022802D006E00120CAE73A4631469D
:102280000620FFF703FD84F8238004EB870090F815
:1022900026001F2804D09E48801E4078F8F784FE50
:1022A000207F002803D0F8F7C4FA257765771BE56F
:1022B000944910B591F82D20924B0024C2EB4211A5
:1022C0007C3B03EB410100BF11F814302BB1641CBF
:1022D000E4B21F2CF8D31F2010BD8F4901EB04116D
:1022E00008600020C87321460120FFF7CFFC20467C
:1022F00010BD10B5012801D0032800D181B3814A57
:1023000092F82D307F4C0022C3EB43137C3C04EB4E
:10231000430300BF13F812400CB1082010BD521C3B
:10232000D2B21F2AF6D37A4A48B1022807D0072929
:1023300017D2DFE801F01606080A0C0E1000002183
:102340000AE01B2108E03A2106E0582104E0772149
:1023500002E0962100E0B52151701070002010BD00
:10236000FFE70720FBE76A4810B54078F8F783FAE3
:1023700080B2F4E710B51F2815D2624991F82D20DC
:10238000C2EB4213A1F17C0202EB430414F81030BB
:102390004BB191F82D30C3EB431302EB430212F81B
:1023A0001020012A01D00020D9E791F82D20014604
:1023B0000020FFF76BFC0120D1E710B5F8F7E9F931
:1023C000BDE81040F8F757BA2DE9F0410E464D4FE1
:1023D00001781F257C3FC3EB43130C4607EB4303F7
:1023E00003E0254603EB45046478944202D01F2C99
:1023F000F7D108E01F2C06D0A14206D103EB410122
:102400004978017007E000206EE403EB440003EB21
:10241000450140784870414F7EB127B1002140F21C
:102420002D40AFF300803078A04206D127B10021C3
:102430004FF48660AFF30080357027B1002140F281
:102440003540AFF3008001204EE410B542680B68C0
:102450009A1A1202D41702EB1462121216D4497A95
:1024600091B1427A82B92E4A006852F8211012685E
:1024700019441044001D891C081A0002C11700EB02
:1024800011600012322801DB012068E7002066E7B6
:102490002DE9F0478146204EC1EB411006F5F87159
:1024A0009846144601EB400713E000BF06EB041505
:1024B000291D4846FFF7C9FF68B988F80040A97B85
:1024C00099F80A00814201D80020C8E407EB4400D3
:1024D00044781F2CEAD10120C1E42DE9F04782465F
:1024E00008480E4600EB8600DFF82C8090F8254067
:1024F0001F201070C1EB46109946154608F5F8717B
:1025000010E0000058090020FFFF3F00000000001D
:102510009A00002000F50040EC06002000000000BA
:1025200070B2010001EB40070BE000BF08EB0410A4
:102530005146001DFFF789FF28B107EB44002C70BE
:1025400044781F2CF2D1297889F800104B46224696
:1025500031465046BDE8F0479AE72DE9FC410E466A
:1025600007460024FE4D08E09DF8000005EB001032
:102570008168384600F0EAFD01246B4601AA314625
:102580003846FFF7AAFF0028EED02046BDE8FC81C0
:1025900070B50446C0EB44110125F248A54300EB99
:1025A0004101C5EB451200EB42003E22FAF7C1FEA5
:1025B000ED4E26B100214FF49360AFF30080E9485F
:1025C0007C3000EB850100EB8400D0F82500C1F8D9
:1025D000250026B1002140F29C40AFF30080284640
:1025E00070BD8A4203D003460520FFF77FBB1F2939
:1025F00008D0DC4AC0EB401002EB400000EB410089
:1026000040787047D7497C3101EB800090F8250075
:102610007047D34901EB0010001DFFF7C4BB7CB528
:102620001D46134604460E4600F108022146184690
:10263000F8F72EF994F908000F2804DD1F382072EE
:102640002068401C206096B10220C84951F826102D
:10265000461820686946801B20F07F40206094F96E
:1026600008002844C01C1F2803DA012009E00420C8
:10267000EBE701AAF8F70CF99DF8040010B10098F7
:10268000401C00900099206831440844C01C20F090
:102690007F4060607CBDFEB50C46064609786079D7
:1026A000907220791F461546507279B12179002227
:1026B0002846A368FFF7B3FFAA4928467C3191F862
:1026C0002E201F2A0AD00969491D0DE0D4E90223F2
:1026D000217903B02846BDE8F040A0E7A449497835
:1026E000052900D20521314421F07F4100F02EFD63
:1026F00039462846FFF731FFD4E90232217968468E
:10270000FFF78DFF2B4600213046019A00F00AFDAD
:10271000002806D103B031462846BDE8F04000F05D
:1027200015BDFEBD2DE9FE4F814600F0CBFC38B152
:102730005FF0000799F8000020B10020BDE8FE8F8F
:102740000127F7E7874D884C4FF0000A7C3524B10C
:10275000002140F2FF40AFF3008095F82D8085F80E
:1027600023A0002624B1002140F20450AFF30080E2
:102770001FB94046FFF70CFF804624B1002140F20C
:102780000C50AFF30080F8F704F843466A46494618
:10279000FFF781FF24B1002140F21250AFF3008017
:1027A00095F82E001F280CD029690098401A0002C5
:1027B000C21700EB1260001203D5684600F0C6FC99
:1027C000012624B1002140F21C50AFF3008095F89F
:1027D00023000028BBD124B1002140F22250AFF3E6
:1027E0000080F7F7D6FF6B46624A002100F09AFCA2
:1027F0000028A3D027B941466846FFF7AEFE06433E
:1028000026B16846FFF7CFFAC9F8080024B10021C5
:1028100040F23550AFF3008001208FE72DE9F04FF3
:1028200089B08B46824600F04DFC4E4C7C3428B378
:102830009BF80000002710B1012800D0FFDF4A4DAF
:1028400025B1002140F2F750AFF300804449012048
:1028500001EB0A18A94607905FEA090604D0002197
:1028600040F2FF50AFF30080079800F022FC94F88C
:102870002D50002084F8230067B119E094F82E0051
:1028800001271F2800D1FFDF9BF800000028D6D0C9
:10289000FFDFD4E72846FFF77BFE054626B100217F
:1028A00040F20960AFF3008094F823000028D3D1F0
:1028B00026B1002140F21360AFF30080F7F769FF03
:1028C0002B4602AA59460790FFF7E5FE98F80F003D
:1028D0005FEA060900F001008DF8130004D0002122
:1028E00040F21D60AFF300803B462A4602A9CDF8B6
:1028F00000A0079800F035FC064604EB850090F830
:1029000028000090B9F1000F04D0002140F22460AB
:10291000AFF3008000F0C2FB0790B9F1000F04D0C4
:10292000002140F22A60AFF3008094F823000028D1
:1029300092D1B9F1000F04D0002140F23260AFF320
:1029400000800DF1080C9CE80E00C8E90112C8F8DF
:102950000C30BEB35FEA090612D000210CE0000083
:10296000EC060020DC0800200000000070B201002E
:102970009A000020FFFF3F0040F23F60AFF300806D
:102980000098B84312D094F82E001F280ED126B11B
:10299000002140F24460AFF300802846FFF7BAFB05
:1029A00020B99BF80000D8B3012849D0B9F1000F35
:1029B00004D0002140F26160AFF30080284600F0AF
:1029C00066FB01265FEA090504D0002140F26A6037
:1029D000AFF30080079800F06CFB25B1002140F2B6
:1029E0006E60AFF300808EB194F82D0004EB800090
:1029F00090F826001F2809D025B1002140F275600B
:102A0000AFF30080F9484078F8F7CEFA25B10021FD
:102A100040F27A60AFF3008009B03046BDE8F08F35
:102A2000FFE7B9F1000F04D0002140F24C60AFF392
:102A3000008094F82D2051460420FFF727F9C0E7C5
:102A4000002E3FF409AF002140F25760AFF3008041
:102A500002E72DE9F84FE64D814695F82D004FF03D
:102A60000008E44C4FF0010B474624B100214FF41D
:102A7000D160AFF30080584600F01BFB85F823704F
:102A800024B1002140F28D60AFF3008095F82D0055
:102A9000FFF77EFD064695F8230028B1002CE4D010
:102AA000002140F293604DE024B1002140F2976094
:102AB000AFF30080CE49C6EB46107C3901EB4001F4
:102AC00011F81900032856D1334605EB830A4A460C
:102AD0009AF82500904201D1012000E000200090EA
:102AE0000AF125000021FFF76FFC01460098014222
:102AF00003D001228AF82820AF77E1B324B1002166
:102B000040F29C60AFF30080324649460120FFF757
:102B1000BDF89AF828A024B1002140F2A760AFF3D5
:102B2000008000F0BBFA834624B1002140F2AC6083
:102B3000AFF3008095F8230038B1002C95D0002128
:102B40004FF4D660AFF300808FE7BAF1000F07D0E3
:102B500095F82E001F2803D13046FFF7DBFAE0B1CD
:102B600024B1002140F2C460AFF30080304600F091
:102B70008EFA4FF0010824B1002140F2CD60AFF38E
:102B80000080584600F095FA24B1002140F2D1604F
:102B9000AFF300804046BDE8F88F002CF1D0002153
:102BA00040F2BF60AFF30080E6E70120F7F72CBDED
:102BB0008E48007870472DE9F0418D4C94F82E0036
:102BC0001F2821D194F82D6004EB860797F8255033
:102BD0001F2D00D1FFDF8649C6EB46107C3901EB83
:102BE000400000EB4500407807F8250F0120F87001
:102BF00084F82300294684F82E50324602202234DD
:102C0000FFF744F8002020701EE42DE9F0417A4ED1
:102C1000774C012538B1012821D0022879D003282A
:102C20007DD0FFDF10E400F065FAFFF7C4FF207EDF
:102C300000B1FFDF84F821500020F7F70CFDA168F8
:102C4000481C04D0012300221846F7F757FD14F85A
:102C50002E0F217806EB01110A68012154E0FFF7DD
:102C6000AAFF0120F7F7F7FC94F8210050B1A06803
:102C7000401C07D014F82E0F217806EB01110A68CA
:102C8000062141E0207EDFF86481002708F1020878
:102C9000012803D002281ED0FFDFB5E7A777F7F79A
:102CA000C8FD98F80000032801D165772577607D7D
:102CB000524951F8200094F8201051B948B1616888
:102CC0000123091A00221846F7F718FD0220207682
:102CD0009AE7277698E784F8205000F00BFAA07F57
:102CE00050B198F8010061680123091A00221846C2
:102CF000F7F704FD257600E0277614F82E0F2178EB
:102D000006EB01110A680021BDE8F041104700E020
:102D100005E036480078BDE8F041F8F745B9FFF71F
:102D20004AFF14F82E0F217806EB01110A680521DD
:102D3000EAE710B52E4C94F82E001F2800D1FFDFD3
:102D400014F82E0F21782C4A02EB01110A68BDE815
:102D50001040042110477CB5254C054694F82E0000
:102D60001F2800D1FFDFA068401C00D0FFDF94F8CF
:102D70002E00214901AA01EB0010694690F90C00D0
:102D80002844F7F785FD9DF904000F2801DD012097
:102D900000E00020009908446168084420F07F4169
:102DA000A16094F82100002807D002B00123BDE8FB
:102DB000704000221846F7F7A1BC7CBD30B5104A20
:102DC0000B1A541CB3EB940F1ED3451AB5EB940F9A
:102DD0001AD3934203D9101A43185B1C14E095428E
:102DE00010D9511A0844401C43420DE098000020BD
:102DF0005809002000000000EC06002070B201001D
:102E0000FF7F841EFFDF0023184630BD0123002210
:102E100001460220F7F772BC0220F7F71CBCF7F757
:102E2000B8BC2DE9FE4FF24C05468A4694F82E00B8
:102E30001F2800D1FFDFEE4E94F82E10A04620464A
:102E4000A6F51B7202EB01141F218DF8001090F8FB
:102E50002D10376900EB8101D8F8000091F825901A
:102E6000284402AA01A90C36F7F712FD9DF90800C3
:102E7000002802DD0198401C0190A0680199642D92
:102E8000084453D3DB4B00225B1B72EB02014DD392
:102E90006168411A21F07F41B1F5800F46D220F0E0
:102EA0007F40706086F80AA098F82D1044466B4663
:102EB0004A463046FFF7ECFAB8B3A068401C10D081
:102EC000F7F767FCA168081A0002C11700EB116050
:102ED000001202282CDD0120F7F7BDFB4FF0FF3078
:102EE000A06094F82D009DF800201F210F34FFF7FB
:102EF00078FBA17FBE4AC1EB41117C3A02EB410154
:102F0000E27F01EB4201487054F80F0C284444F86A
:102F10000F0C012020759DF800001F2803D0B64833
:102F20004078F8F741F8012008E401E0002005E4CA
:102F30007760FBE72DE9F047AD4C074694F82D008C
:102F4000A4F17C06C0EB401006EB400010F817001F
:102F500000B9FFDF94F82D50A046A84C24B1002101
:102F600040F6E800AFF30080C5EB451040F6F409E9
:102F700040F6FD0A06EB400616F81700012819D0A6
:102F8000042811D005280FD006280DD01CB100212F
:102F90004846AFF3008007F0EBFE002CECD0002198
:102FA0005046AFF30080E7E72A4639460120FEF796
:102FB0006DFEF2E74FF0010A4FF00009454624B1DB
:102FC000002140F60410AFF30080504600F071F885
:102FD00085F8239024B1002140F60910AFF300805A
:102FE00095F82D00FFF7D4FA064695F8230028B18E
:102FF000002CE4D0002140F60F101FE024B1002186
:1030000040F61310AFF3008005EB860000F12701B6
:1030100033463A462630FFF7D7F924B1002140F66F
:103020001710AFF3008000F039F8824695F82300BE
:1030300038B1002CC3D0002140F61D10AFF3008042
:10304000BDE785F82D60012085F82300504600F08B
:1030500030F8002C04D0002140F62A10AFF3008095
:10306000BDE8F08730B5044661480D4690F82D0064
:103070005F49C0EB40107C3901EB400010F81400B0
:1030800000B9FFDF5E4800EB0410C57330BD58493E
:1030900081F82D00012081F82300704710B55948B0
:1030A00008B1AFF30080EFF3108000F0010072B6BA
:1030B00010BD10B5002804D1534808B1AFF300800B
:1030C00062B610BD51480068C005C00D10D0103860
:1030D00040B2002804DB00F1E02090F8000405E095
:1030E00000F00F0000F1E02090F8140D4009704747
:1030F0000820704710B53E4C94F82400002804D1F5
:10310000F7F746FC012084F8240010BD10B5384CB8
:1031100094F82400002804D0F7F763FC002084F81A
:10312000240010BD10B51C685B68241A181A24F01E
:103130007F4420F07F40A14206D8B4F5800F03D22F
:10314000904201D8012010BD002010BDD0E900320E
:10315000D21A21F07F43114421F07F41C0E90031B0
:1031600070472DE9FC418446214815460F46C2EBC5
:1031700045117C38089C00EB410616F81400012824
:1031800004D0022802D00020BDE8FC813B46204A42
:1031900001216046FFF7C6FFF0B101AB6A46294640
:1031A0003846FFF79AF9B8B19DF804209DF8001051
:1031B0002846FFF716FA06EB440148709DF8000018
:1031C0001F280DD006EB400044702A4621460320FC
:1031D000FEF75CFD0120D7E72A4621460420F7E7E9
:1031E0000348012100EB850000F8254FC170ECE792
:1031F00058090020FF1FA1079800002000000000D0
:10320000EC060020000000000000000004ED00E0DB
:10321000FFFF3F002DE9F041044680074FF0000515
:103220004FF001060CD56B480560066000F0DEF932
:1032300020B16948016841F48061016024F0020412
:10324000E0044FF0FF3705D564484660C0F80873C6
:1032500024F48054600003D56148056024F0804464
:10326000E0050FD55F48C0F80052C0F808735E490A
:103270000D60091D0D605C4A04210C32116006616D
:1032800024F48074A00409D558484660C0F8005260
:10329000C0F808735648056024F40054C4F3803025
:1032A000C4F3C031884200D0FFDF14F4404F14D083
:1032B00050484660C0F808734F488660C0F8005216
:1032C000C0F808734D490D600A1D16608660C0F88D
:1032D00008730D60166024F4404420050AD5484860
:1032E00046608660C0F80873C0F8487345480560BA
:1032F00024F4006407F042F84348044200D0FFDFA2
:10330000BDE8F081F0B50022202501234FEA020438
:1033100020FA02F1C9072DD051B2002910DB00BFFD
:103320004FEA51174FEA870701F01F0607F1E02720
:1033300003FA06F6C7F88061BFF34F8FBFF36F8FB4
:103340000CDB00BF4FEA51174FEA870701F01F0659
:1033500007F1E02703FA06F6C7F8806204DB01F103
:10336000E02181F8004405E001F00F0101F1E021C6
:1033700081F8144D02F10102AA42C9D3F0BD10B583
:10338000224C20600846F7F71CFC2068FFF742FF3C
:103390002068FFF7B7FF06F031FC00F088F906F06F
:1033A000EDFF06F02CFFF7F7CBFDBDE8104006F06F
:1033B000D9BC10B5154C2068FFF72CFF2068FFF72B
:1033C000A1FF06F0DBFFF7F7FBFC0020206010BD3B
:1033D0000A207047FC1F00403C17004000C000401E
:1033E00004E50140008000400485004000D000401A
:1033F00004D5004000E0004000F0004000F500402F
:1034000000B0004008B50040FEFF0FFD9C0000200A
:1034100070B526490A680AB30022154601244B6894
:103420005B1C4B600C2B00D34D600E7904FA06F345
:103430000E681E420FD0EFF3108212F0010272B636
:1034400000D001220C689C430C6002B962B6496846
:103450000160002070BD521C0C2AE0D3052070BD15
:103460004FF0E0214FF48000C1F800027047EFF305
:10347000108111F0010F72B64FF0010202FA00F252
:103480000A48036842EA0302026000D162B6E7E735
:1034900006480021016041607047012181400348D6
:1034A0000068084000D0012070470000A000002004
:1034B00001208107086070470121880741600021D1
:1034C000C0F80011184801707047174901200870B2
:1034D00070474FF08040D0F80001012803D0124817
:1034E0000078002800D00120704710480068C0070D
:1034F00000D0012070470D480C300068C00700D094
:10350000012070470948143000687047074910319E
:103510000A68D20306D5096801F00301814201D18E
:103520000120704700207047A800002008040040D8
:103530004FF08050D0F830010A2801D000207047A9
:103540000120704700B5FFF7F3FF20B14FF0805026
:10355000D0F8340108B1002000BD012000BD4FF0BB
:103560008050D0F83001062803D0401C01D0002044
:103570007047012070474FF08050D0F830010D287F
:1035800001D000207047012070474FF08050D0F8E4
:103590003001082801D000207047012070474FF00B
:1035A0008050D0F83001102801D000207047012051
:1035B000704700B5FFF7F3FF30B9FFF7DCFF18B92C
:1035C000FFF7E3FF002800D0012000BD00B5FFF7A2
:1035D000C6FF38B14FF08050D0F83401062803D32D
:1035E000401C01D0002000BD012000BD00B5FFF748
:1035F000B6FF48B14FF08050D0F83401062803D30D
:10360000401C01D0012000BD002000BD0021017040
:10361000084670470146002008707047EFF310819C
:1036200001F0010172B60278012A01D0012200E006
:1036300000220123037001B962B60AB1002070476D
:103640004FF400507047E9E7EFF3108111F0010FDC
:1036500072B64FF00002027000D162B600207047CF
:10366000F2E700002DE9F04115460E46044600271A
:1036700000F0EBF8A84215D3002341200FE000BF73
:1036800094F84220A25CF25494F84210491CB1FB19
:10369000F0F200FB12115B1C84F84210DBB2AB426B
:1036A000EED3012700F0DDF83846BDE8F08172491D
:1036B00010B5802081F800047049002081F8420094
:1036C00081F84100433181F8420081F841004331E3
:1036D00081F8420081F841006948FFF797FF684888
:1036E000401CFFF793FFF7F7B3FBBDE8104000F075
:1036F000B8B840207047614800F0A7B80A460146B4
:103700005E48AFE7402070475C48433000F09DB80A
:103710000A46014659484330A4E740210170002081
:10372000704710B504465548863000F08EF820707A
:10373000002010BD0A460146504810B58630FFF7FC
:1037400091FF08B1002010BD42F2070010BD70B516
:103750000C460646412900D9FFDF4A480068103868
:1037600040B200F054F8C5B20D2000F050F8C0B2DD
:10377000854201D3012504E0002502E00DB1F7F7F1
:10378000AAFB224631463D48FFF76CFF0028F5D0E2
:1037900070BD2DE9F0413A4F0025064617F10407A8
:1037A00057F82540204600F041F810B36D1CEDB2EB
:1037B000032DF5D33148433000F038F8002825D0E8
:1037C0002E4800F033F8002820D02C48863000F036
:1037D0002DF800281AD0F7F754FB2948FFF71EFFF1
:1037E000B0F5005F00D0FFDFBDE8F0412448FFF7EF
:1037F0002BBF94F841004121265414F8410F401C7E
:10380000B0FBF1F201FB12002070D3E74DE7002876
:1038100004DB00F1E02090F8000405E000F00F0068
:1038200000F1E02090F8140D4009704710F8411F96
:103830004122491CB1FBF2F302FB13114078814293
:1038400001D1012070470020704710F8411F4078D7
:10385000814201D3081A02E0C0F141000844C0B21D
:10386000704710B50648FFF7D9FE002803D1BDE820
:103870001040F7F7F1BA10BD0DE000E08809002014
:10388000AC00002004ED00E070B5154D2878401C18
:10389000C4B26878844202D000F0DBFA2C7070BDAC
:1038A0002DE9F0410E4C4FF0E02600BF00F0C6FAC3
:1038B00007F05EFA40BF20BF677820786070D6F8C6
:1038C0000052EDF759FD854305D1D6F8040210B931
:1038D0002078B842EAD000F0ACFA0020BDE8F081D0
:1038E000BC0000202DE9F04101264FF0E022310319
:1038F0004FF000084046C2F88011BFF34F8FBFF36E
:103900006F8F204CC4F800010C2000F02EF81E4DE3
:103910002868C04340F30017286840F01000286072
:10392000C4F8046326607F1C02E000BF07F020FAA1
:10393000D4F800010028F9D01FB9286820F0100041
:103940002860124805686660C4F80863C4F80081FE
:103950000C2000F00AF82846BDE8F08110B50446B6
:10396000FFF7C0FF2060002010BD002809DB00F039
:103970001F02012191404009800000F1E020C0F8C1
:103980008012704700C0004010ED00E008C5004004
:103990002DE9F047FF4C0646FF21A06800EB061218
:1039A00011702178FF2910D04FF0080909EB01119F
:1039B00009EB06174158C05900F0F4F9002807DD5B
:1039C000A168207801EB061108702670BDE8F08729
:1039D00094F8008045460DE0A06809EB05114158B8
:1039E000C05900F0DFF9002806DCA068A84600EB0B
:1039F00008100578FF2DEFD1A06800EB061100EB51
:103A000008100D700670E1E7F0B5E24B04460020A7
:103A100001259A680C269B780CE000BF05EB001787
:103A2000D75DA74204D106EB0017D7598F4204D0C7
:103A3000401CC0B28342F1D8FF20F0BD70B5FFF743
:103A4000EEF9D44C08252278A16805EB02128958BA
:103A500000F0A8F9012808DD2178A06805EB011124
:103A60004058BDE87040FFF7D1B9FFF7A1F8BDE8B5
:103A70007040F7F799BA2DE9F041C64C2578FFF769
:103A8000CEF9FF2D6ED04FF00808A26808EB05169E
:103A9000915900F087F90228A06801DD80595DE0A6
:103AA00000EB051109782170022101EB0511425C40
:103AB0005AB1521E4254815901F5800121F07F41D3
:103AC00081512846FFF764FF34E00423012203EB11
:103AD000051302EB051250F803C0875CBCF1000F20
:103AE00010D0BCF5007F10D9CCF3080250F806C006
:103AF0000CEB423C2CF07F4C40F806C0C3589A1A9D
:103B0000520A09E0FF2181540AE0825902EB4C324B
:103B100022F07F428251002242542846FFF738FFAC
:103B20000C21A06801EB05114158E06850F82720EE
:103B3000384690472078FF2814D0FFF770F9227894
:103B4000A16808EB02124546895800F02BF90128BC
:103B500093DD2178A06805EB01114058BDE8F041E4
:103B6000FFF754B9BDE8F081F0B51D4614460E4686
:103B70000746FF2B00D3FFDFA00700D0FFDF8548FB
:103B8000FF210022C0E90247C57006710170427032
:103B900082701046012204E002EB0013401CE15445
:103BA000C0B2A842F8D3F0BD70B57A4C064665782D
:103BB0002079854200D3FFDFE06840F82560607817
:103BC000401C6070284670BD2DE9FF5F1D468B4686
:103BD0000746FF24FFF723F9DFF8B891064699F866
:103BE0000100B84200D8FFDF00214FF001084FF07C
:103BF0000C0A99F80220D9F808000EE008EB01132E
:103C0000C35CFF2B0ED0BB4205D10AEB011350F869
:103C100003C0DC450CD0491CC9B28A42EED8FF2C47
:103C200002D00DE00C46F6E799F803108A4203D162
:103C3000FF2004B0BDE8F09F1446521C89F8022012
:103C400008EB04110AEB0412475440F802B00421B7
:103C5000029B0022012B01EB04110CD040F8012043
:103C60004FF4007808234FF0020C454513D9E905BD
:103C7000C90D02D002E04550F2E7414606EB413261
:103C800003EB041322F07F42C250691A0CEB0412BA
:103C9000490A81540BE005B9012506EB453103EBD8
:103CA000041321F07F41C1500CEB0411425499F8E8
:103CB00000502046FFF76CFE99F80000A84201D0A2
:103CC000FFF7BCFE3846B4E770B50C460546FFF773
:103CD000A6F8064621462846FFF796FE0446FF282A
:103CE0001AD02C4D082101EB0411A8684158304628
:103CF00000F058F800F58050C11700EBD140401398
:103D00000221AA6801EB0411515C09B100EB4120CA
:103D1000002800DC012070BD002070BD2DE9F047B7
:103D200088468146FFF770FE0746FF281BD0194DD5
:103D30002E78A8683146344605E0BC4206D02646B7
:103D400000EB06121478FF2CF7D10CE0FF2C0AD000
:103D5000A6420CD100EB011000782870FF2804D097
:103D6000FFF76CFE03E0002030E6FFF755F8414610
:103D70004846FFF7A9FF0123A968024603EB041395
:103D8000FF20C854A878401EB84200D1A87001EBAB
:103D9000041001E0540A002001EB061100780870BD
:103DA000104613E6081A0002C11700EB116000125A
:103DB0007047000010B5202000F07FF8202000F0B0
:103DC0008DF84D49202081F80004EDF7D3FA4B49D6
:103DD00008604B48D0F8041341F00101C0F8041307
:103DE000D0F8041341F08071C0F804134249012057
:103DF0001C39C1F8000110BD10B5202000F05DF89D
:103E00003E480021C8380160001D01603D4A481E3F
:103E100010603B4AC2F80803384B1960C2F8000131
:103E2000C2F8600138490860BDE81040202000F069
:103E300055B834493548091F08607047314933483F
:103E4000086070472D48C8380160001D521E02608E
:103E500070472C4901200860BFF34F8F70472DE950
:103E6000F0412849D0F8188028480860244CD4F83C
:103E700000010025244E6F1E28B14046EDF7D4F90D
:103E800040B9002111E0D4F8600198B14046EDF747
:103E9000CBF948B1C4F80051C4F860513760BDE8AF
:103EA000F041202000F01AB831684046BDE8F041EA
:103EB00006F068BFFFDFBDE8F08100280DDB00F0F1
:103EC0001F02012191404009800000F1E020C0F86C
:103ED0008011BFF34F8FBFF36F8F7047002809DB4E
:103EE00000F01F02012191404009800000F1E02014
:103EF000C0F880127047000020E000E0C8060240D1
:103F000000000240180502400004024001000001C8
:103F1000454800210170417010218170704770B5D3
:103F2000054616460C460220F3F7F2FB3E490120F7
:103F3000F61E08703D4806603C4808380560001FC2
:103F4000046070BD10B50220F3F7E2FB3649012092
:103F5000087000F051F836494FF40000086010BDB9
:103F600010B5314C207888B131494FF40000091D5B
:103F7000086000F04AF8002120B1012060702D484F
:103F8000006801E061701020A0702170BDE8104051
:103F90000020F3F7BDBB244810B5017859B126487D
:103FA000D0F8000128B100F030F8002800D001203E
:103FB00010BD022010BD407810BD10B5C824641E8D
:103FC000E4B2FFF7E8FF022803D0012800D0002068
:103FD00010BD002CF3D1FFDFF9E7134810B50178CD
:103FE00041B100F012F818B112480068C0B210BD1B
:103FF000102010BD807810BD0F480021C0F80011BE
:10400000C0F80411C0F8081170470B48D0F800112F
:1040100029B1D0F8041111B1D0F8080108B100207D
:104020007047012070470000BE00002010F50040DE
:1040300004F5014000F4004000F000404748002132
:1040400001704170704770B5064614460D46012058
:10405000F3F75EFB42480660001D0460001D05602A
:1040600070BD70B53D4901250D7040EA02413C4AE2
:1040700041F08071121F11603A4C0026C4F80461AF
:10408000394A4FF04071116058B1012800D0FFDF6C
:10409000C4F80062256034494FF00070091F0860C1
:1040A00070BDC4F80052256070BD2C48017871B114
:1040B0002D4A4FF0407111602A49D1F804210021A6
:1040C0001AB12A4A1268427000E041700170002063
:1040D000F3F71EBB2148017841B12248D0F8040112
:1040E000002802D021480068C0B27047407870476D
:1040F0002DE9F04700282AD01848007800B9FFDFE2
:10410000184DD5F80401002821D10227C5F8047301
:10411000174C2068C04340F30016206840F01000A0
:1041200020604FF400484FF0E029761C04E000BF07
:10413000C9F8808206F01CFED5F804010028F7D0EB
:104140001EB9206820F010002060C5F80873BDE893
:10415000F08704490120886070470000C1000020FA
:1041600008F5004000F0004008F5014000F4004070
:1041700010ED00E010B541F6A474012802D0022829
:1041800002D0FFDF204610BD41F2883010BD38B5A7
:10419000FE4D0024C5F80041C5F80C41C5F810419A
:1041A000C5F80441C5F81441C5F81841FFF70EFAE7
:1041B00008B1C5F82841F6480068009038BD70B5D0
:1041C000F44D00246C702C7000F0D2FD85F8254071
:1041D000EC620922002105F11800AC63F9F7D3F86D
:1041E000ED49601E0860091D0860091D0C60091D6D
:1041F0000860091D0C60091D0860091D0860091D83
:104200000860091D0860091D0860091D0860091D76
:104210000860091D0860091D086070BDDF4800B511
:10422000016801F00F01032905D0006800F00F00BC
:10423000042802D0FFDF012000BD022000BD00B530
:10424000012802D0022800D0FFDF002000BD00B509
:10425000012802D0022802D0FFDF282000BD18204C
:1042600000BD10B5CB4902681839CA4C0A634268D0
:104270004A63007A81F83800207E50B1207FF9F738
:10428000C0F8A07E08B1012100E00021207FF9F7ED
:10429000ADF8607E00280CD0607FF9F7B2F8E07EC0
:1042A00008B1012100E00021607FBDE81040F9F76E
:1042B0009DB810BD00F063BD10B500F060FDB348BF
:1042C000D0F80001002800D0FFDF10BD70B501203C
:1042D00000F030FDB2480025056001260660FFF7BA
:1042E00085F9B04C18B1206840F480602060FFF779
:1042F00036F928B12068AC4920F0770008432060E7
:10430000FFF764F938B1A748001D016821F47F4127
:1043100041F4B0510160A349A4483C310860FFF763
:1043200055F99C4C60B19D490220503184F8210020
:104330000860A0499E48086095481030091F086031
:104340004FF01020806C411C05D094497C310A68E4
:1043500060F317420A60914940F25B6028310860BF
:10436000091F40F203100860081F06608B490320F4
:1043700008608C48EC38066094F8211011B14FF4B5
:10438000C02100E08C498B4A41F46021943A1160CD
:104390008749884A091F083211607D490839121F70
:1043A0001160016821F440710160016841F480717D
:1043B0000160012000F0CFFC74491020C1F8040313
:1043C00084F83150E56270BD76483830016821F0DC
:1043D000010141F08071016070476E4A0368183A2C
:1043E000C2F81A308088D0836A48017270476948E1
:1043F00090F825007047674A517010707047F0B50B
:104400000546840061488B882044C0F820360B782C
:10441000D1F8011043EA0121C0F8001605F10800A7
:104420000127604C07FA00F6FC3C52B1012A00D08B
:10443000FFDF2068304320602068AF4038432060B1
:10444000F0BD2068B043F6E706F0E8B8514890F8B0
:1044500032007047514AC1781432116000684F49E8
:1044600000020C3108607047252807D0262807D0A5
:10447000272807D00A2807D8042206E0022107E0EF
:104480001A2105E0502103E0062202EB4001C9B2E7
:10449000424A083A116041494431086070473D483A
:1044A000817A012917D0022914D1417E002911D027
:1044B000827F0121C37F01FA02F299400A433D49FC
:1044C00094390A6090F820003C4A002102EB8000F9
:1044D000C0F810157047017EE8E72DE9F0472D4C34
:1044E000A17A01290BD0022975D1627E002A72D0EF
:1044F000012906D0677FE17E59B101260AE0227EBC
:10450000F4E7277FA17E09B1012600E000261121F2
:1045100001E000262421DFF898804FF0010AA8F17D
:104520004408C8F84CA0DFF898904518D9F8000066
:10453000A84200D3FFDF0021C8F84C11C9F8005091
:10454000380286F0010140EA015040F0031294F86D
:1045500020101A4800EB8103C3F8102500EB8101FD
:10456000A27F184800EBC203C3F81415164DC3F818
:104570001055E37F00EBC300C0F814150449083957
:10458000C0F810150AFA02F120E024E00010004003
:10459000181100407C0A0020000E00401015004059
:1045A000FC1F00403C170040880000802C00008960
:1045B000448000409CF5014000000404006000407D
:1045C0004C85004000F001404C8100400AFA03F0A5
:1045D0000143F9480160BDE8F0872DE9F0410E463E
:1045E000F64907460320C1F80002F54C94F8210073
:1045F00010B14FF4C02000E0F248EF4D2860304683
:1046000006F036F817B1012F0FD017E0FEF7DEFFE6
:1046100010B1304600F0C9FB0120A072A06B40F43D
:104620008010A0634FF4801007E00220A072A06BFE
:1046300040F40010A0634FF400102860F6F744F92E
:104640003146BDE8F04148E72DE9F05FDB4C074615
:1046500003200E469346C4F80002D94D95F8210078
:1046600010B14FF4C02100E0D649DFF84C93C9F8EF
:104670000010104605F0FCFFDFF83C834FF0010A04
:1046800008F1A808A7B3012F3ED0FFDFCE4806608F
:10469000C949CE48A4310860A86B40F40020A86343
:1046A000D4F800721025C4F808530020C4F80002A2
:1046B000C1494FF48028091DC1F8008004F5007439
:1046C000FFF765FD2760C9F80080C4F80451E903CD
:1046D000C9F80010BE49C1F84CA0BB48001D0068D5
:1046E000B04200D3FFDF59463046BDE8F05FF4E644
:1046F000FFE7FEF76BFF10B1584600F056FBC8F815
:10470000004085F80AA0C1E7AC49091DC8F80010AF
:104710000220A872BAE72DE9F041A94C064690465E
:1047200094F831000F46002500B9FFDF16B1012EC5
:1047300012D01DE094F83100012806D094F8302002
:104740004146384605F0A2FF10E094F8301042468A
:10475000384605F0DCFF09E094F8310094F8301099
:1047600001284246384609D005F0F8FFE16A4518AD
:10477000424629463046BDE8F04165E705F0A8FF0E
:10478000F4E708B5FF208DF800008C480021C0F840
:1047900010110121016104E09DF80010491E8DF8FF
:1047A00000109DF8001019B1D0F810110029F3D0B5
:1047B0009DF80000002800D1FFDF08BD2DE9F04181
:1047C0007E4CD4F8000220F00307D4F804034FF025
:1047D0001008C0F30016C4F808830025C4F800527E
:1047E000774890F8210010B14FF4C02000E07548E0
:1047F000714940F46020091D0860FFF750FEFFF783
:10480000C0FFC4F81051FEF7E1FE08B1C4F828510A
:1048100000F0AEFAC4F80072002E01D0C4F8048390
:10482000BDE8F081ADE700686A4920F07F4008608C
:10483000704710B5012000F07DFABDE8104001205E
:1048400000F089BA01465E4818221838F8F771BDA1
:104850004FF0E0210220C1F8000170475E49087066
:1048600070475C4938390860704770B50546F6F7FF
:104870002BF8534C2844E16A884200D8FFDF01201E
:104880002074F6F721F82844606194F8211041B1B2
:10489000084460614948D0F8001241F04001C0F876
:1048A00000124B490020C1F8440147496069091FC3
:1048B0000860BDE8704000F0A2BA70B5404C0646F2
:1048C00002200D462074FFF7A9FC024694F831003F
:1048D00094F8301001281BD0304605F081FF60614C
:1048E00094F8210048B16169084460613348D0F808
:1048F000001241F04001C0F8001235490020C1F813
:1049000044016169E06A08442F49091F086070BDCD
:104910002B46304605F037FFE1E727494FF480008A
:10492000091D08602648816B21F480018163002104
:10493000017470472A4A10B502EBC002274BC2F837
:104940001035C2F81415012181401B4801601C4834
:10495000826B0A43826310BD1D4801214160C16022
:104960000021C0F844111848001F01601448C162BA
:10497000704710B50446FEF729FE10B1104880F8C4
:1049800021401448243004600C48D0F8001241F053
:104990004001C0F8001210BD084810B5D0F8001250
:1049A00021F04001C0F80012FEF710FE0949243141
:1049B00000B10220086010BD04F501400010004065
:1049C0007C0A002000000404488500404881004023
:1049D000008000403C150040C3000020041100404E
:1049E00000F00140F948D0F8001221F01001C0F8A1
:1049F0000012012181617047F4480021C0F81C11A8
:104A0000D0F8001241F01001C0F800127047EF49D1
:104A100008B5D1F81C21012A01D0002008BDEC4ABC
:104A2000126802F07F02524202700020C1F81C019D
:104A3000E84800680090012008BDF0B517460C005A
:104A4000064600D1FFDFE44DE0072F7302D0012CB2
:104A500000D0FFDF46B102206872EC72012802D05C
:104A6000022800D0FFDFF0BD0120F5E770B5DA4C79
:104A70000021E27A930703D5830701D5430713D4B6
:104A8000D30605D594F8333013B194F835305BB1C3
:104A9000130702D594F8243033B9520702D594F89D
:104AA00025200AB1C00700D00121607A012518B184
:104AB000A1B1BDE8704081E694F8210010B14FF437
:104AC000C02000E0C548C6490860C048D0F80012C0
:104AD00021F00301C0F80012E57270BD012803D077
:104AE000022808D0FFDF70BD00F042F9A5729621C0
:104AF000227B002006E000F03BF90220A072227B1E
:104B000096210120BDE8704005E62DE9F05FDFF851
:104B1000D4B29BF80000042800D3FFDFB248D0F8DD
:104B20004C0108B1FFF7BBFCAB4CAD49A06B086072
:104B30004FF00008C4F8388000F06BF9DFF8AC9251
:104B40000546D9F80010A16294F8210008B1081AAE
:104B5000A062A648001F0068E062FFF75FFB84F8D0
:104B60003000A07ADFF868A2012184F83100AAF1B0
:104B7000440A022808D1607830B1DAF800201278AF
:104B800002402078904310D084F82480924EA807E9
:104B9000A6F1180605D5F5F797FEA16A081A31693E
:104BA0008847E80704D0002709E084F82410EDE7DF
:104BB000A80701D5012702E0280707D50227F5F746
:104BC00083FEE16A7269081A394690479BF8000033
:104BD000C0071CD1DAF800005746007800F00F003B
:104BE000072812D239680622A01C0931F8F774FB95
:104BF00038B9207A39680978B0EBD11F01D101208A
:104C000000E0002084F8250001E084F82580284693
:104C1000FFF72CFFE80701D030682FE0A80726D562
:104C200068071ED4FEF7D2FCD8B9FEF7DFFCC0B986
:104C30006748F4380168001F0068C0F3425CC0F3A5
:104C4000006700F00F03C0F30312C0F3032047B165
:104C50000BB102B128B921B1BCF1030F01D245F06B
:104C6000040545F380007168401C884709E0280767
:104C700001D5B06802E0E80602D5F068804700E0A0
:104C8000FFDFA07A02281BD1207C002818D0564ACA
:104C9000C2F8448102280FD0012800D0FFDFE16A6A
:104CA0006069884200D8FFDFD4F81410C9F80010FA
:104CB000BDE8F05F00F0A3B86169E06A0144F5E780
:104CC000BDE8F09F70B5054641F2643441F66A06CE
:104CD000022806D0012D12D0022D0CD0FFDF304665
:104CE00070BDFEF72FFC0028F6D1FEF738FC002837
:104CF000F2D141F6583441F29A00204470BD42F698
:104D0000CE3070BD324808300168032904D00068F5
:104D1000022801D000207047012070472C4808303D
:104D200001680B2904D000680A2801D000207047D0
:104D30000120704700280DDB00F01F020121914087
:104D40004009800000F1E020C0F88011BFF34F8FD0
:104D5000BFF36F8F7047002809DB00F01F020121AD
:104D600091404009800000F1E020C0F880127047B7
:104D700019480021417281720121C172704730B51A
:104D800000240546012902D002290BD0FFDF184874
:104D900004430F4834380460164805430C48303843
:104DA000056030BD4FF08074F1E7094A4032116868
:104DB00053060228D3F820031ED0C0F3062000BFFC
:104DC00021F4FE4141EA00201060704700100040CD
:104DD000481500401C1100407C0A0020000004041B
:104DE00008F50140C30000200080004044850040D9
:104DF0000801100000000302C0F30660E0E7354838
:104E0000816B41F48001816333494FF48000086075
:104E1000DBE7F8B52F4C314E0020217C19B1D6F8D4
:104E20004411012907D00023A27A2D49012A04D078
:104E3000022A0AD019E00123F6E7D1F80C01012873
:104E400001D0002011E008200FE0D1F80C0101286A
:104E500006D0002223480068012803D0042002E085
:104E60000222F7E7002010431843D1F81021012A4D
:104E70002ED0002505431C48026812F0FF0F03D016
:104E8000D1F81421012A00D0002284F832200068D1
:104E900010F0FF0F03D0D1F81801012800D0002036
:104EA00084F833000F481030006884F83400FFF7AE
:104EB00072F8012800D0002084F83500FFF767F968
:104EC0000020C6F844010948006800902846F8BD53
:104ED0001025CFE77C0A002004F501400080004047
:104EE0000010004000140040401600404481004083
:104EF00010B5444822220021F8F745FA4148002421
:104F0000017821F010010170012104F04DFC3D49B0
:104F10004FF6FF70263981F8224088843A4908808C
:104F2000488010BDE4E7704700F05FB83549016084
:104F30007047354908807047324926398A8CA2F576
:104F40007F43FF3B02D00021016008E091F822205E
:104F50002C492639012A02D0016001207047002027
:104F600070472848263810F8221F012908D001214F
:104F7000017025482349263900888884012070471C
:104F8000002070472049488070471E491E4B263933
:104F90008A8C5B889A4205D191F8222012B1016077
:104FA00001207047002070471648174A2638818C28
:104FB0005288914209D14FF6FF71818410F8221F67
:104FC00019B10021017001207047002070470D4881
:104FD0000D4A2638818C5288914204D190F82200E3
:104FE00008B10020704701207047064926398A8C95
:104FF000824205D1002081F822004FF6FF7088849C
:1050000070470000DE0A0020C400002070473D4ABF
:10501000012338B1012804D1137008689060888892
:105020009081704753700868C2F802008888D08069
:105030007047344A10B1012807D00EE0507860B1B3
:10504000D2F802000860D08804E0107828B1906897
:1050500008609089888001207047002070472949A6
:1050600010B1012802D005E0487800E0087808B1C6
:10507000012070470020704730B50C4605468DB0C2
:105080004FF0030104F1030012B1FEF741FB01E010
:10509000FEF75DFB60790D2220F0C00040F040007B
:1050A0006071002104A8F8F76EF9E0788DF81F0010
:1050B00020798DF81E0060798DF81D001022294698
:1050C0006846F8F736F9684604F036FE9DF82F007A
:1050D00020709DF82E0060709DF82D00A0700DB01E
:1050E00030BD10B5002904464FF0060102D0FEF78E
:1050F0000FFB01E0FEF72BFB607920F0C000607130
:1051000010BD0000C8000020FE48406870472DE92F
:10511000F0410E46074601461446012004F011FDF9
:10512000054697F86500FFF725F84AF2B1210844D3
:105130004FF47A71B0FBF1F1788840F2712250435C
:10514000C1EB4000041BA4F2663402F0BBFD00B1C9
:105150001E3CAE4201D2284600E03046A04204D2B6
:10516000AE4201D22C4600E034467C62BDE8F081BC
:1051700030B502460020002914D0A2FB01104C0AD1
:1051800044EAC054400A641C40F100000021D4F1FC
:10519000FF3240F2A175814100D2FFDF04F5F464D3
:1051A000B4FBF5F030BD2DE9FF4F8BB0044690F80D
:1051B00065008A460990DDE90D1008430890D24841
:1051C0000026007800F004FE054694F88C0100F0FB
:1051D000FFFD284480B2009094F87D000D2804D093
:1051E000002007900D9810B131E00120F9E794F804
:1051F0002C0103282BD1079848B3B4F8AE115145C0
:1052000025D1D4F83401C4F82001608840F2E2418D
:105210004843C4F82401B4F87A01B4F806110844EC
:10522000C4F82801204602F057FDB4F8B201E0822C
:1052300094F8B0016075B4F8B4016080B4F8B601B8
:10524000A080B4F8B801E080022084F82C01D4F8E2
:1052500084010590D4F880010390B4F80681B4F875
:105260007811D4F8740106900D9820B194F840019B
:1052700000287DD108E004F580700290743004901D
:1052800004F5B075001D07E004F5AA700290001D3A
:10529000049004F5A275001D0A90B4F87020AAEBE2
:1052A00002000FFA80F9AAEB010007B2002F05DA1D
:1052B000D4F87001069001204F46089092484FF0B4
:1052C000000B007970B3F5F7A1FC58B3B4F81801DE
:1052D000022827D394F82C01022823D094F8430104
:1052E00000BB94F88C0100F073FD00F5C86080B23B
:1052F000009094F82C01012845D0608840F2E241EA
:1053000048430099FFF734FF08EB0901CA1BD4F8A2
:10531000341180B2431A02FB03BBC4F834010120EC
:1053200084F8430194F82C0100286DD001287DD029
:1053300002287CD003287BD0FFDF00BFA6EB0B0147
:105340000698FCF70EFD0499012640F271220860D0
:105350000A990020A1F800A028702E710498006816
:10536000A8606088D4F834115043C1EB400000E0DD
:10537000BFE16549A0F23630C861896981427DD9B3
:10538000029908607BE194F88000032833D0012162
:10539000002004F0CDF8E18A40F27122514300EB85
:1053A00041000190D4F82401B8340099FFF7E0FEE1
:1053B000A16E226F431AA066DDE9001002FB03BB59
:1053C000FFF7D6FEA16FA067421A34F8B60C40F280
:1053D000E241484393440099FFF7CAFE08EB0901F4
:1053E000226FC91B8A1AE16F521E431A02FB03BBCC
:1053F000E067B83C93E7E08A40F27122D4F82411C8
:10540000504301EB4000CCE7039800B9FFDF0121D6
:10541000002004F08DF80646E08A40F271214843EE
:1054200006EB40000099FFF7A3FE02E0C0E058E061
:10543000DDE0C4F83001608840F2E2414843009961
:10544000FFF796FEC4F8340182B22046A16AFFF746
:105450005EFE14F8650FFEF7F2FE4FF47A7800F264
:10546000E140B0FBF8F1039801EB00092078FEF76A
:10547000E6FE07462078FEF77DFE00E0FDE03844BA
:105480004AF2AB310144B1FBF8F134F84F0C40F271
:105490007122504306EB4000411AD4F8CB0040F291
:1054A000E2430A1A02EB0906227814F8501C11FB99
:1054B00003F1203E00F0B9FC1349801C886114F808
:1054C0006509FEF7BCFE00F2E140B0FBF8F103987D
:1054D0000844301A40F2F6218842BFF42FAFFFDFB4
:1054E0002CE7E08A40F27122D4F82411504301EBFA
:1054F00040000099FFF73CFEC4F83001608840F29C
:10550000E24103E0000B0020D8000020484300994E
:10551000FFF72EFEC4F8340182B22046A16AFFF7DD
:10552000F6FDB8F1000F21D10E98F8B194F865603E
:105530003046FEF71FFE4AF2B12101444FF47A7063
:10554000B1FBF0F0D4F8301140F271230144E08A4D
:10555000D4F82421584302EB4000471A3046FEF7A6
:1055600076FE0599081A3E18203E0AE0E08A40F2CD
:105570007122D4F82411504301EB4000D4F83011CB
:10558000461AD4F82821D4F82011D4F8300140F27A
:10559000E24301FB020094F86520617D11FB03F1F9
:1055A00000F043FCF9498861012084F82C01C5E62C
:1055B000608840F271225043D4F83411D4F8282185
:1055C000C1EB40067E4308EB0900801AD4F8207135
:1055D000D4F83031401E07FB023200FB012094F862
:1055E0006520617D40F2E24311FB03F140E06088F9
:1055F00040F27122D4F834115043C1EB400694F8C4
:105600007C007E43242803D094F87D0024280AD10E
:10561000B4F8AE11AAEB010000B2002803DB94F845
:10562000B10100B109900898D8B1B8F1000F18D1B4
:10563000059808B1039800B9FFDF94F86500FEF7FC
:1056400099FD4AF2B12101444FF47A70B1FBF0F0B8
:10565000361A94F86500FEF7FAFD0599081A064413
:10566000203ED4F8341108EB090048430021099A80
:1056700000F0DBFBC549886160E602980160029892
:10568000616A0068084400F5D370E86002F01AFB14
:1056900010B1E8681E30E8606E71B4F8F010A1EB4C
:1056A0000A0000B2002801DD032068710798002875
:1056B0000E9822D0C0B100BFB4F81811B1B3B4F83D
:1056C0001A0100BFA4F81A0194F81C21401C42439F
:1056D0008A4209D26879401E002805DD6E71B4F84F
:1056E0001A01401CA4F81A010D9830B394F8400137
:1056F000F8B102200FB0BDE8F08F0028DCD194F89B
:105700002C010028F0D0608840F27122D4F83411C6
:105710005043C1EB4001284603F04EFE0004000C4C
:10572000E2D0189901B108800120E3E7FFE70020EB
:10573000C8E794F87C01FDF78CF994F87C012946C0
:1057400000F059FB20B10D9880F0010084F8410170
:105750000020CFE77CB50446FCF72FFE0146D4F8C5
:105760007001FDF72BFB214600F076FB94F87D10CD
:105770000D290AD0B4F87020B4F83E1113189942DC
:1057800006DB491CA4F83E1106E0B4F83E010CE02B
:10579000401C1044A4F83E0194F8420140B9B4F80A
:1057A0003E01B4F8F410884202D1401CA4F83E0136
:1057B000B4F87A0101AE401CA4F87A01B4F89A005A
:1057C000B4F89810401AB4F87010401E084485B21E
:1057D00009E000231A4620460096FFF7E4FCD0B10A
:1057E00001282ED0FFDFB4F83E11681A00B200285D
:1057F000EFDA082084F88D00012084F88C00204620
:1058000001F0F5FE204600F0F8FA60484079BDE866
:105810007C40F5F7C9BBA06E002811D0B4F83E015A
:10582000B4F89420801A01B2002909DD34F86C0F15
:105830000144491E91FBF0F189B201FB0020208553
:105840007CBDB4F83E01BDF804100844A4F83E0144
:10585000C9E770B54E4C607A08B1002070BD94F86D
:10586000300030B1616B606A884202D9F8F70CFBF6
:10587000F3E7A06AC8B1F7F725FF0546F7F7F9FE89
:10588000284442F210714618FCF797FD0546294658
:10589000E06AFDF793FAE562A16A8219914202D2A9
:1058A0000120A062E2E7081AA062012070BD70B575
:1058B000374C012500202575207494F8300004F140
:1058C000100650B14FF47A71A069FCF74AFAA06152
:1058D0000021304603F070FD10E0002000F00DFBC9
:1058E0000546F7F7EFFE05442946A069FCF739FAAB
:1058F000A0612946304603F05FFD451C208C411C09
:105900000A2901D228442084606828B1208C401CD8
:105910000A2801D3022000E003206075FFF799FFF9
:1059200038B1207B314600F066FA002800D1FFDF55
:1059300070BD00F0DAFA15484079BDE87040F5F71F
:1059400033BB38B50025044680F82C51A0F87851B7
:105950002B462A4629460095FFF725FC00B1FFDFBC
:10596000C4F828510120C4F8205184F82C01A4F86F
:105970003E51A4F83C5184F8425134F8700F401E57
:1059800024F8B80B0020A4F8525038BDD8000020ED
:10599000000B002010B530B1F749012807D00228CC
:1059A0000BD0FFDF10BDBDE8104000F0EABA486A36
:1059B000BDE81040002100F0B5BA002081F83000A9
:1059C000FCF7F9FBED484079BDE81040F5F7ECBA7B
:1059D0002DE9F0410646E8480F460178E74D0329D6
:1059E00009D1017BB14206D1406868613846BDE803
:1059F000F04100F0EEBA304600F0F3F90621FAF774
:105A00005DFB040000D1FFDF304600F0EAF9218899
:105A1000884200D0FFDF214638466C61BDE8F04186
:105A200000F027BA10B5D44C207848B1012060723C
:105A3000F8F74CFA2078032804D0207A002800D008
:105A40000C2010BD207BFDF704F8207BFDF772FAD7
:105A5000207BFCF78FFC00B9FFDF0020207010BD19
:105A600010B5FFF7DFFF00F0F1FAC348002180F81E
:105A70003010C172084610BDC049487100208870BE
:105A800001220A7048700A71C870BB490870E7E7C4
:105A9000BA49087070472DE9F047B74C07460E46E3
:105AA000207800284BD1B648FCF702FC20731F2851
:105AB00045D04FF00309676084F8009000256572B7
:105AC000257287B1012107F58E70FDF740FE062093
:105AD000FAF7A0FA97F81C11B1FBF0F200FB1210D4
:105AE000401C87F81C01FCF73EFC40F2F65188424E
:105AF00000D2084600F23F101FFA80F8F7F7B9FD10
:105B0000E061F7F7DFFD0127E0B1A772FCF755FC74
:105B10008246002000F0F1F900EB08015046FCF746
:105B200020F9A061C4E90A6A277584F815909249A2
:105B30002574207B103100F05EF990B910E00C2044
:105B4000BDE8F087FCF739FC4146FCF70AF9A06193
:105B5000A57284F83070A6F28B566663A562E3E7FF
:105B6000FFDF25840020F8F7B1F90020E8E783493A
:105B7000487070478149087170472DE9F0417F4CAA
:105B80000746E088401CE080D4E902516078D7F8ED
:105B9000806120B13246284603F036FC0546A068F5
:105BA000854205D02169281A08442061FDF7D3F801
:105BB000A560AE4205D897F82C01012801D0E07805
:105BC00010B10020BDE8F0810120FBE710B50446CC
:105BD0000846FEF7CFFA4AF2B12108444FF47A7131
:105BE000B0FBF1F040F2E2414C4300F23630844227
:105BF00001D9201A10BD002010BD7CB5044600203C
:105C000084F8400194F8FE0000283FD194F82C015C
:105C100003283BD1FCF7D1FB0146D4F87001FDF716
:105C2000CDF8002832DD214600F016F9411CB4F809
:105C300070000144A4F83C11B4F83C11B4F8F4200D
:105C4000511A09B2002921DD012184F84211B4F86A
:105C50009A10B4F8982001AE891A491E084485B2FA
:105C60000EE00096B4F83C11002301222046FFF715
:105C70009AFA00280AD0012809D0022806D0FFDFAE
:105C8000B4F83C01281A00B20028EADA7CBDB4F866
:105C90003C01BDF804100844A4F83C01F0E738B515
:105CA00000250446012902D13448C07868B1042097
:105CB00084F82C01FCF77FFAA4F87A51B4F870004C
:105CC000A4F83E0184F842515FE60095B4F8F41060
:105CD000012300222046FFF766FA0028EAD0FFDF02
:105CE000E8E710B5062916D2DFE801F00509030C34
:105CF0000C0D002100E00121BDE81040CFE7032199
:105D000080F82C1110BDB0F834118AB2816ABDE858
:105D10001040FFF7FCB9FFDF10BD70B5174CA1783C
:105D2000022916D1E188002913D16569C5F88401DB
:105D300095F86500FEF78BFAD5F88411081AA1686A
:105D40000144A160E1680844E060BDE8704000F0F3
:105D5000A9B970BD70B5054608488478022C11D0E9
:105D6000054C243401B34FF47A7601290ED0022970
:105D700010D0FFDF70BD0000000B0020D800002015
:105D8000D1590100446904F5C074EBE71846FEF7E9
:105D900056FA02E01046FEF795FF00F2E140B0FB34
:105DA000F6F0281A2060E5E72560E3E7FE4810B525
:105DB000007808B1002010BD0620FAF71DF980F028
:105DC000010010BDF8480078002800D0012070477D
:105DD00010B504460C2800D3FFDFF44830F8140057
:105DE00010BD10B504461F2800D3FFDFEE48383041
:105DF00030F8140010BDFCF711BD70B5044600204A
:105E000084F82C0194F87C514FF6FF761F2D00D3B7
:105E1000FFDFE548383020F8156094F87C01FCF786
:105E2000A9FA1F2084F87C01A4E770B505460C464A
:105E300016461046FEF79EF94AF2B12108444FF487
:105E40007A71B0FBF1F000EB450004443046FEF7F8
:105E5000FEF9204460308DE7002809D0D1F83421C4
:105E6000498840F271235943C2EB4101B0FBF1F084
:105E700070472DE9F04101250226CD4F0C46082838
:105E800031D2DFE800F0040E161611301A23204636
:105E900000F0ADF9204600F064F984F84051BE707E
:105EA00090E601F00AFF01E0FEF72FFE84F8405172
:105EB00088E62046BDE8F0414CE4FEF7B3FCFEF76F
:105EC00024FE4FF0E020C0F880627BE694F82C01BD
:105ED000042800D0FFDF2046FFF78FFF7879BDE868
:105EE000F041F5F761B8FFDF6CE610B5AE4C207BF2
:105EF000FCF740FA0020207010BD08B500284FF0D4
:105F00000101684602D0FDF703FC01E0FDF7F6FB56
:105F10009DF8000042F210710002B0FBF1F201FBAB
:105F2000120008BD2DE9F0419F4C0746002084F87F
:105F30003000A669E07220700120207201216068A3
:105F400003F0B2F86068C0F87061257B80F87C517E
:105F5000C0F88071C0F8746106881F2D00D3FFDF80
:105F60009148383020F815606068FFF7EAFC00B10E
:105F7000FFDFFCF720F98E484079BDE8F041F5F7E6
:105F800013B870B5884C0025A07A18B10120FFF72E
:105F9000B4FF0546F7F796FB4119A069FBF7E1FE50
:105FA000A061002525740320607501202075607AAA
:105FB00030B97D49207B1031FFF71DFF00B9FFDFAD
:105FC0002584FCF7F8F87A484079BDE87040F4F78A
:105FD000EBBF70B5744D04462878032800D0FFDF6E
:105FE000082C31D2DFE804F0040E2A2A2630302DA6
:105FF00000206862F7F77CFD00B1FFDF6C490320E9
:106000008870B7E6F7F735FBE9690446A14206D286
:10601000601A0421FCF705FFEC6108B906E0E861AD
:10602000F7F7B1FE0028ECD0FFDFA3E6BDE8704033
:106030000020AFE4BDE87040FEF767BDBDE87040EA
:1060400035E4BDE8704050E7FFDF93E6FEB5584CFD
:106050000120E0704FF6FF750CE00621FAF72EF8EC
:10606000060000D1FFDF96F87C01FCF763FF3046A5
:10607000FFF7C3FE69460620F9F7ADFF50B1FFDF19
:1060800008E0029830B190F82C1119B10088A842AC
:10609000E3D104E06846F9F77CFF0028F1D0002046
:1060A000E070FEBD2DE9F0474148446994F8431182
:1060B000002955D094F82C11032951D194F86590FA
:1060C0000078FFF785FE054694F88C01FFF780FE07
:1060D000284486B294F88C01FFF77AFE00F5C86078
:1060E0001FFA80F84846FEF7B2F8D4F884110D1A6A
:1060F0004846FEF73FF84FF47A7A00F2E730B0FBFB
:10610000FAF02D1A4846FEF7A2F8D4F800110F1A3B
:106110004846FEF72FF84AF2B1210144B1FBFAF0EC
:106120003A1AA2F160007043B0FBF8F1292000EBAD
:1061300052006031A0EB510200EB5100AA4201D89D
:10614000854201D3F4F714FE608840F2E2414843EF
:106150003146FFF70DF8C4F83401002084F84301FC
:10616000EEE470B50446FCF7FEF8054694F86500C9
:10617000FEF700F84AF2B12108444FF47A71B0FBFF
:10618000F1F0D4F8341140F2712201446088504398
:10619000C1EB4006303EB72D00D8B725214601207F
:1061A00003F0CFFC284405E0000B002088B201007A
:1061B000D8000020351A21460120A5F21B3503F036
:1061C000C0FC616A9C30814201D9081A00E00020BD
:1061D0002C49A842CD6000D328468860D4F86C01D1
:1061E000A0F5D3700861BDE87040FCF7B4BD10B5F0
:1061F000044624490020C4F88001C880C4F8840102
:1062000094F8410138B9FCF7D8F8D4F84C11FCF7F0
:10621000D5FD002813DCB4F83E11B4F870008142BB
:1062200001D1B4F8F410081AA4F8F600A4F870101C
:10623000D4F86801C4F84C01C4F870011CE0B4F84B
:106240003C01B4F87010401AA4F8F600B4F83C0110
:10625000A4F87000D4F84C01C4F86801C4F87001C7
:10626000D4F85401C4F80001D4F85801C4F87401FA
:10627000B4F85C01A4F878012046BDE8104001F0B4
:1062800006BC0000D80000202DE9F0410E4604466F
:1062900003F06FFB0546204603F06DFB044603F058
:1062A000FDF8FB4F010015D0386990F864208A4250
:1062B00010D090F8C4311BB190F8C63123421FD0E2
:1062C0002EB990F85D30234201D18A4218D890F857
:1062D000C401A8B1284603F0E1F870B1396991F81A
:1062E0006520824209D091F8C40118B191F8C70124
:1062F000284205D091F8C40110B10120BDE8F08119
:106300000020FBE730B5E24C85B0E06900285ED0A4
:10631000142200216846F7F736F8206990F86500E6
:10632000FDF728FF4FF47A7100F5FA70B0FBF1F534
:10633000206990F86500FDF78AFF2844ADF8060053
:1063400020690188ADF80010B0F87010ADF80410A5
:106350004188ADF8021090F8A60130B1A069C11CC7
:10636000039103F01FFA8DF81000206990F8A50141
:106370008DF80800E169684688472069002180F8A7
:10638000A61180F8A5110399002920D090F8A41136
:1063900000291CD190F87C10272918D09DF81010E6
:1063A000039A002913D013780124FF2B11D0072B57
:1063B0000DD102290BD15178FF2908D180F8A441D1
:1063C0000399C0F8A8119DF8101080F8A71105B026
:1063D00030BD1B29F2D9FAE770B5AD4C206990F8B1
:1063E0007D001B2800D0FFDF2069002580F8A75022
:1063F00090F8D80100B1FFDF206990F8A81041B1F2
:1064000080F8A8500188A0F8DC1180F8DA510C213E
:1064100008E00188A0F8DC1180F8DA51012180F849
:10642000DE110B2180F8D8110088F9F77AFFF9F70F
:1064300023FC2079F4F7B8FD206980F87D5070BD09
:1064400070B5934CA07980072CD5A078002829D16D
:1064500062692046D37801690D2B01F170005FD08D
:106460000DDCA3F102034FF001050B2B19D2DFE87D
:1064700003F01A1844506127182C183A6400152BA1
:106480006FD008DC112B4BD0122B5AD0132B62D0BB
:10649000142B06D166E0162B71D0172B70D0FF2B72
:1064A0006FD0FFDF70BD91F87F200123194602F005
:1064B00038FF0028F6D12169082081F87F0070BDDF
:1064C0001079BDE8704001F0A2BC91F87E00C007D1
:1064D00000D1FFDF01F05AFC206910F87E1F21F087
:1064E0000101017070BD91F87D00102800D0FFDF20
:1064F0002069112180F8A75008E091F87D00142848
:1065000000D0FFDF2069152180F8A75080F87D10AA
:1065100070BD91F87D00152800D0FFDF172005E041
:1065200091F87D00152800D0FFDF1920216981F83E
:106530007D0070BDBDE870404EE7BDE8704001F0E1
:106540003ABC91F87C200123002102F0EAFE00B958
:10655000FFDF0E200FE011F87E0F20F0040008701E
:106560001DE00FE091F87C200123002102F0D9FE0C
:1065700000B9FFDF1C20216981F87C0070BD12E0AA
:106580001BE022E091F87E00C0F30110012800D04A
:10659000FFDF206910F87E1F21F010010170BDE8B7
:1065A000704001F0F3BB91F87C200123002102F040
:1065B000B8FE00B9FFDF1F20DDE791F87D0021283C
:1065C00001D000B1FFDF2220B0E7BDE8704001F04C
:1065D000E9BB2F48016991F87E20130702D50121FC
:1065E0008170704742F0080281F87E208069C0788F
:1065F00081F8E10001F0C1BB10B5254C21690A8882
:10660000A1F81A2281F8180291F8640001F0A9FBA0
:10661000216981F81C0291F8650001F0A2FB216953
:1066200081F81D02012081F81602002081F8C401C2
:106630002079BDE81040F4F7B7BC10B5144C052123
:106640002069FFF74EFB206990F85A10012908D005
:1066500000F5F77103F048FA2079BDE81040F4F72F
:10666000A3BC022180F85A1010BD10B5084C0123BC
:106670000921206990F87C20703002F052FE48B168
:106680002169002001F8960F087301F81A0C10BD5B
:10669000F80000200120A070F9E770B5FE4D01233D
:1066A00029462869896990F87C2009790E2A01D148
:1066B000122903D000241C2A03D004E0BDE8704056
:1066C000D3E7142902D0202A07D008E080F87C40C4
:1066D00080F8A240BDE87040AFE7162906D0262A10
:1066E00001D1162902D0172909D00CE000F87C4FFF
:1066F00080F82640407821280CD01A2017E090F826
:106700007D20222A07D0EA69002A03D0FF2901D17F
:1067100080F8A63132E780F87D4001F037FB286928
:1067200080F8974090F8C4010028F3D00020BDE81D
:10673000704061E72DE9F843D74C206990F87C1050
:10674000202909D05FF0000790F87D10222905D09C
:106750007FB300F17C0503E00127F5E700F17D053B
:1067600010F8B01F41F004010170A06903F007F9AF
:106770004FF00108002608B33946A069FFF784FDF1
:10678000E0B16A46A169206902F096FE90B3A06963
:1067900003F0F3F82169A1F8AE01B1F8701001F02F
:1067A000C6FA40B32069282180F88D1080F88C80CB
:1067B00048E0FFE70220A070BDE8F883206990F868
:1067C000C40110B11E20FFF717FFAFB1A069216906
:1067D000C07881F8E20008FA00F1C1F3006000B966
:1067E000FFDF20690A2180F87C1090F8A20040B9F0
:1067F000FFDF06E009E01AE02E7001F0C7FAFFF7AC
:10680000E8FE206980F89760D6E7206990F8C40117
:1068100018B10020FFF7F0FE2E70206900F17D0115
:1068200080F897608D420DD180F87D600AE0206984
:106830009DF8001080F8B0119DF8011080F8B1119A
:1068400024202870206900F17D018D4203D1BDE82C
:10685000F84301F09BBA80F8A260ADE770B58E4CAA
:1068600001230B21206990F87D20703002F059FD42
:10687000202650BB20690123002190F87D20703034
:1068800002F04FFD0125F0B1206990F87C0024282A
:106890001BD0A06903F063F8C8B1206990F8B0106C
:1068A00041F0040180F8B010A1694A7902F00702B2
:1068B00080F85D20097901F0070180F85C1090F8FC
:1068C000C5311BBB06E0A57058E6A67056E6BDE8CC
:1068D00070407EE690F8C431C3B900F164035E787D
:1068E0008E4205D11978914202D180F897500DE07F
:1068F00000F504710D7002884A8090F85C200A71DE
:1069000090F85D0048712079F4F74EFB2169212051
:1069100081F87D00BDE8704001F02FBAF8B55E4CFB
:10692000206990F87E0010F0300F04D0A07840F07D
:106930000100A070F8BDA06902F0FAFF50B3A06991
:1069400002F0F0FF0746A06902F0F0FF0646A069DA
:1069500002F0E6FF0546A06902F0E6FF0146009757
:10696000206933462A46303003F046F8A079800784
:1069700003D56069C07814280FD0216991F87C0094
:106980001C280AD091F85A0001280ED091F8BB01BA
:1069900058B907E0BDE8F8401BE62169012081F8FD
:1069A0005A0002E091F8BA0130B1206910F87E1F58
:1069B00041F0100101700EE091F87E0001F5FE72C9
:1069C00040F0200081F87E0031F8300B03F080F8B1
:1069D0002079F4F7E9FABDE8F84001F0CEB970B5D6
:1069E0002D4C206990F87E10890707D590F87C20FF
:1069F00001230821703002F094FCE8B1206990F87E
:106A0000AA00800712D4A06902F073FF216981F8FF
:106A1000AB00A06930F8052FA1F8AC204088A1F8A0
:106A2000AE0011F8AA0F40F002000870206990F83B
:106A3000AA10C90703D00FE00120A0709EE590F8CE
:106A40007E00800700D5FFDF206910F87E1F41F02F
:106A50000201017001F091F92069002590F87C1085
:106A6000062906D180F87C5080F8A2502079F4F7EE
:106A70009BFA206990F8AC110429DFD180F8AC5161
:106A80002079F4F791FA206990F87C100029D5D18B
:106A900080F8A25072E50000F800002070B5FE4CAE
:106AA00001230021206990F87D20703002F039FC2C
:106AB000012578B9206990F87D20122A0AD0012397
:106AC0000521703002F02DFC10B10820A07055E5B2
:106AD000A57053E5206990F8A80008B901F04DF9B8
:106AE0002169A06901F5847102F0F1FE2169A069B4
:106AF000D83102F0F2FE206990F8E00100B1FFDF2A
:106B000021690888A1F8E20101F5F271A06902F09B
:106B1000D6FE2169A06901F5F67102F0D5FE206963
:106B200080F8E051142180F87D102079BDE8704094
:106B3000F4F73ABA70B5D84C01230021206990F8D7
:106B40007D20703002F0EDFB0125A8B1A06902F0B4
:106B50008CFE98B1A0692169B0F80D00A1F8AE01D2
:106B6000B1F8701001F0E3F858B12069282180F8DD
:106B70008D1080F88C5001E5A570FFE4BDE87040F1
:106B800027E5A0692169027981F8B021B0F80520D4
:106B9000A1F8B22102F060FE2169A1F8B401A06958
:106BA00002F05DFE2169A1F8B601A06902F05AFE6B
:106BB0002169A1F8B8010D2081F87D00DEE47CB5E3
:106BC000B54CA079C00738D0A06901230521C5784C
:106BD000206990F87D20703002F0A3FB68B1AD1EF3
:106BE0000A2D06D2DFE805F00909050509090505A2
:106BF0000909A07840F00800A070A07800281CD1F6
:106C0000A06902F0FFFD00287AD0A0690226C578AD
:106C10001DB1012D01D0162D18D1206990F87C00EE
:106C200002F067FB90B1206990F87C101F290DD00D
:106C3000202903D0162D16D0A6707CBD262180F801
:106C40007C10162D02D02A20FFF7D6FC0C2D58D030
:106C50000CDC0C2D54D2DFE805F033301D44A7A71F
:106C6000479E57A736392020A0707CBD0120152DE6
:106C700075D008DC112D73D0122D69D0132D64D07E
:106C8000142D3DD178E0162D7CD0182D7DD0FF2D10
:106C900036D183E020690123194690F87F207030B7
:106CA00002F03FFBF8B9A06902F007FE216981F804
:106CB0009201072081F87F0078E001F044F975E047
:106CC000FFF738FF72E001F01EF96FE0206990F8DD
:106CD0007D10112901D0A67068E0122180F87D1086
:106CE00064E0FFF7DBFE61E0206990F87D00172883
:106CF000F1D101F04BF821691B2081F87D0055E0AE
:106D000052E0FFF76CFE51E0206990F87E00C0076A
:106D100003D0A07840F001001FE06946A06902F0AE
:106D2000EAFD9DF8000000F02501206900F8B01F81
:106D30009DF8011001F04101417001F01EF8206939
:106D400010F87E1F41F0010114E0FFF78EFC2DE0EA
:106D5000216991F87E10490705D5A07026E00EE064
:106D600016E00FE011E001F008F8206910F87E1F2E
:106D700041F00401017019E0FFF7D0FD16E001F0C9
:106D80008AF813E0FFF76AFD10E0FFF7D3FC0DE08F
:106D900001F060F80AE0FFF780FC07E0E16919B153
:106DA000216981F8A60101E0FFF713FC2069F0E9F1
:106DB0003012491C42F10002C0E900127CBD70B5DE
:106DC000354CA07900074AD5A078002847D1206922
:106DD00090F8E400FE2800D1FFDF2069FE210025A5
:106DE00080F8E41090F87D10192906D180F8A7509A
:106DF00000F0CCFF206980F87D50206990F87C106D
:106E00001F2902D0272921D119E090F87D0002F036
:106E100070FA78B120692621012380F87C1090F85F
:106E20007D200B21703002F07CFA78B92A20FFF720
:106E3000E3FB0BE02169202081F87C0006E00121C2
:106E400080F8A51180F87C5080F8A250206990F855
:106E50007F10082903D10221217080F8E41059E441
:106E600010B50D4C216991F8B0210AB991F8642050
:106E700081F8642091F8B1210AB991F8652081F870
:106E8000652010B10020FFF7B7FB206902F0D4FDA8
:106E9000002809D0206901E0F8000020BDE810407A
:106EA00000F5F77102F020BE10BD70B5FC4C06462F
:106EB0000D46206990F8E400FE2800D0FFDF22692B
:106EC000002082F8E46015B1A2F8A40022E422F8C0
:106ED0009E0F012010711DE470B5F14C01230021BB
:106EE000206990F87C20703002F01BFA002869D0ED
:106EF000206990F8BA1111B190F8BB1139B190F82E
:106F0000C41100295DD090F8C51111B359E090F873
:106F10007D1024291BD090F87C10242917D0002341
:106F200000F5D87200F5DD7102F058FD21690020EE
:106F300081F8BA0101461420FFF7B7FF216901F17A
:106F40003000C28A21F8E62F408B48803FE00123C1
:106F5000E6E790F87D2001230B21703002F0E1F983
:106F600078BB206990F8640000F0FBFE05462069BC
:106F700090F8650000F0F5FE0646206990F8C6110D
:106F8000284600F0E0FE50B1206990F8C711304665
:106F900000F0D9FE18B10020FFF72EFB11E02069A8
:106FA0000123032190F87D20703002F0BAF940B936
:106FB00020690123022190F87D20703002F0B1F9A0
:106FC00008B1002080E400211620FFF76EFF0120A9
:106FD0007AE410B5F0BBB24C206990F87E10CA0775
:106FE00002D00121092051E08A070AD501210C2095
:106FF000FFF75BFF206910F8AA1F41F00101017043
:1070000046E04A0702D5012113203FE00A0705D5D3
:1070100010F8E11F41710121072037E011F0300F16
:107020003AD090F8BB11A9B990F8BA11D9B190F83B
:107030007D1024292ED090F87C1024292AD00023FA
:1070400000F5D87200F5DD7102F0C8FC216911F875
:107050007E0F00E020E020F0200040F010000870DB
:10706000002081F83C01206990F87E10C90613D5F4
:1070700002F0E2FCFFF7E1FA216901F13000C28A77
:1070800021F8E62F408B488001211520FFF70DFFE6
:10709000012010BD0123D3E7002010BD70B5804C46
:1070A000206990F8E410FE2978D1A178002975D1E3
:1070B00090F87F2001231946703002F032F9002841
:1070C0006CD1206990F8901149B10021A0F89C1072
:1070D00090F8911180F8E610002102205BE090F812
:1070E0007D2001230421703002F01BF90546FFF7D3
:1070F00070FF002852D1284600F089FF00284DD1AA
:1071000020690123002190F87C20703002F009F9F9
:1071100078B120690123042190F87D20703002F0BD
:1071200000F930B9206990F8960010B100211220C2
:1071300031E0206990F87C200A2A0DD0002D2DD155
:1071400001230021703002F0ECF878B1206990F84A
:10715000AC1104290AD105E010F8E21F01710021E9
:10716000072018E090F8AA00800718D0FFF7B4FEB7
:10717000002813D120690123002190F87C20703071
:1071800002F0CFF8002809D0206990F8A401002867
:1071900004D00021FF20BDE8704086E609E0002110
:1071A0000C20FFF782FE206910F8AA1F41F00101B0
:1071B000017043E43EB505466846FDF7BDFE00B9E3
:1071C000FFDF222200210098F6F7DDF80321009866
:1071D00002F0FFFA0098017821F0100101702946B1
:1071E00002F01DFB2E4C0D2D40D00BDCA5F102054D
:1071F0000B2D19D2DFE805F01F184719191F185673
:1072000018192400152D5ED008DC112D25D0122D63
:107210000BD0132D09D0142D06D154E0162D29D0F2
:10722000172D69D0FF2D73D0FFDFFDF79AFE0028E0
:1072300000D1FFDF3EBD2169009891F8E61017E00C
:10724000E26800981178017191884171090A817191
:107250005188C171090A0172E7E70321009802F021
:10726000A6FB0621009802F0A6FBDEE700980621A7
:107270000171DAE70098216991F8C621027191F84D
:10728000C7114171D1E72169009801F5887102F0B9
:1072900028FB21690098DC3102F028FBC5E70000DB
:1072A000F8000020F849D1E90001CDE90101206989
:1072B00001A990F8B00000F025008DF804000098B6
:1072C00002F048FBB1E72069B0F84810009802F0DE
:1072D00017FB2069B0F8E810009802F015FB206950
:1072E000B0F84410009802F013FB2069B0F8E610E3
:1072F000009802F011FB98E7216991F8C401002879
:107300000098B9D111F8642F02714978B9E7FFE705
:10731000206990F8A721D0F8A811009802F08DFA02
:1073200083E7DA4810B5006990F8821041B990F807
:107330007D2001230621703001F0F3FF002800D0EA
:10734000012010BD70B5D14D286990F8801039B179
:10735000012905D0022906D0032904D0FFDF0AE461
:10736000B0F8F41037E090F87F10082936D0B0F864
:107370009810B0F89A2000248B1C9A4206D3511A18
:10738000891E0C04240C01D0641EA4B290F896103F
:1073900039B190F87C2001230921703001F0C1FF40
:1073A00040B3FFF7BEFF78B129690020B1F8902003
:1073B000B1F88E108B1C9A4203D3501A801E00D055
:1073C000401EA04200D284B20CB1641EA4B228694F
:1073D000B0F8F4102144A0F8F01040E5B0F898108F
:1073E0000329BDD330F8701F428D1144491CA0F809
:1073F000801034E50024EAE770B50C4605464FF4EA
:10740000087200212046F5F7BEFF258027E5F8F732
:107410005FBF2DE9F0410D4607460621F8F74EFE05
:10742000041E3ED094F8CC010026B8B16E7007203F
:1074300028700DE0268484F8CC61D4F8CE01C5F81C
:107440000200D4F8D201C5F80600B4F8D60168816C
:1074500094F8CC010028EDD1AE70B6E094F8D801D4
:1074600090B394F8D8010B2813D00C2801D0FFDF7B
:10747000ABE02088F8F755FF0746F8F712FC78B91B
:107480006E700C20287094F8DA01A8702088A8800B
:1074900014E02088F8F745FF0746F8F702FC10B122
:1074A0000020BDE8F0816E700B20287094F8DA019E
:1074B000A8702088A88094F8DE01A87184F8D861AB
:1074C0003846F8F7E8FB80E0FFE794F80E0230B1A9
:1074D0006E700E20287084F80E626F8075E094F84C
:1074E000E00180B16E700820287020886880D4F890
:1074F000E4116960D4F8E811A960B4F8EC01A8813E
:1075000084F8E06161E094F8080270B16E701620B2
:10751000287005E084F80862D4F80A02C5F8020071
:1075200094F808020028F5D14FE094F8EE01B0B1CC
:107530006E70122028700DE084F8EE61D4F8F0012E
:10754000C5F80200D4F8F401C5F80600D4F8F80133
:10755000C5F80A0094F8EE010028EDD135E094F862
:10756000FC0180B16E701820287084F8FC61D4F89A
:10757000FE01C5F80200D4F80202C5F80600B4F80E
:107580000602688121E094F8100240B119202870A9
:1075900084F81062D4F81202C5F8020015E094F8DD
:1075A000160200283FF47DAF6E701320287008E0AB
:1075B00084F81662D4F81802C5F80200B4F81C0268
:1075C000E88094F816020028F2D1012069E72F48DC
:1075D0000021C16101620846704730B52B4D0C4651
:1075E000E860FFF7F4FF00B1FFDF2C7130BD002130
:1075F00080F87C1080F87D1080F8801090F8FE10E4
:1076000009B1022100E00321FEF76BBB2DE9F04137
:107610001E4C0546206909B1002104E0B0F80611AE
:10762000B0F8F6201144A0F8061190F8901139B97D
:1076300090F87F2001231946703001F072FE30B1BE
:10764000206930F89C1FB0F85A201144018020694D
:1076500090F8A23033B1B0F89E10B0F8F620114483
:10766000A0F89E1090F9A670002F06DDB0F8A410C7
:10767000B0F8F6201144A0F8A41001213D263DB138
:1076800080F88D6018E00000A0B20100F800002032
:107690002278022A0AD0012A11D0A2782AB380F8CF
:1076A0008C1012F0140F0DD01E2113E090F8E6207C
:1076B000062A3CD016223AE080F88C1044E090F87C
:1076C000922134E0110702D580F88D603CE09106EC
:1076D00003D5232180F88D1036E0900700D1FFDF1D
:1076E00021692A2081F88D002AE02BB1B0F89E2074
:1076F000B0F8A0309A4210D2002F05DDB0F8A420D7
:10770000B0F8A0309A4208D2B0F89C30B0F89A2075
:10771000934204D390F890310BB1222207E090F805
:1077200080303BB1B0F89830934209D3082280F8FA
:107730008D20C1E7B0F89820062A01D33E22F6E753
:10774000206990F88C1019B12069BDE8F0414EE72E
:10775000BDE8F0410021FEF7C4BA2DE9F047FF4C27
:1077600081460D4620690088F8F7EDFD060000D13E
:10777000FFDFA0782843A070A0794FF000058006B5
:10778000206904D5A0F8985080F8045103E030F83F
:10779000981F491C0180FFF7C4FD012740B3E08812
:1077A000000506D5206990F8821011B1A0F88E501E
:1077B0001EE02069B0F88E10491C89B2A0F88E1026
:1077C000B0F890208A4201D3531A00E00023B4F8A5
:1077D00008C00CF1050C634501D880F89670914201
:1077E00006D3A0F88E5080F80E722079F3F7DCFBF8
:1077F000A0794FF0020810F0600F0ED0206990F8C9
:10780000801011B1032908D102E080F8807001E0F6
:1078100080F880800121FEF764FA206990F88010DA
:10782000012904D1E188C90501D580F88080B9F12A
:10783000000F71D1E188890502D5A0F8185104E044
:10784000B0F81811491CA0F8181100F0A7FBFEF7BA
:1078500059FDFFF723FC00F0B2FD0028206902D09B
:10786000A0F8F85003E030F8F81F491C018000F040
:10787000A9FD38B1206990F80411022907D8491CE4
:1078800080F80411206990F80401022804D92069C5
:1078900020F8F85F4580057320690123002190F8E6
:1078A0007D20703001F03DFD20B9206990F87D0009
:1078B0000C286AD120690123002190F87C207030C7
:1078C00001F02FFD48B320690123002190F87F20AB
:1078D000703001F026FD00B3206990F88010022975
:1078E00053D190F80401C0B93046F7F7AAFFA0B110
:1078F000216991F8E400FE2847D1B1F8F20001288F
:1079000043D981F8FD70B1F89A20B1F89800931E20
:10791000984203DB012004E043E036E0101A401EE9
:1079200080B2B1F8F82023899A4201D3012202E003
:107930009A1A521C92B2904200D91046012801D1E5
:1079400081F8FD5091F86F206AB98A6E5AB1B1F88A
:107950009420B1F87030D21A12B2002A03DD90429E
:1079600000DB104680B291F8892192B1B1F8FA207B
:10797000B1F88A118A4201D3012102E0891A491C17
:1079800089B2884205D9084603E02169012081F8BF
:10799000FD502169B1F870201044A1F8F400FFF700
:1079A000D1FCE088C0F340214846FFF72FFE206954
:1079B00080F8FE50BDE8F047FDF7F6BA6749024689
:1079C0008878CB78184312D10846006942B189798A
:1079D000090703D590F87F00082808D001207047D8
:1079E000B0F84C10028E914201D8FEF7C6B80020C4
:1079F000704770B5594C05460E46E0882843E08034
:107A0000A80703D5E80700D0FFDF6661EA074FF05B
:107A100000014FF001001AD0A661F278062A02D0C8
:107A20000B2A14D10AE0226992F87D30172B0ED16F
:107A30000023E2E92E3302F8370C08E0226992F8BD
:107A40007D30112B03D182F8811082F8A800AA079B
:107A500018D56269D278052A02D00B2A12D10AE021
:107A6000216991F87D20152A0CD10022E1E930220C
:107A700001F83E0C06E0206990F87D20102A01D123
:107A800080F88210280601D50820E07067E42DE90F
:107A9000F84F324C00254FF00108E580A570E570E5
:107AA0004146257061F3070220619246814680F8C5
:107AB000FE800088F8F747FC070000D1FFDF20694F
:107AC0000088FDF736FA20690088FDF75BFA206927
:107AD000B0F8F21071B190F8E410FE290FD190F8CF
:107AE000901189B190F87F2001231946703001F080
:107AF00018FC78B1206990F8E400FE2804D02069D1
:107B000090F8E400FFF756FB206990F8FF1089B168
:107B1000258118E02069A0F89C5090F8911180F818
:107B2000E61000210220FFF7C0F9206980F8FD501F
:107B30000220E7E790F8CC1119B9018C82889142B4
:107B400000D881882181B0F8F610491E8EB2B0F8B5
:107B5000F8103144A0F8F81002E00000F80000200E
:107B600090F8FC1021B1A0F8FA5080F8FC5004E025
:107B7000B0F8FA103144A0F8FA1030F8981F3144E8
:107B80000180FFF7CEFB20B1206930F88E1F314411
:107B900001802069B0F8F210012902D8491CA0F830
:107BA000F2100EB180F8045190F8FD10A1B1B0F8B8
:107BB000F800218988420FD23846F7F742FE58B1C3
:107BC000206990F8891139B1B0F8FA10B0F88A013B
:107BD000814201D300F0F9FB206980F8FD5090F854
:107BE0007D100B2901D00C2916D1B0F87020B0F807
:107BF000AE31D21A12B2002A0EDBD0F8B011816079
:107C000090F8B4110173032101F04EFA206980F855
:107C10007D5080F8B28026E0242910D1B0F8701091
:107C2000B0F8AE21891A09B2002908DB90F8C40126
:107C3000FFF716F9206900F87D5F857613E090F86C
:107C40007C10242901D025290DD1B0F87010B0F88E
:107C5000AE01081A00B2002805DB0120FFF700F989
:107C6000206980F87C5020690146B0F8F620703019
:107C700001F0C8FA206990F8891109B1A0F8FA500A
:107C8000F6480090F64BF74A4946504600F0DEFAB7
:107C9000216A11B16078FCF74DFE206901230521AE
:107CA00090F87D20703001F03CFB002803D0BDE847
:107CB000F84F00F038BABDE8F88F00F045BBEA494C
:107CC000C8617047E848C069002800D001207047AB
:107CD000E54A50701162704710B50446B0F8B421FF
:107CE0004388B0F8B611B0F8B8019A4205D1A3881C
:107CF000994202D1E38898420FD02388A4F8D0316A
:107D0000A4F8D221A4F8D411A4F8D601012084F853
:107D1000CC01D5480079F3F747F90221204601F05C
:107D2000C3F9002004F87D0F0320E07010BD401A55
:107D300000B247F6FE71884201DC002801DC012018
:107D4000704700207047012802D0022805D102E0C8
:107D5000012904D001E0022901D000207047012050
:107D6000704710B5012804D0022804D0FFDF204658
:107D700010BD0124FBE70224F9E7BB48002100699C
:107D800020F8A41F8178491C81707047B64800B55F
:107D9000016911F8A60F401E40B20870002800DAF1
:107DA000FFDF00BDB0482721006980F87C1000216A
:107DB00080F8A411704710B5AB4C206990F8AC1155
:107DC000042916D190F87C2001230021703001F0A5
:107DD000A8FA00B9FFDF206990F8AA10890703D438
:107DE000062180F87C1004E0002180F8A21080F8C1
:107DF000AC11206990F87E00800707D5FFF7C6FF19
:107E0000206910F87E1F21F00201017010BD964913
:107E100010B5096991F87C200A2A09D191F8E2206D
:107E2000824205D1002081F87C0081F8A20010BDBB
:107E300091F87E20130706D522F0080081F87E0015
:107E4000BDE81040A2E7FF2801D0FFDF10BDBDE86C
:107E50001040A7E710B5844C206910F8B01F41F01E
:107E600004010170A06901F0A4FD162806D1206963
:107E700090F87C00202802D0262805D010BDA069EB
:107E800001F09BFDFEF7B8FB2169002081F87C0022
:107E900081F8A20010BDF8B5734C01230A212069B6
:107EA00090F87C20703001F03CFA38B3A06901F002
:107EB0003FFDC8B1A06901F035FD0746A06901F09A
:107EC00035FD0646A06901F02BFD0546A06901F0CD
:107ED0002BFD01460097206933462A46303001F0D9
:107EE0008BFD206901F0A8FD2169002081F8A20026
:107EF00081F87C00BDE8F840FEF79FBBA07840F019
:107F00000100A070F8BD10B5574C01230021206975
:107F100090F87D20703001F004FA30B1FFF72DFFAA
:107F20002169102081F87D0010BD20690123052101
:107F300090F87D20703001F0F4F908B1082000E0DD
:107F40000120A07010BD70B5474C012300212069AD
:107F500090F87D20703001F0E4F9012588B1A06926
:107F600001F0A8FC2169A1F8AE01B1F87010FFF78B
:107F7000DEFE40B12069282180F88D1080F88C50F9
:107F800084E5A57082E52169A06901F5D87101F049
:107F90008CFC21690B2081F87D0077E510B5FEF798
:107FA0000EFFFEF70CFE304CA079400708D5A078F4
:107FB00030B9206990F87F00072801D10120207096
:107FC000FEF73EFAA079C00609D5A07838B9206935
:107FD00090F87D100B2902D10C2180F87D10E078FB
:107FE00000070ED520690123052190F87D2070300F
:107FF00001F097F930B10820A0702169002081F8C4
:10800000D80110BDBDE81040002000F016BB10B52F
:10801000154C216991F87D2040B3102A06D0142A0E
:1080200007D0152A23D01B2A35D123E001210B20AC
:1080300022E0FBF769FB0C2820D32069082100F51A
:108040008870FBF765FB28B120690421DC30FBF761
:108050005FFB00B9FFDF012104200DE05B77010029
:10806000BD790100F3790100F800002008E000F07C
:1080700017F803E001210620FEF717FF012010BDCD
:10808000212A08D191F8970038B991F8C40110B1AC
:1080900091F8C50108B1002010BD01211720EBE7C0
:1080A00070B5184C0025206990F8931101290AD069
:1080B000022925D190F8A810A9B1062180F8E61070
:1080C0000121022017E090F8D811002918D100F101
:1080D000C80300F58471002200F5CA7001F0C1F8F0
:1080E0000121052007E090F8B000400701D51120DC
:1080F00000E00D200121FEF7D8FE206980F89351A1
:10810000C4E40000F8000020F9480078002800D0FE
:108110000C20704710B50446FFF7F6FF00B1FFDFF3
:10812000F348047210BDF2490120C871704770B560
:108130000C460546082B01D0194600E004211046E4
:1081400001F075F9844200D220460DB1001D80B2C5
:10815000C0B270BD70B5E64934314C6804F17005A9
:1081600060B1628F218F94F86530A87CFFF7DFFF44
:1081700094F86510BDE87040FCF79EB8FF2094F8B5
:108180006410F7E72DE9F0478146D9483430446858
:10819000002004F17005628F218F94F86530FFF79D
:1081A000C6FFD34F0646D34878620120FFF7D2FFBF
:1081B000A87C4FF0000840B305F15801CE4891E883
:1081C0000E1000F1080A8AE80E10A96EC0F82110FE
:1081D000E96EC0F82510FE38FCF743FBC6480121C4
:1081E00008300176D5E91412C0E90412A0F58372B3
:1081F000796AFBF728FF94F8650000F0A7FB0246B8
:1082000031460120FBF72DFF04E0786AFCF729FBDB
:10821000FBF74BFFB9F1000F03D141469620FCF765
:108220004CFB94F8642001210020FCF706FC94F834
:108230002C00012801D1FCF7DFFB02203870FCF78D
:1082400061FD002800D0FFDFBDE8F0872DE9F04395
:10825000A74D87B0804628780E9F1C461646894653
:1082600010B90EB104B107B9FFDFEF61C5E90564CC
:108270000020C5E90D89E871A871E870A87028711F
:108280009B4F6871A8813437E8817E68344636F8A0
:10829000700BF8F758F8E8622088F8F742F828637E
:1082A000FCF714F894F96700FCF7CEF804F112001B
:1082B000FCF7B9FA04F10E00FCF7CCF80120FCF74A
:1082C000CDFA18228D496846F5F733F88C480490AA
:1082D0006846FCF7B7FAF07EFCF7C6F8FCF7B8FA88
:1082E00094F86F0078B9A06E68B1B08C318888427C
:1082F00009D1B4F86C1001220844B08494F86E00DF
:10830000A16EF9F708FE628F218F94F86530B07C7A
:10831000FFF70DFF94F865402146FBF7CDFF786825
:1083200090F8880108B1FCF74FF821460120FCF7CE
:1083300054F97868D0F80001FCF797FA0120FFF7AC
:1083400021FF07B0BDE8F083694800B50078022836
:1083500000D0FFDF00BD664810B534304468FCF73C
:10836000FBFAFCF7DAFAFCF729FAFCF762FAFBF7FA
:108370009CFE94F82C00012801D1FCF733FB94F803
:108380006F0038B9A06E28B1002294F86E00114633
:10839000F9F7C1FD564CE08900F0E2FAE269A179F3
:1083A000A07890470020207010BD514810B500788B
:1083B000022800D0FFDFBDE81040CCE7CBE74C48F7
:1083C000007970474A48C078704749490120487190
:1083D00070472DE9FC474648454E3430A0F114075C
:1083E00044684FF0000A254694F875004FF00108E4
:1083F000703458B3012868D002286AD0032876D098
:10840000FFDF316AB1460826087820F008000870BE
:10841000A37906EAC303184320F004000870E37947
:10842000042606EA8303184320F0100008706779D9
:10843000D9F82C00F7F715FA0646FCF7C8FD022F0D
:1084400067D0012F65D0032F66D068E000F094FA62
:10845000AA8E0146104600F0EAFF298E814200D222
:1084600008464C21ADF8040048533846FCF78DFD12
:1084700048B14FF48060316A00F077FA03206071F0
:1084800084F80380BDE76A4601A9F06A00F05CFA4F
:10849000306210B194F8371029B13846FCF746FD28
:1084A00084F80580ADE79DF8001031B9A0F800A070
:1084B00080F802A0012101F08CF9BDF80410306AA7
:1084C00001F07DFA022060719BE73846FCF72EFD33
:1084D00097E7B5F84C00ADF804006A4601A9F06AC8
:1084E00000F032FA306200288BD1FFDF89E709E023
:1084F0001C010020780B0020780D0020A8B201009C
:108500001B5D01003846FCF740FD0028BAD1FFDFB3
:1085100077E7B04301D002E00EB1012100E0002175
:10852000D9F820004E46027842EA01110170617CC0
:1085300051B36179012927D004F15801F7488EC958
:1085400000F1080989E88E00A16EC0F82110E16EE3
:10855000C0F82510FE38FCF784F9F048083080F8A0
:1085600018A0D4E91212C0E90412A0F58371326A8E
:10857000FBF769FD95F8640000F0E8F90246FB217D
:108580000020FBF76EFD03E0FCF76BF9FBF78DFDB8
:10859000012195F865200846FCF74FFA86F804801B
:1085A000316A0A8832828978B17486F80080FCF7D3
:1085B000B5FB002800D0FFDFBDE8FC8770B5D84CC4
:1085C000054639B9012D05D1E078401CC0B2E070F4
:1085D000012820D8A16928468847E0B16179D148AF
:1085E00031B1012D04D1417811B90178C90612D5F4
:1085F000A17981B98DB9CA4910310978CA0602D466
:108600000078C00607D5A08928B9A06A28B9608972
:1086100018B1C80601D4012070BD002070BD10B58E
:10862000BF4CA06A00B9FFDF6289D4E90910D21CEF
:10863000F4F77FFEA06A606210BD2DE9F0470600E6
:10864000B748B74D00F134004468686A04F170041B
:10865000477801D0012E03D1296B02F0EDF8687044
:1086600068784FF000084FF0010938B1012816D0A2
:1086700002282FD0032844D0FFDFE5E5012E30D0BB
:10868000FFF7CDFF39460122286BF7F75BF926E0AB
:1086900084F8078030E000BF84F807902CE0012EBA
:1086A00008D0FFF7BCFF39460022286BF7F74AF9DC
:1086B000022EE2D0D4E91401401C41F10001C4E9CA
:1086C0001401E079012802D084F80790BCE584F811
:1086D0000780B9E5012E04D0286BF7F7B7FA022E10
:1086E000CBD0D4E91401401C41F10001C4E91401CC
:1086F000E0790128D0D1CBE7287ABDE8F047F2F73E
:1087000053BC012EB9D0286BF7F7A0FAF4E770B587
:108710008349834A343100264C68516A01257034FC
:108720000B7803F00303012B14D0022B12D0032B80
:1087300003D0907940F0040023E0A570D08940F484
:108740000060D081012000F010F91CE0E67170BDDE
:10875000E57170BD4978B1B1D38943F40063D38129
:10876000936A002BF5D0FB2908D8D17921B1BDE857
:108770007040802000F0F4B8057070BD907940F032
:108780001000907170BDE0790128E1D1DEE770B58D
:108790006348634D3430446828787034012800D031
:1087A000FFDFA07838B10020A0700146042000F05F
:1087B000DCF801202071296A0878C043800705D1C0
:1087C000A889400502D5022000F0CFF80121002041
:1087D000FFF7F4FE10B1BDE87040BCE5BDE87040A5
:1087E0000020CFE42DE9F84F4D4F4D4C3437002693
:1087F0007D6882468DF8006020787035022800D0B0
:10880000FFDFE08940F40070E0810020FFF7A2FC68
:10881000A87CBAF1000F5BD0FBF76AFCFBF75AFCAF
:108820004FF0010968B9A87C58B1606A417841B13C
:108830000078E979C0F3C000884202D184F8029040
:1088400059E0606A4178618121B1206BF7F734F813
:10885000A06200E0A662E089B84640F02000E08116
:10886000E670786800F17007064690F82C00012841
:1088700016D1FCF7B7F83946304600F010FD78B154
:10888000D8F804003188A0F80A12397A80F80C125E
:10889000797A80F80D1280F80892207AF2F784FB3A
:1088A000606AA9790078C0F38000884205D000F0A2
:1088B00094F8E08940F48070E081606AE97900789A
:1088C000C0F3C00088420AD16846FFF720FF06E0E7
:1088D00008B1FBF73EFCE08940F04000E0815146E2
:1088E0000120FFF76BFE00289DF8000007D010B1B3
:1088F0000020FFF7A2FEFFF72EFDBDE8F88F10B1B4
:108900000120FFF79AFEFFF764FD9DF800000028A4
:10891000F3D00220FFF791FEEFE70000780D002072
:108920001C010020780B002070B5064654480D4607
:108930004468FBF773FC034694F8642029463046EC
:10894000BDE87040FDF706BAF6F7C5BE00B50128D0
:1089500002D0022802D0FFDF002000BD012000BDB0
:10896000474A0021343A52691047454A343A9389BC
:108970000343938152691047414810B5446804F19C
:108980007001087B24280ED0497B24290BD01F2896
:108990000CD020280AD0222912D094F86400042890
:1089A00000D1082010BD94F8B01106E0222907D0AC
:1089B00094F8C60100F04FF8014694F8640008E00E
:1089C00094F8C60114F85D1F084000F044F8014611
:1089D000E079BDE8104000F048B870B52848446818
:1089E00094F875007034002832D0022810D1244D3C
:1089F000343DE86AF6F79BFE00B9FFDFD4E91201C7
:108A0000401C41F10001C4E91201287AF2F7CCFAC6
:108A100000256571207920B1257100211020FFF714
:108A2000A4FFE07878B1E570FCF7BEFA00B9FFDF8B
:108A300000210820FFF799FFD4E91201401C41F101
:108A40000001C4E91201A079012802D00120A0711F
:108A500070BDA57170BDC10701D0012070478007AE
:108A600001D50220704700207047002904D001285A
:108A700003D0012901D00220704701207047000077
:108A8000500100202DE9F0410F4606460024FE4D1E
:108A90000FE000BF05EBC40090F85311B14206D1BE
:108AA0000622394600F5AA70F4F716FC38B1641CAA
:108AB000E4B22878A042EDD81020BDE8F08120462D
:108AC000FBE7F0B50746F04816460478621C0270D2
:108AD00000EBC4050868C5F854018888A5F858015A
:108AE000102C00D3FFDF85F8537185F85A612046BA
:108AF000F0BD70B5054600F017FA10281CD1E24C05
:108B00002078401EC0B22070A84215D004EBC002ED
:108B100004EBC50102F58070D2F85321C1F853214E
:108B2000D0F85700C1F85701207800F0FDF910285F
:108B300002D0204480F8035170BD2DE9F047D24C9B
:108B40000646A719A078401EC5B2A57097F8038104
:108B5000AE422AD004EB051A04EB06190AF1030110
:108B600009F103001022F4F7E4FB0AF1830109F193
:108B700083001022F4F7DDFB601905EB450290F845
:108B8000031187F8031106EB460104EB420204EBE4
:108B90004101D2F80B31C1F80B31B2F80F21A1F825
:108BA0000F2190F83B0187F83B0104EBC80090F8D7
:108BB0005A01C00703D14046BDE8F04799E7BDE838
:108BC000F087B1498A78824203D9084490F843017A
:108BD00070470020704710B540F2D3120021AA4818
:108BE000F4F7D1FB0822FF21A848F4F7CCFBA748F3
:108BF00000210C38417081704FF46171818010BD8B
:108C000070B50D460646FFF73DFF9F4C102807D074
:108C100004EBC00191F85A11C90701D0012070BDC1
:108C20006178082910D2102808D004EBC000012177
:108C300080F85A116078401C6070EFE701222946E5
:108C40003046FFF73EFFF5E7002070BD70B58E4D52
:108C50002878401E44B20AE005EBC40090F85A019F
:108C6000C00702D0E0B200F070F9641E64B2002CBC
:108C7000F2DA864900200C39887070BD82498A7802
:108C8000824203D901EB0010C01C704700207047DE
:108C90002DE9F047984691460C460546FFF7F2FE4F
:108CA0000646102805D000F03FF9102801D0122008
:108CB00085E7754FB87808282AD2102E05D10022F2
:108CC00021462846FFF7FDFE0646BC781022601CB0
:108CD000B87007EB0415E81C494600F0B5FA05F139
:108CE00083001022414600F0AFFA1021404600F008
:108CF0009CFA3C44102184F84301484604F59674DC
:108D000000F093FAE07704F8296C0020E07356E74E
:108D1000072054E75C4810B58078401E44B204E058
:108D2000E0B2FFF70AFF641E64B2002CF8DA10BD4F
:108D300056490C394870704754480C384078704791
:108D400040B14AF2B811884204D850490C398880A1
:108D500001207047002070474C480C3880887047CD
:108D600010B5FFF78FFE102803D000F0DDF81028B3
:108D700000D1082010BD44498A78824203D901EB12
:108D8000001083307047002070473F4B10B59C782F
:108D900084420FD9184490F8030103EBC00090F807
:108DA00053310B70D0F854111160B0F85801908015
:108DB000012010BD002010BD334A114491F8032159
:108DC00032490C390A700268C1F80620808848814F
:108DD000704770B52D4B0C3B5B7873B12A4B9C7878
:108DE0005CB1451821460AB1D81C01E02648833001
:108DF0002A46FBF794F8012070BD002070BD10B525
:108E0000FBF7DBF818B1BDE81040FBF7E6B8FF2030
:108E100010BD1D498A78824209D9084490F803019F
:108E200001EBC00090F85A0100F0010070470020EB
:108E300070472DE9F04100242546134E2CE02846CA
:108E400000F072F88046FFF719FF06EBC50797F8A8
:108E50005A11C9071ED060B1B8F1100F05D006EB4A
:108E6000080191F83B11012903D0102100F0DDF930
:108E700080B10649204601F80480641C97F853210C
:108E800007F5AA71E4B203E0A80D002064010020F8
:108E9000FBF7B5FA6D1CEDB23078A842CFD80CE6DE
:108EA000012296E72E4A01EB410102EB41010268E3
:108EB000C1F80B218088A1F80F01704701461022EC
:108EC000284800F0C1B92748704725498A7882426E
:108ED00003D9084490F83B0108B1002070470120F5
:108EE00070472DE9F0410E460746154606213046EB
:108EF00000F09BF91A4C58B1002004E02118401CE6
:108F000081F83B51C0B2A1788142F7D80120D4E565
:108F100031463846FFF724FF082803D0204480F864
:108F20003B51F3E70020C8E50D4910B5034600208A
:108F30008A7806E00C1894F803419C4204D0401C47
:108F4000C0B28242F6D8102010BD05494A78521EA0
:108F50004A7001EBC001002281F85A21C9E50000E6
:108F6000A80D00207B0F002000F00101400800F058
:108F700001021144400800F001021144400800F0D1
:108F800001021144400800F001021144400800F0C1
:108F900001021144400800F00102114401EB5000AD
:108FA000704710B500240485848DDB004C43B3FB6F
:108FB000F2F394FBF2F45B1C84859BB203FB02F496
:108FC0004385B4F5C84F01DD5B1E43854FF4FA437A
:108FD000B3FBF2F35B1C0386438C02EBC3035B1E03
:108FE000B3FBF2F30384C38B4B43B3FBF2F1C183B6
:108FF00010BD70B50546087B0E4600F01F000873D3
:109000000020687604463019007AFFF7ADFF291971
:10901000641C0875697EE4B208446876052CF2D3B6
:10902000C0B2252800D9FFDF70BD0023C38342846E
:1090300001EBC202521EB2FBF1F101847047F0B5A0
:109040006FF01F02010C02EA90261F25A1F5AA402D
:1090500054380DD0A1F5AA40553809D0A1F52850B3
:10906000AA3805D0A1F52A40AA3801D0012000E095
:10907000002000221346144682EA0107FF431F43E3
:109080007F1C0FD006F00107520842EAC73205F0F4
:1090900001075B0876086D08641C43EAC733162C89
:1090A000EAD3F0BD0020F0BD2DE9F04101260446D1
:1090B000002500F1700751B1012974D0022971D047
:1090C00003296CD101463846BDE8F04191E7802282
:1090D00000213846F4F757F9BD71FD713D737D737A
:1090E000FD733D747D71BD76FD76212087F84000CB
:1090F000412087F84100FE2087F8740027887022FD
:1091000000212046F4F73FF9278084F8646084F852
:109110006560282084F8660004F1300000210746CD
:1091200000F071FC1B21F9833984A4F85210A4F8D3
:1091300054104FF4A470A4F85600A4F858006673B5
:109140004FF448606080A4F8F050A4F8F250A4F8FE
:10915000F450A4F8F650A4F8F850A4F8FA5084F8A3
:10916000FD5084F8FF50A4F8065184F80451A4F887
:109170001851A4F81A5184F8BA5184F8BB5184F8F4
:10918000C45184F8C55184F8895184F8905184F809
:10919000935184F8AC51C4F8A451C4F8A851BDE867
:1091A000F08100E025E0A4F8065184F8FE506188C3
:1091B000FE480A460844B0FBF1F0A4F890004BF6D4
:1091C0008030A4F89200E3883846FFF7EAFE214693
:1091D0003846FFF70EFFFAF7F9F920B1D4F80E0080
:1091E000FFF72DFF10B184F88851D8E784F8886123
:1091F000D5E74188B4F8B831B4F8B4213846BDE8B1
:10920000F041CEE6437E0BB1252B01D912207047E9
:109210002AB14B7B2BB1012B05D01F2070470020BA
:10922000704700F0EEB900F092B910B500231A466D
:1092300003E0845C2343521CD2B28A42F9D30BB1BF
:10924000002010BD012010BD30B5134606E0CC183B
:10925000D51A14F8014C5B1E4455DBB2002BF6D135
:1092600030BD70B50E468CB0144601461D46102226
:109270006846FFF7E9FF1022314604A8FFF7E4FF34
:10928000684600F059FD08A94FF0100228461CB1AD
:10929000FFF7DAFF0CB070BDF4F74BF8FAE738B51A
:1092A00005460C466846FBF7B2FB002820D09DF926
:1092B00000002072E17E617294F90A100022411AC6
:1092C00000D5494295F82D308B4210DCFF2B0ED093
:1092D000E17A491CC9B2E17295F82E30994202D860
:1092E000A17A7F2903D1A0720020E07201221046EA
:1092F00038BD0C2813D00B2811D00D280FD01F28F3
:109300000DD020280BD0212809D0222807D02328CF
:1093100005D0242803D0262801D000207047012042
:10932000704710B5A2F10F030C2941D2DFE801F01C
:1093300006080D1215181C40243E272EAAB337E04C
:10934000072A37D0082A35D032E00C2A32D00B2A2F
:1093500030D02DE00D2A2DD02AE00C2B2AD927E081
:10936000103A0B2A26D923E0032B23D990F8380092
:10937000F0B11B2A1ED91BE0062A1BD018E01C2ABC
:1093800018D01D2A16D01E2A14D011E01F2A11D081
:10939000202A0FD0212A0DD0222A0BD0232A09D02F
:1093A000242A07D0262A05D002E003E00E2A01D0A5
:1093B000002010BD012010BD2DE9F0410C460546EE
:1093C00040F23577866805E0F8F7F7FF3946F8F799
:1093D000C8FCA8602846F9F7A5F90028F4D08CB19C
:1093E0003046A968F9F7EAFC00280BDD2044401E4E
:1093F000B0FBF4F707FB04F13046F8F7B2FCA860C5
:109400003846CCE60020CAE670B5044690420BD23E
:10941000101B642800D2642025188D4205D8042131
:10942000F9F7FFFC08B1284670BD204670BD11F069
:109430000C0F19D04A074FF41671002A03DA00BF47
:109440004FF0100201E04FF0400201DA4FF09601B8
:1094500001F5BC71A0EB0103884202D993FBF2F045
:1094600000E0002080B27047022904D06FF00D01A7
:1094700001EBD000F6E76FF00E0101EB9000F1E791
:109480000844184498300AB1042100E0002108443F
:10949000704701207047106808667047C10701D007
:1094A00001207047810701D502207047400701D590
:1094B00008207047002070472DE9F0410546164608
:1094C00088460124084600F054FA0746404600F05A
:1094D00052FA0346FFF7E2FF02463846FFF7DEFF87
:1094E00052EA000100D10024990700D10022B907F7
:1094F00000D1002095F86410914200D10022327012
:1095000095F86510814200D10020707072B968B979
:10951000404600F032FAB5F87010401A00B247F633
:10952000FE71884201DC002800DC0024204636E67B
:1095300010B540F6C4125410012903D0022902D0FC
:10954000FFDF02E008B1104610BD204610BDF0B5A7
:109550000C7C8B7BCD7B5C404B7C02886B4044EA6F
:109560000324467E62400023D5B2120A95FAA5F57F
:1095700092FAA2F22D0E120E45EA022202EB02121C
:109580005B1C2244DBB292B2032BEDD36240252355
:10959000B2FBF3F403FB142301EBD304837603F053
:1095A00007070125247A05FA07F701E0FFDB05002C
:1095B0003C4201D0C3761AE05643320C521CD2B260
:1095C000002403191B7D934213D300230E19367A0E
:1095D00005FA03F73E4201D0521ED2B222B15B1C03
:1095E000DBB2082BF4D306E003EBC401C176002004
:1095F000F0BDD21AD2B2641CE4B2052CE1D31F2014
:10960000F0BDF0B5837E0C7E012504FB02322523DC
:10961000B2FBF3F403FB142201EBD204827602F0D6
:109620000703247A05FA03F31C4201D0C2761EE038
:10963000437EB2FBF3F403FB1422521CD2B200238C
:10964000C418247D944214D30024CE1896F80860E0
:1096500005FA04F73E4201D0521ED2B222B1641C78
:10966000E4B2082CF4D306E004EBC301C176002079
:10967000F0BD121BD2B25B1CDBB2052BE0D31F2066
:10968000F0BD000030B50546007801F00F0220F073
:109690000F0010432870092912D2DFE801F00507F6
:1096A00005070509050B0F0006240BE00C2409E053
:1096B000222407E001240020E87003E00E2401E0EA
:1096C0000024FFDF6C7030BD007800F00F007047A1
:1096D0000A6840F8032F8988818070470A6840F83B
:1096E000092F8988818070470278402322F0400248
:1096F00003EA81110A4302707047027822F0800267
:1097000042EAC1120270704770B514460E46054613
:109710001F2A00D9FFDF2246314605F10900F3F781
:1097200008FEA41D6C7070BD70B514460E4605464B
:109730001F2A00D9FFDF2246314605F10900F3F761
:10974000F8FDA41D6C7070BD30B5017801F00F01FB
:10975000032920D0052921D14578B0F81910B0F897
:109760001B40B0F81730827D222D17D1062915D362
:109770004FF44865A94211D8B4F5FA7F0ED26AB108
:10978000082A0BD88A4209D28B4207D8B0F81D00AC
:10979000A84205D902E040780C2801D0002030BD55
:1097A000012030BD4078704700B5027801F0030316
:1097B00022F003021A430270012905D0022903D0C6
:1097C000032903D0FFDF00BD002100E0012141702B
:1097D00000BD00B5027801F0030322F003021A4332
:1097E0000270012905D0022903D0032903D0FFDF2D
:1097F00000BD002100E00121417000BD007800F0B3
:1098000003007047417841B1C078192803D2704AEB
:10981000105C884201D1012070470020704730B5AC
:1098200001240546C170192902D26948445C02E04E
:10983000FF2900D0FFDF6C7030BD70B514460E46B6
:1098400005461B2A00D9FFDF6C7022463146E81C12
:10985000BDE87040F3F76DBDB0F807007047B0F891
:1098600009007047B0F80B00704770B5B0F80720DA
:10987000B0F80940B0F805300179951F40F67A46F6
:10988000B54210D8B4F5FA7F0DD261B108290AD8D3
:10989000914208D2934206D8B0F80B00B0F5486F59
:1098A00001D8012070BD002070BD42680A60007AB6
:1098B00008717047B0F80900704700797047426836
:1098C0000A6080684860704780890880704750F857
:1098D0000E2F0A60406848607047D0F81600086094
:1098E00070470A6842604968816070470968C160D2
:1098F00070470079704742680A6080684860704726
:109900000171090A417170478171090AC17170477B
:109910000172090A417270478172090AC172704767
:1099200080887047C08870470089704740897047B9
:1099300001891B290CD341894FF4A472914207D3AA
:1099400081881B2904D3C088904201D3012070472D
:10995000002070470A684260496881607047017959
:10996000490704D04079400701D00120704700200A
:1099700070470079704740797047C08870470CB5D0
:1099800014A2D2E90012CDE900120179407901F068
:10999000070269461DF80220012A04D800F00700DA
:1099A000085C012801D900200CBD01200CBD01710B
:1099B000704700797047417170474079704730B502
:1099C0000C460546FB2900D9FFDF6C7030BD000056
:1099D000C0B20100000101020102020310B58C882F
:1099E0000A894B88C988A0F84430A0F84810A0F82C
:1099F0004640A0F84A2010BD10B5029C8181C2816A
:109A00000382448210BD1B2202838282C281828132
:109A100042800281028042848284828300290AD1AA
:109A20004FF4A4714183C18241820182C18041818E
:109A30008180C18401857047F0B5B0F84830818FCE
:109A4000458EC48E8B4200D30B46B0F84A10B0F856
:109A50004020914200D20A464386C286068F478F35
:109A600000F130019E4200D21E46974200D21746B6
:109A70000E814F81AB4201D1A24201D0012400E00E
:109A80000024B0F84420C38F068E858E9A4200D3FE
:109A90001A46B0F84670B0F842309F4200D23B46BA
:109AA00090F85A70022F08D1964200D232469D4259
:109AB00000D22B46002780F85A700A808B80B24271
:109AC00001D1AB4201D0012000E000202043F0BDD5
:109AD000508088899080C889D080088A1081488AFF
:109AE000508101201070704770B502884A80048E42
:109AF0008C80838ECB80428E0A81C58E4D81B0F8DA
:109B00005660AE420BD1B0F85250954207D1B0F832
:109B100058509D4203D1B0F85430A34201D00123E4
:109B200000E000230B73A0F852204A89A0F85620C9
:109B30008A88A0F85420CA88A0F85820012008700C
:109B400070BD70B50C46088E91F8641000F016F8E0
:109B5000A18E0546A94200D20D46208F94F86510CB
:109B600000F00CF8618F814200D208460146284679
:109B7000BDE8704000221346FFF782BC11F00C0FC5
:109B800004D04FF4747101EB801006E0022902D07A
:109B9000C000703001E080003C3080B270470000AF
:109BA0002DE9F0410C4612490D68114A114908325D
:109BB0001160A0F12001312901D301200CE04128DE
:109BC00010D040CC0C4F94E80E0007EB8000241F0F
:109BD00050F8807C3046B84720600548001D05607D
:109BE000BDE8F081204601F0B9F8F5E7062070479E
:109BF0001005024001000001DCB2010010B555481B
:109C0000F9F704FD00B1FFDF5248401CF9F7FEFCF4
:109C1000002800D0FFDF10BD2DE9F14F4E4E82B07D
:109C2000D6F800B001274B48F9F7F8FCDFF824819B
:109C300020B9002708F10100F9F706FD474C00257F
:109C40004FF0030901206060C4F80051C4F80451CA
:109C5000029931602060DFF808A11BE0DAF800000B
:109C6000C00617D50E2000F068F8EFF3108010F052
:109C7000010072B600D001200090C4F80493D4F81B
:109C8000000120B9D4F8040108B901F071F8009876
:109C900000B962B6D4F8000118B9D4F8040100285C
:109CA000DCD0D4F804010028CCD137B1C6F800B01C
:109CB00008F10100F9F7B2FC11E008F10100F9F731
:109CC000ADFC0028B6D1C4F80893C4F80451C4F818
:109CD00000510E2000F031F81E48F9F7B5FC0020C5
:109CE000BDE8FE8F2DE9F0438DB00D4606460024F9
:109CF0000DF110090DF1200818E000BF04EB440736
:109D0000102255F827106846F3F713FB05EB870779
:109D1000102248467968F3F70CFB6846FFF77CFF92
:109D200010224146B868F3F704FB641CB442E5DB3B
:109D30000DB00020BDE8F0836EE7002809DB00F0DD
:109D40001F02012191404009800000F1E020C0F88D
:109D5000801270476C01002004E5004000E00040E4
:109D600010ED00E0B64900200870704770B5B54DA1
:109D700001232B60B44B1C68002CFCD0002407E0AE
:109D80000E6806601E68002EFCD0001D091D641CB4
:109D90009442F5D30020286018680028FCD070BDDC
:109DA00070B5A74E0446A94D3078022800D0FFDFD9
:109DB000AC4200D3FFDF7169A548012903D847F2FF
:109DC0003052944201DD03224271491C7161291B0A
:109DD000C1609F49707800F030F9002800D1FFDFA2
:109DE00070BD70B5964C0D466178884200D0FFDF9B
:109DF000964E082D4BD2DFE805F04A041E2D4A4A44
:109E00004A382078022800D0FFDF03202070A07895
:109E1000012801D020B108E0A06800F041FD04E075
:109E200004F1080007C8FFF7A1FF05202070BDE876
:109E30007040F8F7C0B9F8F7C0FA01466068F8F763
:109E4000BDFFB04202D2616902290BD30320F9F7AA
:109E50000EFB12E0F8F7B1FA01466068F8F7AEFFC2
:109E6000B042F3D2BDE870409AE7207802280AD0C9
:109E7000052806D0FFDF04202070BDE8704000F008
:109E8000D2B8022000E00320F9F7F1FAF3E7FFDF90
:109E900070BD70B50546F8F790FA694C606020789F
:109EA000012800D0FFDF6A490120087000200871F6
:109EB00004208D6048716548C86002202070607879
:109EC00000F0BBF8002800D1FFDF70BD10B55C4C7E
:109ED000207838B90220F9F7E0FA18B90320F9F729
:109EE000DCFA08B1112010BD5A48F8F7E1F96070AA
:109EF0001F2804D0012020700020606110BD0320C5
:109F000010BD2DE9F0471446054600EB84000E46CF
:109F1000A0F1040800F0D7FC07464FF0805001691B
:109F20004F4306EB8401091FB14201D2012100E039
:109F3000002189461CB10069B4EB900F02D90920B9
:109F4000BDE8F0872846E7F76FF990B9A84510D328
:109F5000BD4205D2B84503D245EA0600800701D0CC
:109F60001020EDE73046E7F75FF910B9B9F1000FBF
:109F700001D00F20E4E7384838490068884205D00E
:109F8000224631462846FFF7F1FE1AE0FFF79EFF12
:109F90000028D5D12A4800218560C0E9036481707A
:109FA000F9F7DDFA08B12E4801E04AF2F870604393
:109FB0004FF47A7100F2E730B0FBF1F01830FFF7A0
:109FC00068FF0020BCE770B505464FF0805004697B
:109FD0006C432046E7F728F908B10F2070BD00F068
:109FE00072FCA84201D8102070BD1B481B490068B4
:109FF000884203D0204600F053FC10E0FFF766FFD4
:10A000000028F1D10E48012184608170F9F7A7FA88
:10A0100008B1144800E014481830FFF73AFF002058
:10A0200070BD00F053BE10B5054C6078F8F7A2F98A
:10A0300000B9FFDF0020207010BDF8F7EFBB000073
:10A040007001002004E5014000E40140105C0C00B8
:10A050008C0F0020E39D010058000020BEBAFECA0C
:10A0600050280500645E0100A85B01007149096881
:10A070000160002070476F4908600020704701218F
:10A080008A0720B1012804D042F20400704791678A
:10A0900000E0D1670020704767490120086042F264
:10A0A0000600704708B50423634A1907103230B11F
:10A0B000C1F80433106840F0010010600BE0106834
:10A0C00020F001001060C1F808330020C1F8080139
:10A0D0005A4800680090002008BD011F0B2909D8CC
:10A0E000554910310A6822F01E0242EA4000086019
:10A0F0000020704742F205007047000100F18040E7
:10A10000C0F8041900207047000100F18040C0F839
:10A11000081900207047000100F18040D0F80009C4
:10A12000086000207047012801D907207047444A81
:10A1300052F8200002680A4302600020704701289C
:10A1400001D9072070473E4A52F8200002688A432E
:10A15000026000207047012801D907207047384A63
:10A1600052F820000068086000207047020035495E
:10A170004FF0000003D0012A01D0072070470A6089
:10A18000704708B54FF40072510510B1C1F80423AF
:10A1900008E0C1F808230020C1F8240127481C303A
:10A1A00000680090002008BD08B58022D10510B1DC
:10A1B000C1F8042308E0C1F808230020C1F81C01FD
:10A1C0001E48143000680090002008BD08B54FF408
:10A1D0008072910510B1C1F8042308E0C1F808238A
:10A1E0000020C1F8200115481830006800900020B8
:10A1F00008BD10493831096801600020704770B50A
:10A200004FF080450024C5F80841F9F7B4F910B9BA
:10A21000F9F7BBF928B1C5F82441C5F81C41C5F8C8
:10A2200020414FF0E020802180F800140121C0F887
:10A23000001170BD0004004000050040080100400E
:10A24000A0B30100780500406249634B0A68634986
:10A250009A42096801D1C1F31001016000207047E2
:10A260005C495D4B0A685D49091D9A4201D1C0F302
:10A2700010000860002070475649574B0A6857493C
:10A2800008319A4201D1C0F31000086000207047E5
:10A2900030B5504B504D1C6842F20803AC4202D01E
:10A2A000142802D203E0112801D3184630BDC300A0
:10A2B0004B481844C0F81015C0F81425002030BDD4
:10A2C0004449454B0A6842F209019A4202D00628E5
:10A2D00002D203E0042801D308467047404A012116
:10A2E00042F83010002070473A493B4B0A6842F26E
:10A2F00009019A4202D0062802D203E0042801D3C1
:10A3000008467047364A012102EBC0004160002038
:10A31000704770B52F4A304E314C156842F2090330
:10A3200004EB8002B54204D0062804D2C2F800181B
:10A3300007E0042801D3184670BDC1F31000C2F82D
:10A340000008002070BD70B5224A234E244C1568C9
:10A3500042F2090304EB8002B54204D0062804D27D
:10A36000D2F8000807E0042801D3184670BDD2F8DF
:10A370000008C0F310000860002070BD174910B538
:10A380000831184808601120154A002102EBC0036B
:10A39000C3F81015C3F81415401C1428F6D3002078
:10A3A00006E0042804D302EB8003C3F8001807E09A
:10A3B00002EB8003D3F80048C4F31004C3F800484C
:10A3C000401C0628EDD310BD04490648083108603A
:10A3D0007047000058000020BEBAFECA00F50140D8
:10A3E00000F001400000FEFF814B1B6803B198475D
:10A3F000BFF34F8F7F4801687F4A01F4E06111434A
:10A400000160BFF34F8F00BFFDE710B5EFF3108081
:10A4100010F0010F72B601D0012400E0002400F01A
:10A42000DDF850B1E6F7A4FFF7F761FDF8F7C1FFDB
:10A43000F9F7E2FC71490020086004B962B6002017
:10A4400010BD2DE9F0410C460546EFF3108010F0E9
:10A45000010F72B601D0012600E0002600F0BEF820
:10A4600020B106B962B60820BDE8F08100F006FD13
:10A47000E6F782FF0246002001234709BF0007F1EB
:10A48000E02700F01F01D7F80071CF40F9071BD07B
:10A49000202803D222FA00F1C90727D141B20029AE
:10A4A00004DB01F1E02191F8001405E001F00F0157
:10A4B00001F1E02191F8141D4909082916D203FA87
:10A4C00001F717F0EC0F11D0401C6428D5D3F9F731
:10A4D00071FC4B4A4B490020F9F7B4FC47494A4804
:10A4E00008602046E6F7A7FE60B904E006B962B648
:10A4F00041F20100B8E73E4804602DB12846E6F776
:10A50000E7FE18B1102428E0404D19E02878022811
:10A5100002D94FF4805420E007240028687801D045
:10A52000D8B908E0C8B1202817D8A878212814D8AD
:10A53000012812D001E0A87878B9E8780B280CD867
:10A54000E6F71AFF2946F8F71AFFF7F78FFC00F035
:10A55000EDF92846E6F7DAFE044606B962B61CB104
:10A56000FFF753FF20467FE700207DE710B5044644
:10A5700000F034F800B101202070002010BD244903
:10A5800008600020704770B50C4622490D682149CB
:10A59000214E08310E60102807D011280CD0122847
:10A5A0000FD0132811D0012013E0D4E90001FFF7E8
:10A5B00048FF354620600DE0FFF727FF00252060AB
:10A5C00008E02068FFF7D2FF03E011492068086027
:10A5D000002020600F48001D056070BD07480A4933
:10A5E0000068884201D101207047002070470000B8
:10A5F000880100200CED00E00400FA05580000205E
:10A600004810002000000020BEBAFECAA8B3010016
:10A6100004000020100502400100000100B585493A
:10A6200010F1080F19D00CDC10F1280F1DD010F11B
:10A63000140F18D010F1100F13D010F10C0F08D117
:10A640000DE010F1040F06D080B103280ED00428CD
:10A650000CD0FFDF00BDFC2008E0F82006E0F4206D
:10A6600004E0F02002E0EC2000E0D820086000BD0B
:10A67000704900B5091D012803D0022803D0FFDF6F
:10A6800000BD032000E00420086000BD2DE9F0417A
:10A6900005460C4617461046F9F76CFD4FF47A76DE
:10A6A000022C10D0012C10D040F63401441838464A
:10A6B000F9F7C5FD204449F679710844B0FBF6F07E
:10A6C000281ABDE8F0813146F0E74FF4C861EDE7A4
:10A6D00070B505460C460846FAF7F4FA022C10D07D
:10A6E000012C11D04FF4AF5149F6CA62511A0844F7
:10A6F0004FF47A7100F2E140B0FBF1F0281A801EAD
:10A7000070BD40F24C41EFE740F63401ECE770B524
:10A71000064615460C460846FAF7D4FA4FF47A7105
:10A7200040F63402022D11D0012D11D01346022C17
:10A7300011D0012C01D04FF4AF529A1A104449F6AF
:10A74000FC621044B0FBF1F0301A70BD0B46EEE72E
:10A750004FF4C863EBE740F24C42EEE770B50446B5
:10A760000E460846F9F706FD05463046F9F767FD3F
:10A7700028444AF2AB3108444FF47A71B0FBF1F04F
:10A78000201A801E70BD2DE9F04106461D460C467C
:10A790001746104600F045F806EB4601C1EBC6111E
:10A7A00000EBC100022C15D0012C16D04FF4AF5194
:10A7B00046182046FAF786FA301A4FF47A7100F6F6
:10A7C000B730B0FBF1F43846F9F741FD2044284496
:10A7D000401D76E740F24C41EAE740F63401E7E7F6
:10A7E00070B5044615460E460846F9F7C3FC04EB5F
:10A7F0004401C1EBC411C0EBC1043046F9F71FFDA1
:10A80000241A284600F00DF820444FF47A7100F61F
:10A81000B730B0FBF1F42846F9F719FD2044401D8C
:10A8200070BD082803D0042801D0F9F7A3BC4EF668
:10A83000283070470C150040F0B585B00C46054631
:10A84000FEF7DCFF07466E78204603A96A46F5F757
:10A8500004FA81198EB258B1012F02D0032005B03D
:10A86000F0BD204604AA0399F5F719F9049D01E00B
:10A87000022F0FD1ED1C042E0FD32888BDF8001035
:10A88000001D80B2884201D8864202D14FF00000FC
:10A89000E5E702D34FF00200E1E74FF00100DEE709
:10A8A0000B4A022111600B490B68002BFCD0084BAE
:10A8B0001B1D186008680028FCD000201060086884
:10A8C0000028FCD070474FF080504069704700006E
:10A8D00004E5014000E4014002000B464FF0000097
:10A8E000014620D0012A04D0022A04D0032A0DD127
:10A8F00003E0012002E0022015E00320072B05D22F
:10A90000DFE803F00406080A0C0E10000720704769
:10A91000012108E0022106E0032104E0042102E015
:10A92000052100E00621F7F7E4BC0000E24805211C
:10A9300081700021017041707047E0490A78012A56
:10A9400005D0CA681044C8604038F8F704BA8A686D
:10A9500010448860F8E7002819D00378D849D94A0C
:10A9600013B1012B0ED011E00379012B00D06BB98C
:10A9700043790BB1012B09D18368643B8B4205D22B
:10A98000C0680EE00379012B02D00BB100207047A4
:10A9900043790BB1012BF9D1C368643B8B42F5D2EB
:10A9A00080689042F2D801207047C44901220A70A1
:10A9B000027972B100220A71427962B104224A71AD
:10A9C000826852328A60C068C860BB4902208870C1
:10A9D00070470322EFE70322F1E770B5B74D044655
:10A9E00000202870207988B100202871607978B122
:10A9F0000420B14E6871A168F068F7F7B2F9A86059
:10AA0000E0685230E8600320B07070BD0120ECE7D0
:10AA10000320EEE72DE9F04105460226F8F7C5F8D8
:10AA2000006800B1FFDFA44C01273DB12878B8B120
:10AA3000012805D0022811D0032814D027710DE079
:10AA40006868C82808D30421F8F7EBF920B16868D2
:10AA5000FFF773FF012603E0002601E000F014F980
:10AA60003046BDE8F08120780028F7D16868FFF70C
:10AA700072FF0028E2D06868017879B1A0780428D4
:10AA800000D0FFDF01216868FFF7A7FF8B49E0785E
:10AA900000F003F90028E1D1FFDFDFE7FFF785FFD2
:10AAA0006770DBE72DE9F041834C0F46E17888427F
:10AAB00000D0FFDF00250126082F7DD2DFE807F058
:10AAC000040B28283D434F57A0780328C9D00228FB
:10AAD000C7D0FFDFC5E7A078032802D0022800D046
:10AAE000FFDF0420A07025712078B8BB0020FFF79D
:10AAF00024FF72480178012906D08068E06000F0E8
:10AB0000F9F82061002023E0E078F7F782FDF5E70F
:10AB1000A078032802D0022800D0FFDF207880BB75
:10AB2000022F08D05FF00500F8F7A1FCA0780328F9
:10AB300040D0A57095E70420F6E7A078042800D05F
:10AB4000FFDF022004E0A078042800D0FFDF01200E
:10AB5000A1688847FFF75EFF054633E003E0A07871
:10AB6000042800D0FFDFBDE8F04100F08DB8A078E8
:10AB7000042804D0617809B1022800D0FFDF2078D2
:10AB800018B1BDE8F04100F08AB8207920B1062064
:10AB9000F8F76DFC25710DE0607840B14749E07829
:10ABA00000F07BF800B9FFDF65705AE704E007208A
:10ABB000F8F75DFCA67054E7FFDF52E73DB1012DC9
:10ABC00003D0FFDF022DF9D14BE70420C0E70320BB
:10ABD000BEE770B5050004D0374CA078052806D133
:10ABE00001E0102070BD0820F8F757FC08B11120D3
:10ABF00070BD3548F7F75CFBE0701F2806D00121D7
:10AC0000F8F730FA0020A560A07070BD032070BD79
:10AC1000294810B5017809B1112010BD81780529A6
:10AC200006D0012906D029B101210170002010BDF4
:10AC30000F2010BD00F033F8F8E770B51E4C054644
:10AC4000A07808B1012809D155B12846FFF783FE45
:10AC500040B1287840B1A078012809D00F2070BDFC
:10AC6000102070BD072070BD2846FFF79EFE03E050
:10AC700000212846FFF7B1FE1049E07800F00DF8FA
:10AC800000B9FFDF002070BD0B4810B5006900F06F
:10AC900029F8BDE81040F7F78EBAF7F7BFBD0648B0
:10ACA00010B5C078F7F766FB00B9FFDF0820F8F7AA
:10ACB000DEFBBDE8104039E68C0100209C0F00202F
:10ACC0003D860100FF1FA107A5AA010010B5134C86
:10ACD0002060201D0160114810300260001D0360DB
:10ACE000002010BD0E490A6848F202139A4302433D
:10ACF0000A6070470A4A116848F2021301EA030029
:10AD0000994311607047054B02465B421020134483
:10AD1000FC2B01D8116000207047000000060040A5
:10AD2000C806024070477047704700001EF0040FCD
:10AD30000CBFEFF30880EFF30980014A10470000D1
:10AD40005F3E010001B41EB400B5F8F7A9FD01B4DF
:10AD50000198864601BC01B01EBD0000826903490E
:10AD600081614FF0010010447047000045AD0100C3
:10AD70000FF20C0000F10000694641F8080C20BFFA
:10AD800070470000FEDF18490978F9B904207146C0
:10AD900008421BD10699154A914217DC06990229EF
:10ADA00014DB02394878DF2810D10878FE2807D054
:10ADB000FF280BD14FF001004FF000020C4B184759
:10ADC00041F201000099019A094B1847094B002BE9
:10ADD00002D01B68DB6818474FF0FF3071464FF018
:10ADE0000002034B1847000028ED00E000C00100FE
:10ADF000E9A3010004000020174818497047FFF735
:10AE0000FBFFE6F7CBF900BD1548164909688842F3
:10AE100003D1154A13605B68184700BD20BFFDE7EA
:10AE20000F4810490968884210D1104B18684FF03C
:10AE3000FF318842F2D080F308884FF02021884209
:10AE400004DD0B48026803210A4302600948804779
:10AE500009488047FFDF0000B00F0020B00F00203E
:10AE600000100000000000200400002000C00100CD
:10AE700014090040DD2F000009AE0100F0B4404687
:10AE8000494652465B460FB402A0013001B5064860
:10AE9000004700BF01BC86460FBC804689469246EB
:10AEA0009B46F0BC70470000091100000420714669
:10AEB000084202D0EFF3098101E0EFF308818869CD
:10AEC00002380078102813DB20280FDB2C280BDB3E
:10AED0000A4A12680A4B9A4203D1602804DB094AE5
:10AEE0001047022008607047074A1047074A10477A
:10AEF000074A12682C3212681047000058000020E0
:10AF0000BEBAFECA7D130000A19B010087A5010007
:10AF1000040000200D4B0E4908470E4B0C49084712
:10AF20000D4B0B4908470D4B094908470C4B084985
:10AF300008470C4B064908470B4B054908470B4B84
:10AF4000034908470A4B02490847000019AC0000B2
:10AF500059B00000A52F00000BA8000099A7000021
:10AF6000A1AE0000991300004D7700001DB0000055
:10AF70002DAD01005F8200000784000065850000A0
:10AF8000C98500000386000037860000698600003E
:10AF90009986000021870000478300008985000012
:10AFA00013120000C12100000B2200006F220000DC
:10AFB000F522000011240000D32400000525000024
:10AFC000E3250000CB2600001F270000A12700007A
:10AFD000C1270000B92D0000DD2D0000FD2C000070
:10AFE000592D00000F2E0000A32E00002F3D000061
:10AFF000093E00003D4100003D420000B342000018
:10B000001D4300008143000017120000754400003A
:10B01000E1440000E3270000E927000017120000C8
:10B02000171200001712000017120000F32700008B
:10B030002B280000A12800001712000017120000A2
:10B040002D22000087290000A9290000F529000011
:10B05000131200001312000013120000131200005C
:10B06000EF5200007553000091530000AD530000F3
:10B070003B550000D7530000E1530000235400006B
:10B0800045540000215500006355000013120000D4
:10B0900013120000676E0000876E0000916E0000C2
:10B0A000CB6E0000F96E0000E96F000077700000C1
:10B0B0008B700000D9700000EF71000095730000E4
:10B0C000BD740000E95D0000D5740000131200009B
:10B0D00013120000A1A0000003A200005DA2000066
:10B0E000D7A2000083A30000100110013A02000063
:10B0F0001A0200040506000007000000FFFFFFFF22
:10B100000000FFFFE39C0000BF1C0000934E000006
:10B11000335E0000E97A000000000000A17D00001D
:10B120007D7D00008F7D0000000002000000000017
:10B13000000200000000000000010000000000000C
:10B14000136C0000F36B0000616C00007152000092
:10B150003352000053520000219400003994000043
:10B160004396000041370000816C000000000000A1
:10B17000B16C0000BF5200000000000000000000A1
:10B18000000000002395000000000000C13700000F
:10B19000555555D6BE898E0000006406640C6412B5
:10B1A00000000803AC055008000054044408340CA7
:10B1B00075DF0000DDE00000D7DE000073DF000077
:10B1C0001B5D0100ABE1000000000000480800002A
:10B1D0004808000051350000513500009B21000057
:10B1E000439B0000B7600000A34D0000F97301000D
:10B1F0008135000081350000BF210000D59B000093
:10B200003F610000174E00000F74010070017001D3
:10B21000400038005C002400200200000300656C40
:10B220007462000000000000000000000000000048
:10B230000000870000000000000000000000000087
:10B240000000BE83605ADB0B376038A5F5AA9183F6
:10B25000886C0000010000008B0801005D170100F0
:10B2600000000001020603040500000007000000C2
:10B2700000000000060000000A000000320000008C
:10B2800073000000B4000000F401FA0096006400AE
:10B290004B0032001E0014000A00050002000100ED
:10B2A0000041000000000000AB830100E5870100C1
:10B2B0008F870100BD830100000000002989010083
:10B2C0000C0802170D010102090901010602091803
:10B2D00018030101090903030500000049A2010048
:10B2E00061A2010079A2010091A20100C1A20100A6
:10B2F000E9A2010013A3010047A30100C79F0100B9
:10B30000039F010023A0010007AD01000D360100DD
:10B310001D360100493601001B37010023370100AB
:10B32000353701007FA0010099A001006DA0010048
:10B3300077A00100A5A00100DBA00100ED9B0100AA
:10B34000FBA0010009A1010017A1010027A1010034
:10B350003FA1010057A101006DA10100ED9B01007B
:10B3600000000000B7A900000DAA000023AA0000F9
:10B37000D9A80100199C0100E59C0100D3AB010094
:10B3800011AC01003BAC0100113401005D3901003A
:10B3900083A10100A9A10100CDA10100F3A1010039
:10B3A0001C0500402005004000100200CCB3010045
:10B3B00008000020980100004411000000B40100C2
:10B3C000A0010020100E00008011000001150545AD
:10B3D000481000200519A40500203601000100884E
:10B3E0003720FB349B5F80041F8000100D9DCB092C
:10B3F0000020880900200E0A0020024810000000EA
:10C0000000000220459B03006D9B03006F9B030013
:10C01000719B0300739B0300759B030000000000ED
:10C02000000000000000000000000000779B0300FB
:10C03000799B0300000000007B9B03007D9B0300B5
:10C040007F9B03009DF40200E5990300A99903007A
:10C05000BD9903007F9B0300B5810300BD6F030002
:10C060005995030061950300699503007F9B0300C8
:10C070007F9B03007F9B03007F9B03007F9B03004C
:10C080007F9B030021A503007F9B03007F9B030090
:10C090007F9B03007F9B030045DC03007F9B030025
:10C0A0007F9B03007F9B030071950300799503003C
:10C0B0007F9B03007F9B0300000000000000000046
:10C0C0007F9B03007F9B03007F9B0300D1990300AC
:10C0D0007F9B03007F9B03007F9B03007F9B0300EC
:10C0E0000D9A0300000000000000000000000000A6
:10C0F000000000007F9B030000000000F99903008E
:10C10000000000000000000000000000000000002F
:10C11000000000000000000000000000000000001F
:10C12000000000000000000000000000000000000F
:10C1300000000000000000000000000000000000FF
:10C1400000000000000000000000000000000000EF
:10C1500000000000000000000000000000000000DF
:10C1600000000000000000000000000000000000CF
:10C1700000000000000000000000000000000000BF
:10C1800000000000000000000000000000000000AF
:10C19000000000000000000000000000000000009F
:10C1A000000000000000000000000000000000008F
:10C1B000000000000000000000000000000000007F
:10C1C000000000000000000000000000000000006F
:10C1D000000000000000000000000000000000005F
:10C1E000000000000000000000000000000000004F
:10C1F000000000000000000000000000000000003F
:10C200002DE9F04F85B003910778A7F10903042BBE
:10C21000044607F07F0200F10100F5D9202AF3D08F
:10C220002B2F04BF677804462D2F75D09FED427BDE
:10C230008DED007B4FF000084FF000099FB34FF0E9
:10C24000000C25464FF0000ADFF8FCB0644619E008
:10C2500028F020F980468946304628F0B1F8424659
:10C260004B4627F061FF5246804689465B46DDE932
:10C2700000013CB328F038FACDE90001A44615F8D6
:10C28000017F7FB1A7F13006092E52465B4640463A
:10C290004946DDD9CCB92E2F17D115F8017F0124DD
:10C2A000002FEFD12C4642464B46DDE9000128F035
:10C2B000F1F880468946039B404649461C6005B01C
:10C2C000BDE8F08F4FF0010CD9E72C46BCF1000F10
:10C2D00029D042464B46DDE9000128F0DBF807F0A3
:10C2E000DF07452F80468946E5D10399681C0A225D
:10C2F00027F0E8FE14490246002028F02BFC0246F5
:10C300000B464046494628F0C5F8804689464046D7
:10C31000494605B0BDE8F08F9FED097B67788DED4C
:10C32000007B013486E7DFF824904FF00008404698
:10C33000494605B0BDE8F08F000000000000F03F66
:10C34000000000000000F0BF000024400000F87F63
:10C350002DE9F0470023144600228046894628F044
:10C360000BFB28B109F1004399462D2323700134BA
:10C37000002200234046494628F0F4FA28B1302232
:10C38000002322706370BDE8F0874046494625F0DF
:10C39000D1FB28F02FFB73A3D3E9002307464946BE
:10C3A000404628F0E9FA00284ED170A3D3E90023D3
:10C3B0004046494628F0FEFA002845D10E2F07F1E5
:10C3C000010540F3B980A7F10E063246002062490C
:10C3D00028F0C0FB02460B464046494628F084F947
:10C3E00000225E4B27F0A0FE28F0F0FB002DA7F105
:10C3F0000F0E4FF0010C4DDD594FDFF8788101220F
:10C4000045F6F3294FF02E0A494508BF40454FF045
:10C4100030030AD3B0EB080061EB0901494508BFBE
:10C42000404503F10103F5D2DBB2237050EA01036A
:10C4300004F101084AD1954252DD0132102A4FD051
:10C44000444677E90289DFE7002F33DB3A460020D4
:10C45000414928F07FFB02460B464046494628F0FA
:10C4600043F93BA3D3E900238046894601250026F2
:10C470004046494628F00EF80022384B27F054FE7B
:10C4800028F0A4FB002DBC464FF0FF3E37464FF08E
:10C490000006B1DC234630224FF02E0803F8022BB1
:10C4A00084F80180FC4345D01C4403F8012BA342CF
:10C4B000FBD1A1E77A420020274928F04BFB024636
:10C4C0000B464046494627F0E5FFCAE7954202F190
:10C4D000010204BF84F801A004F10208102AAFD1C0
:10C4E0006EB14246302102F8011BC2F101037344D0
:10C4F0004344002BF7DC2EEAEE7301339844BCF181
:10C50000010F12D0BCF1000F4FF0650388F8003026
:10C51000C5BF2B2388F8013008F1010108F10201A1
:10C520006046BDE8F04713F0A1B9002388F8003059
:10C53000BDE8F0871C465FE7C7F10E020020064900
:10C5400028F008FB3E4602460B46012790E700BF55
:10C550000000901EC4BCD642000024400000E03F12
:10C56000785804008DEDB5A0F7C6B03E50EFE2D686
:10C57000E41A4B4400407A1070B54FF0FF3005F0DC
:10C5800055FF04466FF07F4005F050FF06462046F9
:10C5900027F006FF00220C4B27F07CFF04463046B4
:10C5A0000D4627F0FDFE06A3D3E9002328F09CF8F2
:10C5B00002460B462046294627F0B6FD70BD00BF57
:10C5C0000000E0DFFFFF6F430000F03D00000000CF
:10C5D0002DE9F843036B044618680D4627F002FF67
:10C5E000064668680F4668B327F0EAFE25F0A2FA0F
:10C5F000236B95ED037AD3ED007A77EE677A804668
:10C60000894617EE900A27F0EDFE42464B4627F08A
:10C6100041FF10A3D3E9002328F066F83B463246D9
:10C6200027F082FD28F02EFA07EE900AF5EEC07A88
:10C63000F1EE10FA4FF0000354BFC4ED137AE36437
:10C64000BDE8F88300200249D0E700BFAFF30080C7
:10C650000000F03F333333333333FF3F000000003B
:10C660004389DA0700F10B822DE9F04F43F0010313
:10C670004FF080424381D2F80034BD4A9BB005465A
:10C680000B92002B00F0EA81136801331360002441
:10C69000092217A905F5D060CDE917448DF864404B
:10C6A0001DF05CF805F1B8031E460A9310F07AFA03
:10C6B0002146284611F04CFB3046AE4C13F0C4FB2B
:10C6C00004F1F00654F8043F184613B11B681B68C8
:10C6D0009847A642F6D1284609F0F2FCA64B0A9EDE
:10C6E0000024CDE9133413AB93E8030010238DE845
:10C6F00003002246029340F2FD312B46304611F0F2
:10C70000D3FA9E4BCDE9153415AB93E80300C02353
:10C710008DE80300029364222B4640F2FD3130463F
:10C7200011F0C2FA6889964BA0216022802640F45D
:10C73000C040E024688183F8094383F80A13402449
:10C7400083F81A2383F81B2383F8071383F81C1339
:10C7500083F8216383F8222305F6540283F80163EA
:10C7600005F5F9601646079283F8024383F80643FD
:10C770000AF004FA8349304616F0C6FC824907469F
:10C78000304616F0C1FC2B68804A5B6809909342E2
:10C7900040F07181642013F08DFD0B9B4FF0000A77
:10C7A0001B68089305F10C0B0FF2B419D9E9008945
:10C7B00054465B465646A3469A46089B032B00F018
:10C7C000938005F6141016F0B3FB002840F0A28009
:10C7D000002F00F0DD80FF233246214605F6B4002D
:10C7E00019F09EF92B685B681420684A934240F068
:10C7F0008D8013F05FFD0134E4B2052C0BF1010BC9
:10C8000002D1731CDEB20024BBF1190F00F091803D
:10C81000002FD2D05B49079816F0AAFD384628F0C1
:10C8200071FB099828F06EFB0B9A0023136009F046
:10C8300091FC01460DA819F0F5FC1CF029FF4246B9
:10C840004B46CDE9040128F06DF90FA8114619F007
:10C85000D5FC42464B46DDE9040128F063F9424627
:10C860004B4628F05FF910AB1146184619F0C6FC8C
:10C870003DA3D3E90023DDE9040128F053F9014683
:10C8800011A819F0BBFC10AA11A912A819F058FDA3
:10C890000FAA12A90EA819F053FD12A819F08EFCC8
:10C8A00011A819F08BFC10A819F088FC0FA819F03A
:10C8B00085FC079A01230DA9CDE9002350460A9B68
:10C8C0000EAA0EF069FA0EA819F078FC0DA819F05E
:10C8D00075FC05F6141205F6A40150460EF022F878
:10C8E000089B032B7FF46DAFBBF1180F25DCFF23F2
:10C8F0003246214605F6B40019F012F92B68234A96
:10C900005B6893424FF00A003FF473AF014628463C
:10C91000984770E705F6381016F00AFB00283FF438
:10C9200057AFBBF1180F7FF756AF002F7FF453AF0F
:10C9300005E0002F3FF472AF6CE7002FD7D1099BC1
:10C9400053B3FF233246214605F6B40019F0E8F848
:10C95000089A2B68032A14BF14200A205B6844E756
:10C9600000CA9A3B00000000000064A7B3B6E00DC7
:10C97000302000209C3A002089D8020075D802009F
:10C9800000E100E05C6B0400186D040025D8020093
:10C99000099B002B7FF41FAF09F0DCFB01460DA8BB
:10C9A00019F040FC1CF074FE39A3D3E900230646BD
:10C9B0000F4628F0B7F80FA8114619F01FFC34A352
:10C9C000D3E900233046394628F0ACF830A3D3E948
:10C9D000002328F0A7F810A8114619F00FFC2EA389
:10C9E000D3E900233046394628F09CF8014611A8C7
:10C9F00019F004FC10AA11A912A819F0A1FC0FAAA1
:10CA000012A90EA819F09CFC12A819F0D7FB11A8C6
:10CA100019F0D4FB10A819F0D1FB0FA819F0CEFB28
:10CA20000024079B00930EAA0A9B01940DA950466F
:10CA30000EF0B2F90EA819F0C1FB0DA819F0BEFB5B
:10CA400010F0ECFE2B68104A5B6893420CD10A2070
:10CA500013F030FC20461BB0BDE8F08F4FF47A7025
:10CA6000136013F0A5FF12E628460A2198472046D6
:10CA70001BB0BDE8F08F6421284698478DE6034837
:10CA8000704700BFAFF3008025D8020016FCFFFFFF
:10CA900000CA9A3B00000000000064A7B3B6E00D96
:10CAA0002DE9F04F2DED028B044683B0C06827F0CE
:10CAB00087FC80462069894627F082FC82466069AF
:10CAC0008B4627F07DFC024601F1004306460F46E7
:10CAD0004046494624F0E2FE27F0D4FFE0620546D6
:10CAE00024F094FD0190284624F044FD019B054666
:10CAF000184627F077FC42464B4627F0CBFC804691
:10CB00002846894627F06EFC32463B4627F0C2FC99
:10CB100002460B464046494627F004FB02460B46B8
:10CB20005046594624F0BAFE27F0ACFF002208EE2A
:10CB3000100A00233046394627F03CFF28B3B5EEF3
:10CB4000C08AF1EE10FA1CDD11A7D7E9006718EED4
:10CB5000100A27F047FC02460B463046394627F0BC
:10CB6000E1FA32463B4627F0DFFA27F08BFFA0625E
:10CB7000E38843F00203E38003B0BDEC028BBDE821
:10CB8000F08F05A7D7E90067E1E784ED0A8AEFE7B0
:10CB9000EA2E4454FB21F93FEA2E4454FB21F9BF0D
:10CBA00008B514F01BF9DFED0C7A07EE100A67EEFA
:10CBB000277A17EE900A27F015FC05A3D3E9002386
:10CBC00027F092FD27F016FF08BD00BFAFF30080ED
:10CBD000EA2E4454FB2119400000B4430000000039
:10CBE00008B514F009F9DFED0C7A07EE100A67EECC
:10CBF000277A17EE900A27F0F5FB05A3D3E9002367
:10CC000027F072FD27F0F6FE08BD00BFAFF30080ED
:10CC1000EA2E4454FB2119400000B44300000000F8
:10CC200070B52DED068B044684B0406CDFED34AA60
:10CC300014F0E2F80646606C14F0D0F802222146A7
:10CC4000054601A814F0F8F9DDED027AB8EEE78A9E
:10CC5000DDED037A3046B8EEE79A24F0D7FC0AEE11
:10CC6000100A304624F086FC09EE900A284624F08B
:10CC7000CDFC08EE900A284624F07CFC68EE287A69
:10CC80009DED017A06EE900AB8EEC77A67EE8A7AD1
:10CC900029EEC88AE7EE267A69EE288AA9EE0A8A82
:10CCA000E8EEA97A18EE101A17EE900A25F086F829
:10CCB00007EE900A67EEAA7A17EE900A27F092FB29
:10CCC0000DA3D3E9002327F00FFD27F0DBFEDFEDF6
:10CCD0000D7A07EE100A77EEC77AF5EEC07AF1EE1C
:10CCE00010FA48BF77EEAA7AFDEEE77A17EE900ABF
:10CCF00004B0BDEC068B70BDEA2E4454FB211940F4
:10CD00000000B4430000B44200B585B001220146E2
:10CD100001A814F091F9DDED027AF8EEE77A17EE4A
:10CD2000901ADDED017AF8EEE77A17EE900A25F019
:10CD300045F8DFED137A07EE100A67EE277A17EE53
:10CD4000900A27F04FFB0CA3D3E9002327F0CCFC7B
:10CD500027F098FE07EE900AF5EEC07AF1EE10FA91
:10CD600044BF9FED087A77EE877AFDEEE77A17EEFB
:10CD7000900A05B05DF804FBEA2E4454FB210940FB
:10CD8000000034430000B443494A21F00043934279
:10CD90002DE9704304460D4649DC464A93420E464F
:10CDA0000EDC3FA3D3E9002327F0BEF90022424B5B
:10CDB00027F000FE00284AD020462946BDE87083AF
:10CDC0003E4A934239DCB3F1804F40DD24F0C0FA93
:10CDD0002246804689462B462046294627F05AFBA4
:10CDE0000022354B27F0A0F925F060FB42464B4668
:10CDF00027F09AF902460B4600202F4927F074FCD1
:10CE0000424604460D464B464046494627F08CF9BB
:10CE100002460B462046294627F086F901F0A0FE7F
:10CE2000002E08DC01F100431946BDE8708302467C
:10CE30000B4627F079F9BDE8708324F089FA01F0F8
:10CE40008FFE19A3D3E9002327F06EF9E8E7224605
:10CE50002B462046294627F01DFB80468946204662
:10CE6000294624F075FA002204460D46124B40462E
:10CE7000494627F059F925F019FB00220E4B27F0FF
:10CE800053F902460B464046494627F02DFC224600
:10CE90002B4627F049F900F0A7FAC1E7AFF300806D
:10CEA0009C7500883CE4377EEF39FAFE422EE63F5F
:10CEB000FFFFEF7FFFFF2F3E0000F03F0000B0417B
:10CEC0002DE9F84FBE4B21F000469E4204460D4628
:10CED0008A460EDDBB4B9E4200F3B18000F0AC8071
:10CEE000BAF1000F40F3EA8099A1D1E90001BDE851
:10CEF000F88FB54B9E4200F3BA80A3F1DE739E42D9
:10CF000040F3A5804FF0FF3B22462B4620462946A2
:10CF100027F0C0FA02460B468046894627F0BAFA47
:10CF20008DA3D3E9002306460F4627F0B3FA8CA35E
:10CF3000D3E9002327F0F8F832463B4627F0AAFA57
:10CF400089A3D3E9002327F0EFF832463B4627F0C8
:10CF5000A1FA87A3D3E9002327F0E6F832463B463F
:10CF600027F098FA84A3D3E9002327F0DDF83246AE
:10CF70003B4627F08FFA82A3D3E9002327F0D4F8A9
:10CF800042464B4627F086FA7FA3D3E9002380462A
:10CF900089463046394627F07DFA7DA3D3E9002340
:10CFA00027F0C0F832463B4627F074FA7AA3D3E95B
:10CFB000002327F0B7F832463B4627F06BFA78A3F8
:10CFC000D3E9002327F0AEF832463B4627F062FA59
:10CFD00075A3D3E9002327F0A5F832463B4627F096
:10CFE00059FA02460B464046494627F09DF822462C
:10CFF0002B4627F04FFABBF1FF3F02460B4661D0AC
:10D00000724B734E4FEACB0B5B44D3E9002327F0FE
:10D0100089F822462B4627F085F8B34402460B4692
:10D02000DBE9000127F07EF8BAF1000F0DDA01F11B
:10D0300000431946BDE8F88F00283FF451AF22465F
:10D040002B462046294627F06FF8BDE8F88F58A3F5
:10D05000D3E9002327F068F800225E4B27F0AAFCF2
:10D0600000283FF44FAF20462946BDE8F88F24F052
:10D070006FF9594B9E4204460D4629DCA3F5502317
:10D080009E424EDC02460B4627F04EF80022514BE2
:10D0900027F048F8002206460F464FF0804320460E
:10D0A000294627F041F802460B463046394627F01C
:10D0B0001BFB4FF0000B04460D4625E73EA1D1E9CE
:10D0C0000001C2E72046294627F02CF8BDE8F88F7A
:10D0D000424B9E421ADC0022414B27F023F80022EB
:10D0E00006460F463E4B2046294627F0D3F900223C
:10D0F000384B27F019F802460B463046394627F0E0
:10D10000F3FA4FF0020B04460D46FDE602460B46CD
:10D110000020344927F0E8FA4FF0030B04460D468F
:10D12000F2E600222B4B26F0FDFF002206460F46BA
:10D13000284B2046294626F0F7FF02460B4630468C
:10D14000394627F0D1FA4FF0010B04460D46DBE6D5
:10D15000182D4454FB21F93F11DA22E33AAD903FF8
:10D16000EB0D76244B7BA93F513DD0A0660DB13F1E
:10D170006E204CC5CD45B73FFF8300922449C23F86
:10D180000D5555555555D53F2F6C6A2C44B4A2BF4B
:10D190009AFDDE522DDEAD3F6D9A74AFF2B0B33F13
:10D1A000711623FEC671BC3FC4EB98999999C93F8B
:10D1B0009C7500883CE4377E182D4454FB21F9BF50
:10D1C000FFFF0F440000F07FFFFFDB3FA05804008B
:10D1D000805804000000F03FFFFFF23FFF7F034054
:10D1E0000000F83F0000F0BF2DE9F041C1F30A57FD
:10D1F000A7F2FF35132D02460B460C46884606461D
:10D2000020DC002D4ADB364F2F4101EA070C5CEA97
:10D21000000C1CD030A3D3E9002326F085FF0022A8
:10D22000002327F0C7FB48B1002C04DD4FF4801326
:10D2300043FA05F5A84428EA0704002621463046AB
:10D24000BDE8F081332D06DDB5F5806F38D010468E
:10D250001946BDE8F081A7F213474FF0FF3C2CFAC6
:10D2600007F70742F3D01CA3D3E9002326F05CFFA5
:10D270000022002327F09EFB0028DFD0002C09DDD0
:10D28000142D22D00123C5F1340503FA05F5AE199A
:10D2900028BF984426EA07064446CFE70EA3D3E901
:10D2A000002326F041FF0022002327F083FB002803
:10D2B000C4D0002C0CDB264305D00026094CBDE76A
:10D2C00026F032FFC5E73446B8E704F10108E1E78C
:10D2D00000264FF00044B1E79C7500883CE4377E9F
:10D2E000FFFF0F000000F03F2DE9F041C1F30A57A6
:10D2F000A7F2FF35132D02460B460C46884606461C
:10D300001DDC002D3CDB364F2F4101EA070C5CEAA7
:10D31000000C19D030A3D3E9002326F005FF00222A
:10D32000002327F047FBC8B3002C04DA4FF4801326
:10D3300043FA05F5A84428EA070400262EE0332D19
:10D3400006DDB5F5806F2DD010461946BDE8F08199
:10D35000A7F213474FF0FF3C2CFA07F70742F3D030
:10D360001DA3D3E9002326F0DFFE0022002327F0CF
:10D3700021FB98B1002C21DB26EA070644460DE08C
:10D3800015A3D3E9002326F0CFFE0022002327F0C7
:10D3900011FB18B1002C08DB00263446214630462C
:10D3A000BDE8F08126F0C0FED0E724F000430D4A2E
:10D3B0001E43002E18BF14460026EFE7142D08D098
:10D3C0000123C5F1340503FA05F5AE1928BF9844C9
:10D3D000D2E704F10108CFE79C7500883CE4377E72
:10D3E000FFFF0F000000F0BF2DE9F04FD84B99422E
:10D3F00087B08046894643DDD64B99420E4600F3FE
:10D40000F480D54B994240F32D819FEDBB7B8DED90
:10D41000047B4FEA215A0446AAF2FF3ACF4BC6F3E7
:10D4200013069E4246F07F5500F3128145F44015E5
:10D43000204629460022CA4B26F074FE00220446EC
:10D440000D46C84B27F026F822462B4627F022F837
:10D45000A046CDE90201A946CDE90001002E3AD14E
:10D46000002200232046294627F07CFA002800F0FD
:10D470001B81BAF1000F40F0858100200021B8E047
:10D48000B94B21F000449C420A460FDD0022B74B05
:10D4900027F068FA002800F0AF8000220023002067
:10D4A000B34927F021F907B0BDE8F08FB14B9C429A
:10D4B00040F3AF80B04B1A449A4240F2D38000222E
:10D4C000A84B26F0E7FF42464B4626F0E3FFCDE9A6
:10D4D00000014FF0000A00224FF0804340464946C9
:10D4E00026F022FE02460B464046494627F0FCF84D
:10D4F00002460B4606460F4626F0CCFF80A3D3E932
:10D50000002304460D4626F0C5FF7FA3D3E9002380
:10D5100026F00AFE22462B4626F0BCFF7CA3D3E968
:10D52000002326F001FE22462B4626F0B3FF7AA305
:10D53000D3E9002326F0F8FD22462B4626F0AAFF69
:10D5400077A3D3E9002326F0EFFD22462B4626F0F1
:10D55000A1FF75A3D3E9002326F0E6FD22462B4662
:10D5600026F098FF72A3D3E9002326F0DDFD2246C2
:10D570002B4626F08FFFDDE9002326F0D5FD32464D
:10D580003B4626F087FF04460D46BAF1000F00F037
:10D59000A880504626F014FF67A3D3E900238246F3
:10D5A0008B4626F077FF66A3D3E9002306460F4695
:10D5B0005046594626F06EFFDDE9042326F0B4FDFF
:10D5C00022462B4626F0B0FD02460B46DDE900015F
:10D5D00026F0A8FD42464B4626F0A4FD02460B4627
:10D5E0003046394626F09EFD03E002460B4626F003
:10D5F0009BFD07B0BDE8F08F42464B46404649468A
:10D6000026F090FD02460B4627F06EF807B0BDE805
:10D61000F08F0022594B26F087FD0022002327F0CF
:10D62000C9F910B1564B9C4262DD42464B4640461A
:10D63000494626F02FFF00224A4B26F02BFF0246D8
:10D640000B464046494626F06DFD07B0BDE8F08F19
:10D6500045F40015C6F5801620462946B6100AF195
:10D66000010AE7E600223E4B4046494626F05CFDB3
:10D670004FEA215AAAF2FF3ABAF1000F04460D46CA
:10D680000E4640F3BD8042464B4626F04BFD024617
:10D690000B460020324926F045FD22462B4627F056
:10D6A00023F8CDE90401B9E627A3D3E900232046F6
:10D6B000294626F0EFFE02460B460020284926F0B8
:10D6C00031FDDDE9022326F0E5FE06460F46BAF1FC
:10D6D000000F75D102460B462046294626F022FD52
:10D6E00087E702460B46DDE9000126F01BFDA6E7B1
:10D6F000404649467DE700BF0000000000000000F2
:10D7000044523EDF12F1C23F9FC678D0099AC33F10
:10D71000DE03CB966446C73FAF788E1DC571CC3F04
:10D72000599322942449D23F04FA97999999D93F61
:10D73000935555555555E53F0000E0FE422EE63F16
:10D74000763C7935EF39EA3D555555555555E53F08
:10D750007982DA3FFFFFEF7FFFFF3F439DA0060086
:10D760000000F03F0000E03FFFFFEF3F0000F0BF90
:10D77000000050C3FFFF1F3E3C412D4000005043BE
:10D78000FFFF8F3C504626F01BFE24A3D3E9002365
:10D7900006460F4626F07EFEDDE9042326F0C4FC93
:10D7A00020A3D3E9002304460D463046394626F02F
:10D7B00071FE02460B462046294626F0B5FC18E7C6
:10D7C000504626F0FDFD17A3D3E9002382468B4681
:10D7D00026F060FE11A3D3E9002380468946504617
:10D7E000594626F057FEDDE9042326F09DFC02464B
:10D7F0000B463046394626F095FC22462B4674E708
:10D800000022054B26F08EFC02460B464046494658
:10D8100026F088FC41E700BF0000F03F763C7935F8
:10D82000EF39EA3D0000E0FE422EE63F0000000036
:10D8300008B524F001F904A3D3E9002326F054FF2E
:10D8400008BD00BFAFF30080EF39FAFE422EE63F7D
:10D850002DE9F043DFF8B4808BB004460D4600F0AC
:10D8600057FF98F90030013306460F462CD0224668
:10D870002B462046294627F0A7F8814620BB2046A4
:10D88000294623F065FD1FA3D3E9002327F092F872
:10D89000D0B1194A98F90030CDF820900321CDE994
:10D8A0000445CDE90245CDE9001293B113490020AA
:10D8B000022BCDE9060111D126F0ACFB2223036037
:10D8C000089B9BB9DDE90667304639460BB0BDE8D9
:10D8D000F0830B4B4FF06042CDE90623684626F0FB
:10D8E00045F80028E8D0089B002BEBD026F092FBEF
:10D8F000089B0360E6E700BFA08004000000F07F03
:10D90000FFFFEF477DF8B98FCE33864036230020E6
:10D910002DE9F043DFF8E4808BB004460D4600F0BB
:10D92000A7FF98F90030013306460F4633D0204652
:10D93000294626F015F870B32CA3D3E9002320461E
:10D94000294627F037F8814650BB2AA3D3E90023A4
:10D950002046294627F010F8E8B198F90030204A0F
:10D96000CDF82090002000210426022BCDE90445AB
:10D97000CDE902450096CDE90601019229D068461D
:10D9800025F0F4FF28B3089B1BB126F043FB089B4E
:10D990000360DDE90667304639460BB0BDE8F08329
:10D9A0000F4A98F90030019203210022CDE9044585
:10D9B000CDE90245009108922BB90A4B4FF0604225
:10D9C000CDE90623DBE708490020022BCDE906015B
:10D9D000D5D126F01FFB22230360D4E7AFF30080EC
:10D9E000A8800400FFFFEF470000F07FEF39FAFE48
:10D9F000422E864051302DD5104987C03623002055
:10DA00002DE9F84FC44E21F00043B34204460D46C1
:10DA10000DDD03F1404303F58013034340F0B9806B
:10DA2000002940F3408100200021BDE8F88FBB4E63
:10DA3000B34208DCBA4A934200F3B5809CA1D1E915
:10DA40000001BDE8F88F0029C0F2708102460B4644
:10DA50000020B44926F066FB0022B34B26F01AFDE5
:10DA600004460D4624F022FD93A3D3E90023894602
:10DA700080462946204626F00DFD91A3D3E90023D8
:10DA800026F052FB22462B4626F004FD8EA3D3E956
:10DA9000002326F047FB22462B4626F0FBFC8CA3F6
:10DAA000D3E9002326F040FB22462B4626F0F2FC69
:10DAB00089A3D3E9002326F035FB22462B4626F026
:10DAC000E9FC87A3D3E9002326F02EFB22462B4650
:10DAD00026F0E0FC84A3D3E9002382468B4620464F
:10DAE000294626F0D7FC82A3D3E9002326F01AFBAF
:10DAF00022462B4626F0CEFC7FA3D3E9002326F056
:10DB000013FB22462B4626F0C5FC7DA3D3E9002358
:10DB100026F008FB22462B4626F0BCFC0022814B57
:10DB200026F002FB02460B465046594626F0DCFD25
:10DB300042464B4626F0AEFC002682468B463246D5
:10DB40004B463046494626F0A5FC02460B46204689
:10DB5000294626F0E7FA324604460D464B46404633
:10DB6000494626F0E1FA02460B462046294626F0B1
:10DB7000BBFD02460B465046594626F0D5FA3246C2
:10DB80004B4626F0D1FA02460B4626F0CDFABDE808
:10DB9000F88F02460B4626F0C5FA02460B4626F0E1
:10DBA000A3FDBDE8F88F02460B4626F073FC42A3A6
:10DBB000D3E9002306460F4626F06CFC40A3D3E9C8
:10DBC000002326F0B1FA32463B4626F063FC3EA322
:10DBD000D3E9002326F0A6FA32463B4626F05AFC4B
:10DBE0003BA3D3E9002326F09FFA32463B4626F0BA
:10DBF00051FC39A3D3E9002326F094FA32463B4680
:10DC000026F048FC36A3D3E9002326F08DFA3246ED
:10DC10003B4626F03FFC34A3D3E9002380468946E7
:10DC20003046394626F036FC31A3D3E9002326F0EE
:10DC300079FA32463B4626F02DFC2FA3D3E9002388
:10DC400026F072FA32463B4626F024FC2CA3D3E998
:10DC5000002326F067FA32463B4626F01BFC0022E2
:10DC6000304B26F061FA02460B464046494626F004
:10DC70003BFD22462B4626F00DFC02460B4622A118
:10DC8000D1E9000126F04EFA02460B46204629460D
:10DC900026F048FA02460B4605A1D1E9000126F01C
:10DCA00041FABDE8F88F1AA1D1E9000179E700BF78
:10DCB000182D4454FB21F93F09F7FD0DE13D023FCA
:10DCC00088B20175E0EF493F3B8F68B52882A43FD9
:10DCD0005544880E55C1C93F7D6FEB0312D6D43F22
:10DCE000555555555555C53F82922EB1C5B8B33FD0
:10DCF00059018D1B6C06E63FC88A599CE52A0040F5
:10DD00004B2D8A1C273A0340075C143326A6913C0E
:10DD1000182D4454FB210940FFFFEF3FFFFFDF3F79
:10DD20000000603C0000F03F0000E03F00225C4B40
:10DD300026F0FAF900225B4B26F0ACFB40A3D3E9B6
:10DD4000002304460D4626F0A5FB3FA3D3E900239C
:10DD500026F0EAF922462B4626F09CFB3CA3D3E9A9
:10DD6000002326F0DFF922462B4626F093FB3AA348
:10DD7000D3E9002326F0D8F922462B4626F08AFB69
:10DD800037A3D3E9002326F0CDF922462B4626F00F
:10DD900081FB35A3D3E9002326F0C6F922462B46A2
:10DDA00026F078FB804689462046294624F07EFBF3
:10DDB0002FA3D3E9002306460F462046294626F026
:10DDC00069FB2DA3D3E9002326F0ACF922462B46AC
:10DDD00026F060FB2AA3D3E9002326F0A5F922460A
:10DDE0002B4626F057FB28A3D3E9002326F09AF907
:10DDF00022462B4626F04EFB0022294B26F094F9B2
:10DE000002460B464046494626F06EFC32463B46EB
:10DE100026F040FB1EA3D3E9002326F083F9324607
:10DE20003B4626F081F902460B4626F07DF9024674
:10DE30000B4619A1D1E9000126F074F9B1E600BF43
:10DE400009F7FD0DE13D023F88B20175E0EF493F62
:10DE50003B8F68B52882A43F5544880E55C1C93F01
:10DE60007D6FEB0312D6D43F555555555555C53FDB
:10DE700082922EB1C5B8B33F59018D1B6C06E63FA7
:10DE8000C88A599CE52A00404B2D8A1C273A03403A
:10DE9000075C143326A6913C182D4454FB210940FD
:10DEA0000000F03F0000E03F414A91422DE9F84375
:10DEB00004460D4637DD3F4A91420B4608DD02F12C
:10DEC000795291423DDD024626F02EF9BDE8F883F5
:10DED00001F1404202F5801202432ED0B1F1804F91
:10DEE00037DC0022344B26F01DF902460B4604466F
:10DEF0000D4626F019F9224606460F462B462046C7
:10DF0000294626F0C7FA02460B463046394626F027
:10DF10000BF924F0CBFA22462B4626F005F9BDE892
:10DF2000F843FFF761BA02460B4626F0FBF80246BB
:10DF30000B4626F0D9FBBDE8F88300200021BDE8A0
:10DF4000F88300F00DFE18A3D3E9002326F0ECF8C7
:10DF5000F1E7024626F09EFA0022174B26F0E2F87F
:10DF600024F0A4FA2246804689462B4620462946BC
:10DF700026F0DAF8224606460F462B46404649462A
:10DF800026F0D2F802460B4600200B4926F0ACFBE7
:10DF90000B4602463946304626F0C4F8BDE8F84341
:10DFA00000F0DEBDAFF30080EF39FAFE422EE63F0F
:10DFB000FFFFEF3FFFFFAF410000F03F0000000018
:10DFC0002DE9F04FAE4B21F000479F4287B0044649
:10DFD0000D4611DD07F1404707F5801703463B4327
:10DFE00021D002460B4626F09DF802460B4626F04D
:10DFF0007BFB07B0BDE8F08FA24B9F420E4629DCA9
:10E00000B7F1795F80F2468181A3D3E9002326F03E
:10E010008BF800229C4B26F0CDFCD8B12046294637
:10E0200007B0BDE8F08F7CA3D3E9002326F032FAD5
:10E030007BA3D3E9002306460F462046294626F057
:10E0400029FA02460B463046394626F06DF807B0ED
:10E05000BDE8F08F2046294623F07AF902460B46A8
:10E060000020894926F05EF80022884B26F012FA3B
:10E070006DA3D3E9002304460D4626F00BFA6CA3EA
:10E08000D3E9002326F050F822462B4626F002FA68
:10E0900069A3D3E9002326F045F822462B4626F053
:10E0A000F9F967A3D3E9002326F03EF822462B4670
:10E0B00026F0F0F964A3D3E9002326F033F82246D2
:10E0C0002B4626F0E7F962A3D3E9002326F02CF8CB
:10E0D00022462B4626F0DEF95FA3D3E90023CDE9E3
:10E0E00000012046294626F0D5F95DA3D3E9002397
:10E0F00026F018F822462B4626F0CCF95AA3D3E98D
:10E10000002326F011F822462B4626F0C3F958A327
:10E11000D3E9002326F006F822462B4626F0BAF96A
:10E12000594B002226F000F882468B4620462946AD
:10E13000CDE902AB24F0BAF9554B9F42804689469F
:10E1400000F3198102460B4625F0EEFFDDE90223BC
:10E15000CDE90401DDE9000126F0C6FA02460B46CE
:10E16000DDE9040126F096F94FF0000ACDE900013F
:10E1700052464B465046494626F08CF902460B461D
:10E180002046294625F0CEFF524604460D464B4612
:10E190004046494625F0C8FF02460B462046294620
:10E1A00026F0A2FA02460B4625F0BEFF02460B46B9
:10E1B0001BA1D1E9000125F0B5FF02460B46DDE9C0
:10E1C000000125F0AFFF524604460D464B4650462F
:10E1D000494625F0A9FF02460B4627A1D1E90001D7
:10E1E00025F0A0FF02460B462046294625F09AFF5F
:10E1F00002460B4620A1D1E9000125F093FF002E35
:10E200003FF7F7AE01F100431946F2E6AFF30080A5
:10E210009C7500883CE4377E182D4454FB21F93F5F
:10E22000075C143326A6913C09F7FD0DE13D023F42
:10E2300088B20175E0EF493F3B8F68B52882A43F63
:10E240005544880E55C1C93F7D6FEB0312D6D43FAC
:10E25000555555555555C53F82922EB1C5B8B33F5A
:10E2600059018D1B6C06E63FC88A599CE52A00407F
:10E270004B2D8A1C273A0340182D4454FB21E93FBB
:10E28000FFFFEF3FFFFFDF3F0000F03F0000E03FF8
:10E290003233EF3F02460B4626F0FCF84BA3D3E99E
:10E2A000002306460F4626F0F5F84AA3D3E90023DB
:10E2B00025F03AFF32463B4626F0ECF847A3D3E977
:10E2C000002325F02FFF32463B4626F0E3F845A316
:10E2D000D3E9002325F028FF32463B4626F0DAF842
:10E2E00042A3D3E9002325F01DFF32463B4626F02A
:10E2F000D1F840A3D3E9002325F016FF32463B4670
:10E3000026F0C8F83DA3D3E900238046894630466D
:10E31000394626F0BFF83BA3D3E9002325F002FFDE
:10E3200032463B4626F0B6F838A3D3E9002325F061
:10E33000FBFE32463B4626F0ADF836A3D3E9002378
:10E3400025F0F0FE32463B4626F0A4F800221E4B94
:10E3500025F0EAFE02460B464046494626F0C4F93F
:10E3600022462B4626F096F822462B4625F0DCFE68
:10E3700007B0BDE8F08F52465B46DDE9000126F0AC
:10E38000B3F942464B4626F085F842464B4625F007
:10E39000CBFE02460B4625F0C7FE07A3D3E90023B8
:10E3A00025F0C0FE02460B4605A1D1E9000125F08B
:10E3B000B9FE24E7AFF30080075C143326A6913C36
:10E3C000182D4454FB21F93F0000F03F09F7FD0DE3
:10E3D000E13D023F88B20175E0EF493F3B8F68B5F0
:10E3E0002882A43F5544880E55C1C93F7D6FEB0379
:10E3F00012D6D43F555555555555C53F82922EB12D
:10E40000C5B8B33F59018D1B6C06E63FC88A599CBD
:10E41000E52A00404B2D8A1C273A034000000000EB
:10E420002DE9F84F1D465342134325F00049DFF80C
:10E43000C8C149EAD3736345144606460F4626D839
:10E44000C0F1000848EA000821F0004A4AEAD878FA
:10E45000E04503468B461AD805F1404808F5801878
:10E4600058EA0208AE4643D04FEAA57808F0020801
:10E470005AEA030348EAD17811D1B8F1020F55D016
:10E48000B8F1030F09D14AA1D1E9000105E03246F4
:10E490003B462046294625F047FEBDE8F88F59EA5D
:10E4A000020329D0E1452ED0E24525D0AAEB090987
:10E4B0004FEA2959B9F13C0F3CDC002D3EDA19F145
:10E4C0003C0F3BDA00200021B8F1010F4ED0B8F12B
:10E4D000020F3ED0B8F1000FDFD037A3D3E90023FD
:10E4E00025F020FE36A3D3E9002325F01BFED4E758
:10E4F000BDE8F84FFEF7E4BCBBF1000F12DB32A120
:10E50000D1E90001C9E7CA4534D0B8F1020F0DD0F6
:10E51000B8F1030FB7D0B8F1010F4FF0000036D0BB
:10E520000021BAE72AA1D1E90001B6E724A1D1E987
:10E530000001B2E724A1D1E90001C5E722462B463C
:10E540003046394626F0D0F822F002FFFEF7B8FC3C
:10E55000BAE719A3D3E9002325F0E4FD02460B46F0
:10E5600017A1D1E9000125F0DDFD96E701F1004397
:10E57000194692E7B8F1020F14D0B8F1030F0DD08D
:10E58000B8F1010F06D014A1D1E9000185E74FF0E1
:10E59000004182E712A1D1E900017EE712A1D1E991
:10E5A00000017AE712A1D1E9000176E7AFF300801C
:10E5B000182D4454FB2109C0075C143326A6A13C46
:10E5C000182D4454FB210940182D4454FB21F93FD8
:10E5D000182D4454FB21F9BF182D4454FB21E93F69
:10E5E000182D4454FB21E9BFD221337F7CD902C0CE
:10E5F000D221337F7CD902400000F07F0000000070
:10E6000043422DE9F047034321F000463C4A46EAE5
:10E61000D373934204460D462AD8964240D0394BD4
:10E620009E428A462EDD384B9E4235463FDD3346BC
:10E630000246314625F078FD224606460F462B4617
:10E6400000202F4925F06EFD02460B463046394624
:10E6500026F04AF8FEF7C8FE00222C4B25F01AFFE0
:10E66000BAF1000F0CDA01F100431946BDE8F0875A
:10E6700002460B4625F056FD02460B4626F034F8BE
:10E68000BDE8F0871CA3D3E9002325F04DFD00224F
:10E69000002326F08FF948B120462946BDE8F087CF
:10E6A0000022002326F020F8BDE8F08735462246F8
:10E6B0002B462046294625F037FD22462B460646A6
:10E6C0000F4625F0E7FE2246804689462B4600206D
:10E6D0000B4925F027FD02460B464046494626F0E9
:10E6E00003F832463B4625F01FFDFEF77DFE002273
:10E6F000064B25F0CFFEB3E79C7500883CE4377EDF
:10E700000000F03FFFFF2F3EFFFFDF3F0000E03F34
:10E710002DE9F8434E4B21F000449C4206460F463B
:10E720001BDC4C4B9C4222DD4B4B9C4254DD4B4B43
:10E730009C4246DD4A4B9C426FDD01339C4269D0CE
:10E7400041A3D3E900231046194625F0A3FE06464F
:10E750000F4630463946BDE8F88302460B4625F0A1
:10E7600099FE06460F4630463946BDE8F88322F04A
:10E77000EFFD01F0F9FE00223A4B8046894625F074
:10E78000D3FCB4F1725F06460F46ECDB42464B46C3
:10E790004046494625F07EFE32463B4604460D463D
:10E7A0003046394625F0C0FC02460B462046294635
:10E7B00025F09AFF00222B4B25F0B6FC06460F46AB
:10E7C000D1E722F0C5FD00F053F80022264B25F0DA
:10E7D00061FE06460F46C6E722F0BAFD00F048F893
:10E7E0000022214B06460F4625F054FE32460446D1
:10E7F0000D463B4600201C4925F076FF02460B469D
:10E800002046294625F090FC06460F4630463946FC
:10E81000BDE8F883154B984292D83046394622F02D
:10E8200097FD0022104B25F035FE00F021F8002264
:10E8300004460D460C4B25F02DFE22462B4625F0B6
:10E8400029FE06460F468EE79C7500883CE4377E1D
:10E85000FFFFEF7F422ED63FFFFF3540412E86401F
:10E86000CD3386400000F03F0000E03F7DF8B98FD7
:10E870002DE9F047B04F21F00042BA4284B004467F
:10E880000D464FEAD17610D9AC4FBA4240F28A8099
:10E89000C1F313030343024640F0F180002E7ED003
:10E8A0000020002104B0BDE8F087A54B9A4200F299
:10E8B000B680A44B9A4240F2D1804FF0000A224623
:10E8C0002B462046294625F0E5FD85A3D3E9002304
:10E8D00006460F4625F0DEFD83A3D3E9002325F08D
:10E8E00021FC32463B4625F0D5FD81A3D3E9002328
:10E8F00025F01AFC32463B4625F0CCFD7EA3D3E939
:10E90000002325F00FFC32463B4625F0C3FD7CA3D7
:10E91000D3E9002325F008FC32463B4625F0BAFD3A
:10E9200002460B462046294625F0FCFB02460B46D4
:10E9300006460F462046294625F0ACFD804689460E
:10E94000BAF1000F00F0AB8032463B4600204FF09A
:10E95000804125F0E7FB02460B464046494625F03C
:10E96000C3FE02460B46DDE9020125F0DBFBDDE9D3
:10E97000002325F0D7FB0B4602467349002025F003
:10E98000D1FB6FF47F739A4580F2A3800AF57A7AFF
:10E9900001EB0A5100224FF0B87325F07BFD04B063
:10E9A000BDE8F08758A3D3E9002326F003F8002838
:10E9B0006BD157A3D3E900232046294625F0DCFF7D
:10E9C00000287FF46DAF614953A3D3E9002301EB25
:10E9D000C6062046294625F05DFDD6E9002325F030
:10E9E000A3FB26F007F8824625F0EAFC4CA3D3E906
:10E9F000002306460F4625F04DFD02460B462046F5
:10EA0000294625F08FFB48A3D3E90023CDE9000177
:10EA10003046394625F03EFDCDE9020115E04C4B6C
:10EA20009A42D0D84B4BF4002344D3E9002325F07D
:10EA300079FB494B234493ED007BCDE900018DED3B
:10EA4000027BC6F1010AAAEB060ADDE90223DDE931
:10EA5000000125F067FB04460D4630E734A3D3E9F7
:10EA6000002325F061FB0022374B25F0A3FFA8B35C
:10EA7000204629460022344B25F056FB8FE70B46F3
:10EA800025F052FB04B0BDE8F08729A3D3E90023A9
:10EA90001046194625F0FEFC04B0BDE8F08730466C
:10EAA000394600224FF0804325F03CFB02460B46DE
:10EAB0004046494625F018FE22462B4625F032FBFB
:10EAC00002460B460020204925F02CFB04B0BDE88F
:10EAD000F08701EB0A5104B0BDE8F0878246EEE60C
:10EAE000D0A4BE726937663EF16BD2C541BDBB3E54
:10EAF0002CDE25AF6A56113F93BDBE166CC1663F32
:10EB00003E5555555555C53FEF39FAFE422E8640C4
:10EB100051302DD5104987C0FE822B654715F73F30
:10EB20000000E0FE422EE63F763C7935EF39EA3DC3
:10EB30009C7500883CE4377E412E8640FFFFEF7FC6
:10EB4000422ED63FFFFF2F3E0000F03FC05804008A
:10EB5000B1A2F03FD0580400E058040000000000CB
:10EB60002DE9F04FB1F5801F85B006460F460B46E4
:10EB700080F2D08021F00042024300F0DA800029C8
:10EB8000C0F2E9800022D64B25F084FCD54A0B4622
:10EB9000934206460F466FF0350E00F3C180C3F373
:10EBA000130505F5152C0CF6647C0CF4801C8CF018
:10EBB0007F5282F440121C1542EA0507A4F2FF348A
:10EBC00074440022C84B3046394604EB1C5425F0EF
:10EBD000A9FAAB1CC3F31303022B82468B464FF0FA
:10EBE000000240F3AF804FF0804325F09DFA0246CB
:10EBF0000B465046594625F077FD064620460F46FF
:10EC000025F0DEFB3246CDE902013B46304639466F
:10EC1000CDE9006725F03EFC02460B46804689465A
:10EC200025F038FC9AA3D3E9002306460F4625F0C9
:10EC300031FC99A3D3E9002325F076FA32463B460E
:10EC400025F028FC96A3D3E9002325F06DFA32467F
:10EC50003B4625F01FFC94A3D3E9002325F064FA7A
:10EC600042464B4625F016FC91A3D3E9002380468B
:10EC700089463046394625F00DFC8FA3D3E90023A1
:10EC800025F052FA32463B4625F004FC8CA3D3E92A
:10EC9000002325F049FA32463B4625F0FBFB0B46A4
:10ECA00002464946404625F03FFAA5F5C223C5F580
:10ECB000D725A3F27A4351351D43002D06460F4652
:10ECC00040F387800022894B5046594625F0E2FBED
:10ECD00052465B4625F0DEFB02460B4680468946DF
:10ECE0003046394625F020FADDE9002325F0D2FB35
:10ECF00006460F46002C40F0818002460B464046F7
:10ED0000494625F00FFA02460B465046594625F073
:10ED100009FA0BE0734A93424FF0000E7FF73FAFC2
:10ED200032463B463046394625F0FEF905B0BDE88F
:10ED3000F08F0022002300206D4925F0D5FC05B09E
:10ED4000BDE8F08F002325F00DFE60B1002C7CD1D2
:10ED500000200021EAE7024625F0E4F90022002322
:10ED600025F0C2FCE2E758A3D3E9002350465946F8
:10ED700025F090FB02460B4600205C4925F0D2F9B5
:10ED8000524606460F465B465046594625F082FBE2
:10ED900002460B463046394625F07CFB06460F46B8
:10EDA0002CB3204625F00CFB49A3D3E90023804671
:10EDB000894625F06FFB48A3D3E9002304460D469E
:10EDC0004046494625F066FB02460B46304639462A
:10EDD0002CE002460B465046594625F0A3F9DDE9E2
:10EDE000002325F057FB06460F46002C47D132463C
:10EDF0003B465046594625F095F997E734A3D3E9A9
:10EE00000023DDE9020125F045FB33A3D3E900230C
:10EE100004460D46DDE9020125F03CFB32463B4647
:10EE200025F082F902460B464046494625F07AF91C
:10EE300052465B4625F076F902460B4620462946A7
:10EE400025F070F905B0BDE8F08F204625F0B8FA3E
:10EE50001FA3D3E9002306460F4625F01BFB1EA384
:10EE6000D3E9002304460D463046394625F012FB0F
:10EE700002460B462046294625F056F956E7DDE9BD
:10EE8000028913A3D3E900234046494691E700BF16
:10EE900044523EDF12F1C23FDE03CB966446C73FC9
:10EEA000599322942449D23F935555555555E53FE2
:10EEB0009FC678D0099AC33FAF788E1DC571CC3FED
:10EEC00004FA97999999D93F555555555555D53FB8
:10EED0000000E0FE422EE63F763C7935EF39EA3D10
:10EEE00000005043FFFFEF7F0000F03F0000E03FD5
:10EEF000000050C300000000B1F5801F2DE9F84369
:10EF000004460D460B4619DA21F00042024359D05F
:10EF100000295FDB00223A4B25F0BCFA394A0D4646
:10EF20002B46934204466FF035010CDD22462B46FA
:10EF30002046294625F0F8F8BDE8F883314A934287
:10EF40004FF00001F2DC1815A0F2FF3008444FEA40
:10EF5000D0794844C3F3130825F032FAC9F57F731A
:10EF6000033348EA035506460F4620462946FFF775
:10EF7000F7FD1DA3D3E90023804689463046394674
:10EF800025F088FA1AA3D3E9002304460D4640462B
:10EF9000494625F07FFA02460B462046294625F0D1
:10EFA000C3F815A3D3E9002304460D46304639467D
:10EFB00025F070FA02460B462046294625F0B4F8A3
:10EFC000BDE8F8830022002300200F4925F08CFBC8
:10EFD000BDE8F883024625F0A5F80022002325F0BD
:10EFE00083FBA9E7AFF30080362BF111F3FE593D07
:10EFF0000EE526157BCBDB3F00609F501344D33FCB
:10F0000000005043FFFFEF7F000050C300000000EE
:10F010002DE9F047CA4B21F000479F4290B080464F
:10F02000894640F38F80C74B9F420C46924626DCB0
:10F030000029B9A3D3E9002340F38F8025F072F8AB
:10F04000C14B9F4204460D4600F04781B4A3D3E96B
:10F05000002325F067F802460B46CAE90023204644
:10F06000294625F05FF8AEA3D3E9002325F05AF82E
:10F070000125CAE90201284610B0BDE8F087B34B6C
:10F080009F4240F38980B24B9F4200F31C813D15A3
:10F09000A5F21645A7EB055319461F46064625F06F
:10F0A000A9FC25F08DF98046894642464B463046FC
:10F0B0003946CDE90A8925F035F80022A54B25F01F
:10F0C000E9F98946804625F095FC25F079F9064650
:10F0D0000F4632463B4640464946CDE90C6725F08F
:10F0E00021F800229B4B25F0D5F900220023CDE921
:10F0F0000E0125F037FC002800F060810023304627
:10F100003946002225F02EFC002814BF01230223DB
:10F11000914A019202212A4600910AA8514600F024
:10F1200087FB002C054614DADAF80420DAF80C30F4
:10F1300002F1004203F100434542CAF80420CAF834
:10F140000C3006E000200021C2E90089C2E902017A
:10F150000025284610B0BDE8F08724F0E5FF7A4B83
:10F160009F4204460D4600F00B816DA3D3E90023B6
:10F1700024F0DAFF02460B46CAE90023294620465E
:10F1800024F0D0FF66A3D3E9002324F0CDFF4FF095
:10F19000FF35CAE90201DCE722F0DAF862A3D3E91D
:10F1A00000238046894625F075F900226B4B24F038
:10F1B000BBFF25F01FFC054625F002F956A3D3E955
:10F1C0000023CDE9060125F065F902460B464046CD
:10F1D000494624F0A7FF52A3D3E90023804689467D
:10F1E000DDE90601CDE9028925F054F91F2D02461B
:10F1F0000B46CDE9042340F3B380DDE90423DDE9C8
:10F20000020124F08FFF804689463F15C9F30A5357
:10F21000FB1A102B40F3B18045A3D3E90023DDE9AD
:10F22000060125F037F98046894602460B46DDE99E
:10F23000020124F077FF02460B46DDE90201CDE929
:10F24000082324F06FFF42464B4624F06BFF3AA39D
:10F25000D3E9002380468946DDE9060125F01AF945
:10F2600042464B4624F05EFF0B46CDE904010246C0
:10F27000DDE9080124F056FFC1F30A53FF1A312FCC
:10F280008046894600F39C809DED087BCAE9008991
:10F290008DED027B42464B46DDE9020124F042FF40
:10F2A000DDE9042324F03EFF002CCAE90201BFF689
:10F2B00050AF09F1004401F100436D42CAE90084F6
:10F2C000CAE9020345E702460B4624F02BFF00255E
:10F2D000CAE90201CAE900013BE715A3D3E900230B
:10F2E00024F020FF14A3D3E900230D46044624F0A4
:10F2F00019FF02460B46CAE900232946204624F09E
:10F3000011FF0DA3D3E9002324F00CFF0125CAE966
:10F3100002011EE7AFF3008000004054FB21F93FDB
:10F320003163621A61B4D03D83C8C96D305FE43F78
:10F330000000601A61B4D03D7370032E8A19A33B9C
:10F34000FB21E93F7BD90240FB21F93FFB213941F9
:10F35000FFFFEF7F00007041688104000000E03F84
:10F360004046494624F0DEFE394B6A1E804653F87B
:10F370002230BB4289463FF448AFCAE9008989E799
:10F380002BA3D3E9002324F0CFFE2BA3D3E9002342
:10F390000D46044624F0C8FE02460B46CAE9002387
:10F3A0002946204624F0BEFE23A3D3E9002324F0FF
:10F3B000BBFE4FF0FF35CAE90201CAE60323A7E608
:10F3C0001FA3D3E90023DDE9060125F063F8064613
:10F3D0000F4602460B46DDE9080124F0A3FE8046F5
:10F3E000894602460B46DDE90801CDE9028924F091
:10F3F00099FE32463B4624F095FE13A3D3E9002341
:10F4000006460F46DDE9060125F044F832463B4644
:10F4100024F088FE02460B4640464946CDE90423C7
:10F4200024F080FE80468946A7E700BFAFF3008046
:10F430000000601A61B4D03D7370032E8A19A33B9B
:10F440000000002E8A19A33BC14920259A837B39ED
:10F45000E880040000000000574A2DE9F84F21F031
:10F460000048904506460F462CDC544B0029B4BF9B
:10F47000534D544D98454FF0000411DC524B9845C4
:10F4800026DC4BA3D3E9002324F04EFE00224F4B91
:10F4900025F090FA002840D030463946BDE8F88F74
:10F4A0004B4B984530DD4B4B984568DD0133984513
:10F4B00062D0304639463EA3D3E9002324F0EAFF68
:10F4C000BDE8F88F02460B4624F02EFEBDE8F88F0B
:10F4D00021F03EFF01F048F83F4B984506460F46A5
:10F4E00023DD0022394B24F01FFE02460B46304636
:10F4F000394625F0F9F832463B4624F015FE2246FF
:10F500002B4624F0C7FFE1E721F022FFFFF7B0F917
:10F5100022462B4624F0BEFFD8E73046394621F07C
:10F5200017FF01F021F806460F4632463B463046AB
:10F53000394624F0F9FD324682468B463B4630463A
:10F54000394624F0A7FF0022804689461F4B3046EB
:10F55000394624F0E9FD02460B464046494625F06F
:10F56000C3F802460B465046594624F0DBFD2246BE
:10F570002B4624F08FFFA9E7184B984299D83046C4
:10F58000394621F0E5FE00220E4B24F083FFFFF701
:10F590006FF906460F4602460B462046294624F0E0
:10F5A00079FF32463B4624F075FF8FE7AFF30080CA
:10F5B0003374AC3C1F7BAC7FFFFFEF7FFFFF354018
:10F5C0000000E0BF0000E03FFFFF2F3E0000F03FE3
:10F5D000412E8640CD338640FFFFEF3F7DF8B98F47
:10F5E0002DE9F04F21F00048B8F1795F85B006466B
:10F5F0000F4692469B466BDA25F0FCF9002800F096
:10F60000E18032463B463046394624F043FF74A33E
:10F61000D3E9002304460D4624F03CFF72A3D3E94E
:10F62000002324F081FD22462B4624F033FF70A3F3
:10F63000D3E9002324F076FD22462B4624F02AFF4E
:10F640006DA3D3E9002324F06FFD22462B4624F05E
:10F6500021FF6BA3D3E9002324F064FD22462B464F
:10F6600024F018FF68A3D3E9002324F05DFD2246AF
:10F670002B4624F00FFFCDE900010022664B204607
:10F68000294624F007FFDDE900238046894620460D
:10F69000294624F0FFFE524604460D465B4630469E
:10F6A000394624F0F7FE02460B462046294624F050
:10F6B00039FD02460B464046494624F033FD0246DA
:10F6C0000B460020554924F02DFD05B0BDE8F08F14
:10F6D00002460B4624F0DEFE41A3D3E90023044694
:10F6E0000D4624F0D7FE40A3D3E9002324F01CFDEF
:10F6F00022462B4624F0CEFE3DA3D3E9002324F07E
:10F7000011FD22462B4624F0C5FE3BA3D3E900237E
:10F7100024F00AFD22462B4624F0BCFE38A3D3E990
:10F72000002324F0FFFC22462B4624F0B3FE36A330
:10F73000D3E9002324F0F8FC2B46224624F0AAFE4D
:10F74000374B9845CDE9000197DD364B98453EDCB7
:10F75000A8F500130022002030499046994624F075
:10F76000E1FCCDE9020100222B4B2046294624F082
:10F7700091FE42464B4624F0D5FCDDE9002380464D
:10F7800089462046294624F085FE524604460D4609
:10F790005B463046394624F07DFE02460B46204645
:10F7A000294624F0BFFC02460B464046494624F059
:10F7B000B9FC02460B46DDE9020124F0B3FC05B0BA
:10F7C000BDE8F08F1549002005B0BDE8F08F9FED32
:10F7D000107B4FF000088DED027BDFF84C90C2E704
:10F7E000D43888BEE9FAA8BDC4B1B4BD9EEE213EAE
:10F7F000AD529C804F7E923E9015CB19A001FA3EEF
:10F800007751C1166CC1563F4C5555555555A53FBE
:10F81000000000000000E73F0000E03F0000F03F74
:10F820003233D33F0000E93F0000D23F0000000028
:10F830002DE9F04FADF5197DBE4CA29EBE4D54F89A
:10F8400026600793D41E85FB0475E417C4EBA5045A
:10F8500024EAE4741D46631CA3EB8303013D02EB21
:10F86000C3030593731904960994019503900B91B2
:10F87000A4EB05071AD43B44002400255E1C0DF1BF
:10F880008008DDF88C9208E059F8270024F098FDF4
:10F890000137B742E8E8020108D0002FF4DA013757
:10F8A00020462946B742E8E80201F6D1049B002B26
:10F8B000079B4FEAC30302932ADB039A20A902EBBA
:10F8C000030801EB0309049B72AA02EBC30B0DF5BD
:10F8D000E07A019B002B4FF000064FF0000711DB90
:10F8E000039C4D4675E90223F4E8020124F0D2FDA1
:10F8F00002460B463046394624F016FC444506467F
:10F900000F46EFD1EAE80267DA4509F10809E0D1CC
:10F91000DDE90204049920448B0082460BA8A3F180
:10F920000802C31808930CAB13440A938B4698AB98
:10F9300003EBCB03BBF1000F53E9284529DD70AB86
:10F9400003EBCB080DF1300900227C4B2046294601
:10F9500024F0A0FD25F04EF824F032FD0022784B73
:10F9600006460F4624F096FD02460B4620462946E1
:10F9700024F0D8FB25F03EF878E9022349F8040B7F
:10F980003946304624F0D0FB70AB984504460D460E
:10F99000DAD1DDF81490204629464A4601F030F8C5
:10F9A00000224FF07F5304460D4624F073FDFDF70F
:10F9B0009BFC0022634B24F06DFD02460B46204663
:10F9C000294624F0AFFB0D46044625F013F8804687
:10F9D00024F0F6FC0B4602462946204624F0A2FB02
:10F9E0004B46002B06460F4640F3E1800BF1FF32F9
:10F9F0000CA9C9F1180351F8225045FA03F101FA94
:10FA000003F30CA8EB1A40F82230C9F1170588441B
:10FA100043FA05F5002D2CDDBBF1000F08F10108BC
:10FA200040F381820C9C002C40F0A780BBF1010FB9
:10FA30000AD00CA9012251F8044F531C002C40F0AD
:10FA40009E809B451A46F6D1059B002B0EDD012BAF
:10FA500000F0D980022B09D10BF1FF320CAB0CA9BD
:10FA600053F82230C3F3150341F82230022D00F081
:10FA7000AF80002200233046394624F073FF00286F
:10FA800000F05382049B0BF1FF394B4510DC0BF166
:10FA900080430CAA013B089802EB8303002253F831
:10FAA0000419834242EA0102F9D1002A40F0B680EB
:10FAB000049B0CAA013B52F82330002B40F0A1809C
:10FAC0000A9A012352F8041901330029FAD05B4441
:10FAD0000BF10109994506934CDC099A079909EB4A
:10FAE000020801EB0B0508F1804802EB030BA39B16
:10FAF00008F1FF3803EB880870AB03EBC909A39B3F
:10FB000020A903EB8B0301EBC505029358F8040F02
:10FB100024F056FC0B4601990246002905F1080B1A
:10FB2000C5E900234FF000064FF000071CDB039CE3
:10FB30000CE000BF08860400ABAAAA2A0000703EB1
:10FB4000000070410000204075E90223F4E8020142
:10FB500024F0A0FC02460B463046394624F0E4FA75
:10FB6000544506460F46EFD1029B9845E9E80267E7
:10FB70005D46CBD1DDF818B0D9E6012300220CA9EF
:10FB8000C4F180749B4541F822400EDD51F82320DA
:10FB900001EB8B0001EB83036FF07F4100E01A68FB
:10FBA0008A1A43F8042B8342F9D101244CE706D189
:10FBB0000BF1FF330CAA52F82350ED152AE700226F
:10FBC0007B4B24F0EDFE002840F0A381054650E772
:10FBD00032463B460020774924F0A4FA06460F46F9
:10FBE000002C3FF446AF059A7249002000F008FF50
:10FBF00002460B463046394624F094FA06460F4634
:10FC000037E7012363E70BF1FF320CAB0CA953F884
:10FC10002230C3F3160341F8223027E70CAB059AD4
:10FC200053F82930183ACDE9068505926BB909F1E8
:10FC30008043013B0CA901EB830353F8041909F13C
:10FC4000FF39183A0029F8D00592059A5949002041
:10FC500000F0D6FEB9F1000F04460D46C0F2C08197
:10FC60004FEAC90370AA02EB030808930CAB03EB3D
:10FC70008906DFF844B14FF0000A08F1080704369E
:10FC800056F8040D24F09CFB22462B4624F002FC7F
:10FC90005B4667E9020152462046294624F0FAFBFA
:10FCA0000CAB9E4204460D46EAD148AB0393019348
:10FCB000CDF8149009F10103DDF810900293C346CA
:10FCC0004FF0000AB9F1000FC0F22A81DFF8EC8092
:10FCD0005D4635A3D3E9002300260027002403E076
:10FCE000544510DCF8E80223F5E8020124F0D2FBC9
:10FCF00002460B463046394624F016FA0134A14537
:10FD000006460F46ECDA019BE3E802670193029B8B
:10FD10000AF1010A9A45ABF1080BD3D1A29BDDF899
:10FD20001490032B39D8DFE813F0D9000600060041
:10FD30004D0048AB0393B9F1000F4FF000004FF0B6
:10FD4000000109DB039D05EBC904083474E90223B3
:10FD500024F0EAF9A542F9D1079B002B40F01E815F
:10FD60000B9BC3E900010B4603990246D1E9000150
:10FD700024F0D8F9B9F1000F0CDD4AAD01240134AB
:10FD8000F5E8022324F0D0F9A145F8DA079B002B0F
:10FD900040F014810B9BC3E90201069B03F00700AE
:10FDA0000DF5197DBDE8F08F00000040FB21F93F03
:10FDB0000000E03F0000F03F0000703E08590400E2
:10FDC00048AB0393B9F1000F40F32781039ACDF8B4
:10FDD00010904FEAC9030193D318D3E900AB09F19E
:10FDE0000053013B02EBC9080293914678E9026790
:10FDF00052465B463046394624F096F904460D4695
:10FE000002460B463046394624F08CF952465B4692
:10FE100024F08AF9C145A246AB46C8E90201C8E907
:10FE20000045E3D1DDF81090B9F1010F40F3F58002
:10FE3000019B039A02991344C900D3E9006701F1B9
:10FE4000080A019192440DF5947B7AE902893246C1
:10FE50003B464046494624F067F904460D460246B3
:10FE60000B464046494624F05DF932463B4624F0B5
:10FE70005BF9D34526462F46CAE90201CAE9004587
:10FE8000E3D1019C039B1034002000211C4403F1AA
:10FE9000100574E9022324F047F9A542F9D1039C27
:10FEA000079ED4E90023D4E90245002E00F08A80A1
:10FEB00003F1004701F100430B99C1E90403069BDC
:10FEC0002646944605F1004403F00700C1E900C747
:10FED000C1E902640DF5197DBDE8F08F089C039D12
:10FEE0000834002000212C4474E9022324F01CF97A
:10FEF000A542F9D1079B13B101F1004319460B9BB1
:10FF0000C3E90001069B03F007000DF5197DBDE86C
:10FF1000F08FBBF1000F08F1010874DD022581E5C7
:10FF200000260027EFE600248EE5CDE90685059D35
:10FF3000304639466A4200F063FD0022384B0646DF
:10FF40000F4624F02DFD00B30022364B30463946D3
:10FF500024F0A0FA24F04EFD044624F031FA0022E9
:10FF60002F4B24F097FA0B4602463946304624F0D0
:10FF7000D9F824F03FFD0BF101090CAB183543F81B
:10FF80002B00059543F829405FE63046394624F0BA
:10FF900031FD0CABD94643F82B0056E60B9C01F122
:10FFA0000043C4E900030B4603990246D1E900016E
:10FFB00024F0B8F8B9F1000F3FF7DFAE01F10043CC
:10FFC0001946E7E60B9EC6E90023069BC6E9040135
:10FFD00003F00700C6E902450DF5197DBDE8F08F75
:10FFE000A29B032B3FF6D9AE01A252F823F000BF2B
:10FFF0000100020033FD010033FD0100C1FD0100DD
:020000040002F8
:100000000020002176E732463B460020064924F0D6
:1000100089F8022506460F462BE5002000213EE721
:10002000000070410000703E0000F03F0000000042
:100030002DE9F04F21F00046B6F1795F85B0044616
:100040000D469046994604DA24F0D4FC002800F0CE
:10005000858022462B462046294624F01BFA064678
:100060000F4602460B462046294624F013FA41A3C8
:10007000D3E9002382468B463046394624F00AFAFB
:100080003EA3D3E9002324F04DF832463B4624F04A
:1000900001FA3CA3D3E9002324F046F832463B465C
:1000A00024F0F8F939A3D3E9002324F03BF83246D1
:1000B0003B4624F0EFF937A3D3E9002324F034F8CA
:1000C0000E9BCDE900019BB30022294B40464946D7
:1000D00024F0E0F9DDE90023CDE90201504659465C
:1000E00024F0D8F902460B46DDE9020124F01AF8A3
:1000F00032463B4624F0CEF942464B4624F012F8F5
:1001000019A3D3E9002306460F465046594624F06A
:10011000C1F902460B463046394624F005F802463E
:100120000B462046294623F0FDFF05B0BDE8F08FC1
:1001300002460B463046394624F0ACF90AA3D3E90F
:10014000002323F0EFFF52465B4624F0A3F922463A
:100150002B4623F0E9FF05B0BDE8F08F2046294685
:1001600005B0BDE8F08F00BF495555555555C53F01
:100170000000E03F7CD5CF5A3AD9E53DEB9C2B8A75
:10018000E6E55A3E7DFEB157E31DC73ED561C11974
:10019000A0012A3FA6F810111111813F00000000B4
:1001A0002DE9F04FC04C21F0004687B0A6428246B0
:1001B0008B460F46CDE900231ADC24F01BFC0028F7
:1001C0003FD1109B524601331343334300F0B781B4
:1001D000109B012B00F0C0815B460020B34924F046
:1001E00083FA04460D462046294607B0BDE8F08F45
:1001F000AF4B9E4225DD002909DADDE900452246A4
:1002000005F10043CDE900230BF100418B46524636
:100210005B4685A1D1E9000123F084FFDDE90023DD
:1002200004460D4682A1D1E9000123F07BFF9FED3A
:10023000827B22462B468DED007B23F075FF8246A4
:100240008B4652465B465046594624F023F90246F7
:100250000B468046894624F01DF9424604460D4669
:100260004B465046594624F015F975A3D3E90023AF
:10027000CDE902012046294624F00CF972A3D3E906
:10028000002323F051FF22462B4624F003F970A3EC
:10029000D3E9002323F048FF22462B4624F0FAF846
:1002A0006DA3D3E9002323F03FFF22462B4624F021
:1002B000F1F86BA3D3E9002323F036FF22462B4647
:1002C00024F0E8F868A3D3E9002323F02DFF424689
:1002D0004B4624F0DFF866A3D3E90023CDE90401FF
:1002E0002046294624F0D6F863A3D3E9002323F05F
:1002F0001BFF22462B4624F0CDF861A3D3E900234F
:1003000023F012FF22462B4624F0C4F85EA3D3E963
:10031000002323F009FF22462B4624F0BBF85CA300
:10032000D3E9002323F000FF22462B4624F0B2F845
:1003300059A3D3E9002323F0F7FE02460B46DDE97B
:10034000040123F0F1FEDDE9022324F0A3F8DDE946
:10035000004522462B4623F0E7FE42464B4624F05A
:1003600099F822462B4623F0DFFE4DA3D3E9002364
:1003700004460D46DDE9020124F08CF822462B46A6
:1003800023F0D2FE0B460246804689465046594627
:1003900023F0CAFE464B9E4204460D4600F38C8075
:1003A000109B012B3BD002460B4600203F4924F016
:1003B0009BF9002406460F462046294652465B46D6
:1003C000CDE90067CDE90201009423F0ABFEDDE941
:1003D00000AB02460B464046494623F0A3FE524678
:1003E0005B4624F057F8524604460D465B46DDE96D
:1003F000020124F04FF800222E4B23F095FE024616
:100400000B462046294623F08FFE32463B4624F019
:1004100041F852465B4623F087FE04460D462046CF
:10042000294607B0BDE8F08F182D4454FB21E93F61
:10043000075C143326A6813C000000000000000089
:10044000D47ABF74702AFB3EE9A7F0320FB8123F8E
:1004500068108D1AF726303F1583E0FEC8DB573F42
:1004600093846EE9E326823FFE41B31BBAA1AB3F02
:10047000735360DBCB75F3BEA69237A0887E143F22
:100480000165F2F2D844433F280356C9226D6D3FFF
:1004900037D60684F464963F7AFE10111111C13FDD
:1004A000635555555555D53FFFFF2F3E0000F0BF12
:1004B0002794E53F0000F03F109823F081FF22468B
:1004C000CDE900012B462046294623F0E3FFDDE974
:1004D0000023CDE902012046294623F025FE0246ED
:1004E0000B46DDE9020124F0FFF842464B4623F0BB
:1004F00019FE02460B465046594623F013FE0246AB
:100500000B4623F011FE02460B46DDE9000123F005
:1005100009FE0446B81700F00200C0F101000D46C4
:1005200023F04EFF02460B462046294623F0B2FF39
:1005300004460D462046294607B0BDE8F08F5046D8
:10054000594620F005FF02460B460020044924F0DE
:10055000CBF804460D4662E754465D465FE700BFB0
:100560000000F03F000000002DE9F04FCC4A21F0E0
:100570000043934285B082468B460C4620D9C94A37
:10058000934200F2D780002C80F2A481ACA3D3E97F
:1005900000235046594623F0C7FD0022002324F0D3
:1005A000EBF9002840F0D180A7A3D3E900235046FF
:1005B000594623F06FFF02460B460020BA4994E1EA
:1005C000BA4A934200F2E580B94A934240F22E8142
:1005D000002301930022B74B5046594623F05AFF9F
:1005E00006460F4602460B465046594623F052FF38
:1005F00097A3D3E9002304460D4623F04BFF96A3AF
:10060000D3E9002323F090FD22462B4623F042FF3E
:1006100093A3D3E9002323F085FD22462B4623F044
:1006200039FF91A3D3E9002323F07EFD22462B4618
:1006300023F030FF8EA3D3E9002323F073FD22467D
:100640002B4623F027FF00229B4B23F06DFD8046B5
:10065000894602460B463046394623F01BFF0246C8
:100660000B460020954923F05DFD064602460B46E9
:100670000F464046494623F055FD3246804689469E
:100680003B465046594623F005FF02460B460020E4
:100690008B4923F047FD02460B464046494624F06D
:1006A00023F822462B4623F0F5FE019E02460B4618
:1006B000002E4DD0DDE9026732463B4623F032FD85
:1006C00052465B4623F0E6FE32463B4623F02AFDC7
:1006D0002B46224623F026FD019B013306460F469A
:1006E00000F02381019B012B7BD0019A531C392BF5
:1006F0004FEA025500F22881019A132A40F35581EE
:10070000019BC3F57F7403340022230523F00CFD05
:1007100002460B465046594623F004FD0022664B24
:1007200023F002FD824605EB010B5046594605B009
:10073000BDE8F08F634A93421BD9C1F3130303430F
:10074000024640F012810029EFDA00205E490DE0F8
:100750005046594623F09EFE22462B4623F0E2FCEB
:1007600002460B465046594623F0DCFC05B0BDE876
:10077000F08F41A3D3E9002324F01CF900283FF4B3
:1007800002AF3FA3D3E900231046194623F082FEAF
:10079000ECE74E4A934200F2EC8000293AA3D3E9F9
:1007A000002339DA23F0C0FC39A7D7E900674FF0FE
:1007B000FF3380468946019332463B4640464946D0
:1007C00023F0B0FC02460B4682468B464046494623
:1007D00023F0A8FC32463B4623F0A4FCCDE90201FD
:1007E000F8E600223A4B5046594624F0C5F8002856
:1007F00000F0CC805046594600222E4B23F094FC4A
:1008000002460B463046394623F08CFC00224FF05E
:10081000404323F03FFEA9E723F084FC01238046F8
:10082000894601931CA7D7E90067C5E714A3D3E95C
:10083000002323F079FC02460B468FE7AFF30080DC
:1008400059F3F8C21F6EA501FE822B654715F73FCD
:100850002DC3096EB7FD8ABE3952E686CACFD03E97
:10086000B7DBAA9E19CE143F8555FE19A0015A3F49
:10087000F41011111111A13FEF39FAFE422E8640FA
:100880009C7500883CE4377E0000E0FE422EE63F87
:10089000763C7935EF39EABD763C7935EF39EA3D7A
:1008A00079684340412E86400000E0BF422ED63F8B
:1008B000FFFF8F3C0000E03F0000F03F00000840D9
:1008C00000001840FFFFEF7F0000F0BFB1A2F03F33
:1008D0000000D0BF44A3D3E900235046594623F07B
:1008E000D9FD02460B460020414923F01DFC24F0AF
:1008F00081F8019023F064FD37A3D3E90023064675
:100900000F4623F0C7FD02460B465046594623F0DA
:1009100009FC33A3D3E90023804689463046394693
:1009200023F0B8FD06460F4646E702460B46504602
:10093000594623F0F7FB00222D4B23F0ABFD00229C
:100940002B4B23F0EFFB11E752465B4623F0EAFB0B
:1009500002460B460020274923F0E4FB6B1819469A
:100960000022244B23F0DEFB00E70B4623F0DCFBE8
:10097000FCE61DA3D3E9002323F08CFD002C0246E6
:100980000B464FF00000AFDA1B49AEE732463B465C
:100990005046594623F0C6FB02460B4623F0C4FBE3
:1009A0000022144B23F0C0FBE0E64FF4001343FA9F
:1009B00002F452465B4623F0B5FBC4F17F57002694
:1009C00007F5401702460B463046394623F0AAFB8E
:1009D000A8E600BFAFF300800000E0FE422EE63F35
:1009E000763C7935EF39EA3DFE822B654715F73FB6
:1009F0000000E03F0000F03F0000E0BF000000000A
:100A0000F8B5C1F30A5304460D460E4617460BBB14
:100A100021F00046034633431BD0354B002223F020
:100A200039FD344B9F4204460D4635DBC1F30A5372
:100A30000E46363B3B4440F2FE72934232DC002BC2
:100A400011DD26F0FF4626F4E00646EA035520466F
:100A50002946F8BD40F2FF729342EBD102460B46A5
:100A600023F062FBF8BD13F1350F28DA4CF2503356
:100A70009F4222462B460ADD19A1D1E9000123F04D
:100A8000ADFA17A3D3E9002323F004FDF8BD16A1A6
:100A9000D1E9000123F0A2FA13A3D3E9002323F044
:100AA000F9FCF8BD22462B460DA1D1E9000123F047
:100AB00095FA0BA3D3E9002323F0ECFCF8BD26F054
:100AC000FF4626F4E006363346EA0355204629461B
:100AD0000022094B23F0DEFCF8BD00BFAFF300801D
:100AE0009C7500883CE4377E59F3F8C21F6EA5015F
:100AF00000005043B03CFFFF0000903C10B5054C97
:100B0000237833B9044B13B10448AFF300800123B9
:100B1000237010BD203900200000000088870400E9
:100B200008B5034B1BB103490348AFF3008008BD70
:100B3000000000002439002088870400154B002B9A
:100B400008BF134B9D46A3F5803A00218B460F4604
:100B50001348144A121A24F037FA0F4B002B00D016
:100B600098470E4B002B00D098470020002104002E
:100B70000D000D48002802D00C4805F07FFC23F042
:100B800063FA2000290004F0E7FE23F049FA00BFD1
:100B9000000008000000022000000000000000002B
:100BA00000240020304400207D640200000000008A
:100BB0000120704701EB810100EB410020307047BC
:100BC000F0B5044685B00D4600F10C060AF012FBA4
:100BD000144B2360A56004F12000002509F05EFAA3
:100BE0002046E56025616561A561E5610E490AF071
:100BF0001FFB20464FF2E6510AF02EFB20460B4920
:100C00000AF016FB082714222046CDE9012700929E
:100C1000334629464FF2E6520AF02EFB204605B035
:100C2000F0BD00BF485904008C5904007C590400F1
:100C30002DE9F04F83B0884617461C4606460AF059
:100C4000ABFB60B3002F2ADD002C06F10C0314BFB0
:100C50006FF07F0B6FF03F0B06F10D0A019300253B
:100C60007C1B132CA8BF13244BEA0403224608EB79
:100C700005013373504624F083F9336800211B6962
:100C800030469847814630460AF074FB25440146B9
:100C900014234846019A09F01BFAAF42E0DC03B086
:100CA000BDE8F08F10B5382024F033F9044A3C2316
:100CB000116B3D2204460CF0D3FA024B1C6010BDB0
:100CC000002500204039002070B50B4E34680D46D9
:100CD0003CB12046AA88A91D0023BDE87040FFF75B
:100CE000A7BF2C2024F015F9044B0446196BFFF71D
:100CF00067FF3460EDE700BF3C390020002500208D
:100D000008B5282024F005F9034BD3F8DC29196B2A
:100D1000BDE8084009F040B90025002008B52020B2
:100D200024F0F7F8024B196BBDE808400AF03ABE10
:100D30000025002008B57C2024F0EBF8034AA2F53A
:100D40004B73196BBDE808400BF056B82C280020F7
:100D500008B5482024F0DDF8034AA2F6A403196B75
:100D6000BDE808400BF01CBAA42D002008B52420D3
:100D700024F0CFF8034AA2F6C813196BBDE8084067
:100D80000CF0DCB8C82E002008B5402024F0C1F8D3
:100D9000034BD3F8E029196BBDE808400BF044BCC5
:100DA00000250020024B1B6803B17047FFF77ABF94
:100DB0004039002070B50C4E346882B005467CB1D5
:100DC000B5F90420A91D01A815F070FA01A90222A5
:100DD00020460CF073FB01A815F0F0F902B070BDCD
:100DE000FFF760FF3468EBE74039002070B5124E22
:100DF000346882B00546DCB1B5F90420A91D684607
:100E000015F054FA6A460223214601A80CF0BEFBF5
:100E10000198B0F90210043001F0D2FA044601A89A
:100E200015F0CCF9684615F0C9F9204602B070BD3E
:100E3000FFF738FF3468DFE74039002070B5084D10
:100E40002B68044643B16268184604F10801022386
:100E5000BDE870400CF08ABAFFF724FF2B68F2E778
:100E60004039002070B51B4D286870B30CF056FC5B
:100E70000146002001F0A6FA044600F1080603F03E
:100E80003DF931462868626802230CF021FB011EFF
:100E900011DB63688B4208D0304601F093FA0546B7
:100EA000204603F039F9284670BD2046254603F058
:100EB00033F9284670BD0021084601F083FA054643
:100EC000204603F029F9284670BDFFF7EBFE28689D
:100ED000CCE700BF40390020F0B5104E346883B035
:100EE00005460F46B4B1B5F90420A91D01A815F0B7
:100EF000DDF901A9002220460CF032FB01A815F013
:100F00005DF93A46102301214FF4966001F03EF955
:100F100003B0F0BDFFF7C6FE3468E4E740390020B7
:100F20000246102301214FF47A7001F02FB900BF5F
:100F30000246102302214FF47A7001F027B900BF56
:100F4000704700BF704700BF80F30301014809F0FC
:100F5000F5BA00BF0C250020014809F09BBB00BF7B
:100F60000C25002010B4054C0A4610230146B4F8A5
:100F700038055DF8044B01F009B900BF00250020D9
:100F800008B5034817F06AF8003018BF012008BD03
:100F9000302A002080F30801014804F0B1BD00BFF1
:100FA000F82E0020014804F0B7BD00BFF82E002045
:100FB0000146014804F0BABDF82E002008B50648E5
:100FC00007F010F850EA010301D1002008BD0348E2
:100FD000BDE8084004F080BE002F0020F82E00205D
:100FE00007EE900AF8EEE77A024817EE901A06F03C
:100FF000D9BF00BF002F0020792810B50C4609D1B9
:101000000748A4F10101B1FA81F14909BDE8104096
:1010100016F0C4BF03F082FC0028F2D110BD00BF5F
:10102000302A002008B501F0A3FDFCF701FCBDE863
:10103000084001F0F5BA00BF08B501F099FDFCF7D2
:1010400067FCBDE8084001F0EBBA00BF08B501F04D
:101050008FFD20F0F3F9BDE8084001F0E1BA00BFD0
:1010600008B501F085FD20F0E5FDBDE8084001F080
:10107000D7BA00BF08B501F07BFDFCF7E9FBBDE87E
:10108000084001F0CDBA00BF08B501F071FD20F0B5
:1010900007FCBDE8084001F0C3BA00BF08B501F085
:1010A00067FDFBF771FEBDE8084001F0B9BA00BF6B
:1010B00008B501F05DFD20F049FBBDE8084001F0F6
:1010C000AFBA00BF10B584B00C46014603A814F0B7
:1010D000F5FC002303A900931A460194034811F07C
:1010E0004DFD03A814F0D4FC04B010BDE02D002089
:1010F00010B50129B8BF012182B00C4690B1828899
:1011000082B1012A17D0811D12B201A815F0CEF8C4
:10111000224601A90C4811F091FD01A815F04EF8E6
:1011200002B010BD094807F0C3FA04EB84000FF0C9
:10113000C1F802B010BD01EB81028179024811F0C3
:10114000F3FC02B010BD00BFE02D0020A42D002054
:10115000014814F0DBBC00BFB42D002010B584B0F2
:101160000C46014603A814F0A9FC0023224603A95B
:10117000CDE900330448052311F0CAFD03A814F09B
:1011800087FC04B010BD00BFE02D002000B585B085
:10119000014602A814F092FC02A903A814F086FCF0
:1011A000002303A9CDE900331A46064811F0E6FCF6
:1011B00003A814F06DFC02A814F06AFC05B05DF8F9
:1011C00004FB00BFE02D002000F060BB0FF072B800
:1011D00070B5049E96420C4624DB15466BB9042A72
:1011E00019D0022A02D110F0010310D001462A467C
:1011F000204623F0C5FE002070BD10440D4410F8B9
:10120000013D01F8013B8D42F9D1002070BD0288FB
:101210000A80184670BD10F00303E7D102680A6027
:10122000184670BD0846002123F0CEFE4FF0FF3077
:1012300070BD00BF0830704740B1002905DB43682E
:101240008B4202DD0844007A70470020704700BFDF
:1012500030B1002904DB43688B42C4BF40180272DE
:10126000704700BF40B1002905DB4368994202DAAC
:101270000844007A70470020704700BF830704D1FC
:10128000030F0CBF0120002070470120704700BFF2
:1012900030B1002904DB43689942BCBF4018027298
:1012A000704700BFF8B5002B20DB00291EDB466825
:1012B0008E421BDB5468761AE51AB542A8BF354644
:1012C000002D13DB824202F108070C4600F10806EC
:1012D0002A4605D0F918301923F052FE0020F8BD37
:1012E000F118381923F057FE0020F8BD4FF0FF30F9
:1012F000F8BD00BF4068704710B4141E10DB426890
:10130000A2420DDB33EA230328BF1346121B083029
:101310009A422044A8BF1A465DF8044B23F054BEFD
:101320005DF8044B704700BF10B443688B4200F176
:1013300008041846A8BF084632EA220128BF194609
:101340001B1A99422044A8BF19465DF8044B01F0CE
:1013500039B800BF70B5002BBCBF43689B1A002A88
:101360000E4620DB44689918A1421CDC91421ADB2E
:10137000CBB136F0004116D05942B14214DAB34233
:1013800012DD0830002E00EB020515DB9C1B224607
:10139000A919284623F0FFFD324628190021BDE88F
:1013A000704023F011BE70BD002211464FF0FF3394
:1013B000BDE87040FFF7A0BF74429A19294628196A
:1013C00023F0E9FD224628460021BDE8704023F0C5
:1013D000FBBD00BF03460830596800F0F1BF00BFF5
:1013E00070B5054600206968490000F0C5FF6B68CC
:1013F000002B14DD0A4EEB1D02465C782411991F68
:10140000345D94715C7804F00F04491B345DD47131
:101410006C688C4202F1020203F10103EDDC70BD45
:101420009C590400002BBCBF43689B1A002A30DB88
:1014300070B445689C18AC4229DC944227DB33B376
:1014400031F0004423D00029B8BF01EB032191FB08
:10145000F3F403FB1411002900F10800B8BFC91808
:10146000024411448A42134411D00C4604E08A42DB
:1014700004460FD094420AD02046157810F8016B2C
:1014800002F8016B83422570F1D10C46F2E770BC83
:10149000704770470146EDE700B583B04FF0FF336A
:1014A00000930023FFF7FEFE03B05DF804FB00BFCE
:1014B00010B50C1E0EDD4168083002F0A1F91F2C9A
:1014C00007DC0123A34020FA04F4013B444004EA72
:1014D000030010BD002010BD0146002000F072BFC7
:1014E00003460630998800F06DBF00BF30B5013A61
:1014F00083B004460D460F2A13D8DFE802F0141417
:1015000008086114141B1B734A2554675A3818467F
:1015100001F0C0FB012D04DD80B2E20754BF208042
:10152000208003B030BD184601F0B4FB002DF8DD7B
:101530002070F6E7184601F0ADFB012DF1DDC0F398
:10154000072360702370ECE7184601F039FB032D88
:101550000090E6DD9DF800009DF801109DF8022046
:101560009DF803302370E070A1706270D9E71846CF
:1015700001F0FEFA072DCDE90001D2DD0DF1FF32B9
:1015800004F1080312F8011F03F8011D9C42F9D170
:10159000C7E7184601F014FB032DC2DDA3070CBFFB
:1015A00020602060BDE7184601F00CFC032DF5DC3F
:1015B000B7E7184601F006FC032D0090CADCB0E73F
:1015C000184601F067FB032DE8DCAAE7184601F096
:1015D000CFFA072DCDE90001A3DD6B4603CB2060D8
:1015E00061609EE7184601F055FB032D0090B1DCC9
:1015F00097E700BF30B4141E07DB456808300A4681
:101600002044291B30BCFFF771BF30BC704700BFBE
:1016100000B5013A85B00F2A00F28880DFE802F0B9
:101620001623303D4A56595C5F62657174808308A9
:101630000091012308220DEB0201FFF7C9FDDDE94E
:10164000020100F0EDFF05B05DF804FB00910023FE
:10165000012202A9FFF7BCFD9DF9080001F0D6F8B0
:1016600005B05DF804FB00910023012202A9FFF7F9
:10167000AFFD9DF8080001F0C9F805B05DF804FB66
:1016800000910023022202A9FFF7A2FDBDF9080084
:1016900001F0BCF805B05DF804FB009100230222C4
:1016A00002A9FFF795FDBDF8080001F0AFF805B0FD
:1016B0005DF804FB00910023042202A9FFF788FDD6
:1016C000029801F0A3F805B05DF804FB0123009136
:1016D000BEE701230091C8E700910123D2E7009102
:1016E0000123DCE700910123E6E7009100230422B7
:1016F00002A9FFF76DFD029801F092F805B05DF8C0
:1017000004FB00910123F2E700910023042202A9C7
:10171000FFF75EFD029801F071F805B05DF804FB7B
:101720000091002386E700910123EFE700208AE77C
:10173000131E09DB10B4446808300A461844E11A45
:101740005DF8044BFFF764BF002001F05FB800BFF5
:10175000054B1A6810B4146B0023A4461A461946A8
:101760005DF8044B604700BF9439002030B585B068
:101770006C4684E80F0094E80F000A4C089D84E84A
:101780000F00BDF8020001F041F8074B1A68146B16
:10179000002301461A462846A44605B0BDE830405D
:1017A000604700BFE03800209439002008B502F0FF
:1017B000B3FCBDE808400EF013BE00BF08B5064EEE
:1017C000054632680023146B19461A462846A0477E
:1017D00014200EF06FFDF4E79439002010B5034B90
:1017E0000360044615F022FC204610BDB8590400E1
:1017F00010B5054B0360044615F018FC204623F095
:1018000081FB204610BD00BFB85904000A460223E0
:101810000146014810F04AB8302C002010B50446AB
:101820000EF0BEFA034638B100200CB144F8203067
:101830001B6A0130002BF8D110BD00BF10B5044663
:1018400017F01CFF03F084FF2046BDE8104004F0B1
:10185000D1BC00BF08B50A48FAF702FF01200EF01C
:10186000F3FE40F20443984200D808BD01200EF078
:10187000EBFEBDE80840A0F5806002F0BFB900BFF4
:10188000002500200EF0ACBD0FF094B850B110B59B
:10189000044602F033FC2146034A0448BDE81040E8
:1018A0000EF0FCBB704700BF15040300BD1702001B
:1018B00050B110B5044602F021FC2146034A044809
:1018C000BDE810400EF0EABB704700BFAD17020044
:1018D0005117020089B280B20EF012BD08B5042083
:1018E00004F082FC6FF0004004F026FCBDE80840E4
:1018F00000F08ABD074B10B51C6800F0E3FF4FF005
:10190000805213691269013B23441844524210402B
:1019100010BD00BF94390020024B1B7803B1704703
:10192000FFF774BFF0430020024B186800B1406A13
:10193000704700BF903B0020014B1B685862704706
:10194000903B00202DE9F04FDFF8DC80D8F8003024
:1019500085B0002B52D00EF023FA0346002857D052
:1019600000241B6A0134002BFBD14FEA840A504645
:101970000EF0CAFE0190FFF751FFA04239D1002CB2
:101980002FDD019BA3F10409CA4459F8047F7E6A44
:101990002EB30436D8F8003034689F4227D0386818
:1019A000D7F808B017F0BEFED8F800207568ABEB8A
:1019B00000009742044407D03868D7F808B017F001
:1019C000B1FEABEB00000544A54205D954F8040B69
:1019D00002F0BEF8AC42F9D3B668002EDAD1CA459F
:1019E000D3D1019805B0BDE8F04F0EF0B3BE7568D5
:1019F000EAE74FF44B70FFF721FFC0E701200EF03C
:101A000083FE0390039805B0BDE8F04F0EF0A2BE30
:101A10000EF07AFE0190FFF701FF0028E1D04FF4AD
:101A20004B70FFF70BFFDCE7903B002010B5074C35
:101A300020460BF0B3FF2046054A064923F064FA1E
:101A40000548BDE8104013F0E9BF00BF00250020A5
:101A5000402000205D1A0200E0380020684B03F1AE
:101A60003C022DE9F0470446C0E9003200F59A50E7
:101A7000644F654E04F018FE002504F6F81004F0DB
:101A80009DF904F6C810C4F8C879A4F8CE590EF030
:101A900063F804F51A60C4F8A079A4F8A6590EF00A
:101AA0005BF804F66C1012F01BFC584BC4F85C3960
:101AB00004F65C100EF09AFF04F6381011F064F989
:101AC00004F6141011F060F904F6A40004F0EEFC22
:101AD00004F6440006F05CFB04F6180005F03CFB3D
:101AE00004F5F96004F0F2FDC4F8B06704F5F6609F
:101AF00015F09CFAC4F8986704F5F36015F096FAAF
:101B000004F5E66017F0E4F8414BC4F82C3304F513
:101B10004B7604F22C7014F0BFFA3046C4F82C73E4
:101B2000A4F832530EF018F83A4BC4F8EC3204F52E
:101B30003B7012F0CFFD384BC4F8E0302833C4F8C6
:101B4000E83004F1E00904F5377804F5397600E06F
:101B50002E46351F284614F09FFAA845F8D1DFF825
:101B6000C0A0283E04F1FC0846F818AC3C3D3046C5
:101B700012F0F2FE05F1080014F08EFAA845A6F165
:101B80003C06F1D100254846C4F8E070A4F8E650C0
:101B90000DF0E2FF04F1B80011F0E0FF04F1800065
:101BA00010F06EFC04F16400A4F86A5067660DF052
:101BB000D3FF04F14C00A4F85250E7640DF0CCFFC1
:101BC000264604F13400658767630DF0C5FF134BAB
:101BD00046F80C3F04F1200014F0F0FA04F11C0068
:101BE00014F0ECFA30466582E7600DF0B5FF201D79
:101BF000658167600DF0B0FF2046BDE8F08700BF4B
:101C0000EC6E0400B4700400B85904004074040081
:101C10004C6F0400747E0400A87C04007C6B0400FC
:101C2000807C04002DE9F84F684B694F694E03F141
:101C30003C02A0F10408044640E9013208F59A503C
:101C400004F032FD002504F6F41004F0B7F804F6B1
:101C5000C410C4F8C479A4F8CA590DF07DFF04F685
:101C60009C10C4F89C79A4F8A2590DF075FF04F6F5
:101C7000681012F035FB584BC4F8583904F6581068
:101C80000EF0B4FE04F6341011F07EF804F5116085
:101C900011F07AF804F50A6004F008FC04F5046019
:101CA00006F076FA04F6140005F056FA04F2C47051
:101CB00004F00CFDC4F8AC6704F2AC7015F0B6F992
:101CC000C4F8946704F2947015F0B0F904F22C7023
:101CD00016F0FEFF414BC4F8283304F54A7604F5AC
:101CE000E56014F0D9F93046C4F82873A4F82E53EF
:101CF0000DF032FF3A4BC4F8E83204F53A7012F0B6
:101D0000E9FC384BC4F8DC302833C4F8E43004F183
:101D1000DC0904F5367A04F5387600E02E46351FE6
:101D2000284614F0B9F9AA45F8D1DFF8C0A0283E3A
:101D300004F1F80B46F818AC3C3D304612F00CFEAE
:101D400005F1080014F0A8F9AB45A6F13C06F1D165
:101D500000254846C4F8DC70A4F8E2500DF0FCFE03
:101D600004F1B40011F0FAFE04F17C0010F088FBDD
:101D700004F16000A4F8665027660DF0EDFE04F152
:101D80004800A4F84E50A7640DF0E6FE264604F184
:101D90003000E58627630DF0DFFE134B46F8083F61
:101DA00004F11C0014F00AFA04F1180014F006FA09
:101DB0003046E581A7600DF0CFFE2046E580276024
:101DC0000DF0CAFE4046BDE8F88F00BFEC6E04007F
:101DD000B4700400B8590400407404004C6F04004F
:101DE000747E0400A87C04007C6B0400807C0400EA
:101DF0002DE9F84F694B6A4F6A4E03F13C02A0F19E
:101E00000408044640E9013208F59A5004F04CFCFD
:101E1000002504F6F41003F0D1FF04F6C410C4F852
:101E2000C479A4F8CA590DF097FE04F69C10C4F8C2
:101E30009C79A4F8A2590DF08FFE04F6681012F0F8
:101E40004FFA594BC4F8583904F658100EF0CEFD2D
:101E500004F6341010F098FF04F5116010F094FFB0
:101E600004F50A6004F022FB04F5046006F090F922
:101E700004F6140005F070F904F2C47004F026FCB6
:101E8000C4F8AC6704F2AC7015F0D0F8C4F89467ED
:101E900004F2947015F0CAF804F22C7016F018FFD2
:101EA000424BC4F8283304F54A7604F5E56014F093
:101EB000F3F83046C4F82873A4F82E530DF04CFE06
:101EC0003B4BC4F8E83204F53A7012F003FC394B8E
:101ED000C4F8DC302833C4F8E43004F1DC0904F53C
:101EE000367A04F5387600E02E46351F284614F081
:101EF000D3F8AA45F8D1DFF8C4A0283E04F1F80BC6
:101F000046F818AC3C3D304612F026FD05F10800BD
:101F100014F0C2F8AB45A6F13C06F1D100254846C5
:101F2000C4F8DC70A4F8E2500DF016FE04F1B40021
:101F300011F014FE04F17C0010F0A2FA04F160002C
:101F4000A4F8665027660DF007FE04F14800A4F8D7
:101F50004E50A7640DF000FE264604F13000E586E1
:101F600027630DF0F9FD144B46F8083F04F11C00FF
:101F700014F024F904F1180014F020F93046E5813A
:101F8000A7600DF0E9FD2046E58027600DF0E4FD37
:101F9000404622F0B7FF4046BDE8F88FEC6E0400E3
:101FA000B4700400B8590400407404004C6F04007D
:101FB000747E0400A87C04007C6B0400807C040018
:101FC000694B03F13C022DE9F0470446C0E90032B9
:101FD00000F59A50654F664E04F066FB002504F646
:101FE000F81003F0EBFE04F6C810C4F8C879A4F8A2
:101FF000CE590DF0B1FD04F51A60C4F8A079A4F82B
:10200000A6590DF0A9FD04F66C1012F069F9594BB0
:10201000C4F85C3904F65C100EF0E8FC04F63810E5
:1020200010F0B2FE04F6141010F0AEFE04F6A40098
:1020300004F03CFA04F6440006F0AAF804F618008E
:1020400005F08AF804F5F96004F040FBC4F8B067C5
:1020500004F5F66014F0EAFFC4F8986704F5F3603D
:1020600014F0E4FF04F5E66016F032FE424BC4F8CB
:102070002C3304F54B7604F22C7014F00DF8304636
:10208000C4F82C73A4F832530DF066FD3B4BC4F832
:10209000EC3204F53B7012F01DFB394BC4F8E03014
:1020A0002833C4F8E83004F1E00904F5377804F582
:1020B000397600E02E46351F284613F0EDFFA8457F
:1020C000F8D1DFF8C4A0283E04F1FC0846F818ACAB
:1020D0003C3D304612F040FC05F1080013F0DCFFF7
:1020E000A845A6F13C06F1D100254846C4F8E070A9
:1020F000A4F8E6500DF030FD04F1B80011F02EFD0B
:1021000004F1800010F0BCF904F16400A4F86A50F6
:1021100067660DF021FD04F14C00A4F85250E7640D
:102120000DF01AFD264604F13400658767630DF053
:1021300013FD144B46F80C3F04F1200014F03EF858
:1021400004F11C0014F03AF830466582E7600DF0A7
:1021500003FD201D658167600DF0FEFC204622F026
:10216000D1FE2046BDE8F087EC6E0400B470040098
:10217000B8590400407404004C6F0400747E0400DD
:10218000A87C04007C6B0400807C04002DE9F041F5
:102190004FF0000C8CB04FF0100E1FFA81F887B290
:1021A000CDE900CE05461C463946174B164602A817
:1021B00042460EF017FB02A9144811F0B7FB02A823
:1021C0000EF02CFB0F2DA4B201D1C02C0FD1282072
:1021D00022F09FFE39460546CDE9006442460A4B8F
:1021E0000EF000FB2946094811F0ECFB28B93046F7
:1021F00001F084FF0CB0BDE8F08128460EF00EFB24
:10220000284622F07FFEF2E76D170200B825002075
:1022100008B510F037F908BD08B510F043F920F003
:10222000404008BDFFF744BBFFF754BB03F0D8BFE5
:10223000C117FFF729BB00BF00B585B0D3B28AB282
:1022400081B2684613F0CAFB05B05DF804FB00BF1D
:10225000002B08BF1023FFF799BF00BF014B588820
:10226000704700BFE0380020014B9868704700BFFE
:10227000E038002008B503F06DFF4FF0FF31BDE8F6
:10228000084000F09DB800BF00B583B00E49684615
:1022900004F0B2FBBDF80430A3F51943033B032B54
:1022A00010D8DFE803F002020D0D0023074A52F8B0
:1022B00023004FF0FF3103B05DF804EB00F080B86D
:1022C0000123F3E70223F1E7C82C0020442000207B
:1022D00003F03CBF0821014800F074B86000001012
:1022E000704700BF084619B189880630FFF714BB54
:1022F000704700BF08B511F0D3FD08BD704700BF9F
:10230000704700BF014820F0604070470000022085
:10231000012001F0BDBC00BF08B5022001F0B8FCEF
:1023200040F29330BDE80840FFF788BA014B1860CF
:10233000704700BF44390020704700BF002070473D
:1023400080880A3080087047063070478088704760
:1023500083888B4226BF063040180020704700BF9C
:102360000320704740680B308008704780887047B2
:10237000704700BF704700BF70B50C1E064603DBF8
:102380003CB90D4D284670BD22F05AFE0446002C83
:10239000F7D0E01D01F0AEFD054608B1074B036024
:1023A000AC8026B131462246A81D22F0E9FD2C441E
:1023B0000023A371284670BDC05A0400045A0400CB
:1023C000FFF7DABF70B50D1E12DD064605F10800F5
:1023D00001F090FD044608B1094B0360656004F10B
:1023E00008002A46314636B122F0CAFD204670BDAB
:1023F000044C204670BD22F0E7FD204670BD00BFB2
:10240000345A0400B45A0400014B1860704700BFEE
:1024100050200020034A044B116803FB00F04840A1
:102420001060704750200020CB5725CA30B40E4DA5
:102430002A68044621460020930983EAD273534058
:1024400083EA121383EA92035208534042EAC372AA
:1024500002F00103490843EA4000EDD18442E9D388
:102460002A6030BC704700BF5020002000487047F1
:10247000C05A040000B583B002AB0022ADF80420BE
:1024800003F8040D01211846FFF776FF03B05DF84D
:1024900004FB00BF2DE9F0410D4688B11C4B39B15A
:1024A00098422BD09D4204460FD12046BDE8F081D2
:1024B000984221D08688174D0446311D042707E035
:1024C000144CF9B1124B9D42EFD0A688AF88F11998
:1024D0000020FFF751FF04F10608831D0446414622
:1024E0001846324622F04CFD3A463044A91D22F0EF
:1024F00047FD2046BDE8F081064CD6E70C46204655
:10250000BDE8F081042725463E460821E0E700BFEC
:10251000C05A0400145B0400884212D030B48B8887
:10252000828806309A4228BF1A460531034613F8BE
:10253000015B11F8014FA54205D009D3012030BC41
:102540007047002070471C1A9442F0D90020F6E72B
:102550004FF0FF30F3E700BF80887047002A1ADD94
:1025600010B484880029BCBF631823EAE371631A9E
:10257000934206DC002B03DC08485DF8044B7047EF
:102580001A46A1423ABF06304018002011465DF8B5
:10259000044BFFF7F1BE0148704700BFC05A04006A
:1025A00078B371B32DE9F047858822EAE272AA4236
:1025B00023D200F1060818EB0204A5EB02058F8870
:1025C0001BD0BD4219D391F806A001F1060902E023
:1025D000AF42344611D82378534505F1FF3504F155
:1025E0000106F5D13A464946204622F0BAFC0028B9
:1025F000EED1A4EB0800BDE8F0874FF0FF30BDE856
:10260000F0874FF0FF30704708B5FFF7C9FF013082
:1026100018BF012008BD00BF80F00100704700BF57
:102620000A1E38B511D138B302460B4604460D4692
:1026300022F0CAF9002841D10C2001F05BFC08B15E
:102640001F4B0360C0E9014538BDC2F30A54A4F230
:10265000FF331D2B12D8142B054618DC0028E3D1BC
:10266000A4F2F33412FA04F4DED1D002C3F11F0352
:1026700040F00040D8401AE0012038BD1E2BD3D1D5
:102680000028D1D10F4B9A42CED10F4838BDA4F2C9
:10269000134410FA04F4C7D1D002C3F11F0140F073
:1026A0000040C3F13403C84025FA03F31843002A5D
:1026B000B8BF4042400040F0010038BD0E2038BD98
:1026C000645A04000000D0C1010000802DE9F041EF
:1026D00082B0063001A9F9F793FD002200230646D7
:1026E0000F4622F03FF960BB27F0004530462946EF
:1026F0004FF0FF321F4B34464FF0010822F064F9CF
:1027000038B94FF0FF321B4B3046294622F052F9C0
:10271000F0B118F0FF0F1FD100224FF480132046B4
:1027200029464FF0010822F04FF938B920462946D2
:1027300000224FF4801322F01FF9B0B118F0FF0F00
:102740000AD130463946FFF76BFF02B0BDE8F08191
:10275000804618F0FF0FDFD0074F0026304639467D
:10276000FFF75EFF02B0BDE8F081804618F0FF0F72
:10277000E7D0F1E7FFFFEF7F0000F87F08B521F019
:102780001FFEBDE80840FFF74BBF00BF014488793A
:10279000400040F00100704720B1002902DB828830
:1027A000914201DB0F48704710B582B0FFF7EEFF92
:1027B0000E2804460DD0C3070ED502A800236410CE
:1027C000ADF80430012100F8044DFFF7D5FD02B04B
:1027D00010BD044802B010BD40F27130FFF72EF872
:1027E000EBE700BFC05A040020B1002902DB828859
:1027F000914201DB0E207047FFF7C8BF08B521F0FA
:10280000F1FDBDE80840FFF70BBF00BF4300B0EB90
:10281000630F01D0FFF7B2BF43F00100704700BF64
:10282000B0F1804F08B503D2400040F0010008BD70
:1028300021F0B6FDBDE80840FFF7F2BE002814BF46
:1028400042200A20704700BF08B5F9F795FEBDE8A1
:102850000840FFF7E5BE00BF01FB00F0704700BF76
:1028600090FBF1F0704700BF10B50C2001F042FB67
:10287000044608B102F0DAFC204610BD008970471A
:10288000043002F06FBC00BF03460A4604301989C9
:1028900002F048BC043002F075BC00BF03894268F6
:1028A000994234BF52F8210000207047043002F0F2
:1028B00039BC00BF043002F073BC00BF043002F02A
:1028C00093BC00BF024B1B68588CC000704700BF10
:1028D00094390020704700BF0020704738B51C4B6A
:1028E0001B688BB15C6AACB1236898422DD08BB168
:1028F000002300E072B1023354F823208242F9D160
:1029000001339B00E05838BD124B1C6844F2102282
:10291000944216D00D460446FFF7DEFF78B10368F7
:102920009C4210D05BB1002300E042B1023350F86A
:102930002320A242F9D101339B00C05838BD28465C
:1029400038BD5B68CEE70423F7E70423DAE700BF6E
:1029500094390020A05204004068704741607047DD
:1029600010B5082001F0C6FA044608B102F066FC72
:10297000204610BD70B50C1E054616460EDB83883A
:102980009C420BDA05EB8404E36823B10B2140F28F
:10299000863002F097FCE660284670BD0A2140F2BE
:1029A000863002F08FFCEDE7FEF748BF18B1024B0E
:1029B000984208BF00207047C05A0400003018BF7A
:1029C0000120704710B5142001F094FA044608B1B4
:1029D00002F03CFC204610BD10B5044602F040FC5D
:1029E000002806DB238AE268984202D252F82000CF
:1029F00010BD002010BD00BF2E4B1B682DE9F04715
:102A0000DF6ABA683B68824203F1FF3107F10407CD
:102A100003D857F82120824230D2002945DD5B10CF
:102A200057F82320904226D0B0F804904FF0010CC4
:102A300000F105080DE034BF03F1010C03F1FF3193
:102A40008C4532DC0CEB01035B1057F823208242EB
:102A500011D094884C4528BF4C4606322646454640
:102A6000144614F801AB15F801EFF245E3D1A4EBDD
:102A7000020E7645F5D21846BDE8F087002914DD30
:102A80005B1057F823209042F5D0012403E057F85B
:102A900023208242EFD090428CBF5C1C03F1FF31B7
:102AA0000B19A1424FEA6303F1DA00231846BDE88F
:102AB000F08700BF94390020034B1B680131DB6AAB
:102AC00053F82110FFF788BF94390020F8B5044669
:102AD0000F46164602F0C4FB011E04F10C0505DB8F
:102AE00032462846BDE8F84002F01CBB3A46218930
:102AF000201D02F017FB3246218A2846BDE8F84027
:102B000002F010BB034B1B680131DB6A53F8211044
:102B1000FFF7DCBF94390020014B1868704700BFF5
:102B200090390020704700BF820708B508D130B146
:102B3000036823F00103DA78F92A13D1987808BDE5
:102B40000028FCD0C3070FD40E280DD042280DD08A
:102B50000A280BD0062805D040F22130FEF76EFE81
:102B6000042008BD042008BD022008BD012008BDC6
:102B70000E281FD010B5044670B915E0FFF7D4FF3A
:102B80000346022B204612D0032B0DD1FFF79EFDEA
:102B90000E28044608D03CB1A3072046EED000F032
:102BA0000FF821F00DFC10BD0020044910BDD4E940
:102BB000010110BD00200149704700BF0000F87FEF
:102BC000C107034651D4820704D59B0914BF0120D5
:102BD0000020704700284AD02DE9F041FFF7C8FFD8
:102BE00021F000450F464FF0FF322946274B06469D
:102BF00004464FF0010821F0E7FE40B94FF0FF32E4
:102C0000224B3046294621F0D5FE00B9804618F007
:102C1000FF0F2ED100224FF48013204629464FF09B
:102C2000010821F0D1FE40B92046294600224FF488
:102C3000801321F0A1FE00B9804618F0FF0F18D1D3
:102C4000304639461EF06AFC0022114B1EF094FEFD
:102C50000022002304460D4621F08EFE60B9204676
:102C6000294621F0EFFEBDE8F081401070470020BA
:102C700070470020BDE8F081204629460022044B21
:102C800021F052FA04460D46E9E700BFFFFFEF7F4F
:102C90000000F041FFF794BF38B50D46FFF790FFF5
:102CA00004462846FFF78CFF00F01F0004FA00F0EE
:102CB0004300B0EB630F03D0BDE83840FFF75EBDC3
:102CC00043F0010038BD00BF38B50D46FFF778FF6F
:102CD00004462846FFF774FF00F01F0044FA00F096
:102CE0004300B0EB630F03D0BDE83840FFF746BDAB
:102CF00043F0010038BD00BF38B50D46FFF760FF57
:102D000004462846FFF75CFF60404300B0EB630FCA
:102D100003D0BDE83840FFF731BD43F0010038BDB6
:102D200038B50D46FFF74CFF04462846FFF748FF2D
:102D300020434300B0EB630F03D0BDE83840FFF7FA
:102D40001DBD43F0010038BD08B5FFF739FFC04392
:102D50004300B0EB630F03D0BDE80840FFF70EBDA2
:102D600043F0010008BD00BF38B50D46FFF728FF4E
:102D700004462846FFF724FF20404300B0EB630FD2
:102D800003D0BDE83840FFF7F9BC43F0010038BD7F
:102D900038B50D46FFF714FF04462846FFF710FF2D
:102DA00000F01F0024FA00F0B0F1804F03D2400081
:102DB00040F0010038BD21F0F3FABDE83840FFF7DC
:102DC0002FBC00BF0E2816D008B50346C0B19B0724
:102DD00008D0FFF7F5FE07EE900AF8EEE77A17EE57
:102DE000900A08BDFFF7C4FE21F04CFE07EE900AE2
:102DF00017EE900A08BDDFED057A17EE900A7047CE
:102E0000DFED027A17EE900A08BD00BF0000C07F18
:102E100070B50E46FFF7ACFE044630460D46FFF790
:102E2000A7FE02460B462046294621F07DF9BDE863
:102E30007040FFF7F5BB00BF70B50E46FFF798FE78
:102E4000044630460D46FFF793FE02460B462046E9
:102E5000294621F067F9BDE87040FFF7E1BB00BFEC
:102E600001F00103184203D0C3130133012B12D91F
:102E7000D0B50C46FFF77CFE064620460F46FFF70E
:102E800077FE02460B463046394621F003FBBDE88B
:102E9000D040FFF7C5BBCB130133012BE8D843105B
:102EA000481000FB03F04300B0EB630F02D143F086
:102EB00001007047FFF762BC032912D0D0B50C4661
:102EC000FFF756FE064620460F46FFF751FE024624
:102ED0000B463046394621F007FCBDE8D040FFF7ED
:102EE0009FBB7047F8B50C46C107034603D5E20700
:102EF00001D5620811D11846FFF73AFE0646204672
:102F00000F46FFF735FE0B460246394630461EF0A7
:102F100033FDBDE8F840FFF783BBFFF751FE0546E0
:102F20002046FFF74DFE95FBF0F303FB10504300E6
:102F3000B0EB630F03D0BDE8F840FFF71FBC43F0D0
:102F40000100F8BD2DE9F0410C468046FFF710FE68
:102F5000064620460F46FFF70BFE04460D46FAF7DD
:102F6000C3F922462B4621F0FDFC28BB002200239A
:102F70003046394621F01EFD80B90022002330463C
:102F8000394621F0EFFC20B32046294600220023D9
:102F900021F0F2FC28BB4046BDE8F08130463946BE
:102FA0001EF04AFD22462B4621F074FAFAF7B0FCD7
:102FB000BDE8F041FFF734BB2946204621F01AFD59
:102FC00039460246304621F0C5FDBDE8F041FFF725
:102FD00027BB304639461EF02FFDBDE8F041FFF714
:102FE0001FBB0C2000F086FF08B1034B0360034BAE
:102FF0000022C0E90123CFE7645A04000000F07FFB
:10300000C2072DE9F8430C460BD5CB0709D5401074
:103010004C10844241DB3DD1640044F00100BDE826
:10302000F883FFF7A5FD064620460F46FFF7A0FDF3
:1030300004460D4602460B463046394621F0BAFC9E
:1030400090B922462B463046394621F08BFC28B1F8
:1030500030463946BDE8F843FFF7E2BA22462B4630
:1030600034463D4616461F46F9F786FA2246804604
:1030700089462B463046394621F054F842464B46A5
:1030800021F008FA22462B4621F04EF8BDE8F8431D
:10309000FFF7C6BA234604461846001BFFF7C6F9D9
:1030A00020444400B0EB640F02D144F00100B6E7C5
:1030B000BDE8F843FFF762BB08B5FFF759FD1EF006
:1030C000BBFCBDE80840FFF7ABBA00BF08B5FFF78F
:1030D0004FFD1EF02FFDBDE80840FFF7A1BA00BF6D
:1030E00008B5FFF745FDFAF7FFF8BDE80840FFF720
:1030F00097BA00BF08B5FFF73BFDFAF775F8BDE8D2
:103100000840FFF78DBA00BF08B5FFF731FD1EF08C
:1031100005FABDE80840FFF783BA00BF08B5FFF71E
:1031200027FD054B002220F0FFFFFAF7DDF8BDE890
:103130000840FFF775BA00BF0000E03F0E280BD033
:103140000E2909D08842F8B5044618D001F00102D2
:10315000104216D00020F8BD00207047A288A88831
:10316000A31D904228BF1046691D1A4612F8014B54
:1031700011F8015FA542EDD1D41A8442F6D901209D
:10318000F8BD0D46FFF7D0FC06462846FFF7CCFCFD
:103190008642DFD144EA05039B07DBD1032EDDD055
:1031A000022ED7D12046FFF7E3FC064628460F46FD
:1031B000FFF7DEFC0B4602463946304621F0D2FBD3
:1031C0004FF0010300B90346D8B2F8BD08B5FFF7C8
:1031D000B5FF002814BF42200A2008BD08B5FFF73C
:1031E000ADFF00280CBF42200A2008BD0E281AD0CF
:1031F0000E29F8B50C4614D00628054615D04228ED
:103200003FD00A281CD00629034600F09080422CAB
:1032100011D00A2C37D09C4210D004F001031D427B
:1032200011D00020F8BD00207047062906D0422C9E
:103230004FF00003EDD10322934204D10120F8BDE9
:103240000123062CE3D12846FFF76EFC06462046F4
:10325000FFF76AFC032E22D003282FD0012E14D0B2
:10326000012821D08642DCD145EA04039B07D8D14E
:10327000032847D0022828D0601BB0FA80F040090C
:10328000F8BD0323DDE70122D6E7062D33D0422D1A
:103290004FF0020634D00A2DE2D10125E0E70228E2
:1032A00013D00328DCD1DFE7062C4FF0020020D03A
:1032B000422C23D00A2CD5D10124D3E7022E04D0EE
:1032C000012EAED1062DE2D1ABE72846FFF750FC28
:1032D000064620460F46FFF74BFC02460B4630469B
:1032E000394621F03FFB4FF0010400B90446E0B23B
:1032F000F8BD0024B6E702260025B1E70324B1E7B4
:103300000325ADE7AC4299D0AB88A288A81D9A42AC
:1033100028BF1A460534034613F8011B14F8015F51
:103320008D427FF47EAF191A9142F5D986E70022CB
:1033300082E700BFFFF75ABF08B5FFF757FF002825
:1033400014BF42200A2008BD08B5FFF74FFF002830
:103350000CBF42200A2008BDF8B5078945687FB137
:103360000E46043D002402E00134A74208D0314655
:1033700055F8040FFFF73AFF0028F5D02046F8BDB6
:103380004FF0FF30F8BD00BF10B500220446FFF734
:10339000E3FF011E04DB201D01F002FF012010BD30
:1033A000002010BD38B58307044608D148B1FFF7A7
:1033B000BBFB032812D0022814D0012038BD0A28F4
:1033C00001D1002038BD0028FBD00E28F9D00628F6
:1033D000F7D010F1FF3018BF012038BD0C4B9C42D4
:1033E000EBD1EEE72046FFF7C3FB02460B4604464F
:1033F0000D4621F0E9FA0028E3D1204629460022B3
:10340000002321F0AFFAB0FA80F0400938BD00BFC8
:10341000C05A0400422805D00A2801D0FFF7C2BFD5
:1034200000207047012070470E2857D00E2955D034
:10343000F8B50C460546FFF777FB06462046FFF732
:1034400073FB032E2FD0A5422BD02846FFF790FB0D
:10345000064620460F46FFF78BFB324604460D46D4
:103460003B463046394621F0AFFAA0BB22462B46F8
:103470002046294621F0A8FA68BB22462B46304652
:10348000394621F079FA18BB22462B463046394698
:1034900021F090FA003018BF0120F8BDD01A814207
:1034A0000DD20020F8BD0328CDD1A542F9D0AA88BD
:1034B000A188AB1D914228BF114605341A4612F867
:1034C000015B14F8010F8542E8D028BF0120E4D247
:1034D0004FF0FF30F8BD6FF00100F8BD6FF0010054
:1034E000704700BF38B501F0010313EA000404D0AF
:1034F0008842ACBF0020012038BDFFF795FF831C38
:1035000014BFC00F204638BD10B501F001042042A1
:1035100003D0884207DC422010BDFFF785FF831CE3
:1035200001D00028F7DD0A2010BD00BF10B501F062
:103530000104204203D0884207DA422010BDFFF781
:1035400073FF831C01D00028F7DB0A2010BD00BFE9
:1035500010B501F00104204203D0884205DB42206F
:1035600010BDFFF761FF0028F9DA0A2010BD00BF87
:1035700010B501F00104204203D0884205DD42204D
:1035800010BDFFF751FF0028F9DC0A2010BD00BF75
:10359000F0B591B00446FFF7C7FA03283DD00228E2
:1035A0000FD0052848D0002C4CD00A2C42D00E2C2D
:1035B00045D0422C55D02C4B2C48062C08BF184621
:1035C0002CE0E3072CD40E2C39D02046FFF7D0FA9C
:1035D00021F000450F464FF0FF322946244B0646A6
:1035E00021F0F2F938B9304629464FF0FF32204B2E
:1035F00021F0CCF940B332463B463046394621F003
:10360000E3F9E0B9304639466A46F8F7A1FE684664
:103610004FF0FF31FEF7B0FE00E0204611B0F0BDE4
:10362000694660100CF022F968464FF0FF31FEF752
:10363000A3FEF3E70F48F1E70F4811B0F0BD0F48C4
:1036400011B0F0BD0E48E9E70023304639460022AC
:1036500021F092F90B4C0C4B002814BF2046184661
:10366000DCE70A48DAE700BF145B0400385B0400BB
:10367000FFFFEF7F2C5B0400485B0400F85A040056
:10368000A45A0400045B0400E85A0400205B040010
:1036900010B50446FFF748FA04280ED164B1A30719
:1036A0000AD12368074A23F001035B69934203D0E0
:1036B0002046BDE81040184710BD2046BDE8104028
:1036C000FFF766BF9136020008B5FFF72DFA05280F
:1036D00010D8DFE800F0030507090B0D084808BD06
:1036E000084808BD084808BD084808BD084808BD86
:1036F000084808BD40F22230FEF7A0F8002008BDBF
:10370000D85A0400945A04005C5B04007C5B0400FB
:103710006C5B0400C85A0400062808D008B5FFF7FF
:1037200003FABDE8084000F57570FEF787B840F26F
:10373000DD30FEF783B800BF4FF46470FEF77EB84B
:1037400010B5FEF7F1F80446102000F07FFC226966
:103750000260206110BD00BF38B5FEF7E5F80469CE
:10376000054634B123682B612046BDE8384000F09F
:10377000ADBB40F25330FEF761F8F3E7F0B585B02A
:103780000746FEF7D1F8046906468CB194E80F00AD
:103790006D46306185E80F00204600F097FB084B2E
:1037A00077611B68284631469B6B984705B0F0BD92
:1037B0003846FFF76DFF40F2E730FEF73FF8E5E7E8
:1037C0009439002010B5FEF7AFF8446912239C42EB
:1037D000436101D0204610BD40F25330FEF72EF871
:1037E000204610BD08B5FEF79FF84369122B05D09F
:1037F000FFF7E8FFBDE80840FFF7C0BF08BD00BF06
:1038000079B110B4084B094C014410F8012B04FBAA
:1038100003F3884283EA0203F7D118465DF8044BAC
:103820007047014B18467047C59D1C8193010001EC
:1038300038B5046834F00304054612D0A30F15D13F
:103840002846E369984705462DB140F6BE239D42C0
:1038500005D9002C03DB40F24930FDF7EFFF284685
:1038600038BD40F25130FDF7E9FFE9E7C4F39905AF
:10387000EAE700BFF8B54FF480400CF045FF194C63
:10388000194B1A4D1A4E002787611A4F8760D3E9EA
:1038900001122768C76000F10807276000F580540F
:1038A000013106343460596043F6F8742968446085
:1038B00022449A6079B188420DD30A6872B190426D
:1038C00003D20BE0984203D31A461368002BF9D1B8
:1038D00003601060F8BD01602860F8BD13460A4619
:1038E000F6E700BF803900206439002050390020FD
:1038F00058390020F83F008038B5144B9A881B686F
:1039000092B1551E53F8251088421AD0023A03EBA3
:1039100082032A4602E0216881420BD0013A511C01
:103920001C46A3F10403F6D14FF45270BDE83840B1
:10393000FDF784BF954204D0044801F09DFB206050
:1039400038BD0248BDE8384001F096BB5C39002024
:1039500018210148FEF736BD64390020036823F0C2
:10396000010318888008704730B338B5C56804462D
:10397000A5B155E901326868A96862605A0F032A47
:10398000C4E9020105D040F24930FDF757FF55F870
:10399000043C43F0004345F8043C38BD50F8043C77
:1039A0005A0F032A09D143F0004344F8043C002095
:1039B000BDE83840FDF7C0BF704740F24930FDF721
:1039C0003DFF54F8043CEEE738B550F8043CDB0703
:1039D0000546A0F104041CD4104B1B6873B103F11D
:1039E00008029442F9D359680A449442F5D255F832
:1039F000043C43F0010345F8043C38BD40F24A3032
:103A0000FDF71CFF55F8043C43F0010345F8043C66
:103A100038BD40F24F30FDF711FFDDE7503900208F
:103A2000830709D140B1030F06D00168114B194239
:103A300002D1CB78F92B00D070470F4B10B504465C
:103A40001B688BB103F108029442F9D35868024411
:103A50009442F5D2094841F0010121602246818853
:103A6000BDE8104001F0F0BA40F24A30FDF7E6FE42
:103A70002168EFE70300004050390020483900205A
:103A800000294DD02DE9F84F0F468046DFF89CB055
:103A9000DFF89CA0DFF88C90061F002502E00135BE
:103AA000AF423BD056F8044FA307F8D1002CF6D014
:103AB000230FF4D0206810EA0B0FF0D1C378F92B54
:103AC000EDD1DAF8003053B103F108018C4203D391
:103AD0005A680A44944207D31B68002BF4D140F281
:103AE0004A30FDF7ABFE2068B9F8041040F0010041
:103AF000206022460B4801F0A7FAB9F80430642B85
:103B0000CDD90C200CF000FE0135074A08EB8503E7
:103B10007D1BC0E90135116801601060BDE8F88FB8
:103B2000704700BF4839002054390020030000408E
:103B30005039002038B505684DB104462846FFF7D6
:103B400043FFA1882846BDE83840FFF799BF38BD3C
:103B5000830709D140B1030F06D00168234B1942F6
:103B600002D1CB78F92B00D07047214B2DE9F041E1
:103B700004461B68002B33D003F108029442F8D3AB
:103B8000586802449442F4D221F0030341F0010149
:103B90009B6921600BB120469847164D164C2F4665
:103BA000AB8883B923681846C3B1D3E90026D3F89C
:103BB000088022600CF0CEFD41463046FFF760FFE2
:103BC000AB88002BEED0384601F056FA036823F09C
:103BD00003039B69002BE3D09847E1E7BDE8F08140
:103BE00040F24A30FDF72AFE2168CDE7030000408D
:103BF000503900204839002054390020F8B50546D6
:103C00000CF082FD0446A5F10800830760602ED108
:103C10001B4A1C4F556891681B4EC31C23F0004380
:103C2000014423F00303013543F00043C2E901518D
:103C30003A68A360E26004F10803144A31683B600B
:103C400003EB9000106079B18C420DD30A68A2B1E9
:103C5000944203D211E09C4203D31A461368002B0E
:103C6000F9D123601460F8BD21603460F8BD4FF4D1
:103C70005270FDF7E3FD6068CAE713460A46F0E7B5
:103C80006439002080390020503900205839002044
:103C90002DE9F04F834B1B780646980783B005D576
:103CA0004FF45270FDF7CAFD7E4B1B787E4A1468B4
:103CB00095887C4A43F0020313706DB104EB8505CF
:103CC00054F8040B20F0010310F0010F18BF18681E
:103CD000FFF73EFFA542F3D1744C3046FDF732FEAC
:103CE00023688BB1724B1B685E8D01F0F9FA256871
:103CF00005EB8605861B07D00024013455F8040B1C
:103D0000FFF726FFA642F8D16A4A6B4B16781D686A
:103D10003EB10024013455F8040BFFF719FFA64209
:103D2000F8D16649664A0B68176801330B60654B2A
:103D300000221A60002F00F0B180CDE900229046E9
:103D400091467B68019A07F108059B0805EB8306FD
:103D50001A44B542019248D22B6813F001017DD17B
:103D60001A0F062A7AD0AE4240F28880AA4601E0B5
:103D7000DAF80030002B4FEA13720FDBD90714D4A6
:103D8000062A12D05A0009D4DB78F92B40F24930C8
:103D900001D0FDF753FD504601F048F95046FFF7BA
:103DA00047FD0AEB800A5645E2D8AAEB05044FEA24
:103DB000A40CE0454FEA8C024FF0FF01284642F088
:103DC000004BB8BFE046E14421F0FEF8042CC5F8F2
:103DD00000B04CDD00236B60009B002B49D0009BA2
:103DE00000955D605546AE42B6D83F68002FA8D119
:103DF000354901980B684FEA890202EB09178000E8
:103E00004FEA88047F009BB12E4B1D684FEA590989
:103E100075B12B68C3F39906B14506D236E02B681D
:103E2000C3F399031E44B14531D36D68002DF6D11B
:103E300022494B69C1E903246BB193420BD8B842C4
:103E400001D3FFF717FD174A137823F0020313700D
:103E500003B0BDE8F08F194B5A61F0E723F001037E
:103E60002B602846FFF7E4FC05EB8005BBE75546D1
:103E7000B9E7144B00951D605546B4E74FF0004379
:103E8000B8F1000F2B60AEDA8846ACE733469944B0
:103E9000A9EB060305EB83030B60C9E73C463846F4
:103EA0003A46C5E7F14300205C39002090390020F4
:103EB00094390020F24300207C390020643900202E
:103EC00050390020803900205839002050F8043C37
:103ED0005A0F032A10B5044605D040F24930FDF7C9
:103EE000ADFC54F8043C43F0004344F8043C204645
:103EF00010BD00BF2DE9F84F42F6F823C71C9842C9
:103F00004FEA97077CDC444BDFF810A15B68C3F3F2
:103F10000803002B5ED19AF8003018075AD143F0FD
:103F200001038AF80030FDF7FFFC10B14368002B55
:103F30006DD0DFF8ECB0DFF8EC900026DBF8004045
:103F4000002C4ED04FF0000803E0A0461C46002B8A
:103F500047D040F251301EB9D9F80030A34248D3BF
:103F6000A10701D1230F01D1FDF768FC2568002DC1
:103F700040F24B3001DBFDF761FCC5F39905ED1B09
:103F8000002D6368E1DB0AD0AA0042F0004244F849
:103F9000272004EB8707012D1CBF7B603B46B8F14F
:103FA000000F31D0C8F80430002222604BB15B68AA
:103FB0003BB19A0701D11B0F03D14FF45470FDF7A9
:103FC0003DFC9AF8003023F001038AF800302046C7
:103FD000BDE8F88F40F29230FDF730FC9AF80030DF
:103FE0009DE736B1012E08D01520FDF727FC0136DC
:103FF000A4E70020FFF74CFEF9E7FFF73BFCF6E7EC
:104000001620FDF71BFC7EE7CBF80030CCE740F232
:104010004E30FDF713FC8CE700ED00E0F14300208B
:104020008039002058390020033010B520F00304F7
:10403000201DFFF75FFFE31D23F0804323F0030300
:1040400043F0804340F8043B10BD00BF08B538B1D1
:10405000FFF7EAFF50F8043C43F0005340F8043CFB
:1040600008BD00BFF8B5214B5B68C3F308030646E3
:104070000F46002B34D1FDF757FC1D4D1D4AF31B95
:104080009B102B7004461760A8B10C20FFF7CCFFE3
:1040900050F8043C6268026043F00053A26840F8A4
:1040A000043CE368C0E90123E0600023A6602B70B4
:1040B00063602046F8BD1820FFF7B6FF0E4A50F89F
:1040C000043C1268026043F00053122240F8043CA2
:1040D00000234261C0E903330446FDF72DFCE4E709
:1040E00040F29230FDF7AAFBC5E700BF00ED00E00B
:1040F000F24300207C39002090390020830702D150
:1041000008B1030F00D17047024B02469988184648
:1041100000F09ABF5C3900208207034602D108B143
:104120001B0F00D17047FFF7E7BB00BF0430FFF75C
:1041300001BD00BF03460C309988FFF7A1BC00BF4A
:104140004068FFF76DBC00BF10B504460430FFF7B0
:10415000F1FC04F10C00BDE81040FFF7EBBC00BF20
:1041600050F8043B23F00103198804398908FFF74C
:1041700087BC00BF03207047808880000F30800814
:10418000704700BF02207047052070470349044A6A
:104190000023C1E90033C2E9003370475C390020D5
:1041A00048390020704700BF02207047406812F075
:1041B00033B900BF704700BF10B50446034B4160E0
:1041C0000846236012F00AF9204610BD8C5B0400FB
:1041D00010B5044682B0406812F0ECF888B161680E
:1041E000684611F06BFC694601A811F0E3FE01A8D6
:1041F00011F074FC606001A811F04AFC684611F0EF
:1042000047FC02B010BD00BF38B505460820FFF7D7
:1042100071FE044628B1044B45602846236012F025
:10422000DDF8204638BD00BF8C5B0400FFF7ECBF13
:10423000A0F120035E2B10D810B582B0044668466A
:1042400011F024FB04EB8400009BA03818440521E6
:1042500002B0BDE81040FEF7B5B80020704700BFBF
:1042600010B584B00C46416803A811F027FC002368
:10427000624203A9CDE9003303480EF07FFC03A896
:1042800011F006FC04B010BDE02D002030B585B063
:104290000C46416803A8154611F010FC0023624249
:1042A00003A90093019504480EF068FC03A811F0DF
:1042B000EFFB05B030BD00BFE02D002043689B88B8
:1042C00001FB03F1FFF7CCBF70B584B00E46416827
:1042D00002A8154611F0F2FB02A903A811F0E6FBB3
:1042E00000246FF0FE0033462A4603A9CDE90004FE
:1042F00005480EF00DFD03A811F0CAFB02A811F04D
:10430000C7FB04B070BD00BFE02D002010B504460F
:1043100082B0FFF75DFF616801A811F0CFFB01A833
:1043200011F0F4FB01A811F0B3FB02B010BD00BF07
:10433000F0B5074683B00C4615461E46FFF748FF0A
:10434000796801A811F0BAFBF3B22AB221B201A830
:1043500011F0E6FB01A811F09BFB03B0F0BD00BF1C
:1043600030B583B00C461546416801A811F0A6FB94
:1043700021B22AB201A811F0E9FB044601A811F00C
:1043800087FB24EAE47003B030BD00BF436858885F
:10439000704700BF43689888704700BF002B14BF68
:1043A000FF230023FFF7C4BF08B5FFF7D9FF00289C
:1043B000D4BF0020012008BD43689B8801FB03F1A6
:1043C000FFF764BF1023FDF7E1BE00BF082870B5FA
:1043D00004460D461AD0A0F10903012B07D92A463D
:1043E000214610230D20BDE87040FDF7CFBE0F4ED3
:1043F000D6F8DC0903689B6A98470528EFDCD6F8F5
:10440000DC09036808215B6A9847E8E7074ED6F89D
:10441000DC0903689B6A98470228E0DCD6F8DC09CF
:10442000036804215B6A9847D9E700BF0025002094
:1044300038B5074C0546D4F8DC090CF0B7FCD4F8C5
:10444000DC090CF0E7FC401BB0FA80F0400938BDF5
:104450000025002070B50D461646044600F05EFAB1
:1044600050B10368DB6A984732462946204610233C
:10447000BDE87040FDF78ABE70BD00BF0A4610233C
:104480000321FDF783BE00BF0A460321FFF7E2BF09
:104490000A460221FFF7DEBF08B500F03FFA28B157
:1044A0000368DB6A9847003018BF012008BD00BFD1
:1044B0002DE9F843204CD4F8DC090CF077FC1FF010
:1044C0007FFF8046D4F8DC0989460CF077FC1FF0AA
:1044D00077FF0646D4F8DC090F460CF077FC1FF096
:1044E0006FFF424604460D464B46404649461FF084
:1044F000D1FF3246804689463B46304639461FF05A
:10450000C9FF02460B46404649461FF00DFE2246B3
:1045100006460F462B46204629461FF0BBFF0246A3
:104520000B46304639461FF0FFFD1DF0E9FB20F039
:1045300061FABDE8F88300BF00250020032814D8E5
:10454000DFE800F00E090402FFF7B2BF084BD3F812
:10455000DC090CF03BBC064BD3F8DC090CF02EBC9C
:10456000034BD3F8DC090CF021BC0020704700BFDE
:1045700000250020014804F09FB800BFA42D0020B2
:10458000024BD3F8E0090CF085BD00BF00250020E8
:10459000014802F0C1BD00BFC82E002040B1012873
:1045A00004D1064BD3F8DC09F8F71ABB002070479A
:1045B000024BD3F8DC09F8F7F3BA00BF002500205E
:1045C00008B503283FD8DFE800F02F2011021F4B69
:1045D000D3F8E0090CF0A6FC1FF0F2FE00221C4B01
:1045E00020F082F8BDE80840FEF71AB8174BD3F860
:1045F000E0090CF047FD1FF0E3FE154B002220F010
:1046000073F8BDE80840FEF70BB8104BD3F8E0098B
:104610000CF030FD1FF0D4FE0D4B002220F064F8AA
:10462000BDE80840FDF7FCBF084BD3F8E0090CF0EB
:1046300019FD1FF0C5FE064B002220F055F8BDE81D
:104640000840FDF7EDBF00200021CBE7002500204A
:1046500000408F40024BD3F8E0090CF0A1BC00BF32
:1046600000250020034BD3F8DC391A680146526A52
:10467000184610470025002008B5054BD3F8E0097F
:104680000CF0D4FCA0F10100B0FA80F0400908BDA4
:1046900000250020012808B505D0022811D00328E4
:1046A00008D0002008BD0A480EF042FC003018BFB8
:1046B000012008BD07480FF0FBFB003018BF0120A8
:1046C00008BD05480EF034FC003018BF012008BDBD
:1046D000142E00205C2E0020382E00200AB2FF236A
:1046E00001B2014811F01CBAB42D002070B5FF2AA8
:1046F00082B005460E4604DC002A14460ADC00237C
:1047000000E0FF230C4832B229B202B0BDE870408D
:1047100011F006BAFF2A0CD0084803F0AFFE0128BA
:10472000E3B2EFD001210548019303F0B5FD019BF1
:10473000E8E71346E6E700BFB42D0020A42D0020D3
:104740000AB2002301B2014811F0EAB9B42D0020E9
:104750000AB201B2014811F0F9B900BFB42D00202E
:1047600001480EF06BB900BFE02D0020C1B2014836
:1047700003F092BDA42D002008B5024803F07EFE90
:1047800008BD00BFA42D002001480CF0B5BC00BF3F
:10479000A42D00200146014803F0B0BFA42D002045
:1047A00010B9034803F016BD014803F02BBE00BF4B
:1047B000A42D002030B583B00C4901A80CF0A0FC5A
:1047C00001A811F08BF9044601A811F061F9082045
:1047D000FFF790FB054610B12146FFF7EDFC2046A0
:1047E00011F01AFE284603B030BD00BFA42D0020F2
:1047F0002DE9F0410668B3F5807F28BF4FF4807340
:104800000446D6F800800D46002116461F46C047D4
:104810004FF496700CF0CEF8227D094B09481F2A00
:1048200098BF184672B6217D074C01F01F0141EA7E
:10483000075133462A46A04762B6BDE8F08100BF63
:104840000005005000080050C922002008B143684C
:1048500003B9704710B50446084600F05FF8626877
:1048600004F108014FF48073BDE81040FFF7C0BFAA
:1048700008B1436803B9704770B504461546084649
:1048800000F04CF82B46626804F10801BDE8704066
:10489000FFF7AEBF704700BF08B5194A41F2502379
:1048A000D05870B14FF0FF3110F0EAFA07EE900ADD
:1048B000FDEEE77A17EE900A772803DC332803DC55
:1048C000002008BDFF2008BD9FED0E7ADFED0E6AC7
:1048D000F8EEE77A77EEC77AFDEEE77A17EE903AD0
:1048E000C3EB032307EE903AB8EEE77AC7EE267AD9
:1048F000FDEEE77A17EE900AFF28A8BFFF2008BD5B
:10490000002500200000504200008842704700BF90
:10491000704700BF704700BF00F092B9722864D0A2
:104920000ADC6A2867D012DD6E286AD02EDC6C287B
:104930005FD040DC3448704797285ED00FDD9B285D
:104940005DD017DC99284CD037DC3048704766289A
:1049500037D020DD68283ED035DC2D4870477528DB
:1049600035D01EDD78283ED079282ED077280BD17F
:104970002848704740F2E933984230D040F2EA3399
:1049800098421CD09C2832D000207047702824D038
:104990001FDC21487047642809D06528F4D11F48DE
:1049A0007047732805D07428EED11D4870471D4804
:1049B00070471D4870471D4870471D4870471D4887
:1049C00070471D4870471D4870471D4870471D4877
:1049D00070471D4870471D4870471D4870471D4867
:1049E00070471D4870471D4870471D4870471D4857
:1049F00070471D4870471D4870471D4870471D4847
:104A000070471D48704700BFE0280020982B002009
:104A100080280020002A0020402900205028002063
:104A2000B829002038280020A029002010290020C3
:104A3000C82B0020502B002068280020B028002020
:104A4000302A0020D029002070290020982800203A
:104A500058290020382B0020B02B0020182A0020D5
:104A600088290020F82B0020F8280020C8280020E2
:104A7000802B0020E02B002028290020FFF74EBFCC
:104A800010B5FFF74BFF20B10368BDE810405B682D
:104A9000184710BD10B5FFF741FF20B10368BDE80E
:104AA00010401B68184710BD10B5FFF737FF20B145
:104AB0000368BDE810405B69184710BD10B5FFF7EB
:104AC0002DFF20B10368BDE81040DB68184710BD1A
:104AD00010B5FFF723FF20B10368BDE810409B6BC2
:104AE000184710BD70B50446FFF718FF68B103689A
:104AF0000D46164603215B6D9847324629462046EF
:104B00001023BDE87040FDF741BB70BD014B9868B4
:104B1000704700BFE038002008B5FFF7FFFE78B10E
:104B2000C38804290CBF43F4807323F48073C380CB
:104B3000036811461B6D9847024B984200D008BD90
:104B4000002008BD11FCFFFF10B5FFF7E7FE48B1DC
:104B500003681C694FF4FA62A44640F2DC53BDE8D6
:104B60001040604710BD00BF704700BF10B5FFF791
:104B7000D5FE20B10368BDE810401B6B184710BD7F
:104B800008B5FFF7CBFE034A034B106000221A6002
:104B900008BD00BF883900208C390020026870B53C
:104BA0000D1E0446D66802DD0A4A12782AB920464C
:104BB00033460021BDE87040184752110121914051
:104BC000B047236804499B6B91FBF5F12046BDE893
:104BD000704018472A23002040420F00114B124A10
:104BE0001B78FF2808DC002812DB107073B198B125
:104BF00040110121814003E0FF2111703BB1802170
:104C00000A4B186810B10A4B1B783BB170477047CC
:104C100000211170002BF9D00021F1E70368DB6857
:104C2000184700BFF34300202A23002088390020C2
:104C3000F4430020014B1878704700BF2A2300205E
:104C400070B50E4D2B680C46ABB10D4E0146224699
:104C5000184601233370FFF7A1FF002C0ADD204620
:104C60000BF028FB286818B103680021DB6898471F
:104C70000023337070BD034B2B60E6E788390020BA
:104C8000F3430020EC37002010B559B101290CBFC7
:104C900002210021FFF742FE48B10368BDE8104041
:104CA0005B6C18470121FFF739FE0028F5D110BDD4
:104CB00010B5FFF733FE0368BDE810405B6D184781
:104CC00001460020FDF77EBB704700BF70B50C4D5C
:104CD0002C6882B014B1204602B070BD2C2020F0A8
:104CE00018F9084B002603F1180203F13001009671
:104CF000044613F0A3FD20462C6002B070BD00BF37
:104D0000843900207029002010B50446FFF7DEFF2B
:104D1000036821461B69BDE81040184770B50C4672
:104D200082B0F0B1054639B16A6863689A4203D02F
:104D300040F28D30FCF782FDFFF7C8FF03686A6818
:104D40005E6905F1080134B1154604F108030095C8
:104D5000B04702B070BD254623460095B04702B06B
:104D600070BD39B1FFF7B2FF036865685E69002165
:104D70000A46EAE740F28D30FCF760FDF2E700BF3B
:104D800010B50446FFF7A2FF036821469B68BDE803
:104D90001040184770B505460C46FFF797FF0368AB
:104DA0002A462146DB68BDE8704018472DE9F043EC
:104DB000134C236883B007460E4615462BB11A687C
:104DC0001846136A9847002323603846FFF7A6FD6C
:104DD00007463046FFF7A2FD80462846FFF79EFDB6
:104DE00081462C2020F095F800264B464246394655
:104DF0000096054613F022FD256003B0BDE8F08360
:104E00008439002030B583B00446FFF787FD90F960
:104E100014503C2020F07DF8032300932946A2B2D1
:104E2000012308F0D3FC03B030BD00BF10B5FFF77D
:104E300075FD074C0146204600F036FF054B1978FA
:104E4000204681F00101BDE8104000F081BE00BFA6
:104E5000F82E0020F44300200146034B034881F064
:104E600001021A7000F074BEF4430020F82E0020F6
:104E7000F0B5044683B0002017460E46FDF7A2FAAF
:104E80006100054600F1080289B2009733460348E5
:104E900012F0B8FA284603B0F0BD00BFB02C0020D5
:104EA00010B582B00C4640004B68009281B204F10C
:104EB0000802024812F042FA02B010BDB02C0020E5
:104EC0000023C0E901337047704700BF0023C0E9E9
:104ED0000133C0E903337047704700BF2DE9F04745
:104EE000C4888C4205460E462FD24FEA8408D0F87B
:104EF0000090002C39D03F2C35DDB4F5007F3DDB30
:104F000004F580774FF6FE724FF6FF73974288BF25
:104F10001F46B742B8BF3746B8000BF0F5FB8246D4
:104F20001CB14246494620F02BF83A1B9200002162
:104F30000AEB080020F048F848460BF00BFCC5F8D7
:104F400000A0EF80AE80BDE8F08782889142F9D260
:104F50000068521A00EB81009200002120F034F822
:104F6000AE80BDE8F0876700D3E704290F46B8BFDD
:104F70000427B8000BF0C8FB8246D6E7034B08EBCA
:104F80000407A3FB07377F08C3E700BFABAAAAAAA1
:104F9000704700BF704700BF704700BF704700BF39
:104FA000704700BF0B6823F0010370B51B89042B09
:104FB0000C46054602D13DB9204670BD40F2853011
:104FC000FCF73CFC002DF7D0E81C8000FEF792FFB8
:104FD000064608B1074B0360A368B360AAB2B58068
:104FE0009200002106F10C0034461FF0EDFF204630
:104FF00070BD00BFBC5B040038B502690A4B9A4221
:10500000054603D04FF46270FCF718FC2888FEF7C1
:1050100071FF044600B105602A880021043A201D72
:105020001FF0D2FF204638BD954F0200036823F0E1
:1050300001031B69184700BF036823F001031B69C4
:10504000184700BF704700BF4FF6FE7399420AD859
:1050500083888B4270B5054616460C4604D92B68EA
:1050600043F8246070BD70470131FFF737FF2B68AC
:1050700043F8246070BD00BF83884BB1013B9BB2F5
:1050800002688380002152F8230042F82310704701
:1050900018467047C38870B54BB33F2B0FDDB3F58F
:1050A000007F2CDB03F580744FF6FE72944223D808
:1050B000A4B28C4238BF0C46A34207D370BD5C003B
:1050C000A4B28C4238BF0C46A342F7D20546A000DA
:1050D000FEF7AAFFEB880646E3B9E21A920006EB58
:1050E000830000211FF070FF2E60EC8070BD04294A
:1050F00038BF04210C46E7E74FF6FF74E4E7084A9F
:1051000003EB8304A2FB0424C4F34F048C4238BF96
:105110000C46D9E79A0029681FF032FFEB88DCE7DC
:10512000ABAAAAAA30B5C3888B4283B005460C4609
:1051300009D9036843F82120AB889C4224BF01347D
:10514000AC8003B030BD4FF6FE739942F9D80131FF
:1051500089B20192FFF79EFF2B68019A43F8242041
:10516000EAE700BF38B5C3888B4204468DB201D24E
:10517000AB4201D9A58038BD2946FFF78BFFA5803A
:1051800038BD00BF83884BB1013B9BB2026883806E
:10519000002152F8230042F8231070471846704748
:1051A000F8B583888B421DD905684A1C8F0093424D
:1051B000044655F8216005EB070007D8013B9BB278
:1051C0000022A38045F823203046F8BD5A1A02F188
:1051D0008042013A391D294492001FF0DCFEA38869
:1051E0002568EBE70026EFE783888B421CD970B572
:1051F0000E461546591CC28889B28A4204460FD908
:10520000701C216880009B1B061F9A0008443144D3
:105210001FF0C1FEA388226801339551A38070BDA1
:10522000FFF738FFA388EBE7FFF77CBF024A026075
:105230000022C0E9012270474C5C0400024A02606F
:1052400000224260704700BF1C5C0400034A0260F9
:105250000022C0E90122C0E903227047EC5B040090
:105260002DE9F041068945681EB32B68994224D088
:105270002A46002003E052F8044F8C4217D0013038
:10528000B042F8D1B1F804808F1D002404E001344D
:10529000A6420ED055F8043F9A889045F7D1991D43
:1052A000424638461FF05DFE0028F0D12046BDE89A
:1052B000F0814FF0FF30BDE8F0810020F7E700BF3C
:1052C000704700BFFCF7BABA014B1B6818697047FA
:1052D00094390020014B1B6898697047943900206D
:1052E000014B1B68188C704794390020014B1B68D8
:1052F000D86B7047943900200268F8B544F2102347
:105300009A4200D0FEE74368194A1968194F914242
:105310003B6014D00646188C174D8000FEF796FEB1
:105320003B6828601A8C002192001FF04DFE3C68FB
:10533000124B226829689A420D6006D0FEE740F2BF
:105340009F30BDE8F840FCF779BAB36822699A4209
:10535000F4D1FCF7C3FA3A680023156B04F140005E
:105360001A461946A847BDE8F840FCF78BBA00BFBB
:10537000718E3B929439002090390020708E3B92C0
:105380000148FFF7B9BF00BFA052040048B110F0B8
:10539000030207D1036823F00103D978F92903D068
:1053A00010467047002070471889A0F10600B0FA37
:1053B00080F04009704700BF70B505460C20FEF72D
:1053C00099FD044620B1154B03600023C0E9013369
:1053D0003DB1AB0705D12B6823F00103DA78F92A38
:1053E00001D0204670BD0E4A9342FAD12E89002E7C
:1053F000F7D02046FEF782FE63899E4203D93146EC
:10540000201DFFF747FEB2006968268160681FF023
:10541000B7FD2046FEF780FE204670BD4C5C0400C0
:10542000EC5B040038B50D46044608B1830714D080
:1054300040F29B30FCF702FA29462046FFF710FFA6
:10544000051E08DB2946201DFFF7AAFE294604F1A8
:105450000C00FFF7A5FE422038BD036823F00103CE
:10546000DA78F92AE4D1024A9342E5D0E0E700BFB6
:10547000EC5B0400704700BFDFF8D8C02DE9F043B3
:10548000C0F3072E044603FB0EFE304E30488CFB63
:105490000E87C4F307454FEAEE7ECEEB671E03FB93
:1054A00005F5C1F30729C1F30748C9B203FB01F7AA
:1054B00086F800E0E4B28CFB05E1ED1703FB04F491
:1054C000C5EB611575708CFB0415E41703FB09F936
:1054D000C4EB6515C2F3072EC2F30744D2B203FB37
:1054E00008F803FB0EFE03FB04F403FB02F38CFB42
:1054F00009214FEAE972C2EB6112B570F2704FEA0E
:10550000E8758CFB0812C5EB62158CFB0712FF17C0
:10551000C7EB62178CFB0E124FEAEE7ECEEB621EDB
:105520008CFB04128CFB03C1E417DB17C4EB621481
:10553000C3EB611335713146777186F806E0F4717B
:1055400033720922BDE8F04314F008B998390020FD
:10555000802B00201F85EB5100221146104614239A
:10556000FFF78ABF024601461423FFF785BF00BF3D
:1055700010B5104882B00CF0E5FC90B10246002353
:1055800001A80C490CF080FC0198B0F9021004301D
:10559000FCF716FF044601A810F010FE204602B0EA
:1055A00010BD01460448FCF70BFF0446204602B03C
:1055B00010BD00BF302C0020106B040030B5034636
:1055C00083B00E4CB0F904200D4601A8991D10F0CF
:1055D0006DFE01A9002220460CF03CFA01A810F053
:1055E000EDFD2A46102301210C20FCF7CFFD2046BB
:1055F00000210CF0B7FB03B030BD00BF302C002001
:1056000098B100B5014683B0B1F9042001A8063174
:1056100010F04CFE01A9022204480CF071F901A817
:1056200010F0CCFD03B05DF804FB7047302C002077
:10563000014628B142680348022308310CF036B90C
:10564000704700BF302C0020F8B5051E21DD022771
:1056500029460020FCF7B6FE044600F10806FEF7D6
:105660004DFD3B46314662680D480CF097FB854284
:1056700009D001463046FCF7A5FE05462046FEF758
:105680004BFD2846F8BD20462546FEF745FD284639
:10569000F8BD03480CF056FC00270546D8E700BFCC
:1056A000302C002070B50D4614460646FFF736F93B
:1056B00090B12846FFF732F970B13046FFF72EF966
:1056C00006462846FFF72AF93146024605480CF0FF
:1056D0002FF9054B01221A7021460248BDE870409F
:1056E0000CF018B9302C0020F54300200146014889
:1056F0000CF010B9302C002038B5094A094B02F1E2
:10570000E0042046A2F1180100251D700CF010F9EC
:1057100020464FF4E131BDE838400CF0FBB800BF43
:10572000502B0020F5430020014601480CF0D6BB69
:10573000302C0020014601480CF0EABB302C002040
:10574000024B1B7803B1704708F0ACBAF543002058
:10575000024B1B7803B1704708F0A4BAF543002050
:1057600010B582B0B0F90420811D684610F09EFD8E
:105770006A46022301A809490CF082F90198B0F9A0
:1057800002100430FCF71CFE044601A810F016FDC0
:10579000684610F013FD204602B010BD302C0020EA
:1057A00000B5831D83B0B0F9042069B9194601A87A
:1057B00010F07CFD01A90C4803F056FD01A810F083
:1057C000FDFC03B05DF804FB194601A810F06EFD66
:1057D00001A90122044803F0AFFD01A810F0EEFC7E
:1057E00003B05DF804FB00BFE8370020014803F078
:1057F000D5BA00BFE837002070B50E46FDF7B8F9FE
:10580000044630460D46FDF7B3F902460B462046E6
:1058100029461CF043F8BDE87040FCF701BF00BF0B
:1058200008B5FDF7A5F91BF0DBFDBDE80840FCF766
:10583000F7BE00BF08B5FDF79BF91BF08DFDBDE875
:105840000840FCF7EDBE00BF08B5FDF791F91BF06D
:1058500037FDBDE80840FCF7E3BE00BF08B5FDF723
:1058600087F9F7F72DFBBDE80840FCF7D9BE00BF6C
:1058700008B5FDF77DF91BF0BFFFBDE80840FCF758
:10588000CFBE00BF08B5FDF773F91BF00DFFBDE8F3
:105890000840FCF7C5BE00BF08B5FDF769F91CF06C
:1058A0002FFABDE80840FCF7BBBE00BF84B00DF185
:1058B000100C0CE90F00BDF80230024A013B1360E6
:1058C00004B070475420002030B5104B83B0002442
:1058D00028201C601FF01DFB10230546009340F29A
:1058E0004D4122460A4B0AF065FF294609480EF051
:1058F00069F808B903B030BD28460AF08FFF284682
:1059000003B0BDE830401FF0FDBA00BF54200020B6
:10591000AD580200B825002010B5044C20680028BE
:1059200000DB10BDFFF7D0FF206810BD5420002021
:10593000084B1B68002B10B5044608DB22461023D9
:10594000002140F24D40BDE81040FCF71FBCFFF7BE
:10595000BBFFF3E75420002008B5FBF77BFFFFF700
:105960000FFD002008BD00BF70B50A4A41F2502368
:1059700005460C46D05801210FF0ACFA022D224604
:105980000CBF0221012110231520BDE87040FCF757
:10599000FDBB00BF00250020124A41F25023D3581E
:1059A000E3B181F3080207EE902A9FED0F7A9FED95
:1059B0000F6ADFED0F6AF8EEE77A022867EE877A62
:1059C000184687EE867A77EE267AFDEEE77AF8EECD
:1059D000E77A17EE901A02D00FF0C2BA70470FF0B4
:1059E0008DBA00BF002500200000884200007F43E0
:1059F00000005042704700BF704700BF024B1B6859
:105A000003EB4000704700BF94390020704700BF8F
:105A1000704700BF704700BF0048704716FCFFFF8B
:105A2000704700BF704700BF82B070B50C4684B0AD
:105A300005464968206802AC03C4039908AC4810C5
:105A400084E80C00CB0745BF2A58029B029CD4581F
:105A50000AAB2E1893E803008DE8030008AB0CCBCB
:105A60003046A04704B0BDE8704002B0704700BFA8
:105A700010B50446D0F8E808036801211B68984770
:105A80000121D4F8E80812F087FCD4F84818D4F8BB
:105A9000E00811F01BF9012384F8603810BD00BF45
:105AA00038B50446D0F8E80803680025294684F88C
:105AB00060581B6898472946D4F8E808BDE8384084
:105AC00012F06ABC82B038B504A9044681E80C0023
:105AD000D0F84808BDF8125018300EF059FF18B928
:105AE00025F00205012D05D12046BDE8384002B061
:105AF000FFF7BEBF2046BDE8384002B0FFF7D0BF79
:105B0000FF2906D808B58900083002F017FA0020EE
:105B100008BD6FF47A70704708B5083002F024FAB7
:105B20000028B8BF0330801008BD00BFD0F8DC38B3
:105B300080F862185BB1D0F8682819B91146184688
:105B400011F082BF11461846012211F051BF704773
:105B5000D0F8DC3880F863185BB1D0F8642819B944
:105B60001146184611F070BF11461846002211F078
:105B70003FBF704770B5044682B038201FF0C9F9A6
:105B800004F1080513232A46064600931849194BC9
:105B900011F04CFD0021C4F8DC68304611F02EFEF7
:105BA000D4F8DC0811F0FAFC81B2284602F0ECF9D6
:105BB0004FF40041284602F0F1F994F862182046AB
:105BC000FFF7B4FF94F863182046FFF7C1FFD4F83D
:105BD000D8380BB102B070BD284640F2FF33054AF9
:105BE00004F66C0102F06AF9C4F8D80802B070BD7E
:105BF0000010024000442C47044B186810B1D0F844
:105C0000DC3803B17047FFF7B5BF00BFA4390020EF
:105C100010B5044689B3D0F8DC3823B3C388214AD1
:105C200043F001030221C380C2F88410BFF34F8FF9
:105C3000BFF36F8FD0F8DC0811F0D4FED4F86818E9
:105C4000D4F8DC0811F000FFD4F86418D4F8DC08AC
:105C500011F0FAFED4F8DC0810B103689B6998478C
:105C60000023C4F8DC3894F86038DBB284F861387B
:105C70002046FFF715FF002010BDC388DA0705D5C1
:105C8000D0F8DC2823F00103C38042B194F86138D6
:105C9000002BF0D02046FFF7EBFE002010BDFFF7F1
:105CA00069FFF3E700E100E070B50446D0F8DC08D6
:105CB00094F86358002384F863380E4618B1D4F87A
:105CC000641811F0C1FEC4F8646829462046BDE896
:105CD0007040FFF73DBF00BF70B500F108040CF045
:105CE000E1FB0646204602F07DF90546204602F01B
:105CF0007FF96DB105F5B5550C35B54208D830B111
:105D000000F5B2500830B0428CBF0020012070BDB9
:105D1000012070BD2DE9F04F83B0DDE90C9ABDF88C
:105D20003880002B3BD0B9F1000F35D00F2902D1BC
:105D3000B8F1C00F33D1074628201D460E469346C2
:105D40001FF0E7F8044610300FF068FE1820268098
:105D5000A4F802B01FF0DDF8CDE9009A06466B46C4
:105D6000024603CB46F80C5B00233D68D36048F045
:105D700002087360E360506091600E495161C4E9AC
:105D80000833A4F80480A2606B683846214698471F
:105D900040B903B0BDE8F08F1AF0010FC6D16FF41F
:105DA0007A70F6E720460AF039FD20461FF0AAF87F
:105DB0000148EEE7295A020016FCFFFF70B50446C1
:105DC000D0F8DC081B4B236048B1D4F8681811F0F8
:105DD0003BFED4F86418D4F8DC0811F035FE164BFD
:105DE000C4F8F43803F18402A833C4F80C29C4F8C9
:105DF0001439124E002504F5126010F04DF904F626
:105E00000C10C4F80C69A4F8125909F0A5FE04F5A9
:105E10000F6002F091FF04F66C0002F093FC04F1B5
:105E2000080001F027FE20462660E58009F094FE78
:105E3000204670BD845C040040680400B470040017
:105E400010B50446FFF7BAFF20461FF05BF8204666
:105E500010BD00BF2DE9F04F774D05608BB00025D8
:105E60000646456004468B4692461F46DDF8509034
:105E700009F002FE714B46F8083B40F2FF32032363
:105E80006F49304601F0B0FD04F66C08012284F839
:105E9000605884F8622884F8632840F6C2314AF6D4
:105EA0004442C4F864B8C4F868A884F8615840460D
:105EB00002F07EFC159BC4F8E8384146C4F8D85877
:105EC000C4F8DC58C4F8E078C4F8E49804F50F602E
:105ED00002F030FF31462B2204F6F40003F0E0FC20
:105EE000584A1168002900F0A4804046012102F0C0
:105EF00017FF00224946384610F09AFE1621C4F8D2
:105F00004808384610F0FCFD00220721D4F8480864
:105F10004D4D10F0ABFB09F09FFD074650201EF0E1
:105F2000F8FFD4F848183A46064618310FF044FCFA
:105F3000C4F8546830460FF0BDFA074648201EF0FA
:105F4000E8FF0A2202233946CDE900323F4A012305
:105F500006460FF06DF9D4F85408C4F84C6803688D
:105F60009B689847804668201EF0D3FF384A01920C
:105F700000261522CDE902264FF08342354B0092D0
:105F80004146354A07460EF021FF2B68C4F8587881
:105F9000A3B1324AD4F85478CDE9042604AA92E891
:105FA00003003F894FF0C00C8DE8030032461846CD
:105FB000CDF808C039462346FFF7ACFE50201EF04E
:105FC000A8FFD4F84C182522243106460FF0F4FB24
:105FD0002B68C4F8506843B30026DFF88080CDF802
:105FE0001880079606AA92E80300C0278DE80300F0
:105FF00032461846252123460297FFF78BFED4F838
:1060000048082D68314618300EF0B6FCCDE90886F8
:106010000AAB024613E9030002978DE8030023460A
:10602000284640F2FF31FFF775FE20460BB0BDE871
:10603000F08F146059E700BFB4700400845C040062
:1060400000442C47A4390020CC3B00200AD7A33DB4
:1060500000005042000082420000AA42C55A0200DD
:1060600000487047BC5C0400BFF34F8F0549064BE6
:10607000CA6802F4E0621343CB60BFF34F8F00BFE6
:10608000FDE700BF00ED00E00400FA0512DF7047F5
:10609000704700BF08460AF08FBC00BF13F0F8BA83
:1060A00008460AF085BC00BF13F000BB024A034952
:1060B00001601060704700BFB4390020E45C040048
:1060C00030B583B002AB002103F8011D0546184628
:1060D000FFF7DCFF9DF80730012B1BD0134A144853
:1060E000012313600424C2F80011D2F80031002B00
:1060F000FBD0D2F80835013C43EA0020F3D101235C
:1061000053602B680B4A9B69934209D10AF054FCF7
:1061100003B030BD2B68074A9B6905489342F5D010
:1061200001462846984703B030BD00BF00D000406C
:10613000ED5EBC0B95600200034B1B680BB10AF0CF
:106140003DBC1846704700BFB43900204FF0805363
:10615000586E704770B4174E174C0FCE89B001AD12
:106160000FC596E8070003C5002104F8051F4FF08E
:1061700080532A705E6E0520012501EB810208AB79
:106180001A44B6FBF0F300FB1363B3FBF5F31A44B8
:10619000013112F81C2C04F8012D0529A6EB030689
:1061A00000EB800005EB8505E7D1034809B070BC22
:1061B000704700BFA05C0400A839002000B583B080
:1061C00002A8002300F8013DFFF760FF9DF80700DB
:1061D000A0F10100B0FA80F0400903B05DF804FBC3
:1061E00008B5FFF741FF00BF014B1860704700BFC3
:1061F000B03900202DE9804889B0DFF8709207900F
:1062000013F03CFA914A9249924D0023C1F810359F
:1062100009F10404C2F810354846C2F814351C21AF
:10622000C2F81835C2F81C35C2F82035C2F824353A
:10623000C2F828354FF0A043032201F5E0718442F3
:1062400043F8212009D010F8011F1F2986BF01F053
:106250001F012B464FF0A043EFE77F4B7D4D1C1DE8
:106260001A464FF0A0411523032003F5E073944232
:1062700041F8230009D012F8013F1F2B86BF03F01D
:106280001F0329464FF0A041EFE77348714D1523D6
:106290004FF0A041012404FA03F38242C1F80C3507
:1062A00009D010F8013F1F2B86BF03F01F032946BA
:1062B0004FF0A041EFE7694B694A1B6812680693EB
:1062C000DFF890A10592002303934FF0010B059B8B
:1062D000002B00F0AF80039A934240F3A980002383
:1062E0000493604B01931B244FF0A04800230293BA
:1062F000019B03F1040E029B272B6FDC039B49F6E5
:106300003F42052B49F6404C40F69F73ACBF4FF41B
:106310007A6C1346019E504F49F640426546042070
:106320000441E407CC464FF01C010FD51F2943D888
:106330004FF0A0440BFA01F1C4F80C1580B1347889
:106340001CF8011F01380441E407EFD41F2937D896
:106350004FF0A0440BFA01F1C4F808150028EED163
:106360005DB139781F2986BF01F01F0150464FF0FB
:10637000A0400BFA01F1C0F80815002102E001313C
:10638000914212D09942D8F80405F8D138781F28E4
:1063900086BF00F01F0054464FF0A04401310BFAB5
:1063A00000F09142C4F80C05ECD1764507F10107E5
:1063B0000AD016F8014FB2E701F01F015446B9E7C1
:1063C00001F01F015446C5E7029B0133302B0293B5
:1063D00009D0019B1C78029B272B8FDD4FF0FF33E8
:1063E0004FF0000C96E7049B591C04292AD0012980
:1063F00026D0049B012B14BF01230A231A48079AB5
:1064000092FBF3F380FB0320DA17C2EBA00202EB4E
:106410008202A3EB4203303305225BB26FF09F0090
:1064200012FB0303069A0491D1180191D45C5DE735
:10643000FFF71AFE0B4B0193059B04931B2453E7B4
:106440006423DBE7039B0133039340E704600040D0
:106450000060004000030050CC5C0400CC20002011
:10646000B0390020C45C040067666666D45C040032
:1064700008B50846FBF7E2F908BD00BF4FF0FF3052
:10648000704700BF054B186828B10368044ADB69F0
:10649000934202D1704713F0F9B81847B43900207D
:1064A000916002000048704716FCFFFF10B5074BD3
:1064B00003F1080248330446026040F83C3F0CF008
:1064C000FFF8204601F066FE204610BD045D040082
:1064D000A0F13C00FFF7EABF094B10B503F1080239
:1064E00048330446026040F83C3F0CF0E9F820468F
:1064F00001F050FE20461EF005FD204610BD00BFF5
:10650000045D0400A0F13C00FFF7E6BF2DE9F04177
:10651000044682B01820154688461EF0FAFC012673
:1065200007461B220C4913F02BF82B4642463946EE
:106530002046009601F06CFF2A46214604F13C00FB
:106540000CF0E8F8054B204603F1080248332260BE
:10655000E36302B0BDE8F08100B00140045D0400D7
:10656000F8B54FF4006206464263044656F8640BE1
:1065700003680025DF6931460B23B847294684F8B4
:106580008B5084F8805084F8755084F89050102215
:1065900004F181001DF0ACFD29466064102204F175
:1065A00076001DF0A5FD656B2368E06405F50065C8
:1065B000E5631A68676C126B184690472844874257
:1065C00003D3E56C636CAB4201D30020F8BD2068B7
:1065D0000368DB6A98478542F7D230460E220349AA
:1065E0001EF0BFFCB0FA80F04009F8BD685D040001
:1065F00010B50446C0E901230160042308314FF4BB
:1066000080720C3007F01AFF0022012104F12400EF
:1066100009F090FF04F198000FF06AFE0023C4E92E
:106620001433A363236223646363E3636364A36536
:10663000E36484F85C3084F85D302366C4F89430F9
:10664000204610BD30B5036ADB078DB0044602D486
:10665000FFF786FF90B12D22002168461EF0B4FCA2
:106660002068616B03686A461D6A0B23A84720688F
:10667000E16C03686A461D6A0123A847236A23F078
:10668000010323620DB030BD38B500F12404054686
:10669000204609F059FF2846FFF7D4FF2046BDE801
:1066A000384009F089BF00BF10B5044698300FF09C
:1066B00085FD204610BD00BFC1600020704700BFAF
:1066C000014B1880704700BFE443002010B5044B15
:1066D000036000230446C38009F03EFA204610BD43
:1066E000B470040010B5064B036000230446C38059
:1066F00009F032FA20461EF005FC204610BD00BF0E
:10670000B470040082B070B50C4684B00546496888
:10671000206802AC03C4039908AC481084E80C005C
:10672000CB0745BF2A58029B029CD4580AAB2E18AF
:1067300093E803008DE8030008AB0CCB3046A0477C
:1067400004B0BDE8704002B0704700BF10B5006AE9
:1067500084B0026800230093146AE0210DF10F0257
:10676000A04704B010BD00BF2DE9F843154D0560EA
:106770000025044645601F4689469046BDF82060C6
:1067800009F07AF910482060C4E90898A7622A46FF
:1067900004F12C00012109F0CDFEE388256143F4CA
:1067A00080430020002143F004036561A561C4E932
:1067B0001001E563A4F84850A680E3802046BDE8B8
:1067C000F88300BFB4700400CC5D0400C3885B078D
:1067D00000D47047FFF7BABF30B5C3885B0783B0FA
:1067E00004460D4601D5FFF7B1FF206A2A6801680B
:1067F0005388002400940C6A0432E021A04703B0BF
:1068000030BD00BF70B50646486AD0F83C33B0F8DA
:1068100042435B6884B000F54F700D469847B0FA6C
:1068200080F0C4F300244009A04215D003A801223F
:106830000C210FF007FCEB885B071DD4286A039A34
:106840000368002100919C6A04320C23E021A047D8
:1068500040B103A80FF020FC30460FF0EDFB3046AE
:1068600004B070BD03A930460FF00EFC03A80FF072
:1068700013FC304604B070BD2846FFF767FFDDE724
:1068800070B50C4682B0064668460FF0D5FBE3882B
:1068900043F00103E380012501200AF089F8214635
:1068A00001A8FFF7AFFF01A968460FF0FDFB01A8A3
:1068B0000FF0F2FB009B5A88691CE2B11A79202A7A
:1068C0001DD1E2885B79920601D5392B1FD0312B7F
:1068D00011D0022168460FF065FCE38823F0010324
:1068E000E380694630460FF0CFFB68460FF0D4FBDB
:1068F000304602B070BD132D0CDC0D46CCE7132AD8
:10690000E7D059790E4809F0DFFFC11CE2E7012109
:106910000D46C1E70122022101A80FF093FB019B64
:106920003822202119715A71E38823F00103E38092
:1069300001A930460FF0A8FB01A80FF0ADFBD4E78A
:106940007C5D0400F0B5164683B00D461F46044634
:106950000FF072FB314601A80FF096FB01A9284603
:10696000FFF73AFF00B92FB901A80FF095FB2046B9
:1069700003B0F0BD01A80FF08FFB294601A8FFF777
:106980007FFF01A920460FF08FFB01A80FF084FBC9
:10699000204603B0F0BD00BF70B582B01646044675
:1069A00001220D46684602210FF04CFB20460FF0F5
:1069B00043FB009B10225E711A71694601A80FF01B
:1069C00063FB01A92846FFF707FF064601A80FF061
:1069D00063FB56B9294601A8FFF752FF01A92046DB
:1069E0000FF062FB01A80FF057FB68460FF054FB55
:1069F000204602B070BD00BF30B5CB889B0783B086
:106A00000C46054606D5A068A38928602846AB80B9
:106A100003B030BD68460FF00FFB012201A82146EC
:106A2000FFF7BAFF01A968460FF03EFB01A80FF07F
:106A300033FB009BB3F80730A381022201A8214653
:106A4000FFF7AAFF01A968460FF02EFB01A80FF07F
:106A500023FB009BB3F807302381022B03D1E3888B
:106A600043F02003E3800322214601A8FFF794FFAF
:106A700001A968460FF018FB01A80FF00DFB009A62
:106A8000A189B2F80720E388628149F60412914295
:106A900043F0020016BF23F0040343F0060343F063
:106AA0000203E080E38068460FF0F6FAABE700BF30
:106AB00070B584B006460C4601A8012204210FF0EF
:106AC000C1FA019A0823012584F001041221D4712E
:106AD00011715371957101A90DEB03000FF0D4FAF8
:106AE0002B46314602AA03A8FFF72CFF03A80FF09C
:106AF000D3FA02A80FF0D0FA01A80FF0CDFA04B033
:106B000070BD00BF70B5012184B00546FFF7D0FF0E
:106B10000021012009F034F801A8012204210FF01E
:106B200091FA019B082201241226072001A91E7157
:106B30005871DA719C710DEB02000FF0A5FA234633
:106B400002AA294603A8FFF7FDFE03A80FF0A4FA46
:106B500002A80FF0A1FA0A2009F02AFF686A0321AF
:106B600000F54F7011F036FC4FF0804301A8C3F8D8
:106B700000450FF091FA04B070BD00BFC388DB0779
:106B800000D5704730B50446406AD0F83C33B0F8C1
:106B900042535B6883B000F54F709847B0FA80F0BD
:106BA000C5F300254009A84213D068460FF044FA07
:106BB00001A82146FFF726FE01A968460FF074FAE6
:106BC00001A80FF069FA009B5A8822B968460FF0B5
:106BD00063FA03B030BD1A79112AF7D15A79092A1C
:106BE000F4D19A79012AF1D1DB79032BEED1204639
:106BF000FFF788FFEAE700BFC38870B513F0010410
:106C000003D0114B00221A6070BD0546406AD0F8CF
:106C10003C33B0F842635B6800F54F709847B0FAB8
:106C200080F0C6F300264009B042EAD0064A136855
:106C30001D2B02DC0133136070BD28461460BDE8D3
:106C40007040FFF79BBF00BFB8390020C38819B957
:106C500023F00103C380704743F00103C3807047F2
:106C600008B509F051FC003018BF012008BD00BF75
:106C70002DE9184804460BF005FCD4E91023821ACC
:106C800061EB0303002B08BFB2F5FA7F06D3E06B7C
:106C90000028CCBF00200120BDE818880020BDE8F6
:106CA000188800BF2DE9F04F8BB0054699469DF836
:106CB000503004930C46019190460BF0F3FBAB6A05
:106CC000002B00F0008106460F460BF0EBFB8246DE
:106CD0008B467CB1894508BF8045C0F0F280B8EB97
:106CE0000A0069EB0B01794A00238B4208BF8242FC
:106CF00080F0E78028460121FFF7DAFE049B002B95
:106D00000CBF01200220002108F03AFF08A80BF078
:106D10009BFCCDE90201A86A42690368D2F84815D4
:106D20000591D2F804130691D2F80413DB69C2F876
:106D30000813C2680792664A934240F0BA80654BD6
:106D4000C360DFF8A4A10023AAF80030049B002B45
:106D500000F09C80686A032100F54F7011F03AFB47
:106D60005D4B40221A60A86A089A03680221DB6B17
:106D70009847A86A03689B6A9847DDE90223B8F13F
:106D80000D0049F1FF31921B63EB0703801B61EBA0
:106D9000070192185B41801A61EB0301089C0026F1
:106DA00000278046894628E04F4508BF464529D23E
:106DB000B8EB060269EB070348480021994208BF77
:106DC000904200D20246A86A036802212244DB6B8B
:106DD000984730BFA86A03689B6C9847041B361914
:106DE000834647F100070BF05DFBBAF800309BB219
:106DF00000213BB1AAF800105C46019B002BD3D1C7
:106E0000364AE0E7686A002100F54F7011F0E2FAB7
:106E10000499002933D0A86A03681B6B9847A86AB5
:106E200043690268D3F80413D269C3F808132849E8
:106E30008A4241D1079AC260059AC3F848250022C8
:106E40000023194610460BF00FFCAB6A049A5B69ED
:106E5000002A069AC3F804230CBF03200420002153
:106E600008F08EFE00212846FFF722FE0BF00AFBF9
:106E7000C5E91001002318460BB0BDE8F08F159B43
:106E8000002BC8D0184611F0A5FAC4E7159B002BBB
:106E90003FF460AF1B6815985B689847159B159881
:106EA000DB8813F4807F0CBF0321022111F092FADA
:106EB00050E70849984744E707999047AB6A5B69F0
:106EC000BAE7074BD7E7074BD5E700BF9F8601001E
:106ED000B9660200C166020000E100E0BFBDF0FF3C
:106EE00009FCFFFF16FCFFFFE443002070B584B0EF
:106EF00004AB0024002563E90245064618460BF062
:106F0000CBFB002501240146DDE902233046CDE913
:106F10000045FFF7C7FE04B070BD00BF2DE9F0418A
:106F2000044682B00E46154610309846BDF82870CB
:106F30000EF074FD2680658018201DF0EAFF08AB76
:106F4000054693E803006A4682E803002E4603CA1A
:106F500046F80C8B0023084AEB6047F00207736089
:106F600068602046A780A560E360C4E90833A96093
:106F70006A6102B0BDE8F0810567020010B5104BF0
:106F80001C6890B0CCB10F4A04920022059204AA6A
:106F9000034692E8030010228DE80300029240F2BB
:106FA000FF31052206A8FFF7B9FF236806A99B68F1
:106FB0002046984706A809F031FC10B010BD00BF6C
:106FC000CC3B00200970020038B50446002009F0CF
:106FD000A3FA2046FFF7D2FF2046FFF787FF0546BA
:106FE00004F12C0009F0FCFA284638BD10B504461F
:106FF0002C3009F0F5FA002009F08EFA2046BDE8A1
:107000001040FFF7BBBF00BF82B08DE80C00BDF899
:10701000002040F2FF339A4201D002B07047BDF821
:107020000230052BF9D102B0FFF7E0BF4CDF70470B
:1070300010B5044B036000230446C38008F08CFDA8
:10704000204610BDB470040010B5064B0360002349
:107050000446C38008F080FD20461DF053FF204603
:1070600010BD00BFB470040070B5094B036000256B
:10707000044645600E4608F0FFFC4FF47A73054A5B
:107080002561E360A680A5602260204670BD00BF38
:10709000B4700400F05D040010B5C38843F480436D
:1070A000C38086B004460BF0EDF9A2680023994234
:1070B00008BF904202D2002006B010BD0023019309
:1070C000FFF77CF808BB134B01221A60D3F80021AC
:1070D000002AFBD00022C3F80021D3F80825019232
:1070E00001215960002AB8BF0332921022820BF0AE
:1070F000C9F9E368A18818440123A0601A4602A8D0
:107100000EF06CFC002006B010BD01A8FFF78EFF4A
:10711000019AE7E700C0004010B50446FFF7BCFF46
:10712000B4F91000B4F91230C01A10BDFFF7B4BFA3
:1071300038B504460D46FFF7AFFFE56038BD00BF28
:10714000C0687047002070470368DB6A184700BFBB
:10715000A0F10800FFF7F8BF094B10B503F10802D2
:10716000483304460260836018300FF027F8054B5F
:10717000236000232046E38008F0EEFC204610BD8B
:10718000545E0400B47004000B4B03F10802483352
:1071900010B504460260836018300FF00FF8074BFB
:1071A00023600023E380204608F0D6FC20461DF033
:1071B000A9FE204610BD00BF545E0400B470040058
:1071C000002070472DE9F041104D05600025456015
:1071D000044617461E468846BDF8185008F04CFC79
:1071E0000B48C4F80C8000F108014830A060C4E9E5
:1071F0000476216004F118000FF07AF84022182379
:10720000A580A262E3802046BDE8F081B47004004E
:10721000545E04002DE9F04F032B85B082460D46E5
:107220001746194603A8B8BF032101229B460EF05A
:1072300009FF4FF014094FF0000801216869FFF7BA
:1072400005FDE8683A6801685388CDF800800C6A4B
:107250000432E421A047064600285ED13B681B7932
:107260000C2B38D1EB8813F0400F14BF642014208E
:1072700009F020F82869D0F83C33B0F842435B6845
:1072800000F54F709847B0FA80F0C4F3002440092D
:10729000A04224D0002211464FF0FF3303A80EF085
:1072A00029FFE868039A01685388CDF800808C6A4A
:1072B0000432E421A0470646B8B9039A3968137925
:1072C00009798B4230D0E888800619D5202B0CD163
:1072D0005379392B09D1012008F0ECFFCAE70136B8
:1072E000012008F0E7FF142EC4D1B9F10109A4D19F
:1072F00068694946FFF7AAFC50460EF09DFE1FE064
:10730000002BE8D0202BF0D153799942E3D0002B09
:10731000E1D0B9F1010990D1EAE7012008F0CAFFF4
:10732000B9F1010989D1E3E701466869FFF78EFCED
:10733000594603A80EF036FF03A950460EF0A4FEEE
:1073400003A80EF0A9FE504605B0BDE8F08F00BFBF
:107350002DE9F0410D4684B0064648699846174627
:10736000FFF734FAEB88DB0611D403AC394620462C
:107370000EF08AFE4346224629463046FFF74AFF72
:1073800020460EF089FE304604B0BDE8F0810122AF
:10739000114601A80EF056FE3A68019B1279032AA5
:1073A0000CBF062203221A7101A902A80EF06CFE7E
:1073B00003210A4809F088FA03AC034602AA2946C9
:1073C0002046FFF727FF20460EF066FE02A80EF0CB
:1073D00063FE01A80EF060FEC8E700BF0C5E04006B
:1073E000F0B585B0044616460F460122082101A8D3
:1073F0001D460EF027FE20460EF01EFE46F02060D1
:10740000019E07F0BFFDAD007060284607F0BAFD91
:1074100001A9B06002A80EF037FE05F1080302AA28
:10742000394603A8FFF794FF03A920460EF03CFE5F
:1074300003A80EF031FE02A80EF02EFE23685B8832
:10744000082B0FD803A80EF0F7FD03A920460EF075
:107450002BFE03A80EF020FE01A80EF01DFE204614
:1074600005B0F0BD002220464FF0FF3308210EF09A
:107470005BFE23685988204608390EF093FE01A868
:107480000EF00AFE204605B0F0BD00BF30B583B057
:107490000C46014601A81D46FFF7A2FF01994B8843
:1074A0005BB12046AA0004311DF06AFD002401A84A
:1074B0000EF0F2FD204603B030BD014CF7E700BFEF
:1074C0000CFCFFFFA0F10800FFF7E0BF2DE9F04F33
:1074D000804685B068464FEA83090D4693460EF014
:1074E000ABFDD8F828104945A8BF4946083101220C
:1074F00001A80EF0A7FD09EB050A01A84FF0FF3324
:107500000022FF210EF0F6FD55453DD2002601E098
:10751000AA4539D9D8F82830019FA9EB06049C4226
:1075200045F03060A8BF1C4607F02CFD786020466F
:1075300007F028FD26F003012246B860594407F100
:107540000C001DF01DFD04F1080101A80EF02AFE3B
:1075500001A902A80EF098FD092302AA414603A83A
:10756000FFF7F6FE03A968460EF09EFD03A80EF095
:1075700093FD02A80EF090FD009B5B8825442644F5
:10758000002BC5D1064C00E0002401A80EF084FDBC
:1075900068460EF081FD204605B0BDE8F08F00BFC3
:1075A0000EFCFFFFA0F10800FFF790BF70B5154675
:1075B00082B0012204460E46684611460EF042FD96
:1075C000009B69461D7101A80EF05EFD2946094821
:1075D00009F07AF901AA034631462046FFF7B8FEC2
:1075E00001A80EF059FD68460EF056FD204602B087
:1075F00070BD00BF0C5E040010B5C3889B0784B04B
:10760000044609D5636A00209AB262F30F001B0C8E
:1076100063F31F4004B010BD01A80EF00DFD07225A
:1076200002A82146FFF7C2FF02A901A80EF03CFD07
:1076300002A80EF031FD019B5A88B2B906222146FC
:1076400002A8FFF7B3FF02A901A80EF02DFD02A8C2
:107650000EF022FD019B5A881AB901A80EF01CFDFC
:10766000D0E75B7984F82630F7E7B3F8050007F038
:107670009BFC0622A084214602A8FFF797FF02A9DF
:1076800001A80EF011FD02A80EF006FD019B5A881C
:10769000002AE2D05B79A28C84F8263002FB03F347
:1076A000B3F5F83F05DD4FF4F83393FBF2F284F8BD
:1076B000262002A86169FFF79FF9BDF80830012B69
:1076C000E38814D023F0100343F028034022E38022
:1076D000A262BDF80C2002F5CD427B3292B2012AA3
:1076E00098BF43F0400343F00203E380B5E7402234
:1076F00043F01803E380A262EBE700BF2DE9F047F7
:1077000088B006460D4617460821012201A80EF052
:1077100099FC02A80EF090FC03A80EF08DFC04A8C2
:107720000EF08AFC3046FFF767FFB48C96F82630DF
:107730000590B90001EB050904FB03F3994500F23C
:10774000D680B9FBF4F7B5FBF4F304FB07F7B9EB0C
:10775000070204FB03FA08BF3F1B554500F0C18038
:10776000A21A04FB1353B2FBF4F104FB1124002B07
:1077700040F08F80002C7DD1F3881B073ED5BA45A1
:107780005ED8544607AD03E0B38C1C44BC4257D8C6
:1077900044F04060DDF8048007F0F4FBC8F8040012
:1077A000204607F0EFFB01A9C8F8080006A80EF074
:1077B0006BFC012306AA31462846FFF7C9FD29467E
:1077C00002A80EF071FC28460EF066FC06A80EF02A
:1077D00063FC029B5B88002BD6D1464C04A80EF0BC
:1077E0005BFC03A80EF058FC02A80EF055FC01A8A3
:1077F0000EF052FC204608B0BDE8F0874AF0406029
:10780000019C07F0BFFB6060384607F0BBFB01A995
:10781000A06006A80EF038FC012306AA07A831468E
:10782000FFF796FD07A902A80EF03EFC07A80EF090
:1078300033FC06A80EF030FC029B5B88002BCCD0FA
:10784000039B5B88002B36D1049B5C88002CC5D041
:1078500004A907A80EF018FC079A316853880C6A2F
:107860009B08494604323046A04707A80EF014FC96
:107870000024B3E707ADA30828464A463146FFF780
:10788000AFFD294604A80EF00FFC28460EF004FCBC
:1078900072E707AD9B08284652463146FFF7A0FD28
:1078A000294603A80EF000FC28460EF0F5FB002C3C
:1078B0003FF462AFDEE703A907A80EF0E5FB079AE5
:1078C000316853880C6A9B08514604323046A04701
:1078D00007A80EF0E1FB049B5C88002C3FF47EAF10
:1078E000B6E7601B384488427FF43AAF44E76FF450
:1078F0007A7473E70EFCFFFF30B5044683B00D4683
:10790000FFF77AFEA28C29469208204603B0BDE814
:107910003040FFF7F3BE00BFA0F10800FFF7ECBF57
:1079200010B5044682B0FFF767FEA38C94F82600DA
:1079300000FB03F002B010BDA0F10800FFF7F0BF9C
:1079400010B5044682B0FFF757FEA08C02B010BD00
:10795000A0F10800FFF7F4BF02460020D36801330E
:10796000D36070470B6881601B680846184700BFEA
:107970008068003018BF0120704700BFD0F814089D
:10798000704700BFCB1E012B05D94B1E012B02D91E
:107990006FF47A7070474B1C03EBD3735B10C0F825
:1079A0001418C0F818380020704700BF00F50160B7
:1079B0000068704710B5044B044640F8083B0EF0D1
:1079C0006BFB204610BD00BFC05E040010B5054B28
:1079D000044640F8083B0EF05FFB20461DF092FA8B
:1079E000204610BDC05E0400F0B4214C04600226A5
:1079F000032400F61C05C0F81448C0F818680024D9
:107A00004FF07E56C0E901442E6000F624054FF089
:107A1000000CC0F820480127C5F800C000F5036637
:107A20000024002580F82878C6E90045DE1E00F60F
:107A30003807012EC7E9004510D95C1E012C0DD96D
:107A400092B207EE902A00F50162F8EE677A00F62E
:107A50000C031160F0BCC3ED007A70475C1C04EBB2
:107A6000D4746410C0F81438C0F81848E8E700BFB0
:107A7000D45E0400F8B5104B104E114F036005465C
:107A80006C68A4B16068E26B03686A60DB68984761
:107A900023689B68B34220460BD140F8087B0EF068
:107AA000FBFA20461DF02EFA6C68002CEAD128461D
:107AB000F8BD9847E4E700BFD45E0400CD7902002A
:107AC000C05E040038B54B684FF07E520A631A68F6
:107AD00005460C461846126905F50165904795ED77
:107AE000006A9FED117AD4ED067AD4ED075A6063EF
:107AF000C7EE276A431C03EBD37320F002005B1030
:107B00000128A36385EE867AC4ED096A84ED0A7ABA
:107B100002D00023236238BDBEEE007A67EE877A7A
:107B2000C4ED087A38BD00BF00C07F442DE9F04F96
:107B30002DED048B8DB00C46029105900AF0B2FC3D
:107B40006468CDE90601002C00F09781029B4FF498
:107B50000072D3F8183892FBF3F2029B002A03F16B
:107B60000C03049306DD002103EB820243F8041B9F
:107B70009A42FBD1CC4EDFEDCD8A0125A346DBF83E
:107B80003470DBF83C30039347B959460298FFF74D
:107B900099FFDBF83470002F00F0A180029BDBED31
:107BA0000A7AD3F818284FF4007AF5EE407A9AFB57
:107BB000F2FA0AF1030A03EB8A02F1EE10FA0192DB
:107BC00009D103F5016292ED007ADBED076AC6EE9A
:107BD000877ACBED0A7A019B1946049B99427ED99C
:107BE0009946DBF80820DBF83830528892FBF3F234
:107BF00007EE102ADBED0B7ADBED0A6A019AB8EE8C
:107C0000C77AA2EB090437EE677AA41087EE268ABA
:107C1000BDEEC88A18EE108AA045A8BFA046B8F1EC
:107C2000000F34D04546CA4607EE103A01E09BEDFE
:107C30000E7ADBF8102056F82730B8EEC77A67EED8
:107C4000277AFDEEE77A17EE900A1044984706EE81
:107C5000900ADBED087A9BED097A9AED006ADBED7C
:107C60000C5AF8EEE66A013D76EEA77A67EE877A5F
:107C7000A5EEA76AAAEC016A9BED0B7ADBED0A7A06
:107C800077EE277ACBED0B7AD1D109EB880918EE84
:107C9000103A9C4220DDDBF80C3003B3DBF8041013
:107CA0000A68013BCBF80C3008A81368984708A96C
:107CB0000BF108000EF0F8F908A80EF0EDF9DBF86A
:107CC0000820CBED0B8A131DCBF8103051880B44E4
:107CD000CBF81430538813B1019B994581D3DDF85B
:107CE0000CB0BBF1000F7FF44AAF029B2C46184644
:107CF00093F82818002D40F0848079B1029BDDE9CB
:107D0000060103F6380283F82848C2E9000101237E
:107D1000022240F6D63108A80DF060FE01224FF491
:107D2000007108A80EF08EF90299089C9FED607A08
:107D300001F60C0201F61C0392ED008AD3ED007AE5
:107D4000D1F814386288D1F8181892FBF1F268EE75
:107D5000277A032B04F10404C7EE879A00F084808D
:107D6000012BF6EE008A28EE289A00F0978068EE44
:107D7000688AB0EE498A9FED4F9A551E7AB3B8EEE5
:107D8000C99A4D4E049FDDF8088001E0D8F81438F8
:107D9000F7EC017AD8F8202856F82330B0EE497A6B
:107DA000A7EEA97A2046013DB4EE687AF1EE10FA0A
:107DB000F0EE477A48BFF0EE687AF4EE487AF1EEDA
:107DC00010FAC8BFF0EE487AFDEEE77A17EE901A87
:107DD00011439847D8F818381C446B1CD6D1029B25
:107DE000986803681B68984708A905980EF04CF935
:107DF00008A80EF051F905980DB0BDEC048BBDE854
:107E0000F08F03F62403D3ED007AF5EE407AF1EE1D
:107E100010FA0ED04FF40072D0F8183892FBF3F23B
:107E2000002A06DD049B03EB8202E3EC017A9A420E
:107E3000FBD100297FF472AF0299DDE906450846BF
:107E4000012301F5036280F8283801F63801C2E900
:107E5000004500240025C1E900451A4640F6D63108
:107E600008A80DF0BBFD59E7B6EE009A28EE099A76
:107E7000DFED0E8ABDEEC99A7FE7029B9868036822
:107E80001B68984701224FF4007105980EF0DAF84C
:107E900005980DB0BDEC048BBDE8F08FBDEEC99A1E
:107EA000DFED028A69E700BF8420002000000000A7
:107EB00000C07F4400000000A820002070B50546E7
:107EC0002DED028B402008EE902A0E4608EE103A67
:107ED0001DF01FF84022044600211DF075F82046D1
:107EE000154B40F8083B0EF0A7F8F5EE408AF1EE8E
:107EF00010FA04BF05F50163D3ED008A6660B8EEA1
:107F0000C88A002300222146284684ED068AC4ED53
:107F1000078AE262C4E903336361FFF7D3FD336884
:107F20006A685B68E26330466C6021469847BDEC46
:107F3000028B204670BD00BFC05E0400B1F5806FAB
:107F40000DD207EE901ADFED076AF8EEE77A00F639
:107F50001C0387EEA67A002083ED007A70476FF449
:107F60007A70704700C07F4400F61C00D0ED007AA4
:107F70009FED047A67EE877AFDEEE77A17EE900AB6
:107F8000704700BF00C07F4407EE901AF8EE677A92
:107F900000F60C00C0ED007A00207047C0F82018F1
:107FA0000020704707EE901AF5EEC07AF1EE10FA55
:107FB00010D49FED0A7AF4EEC77AF1EE10FA09DCDC
:107FC0009FED077A77EEC77A00F62400C0ED007ABD
:107FD000002070476FF47A70704700BF0000804443
:107FE0000000004400F50360D0E90001704700BFC5
:107FF00000F63800D0E90001704700BF29DF704764
:1080000028DF704712DF7047022802D1014B01229E
:108010001A707047F643002000207047C068704710
:10802000D0E9023000FB03F0704700BF10B5446890
:10803000084611199A001CF0A3FF002010BD00BFD4
:108040002DE9F04182B002AD4FF0000805F8018D36
:10805000446828461E460C441546FFF7D3FF9DF89A
:108060000730A3B11C4F87F8008002E00A200AF015
:10807000E5FA324629462046FFF7C0FF0028F5D131
:108080003B78002BFCD0002002B0BDE8F081134A01
:108090000123C2F80435D2F80034002BFBD076B1AE
:1080A00029460E4A05EB8605641A631851F8040B3D
:1080B0001860D2F80034002BFBD0A942F5D1074A52
:1080C0000023C2F80435D2F80034002BFBD0002086
:1080D00002B0BDE8F08100BFF643002000E001409F
:1080E00002680549D2688A4204D1D0E9022000FB27
:1080F00002F07047104700BF2180020070B582B0C7
:1081000002AB002203F8012D4468054618460C44D2
:10811000FFF778FF9DF8073093B1164E327002E0FA
:108120000A200AF08BFAE868B4FBF0F0FFF768FF6A
:108130000028F5D13378002BFCD0002002B070BDB0
:108140000D4A0223C2F80435D2F80034002BFBD0CC
:108150000949C2F80845D1F80034002BFBD00023B0
:10816000054AC1F80435D2F80034002BFBD00020BA
:1081700002B070BDF643002000E0014030B4034D72
:108180000560C0E90112C36030BC7047FC5E0400AA
:10819000704700BF10B5C388044A026023F400533F
:1081A0000446C38008F0BCFF204610BD205F0400D9
:1081B00010B5C388064A026023F400530446C38006
:1081C00008F0AEFF20461CF09DFE204610BD00BF0B
:1081D000205F0400F8B5C37D03B9F8BD0446006A0A
:1081E0000368DB6A9847206A03681B6B9847E3695A
:1081F000DA68002A1FDD6FF02F051A4F2D1B04F1DE
:108200003002002612F9013B03F5A273A81847F8C3
:108210002360E369D9688142F4DC00290BDD002585
:108220005B6953F8250003685B689847E369DA687F
:108230000135AA42F4DC9A68002A0BDD00251B698F
:1082400053F8250003685B689847E3699A6801352D
:10825000AA42F4DCE388002223F00203E380E27503
:10826000F8BD00BF0060004008B5034649B9094A9F
:1082700012780AB9002008BD1B68DB6A9847002005
:1082800008BD02680349C37D0B70136B984700203B
:1082900008BD00BFF74300202DE9F84FC37DD0F89B
:1082A0001CB004460F4613B1C388DB0748D5DBF882
:1082B0000C30002B40DD0123DFF8D890DFF8D880A8
:1082C000314EDFF8D8E09C4604F1300504F1350169
:1082D00000209A1C2B700A70DBF814201258127DB3
:1082E00003F5A27A49EA022248F82A20226A11F903
:1082F00001AB526900F5A27B0AF1A20A5A4446F882
:108300003A2011F9012C15F901ABA23206EBC20299
:108310000EEB8A0AC2F804A011F9012C0CFA02F241
:10832000C6F80425D4F81CB0DBF80C209A4200F102
:10833000040003F10103CCDCE38823F00103E380B4
:108340009BF80830217B114D206ABA1E012A9CBF80
:108350000133DBB26375C3EB03139B000C4A92FB42
:10836000F3F202FB01F1A5FB0131C90BC4E90921BC
:1083700003680021DB6B9847236A5B690122DA609E
:10838000A775BDE8F88F00BF00F0014081808080B4
:108390000024F40003000100006000403060004051
:1083A00038B50546817DFFF777FFEB699A68002AAB
:1083B0000CDD00241B6953F82400036800219B682E
:1083C0009847EB699A680134A242F3DCDA68002A24
:1083D0000CDD00245B6953F82400036800219B68CE
:1083E0009847EB69DA680134A242F3DC286A036833
:1083F0005B6A9847286A03689B6A98470123EB7574
:1084000038BD00BFC37D03B17047FFF7C9BF00BFD0
:10841000F8B5154604460E46526829689DF818704E
:1084200008F0AAFE0021124BE5612662A7752360C1
:108430002176E1752175E162EB680E4A052B146027
:1084400001DD2046F8BD336830469B6B9847206AB3
:1084500003684FF47A51DB6C9847236A064ADA6066
:10846000E37D002BEDD12046FFF79AFF2046F8BDB3
:10847000205F0400BC390020A1860200807D704787
:108480002DE9F047C269037D916805698B42044676
:1084900080F28F80126952F82300036800211B6864
:1084A0009847236A5B6901225A60237D607DE169F8
:1084B000134493FBF0F200FB1233D8B220758A68A4
:1084C000934280F28B80CE688A69002E02EB4302D1
:1084D00038DD06350023267E107821895778032E53
:1084E00003D8DFE806F002463F4C07FB0151085C69
:1084F000A17D266A11F0FD0F776903F1010302D116
:10850000002843D0FF20A16A03F5A87601FB00F103
:1085100047F8261000293DD0E11891F92F10890065
:1085200001F1804101F5C041D1F8100520F480101F
:10853000C1F81005E169D1E90260984202EB4602F8
:10854000C9DC207D0B6953F82000036801211B68FA
:108550009847236A5A690123D360226A52691360DB
:10856000BDE8F0876689F71BC04301FB0751085C33
:10857000BEE700FB01116818F943405CB8E7668963
:10858000013E301A01FB0051C85DB1E703F5A87147
:1085900047F82100E11891F92F10890001F180417D
:1085A00001F5C041D1F8100540F48010C1F8100564
:1085B000C0E7D0E908315B69C288D3F84435890047
:1085C00042F00302C3EB0323B3FBF1F3C3F1FF0358
:1085D000C362C280817DFFF75FFE62E7D4E90802D3
:1085E00003689200DB6B00219847E369DA68002A90
:1085F00026DD4FF000086FF02F05274F46462D1B54
:1086000004F1300919F9013B03F5A27305EB090ADE
:1086100047F82360D4E908230AF5A87152699B0042
:1086200042F82130E3695B6953F8080003680121CF
:108630001B689847E369DA68524508F10408E1DCF1
:108640001B691868036800211B689847E36994F95F
:1086500030101B6910481B68104A1B7D01F5A27180
:108660001B0243F0011340F8213094F9303094F9A3
:1086700035109B00A23103F1804303F5C24342F859
:10868000313094F93510236AA2315B6902EBC102E3
:10869000443353605DE700BF0060004000F00140DC
:1086A000024B186808B1FFF7EBBE7047BC390020D9
:1086B00010300DF02BBA00BF10B5837D04469BB17E
:1086C000012B04D0E3889B0709D5E06A10BD032184
:1086D0002046FFF7E1FDE38823F00203E380192041
:1086E00007F0E8FDE06A10BD0221FFF7D5FDE28842
:1086F000A37D22F00202E280E2E700BF10B504464B
:1087000008F0F2FC40B9217B636A044A03FB01F3E1
:10871000A2FB0323DB0BA36210BD00BF818080801E
:10872000C1607047C068003018BF0120704700BFAB
:1087300003207047806B07EE900AF8EEE77A17EE99
:10874000900A70470F4B03F10802383310B5044606
:10875000C0E900232C300DF09FFC04F128000DF03F
:108760009BFC04F124000DF097FC04F120000DF0B7
:1087700093FC054B63600023201D638107F0ECF937
:10878000204610BD585F0400B4700400A0F104003E
:10879000FFF7D8BF10B50446FFF7D4FF20461CF002
:1087A000B1FB204610BD00BFA0F10400FFF7F2BFEF
:1087B000F0B5274B044627482181002583B0C4E942
:1087C00000036581201D174607F056F9224B2360F0
:1087D000303363602A4604F11000012107F0AAFE3D
:1087E00004F1240601224FF4007104F120000DF081
:1087F00029FC30460DF020FC04F128000DF01CFC93
:10880000294604F12C0001220DF01CFC00234FF43A
:108810000071E36501226164E560C4E90C55A5645B
:1088200001A80DF00FFC01A930460DF03DFC01A898
:108830000DF032FC094AE263AF424FF000032046DC
:10884000C4E91555C8BFA763A4F8403003B0F0BD14
:10885000B4700400D4740400605F040000C07F445E
:10886000036B1BB1438943F004034381704700BF8E
:1088700043895B0770B50446056B5FD4A16A2B463C
:10888000081D002B66D0503323634A88024493426C
:108890001DD3D1ED037A2063F5EEC07AF1EE10FA24
:1088A0000EDB0026AD1B18BF0125266304F12C0149
:1088B00004F128000DF0F8FBC4E91566284670BDE8
:1088C00004F1100007F09CFE0028EADC236B93ED16
:1088D000027ADFED227A19685A682265B5EEC07A0D
:1088E000F1EE10FA48BFB1EE477AC7EE276A0020D2
:1088F000E164A06503F13C0504F16001D4ED0E7A5A
:10890000F8EEE77A67EEA67AFDEEE77AF8EEE76A28
:10891000C4ED157ADA699861012AB8BF012207EE21
:10892000902AB8EEE77ADA61C6EE877A14339D4270
:10893000E1EC017AEED10025284670BD00230363E7
:1089400000F12C0128300DF0AFFBA16A236B081D4C
:10895000002B98D12063034697E700BF00007A44BC
:1089600038B50D460446FDF747F92B685B884F2B59
:108970001AD904F1100007F0E7FD294604F1280098
:108980000DF092FB2046FFF773FF638913F001059A
:1089900001D0002038BDE068026843F00103638124
:1089A00013689847284638BD6FF47A7038BD00BF09
:1089B0002DE9F04F2DED068B8846D1E9151C8DB0C1
:1089C00008F120039FEDB78ADFEDB7AA9FEDB7AAA4
:1089D00002900493002762468A4231D0B8F80A30E8
:1089E00013F004032CD107938A423FDBB8F80A3016
:1089F0009B0740F11D81079B002BEDD0002F00F05D
:108A00004581D8ED0F7AB8F84020B6EE007A67EECF
:108A1000877A4F45FCEEE77A17EE903A43EA020375
:108A20009BB203D227F8023B4F45FBD3049902982F
:108A30000DF02AFB02980DB0BDEC068BBDE8F08F5F
:108A40004046FFF715FFD8F85410B8F80A3000294F
:108A500040F08C80002840F08D805A0700F18C8017
:108A6000D8F8582001238A420793BFDA002F00F07C
:108A7000E28008AB019308F16003039308F16C0BEB
:108A8000D8ED136A98ED0E7AD8ED0F8AD8ED147AE6
:108A9000D8F83030039C019D66EE886AB8EEC77A3C
:108AA00068EEA78A86EE879A68EEAA8AF0EE4A9A5E
:108AB000E8EECA9A9E69D869F4EC017A07EE106A6A
:108AC000B8EEC77A013867EE277A8642FDEEE77A7C
:108AD00003F11403E5EC017A08BF45F8041CA34533
:108AE000E8D1DDE908540A9BAC42A8BF2C469C4261
:108AF000A8BF1C4613469C4255DD4F4596D0D8ED85
:108B0000177AD8F83030FDEEE77AD3E9032017EE74
:108B1000901A904707EE900AB8EE677AF0EE696A0D
:108B2000E8EE876AD8F85820B8F84010D8ED177AE0
:108B3000BCEEE67A79EE277A17EE100AF4EEC87AE0
:108B4000531C0843F1EE10FA27F8020B1A46C8ED41
:108B5000177AC8F85830CEDD77EEC87AF4EEC87AC6
:108B6000F1EE10FAF8DCC8ED177AC4E713F004024E
:108B700071D008B1C8F8347023F00402A8F80A20B4
:108B800001230522B8F80810C8F8482008A81A469A
:108B90000CF024FF08F1100007F00EFD01230793ED
:108BA000D8E9151220E7AB424FF00004BA46CDF8E1
:108BB000149008D0651C032D2C4630D0019951F833
:108BC0002550AB42F6D14FEA840909EB0406D8F8E8
:108BD0003070B10007EB010EDEE906C6651C069198
:108BE000B44505EB850107EB81014046E3DADEF889
:108BF0001460002E48D0B047D8F83070069BD8F8E3
:108C000058203B441E461346D6F818C04C4407EB88
:108C100084070CF10101032DB9612C46CED1D8F89F
:108C20005410DDF81490994257463FF729AFE2E619
:108C3000002F7FF4E0AED8F8347087B1D8F8203038
:108C40000024181DC8F834405B888A4200EB0309F1
:108C5000FFF60FAFCFE60792D8F85820C4E608AC6D
:108C60000122D8F8441020460DF0ECF92146049872
:108C70000DF01AFA20460DF00FFAD8F820301F1D1B
:108C8000D8E915123846DFE7651CBFE708A80DF0E4
:108C9000D3F908A904980DF007FA08A80DF0FCF91B
:108CA000C4E600BF000080440000803A0000004499
:108CB000F0B50C4601F1240685B0314607460DF0AB
:108CC000E3F9636B6D4633B128462146FFF770FE2A
:108CD00028460DF0E1F90023636304F120013046DA
:108CE0000DF0E2F921462846FFF762FE28460DF016
:108CF000D3F9E06803681B689847A36C002B02DD7A
:108D0000013BA36413B1384605B0F0BD2189284664
:108D1000012302220CF062FE384605B0F0BD00BF10
:108D2000438919B923F002034381704743F00203DA
:108D30004381704701607047704700BF002928DDFC
:108D40000378303B092B26D870B4044664260020F3
:108D50004FF47A754A1E032A05D8DFE802F013158E
:108D6000100205FB03000129114606D014F8013F4B
:108D7000303B092BEED94FF0FF3070BC704706FB3B
:108D80000300F0E71844EEE703EB830300EB430036
:108D9000E9E7002070474FF0FF3070470068FFF7A9
:108DA0005FBD00BF38B5041E0CDB00290ADB48009C
:108DB00001300D4606F092FD641B20440028B8BF28
:108DC000404238BD4FF0FF3038BD00BF2DE9F04FB5
:108DD00087B00C46084601210592FFF7AFFF04213A
:108DE0000390601CFFF7AAFF04210746601DFFF7F0
:108DF000A5FF0421064604F10900FFF79FFF0221A9
:108E0000824604F10D00FFF799FF0421029004F15E
:108E10001200FFF793FF0421814604F11A00FFF7C7
:108E20008DFF0421804604F11E00FFF787FF022119
:108E3000049004F12200FFF781FF0421019004F166
:108E40002400FFF77BFF0421834604F12800FFF78D
:108E500075FF0421054604F12C00FFF76FFF014662
:108E60003046FFF79FFF0421064604F13000FFF76C
:108E700065FF01464846FFF795FF0421814604F14E
:108E80003400FFF75BFF01463846FFF78BFF0421F4
:108E9000074604F13800FFF751FF01464046FFF74F
:108EA00081FF0421804604F13C00FFF747FF0146A3
:108EB0005046FFF777FF0421824604F14000FFF798
:108EC0003DFF01465846FFF76DFF0421834604F13C
:108ED0004400FFF733FF01462846FFF763FF711C8C
:108EE00018D0B9F1FF3F15D07A1C13D0B8F1FF3F6D
:108EF00010D0BAF1FF3F0DD0BBF1FF3F0AD0431CA9
:108F000008D0039B059A042B0AD8DFE803F07A7790
:108F100074710700002007B0BDE8F08F6E4BD3607E
:108F200007EE906A07EE10AA049BD361F8EEE77A89
:108F3000F8EEC76A029BC2ED007AC2ED026A122BFC
:108F400013D8DFE803F07A7D0A12128F8612776A4F
:108F5000776A776A776A776A610007EE909AF8EE27
:108F6000E77A5E4BC2ED087A536140F2FF339F42CD
:108F7000A8BF1F469845A8BF984627EAE77728EA82
:108F8000E87807EE907A07EE108AF8EEE77A9FED20
:108F9000546ADFED544A544B9362B8EEC77A87EEB9
:108FA000865A24231363019B022BC7EE065A86EED2
:108FB000A47A07EE900AF8EEE77A82ED015AC2ED44
:108FC0000D5A67EE277A78D0032B03D0012B66D099
:108FD0000120A0E707EE10BAFDEEE77AB8EEC77AF7
:108FE000424BC2ED117A82ED127AD363012092E7EF
:108FF0003F4BD36094E73F4BD36091E73E4BD36048
:109000008EE73E4BD3608BE707EE909AF8EEE77A57
:109010003B4BC2ED087A5361A7E73A4B5361029B81
:10902000083B092BA1D8DFE803F0363632322E2E6A
:109030002A2A2626344B5361F1E7344B536194E7D7
:1090400007EE909AF8EEE77A314BC2ED087A536159
:109050008BE707EE909AF8EEE77A2E4BC2ED087A8E
:10906000536182E707EE909AF8EEE77A2A4BC2ED59
:10907000087A536179E7294B1B68136275E7284B1F
:109080001B68136271E7274B1B6813626DE7264B61
:109090001B68136269E7254B1B68136265E707EEDF
:1090A00010BAFDEEE77AB8EEC77A214BC2ED117A1D
:1090B000019882ED127AD3632DE707EE10BAFDEE28
:1090C000E77AB8EEC77A1B4BC2ED117A82ED127ABD
:1090D000D36301201FE700BF51580300359B0200F6
:1090E00000C07F4400401C46599D0200819B020045
:1090F0006D580300215803004D58030035580300F4
:10910000D1C50100B19C0200559C0200059B0200E4
:10911000099B0200199C0200DD9B020068200020D0
:109120006420002058200020602000205C200020C7
:10913000119D0200359D020038B50C4605463649A2
:1091400020460DF0EBF8002837D1344920460DF0C9
:10915000E5F860BB324920460DF0E0F898BB314994
:1091600020460DF0DBF8A0BB2F4920460DF0D6F8C5
:10917000A0BB2E4920460DF0D1F8A0BB2C492046BB
:109180000DF0CCF8A0BB2B4920460DF0C7F8A0BBD2
:10919000294920460DF0C2F8A0BB284920460DF011
:1091A000BDF8A0BB214628460DF09AF803E02449FB
:1091B00028460DF095F8284638BD224928460DF07E
:1091C0008FF8284638BD204928460DF089F82846F2
:1091D00038BD1E4928460DF083F8ECE71C492846A7
:1091E0000DF07EF8E7E71B4928460DF079F8E2E735
:1091F000194928460DF074F8DDE7184928460DF0A6
:109200006FF8D8E7164928460DF06AF8D3E71549F4
:1092100028460DF065F8CEE7EC390020E039002053
:10922000E4390020C4390020D8390020E839002072
:10923000F8390020F0390020FC390020DC3900200A
:10924000043A0020C0390020083A0020D439002018
:10925000F43900200C3A0020CC390020C839002015
:10926000D0390020003A00202DE9F04182B00646B6
:1092700068460C460DF034F8694601A8FFF75CFF1C
:1092800001A920460DF03AF801A80CF097FF6846B6
:109290000CF094FF2568274BB5F90220541CA3FB62
:1092A0000413E41A03EB5404A40904EBC40304EB11
:1092B000C303013B9A4202D002B0BDE8F08104EB47
:1092C00084073F013946012268460CF0BBFE009B33
:1092D0000433F4B12C1D1F44C4F1490801E04934A2
:1092E0002B461A462146304603F15005FFF76EFD26
:1092F00008EB040338B1BD420BD0002BEFDD94F82E
:1093000048302C2BEBD068460CF0C6FE02B0BDE80E
:10931000F0813468694601A80CF0B6FE01A9204628
:10932000FFF71EFB01A80CF0B7FE68460CF0B4FE78
:10933000C2E700BF3970E0C030B5036883B00446AF
:109340000D461889114606F029FE294601A80CF0A1
:10935000C7FF01A92046FFF787FF01A80CF02EFFE9
:1093600006F09EFF03B030BDF8B5664F664D674C02
:10937000674E684938460CF055FF2A462146384664
:109380001BF0C2FD644F654930460CF04BFF2A4686
:10939000214630461BF0B8FD614E624938460CF05C
:1093A00041FF2A46214638461BF0AEFD5E4F5F491D
:1093B00030460CF037FF2A46214630461BF0A4FD0C
:1093C0005B4E5C4938460CF02DFF2A462146384654
:1093D0001BF09AFD584F594930460CF023FF2A469E
:1093E000214630461BF090FD554E564938460CF04C
:1093F00019FF2A46214638461BF086FD524F534935
:1094000030460CF00FFF2A46214630461BF07CFD0B
:109410004F4E504938460CF005FF2A462146384643
:109420001BF072FD4C4F4D4930460CF0FBFE2A46B6
:10943000214630461BF068FD494E4A4938460CF03B
:10944000F1FE2A46214638461BF05EFD464F47494D
:1094500030460CF0E7FE2A46214630461BF054FD0C
:10946000434E444938460CF0DDFE2A462146384634
:109470001BF04AFD404F414930460CF0D3FE2A46CE
:10948000214630461BF040FD3D4E3E4938460CF02B
:10949000C9FE2A46214638461BF036FD3A4F3B4965
:1094A00030460CF0BFFE2A46214630461BF02CFD0C
:1094B000374E384938460CF0B5FE2A462146384624
:1094C0001BF022FD344F354930460CF0ABFE2A46E6
:1094D000214630461BF018FD314E324938460CF01B
:1094E000A1FE2A46214638461BF00EFD30462E4985
:1094F0000CF098FE2A4621463046BDE8F8401BF0A5
:1095000003BD00BFEC39002040200020BD610300F6
:10951000C0390020AC5F0400E0390020B45F0400D3
:10952000043A002024610400E43900202C61040086
:10953000083A002008620400C439002010620400C8
:10954000D4390020EC620400D8390020F86204000D
:10955000F43900208C630400E83900209063040093
:109560000C3A002024640400F83900202C64040024
:10957000CC390020C0640400F0390020C864040025
:10958000C83900205C650400FC39002064650400D3
:10959000D0390020F8650400DC39002000660400A2
:1095A000003A00204C660400546604006FF47D709D
:1095B000704700BF6FF47D70704700BF10B503683F
:1095C00004465B6C9847236820465B68BDE8104002
:1095D000184700BF6FF47D70704700BF6FF47D7057
:1095E000704700BF6FF47D70704700BFC08800F007
:1095F0000500003018BF0120704700BFC08800F090
:109600000A00003018BF0120704700BFC08810F06A
:10961000030018BF01207047C08800F00C00003024
:1096200018BF0120704700BFC088C0F3802070477A
:109630006FF47D70704700BF6FF47D70704700BF9E
:1096400003684FF47A729B6B02FB01F1184700BF6D
:109650006FF47D70704700BF6FF47D70704700BF7E
:1096600008B50368DB6B9847024BA3FB0030800909
:1096700008BD00BFD34D62106FF47D70704700BF0E
:109680006FF47D70704700BF01610020704700BF1C
:109690006FF47D70704700BF6FF47D70704700BF3E
:1096A00038B503689B6904460D46984778B123682E
:1096B00020465B689847B5FA85F35B09984206D166
:1096C000236829461B6820469847002038BD01487A
:1096D00038BD00BF12FCFFFF0A717047704700BF22
:1096E000704700BF406B704703684FF47A729B6B02
:1096F00002FB01F1184700BF006B70470120704763
:10970000806A003018BF0120704700BFA0F1200020
:10971000FFF7F6BF10B504461BF0F4FB204610BD62
:109720002DE91848C38B026D9907044607D56AB125
:10973000BDE8188823F002039BB2E383226D002A60
:10974000C4BF43F00203E383BDE8188808F09AFE23
:10975000236CB0EB030B61F1000CBCF1000F08BFF0
:10976000BBF1650FE38BE5D29A07E1D4E6E700BFD2
:10977000A0F11800FFF7D4BF0B4B10B503F108019F
:1097800003F18C02B03304460160826103622C3025
:109790000CF082FC054BA361002304F11800E38365
:1097A00006F0DAF9204610BD38680400B4700400F1
:1097B00038B50C4B03F1080103F18C02B0330446B9
:1097C00040F8181C0260836014300CF065FC064BF6
:1097D000236000232046E380A4F1180506F0BCF9BD
:1097E000284638BD38680400B4700400026808498F
:1097F000D26B8A4208B505D1006B064BA3FB003043
:10980000800908BD9047034BA3FB0030800908BDC9
:10981000F9960200D34D62100120704738B50E4B07
:1098200003F1080103F18C02B033044640F8181C20
:109830000260836014300CF02FFC084B236000237F
:10984000E380A4F11805204606F086F928461BF0AF
:1098500059FB284638BD00BF38680400B4700400C6
:109860000D4B03F1080103F18C02B03310B504462F
:109870000160826103622C300CF00EFC074BA36187
:109880000023E38304F1180006F066F920461BF07C
:1098900039FB204610BD00BF38680400B4700400D6
:1098A00070B504461A4D02811A4B2560022200252C
:1098B0004FF48070E0802271A36104F118002575D7
:1098C000C4E90355E5610E4606F0D6F8124B666210
:1098D00003F1080103F18C02B0332160A26123621D
:1098E00004F12C0001224FF400710CF0ABFBE38B70
:1098F000E26A25630021043243F4804380206063E0
:10990000A56225642565A264E164E383204670BDF9
:10991000CC670400B47004003868040010B4C26A54
:10992000131D548800293AD01919274C826B836C77
:10993000A4FB024299424FEA121429D9520907EEB8
:10994000902AB8EEE77A07EE904ADFED205AF8EE5B
:10995000E76AB7EE006AD0ED137AF4EEC77AF1EE5B
:1099600010FA4CBF90F8502000221A70D0ED137AF4
:10997000836C77EE867A0133F4EEE67AF1EE10FA34
:10998000C8BFF0EE657A8B42C0ED137A8364E2D3F0
:10999000D0E90C235DF8044BC0E90E237047D0E9F1
:1099A0001021521A07EE902A9FED097AF8EE677A95
:1099B00067EE877AFDEEE77A17EE901AA142D4BFE0
:1099C00059181919B1E700BFA38B2EBA0000000087
:1099D00078C2B93C10B5044608F054FD236B2064EE
:1099E00003B1636B236500212046FFF797FFE38BEC
:1099F000DB0700D510BDFCF7FFF804F12001802340
:109A0000064A606AFEF75AFAE38B0168A06243F0E7
:109A100001030A68E383BDE81040104700442C4767
:109A2000B1F5806F0DD8B1F5007F08B5C8BFC1F59D
:109A300080618029A8BF80214163FFF7CBFF002010
:109A400008BD6FF47A70704708B5144BA3FB01236F
:109A50001A09162303FB02F303F1160207EE902AFC
:109A600006EE903AB8EE677A07EE901AF8EE666A5C
:109A7000F8EE677A37EEC77A77EEE67AB0EEC77A15
:109A8000F0EEE77AF4EEC77AF1EE10FA58BF13461B
:109A90000363FFF79FFF002008BD00BFA38B2EBA12
:109AA00070B50C4682B005460CF0C6FAE38B9B07F6
:109AB00016D504F12C06314628460CF0F5FA0121A2
:109AC0002046FFF72BFF01224FF4007101A80CF094
:109AD000B9FA01A930460CF0E7FA01A80CF0DCFA5B
:109AE000E36A0433A36408F0CDFCA36A60641A68D7
:109AF000184613689847284602B070BDA1F12001AE
:109B0000FFF7CEBF704700BF036B91ED036AD3ED43
:109B1000007AD1ED026A91ED017A36EE676AF8EECD
:109B2000E66AB8EEC77AC6EE265AE7EE257AC0EDA9
:109B3000137A7047D1ED017ADFED0F6A9FED0F7A4E
:109B4000F8EEE77A38B567EEA67A0446C7EE877A6C
:109B50000D4617EE900A17F059FD236B95ED037A29
:109B6000D3ED007A06EE900A37EE677AE7EE267AB2
:109B7000C4ED137A38BD00BF21C84740000034430C
:109B8000F8B504462DED028B48680D461AF018FC16
:109B900017F0E2FB236BD5ED037A93ED008A77EEA5
:109BA000C87A06460F4617EE900A1AF01BFC32469A
:109BB0003B461AF06FFC064618EE100A0F461AF0E4
:109BC00011FC02460B46304639461AF0ADFA1AF03F
:109BD00059FFBDEC028BE064F8BD00BFD1ED017A06
:109BE0009FED0C7AF8EEE77A38B567EE877A04468F
:109BF00017EE900A0D4617F009FD236B95ED037AD9
:109C0000D3ED007A06EE900AE7EE267AC4ED137AD9
:109C100038BD00BF34FA8E3CD1ED017A9FED0C7A4D
:109C2000F8EEE77A38B567EE877A044617EE900AC1
:109C30000D4617F09FFC236B95ED037AD3ED007A68
:109C400006EE900AE7EE267AC4ED137A38BD00BF1F
:109C500034FA8E3C2DE9F041D1F80C804F68D8F8E9
:109C6000046097FBF6F407EE904AF8EEE77A036B90
:109C70002DED028B054617EE901A4FF0804093EDC4
:109C8000008A18F017F9D8F8003007EE900A06FBA2
:109C9000147428EE277A03EB8404BDEC028BD4ED18
:109CA000007A67EE877AC5ED137ABDE8F08100BFD0
:109CB0002DE9F041D1E90134D1F80C80026BD8F8DC
:109CC0000470013CE41A94FBF7F507EE905AF8EEA5
:109CD000E77A2DED028B064617EE901A4FF0804082
:109CE00092ED008A18F0E6F8D8F8003007EE900AF6
:109CF00007FB154428EE277A03EB8404BDEC028BA6
:109D0000D4ED007A67EE877AC6ED137ABDE8F0816C
:109D10004B684BB1DB0790ED137AD1ED037A04D594
:109D200067EE877AC0ED137A7047C7EE276AC0EDF9
:109D3000136A70474B684BB1DB0790ED147AD1ED95
:109D4000037A04D567EE877AC0ED147A7047C7EEC0
:109D5000276AC0ED146A7047036B91ED036AD3ED77
:109D6000017AD1ED026A91ED017A36EE676AF8EE7A
:109D7000E66AB8EEC77AC6EE265AE7EE257AC0ED57
:109D8000147A70470220704701EB810100EB41001B
:109D90001430704782B070B50C4684B005464968EF
:109DA000206802AC03C4039908AC481084E80C0096
:109DB000CB0745BF2A58029B029CD4580AAB2E18E9
:109DC00093E803008DE8030008AB0CCB3046A047B6
:109DD00004B0BDE8704002B0704700BF2DE9F0410B
:109DE00003681B4E1B690F88B34204460D4626D1FB
:109DF0001E300388BB4201D0BDE8F0816B89012B86
:109E0000FAD9A989A06861820368DB699847A068CC
:109E100003681B6A984723681B692546B34225F8E7
:109E2000120F0FD104F11E06204601F0A3FA2A46B4
:109E3000014602233046BDE8F04100F035B901216A
:109E40009847D6E70121204698470646ECE700BF31
:109E5000899D020010B50446806806F0A7FFA08126
:109E6000A06806F0ABFFE081A06806F0AFFF20829B
:109E700010BD00BF82B070B504A981E80C00044693
:109E800001F08AFA18B9BDE8704002B07047204668
:109E9000FFF7E0FF23680C4A1B69934204F10C06AC
:109EA0000DD104F11405204601F064FA3246014652
:109EB0002846BDE87040062302B000F009B9002131
:109EC000204698470546EEE7899D02002DE9F041BE
:109ED000044682B00E46154610309846BDF82870EC
:109EE0000BF09CFD2680658018201BF012F808AB53
:109EF000054693E803006A4682E803002E4603CA3B
:109F000046F80C8B0023084AEB6047F002077360A9
:109F100068602046A780A560E360C4E90833A960B3
:109F20006A6102B0BDE8F081959D020070B50446FB
:109F300086B0FFF78FFFA06803681B6A9847144A32
:109F4000144B6082049328200023166805931AF0AE
:109F5000E0FF06AB054613E90300C0228DE80300CD
:109F600023460292052128460122FFF7AFFF3368FE
:109F700030465B682946984708B906B070BD284648
:109F800006F04CFC284606B0BDE870401AF0BABF97
:109F9000CC3B0020759E020070B5044684B0154687
:109FA00001F028F91E4B2360A56004F1140000F0B5
:109FB00075F8002504F11E0000F070F820461949DC
:109FC000C4E9035501F034F9204640F2537101F021
:109FD00043F909260622294604F10C032046CDE95F
:109FE000012600924CF64B2201F046F9022205218F
:109FF000CDE901212046009204F112034FF62432EC
:10A00000012101F039F9204601F0C6F928B1064BCB
:10A010001B6813B12046FFF789FF204604B070BDCE
:10A02000C8690400A86B0400CC3B0020024B1B68ED
:10A030000BB1FFF77BBF7047CC3B002010B5114B35
:10A040001C6890B0C4B1C9B90F4ACDE9042104AA73
:10A05000034692E8030010228DE8030002920521D6
:10A06000012206A8FFF732FF236806A99B68204655
:10A07000984706A806F0D2FB10B010BDFFF756FFB8
:10A0800010B010BDCC3B0020759E02000021FFF7F0
:10A09000D5BF00BFACDF7047AEDF70470022028142
:10A0A00002604260704700BF10B582B00C4601925A
:10A0B0000188ADF80030204600236A46ADF8023032
:10A0C000FFF7E8FFB0FA80F0400902B010BD00BF12
:10A0D000F0B54FF6FF7487B0A142ADF8063032D02C
:10A0E0000389DB07054616460C4600880FD4BDF8E9
:10A0F000063002AAADF80830014600232046039638
:10A10000ADF80A30FFF7C6FF184607B0F0BD02AA47
:10A11000012300270DF1060CADF80800114620467A
:10A1200005968DF80A30ADF80C70CDF810C0FFF729
:10A13000B3FF0028E8D00499BDF806300988994299
:10A1400001D02888D6E7002007B0F0BDF0B54FF663
:10A15000FF7487B0A142ADF8063031D003899B0768
:10A16000054616460C4600880FD4BDF8061002AA14
:10A170000023ADF80810014620460396ADF80A30DA
:10A18000FFF788FF184607B0F0BD02AA4FF0020C97
:10A190000023ADF808000DF106071146204605968C
:10A1A0008DF80AC0ADF80C300497FFF775FF50B179
:10A1B0000499BDF806000988884201D12888D7E7AC
:10A1C000002007B0F0BD012007B0F0BD72DF70477E
:10A1D00073DF704774DF704776DF704777DF704753
:10A1E00078DF70477ADF70478FDF704769DF70472D
:10A1F0001321FFF7F1BF00BF0B68034A0146D25697
:10A200000320FFF7EBBF00BF846A0400094B10B5C1
:10A21000044640F8143B0BF0D1FF04F110000BF0A2
:10A22000CDFF054B236000232046E38005F094FC1E
:10A23000204610BD7C6B0400B47004002DE9184862
:10A24000C3885A0708D41B0701D4BDE81888042026
:10A25000BDE8184810F06CBA044608F013F9A36979
:10A26000B0EB030B61F1000CBCF1000F08BFBBF5B4
:10A27000FA6F01D2E388E6E70021044811F070F894
:10A28000E38823F004039BB2E380DCE7F1A1020042
:10A29000F0B54FF47A748BB004FB02F4194A1A4EED
:10A2A00000960AADA2FB04241F22002825F8242DC5
:10A2B0004FEA542414BF01270427184600294FF001
:10A2C00000030993049306942A460CBF1C460324FA
:10A2D0003146CDF806300593CDE90733CDF80A3085
:10A2E000ADF80E3001238DF825308DF810708DF803
:10A2F000244010F03DFB04AA69460448FFF766FFBE
:10A300000BB0F0BD5917B7D11C3A00202B23002009
:10A3100010B5664C002943D12378980638D4D90665
:10A320002FD41A0725D458071DD4990713D4DA0758
:10A330000BD45B0603D40FF0BFFF002010BD5C4BB5
:10A3400001211878FFF744FFF5E713F041FC23786B
:10A350005B06F0D5F3E7574B4FF400321A602378D1
:10A36000DA07E6D5F1E7534A012151609907DED5B6
:10A37000F1E7504B4FF000721A6023785807D4D59C
:10A38000F1E74C4B01221A6023781A07CBD5F0E78E
:10A39000484B4FF400621A602378D906C1D5F0E724
:10A3A0000FF084FF0023237013F02AFC237810B9E8
:10A3B00043F0010323703F4A1268920348BF43F001
:10A3C00002033C4A48BF23705268D00748BF43F09D
:10A3D0000403384A48BF23701268910148BF43F014
:10A3E0000803344A48BF23701268D20748BF43F0BD
:10A3F0001003304A48BF2370126810052C4A48BF2A
:10A4000043F02003107848BF2370FFF7E3FEB0B19C
:10A41000D90719D49A071CD4580726D419072FD462
:10A42000DA0639D49C0688D5224B4FF40062C3F873
:10A430008020BFF34F8FBFF36F8F002010BD43F01C
:10A440004003D9072370E5D513F0A2FB23789A07C0
:10A45000E2D5184B4FF40032C3F88020BFF34F8F82
:10A46000BFF36F8F23785807D8D5124B0122C3F85A
:10A470008420BFF34F8FBFF36F8F23781907CFD599
:10A480000C4B4FF00072C3F88020BFF34F8FBFF327
:10A490006F8F2378DA06C5D5064B0122C3F88020DA
:10A4A000BFF34F8FBFF36F8F2378BBE7F8430020D4
:10A4B0002B23002000E100E00B4B10B5044640F8D0
:10A4C000143B0BF07BFE04F110000BF077FE074B02
:10A4D00023600023E380204605F03EFB20461AF06F
:10A4E00011FD204610BD00BF7C6B0400B470040059
:10A4F00038B500250E4B03600446456005F0BCFAF4
:10A500000C4B2360A56004F110000BF0F1FE04F188
:10A5100014000BF0EDFE0123074AE56084F82030BB
:10A5200084F82130146013F0AFFD204638BD00BF21
:10A53000B47004007C6B0400543A0020072914D83E
:10A5400010B50B4C0B482160214610F009FF0A4B57
:10A550001978FF2907D02368084A0120D256FFF74F
:10A560003DFE002010BD002010BD6FF47A707047D2
:10A5700074200020F9A102002B230020846A04002B
:10A5800090F8202022B9C3689B0701D400F002B8DC
:10A59000012070472DE918480446042921D8DFE836
:10A5A00001F0322505030D008369D3B107F06AFF7E
:10A5B000E368A061C3F34000BDE81888836983B1F4
:10A5C00007F060FFA369B0EB030B61F1000CBCF175
:10A5D000000F08BFBBF5FA6F03D301212046FFF738
:10A5E000CFFFE068C0F34000BDE81888C3880A22A6
:10A5F00043F00403C380C26004F0BEFCE068C0F313
:10A600004000BDE818880223C3600120BDE8188817
:10A6100010B5044682B012F0E9F9204612F0F4F9C0
:10A620002378023B062B18D8DFE803F00B19271715
:10A6300017170400237A012B03D1144A1368013B36
:10A640001360134B186840B190F820302BB9C368E1
:10A650009B0702D40321FFF79DFF02B010BD0C4BF6
:10A660001B68002BF9D093F82020002AF5D1DA6876
:10A670009207F2D40222DA60EFE702A9012301F87F
:10A68000043D608811F0C4FF02B010BD503A0020B4
:10A69000543A0020014B1878FFF79CBD2B23002073
:10A6A00010B5044684B0012302224FF47A71684643
:10A6B0000BF094F994F821300BB904B010BD10F0F0
:10A6C000C9FD0028F9D1034B01211878FFF780FD5F
:10A6D00004B010BD2B23002010B50388103B86B0BA
:10A6E000462B33D8DFE803F043583232325F323240
:10A6F0003224323232323232323A32323232323240
:10A700003232323232323232323232323232323229
:10A710003232323432323232323232323232323217
:10A720003232323232323232323232323232340039
:10A73000037A5BB92D4B186840B190F820302BB9E3
:10A74000C3689B0702D40221FFF724FF06B010BDA7
:10A7500013218088FFF740FD06B010BD06A9002335
:10A7600021F8103D8088FFF73FFD06B010BD8188BD
:10A770004FF6FF73994206D01D4B1E4A1B680320FB
:10A78000D256FFF72BFD01231A464FF47A7102A827
:10A790000BF024F906B010BD144B18680028D5D072
:10A7A000FFF77EFFD2E700F10801062268460BF0B2
:10A7B0007DFD694601A80BF093FD0C4B1C686CB144
:10A7C00001A902A80BF08CFD02A904F110000BF006
:10A7D00095FD012302A8E3600BF0F0FC01A80BF04B
:10A7E000EDFC68460BF0EAFC06B010BD543A0020C0
:10A7F00074200020846A040008B510F02BFD00309E
:10A8000018BF012008BD00BFF0B5A9B06A220D46EF
:10A810000DA82849284E1AF0B3FB0DA903A80BF088
:10A820004DF903A906A80BF041F905F13C070122F7
:10A830006FF0FE0306A9CDE90032384605236422F5
:10A8400008F066FA06A80BF023F90FCE06AC0FC489
:10A8500096E8070003C422700522114606AB04A83F
:10A860000BF050FA002404A905A80BF01FF9384694
:10A8700005A9CDE900442346224608F07FF905A842
:10A880000BF006F92B6821465B6A28469847053489
:10A89000052005F00FFDFF2CF4D14FF47A7005F080
:10A8A00009FD04A80BF0F4F803A80BF0F1F829B0A7
:10A8B000F0BD00BFFC690400686A04002DE9F84F90
:10A8C0004FF0805308460F46D3F864A0FDF7F0FE22
:10A8D00010374FF0040B4FF005084FF00109BAFB99
:10A8E000F8F308FB13A3B3FBF9F35D1C002DAAEBEF
:10A8F000030A08EB880809EB89090DDD0FFA8BF6CE
:10A900000024C4F1040212B20134FF233146384658
:10A910000BF006F9A542F4D11BF1FF3BDFD2BDE8F5
:10A92000F88F00BFAB4B2DE9F04F1E68DFF8B48203
:10A9300033690446002543F0080395B0336198F865
:10A94000000084F82050A5610E469346FFF742FCB4
:10A950002946284611F068FE2946284611F06EFE69
:10A9600029463C2205A81AF02FFB06F13C074FF0C0
:10A97000020E4FF0060C05ABC822294601208DF8C7
:10A9800014E08DF817C00397FFF782FC012198F8B7
:10A990000000FFF71DFC384608F050F8314620460D
:10A9A000FFF732FF31462046FFF788FF06F1100817
:10A9B000029504F110074FF0FF0994F82020E36896
:10A9C00012B9980740F1D58013F0010A31D1590727
:10A9D00066D49A0740F1C38013F0080A00F0A980FA
:10A9E0007D4904A80BF02EF904A905A80BF05EF828
:10A9F0000023CDE900331A4605A9039808F0BEF8F4
:10AA000005A80BF045F843F6982005F053FC04A880
:10AA10000BF03EF8642005F04DFC40F68D25FBF769
:10AA2000DFFB94F82020E368002ACAD013F0010A63
:10AA3000CDD06A4904A80BF005F904A905A80BF0CC
:10AA400035F80023CDE900331A4605A9039808F02C
:10AA500095F805A80BF01CF8029B002B40F08F80A6
:10AA6000A9F10409B9F1280F40F38F80B9F1FF0F64
:10AA7000029BA8BF00230293DBF800305846DB6935
:10AA8000984728B1E36823F0010343F00403E3602F
:10AA900004A80AF0FDFFE36859074FF0000598D5B8
:10AAA0003368FF215B6A304698472369B3F9023067
:10AAB000002B76DD002521E0E3689A076FD4FFF7CD
:10AAC00069FD00286DD14FF4487005F0F3FB304666
:10AAD000FDF7EEFD94F8203004212046FBB9E36831
:10AAE0009A075CD4FFF756FD00285AD1C82005F01C
:10AAF000E1FB2369B3F90230AB4252DD29B238469B
:10AB00000BF036FC002301461A4640460BF096F93E
:10AB100094F82030042120460135002BCCD0E36886
:10AB200003F00202002A3AD1642005F0C3FB01259C
:10AB300043E72B4904A80BF085F804A905A80AF0FF
:10AB4000B5FF5346524605A9CDE900AA039808F07F
:10AB500015F805A80AF09CFF04A80AF099FF6420E4
:10AB600005F0A8FB013540F68B239D427FF725AF0A
:10AB700055E704212046FFF70DFDE36824E709F1BE
:10AB80000409B9F1280F3FF771AF3046FDF790FD8A
:10AB9000029BB9F1000FD8BF534602936CE7002522
:10ABA0001AE7E36894F8205003F00202002DB9D1AF
:10ABB000002A7FF411AF04212046FFF7EBFC0028A8
:10ABC000ADD14FF47A7005F075FBE36803F0020233
:10ABD000A8E700BF903B0020D46A04008C6A040000
:10ABE000146B04002B23002030B50446806883B02A
:10ABF00020B10C4908F088FA054618B1FBF7F0FAC5
:10AC000003B030BD02AA042302F8015D0549A06823
:10AC100008F0B4FA28461AF075F9FBF7E1FA03B028
:10AC200030BD00BF5C6B040090F82000704700BF8F
:10AC300038B5124B054600241878FFF7CBFA85F893
:10AC4000214010F0EFFA98B9EB696BB107F01AFCEC
:10AC5000EB69C41A61F10005002D08BFB4F5FA7F55
:10AC60002CBF0120002038BD07F00CFCE861EDE7A7
:10AC70002146034810F074FB204638BD2B230020EA
:10AC8000F1A1020020B9034B186808B1FFF7D0BF4B
:10AC9000704700BF543A00200238012801D9012032
:10ACA000704710B5074C206850B1C38843F00803C3
:10ACB000C38004F061F92068BDE81040FFF7B8BF19
:10ACC000012010BD543A0020012808D138B50D4BA1
:10ACD0001D6835B12846BDE83840FFF7A9BF0120FF
:10ACE0007047094B04461878FFF774FA10F09AFA87
:10ACF00008B9204638BD2946044810F031FB2846E3
:10AD000038BD00BF543A00202B230020F1A10200DF
:10AD10002DE9704384B011F0B9FC1E4E30603368E9
:10AD2000002B02DC04B0BDE870830DF107034FF681
:10AD3000FF70039310F022FF4FF6FF75A842044600
:10AD400009D1EFE7039B1B7820465BB110F016FF9B
:10AD5000A8420446E6D002AA0121204611F0DEF8FE
:10AD60000028EFD007F08EFB40F2E734804689469A
:10AD7000002511F051FC09E007F084FBB0EB08025C
:10AD800061EB09039D4208BF9442CBD33368002B8B
:10AD9000F2D1C7E7503A00202DE9F04FC588B1B095
:10ADA00015F480559DF8EC7002D031B0BDE8F08FFD
:10ADB000CDE900230DF1C0083A9B8360C0E9065538
:10ADC000029104460FF00EFA12F0ECFF48F8AC5D69
:10ADD000DFF824A30FF096FC12F03AFE4146012062
:10ADE00012F064FF04F1140BDAF8001020A80BF045
:10ADF00019FA20A958460BF081FA20A80BF0DEF9C9
:10AE00000DF12809002F40F027810CAE0EAB11ADDB
:10AE10004FF0000BCDF838B0C3E901BB62699DF873
:10AE20003910022060F30101101D0F908DF83910C8
:10AE30005188ADF84010412019465388059AADF865
:10AE40004230FFF7D3F9404612F07AFF5846FFF739
:10AE5000C7F903224FF0010362F306134FF0070C0A
:10AE600010208DF820308DF821C08DF823208DF82A
:10AE700024208DF8220011F06DFB08A811F0B0FB22
:10AE8000914811F091FB914AADF82CB04FF4C87382
:10AE900048460A92ADF82E30FFF7A4F959468C487F
:10AEA00010F0CAFB002F40F0C68007AF30A9042382
:10AEB0004FF6FF7241F8A83D3046002311F0EEFB3B
:10AEC0000699002914BF3046002011F0ADFB069909
:10AED000002914BF3046002011F0B0FB069E7D4BC8
:10AEE0002093003620A818BF012613F027F87C20F5
:10AEF0001AF00FF8A368019A214601F05FFCDAF816
:10AF0000001020A80BF08EF9734928460BF08AF93F
:10AF10002A4620A938460BF013FA28460BF04EF9C2
:10AF200020A80BF04BF94022002120A81AF04CF881
:10AF30006A4B1868219001238DF8BC3010B11AF0CB
:10AF40007FF880B2079BADF88000181D2390002881
:10AF500000F0B8801AF074F883B2009AADF8883027
:10AF600010680430259010B11AF06AF880B25C4B7A
:10AF7000ADF890001868279010B11AF061F880B20F
:10AF8000584BADF898001868299010B11AF058F88D
:10AF900080B2554BADF8A00018682B90002800F047
:10AFA0008F801AF04DF883B220A8ADF8A83013F0C6
:10AFB0006DF92046FFF7ACFE3C22002128461AF02E
:10AFC00003F802214FF0040C2B46322230468DF854
:10AFD000441031468DF847C0FFF75AF90621204644
:10AFE000FFF7ACFA4FF4A03600234FF4F021032210
:10AFF00028460125CDE91433CDE91633CDE9126198
:10B000008DF85020CDF844900FF0A2FF84F8215025
:10B0100011F03CFB002804DD344B29461878FFF77B
:10B02000D7F8E38843F480533846E3800BF0C6F842
:10B0300031B0BDE8F08F11F029FB032807AF7FF78F
:10B0400035AF384620AB3246294611F013FCBDF827
:10B05000300011F005FC29E70CAE254948460BF0FD
:10B06000E1F80EAB2349039330460BF0DBF8039B6A
:10B070004A46184659460BF063F9DDE9022311AD43
:10B080001946284602930BF05BF93246294620A860
:10B090000BF056F920A958460BF030F920A80BF018
:10B0A0008DF828460BF08AF8029B18460BF086F8BC
:10B0B00030460BF083F848460BF080F8029BA7E679
:10B0C000034671E7034648E711A602000800100096
:10B0D0003C3A002085AC0200706B0400143A00205A
:10B0E000103A00206C200020183A00202B2300206A
:10B0F000686B04006C6B04007020002041F20103B7
:10B10000984216D00DD944F20103984206D044F279
:10B11000020398420AD14820F6F790BB4920F6F77F
:10B120008DBB012802D14620F6F788BB4A20F6F7EE
:10B1300085BB4720F6F782BBA8DF7047B0DF7047BA
:10B1400062DF7047704700BF8B79012B05D0022B5F
:10B1500002D10368DB6A1847704703689B6A184787
:10B160000368034A9B68934200D170470631184731
:10B1700045B1020070B50B88502B044631D01AD867
:10B18000102B26D0112B14D10368194DDA69AA426D
:10B190002BD100252E4605E023681B6998472368BC
:10B1A00006810135DB6820469847A842294620469B
:10B1B000F2DC012070BD512B06D0532BF9D103686E
:10B1C0001B6B9847012070BD03685B6A984701209C
:10B1D00070BD0368064A9B699342EAD098470120F4
:10B1E00070BD03681B6A9847F9E790472368D0E76A
:10B1F00045B1020010B5064B0360002304460371FD
:10B20000C38000F0CFF9214600F0DAF9204610BDE6
:10B21000C06B040010B5054B0360044600F0C2F992
:10B22000214600F0DDF9204610BD00BFC06B0400D0
:10B2300010B584B010310DF1FF330DF10F0411F88A
:10B24000012D03F8012FA342F9D1011D6846FFF734
:10B2500077FF04B010BD00BF00B583B00379ADF82F
:10B260000410821D01A901208DF80630FFF764FF4C
:10B2700003B05DF804FB00BF2DE9F04788B0054638
:10B28000BDF84060BDF84470BDF84840924688461D
:10B290001E2200210DF10200994619F095FEBB1BFC
:10B2A00018BF01232A79ADF800A0E107ADF80470BA
:10B2B0008DF80C30ADF80660CDF808908DF80220BE
:10B2C00005D59DF80D3043F002038DF80D30A2072F
:10B2D00005D59DF80D3043F004038DF80D3063075C
:10B2E00005D59DF80D3043F008038DF80D30270784
:10B2F00005D59DF80D3043F010038DF80D30E606AE
:10B3000005D59DF80D3043F020038DF80D30A006D3
:10B3100005D59DF80D3043F040038DF80D306106E2
:10B3200005D59DF80D3043F001038DF80D30E20591
:10B3300044BF01238DF80F30A30544BF01238DF8CE
:10B3400010302B68EC881A690120022341468DF8E1
:10B3500011308DF812308DF813308DF81400284616
:10B36000904769460246204610F026F808B0BDE82E
:10B37000F08700BF00B58DB001A80FF095FF019BCD
:10B3800023B1BDF808000DB05DF804FB4FF6FF7067
:10B390000DB05DF804FB00BF08B50FF05BFF003097
:10B3A00018BF012008BD00BF03682DE9F041DB682C
:10B3B00006460D4690469847071E1BDD00240BE00D
:10B3C0004388AB421ED08388AB4221D0C388AB42B6
:10B3D00024D00134A7420DD0336821461B69304682
:10B3E00098470388AB42EBD1012388F80030204610
:10B3F000BDE8F08100234FF0FF3488F8003020468C
:10B40000BDE8F081022388F800302046BDE8F081D5
:10B41000032388F800302046BDE8F081042388F833
:10B4200000302046BDE8F08130B583B00C460DF108
:10B430000702C9880546FFF7B7FF011E08DB9DF824
:10B4400007202B68032A05D01B680B4A93420ED1B4
:10B4500003B030BD228A022AF6D11B6928469847DC
:10B46000E17CA27C2B6842EA01220281ECE7A11D6B
:10B470002846984703B030BD45B10200F0B58BB007
:10B480000C460DF1070209890746FFF78DFF0028DA
:10B4900019DB9DF80730E689012293428DF80820D8
:10B4A00013D09DF80E20A088ADF81060002363F340
:10B4B000000202A98DF80E20ADF80C30ADF8123064
:10B4C0000593FFF73BFE0BB0F0BD3A681F49526889
:10B4D0002089ADF81A6000258A428DF81C308DF85D
:10B4E0001D30ADF818000895ADF8245015D12A4646
:10B4F0002F4629469DF80E50ADF80C1063F3000559
:10B50000A088ADF8106002A9ADF8127005928DF810
:10B510000E50FFF713FE0BB0F0BD384606A990475A
:10B520009DF81C304BB99DF81D30BDF81A60BDF870
:10B530002470089A4FF48171DCE729469DF81D308C
:10B54000BDF81A60BDF82470089AD3E745B102002F
:10B5500000B583B009890DF10702FFF725FF03B09D
:10B560005DF804FBF8B50E4C26689EB13368002BDD
:10B570000FDD07463546002402E03368A34208DDAC
:10B5800055F8040F036839465B6998470134002871
:10B59000F3D1F8BD542019F0BCFC20600660F8BD62
:10B5A000583A002010B5054C206800B110BD542059
:10B5B00019F0AFFC00232060036010BD583A002052
:10B5C00038B50368132B04460D4603DD1420FAF743
:10B5D00011FE236804EB830201335560236038BDFC
:10B5E000F0B40668002E0DDD4368994226D0041D94
:10B5F000002204E054F8045F8D4205D01A46531C23
:10B60000B342F7D1F0BC70470232B24213DA551C94
:10B610005C1C03EB060C00EB850500EB8404ACEB33
:10B62000020C1946013155F8047B44F8047B61454E
:10B63000F8D1B21A13440360F0BC70470122002312
:10B64000E3E700BF02207047013101EB810100EB0D
:10B650004100704782B070B50C4684B00546496819
:10B66000206802AC03C4039908AC481084E80C00BD
:10B67000CB0745BF2A58029B029CD4580AAB2E1810
:10B6800093E803008DE8030008AB0CCB3046A047DD
:10B6900004B0BDE8704002B0704700BF82B070B522
:10B6A00004A981E80C000546BDF81240FFF774FEBE
:10B6B00028B1022C1ED0012C29D0052C03D0BDE8C6
:10B6C000704002B070472C46022304F8083F2B68F4
:10B6D0001D4A1B69934230D105F10A062846FFF73F
:10B6E00049FE224601463046BDE87040012302B0C3
:10B6F000FEF7EEBC2C46002104F8081F2B68124A06
:10B700001B699342E8D0284698470646E6E72E464E
:10B710000D4A06F8084F2B681B6993420FD105F1BB
:10B720000A042846FFF726FE324601462046BDE8B9
:10B730007040012302B0FEF7CBBC0021E3E70021FB
:10B74000284698470446ECE749B6020082B070B537
:10B7500004A981E80C000546BDF81240FFF71CFE65
:10B7600028B1022C1ED0012C1FD0052C03D0BDE81F
:10B77000704002B070472C46022304F8093F2B6842
:10B780001A4A1B69934226D105F114062846FFF791
:10B79000F1FD224601463046BDE87040012302B06B
:10B7A000FEF796BC2C460023E7E72E460F4A06F824
:10B7B000094F2B681B69934212D105F114042846E6
:10B7C000FFF7D8FD324601462046BDE87040012310
:10B7D00002B0FEF77DBC0121284698470646D5E712
:10B7E0002146284698470446E9E700BF49B60200CB
:10B7F0002DE9F041044682B00E46154610309846B9
:10B80000BDF828700AF00AF926806580182019F022
:10B8100080FB08AB054693E803006A4682E8030014
:10B820002E4603CA46F80C8B0023084AEB6047F00B
:10B830000207736068602046A780A560E360C4E9E2
:10B840000833A9606A6102B0BDE8F08155B6020014
:10B850002DE9F04385B0BDF838803BB30C9C14B3A0
:10B860000F2902D1B8F1C00F20D1064628201C466E
:10B870000D46174619F04DFB0CAB814693E80300CB
:10B880003A468DE8030023462946CDF8088048460D
:10B89000FFF7AEFF336849465B683046984740B9CA
:10B8A00005B0BDE8F0830D9CE407D9D46FF47A703D
:10B8B000F6E7484604F0B2FF484619F023FB01487A
:10B8C000EEE700BF16FCFFFF2DE9F041324F3E6866
:10B8D00094B0002E36D00C460546304B002934D1AA
:10B8E000CDE9083108AB93E803004FF01008224679
:10B8F0008DE803002B460121CDF808800AA8FFF748
:10B9000077FF33680AA99B68304698470AA804F075
:10B9100085FF234B3E68CDE9063406AB93E8030070
:10B9200022468DE803002B460221CDF808800AA8A4
:10B93000FFF75EFF336830469B680AA998470AA85C
:10B9400004F06CFF14B0BDE8F0810024049305946A
:10B9500004AB93E803004FF010088DE80300224683
:10B960002B463046CDF808800121FFF771FF0C4BC4
:10B970003E68CDE90A340AAB93E8030022468DE81D
:10B980000300CDF808802B4630460221FFF760FF08
:10B9900014B0BDE8F08100BFCC3B00209DB6020092
:10B9A0004DB70200F0B5044685B0FFF723FC2046F2
:10B9B0001A4B40F80A3BFEF771FB002704F1140014
:10B9C000FEF76CFB204616492781FFF731FC012565
:10B9D0000926204649F68201FFF73EFC394604F16C
:10B9E000080320464DF69022CDE901560095FFF759
:10B9F00043FC2046CDE901560095A31929464DF692
:10BA00009122FFF739FC2046FFF7C6FC18B1294602
:10BA10002046FFF759FF204605B0F0BDFC6B04003F
:10BA2000A86B04000121FFF74FBF00BF0021FFF703
:10BA30004BBF00BF0420704701EB810100EB4100C8
:10BA40005230704710B5074B074A036000238260ED
:10BA5000C3810446083004F07FF82046FFF7DAFB84
:10BA6000204610BD386C0400B470040010B5084ABC
:10BA7000084940F8082C00220160C280A0F10804A7
:10BA800004F06AF82046FFF7C5FB204610BD00BF52
:10BA9000386C0400B470040010B5094B094A036007
:10BAA00000238260C3810446083004F055F8204624
:10BAB000FFF7B0FB204619F025FA204610BD00BF65
:10BAC000386C0400B470040010B5094A094940F804
:10BAD000082C00220160C280A0F1080404F03CF8A8
:10BAE0002046FFF797FB204619F00CFA204610BDC0
:10BAF000386C0400B47004002DE9F84F0368BC4FA3
:10BB00001A690E88BA4204460D4640F042815C3004
:10BB10000288B24200F0F6801A692E88BA4240F0DC
:10BB2000338104F152000288B24200F0A3801B6905
:10BB30002E88BB4240F0E28004F166000388B342E5
:10BB400058D023682E881B69BB4240F0438104F122
:10BB500070000388B34201D0BDE8F88FB5F80A80C1
:10BB6000B8F1010FF8D9A8F1020805F11003C8F3E4
:10BB70004E0803EB48080E354FF001090C2716E07C
:10BB8000122B94BF18221346206915F8011C98BF88
:10BB900012FB037203EB430300EBC30388BF0C22C9
:10BBA000DB6810441B6898470235A845D4D015F8C7
:10BBB000023CA16909FA03F21140F5D16069024023
:10BBC000DED0122B9ABF182010FB03720B4620699F
:10BBD00015F8011C03EB430300EBC30388BF0C22E1
:10BBE000DB68FF291044DB6814BF890040F2FF3195
:10BBF0009847D9E76A89002AAED07E4BA3FB023A68
:10BC0000A2EB0A030AEB530A4FEA9A0ACAEBCA03E9
:10BC1000D21A92B2002A9FD11AF0FF0A91D005F1F0
:10BC20000C08072313FB0A8A18E018220C2012FBC9
:10BC3000030B206903EB4303DE0083195844DB68E0
:10BC4000DB6898472069064408F10708F36849460D
:10BC50009B6B58449847C2453FF473AF98F8003047
:10BC6000B8F80110D8F80390122BDED900234FF05A
:10BC70000C0BDEE76A89032A7FF659AF2646EA688D
:10BC800046F8142F1B69BB4240F0AD8004F1520806
:10BC90002046FFF76FFB3246014604234046FEF77D
:10BCA00003FA00264FF0010909E006EB4602D20034
:10BCB00002F10C01002B7ED10136132E18D0D4E9ED
:10BCC000052309FA06F818EA020F08EA0303ECD084
:10BCD00006EB4602D20002F10C01002BECD02069E9
:10BCE00002440136D36808445B699847132EE6D1B5
:10BCF00023682E881B69BB423FF41EAF02212046F9
:10BD000098471BE76A89032A7FF606AF2646EA684A
:10BD100046F8182F1B69BB4260D104F15C0820462D
:10BD2000FFF728FB3246014604234046FEF7BCF9E4
:10BD300000264FF0010908E006EB4602D20002F1AE
:10BD40000C0153BB0136132E18D0D4E9052309FA90
:10BD500006F818EA020F08EA0303EDD006EB4602E4
:10BD6000D20002F10C01002BECD020690244013614
:10BD7000D36808445B699847132EE6D123682E8860
:10BD80001A69BA423FF4CDAE00212046904723689D
:10BD9000C9E6012190472368BAE6206902440844B5
:10BDA000D3685B689847636918EA030FCAD0A36930
:10BDB00008EA0303D2E7206902440844D3685B68B9
:10BDC0009847636918EA030F3FF476AFA36908EA5E
:10BDD00003037DE7032120469847BAE60121204668
:10BDE000984780469BE700212046984780464FE7CA
:10BDF00039BA0200254992242DE9F043044685B062
:10BE0000154600F10808FFF7F5F9364BA36000234B
:10BE1000E360404603F030FE334B256103F14802F6
:10BE20002360A26004F1520504F17A0628460A351F
:10BE3000FEF734F9AE42F9D10025C4F84A50204645
:10BE4000C4E90555C4F83E502849C4F84250C4F826
:10BE50004650C4F84D50E561256265622585FFF7BF
:10BE6000E7F904264FF00509204641F27B21FFF750
:10BE7000F3F9294604F114032046CDE9016900963F
:10BE800045F69902FFF7F8F904F118032046CDE9C9
:10BE9000016900964BF6FE120121FFF7EDF904F15E
:10BEA0001C070E223B46CDE90022204602964DF6A5
:10BEB00022020221FFF7E0F940F20D121423CDE92E
:10BEC0000132032104F12A034FF40D42204600956C
:10BED000FFF7D2F9404603F04FF8204605B0BDE821
:10BEE000F08300BFB4700400386C0400A86B040039
:10BEF0002DE9F047002405468A46A0460C264FF05F
:10BF000001091CE04B689847C0B22B19BAF1000F29
:10BF100003D193F83E2082420CD005EB480208F191
:10BF20000108B8F1090F83F83E0082F82A4082F830
:10BF30002B001ADC0134132C06F1180615D0AB695E
:10BF400009FA04F21A4204EB440CF3D02B696F692E
:10BF500003EBCC0C3A4233441846DCF80C10D1D039
:10BF60004A699047C0F38700CFE74046BDE8F087B5
:10BF700003680D4A1B69934270B504460D460E884E
:10BF80000FD170300388B34200D070BD012120462C
:10BF9000FFF7AEFF0028F8D02A344000AC60A8813B
:10BFA00070BD03219847EDE739BA02002DE9F04151
:10BFB0000446FFF7F1F908B9BDE8F08100212046F9
:10BFC000FFF796FF0028F7D023680D4A1B69400051
:10BFD000934285B204F12A070CD104F17006204681
:10BFE000FFF7C8F92B463A4601463046BDE8F04116
:10BFF000FEF76EB80321204698470646EFE700BFDC
:10C0000039BA0200A0F10800FFF7D0BF0320704743
:10C0100001EB810100EB4100283070472DE9F84F1A
:10C0200003681B4A1B690C889342834689462CD1BE
:10C0300028300388A34201D0BDE8F88F0027BA4614
:10C040000BF10B054FF0010805F801AF3EB20024DB
:10C05000DBF8080021B23246103009F077FDC4F158
:10C060000403013420B12A7808FA03F313432B7038
:10C07000052CEDD10137052FE6D10BF10C03C9F8E2
:10C080000830A9F80C70BDE8F88F00219847D0E778
:10C0900011C002002DE9F0430368404C1B69B1F860
:10C0A0000080A34283B005460E4601F10C076AD119
:10C0B0002830038843451FD02B68B6F800801B69E1
:10C0C000A34263D105F13200038843453CD02B687D
:10C0D00037881B69A3425DD105F13C000388BB4250
:10C0E00002D003B0BDE8F0837389012B84BFB3890C
:10C0F0006B8203B0BDE8F0837389013B042BDBD86E
:10C10000A8683C3006F09AFC7389002BE9D04FF008
:10C1100000090FFA89F800243B78A868C4F10402EA
:10C12000134143F3000321B2DBB210304246013425
:10C1300009F0F6FC052CEFD1738909F101094B4593
:10C1400007F10107E5DCCCE7B6F90A203946684675
:10C150000AF0ACF8A8683C3006F070FCA8686946A4
:10C1600000F13C0401A80AF0BBF86A8A01A9204644
:10C1700006F046FD01A80AF021F868460AF01EF80C
:10C1800003B0BDE8F0830021984792E701212846DB
:10C19000984799E70221284698479FE711C0020077
:10C1A000F0B5044685B01546FFF724F8234B23600D
:10C1B000A56004F12800FDF771FF04F13200FDF7DE
:10C1C0006DFF04F13C00FDF769FF002578236382D1
:10C1D0002046E56025741A492575FFF729F82046A1
:10C1E0004DF61D11FFF738F8052604F10C0740F253
:10C1F00005123B4629462046CDE90162009647F6E6
:10C200007732FFF739F814220421A318CDE9012170
:10C2100020460092012149F2EE32FFF72DF802216B
:10C220002046029604F11203CDE9001140F62D528A
:10C23000FFF722F8204605B0F0BD00BFA46C040053
:10C24000A86B04000420704701EB810100EB410062
:10C250001830704782B070B50C4684B00546496806
:10C26000206802AC03C4039908AC481084E80C00B1
:10C27000CB0745BF2A58029B029CD4580AAB2E1804
:10C2800093E803008DE8030008AB0CCB3046A047D1
:10C2900004B0BDE8704002B0704700BFF0B503685D
:10C2A0001C4E1B690F88B34285B004460D4629D148
:10C2B0002C300388BB420BD023682F881B69B34204
:10C2C00023D104F136000388BB420ED005B0F0BD87
:10C2D0006B89012BF0D9AB89A382022201230621AD
:10C2E000684609F07BFB05B0F0BD6B89002BEDD0F3
:10C2F0002B7BA375012BE9D104220621684609F0A6
:10C300006DFBE3E702219847D3E7032120469847D6
:10C31000D9E700BF49C2020010B50446806804F0A6
:10C32000A1FEA081A06804F0A5FEE081A06804F051
:10C33000A9FEA36820821A681846536A9847A0820B
:10C34000A06804F073FE00B910BDA06804F0A2FE5E
:10C35000608210BD70B50446806804F021FEA8B16B
:10C360000323A37523680D4A1B69934204F1160643
:10C370000FD104F136052046FEF7FCFF3246014698
:10C3800001232846BDE87040FDF7A2BE0223A37535
:10C39000E8E70321204698470546ECE749C202003A
:10C3A0002DE9F0410446FEF7F7FF08B9BDE8F0813A
:10C3B0002046FFF7B1FF2368244D1B69AB4204F10F
:10C3C000140738D104F12C062046FEF7D3FF3A4675
:10C3D000014602233046FDF767FE23681B69AB4226
:10C3E00004F10C0722D104F118062046FEF7C2FF23
:10C3F0003A46014606233046FDF76AFEA06804F07F
:10C4000015FE0028D2D023681B69AB4204F1120646
:10C4100016D104F122052046FEF7ACFF3246014654
:10C4200002232846BDE8F041FDF752BE0021204618
:10C4300098470646D9E70221204698470646C3E7B3
:10C440000121204698470546E5E700BF49C20200A2
:10C4500070B5044605468068A18A03681B6A984740
:10C46000A06803685B6A984723680C4A1B6925F833
:10C47000140F93420CD104F12C062046FEF77AFFEC
:10C480002A46014602233046BDE87040FDF70CBE47
:10C490000221204698470646EFE700BF49C2020046
:10C4A00082B08DE80C00BDF80230012B05D0022BC4
:10C4B00009D0042B04D002B0704702B0FFF770BF60
:10C4C00002B0FFF747BF02B0FFF7C2BF2DE9F0414E
:10C4D000044682B00E46154610309846BDF82870C6
:10C4E00009F09CFA26806580182018F012FD08AB30
:10C4F000054693E803006A4682E803002E4603CA15
:10C5000046F80C8B0023084AEB6047F00207736083
:10C5100068602046A780A560E360C4E90833A9608D
:10C520006A6102B0BDE8F08155C202002DE9F04316
:10C5300085B0BDF838803BB30C9C14B30F2902D1F1
:10C54000B8F1C00F20D1064628201C460D461746DC
:10C5500018F0DFFC0CAB814693E803003A468DE807
:10C56000030023462946CDF808804846FFF7AEFF72
:10C57000336849465B683046984740B905B0BDE826
:10C58000F0830D9CE407D9D46FF47A70F6E748463F
:10C5900004F044F9484618F0B5FC0148EEE700BF46
:10C5A00016FCFFFF2DE9F0411D4F1E4D8AB00026FD
:10C5B0000446FFF7B1FECDE908760AAB13E90300A4
:10C5C0008DE80300C022234628680292062101223A
:10C5D000FFF7ACFFCDE9067606AB93E803002A68C7
:10C5E0004FF010088DE8030023461046CDF8088070
:10C5F00002220621FFF79AFFCDE904760DEB08032E
:10C6000093E803002D68CDF808808DE803002346E9
:10C61000042228460621FFF789FF0AB0BDE8F08111
:10C62000A1C40200CC3B002070B5044684B015467E
:10C63000FEF7E0FD2E4BA560236004F1180504F120
:10C64000400628460A35FDF729FDAE42F9D10025FE
:10C65000A06825610368E5605B6A9847A575A082BC
:10C6600024492046FEF7E4FD4FF2D8212046FEF78C
:10C67000F3FD092606232946CDE90136022500935C
:10C680004FF6113204F10C032046FEF7F5FD04F1DC
:10C69000120349F2157201212046CDE90156009599
:10C6A000FEF7EAFD05232946029343F66C0204F1E6
:10C6B00014032046CDE90055FEF7DEFD01230C22D0
:10C6C000CDE901320093204604F116034BF25832B3
:10C6D0000321FEF7D1FD2046FEF75EFE28B1064B92
:10C6E0001B6813B12046FFF75DFF204604B070BD04
:10C6F000E06C0400A86B0400CC3B0020024B1B68DC
:10C700000BB1FFF74FBF7047CC3B002030B5114B4A
:10C710001C6891B0BCB10A46B9B90F49CDE9041201
:10C7200004A9034603C910258DE8030002950621DC
:10C7300006A8FFF7CBFE236806A99B68204698470A
:10C7400006A804F06BF811B030BDFFF72BFF11B055
:10C7500030BD00BFCC3B0020A1C402000021FFF788
:10C76000D5BF00BF0120704701EB810100EB410004
:10C770007030704782B070B50C4684B00546496889
:10C78000206802AC03C4039908AC481084E80C008C
:10C79000CB0745BF2A58029B029CD4580AAB2E18DF
:10C7A00093E803008DE8030008AB0CCB3046A047AC
:10C7B00004B0BDE8704002B0704700BF2DE9F04101
:10C7C000044686B0002590461F46FEF713FD2E490D
:10C7D0002160C4E90287258284F85450A56504F1DC
:10C7E0007000FDF75BFC20462849E5652566656617
:10C7F000A566E566FEF71CFD20464DF61D11FEF709
:10C800002BFD04F15C0614220A2733462946CDE9A4
:10C8100001272046009243F61032FEF72DFD282016
:10C82000D4F8088018F075FB0646103009F0F6F8C9
:10C8300029233360182018F06CFB154ACDE9042534
:10C84000074604AA034603CA47F80C4BDD607D6027
:10C8500058609960D8F800200E49F560122059619F
:10C86000B360B080C6E908555368404631469847E2
:10C8700018B9204606B0BDE8F081304603F0CEFF7F
:10C88000304618F03FFBF4E7406D0400286D0400CB
:10C89000CDCB020075C70200F0B5037CCA78934285
:10C8A00085B0054629D022D99B1A072BCCBF00247E
:10C8B0000124D4B9314A2B68128804AE214626F8E7
:10C8C000102D28461B69984707462846FEF752FD5B
:10C8D0000223014632463846FDF7FAFB6B7C85F8A9
:10C8E00054400433DBB26B742B7405B0F0BDD31A23
:10C8F000F82BD4BF00240124DBE70A4690F854004B
:10C9000001332B7452F804CF030105F11404E0182D
:10C9100057689668D26844F803C047608660C26072
:10C9200095F85430012B0FD01ED3032B18D10123BF
:10C930001A462921684609F051F86B7C002204331D
:10C940006B7485F85420D0E78B784978AA6D1B0466
:10C9500043EA016313430222AB6585F85420C4E720
:10C96000013385F85430C0E7B1F801305BBA9BB2AF
:10C970000122AB6585F85420B7E700BF146D0400B1
:10C98000F0B503684F4A1B690E88934297B004467E
:10C990000D4615D170300388B34201D017B0F0BDF9
:10C9A0006B89002BFAD02A7B022A17D00BD8DAB178
:10C9B000012AF3D105F10C012046FFF76DFFEDE7E9
:10C9C00000219847E7E7EE2A5FD0FF2AE6D16B7B8C
:10C9D00023B1012BE2D1F9F703FCDFE70123292181
:10C9E00006A808F0FBFFD9E706A802F08FFC364B3B
:10C9F0001A684AB9129A3AB19DF84410032903D132
:10CA000032481399026019606B7B8DF80530142150
:10CA100006A803EB830201FB030316A901EB8202C4
:10CA200052E90E62103303CB330E8DF809608DF896
:10CA30000630330C360A25688DF80D208DF8073046
:10CA40008DF80860130C0026170E120A8DF80C20C2
:10CA5000CDF80E00CDF812108DF80A708DF80B305D
:10CA60008DF804602B6931462046984705462046DC
:10CA7000FEF780FC01AA014612232846FDF728FB99
:10CA8000268284F85460A66588E7114B0025186853
:10CA90008DF81A504FF4F773ADF81830FEF7C4F85C
:10CAA00023688DF81A0029461B69204698470546D9
:10CAB0002046FEF75FFC0323014606AA2846FDF741
:10CAC00007FB6BE769C702005C3A0020603A002070
:10CAD000543A002010B5ADF5627D01A802F07CFA51
:10CAE0004FF46072002102A818F06EFA02200123B0
:10CAF00000225821039003A80A930DF01BFD002289
:10CB00000290C3219AA80DF015FD40F6FC73999090
:10CB10001A68013232D04FF080521C6813691C44ED
:10CB200020464FF4607202A918F01BFAB0B940F623
:10CB3000FC731C684FF4607202A9204618F011FAC9
:10CB400048B1214601A802F049FA02AA214601A8EB
:10CB5000E02302F079FA0DF5627D10BD214601A8AF
:10CB600002F03CFAE023214602AA01A802F06CFA86
:10CB700040F6FC731B680133D9D10EE04FF0102250
:10CB80004FF0805394691B691C4420464FF4607237
:10CB900002A918F0E6F90028E0D14FF010239C69B3
:10CBA000C8E700BF40F6FC731A6801320ABF4FF0B5
:10CBB00010231A689A694FF080531B69134493F845
:10CBC000A13203B97047FFF785BF00BF82B02DE9DE
:10CBD000F04383B00AA90546684681E80C0002F0DC
:10CBE000FBF9BDF82A40022C56D0FF2C4BD0012C6B
:10CBF00004D003B0BDE8F04302B070474C49E86888
:10CC000006F082FA0746002865D001AE384618F0D3
:10CC100079F94FF08052AC6D1169B4FBF1F301FB6F
:10CC200013438BB9116989080ED02168013108BFFF
:10CC3000201D04D04AE050F8041B013146D111698F
:10CC40000133B3EB910FF6D32146684605F1140288
:10CC5000102302F0F9F94FF601722B68ADF80420A9
:10CC60001B6900212846984704462846FEF782FBA8
:10CC70003246014602232046FDF72AFA03B0BDE8FA
:10CC8000F04302B070472B4B1868FDF7ADFF03B0BF
:10CC9000BDE8F04302B070471023684605F1140266
:10CCA000A96D02F0D1F9FFF715FFE868204906F0F9
:10CCB0005FFB214B186810B1012101F049F8F9F729
:10CCC0008FFA03B0BDE8F04302B0704721466846D2
:10CCD00002F084F9B8E702AE234606F8044D174C7B
:10CCE0001349E868324606F049FA2368002B8DD0D4
:10CCF000134AD2F80090994588D24FF08058A9F194
:10CD0000040309F6FC7101E08B4207D053F8042FAD
:10CD10000132F9D04946684602F060F9D8F810307F
:10CD2000226823F0030399449145E8D36EE700BFDE
:10CD3000186D0400543A0020B43900205C3A0020F9
:10CD4000603A00200220704701EB810100EB4100B6
:10CD50001030704782B070B50C4684B00546496803
:10CD6000206802AC03C4039908AC481084E80C00A6
:10CD7000CB0745BF2A58029B029CD4580AAB2E18F9
:10CD800093E803008DE8030008AB0CCB3046A047C6
:10CD900004B0BDE8704002B0704700BF2DE9F0411B
:10CDA00003681A4E1B690F88B34204460D4624D10E
:10CDB0001A300388BB4201D0BDE8F0816B89012B9A
:10CDC000FAD9A989E181A068FAF7B2F9A068FAF75F
:10CDD000B7F923681B692546B34225F80E0F0FD11A
:10CDE00004F11A062046FEF7C5FA2A460146022338
:10CDF0003046BDE8F041FDF757B901219847D8E723
:10CE00000121204698470646ECE700BF49CD0200C5
:10CE100082B070B504A981E80C000446FEF7BCFAA4
:10CE200018B9BDE8704002B07047A068FAF774F90D
:10CE300025460D4A05F80C0F23681B6993420DD156
:10CE400004F110062046FEF795FA2A4601463046C0
:10CE5000BDE87040012302B0FDF73AB90021204639
:10CE600098470646EEE700BF49CD02002DE9F041A4
:10CE7000044682B00E46154610309846BDF828701C
:10CE800008F0CCFD26806580182018F042F808AB29
:10CE9000054693E803006A4682E803002E4603CA6B
:10CEA00046F80C8B0023084AEB6047F002077360DA
:10CEB00068602046A780A560E360C4E90833A960E4
:10CEC0006A6102B0BDE8F08155CD020070B504463C
:10CED00086B08068FAF720F92073A068FAF730F975
:10CEE000144A154BE081049328200023166805930B
:10CEF00018F00FF806AB054613E90300C0228DE8D1
:10CF0000030023460292082128460122FFF7AEFFC4
:10CF1000336830465B682946984708B906B070BD4B
:10CF2000284603F07BFC284606B0BDE8704017F0A9
:10CF3000E9BF00BFCC3B002011CE020070B5044613
:10CF400084B01546FEF756F91E4B2360A56004F128
:10CF50001000FDF7A3F8002604F11A00FDF79EF873
:10CF60002673E68120461849FEF762F920464FF401
:10CF7000C241FEF771F901250922314604F10C0383
:10CF80002046CDE90152009549F25022FEF774F98E
:10CF9000052602222046CDE901260092294604F109
:10CFA0000E0341F62532FEF767F92046FEF7F4F945
:10CFB00028B1064B1B6813B12046FFF787FF2046B8
:10CFC00004B070BD7C6D0400A86B0400CC3B002055
:10CFD000024B1B680BB1FFF779BF7047CC3B0020B9
:10CFE00010B5114B1C6890B0C4B1C9B90F4ACDE956
:10CFF000042104AA034692E8030010228DE80300EE
:10D0000002920821012206A8FFF730FF236806A933
:10D010009B682046984706A803F000FC10B010BD9E
:10D02000FFF754FF10B010BDCC3B002011CE020022
:10D030000021FFF7D5BF00BF0220704701EB81013F
:10D0400000EB41002430704790F823200023038434
:10D0500080F8223002B9704700B585B00123032261
:10D0600040F2FF31684608F0B9FC05B05DF804FBFA
:10D070002DE9F0410446FEF78FF918B90026304635
:10D08000BDE8F0812368DFF890801B6943450646C0
:10D0900039D104F1240003899B07EFD594F822309D
:10D0A000E068E77C94F82110132B074418D894F813
:10D0B0002020914205D113E094F820208A420FD01D
:10D0C000E0685A1C84F82220425CFA5494F822301A
:10D0D000E07C0131132B91FBF0F200FB1211EBD934
:10D0E0002268126942459DB211D104F124082046FC
:10D0F000FEF740F92B4601463A464046FDF726F832
:10D100003046BDE8F081002120469847C3E7002162
:10D11000204690478046EAE73DD0020030B50368DC
:10D120001B4A1B690D88934285B004462DD12430DB
:10D130000388AB4201D005B030BD94F8222094F8AA
:10D140002130E17C94F823501344002093FBF1F24A
:10D1500001FB123384F8213084F8220001230322DA
:10D1600040F2FF31684608F039FC002DE3D194F815
:10D170002230002BDFD194F8212094F820309A42FD
:10D18000D9D02046FFF774FFD5E700219847CFE7B5
:10D190003DD002002DE9F04F0368304A1B690C882E
:10D1A000934285B005460F4654D12E300388A342E2
:10D1B00002D005B0BDE8F08F7B89002BF9D00C3789
:10D1C00007EB030B2B7CAA7C687C591C91FBF2F6C5
:10D1D00002FB161686422AD0AA6997F80080B2F997
:10D1E0000290B9F1000F17DD05F1180A002401E0E3
:10D1F000A14510D021B2504609F0BAF8804504F19B
:10D200000104F5D101231A464FF49661684608F0EF
:10D21000E5FBA145EED12B7CAA6802F80380EB69FF
:10D220002E749E420BD00137BB45CBD1C1E7012301
:10D2300003224FF49661684608F0D0FBF3E74FF005
:10D24000FF33EB61022201234FF49661684608F038
:10D25000C5FBE8E701219847A8E700BF3DD00200E1
:10D260002DE9F041044684B015461E46FDF7C2FF85
:10D270002046254B40F8183B09F03AF8013604F1F6
:10D280002400FCF70BFFF6B204F12E000135FCF789
:10D2900005FFEDB206F128002844012103F07AFAD7
:10D2A00005F1140300270344C4E90203A5742046D2
:10D2B000E6742782278484F8227084F82370134947
:10D2C000FDF7B6FF20460121FDF7C6FFA3680097D2
:10D2D0004FF0140806222B442046CDE9018201219B
:10D2E0000322FDF7C9FFE368CDF804801022204631
:10D2F00002920097394633440222FDF7BDFF2046D3
:10D3000004B0BDE8F08100BFC86D0400B06D04003A
:10D31000012923D070B50446407C71B1A57C461C20
:10D32000022996FBF5F205FB126202D1237C8342AF
:10D330000DD0A368185C627470BD237C834210D04A
:10D34000A37C411C91FBF3F203FB1212F1E7E261B3
:10D350004FF4966002F0D4FF607CF1E76FF47A70CE
:10D360007047014870BD00BF0CFCFFFF2DE9F04F76
:10D37000B2F1000883B040F39980012B00F0968051
:10D3800005461E460091FEF707F8002800F08B8046
:10D390002B68484F1B69BB4240F0818005F1240097
:10D3A00003899A077FD54FF0000B05F12403DA4675
:10D3B00001934FF001092846FDF7EEFF002858D0F1
:10D3C0002B681B69BB4258D1019803899B0750D534
:10D3D000C34527DA95F82010EA7C95F821004B1C0C
:10D3E00093FBF2F402FB143398421BD0009A0BF12A
:10D3F000FF30104408E0EC7C95F821C092FBF4F378
:10D4000004FB13239C450DD0EA6810F8014F5454D7
:10D410000BF1010BD9B2D84503F1010285F82010B8
:10D42000E9D1C346022E2CD185F82390032140F286
:10D43000FF3002F0B3FD95F8223043B995F8212072
:10D4400095F820309A4202D02846FFF711FE02F0EC
:10D4500027FFD84585F823A0ADD195F8212095F870
:10D4600020309A4205D02846C346FDF795FF002894
:10D47000A6D1584603B0BDE8F08F00212846984752
:10D48000A3E795F82230002BF3D195F8212095F8E9
:10D4900020309A42EDD02846FFF7EAFDE9E7002167
:10D4A000284698477CE7DFF810B0E2E76FF47A7B14
:10D4B000DFE700BF3DD0020016FCFFFF10B40C6890
:10D4C0001346211DB4F902205DF8044BFFF74EBF4F
:10D4D000012BF8B541D017460D460646D3B1022BB5
:10D4E0002AD1437C027C9A423DBF817C8918CB1AA9
:10D4F000D31A9F4223DC002F1EDD6C1EE51902218A
:10D500003046FFF705FF04F8010FA542F7D13C466E
:10D510002046F8BD002A0FDD4D1E1C4604E00134F4
:10D52000A74205F8010FF3D000213046FFF7F0FEC7
:10D530000028F4DA2046F8BD00242046F8BD817C9E
:10D540003A44D31A93FBF1F201FB1233C361022177
:10D550004FF4966002F0D4FECDE76FF47A74D7E70B
:10D56000012A0FD010B51830144608F0C7FE022C5F
:10D5700001D0002010BD01214FF4966002F0C0FEE2
:10D58000002010BD6FF47A70704700BF2DE9F04F96
:10D5900087B000AF012B7B60F86000F0B6804D7C57
:10D5A0000C7CBD60A5428946934636D01168D9F8F7
:10D5B0000830B1F902105E5D002905F1010824DD93
:10D5C00000244FF0FF3A21B2584608F0D1FEDBF8B4
:10D5D0000010B1F902100134B04208BFAA46A142BE
:10D5E000F1DC99F8120099F8104098FBF0F500FB77
:10D5F0001585AC421CD0BAF1FF3F40D1D9F80830B4
:10D6000000295E5D05F10108DADC99F8120098FB4B
:10D61000F0F500FB1585A542CDD17B68022B0DD01E
:10D62000F86808F065FEF8681C37BD46BDE8F08F65
:10D630007B68022B23D1BAF1FF3F20D1594607F175
:10D64000140008F04DFE07F1140102224846FFF7CE
:10D6500087FF07F1140008F0B1FD99F8103007F1C9
:10D66000140003F1FF3A08F043FE07F1140109F139
:10D67000180008F043FE07F1140008F09FFDBAF10E
:10D68000000FCDDBBB6899F812409A45ABBFBB6871
:10D69000E61AAAEB0306564406F1080222F0070236
:10D6A0006D46ADEB020D00216846721C17F08CFC34
:10D6B000B7F80880D9F808E01FFA8AF39845694658
:10D6C0000FD00DF1FF3C08F1010090FBF4F204FBD8
:10D6D00012021EF808000CF8010F1FFA82F84345E9
:10D6E000F1D199F81130F8680133334493FBF4F227
:10D6F00004FB123489F8114032B208F0D7FDF86803
:10D70000AD461C37BD46BDE8F08F6FF47A7108F066
:10D7100075FDF8681C37BD46BDE8F08F437C027C80
:10D72000934283BF807C8018C01AD01A704700BF14
:10D7300010B5074B036003F1740103F1A402044622
:10D7400081614262183005F01FFB204610BD00BF0A
:10D75000046E040010B5074A40F8182C02F1740456
:10D7600002F1A4010460C160A0F1180405F00CFBF3
:10D77000204610BD046E040010B5084B036003F191
:10D78000740103F1A402044681614262183005F07D
:10D79000FBFA204617F0B6FB204610BD046E0400CD
:10D7A00010B5094A40F8182C02F1740402F1A401E2
:10D7B000C1600460A0F1180405F0E6FA204617F0F5
:10D7C000A1FB204610BD00BF046E0400F0B583B07D
:10D7D00016469DF82050CAB21F4631460123044622
:10D7E0000AF0B2FB012D04F1180003D0032D14BF81
:10D7F0000025022500213B46324600910195214635
:10D8000005F0E6FB044B236003F174022046A433C9
:10D81000A261636203B0F0BD046E040042DF704792
:10D82000704700BF084602F045BD00BF82B070B52A
:10D830000C4684B005464968206802AC03C40399CD
:10D8400008AC481084E80C00CB0745BF2A58029B5F
:10D85000029CD4580AAB2E1893E803008DE803000D
:10D8600008AB0CCB3046A04704B0BDE8704002B016
:10D87000704700BF82B08DE80C0000F6F810002160
:10D8800002B0F8F765B900BF82B010B502A981E80F
:10D890000C00BDF80A30062B3ED00FD9152B22D034
:10D8A00040F6B932934227D1BDE8104041F25023EF
:10D8B0004FF0FF31C05802B007F0E2BA032B21D17C
:10D8C0000446002100F6141005F0A8FB04F63810F9
:10D8D000002105F0A3FB04F65C10BDE81040012117
:10D8E00002B006F043BCBDE8104041F250230121D4
:10D8F000C05802B007F0EEBA0D2B05D0BDE81040BD
:10D9000002B07047052BF9D1BDE81040D0F8DC0912
:10D91000036802B01B6B1847BDE81040D0F8E0095F
:10D92000036802B09B6A184738B500F5F9640546EC
:10D930002046F9F795F940B105F10C00FCF75CFFC2
:10D9400038B92046F9F794F950B9BDE838400BF0E2
:10D950009DBE2046F9F74AFBBDE838400BF096BE65
:10D960002046F9F731FB0028EFD138BD064A13688D
:10D97000591E11603BB9054A116821B141891360F4
:10D9800021F400534381704778200020302000208C
:10D99000A0F10400FFF7EABF704700BF2DE9F04F88
:10D9A00089B00446F8F782FBB64B4FF00008C4E993
:10D9B0000138201D02F060F8B34B236004F10C071E
:10D9C0003C33636004F134063846FCF791FD04F102
:10D9D0004C05276330460922AC490BF0D1FD04F118
:10D9E000640728460A22AA490BF0CAFD38461A22C3
:10D9F000A8490BF0C5FD42463146012304F18000E1
:10DA000004F0A0FD04F1E00304F1B800039306F074
:10DA1000F9F8DDF80C80222304F53B7B29464046CB
:10DA20005B2208F0CBFE04F54B75394612225846AE
:10DA30000BF076FB04F5E66741465A46284604F5A6
:10DA4000F368049700F0E4F9934B384604F5CA6292
:10DA500004F5C7610BF09EF904F5B56204F5B261F7
:10DA6000404601F0E1FE04F5A06204F5A36104F56F
:10DA7000F66001F0D9FE282704F5F96318462A4616
:10DA8000059341463346009781462A26F8F76CFEF7
:10DA900004F6180241464B461046069200962A4666
:10DAA000F9F790FB40F6F87304F644051A68013262
:10DAB0000ABF4FF01023196859694FF0805304F6DC
:10DAC000540618691B6900EB4000091A0122284618
:10DAD000FAF754FB294630460022079605F0EAFA89
:10DAE00004F5C462C4F87028D4F81027C4F8742868
:10DAF000D4F81427C4F87828D4F81827C4F87C2858
:10DB000004F5B867D4F81C27C4F8607804F5BB6640
:10DB100004F5C161052304F6A40A04F5BE60C4F847
:10DB20006468C4F86C18C4F880285C49D4F82027CD
:10DB3000C4F8680804F5066504F6740704F6880658
:10DB4000C4F88428C4F88838C4F88C38C4F89038ED
:10DB5000C4F89438C4F8A018504631460722C4F8D7
:10DB60009858C4F89C78F8F7D1FC4FF000090123CD
:10DB70001A46CDE9009904F56C7104F6141005F00D
:10DB800027FACDE900990123022204F5886104F601
:10DB9000381005F01DFA03230222012104F65C105F
:10DBA00006F042FB5A4640F6AC5304F5A66104F673
:10DBB0006C1006F0B3FB092104F51A6001F012FCA9
:10DBC000082104F6C810F9F74FFA404600F084FC2B
:10DBD000C4F8DC09404600F063FD079BD4F8DC295B
:10DBE000009301465346C4F8E00904F6E41001F03E
:10DBF0007BF904F5A96A04F5AC6004F5AF61CDE9E1
:10DC00000010039B524604F54E7104F6F810F8F725
:10DC100021F9DDE90432069904F59A50F8F7E8FC99
:10DC2000B4F83635A4F80A9043F4006304F5CD69DE
:10DC3000A4F8363548460AF0D1F80221484609F0E2
:10DC40009BFFB4F86E36164923F480734046A4F85F
:10DC50006E3609F0BBF955F8040B01210AF09CFB64
:10DC6000AF42F8D155F8040B01210AF095FBAE4202
:10DC7000F8D1504601210AF08FFB204609B0BDE8DB
:10DC8000F08F00BFB4700400EC6E04000090004000
:10DC900000A0004000A0014000200040B06E040041
:10DCA000801A0600704700BF2DE9F04F83B0DDE910
:10DCB0000C9ABDF83880002B3BD0B9F1000F35D05D
:10DCC0000F2902D1B8F1C00F33D1074628201D46D5
:10DCD0000E46934617F01DF90446103007F09EFEDD
:10DCE00018202680A4F802B017F013F9CDE9009AA5
:10DCF00006466B46024603CB46F80C5B00233D68A4
:10DD0000D36048F002087360E360506091600E4990
:10DD10005161C4E90833A4F80480A2606B683846F6
:10DD20002146984740B903B0BDE8F08F1AF0010FC3
:10DD3000C6D16FF47A70F6E7204602F06FFD2046F8
:10DD400017F0E0F80148EEE72DD8020016FCFFFFBF
:10DD500070B5002486B04FF48053802205460E46ED
:10DD600002A821460094FAF709FA012302A80E4AF4
:10DD700001A9FAF75BF9019B73B101236A460A49CD
:10DD800002A8FAF75DF905F59A50F8F77DFC02A8AC
:10DD9000FAF7FEF906B070BD002EF4D102A8FAF72A
:10DDA000F7F906B070BD00BFAC6E0400A0F104002E
:10DDB000EEF756BC10B5084B0360044600F58060D2
:10DDC00008F06AF9054B236000232046E38001F048
:10DDD000C3FE204610BD00BF4C6F0400B4700400A9
:10DDE000094B10B50446036000F5806008F054F953
:10DDF000064B23600023E380204601F0ADFE204661
:10DE000017F080F8204610BD4C6F0400B470040079
:10DE10002DE9F04FD04B03600026044687B04660E2
:10DE2000CDE9021201F028FE2046CC4B40F80C3B15
:10DE30000222032364210AF087F803231A4665218E
:10DE400004F124000AF080F803230422662104F17F
:10DE50003C000AF079F803232322672104F15400DF
:10DE60000AF072F804F16C0B04F184031D461C22C5
:10DE70000323682158460AF067F804F19C082846F5
:10DE800003230E226921009504F1B40A0AF05CF81C
:10DE9000032325226A2140460AF056F803230B2269
:10DEA0006B2150460AF050F803230A226C2104F13A
:10DEB000CC000AF049F804F1FC00054603230922CE
:10DEC0006D2104F1E4000AF03FF804F58A77284652
:10DED00003231E226E2101950AF036F838460323EB
:10DEE00017226F210AF030F803230C22702104F569
:10DEF00096700AF029F803231122712104F5A2700B
:10DF00000AF022F803230122722104F5AE700AF010
:10DF10001BF803230D22732104F5BA700AF014F8DC
:10DF200003231D22742104F5C6700AF00DF804F5D0
:10DF3000DE7903232222752104F5D2700AF004F859
:10DF400004F5EA7503231F227621484609F0FCFFF9
:10DF500003231A227721284609F0F6FF0323202203
:10DF6000782104F5F67009F0EFFF032324227921CC
:10DF700004F5017009F0E8FF324603237A2104F525
:10DF8000077009F0E1FF032314227B2104F50D70D3
:10DF900009F0DAFF03230522862104F5137009F046
:10DFA000D3FF032310227C2104F5197009F0CCFF64
:10DFB000032308227D2104F51F7009F0C5FF032308
:10DFC00015227E2104F5257009F0BEFF03231622D9
:10DFD0007F2104F52B7009F0B7FF03230F22802166
:10DFE00004F5317009F0B0FF03231822812104F5F4
:10DFF000377009F0A9FF03231322822104F53D7035
:10E0000009F0A2FF01230622832104F5437009F0E1
:10E010009BFF01232822842104F5497009F094FF15
:10E0200003231922852104F54F7009F08DFF032386
:10E030000722972104F5557009F086FF032321225A
:10E04000982104F55B7009F07FFF03231B229921BF
:10E0500004F5617009F078FF032327229A2104F563
:10E06000677009F071FF032329229B2104F56D706D
:10E0700009F06AFF26229C21032304F5737009F03E
:10E0800063FF04F580660198009BC4F8F403C4F8AC
:10E09000F833C4F8FC73C4F8E4B3C4F8E8A3C4F8D4
:10E0A000EC93C4F8F083304607F0C6FF2C4A02997F
:10E0B0002C4B11602922A260039A1A6013272B6847
:10E0C00028465B6C00219847A3680137BB4205F1E5
:10E0D0001805F4DCD4F8E403036800215B6C98476E
:10E0E000D4F8E803036800215B6C9847D4F8EC038C
:10E0F000036800215B6C9847D4F8F00303680021A3
:10E100005B6C9847D4F8F403036800215B6C984774
:10E11000D4F8F803036800215B6C9847D4F8FC033B
:10E12000036800215B6C9847A1680122013105A8B2
:10E1300007F088FF05A9304607F0B6FF05A807F0ED
:10E14000ABFFA268D4F800341344204600221A71B1
:10E1500007B0BDE8F08F00BFB47004004C6F04003E
:10E16000BC3C0020B83C00202DE9F8438268D0F880
:10E17000003413441A7942F001021A718368002BAB
:10E1800044DD00250646DFF88890A84600F10C041F
:10E1900013E0D3F8003703F44033B3F5003F06D162
:10E1A000D6F800342B441A7942F008021A71B36889
:10E1B0000135AB4204F1180428DDD6F80034277D80
:10E1C0002B44204683F804802368DB69984707F0D6
:10E1D0001F020028EBD1202F34BF4FF0A0434B4645
:10E1E00003EB8203D3F8002702F44032B2F5403F3C
:10E1F000CFD1D6F800342B4401351A7942F004020D
:10E200001A71B368AB4204F11804D6DCBDE8F88398
:10E2100000030050F8B58168D0F800341E4A0B4462
:10E22000197921F0010119718368D2F80473D2F8C9
:10E230000413C2F80813002B2ADD064600F10C0473
:10E2400000250FE011F0080320464FF0020104BF43
:10E25000204619460AF0BEF8B3680135AB4204F116
:10E26000180415DD23682046DB6998470028F3D1A0
:10E27000D6F800342B4419794B07E3D52046032107
:10E280000AF0A8F8B3680135AB4204F11804E9DCE0
:10E29000014BC3F80473F8BD006000402DE9F04F56
:10E2A000324C8568D4F804B3D4F80463C4F8086326
:10E2B000002D83B045DD9946009288460646044607
:10E2C0004FF0000A06E0B3680AF1010A534504F171
:10E2D000180436DDE36894F82070DB6904F10C055E
:10E2E000284698470028EED1E36828461B6A9847DD
:10E2F0000028E8D0638A13F400712BD0B8F1000F26
:10E30000E1D0009A6AB31F2F07F01F07184A07F5DC
:10E31000E07198BF4FF0A042019252F8211011F421
:10E32000403FD0D113F4807F28460CBF0321022147
:10E330000AF050F80123019A03FA07F7C2F8207592
:10E34000C1E70A4B0022C3F87C21C3F804B303B031
:10E35000BDE8F08FB9F1000FB5D028460AF03AF8C1
:10E36000B1E7284600990AF035F8ACE700600040B4
:10E370000003005010B50446062918D8DFE801F064
:10E380002B35465757041900002A54D08368002BB8
:10E390000DDD03EB430300EBC303418A8C0500F161
:10E3A000180002D51168013111609842F5D10020A2
:10E3B00010BD8268002AFADD02EB420200EBC202C5
:10E3C000438A990544BF23F4007343821830824284
:10E3D000F6D10020ECE7FFF7C7FE012220461146E8
:10E3E0000023FFF75BFF002010BD8268D0F80034E7
:10E3F00013441B79DA0701D4FFF7B6FE0123204648
:10E4000019460022FFF74AFF002010BDD0F8003463
:10E41000826813441B79DB0701D4FFF7A5FE0123B3
:10E4200020461A461946FFF739FF002010BDFFF7B6
:10E43000F1FE002010BD6FF47A7010BD10B50446D7
:10E4400003EB43002160C4E902230121800002F0B4
:10E45000A1F9002360602382204610BD704700BFF1
:10E46000064B1B68834203D01A681846D36A1847C4
:10E4700010B53220F7F7BEFE014810BD6C3A0020FF
:10E4800016FCFFFF064B1B68834203D01A68184630
:10E49000136B184710B53220F7F7ACFE014810BDDA
:10E4A0006C3A002016FCFFFF10B5034B03600446D6
:10E4B00002F0B2FC204610BD706F040010B5054B91
:10E4C0000360044602F0A8FC204616F01BFD20461F
:10E4D00010BD00BF706F04002DE9F041404C23686F
:10E4E00013F0010382B007464FD03E4C2368DB0790
:10E4F0003DD53D4D2B7823B13C4C206802B0BDE8A2
:10E50000F0813B4E072002F053FA304609F066FCDA
:10E510000221304609F030FBF38823F48073322166
:10E520003846F38005F0D2F8002836D1442016F0A2
:10E53000F0FC052206462F492C4C02F097FA2E4B90
:10E5400033604C20266016F0E4FC06222949804600
:10E5500000F09CF8294BC3F800804046216802F087
:10E5600069FD206801232B7002B0BDE8F081032310
:10E57000192285211E4809F0E7FC0123204A214980
:10E580001B48236016F0C0FCB3E70122114619486E
:10E5900007F0A0F901232360A7E7502016F0B9FC8B
:10E5A00032230522CDE900323946124B0F4C324658
:10E5B000804605F071F85420C4F8008016F0A9FCDC
:10E5C0004FF0060C3C23CDE9003C3246094B39465E
:10E5D000804605F059F9094BC3F80080BDE700BF3C
:10E5E000643A0020683A0020F94300206C3A002089
:10E5F000783A0020703A0020706F0400903A0020B2
:10E60000402000205DE4020010B5044616F07AFCBC
:10E61000204610BD064B1B68834203D01A6818467B
:10E62000D369184710B53320F7F7E4FD014810BD52
:10E63000903A002016FCFFFF064B1B68834203D074
:10E640001A681846936A184710B53320F7F7D2FDB9
:10E65000014810BD903A002016FCFFFF10B5034B97
:10E660000360044602F030FD204610BDB06F040088
:10E6700010B5054B0360044602F026FD204616F057
:10E6800041FC204610BD00BFB06F040010B5044629
:10E6900002F01CFC014B2360204610BDB06F04004B
:10E6A00008B5FFF719FF014B186808BD903A002024
:10E6B00082B070B50C4684B005464968206802AC4B
:10E6C00003C4039908AC481084E80C00CB0745BF8D
:10E6D0002A58029B029CD4580AAB2E1893E80300D8
:10E6E0008DE8030008AB0CCB3046A04704B0BDE872
:10E6F000704002B0704700BFF0B44B6845680468D2
:10E700000F688668EB1A06EE903AE71BF8EEE66AA9
:10E7100007EE907A8B68F8EEE77A66EEA66AF31A4F
:10E72000E7EEA76A012A07EE903AF8EEE77AE7EEFD
:10E73000A76A35DD02EB420201EB8207B0EE666AA2
:10E740000C3FD1E90303EB1A07EE903A201AF8EEDA
:10E75000E77A07EE100A4A69B8EEC77A67EEA77A39
:10E76000B21AE7EE077A0C3107EE102AB8EEC77A34
:10E77000E7EE077AF4EE667AF1EE10FAF4EE467AF6
:10E7800048BFF0EE676AF1EE10FAC8BFB0EE676AF4
:10E790008F42D6D176EE667AF0BC17EE900A7047BB
:10E7A000B0EE666A76EE667AF0BC17EE900A7047B5
:10E7B0002DE9F0472DED088B84B004AC04E90E0080
:10E7C000159A039E00234FF480619A428146DDE949
:10E7D0000187C0E9003383608361C0E903114161AF
:10E7E00040F3D080149DDFED778A02EB420205EB07
:10E7F000820A2C46D4E90013FB1A07EE903AA8EBE4
:10E800000101F8EEE77A07EE101AA268B8EEC77AAF
:10E8100067EEA77AB21AE7EE077A0C3407EE102AF1
:10E82000B8EEC77AE7EE077AF5EE407AF1EE10FA25
:10E83000B1EEE78A00F1B180FDEEC87AF8EEE77A32
:10E84000F4EE687AF1EE10FAC8BFF0EE678AA245DE
:10E85000D0D1DFED5C9AB7EE00BAB0EE69AAF0EE67
:10E8600069AAB0EE699AD5E90012B81A07EE900AC3
:10E87000A8EB010006EE900AF8EEE77AAB6867EEC7
:10E88000A77AF8EEE66AF01A07EE100AE6EEA67A24
:10E89000B8EEC77AE7EE077AF5EE407AF1EE10FAB5
:10E8A000B1EEE78A7ED4A1EB0801D21B9B1B0C358D
:10E8B00007EE101AB8EEC76A07EE102AC8EE887A7B
:10E8C000F8EEC76A07EE103AB8EEC77AC6EE085AF5
:10E8D00086EE886AC7EE086A77EECB7AF0EEE55AE4
:10E8E000F4EE497AF1EE10FAB0EEC66AB0EEE67ACE
:10E8F000C8BFB0EE679AAC42E5EEA7AAA6EE27AA7B
:10E90000E7EE279AAFD16AEE0A7ABDEEE87AEAEE30
:10E91000AA7A17EE103AE9EEA97AF5EE407AF1EE0E
:10E9200010FAB1EEE78A45D44846C9E90087C9F82C
:10E930000860C9F81830CAEE886A8AEE087A89EE4B
:10E94000886AF7EE007AF0EE675AE9EE265AF0EEA2
:10E95000656AF0EE675AE9EE075AE9EE067AB0EE1C
:10E96000657AFEEECB6ABEEECB7AFEEECB7AC9EDCF
:10E97000036A89ED047AC9ED057A04B0BDEC088B11
:10E98000BDE8F087DFED0F9AB0EE69AAF0EE69AA54
:10E99000B0EE699AB0EE698AC6E717EE900A13F0F6
:10E9A0001FFC49E717EE900A13F01AFCD5E9001294
:10E9B000AB6878E717EE900A8DED007A13F010FC43
:10E9C000009BB1E7000000002DE9F04F8BB0131E53
:10E9D0008346019100937ADD03EB430000230A464E
:10E9E00001EB80001C461946D2E9007695680C328E
:10E9F00082423C4431442B44F6D1009A94FBF2F01D
:10EA0000059091FBF2F193FBF2F3059ACBF80830F5
:10EA1000CBE900215846DDE90021FFF76DFE002318
:10EA2000CDE9033305EE900A02930DF11C086FF057
:10EA3000C7096FF0C70A6FF0C7079BE8070088E8AF
:10EA40000700DDE90745099E4C443E445544DDE995
:10EA500000214046CDE907450996FFF74DFE07EE38
:10EA6000900AF4EEE57AF1EE10FA07F1C80704D542
:10EA7000CDE9035605EE900A0294B7F5C87FDCD1C4
:10EA80000AF1C80ABAF5C87FD5D109F1C809B9F5A4
:10EA9000C87FCED1059B029A93420AD0039A029B6B
:10EAA000CBF80420049ACBF80030CBF8082005936B
:10EAB000BDE7DBF80430039A9342EFD1DBF808306E
:10EAC000049A9342EAD158460BB0BDE8F08F002378
:10EAD0001946059399E700BFF0B587B003AC05462A
:10EAE0000E4617462046FFF76FFFCDE90067284620
:10EAF00094E80E00FFF75CFE284607B0F0BD00BFAB
:10EB000082B02DE9F04FEDB076A98346642081E80C
:10EB10000C0001F04DFF0522114610A807F08AF8FD
:10EB2000BD4911A807F08EF821AB6CA900229A60AC
:10EB3000C3E900220C338B42F9D1DBF808008DF8D1
:10EB400064200368B54E9B6ACDE91322CDE91522F6
:10EB5000CDE9172298470B90DBF808000368FF21E6
:10EB60005B6A9847DBF808003C3003F067FF43F628
:10EB70008C420023079204939A460693CDF814B072
:10EB80009B46079B43F68C4293420DF1640900F0CB
:10EB9000AE80A34A9342C0F2AA80079BA3F164020D
:10EBA00014B2002B00F0DA80049B0F2B00F0D6800B
:10EBB000079BCDE9074306999A4B059D2831A3FB96
:10EBC0000132C820920900FB1212D3B26868069382
:10EBD00002F0ECF80446686802F0F0F814F52A7FB9
:10EBE000C0F2A18014F1C80FC0F2B080B4F52A7F42
:10EBF00000F30D81C82C40F31F81032310F52A7FF9
:10EC000009931F4680F2968000230A93984610A825
:10EC100006F07CFF814D13AC05E04C4505F1020583
:10EC20000ED014F801BFBBF1010FF6D16A78297834
:10EC3000FF2310A806F074FF4C4505F10205F0D142
:10EC4000069BDDE9091210A806F06AFF089B002B5D
:10EC500002DB049B0F2B08D9059B986800230093C7
:10EC600010301A4610A907F053F800231C460DF186
:10EC7000300B04E00134192C2BD016F814309F42CD
:10EC8000F8D106EB44035B784345F3D10AEB4A0322
:10EC900021A901EB830513AB5846195D01294FF0FB
:10ECA0000002E7D0059B196802F0C6F99BE807004F
:10ECB00013AB85E80700049D4FF001021A5501359A
:10ECC00001340AF1010AEBB2192C5FFA8AFA0493B3
:10ECD000D3D1642001F06CFEBAF1180F47D8079B1E
:10ECE0009DF84CB043F68C4293427FF452AF059CA2
:10ECF000A068F9F7DDFCA0684B4900F13C041AA8B4
:10ED000007F090FA78221AA9204603F079FF1AA892
:10ED100007F054FA43F68C4343F62842CDE9072323
:10ED20000023049347E7002309931F4610F52A7F29
:10ED3000FFF66AAF10F1C80F0CDBB0F52A7F62DC7A
:10ED4000C82875DD03230A93984660E701230993D9
:10ED50001F46EBE701230A93984658E7059B9868FE
:10ED6000079B08933C3003F069FE079423E7524663
:10ED700021A91AA8DDF814B0FFF7AEFE1DAB0FCB2A
:10ED8000DBF800408DE80F001AAB20460ECB02F0F6
:10ED900037F9DBF80C0020B11AAA1C23234904F030
:10EDA000EDF9DBF80800F9F783FCDBF8083011A96E
:10EDB00012A803F13C0406F079FE002340F2DC5275
:10EDC000CDE9003212A91A46204603F087FE12A8A8
:10EDD00006F05EFE4FF47A7001F0EAFDDBF8080001
:10EDE000F9F766FCDBF808000B9903685B6A984743
:10EDF00011A806F04DFE10A806F04AFE6DB0BDE861
:10EE0000F04F02B0704704230A939846FFE60423AC
:10EE100009931F468AE700BFE06F04004C700400AE
:10EE2000D18AFFFF1F85EB51287004004070040059
:10EE300002230A939846EAE6022309931F4675E7E0
:10EE40002DE9F04F83B0DDE90C9ABDF83880002B36
:10EE50003BD0B9F1000F35D00F2902D1B8F1C00F66
:10EE600033D1074628201D460E46934616F051F82A
:10EE70000446103006F0D2FD18202680A4F802B017
:10EE800016F047F8CDE9009A06466B46024603CBDA
:10EE900046F80C5B00233D68D36048F002087360BD
:10EEA000E360506091600E495161C4E90833A4F8F1
:10EEB0000480A2606B6838462146984740B903B089
:10EEC000BDE8F08F1AF0010FC6D16FF47A70F6E743
:10EED000204601F0A3FC204616F014F80148EEE7A6
:10EEE000B1E6020016FCFFFFF0B58DB004461298A3
:10EEF000C4E90012C4E902301C4904F005F9E8B184
:10EF00000646074656F8100FD4F800E07168B2685C
:10EF1000F3680DF1140C65460FC530697169B2696B
:10EF200007C50CAB13E90F008DE80F0070469CE895
:10EF30000E0002F065F8384615F0E4FF0C4B1B6834
:10EF400083B10C4A05920022069205AA92E80300BA
:10EF5000C0228DE8030002921846032223460621B0
:10EF6000FFF76EFF20460DB0F0BD00BF40700400FB
:10EF7000CC3B002001EB0200C38843F48043C380F4
:10EF8000704700BF82B0C0F30761C0F30742C0F30F
:10EF900007238DF807008DF804108DF805208DF8F3
:10EFA0000630019802B0704782B0C0F307238DF895
:10EFB00007008DF80630BDF8060002B0704700BFAC
:10EFC00029DF704728DF7047022802D1014B012258
:10EFD0001A707047FA430020704700BF70B50C46A6
:10EFE000F7F7ECF898B1164D00232B704FF08056D0
:10EFF00002E00A2003F022FB3069B4FBF0F0FFF7D7
:10F00000E1FF0028F5D12B78002BFCD070BD0D4A14
:10F010000223C2F80435D2F80034002BFBD0094992
:10F02000C2F80845D1F80034002BFBD00023054A74
:10F03000C1F80435D2F80034002BFBD070BD00BFFE
:10F04000FA43002000E00140F8B50D4614461E4684
:10F05000F7F7B4F888B11A4F00233B7002E00A209A
:10F0600003F0ECFA324621462846FFF7A9FF0028B4
:10F07000F5D13B78002BFCD0F8BD124A0123C2F831
:10F080000435D2F80034002BFBD0002E0EDD211FFA
:10F090000C4A01EB8606281F51F8043F40F8043F54
:10F0A000D2F80034002BFBD0B142F5D1054A002341
:10F0B000C2F80435D2F80034002BFBD0F8BD00BFF5
:10F0C000FA43002000E00140F0B50B4687B09A6893
:10F0D000496804461868DB6802AD0FC59DF80860F2
:10F0E000032E3CD84FF08053BDF80A201D699DF8CF
:10F0F0000930039F022B05FB02F51FD006AB13E975
:10F1000003006A4682E80300731EDBB203EB830C44
:10F110004FEA8C0C03CA0CF1100E03EB830304EBD3
:10F12000830304EB0E0C2F4444F80E00CCF80410BB
:10F1300000201E719D60DF6007B0F0BD04980021C3
:10F1400002E00131642902D0435C002BF9D1002296
:10F150000BF0F0F90023CDE900036A46D4E76FF421
:10F160007A70E9E72DE9F04F604A614C614B4FF04E
:10F17000805122440C69D21A85B0B2FBF4F304FB2F
:10F1800013230192002B00F0AD800C691444E41AA3
:10F1900040F6F8734FF080511A680F6901320ABFC8
:10F1A0004FF010231E685E694FF080531B69A6EB79
:10F1B0008306A6427DD98046DFF848A1DFF848B132
:10F1C00008E054F8103C5B4576D027F003031C445C
:10F1D000A6426ED9CDF80CA0039B2268DB439A426D
:10F1E000EFD16368444A9342EBD1A368434A934208
:10F1F000E7D102F14E42E368A2F5A512A2F64F2232
:10F200009342DED198F80020032A1CD002EB820141
:10F21000531C08EB8101DBB200264FF4E035032BD1
:10F220008E60CD6088F800300E715DD003EB8301F5
:10F2300008EB810102328D60D2B20120019DCD60C8
:10F2400088F80020087140F6F8714FF08053086884
:10F250001F691D6901300ABF4FF010230868586903
:10F260004FF08053032A1E6911D002EB820108EB94
:10F270008101A0EB8600019BB3FBF5F3013205FB96
:10F28000037302268B60C86088F800200E71224646
:10F29000234652F8101F5268C8F82820C8F82410D6
:10F2A00053F8182F5B68C8F83C30C8F83820C8F805
:10F2B000304005B0BDE8F08F54F8043C104A93424A
:10F2C00083D114F8083C002B3FF47FAFA4F1200554
:10F2D000A5EB031929464046103DFFF7F5FE4D45C5
:10F2E000F8D172E7019C53E71A46ACE7742300207B
:10F2F0001888040040200020C615A841C49866C99B
:10F300009DD7B1C18F71C46DFE307F590346002275
:10F3100010B503F8102B044600F14C0103F80C2C37
:10F320001A605A6043E9022214338B42F6D1204618
:10F33000FFF718FF204610BD10B5044B03600023F3
:10F340000446C38000F008FC204610BDB4700400E1
:10F3500010B5064B036000230446C38000F0FCFB9D
:10F36000204615F0CFFD204610BD00BFB47004004C
:10F37000F0B51B4F85B0054600F118062C6974B135
:10F38000E278012A0DD0022A05F1200021D100F0F7
:10F39000FFF92B69A3420AD01C46002CF0D105B01E
:10F3A000F0BD304600F0CAF92B69A342F4D1022225
:10F3B000C7F88020BFF34F8FBFF36F8F2969EB7AB7
:10F3C000496A2961013BEB7220463A6015F09AFDCB
:10F3D000D4E701230A21684606F000FBD9E700BF05
:10F3E00000E100E070B5114B036000250446456064
:10F3F0000E4600F041FB20460D4B40F8183B2146DD
:10F4000000F098F9214604F1200000F0BDF9094B05
:10F41000A57207210622E57221726272A680E5803C
:10F42000C4E9035565611C60204670BDB4700400DA
:10F4300090700400943A002038B543694BB3C27A07
:10F44000032A23D8C288D2074CBFC268124A9A62E4
:10F4500004462C2015F05DFD2C220021054615F0F8
:10F46000B3FD636900225A6222690AB90BE01A46A9
:10F47000536A002BFBD163695362E37A6561013300
:10F48000E372002038BD63692361F6E76FF47B7097
:10F4900038BD6FF47A7038BD16FCFFFF38B5194BD4
:10F4A000D3F8002122B100210122C3F800119A6093
:10F4B000144BD3F80C217AB1134C0021C3F80C1172
:10F4C0002068D3F80054C288012D02F0010204D054
:10F4D0009AB90C4B01229A6038BDD3F848350AB16D
:10F4E0005B42C360FFF7A8FF2268064B5269C3F86E
:10F4F0000425044B01229A60EEE7024BC160012211
:10F500009A60E9E700100040943A0020F8B5C388FB
:10F51000DB0701D50020F8BD0446F6F74FFE0028B2
:10F520006DD16569002D61D04FF08043002201212B
:10F53000C3F800211A461960D2F80031002BFBD025
:10F54000637A304A304DD35CC5F80C35227AC5F861
:10F5500008252E4B0022C5F81025C5F81C35A67AC3
:10F56000F6F72CFE00283DD0274BDFF8B0C0284F1F
:10F57000284D002001210826C3F82C050222C3F8DB
:10F580003015C3F81465C3F818C54FF6FF7CC3F8EF
:10F590003425C3F83CC5C3F838751827C3F854752B
:10F5A0006769C3F80475C3F80463C5F880212A604D
:10F5B000D3F8002242F01002C3F80022C3F8000181
:10F5C0001A465960D2F80031002BFBD0E38843F48F
:10F5D000804343F0010300200121C2F80C01916037
:10F5E000E380F8BDA672C5F82465BDE72C2015F0B0
:10F5F00090FC29462C2215F0E7FC606194E7064850
:10F60000F8BD00BF8070040000100040746962758E
:10F610002110010000E100E016FCFFFF20000402C1
:10F6200010B50446F6F7CAFDF8B9E38813F00103F4
:10F6300001D1184610BD0E4B0222C3F88020BFF343
:10F640004F8FBFF36F8F0B4B0121C3F810011A4688
:10F650001961D2F81031002BFBD0E38823F48043EA
:10F6600023F00103E380002010BD034810BD00BF5C
:10F6700000E100E00010004016FCFFFF70B50546F9
:10F680000C46F6F79BFD002836D1EB8844B113F009
:10F6900001041FD1194A1068C0F3400070B970BD51
:10F6A00013F0040120D113F00200F8D0134A23F024
:10F6B00002030224EB801460084670BD43F002038D
:10F6C0000221EB80C2F88010BFF34F8FBFF36F8F22
:10F6D000204670BD06462846FFF7A2FFEB8843F0A0
:10F6E00004033046EB8070BD23F00403EB80284612
:10F6F000FFF70CFF204670BD014870BD00E100E03F
:10F7000016FCFFFF0346006988B1094930B40224A2
:10F71000C1F88040BFF34F8FBFF36F8F1D69DA7A56
:10F720006D6A1D61013ADA720C6030BC7047704737
:10F7300000E100E00022C0E90012704710B5044665
:10F7400084B00068FFF7DEFF002343626268B2B155
:10F75000516A09B915E011464A6A0133002AFAD103
:10F76000032B08DC486201231A460921684606F08B
:10F7700035F904B010BD15F0C5FB04B010BD6060D4
:10F78000F1E71146EEE700BF0022416002707047CA
:10F7900038B504464068FFF7B5FF012305462370DE
:10F7A000043006F045F9002328462370BDE83840B0
:10F7B00015F0A8BB10B50446006806F02DFE2046E3
:10F7C00010BD00BFF8B522EAE275044605F10C0051
:10F7D0001F460E4600F098FF206006F045FE2368A5
:10F7E0001D72226857603EB120682A4631460930B2
:10F7F000BDE8F84015F0C4BBF8BD00BF10B5074C1C
:10F800000023204619460122FFF7DCFF2046044A68
:10F810000449BDE8104015F077BB00BF983A0020BE
:10F8200040200020B5F7020010B50023044607F081
:10F83000DDFC024B2360204610BD00BFB859040018
:10F8400088B110B5044615F0FBFB01382044844212
:10F8500007D22378027804F8012B00F8013984429A
:10F86000F7D3002010BD6FF47A707047F8B549B334
:10F8700080EAE074C4EBE0744F1E0025DFF84CC052
:10F8800000E01D468CFB0423E217C2EBA30202EB4F
:10F890008203C4EB43033033564207F8013F14465A
:10F8A0006B1C002EEDD1002801EB030203DA2D22A0
:10F8B0000235CA544A19002308461370FFF7C0FFE7
:10F8C0003046F8BD6FF47A76FAE700BF6766666681
:10F8D000014B1860002070479C3A0020002821DD71
:10F8E00030B4124D124B2A68002A00F1FF3408BFD1
:10F8F0001A4621460020930983EAD273534083EAD3
:10F90000121383EA92035208534042EAC37202F090
:10F910000103490843EA4000EDD1A042E9D82A603A
:10F9200030BC70476FF47A70704700BF9C3A00207B
:10F93000A10D0C000A4B036010B40A4C0023C380D5
:10F94000224602E001333C2B06D052F8041B8842C9
:10F95000F8D1002244F823205DF8044B704700BF23
:10F96000B4700400A03A00200048704716FCFFFF66
:10F9700010B504460A4B0B4823600023E38002467F
:10F9800002E001333C2B06D052F8041B8C42F8D124
:10F99000002240F82320204615F0B4FA204610BD7E
:10F9A000B4700400A03A0020013908B503290AD830
:10F9B000DFE801F00B0B02020368084ADB689342A0
:10F9C00001D000219847002008BD0368034ADB6886
:10F9D0009342F8D001219847F5E700BFA5640200E3
:10F9E00070B584B004AC04E90F00BDF80230012BFF
:10F9F00018D0022B14D1154C154E04F1F00501E07E
:10FA0000AC420DD054F8040F0028F9D0C3885B0431
:10FA1000F6D503689B68B342F2D09847AC42F1D167
:10FA200004B070BD094C0B4E04F1F00501E0A54295
:10FA3000F6D054F8040F0028F9D0C3889A04F6D5FC
:10FA400003685B68B342F2D09847F0E79C3A002025
:10FA5000255A0200215A020010B5064C20884FF6A4
:10FA6000E853984203D91520F1F7E8FE2088431C9B
:10FA7000238010BD262300202DE9F041314C82B0B7
:10FA80002246002302E001333C2B05D052F8041B30
:10FA90000029F8D144F823002B4C237813F00103FC
:10FAA0000BD12A4D2A6842B10093102201234FF452
:10FAB0007A60002102F006FD10B102B0BDE8F081CD
:10FAC0002820D5F80080224E15F023FAC023009399
:10FAD0000122204B1021074600F06CFED8F80030C0
:10FAE0005B68B34222D1384600F098FE384615F0E4
:10FAF00009FA28202F6815F00CFAC023009302227F
:10FB0000144B0F21054600F055FE3B685B68B3427D
:10FB100012D1284600F082FE284615F0F3F923782A
:10FB200043F00103237002B0BDE8F081404639463E
:10FB300098470028DDD0D6E7384629469847002860
:10FB4000EDD0E6E7A03A0020FB430020CC3B0020AC
:10FB500069F90200E1F9020010B4084C00232246C2
:10FB600002E001333C2B06D052F8041B8142F8D14D
:10FB7000002244F823205DF8044B7047A03A00208F
:10FB8000062816D8F8B50123834013F0580F0E4607
:10FB900005460FD0104CA4F1F00754F8043D32464E
:10FBA0002946184613B11B681B699847BC42F4D11B
:10FBB000F8BD704713F0270FFAD0084C04F1F00796
:10FBC00054F8043F32462946184613B11B681B6996
:10FBD0009847A742F4D1F8BD903B00209C3A002002
:10FBE000084600F067BB00BF0048704716FCFFFFE7
:10FBF00010B5044609F042FDE3696BB1A2699A6150
:10FC0000A3690BB1E269DA610023C4E906336361D9
:10FC1000BDE8104009F024BDD4E905321A60EFE7D1
:10FC200038B50D46044609F029FD2A6865610AB910
:10FC30000AE01A469369002BFBD19461C4E90632AD
:10FC4000BDE8384009F00CBDC4E906222C60BDE8CF
:10FC5000384009F005BD00BF2DE9F04184B004AC87
:10FC600004E90F00114B1C68DDE902014FF47A72C0
:10FC7000002314F057FFB4B1DFF8348006460F4676
:10FC8000E268A56900239F4208BF964208D36369D2
:10FC900020460BB1FFF7ACFF20464146FFF7C0FFFF
:10FCA0002C46002DECD104B0BDE8F081983B00203B
:10FCB000A03B00202DE9F04FDFF8E08093B0D8F8AA
:10FCC000005004AC84E80F00002D32D02F4BBDF85B
:10FCD00010401A68BDF81260AAB12D4F4FF0000A0B
:10FCE00040F2FE3540F2FF39D368D2F818B0190C53
:10FCF000AC429BB288B21FD0002B33D09C4231D093
:10FD00005A46002AF0D1A4F2FE33012B11D9D8F8BB
:10FD10000050204B10273246214608A8009700F0DB
:10FD200049FD2B681C4A9B6893422AD108A800F021
:10FD300075FD13B0BDE8F08F4B45DDD109B1B04280
:10FD4000DED1BAF1000FDBD1536923B11046039223
:10FD5000FFF74EFF039A10463946FFF761FF4FF059
:10FD6000010ACDE709B1B042CAD1536923B11046A7
:10FD70000392FFF73DFF039A10463946FFF750FF05
:10FD8000BEE7284608A99847D0E700BFB03B00204F
:10FD9000A03B0020B5FC0200E9FB0200943B0020E0
:10FDA000014B1868704700BFA43B002038B509F02C
:10FDB00065FC164B1C68D4B1636913B12046FFF78C
:10FDC00017FF09F04DFC002323616362256809F0E9
:10FDD0009BFC0146284609F0A3FC09F04FFC0C4BA4
:10FDE0001A6822621C6009F03BFC204638BD2820BE
:10FDF00015F08FF828220021044615F0E5F809F0E7
:10FE000087FC0023C4E90003A360DAE7A83B0020D5
:10FE1000A43B002038B50A4B1C682369DB0707D5D3
:10FE2000084D286830B1636A436200236362044668
:10FE3000204638BDFFF7BAFF28600028F8D0F2E767
:10FE4000903B00209C3B00202DE9F041464D2A7854
:10FE500012F0010482B002D002B0BDE8F081434E3E
:10FE6000434F3060FFF7A2FF424B43491860FFF752
:10FE7000D7FEFFF79BFF3860D0F8008009F044FC04
:10FE8000011F404609F04AFC3B683C49186809F0EC
:10FE900043FC3768002F4ED0282015F03AF8C023D5
:10FEA0002246009340F2FF31354B364C804600F03D
:10FEB00081FC3B685B68A34244D1404600F0AEFC45
:10FEC000404615F01FF82820D6F8008015F021F8DC
:10FED000C023009300222A4B40F2FE31074600F077
:10FEE00069FCD8F800305B68A34237D1384600F08F
:10FEF00095FC384615F006F800230F2200210093E8
:10FF00004FF47A60012302F0DDFA2820376815F0FB
:10FF100000F8C023009301221B4B0F21064600F07E
:10FF200049FC3B685B68A34212D1304600F076FC86
:10FF3000304614F0E7FF2B7843F001032B7002B03A
:10FF4000BDE8F0813846414698470028BBD0B4E769
:10FF50003846314698470028EDD0E6E74046394616
:10FF600098470028C8D0C1E7FC430020943B0020FC
:10FF7000AC3B0020903B0020A03B0020F10403009C
:10FF8000B5FC020069F9020059FC0200024B187826
:10FF900000F00100704700BFFC430020F0B51F4F88
:10FFA0003B6883B0002B37D01D4B1B78DB0733D564
:10FFB0000E460446FFF72EFF436944EA0642054613
:10FFC000C2600BB1FFF714FE28461649FFF728FE62
:10FFD000A4F2FE33012B16D928203F6814F099FFB4
:10FFE000C0233246009321460F4B054600F0E2FB4A
:10FFF0003B680E4A5B68934208D1284600F00EFC2D
:020000040003F7
:10000000284614F07FFF002003B0F0BD3846294693
:1000100098470028F7D0F0E70548F5E7943B002023
:10002000FC430020B03B0020B5FC020069F902004F
:1000300016FCFFFF2DE9F04128B321B30546984691
:1000400017460E46FFF7B2FE0446E0B132463B4685
:100050002946006809F06EFB256809F055FB011F71
:10006000284609F05BFB0A4B0A492068B8F1000FEB
:1000700018BF194609F050FB20460749FFF7D0FD8D
:100080002046BDE8F08100242046BDE8F08100BF95
:10009000C9040300F5030300A03B0020074B1B78B5
:1000A00013F0010308D010B4144601230A46214678
:1000B0005DF8044BFFF7BEBF18467047FC430020B5
:1000C000024B1868B0FA80F040097047A03B00204E
:1000D00030B50F4D2B789A0785B004D50D4B1B68B2
:1000E00073B105B030BD43F00204022201230F2199
:1000F00068462C7005F072FC064B1B68002BF0D193
:100100002B7823F002032B70F6F7BCF905B030BD55
:10011000FC430020A03B00202DE9F0415A4D2C6803
:100120002369D90737D4594E594F3268396812B309
:100130006069B04200F089802A6091421CD09442EC
:1001400052D08C4252D0534B62699A424ED02068B2
:1001500009F0E8FA064609F0E7FAD4E90131361A5F
:10016000CB1A9E422F6860D82068BB683A68BDE809
:10017000F04109F055BC29601B0745D52C60FFF7FD
:10018000A7FF3368002BFAD09C422B602CD0396833
:100190008B42D6D13BE0404E2068326843F00203E8
:1001A00023611369146843F00403136109F0C0FA72
:1001B0000146204609F0B4FA3768386809F0B2FA07
:1001C000044609F0B1FAD7E90123241A9B1A9C428C
:1001D00041D833689968186809F063FC2B681A697C
:1001E0000021920731600AD4BDE8F0812A6800211D
:1001F000936812680846BDE8F04109F011BC186820
:10020000BDE8F04109F087BC2B689C42ECD01E6829
:1002100009F07AFA011F304609F080FA3B681F495D
:10022000186809F079FA39688BE72C6009F07CFAD4
:100230006068203626F01F0618BB304600F064FACE
:100240003118C4E901012F608EE7A069002818BFAA
:1002500002462A6071E7D5F800802F6009F064FA41
:100260007868203424F01F0440B9204600F04CFA8E
:100270000444C7E90104C5F80080AAE700F06AFA5F
:10028000F3E700F067FAD8E7903B0020A03B00209E
:10029000AC3B0020A83B00209C3B0020F104030065
:1002A000034B1B78DB0701D5FFF736BF704700BF54
:1002B000FC43002070B5104D2A78D20714D50446AF
:1002C000FFF7A8FD064602F0DDF873692044F060F0
:1002D00013B13046FFF78CFC30460849FFF7A0FC0D
:1002E0002B78DB0704D470BDBDE8704000F060BB24
:1002F000BDE87040FFF710BFFC430020983B002092
:1003000000B583B0FFF74AFE18B9074B1B78DB072F
:1003100002D403B05DF804FB0190FFF7FDFE0198E5
:1003200003B05DF804FB00BFFC43002038B5284D46
:100330002868436913B1FFF75BFC2868254C214608
:10034000FFF76EFC24684CB1A369002223B11C4660
:100350000132A369002BFAD1032A22DC2B68002288
:100360001A611C6809F0D0F90146204609F0D8F955
:1003700009F084F9184B29681A688A4225D04AB1D5
:10038000136A99421DD02BB11A6A91421AD01346B2
:10039000002BF9D109F064F9104B1B78DB070CD462
:1003A00038BDE2692068936100F0D4F9606800F01C
:1003B000D1F9204600F0CEF9D0E7BDE83840FFF78C
:1003C000ABBE13460A6A1A62E4E7126A1A60E1E7F2
:1003D000903B0020A83B0020A43B0020FC430020D1
:1003E000034B1B78DB0701D5FFF7A0BF704700BFA9
:1003F000FC43002010B50C468047A047044B1B78F7
:10040000DB0700D410BDBDE81040FFF78FBF00BF71
:10041000FC430020034B1B78DB0700D47047FFF739
:1004200085BF00BFFC430020002842D02DE9F041E9
:10043000DFF8908098F80030DC0782B032D51E4F8C
:100440003B680A4619694907054601D15C6A44B10F
:10045000284601231949FFF7EDFD002002B0BDE851
:10046000F0811868019209F03EFB3968019A0B6926
:1004700013F0020618D143F0010310460B61A847A0
:100480003B6818695E6220F0010210F004001A61F6
:10049000E4D098F8000010F00100DFD0FFF746FF2D
:1004A0003046DBE70648D9E723F003030B6120461B
:1004B000D4E76FF47A707047903B00201504030076
:1004C00016FCFFFFFC43002038B5034614461046D7
:1004D0000D4698472046A847044B1B78DB0700D4FD
:1004E00038BDBDE83840FFF721BF00BFFC43002006
:1004F00008B5044CFFF7ECFD2378DB07FAD5FFF7CE
:100500000BFEF7E7FC430020024B1878C0F3800095
:10051000704700BFFC430020054A137818B923F048
:1005200004031370704743F004031370704700BF57
:10053000FC43002010B40024C460C0E90011027222
:100540005DF8044B704700BFF8B5194D2B78DA07FA
:1005500000D4F8BD044609F091F82668013E2660F3
:1005600009F07EF8002EF4DAFFF754FC43690746E1
:100570000BB1FFF73DFB04F10C013846FFF750FBD0
:1005800009F07CF823689E4208DD7B6913B1384688
:10059000FFF72EFB38460749FFF742FB09F060F8EA
:1005A0002B78DB07D5D5BDE8F840FFF7B5BD00BF18
:1005B000FC430020A03B0020036810B5C468013351
:1005C000036054B1636913B12046FFF711FB204665
:1005D0000249BDE81040FFF723BB10BDA03B00203F
:1005E000C36810B504462BB12046FFF7E5FFE3686A
:1005F000002BF9D1237A0BB96368236010BD00BFCB
:1006000000680028B4BF404200207047F8B50C4C89
:1006100005460E46277809F031F80A4A731B02EBAB
:10062000C7019B0843F0004342F837504E602B60EF
:1006300023780133237009F013F80020F8BD00BFC0
:10064000FE430020B43B0020064B1B78834207D9B1
:10065000054B03EBC00253F830305068C01A7047A6
:1006600000207047FE430020B43B0020F8B583070C
:100670004FEA90063BD188B10D4608F0FFFFD5E95F
:100680000045771CA54206D92368002B07DB04EB45
:100690008304A542F8D808F0E3FF0020F8BD23F05A
:1006A0000043990054F82320002A04EB01000DDBDD
:1006B0000EE022F00042134443F00042226054F85E
:1006C00023209900002A04EB010001DA8542F0D8CA
:1006D0009F4201D90C44D5E702369E4209D32368D4
:1006E00023F00043236008F0BBFF201DF8BD013656
:1006F000C2E704EB8606B542F1D9DB1B43F00043A9
:1007000046F8043C2760EEE738B5044640B10C4D8E
:100710002B783BB120460B49FFF7A8FF044658B1A0
:10072000204638BD0849094A086809491370FFF78F
:100730006DFF01232B70EDE71420F1F77FF8EFE751
:10074000FD430020B43B0020D4200020FE430020C5
:1007500000F80120A0B10E4B1A6882420DD25B68EE
:1007600083420AD950F8043C002B10B5044608DD3A
:1007700043F0004344F8043C10BD1E20F1F75EB87E
:1007800070471E20F1F75AF854F8043CF0E700BF18
:10079000B43B002038B501FB00F52846FFF7B4FF55
:1007A000044628B101232A460360002114F00CFC02
:1007B000204638BD2DE9F0410446103088461746E2
:1007C0001E46BDF8185005F029F90020E060C4E984
:1007D0000800A4F800806780A660A5802046BDE8D8
:1007E000F08100BF2DE9F843BDF82450089E04466F
:1007F0001030894690461F4645F0010505F00EF978
:100800000020C4E90800A4F80090A580A4F80280A4
:10081000C4E902762046BDE8F88300BF83889B07C1
:1008200010B5044602D5806814F06CFB204610BD5C
:1008300082B070B586B00AA981E80C00036A4BB398
:100840001C696CB1012200E01C4623690132002BB7
:10085000FAD1092A05DD06B0BDE8704002B0704744
:100860001C460AAB0FCB02AD85E80F00182014F030
:1008700050FB06AB064613E9030095E80C008DE833
:100880000300304605F0F0F8266106B0BDE8704080
:1008900002B0704704460FC902AD85E80F0018206A
:1008A00014F037FB06AB064613E9030095E80C008D
:1008B0008DE80300304605F0D7F8266206B0BDE8A3
:1008C000704002B0704700BFD0E9002303F100532D
:1008D000013B10B402EBC304A24210D852F83330EB
:1008E00099420CD8A21A22F007022346A21A03E06A
:1008F00053F8080D814202D893421C46F8D1606833
:100900005DF8044B704700BFD0E9002303F10050AD
:10091000013802EBC0039A4252F8300016D88142E7
:1009200015D89A1A22F0070210B49A1A03E053F865
:10093000080D814206D893421C46F8D118685DF82C
:10094000044B704720685DF8044B70477047704750
:10095000D0E9002303F10050013802EBC0039A42B2
:1009600052F830001FD881421DD89A1A22F007028F
:100970009A1A9342184615D010B453F8084DA14264
:1009800006D8934218460BD053F8084DA142F8D927
:1009900000685DF8044B081AB0FA80F0400970470F
:1009A0001868F6E71868081AB0FA80F0400970472E
:1009B00001F044BE01F012BEFEF78ABFFEF78EBF03
:1009C00038B50446074B036000254560FFF754F82F
:1009D000E388054A258143F480532260E380204662
:1009E00038BD00BFB4700400D870040010B5044BCB
:1009F000036000230446C380FFF7AEF8204610BD15
:100A0000B470040000897047807A704738B5036875
:100A100081720446DB6A98472368074A9B6A9342BF
:100A2000054603D1A07AA072284638BD20469847D3
:100A3000A072284638BD00BF090A030038B5036814
:100A400001810446DB6A98472368074A1B6A934280
:100A5000054603D120892081284638BD2046984785
:100A60002081284638BD00BF050A0300F8B50446BA
:100A70000025154B036045600E461746FEF7FCFF48
:100A800094F8363066624FF00112C4E90E2202215A
:100A900003F0F90365F3C3030C4E2563142084F8B7
:100AA0004050A1722081E560C4E90455C4E90655AF
:100AB0002562A780E580A586A4F8425084F83630E8
:100AC00026602046F8BD00BFB47004000071040029
:100AD000C16811F5C87FF0B480F2848090F8363098
:100AE00013F0020340F08680046914F5C87F66DACB
:100AF00090F8362012F0040269D1456915F5C87FD7
:100B000031DA90F8362012F0080234D0B2FA82F3CB
:100B100090F8366090F840205B0963F3C30680F8D4
:100B20003660032A08D80132D2B2012A80F8402068
:100B300000F08B80042A77D0B0F8423090F836600D
:100B400001339BB216F00107A0F8423062D01D2B92
:100B500017D900236FF3000680F83660A0F8423002
:100B600080F840300DE0B5F5C87F04DD90F8362000
:100B700012F00802CAD090F84020002BD1D1002AF0
:100B8000DAD104FB04F301FB0133334A05FB0533DF
:100B900093423CD911F5487F51DBB1F5487F51DCD8
:100BA00014F5487F54DBB4F5487F3BDC15F5487FEE
:100BB00050DBB5F5487FD4BF0020062028E0B4F50F
:100BC000C87F9ADD90F8362012F0040295D1B2FA6F
:100BD00082F390F836205B0963F3820280F83620B6
:100BE00001238AE7B1F5C87F0FDD90F8363013F0A6
:100BF00002030AD190F83620B3FA83F35B0963F35A
:100C0000410280F8362001236EE700236CE70720BD
:100C1000F0BC7047092BB4D9013A80F84020A0F805
:100C20004270AEE70120F3E790F83630002243F03F
:100C3000010380F83630A0F842200B20E8E70320BB
:100C4000F0BC70470420F0BC7047A0F8422098E741
:100C50000220DDE70520DBE7FF700200D0E9033268
:100C600030B502FB02F2456903FB032305FB0535A2
:100C7000B5F5800F85B0044616D9038F002B4DD0F3
:100C8000B5F5100F25D8012384F831302046FFF741
:100C90001FFF0B2814D0A38E834231D00023A086DF
:100CA00084F8303005B030BD90F83130042B56D97F
:100CB0000023C0E90E332046FFF70AFF0B28EAD1D4
:100CC0006086024601230D21684604F087FE05B0C8
:100CD00030BD638F002B39D0B5F1107FD3D9A38FEE
:100CE0005BB3B5F1806FCED9E38F002BCBD101235D
:100CF0000A220D21684604F071FE0123E387C2E752
:100D000094F83030628E042B14D80133DBB2904259
:100D100084F83030C6D0052BD2D0C3E701230C2293
:100D20000D21684604F05AFE0123B5F5100F238704
:100D3000A9D9CEE79042C3D1B4E7012309220D21FE
:100D4000684604F04BFE0123A387CAE7012308226B
:100D50000D21684604F042FE01236387BCE701339E
:100D6000DBB291E730B5D0E908218BB002AD00923B
:100D700000F1180304460CCB284604F0FDFD95E86D
:100D80000700E38804F10C0523F0020385E807005F
:100D9000E3802046FFF762FF0123A1881A4606A8D8
:100DA00004F01CFE00200BB030BD00BF10B503687E
:100DB00004461B6B9847E06810BD00BF10B5036880
:100DC00004461B6B9847206910BD00BF10B503682F
:100DD00004461B6B9847606910BD00BF036810B5DF
:100DE00004461B6B9847E3889B0702D42046EBF729
:100DF00057FEA06A10BD00BF036810B504461B6B08
:100E00009847E3889B0702D42046EBF749FEE06A47
:100E100010BD00BF408E704710B5044B0360002327
:100E20000446C380FEF798FE204610BDB47004004F
:100E300000897047F0B50446416BA26BE36B2769EC
:100E4000656900F13406C068D71B5D1BD4E9072330
:100E5000081AA16902FB07F201FB00F18812921245
:100E60008BB0C4E90D0203FB05F39B12216CE36315
:100E700002AD009396E80C00284604F07DFD95E84D
:100E80000700012304F1280585E80700A1881A4618
:100E900006A804F0A3FD00200BB0F0BD38B5036830
:100EA00001810446DB6998472368074A5B6A9342DD
:100EB000054603D120892081284638BD2046984721
:100EC0002081284638BD00BF310E03002DE9F041D6
:100ED000124B036000250446456088461746104EB5
:100EE000FEF7CAFD4FF4806314204FF48051208137
:100EF000C4F84080C4E903556561C4E90955C4E9F3
:100F00000B55C4E90D55E5636564A7802660E18053
:100F1000C4E9063323622046BDE8F081B4700400C2
:100F2000407104002DE9F843036804469B6A984722
:100F3000A06A13F045FA8046E06A894613F040FA49
:100F40000646206B0F4613F03BFA424604460D4618
:100F50004B464046494613F09DFA32468046894644
:100F60003B463046394613F095FA02460B4640465A
:100F7000494613F0D9F8224606460F462B4620462E
:100F8000294613F087FA02460B463046394613F0DD
:100F9000CBF810F0B5FE13F02DFDBDE8F88300BFCF
:100FA00030B5C58815F0040585B023D10368044623
:100FB0009B6A9847E388E56023F002034FF4806260
:100FC00043F00403E380C4E9062222620123C4E95A
:100FD000045565620322A188684604F0FFFCE3889B
:100FE000054813F0020F23F00403E38018BF00202C
:100FF00005B030BD0148FBE714FCFFFF15FCFFFF07
:1010000084B070B404AC84E80E0006460FCC06F140
:101010000C050FC594E80700F38843F0020385E848
:101020000700F38070BC04B0704700BFC08800F0B8
:10103000020070474164704770B50B6882B0054686
:101040000C4608469B6A16469847D4E90F3101962C
:1010500000933434284694E80C0004F043FC2846FE
:1010600002B070BD10B5036804469B6A9847A06A39
:1010700010BD00BF10B5036804469B6A9847E06A3C
:1010800010BD00BF10B5036804469B6A9847206BEB
:1010900010BD00BFC288510711D4930710B5044694
:1010A0000AD5636C20461BB1BDE81040EBF7B8BD14
:1010B000BDE81040EBF728BEFFF772FFF1E70148EB
:1010C000704700BF15FCFFFF10B5044B0360002301
:1010D0000446C380FEF740FD204610BDB4700400F6
:1010E0000089704740897047FF299ABF017300202B
:1010F0006FF47A70704700BF007B7047704700BF85
:1011000010B50A894C8982B00023CDE90024103142
:101110001A46044604F008FF204602B010BD00BF86
:1011200010B5074B044640F8103B04F0B1FC054BEA
:10113000236000232046E380FEF70EFD204610BD0D
:1011400078710400B4700400094B10B5044640F8EF
:10115000103B04F09DFC074B23600023E3802046F6
:10116000FEF7FAFC204613F0CDFE204610BD00BF6E
:1011700078710400B4700400F8B50C4D05600025CA
:10118000044645600E4615461F46FEF775FC204690
:10119000074B40F8103B2AB231B204F04BFDFF225E
:1011A0002273A780268165812046F8BDB4700400B3
:1011B000787104006FF47D70704700BF6FF47D702C
:1011C000704700BF6FF47D70704700BF6FF47D7093
:1011D000704700BF10B584B004AB046803F8012D5C
:1011E00000220092246A1A460123A04704B010BDD1
:1011F00010B584B004688DF80C20002200928DF8A0
:101200000D30246A022303AAA04704B010BD00BF1A
:1012100010B5012384B00468CDE900330DF10F034C
:10122000E46AA04708B99DF80F0004B010BD00BFE4
:10123000F0B585B004469DF82C508DF80F201F4660
:1012400002680E4685B101230093156A0DF10F0265
:10125000A84738B9236800909D6A0A9B3A463146F0
:101260002046A84705B0F0BDD3699DF80F209847E8
:10127000EFE700BF2DE9F84F9DF82870002A3CD019
:10128000002B3ADD88460168DFF874901E468B68B3
:101290004B458246144628D10D69DFF868B05D459C
:1012A0001BD1264405E00134A6420AD0DAF800300A
:1012B0001D695D45F7D0217850460134A847A64204
:1012C000F4D117B10020BDE8F88FDAF80030DB6800
:1012D0004B450ED13846BDE8F88F5FFA88F150468D
:1012E000A847DAF800301D69DBE79847DAF8001004
:1012F000D2E7504698473846E5E76FF47A70E2E760
:10130000C5110300CD1103002DE9F04F83B09DF806
:101310003090002A5AD0002B984657DD0568924637
:10132000AB682C4A934206463DD12B692A4FBB42FB
:1013300041D1B8F1010F1BD0A8F102080AEB080B4C
:101340000AF1FF3405E00B2004F8010FA3450BD090
:1013500035686D69BD42F6D000213046A847C0B25D
:1013600004F8010FA345F3D108F101083568C24420
:101370006B69BB4212D10B208AF80000B9F1000F53
:1013800003D0002003B0BDE8F08F3368114ADB685A
:10139000934217D1484603B0BDE8F08F0121304693
:1013A0009847C0B2E8E70191984735680A4F2B6922
:1013B0000199BB42BDD041F00101C9B23046984706
:1013C0003568B6E7304698474846DBE76FF47A70F1
:1013D000D8E700BFC5110300CD110300024A026027
:1013E0000022027142717047B87104006FF47D7081
:1013F000704700BF407970474171704719B30B685F
:10140000934214D070B50E461446054623B11A68AF
:101410000E49126E8A420CD134B123680C4ADB6D3E
:1014200093420BD100232B713460002070BD00204B
:10143000704718469047002CEFD1F5E72946002267
:1014400020469847F0E76FF47A707047DD96020007
:10145000D99602000EB42DE9F04787B00FAB0546D0
:1014600053F8046B0093317849B125290CD02B68CF
:1014700001369B692846984731780029F5D107B095
:10148000BDE8F04703B07047009B7178D3F8009037
:10149000632903F10403009306F102067ED015D9F7
:1014A000732969D0782964D0642941D02B683F2101
:1014B0009B69284698472B683F219B692846984797
:1014C0002B683F219B6928469847CCE725294BD0BC
:1014D0005829EBD14FF000081C2708244FF0000AD0
:1014E00010E0B8F1000F3CD003F157012B682846FB
:1014F0009B6998474FF0010A013C14F0FF04A7F1E3
:101500000407B0D029FA07F303F00F0303F1300208
:10151000392AD1B2E5DC302AE8D130212846BAF1A7
:10152000000F01D1012CE7D12B689B699847E3E7B5
:10153000002301A94846CDE90133CDE903330593E2
:10154000FEF794F99DF8041000298CD00DF10504E4
:101550002B6828469B69984714F8011B0029F7D18E
:1015600081E703F13701C1E72B6828469B6998475B
:1015700079E74FF00108AFE799F8001009F1010988
:1015800000293FF470AF2B6828469B69984799F86B
:10159000001009F101090029F5D164E72B685FFA11
:1015A00089F19B69284698475DE700BFC389DB0640
:1015B00000D4704710B5044684B081890123042209
:1015C000684604F00BFAE38923F01003E38104B0CA
:1015D00010BD00BFA0F10800FFF7E8BFC3895B079B
:1015E0003DD52DE9F0418369B3F90270002F84B035
:1015F0000E46054615DD00F11808002401E0A7425B
:101600000FD021B2404604F0B3FEB04204F1010411
:10161000F5D101231A46A989684604F0DFF9A742EB
:10162000EFD1EB8C95F82410288D5A1C92FBF1F326
:1016300001FB13239BB2984212D0EA8C296A92B222
:101640008E54EA69EB84002A02DBEB8C9A4210D0BC
:10165000EB8943F01003EB8104B0BDE8F0817047E3
:10166000A98901230322684604F0B8F904B0BDE853
:10167000F0814FF0FF33EB6102220123A989684614
:1016800004F0ACF9E4E700BFC3891B0700D470473E
:1016900030B5838EC16A02689BB20446C95C926908
:1016A00085B09047A58E94F83020618E6B1C93FB1B
:1016B000F2F502FB1535ADB2A94202D0A58605B000
:1016C00030BD0123022240F2FF31684604F086F962
:1016D000236801219B6820469847EFE72DE9F047F2
:1016E000B2F1000A054629DD9946408E01F1FF3826
:1016F000002608E0EB6A18F8012F1A540136B245AB
:101700006C8620461BD095F83070AA8E431C93FB44
:10171000F7F407FB1434A4B29442EBD12B680121F7
:101720005B6828469847B9F1020F1FD0B9F1010F45
:101730000DD0B9F1000F02D0688EDBE700262B68D0
:1017400028465B68012198473046BDE8F087688EDF
:1017500006E095F83030AA8E03449B1A002BC9DDB1
:10176000AB8E9842F5D3AB8EC31AF7E7494640F2E9
:10177000FF30FEF7C5FD688EBCE700BFC3895A077E
:1017800070B5044607D5036800219B689847206A16
:10179000FEF7E0FFE38994F8240023F004039DB2F0
:1017A000E581FEF7B1FF206260B12368002645F0B5
:1017B00004055B68E581E684268520463146984726
:1017C000304670BD6FF47B7070BD00BF38B5C38903
:1017D0001A07054607D5036801219B689847E86A00
:1017E000FEF7B8FFEB8995F8300023F008039CB2B0
:1017F000EC81FEF789FFE86230B1002044F0080474
:10180000EC816886A88638BD6FF47B7038BD00BF58
:101810002DE9F0470446224D25602248A0600025AE
:1018200004F1080025716571E56088461746994600
:101830009DF82060BDF824A0FEF71EF91A4AC4F8EE
:10184000108002F1080340322360A260676104F156
:10185000180004F04DFD09F101094FF0FF33013686
:10186000E361E584424604F1100184F8249084F891
:101870003060A4F80CA02562E56225856586A58602
:101880002046FFF7BBFD3A4604F114012046FFF75E
:10189000B5FDE38943F48043E3812046BDE8F0874A
:1018A000F4710400B4700400F87104002DE9F041F3
:1018B000C789BC071DD4002A1DDDE1B1984647F059
:1018C0000203C3813B07044615460E460BD543462B
:1018D0002A4631462046FFF701FFE38923F0020341
:1018E000E381BDE8F081FFF771FF0028EFD0BDE88C
:1018F000F0810248F5E76FF47A70F2E70DFCFFFF24
:1019000010B40C681346211DB4F902205DF8044B95
:10191000FFF7CCBF38B50B1E07DB1D460368DB683D
:101920000446984700B9A56338BD6FF47A7038BD96
:10193000C38913F0030F60D143F0030370B504466D
:10194000C38115460E460A4600F11001FFF756FD09
:101950002A4604F114012046FFF750FDA28E638E43
:1019600093423DD3A28E9B1A2268002B926804DD1D
:1019700001212046904723689A680021204690471D
:101980002B681F4A5B6C934233D123682A46314649
:101990001B6920469847236800215B6820469847CA
:1019A000A28E638E934221D294F83020A18E1344EC
:1019B0005B1A002B04DD236801215B6820469847F1
:1019C000A56B002D06DB23682946DB682046984777
:1019D00000B9A563E38923F00303E381002070BD10
:1019E00094F83020A18E13445B1ABDE7A28E9B1A97
:1019F000DFE7022128469847C7E70248704700BF43
:101A0000799602000DFCFFFF012A20D0022A38B58A
:101A10000AD0C38C90F82420194491FBF2F302FB06
:101A20001311C161002038BD05460C46808911465E
:101A3000FEF7B4FAE98C95F82420214491FBF2F3E7
:101A400002FB1311E961FEF72BFC002038BD6FF497
:101A50007A707047012A0FD038B514460546183001
:101A600004F04CFC022C01D0002038BDA8890121D3
:101A7000FEF746FC002038BD6FF47A70704700BF57
:101A80002DE9F04F87B0CE8900AFF507C7E90130E7
:101A900060D474078946154640F1D780B9F828A06C
:101AA000B9F8263046F001069A45A9F80E6058D0DC
:101AB0002B68D9F82010B3F902205646731C002A6F
:101AC00011F80680FB602ADD4FF0000B4FF0FF3469
:101AD0000FFA8BF1284604F04BFC2A68B2F9022079
:101AE0000BF1010B404508BF34465A45F0DC99F82C
:101AF0002430F968B9F8268091FBF3F61FFA88F8CC
:101B000003FB1616B04500F0A880601C54D1D9F82C
:101B10002010731C002A11F80680FB60D4DC99F8B1
:101B20002430F868B9F8268090FBF3F61FFA88F89D
:101B300003FB1606B045C1D17B68012B00F09480F1
:101B40007B68022B13D0B9F80E60B86826F0010646
:101B5000A9F80E6004F0CCFBB8681C37BD46BDE8A0
:101B6000F08F7B68012B00F0BA80022BEDD1294663
:101B700007F1140004F0B4FB07F1140102224846F7
:101B8000FFF768FF07F1140004F018FBB9F82640CE
:101B900014F1FF3402D299F82440013C07F11400FB
:101BA00004F0A6FB07F1140109F1180004F0A6FBEC
:101BB00007F1140004F002FB002CB9F80E60C4DB3E
:101BC00099F824505445BABFA5EB0A0BA344A4EBE3
:101BD0000A0B0BF1080323F00703E846ADEB030DF6
:101BE000002168460BF10102A4B213F0EDF9A24501
:101BF0006946D9F820000FD00DF1FF320AF1010C2F
:101C00009CFBF5F305FB13C310F80AC002F801CFE3
:101C10001FFA83FA5445F1D1B9F82830B868013376
:101C20005B4426F0010693FBF5F205FB1235A9F89B
:101C30000E600FFA8BF2A9F8285004F037FBC54666
:101C4000B8681C37BD46BDE8F08F0846FFF796FD23
:101C5000002837D1B9F80E6020E77B68012B29D125
:101C6000611CA9D1D9F82010B9F826309845FBD0CD
:101C700008F10103002A11F80860FB6027DD4FF02E
:101C8000000B4FF0FF340FFA8BF1284604F070FB85
:101C90002A68B2F902200BF1010BB04208BF44469A
:101CA0005A45F0DC99F82430F96891FBF3F803FB0E
:101CB0001818D5E77B68022B7FF47EAF631C7FF496
:101CC0007BAF54E70146B86804F098FAB8E799F892
:101CD0002430F86890FBF3F803FB1808C4E72B687E
:101CE000D9F82010B3F90220D046BDE7C3895B07BD
:101CF00010B5044605D5E38C208DC01A18BF01200D
:101D000010BDFFF73BFD0028F5D010BD38B50446E7
:101D1000F9B101290D4610D12046FFF7E7FF002851
:101D2000FAD0238D226A94F82410D05C013393FBFF
:101D3000F1F201FB1233238538BD0229F1D1FFF7FF
:101D4000D5FF0028EDD12A4601212046FFF75CFE91
:101D5000E7E7FFF7CBFF0028E3D1014838BD00BF1C
:101D60000CFCFFFF38B5C389DA0712D443F0010237
:101D70005B0704460D46C28102D4FFF7FFFC38B969
:101D800029462046FFF7C2FFE38923F00103E381E0
:101D900038BD014838BD00BF0DFCFFFFB0F80EC0D4
:101DA0001CF0010F2DE9F0416AD198461CF0040F98
:101DB0004CF00103064617460D46C3812BD0B8F1FF
:101DC000000F11D1002F59DD013D444604E00134DC
:101DD000A74205F8010F17D000213046FFF796FF04
:101DE00010F57D7FF3D10FE0B8F1010F1CD1002F6A
:101DF00044DD6C1EE51901213046FFF787FF04F82A
:101E0000010FAC42F7D13C46F38923F00103F38183
:101E10002046BDE8F081FFF7B1FC04460028F7D169
:101E2000B8F1000FCED0DFE7B8F1020F26D1F38C66
:101E3000318D994285BF96F82430F28CF38C9B1833
:101E40005B1A9F420DDDF38C994285BFF28C96F8A8
:101E50002430F38C9B18591A791A02223046FFF766
:101E6000D3FD002F0ADD6C1EE51902213046FFF775
:101E70004DFF04F8010FAC42F7D1C4E70024C3E7DB
:101E8000004CC5E70DFCFFFF2DE9F0411446083278
:101E900022F0070200AFADEB020D0E469846621C21
:101EA00000210546684613F08FF8434622466946EE
:101EB0003046FFF773FF002808DD02B26946284666
:101EC00004F0F4F92846BD46BDE8F081284604F048
:101ED0000FFA2846BD46BDE8F08100BFC389DA0786
:101EE00012D4FF2918BF013110B543F00103044695
:101EF00018BFC9B2C38180F82410FFF73FFCE38903
:101F000023F00103E38110BD004870470DFCFFFF83
:101F1000C3899A0712D4FF2918BF013110B543F0C5
:101F20000203044618BFC9B2C38180F83010FFF71E
:101F30004DFCE38923F00203E38110BD00487047A4
:101F40000DFCFFFF90F82400704700BF828E438E87
:101F5000934237BF90F83020808E808E9B18181ADD
:101F6000704700BF0A4B10B503F108024033044626
:101F700002608360183004F021F9064BA36000234F
:101F800004F10800E381FDF7E7FD204610BD00BF26
:101F9000F8710400B470040008B5C06803681B6BD6
:101FA0009847002008BD00BF08B5C06803689B6A59
:101FB0009847002008BD00BF2DE9D8470446924647
:101FC000994607F05BFBE66894F811803468304668
:101FD000A36CE76B98474B465246002B08BF0A2A72
:101FE00038BF0A22024441463046B847BDE8D847C8
:101FF00007F036BB70B5044607F040FBE0680368A5
:102000009B6C9847D4E90151D4E908236060401BD8
:102010001518084443F10006B0F57A7FC4E9085664
:10202000A0600CD3D4E906230132A0F57A7043F105
:102030000003B0F57A7FF7D2C4E90623A060BDE8BB
:10204000704007F00DBB00BF2DE9F84F1646426BFC
:10205000BDF82880BDF82C909DF830A0002A10DD36
:10206000C46A1F46238A83B104F11803002102E0E9
:1020700033F8085C4DB1013191421C4603F118035D
:10208000F6D16FF47B70BDE8F88F0546FFF7B2FF1D
:10209000D5E9082312EB060B43EB070CBAF1000F4E
:1020A00022D1002001460D9BA4F81080C4E9000154
:1020B000C4E902BCA4F81290636107F0DFFA296B4F
:1020C00039B1D4E90223D1E902018B4208BF82422F
:1020D00005D22C6332463B462846FFF76DFF07F0DA
:1020E000BFFA0020BDE8F88F30463946DBE700BF75
:1020F0002DE9F003456BC36A00218D4201631EDDAB
:102100000A461C8A013254B139B1D3E90267D1E9D8
:1021100002894F4508BF464501D203631946AA42CA
:1021200003F11803EDD151B1036A8A68D21A0A2A61
:10213000B8BF0A22D317BDE8F003FFF73DBFBDE8E3
:10214000F00370472DE9F04F83468BB059B1C46856
:10215000067C236820469A6CDD6B9047394A3146ED
:1021600002442046A8475846FFF744FFDBF83420D6
:10217000DBF82C40002A49DD0025AA461CE0D4E902
:10218000006756EA0701628A46D1DBF83000002179
:10219000A042218247D001210291CDE90089194650
:1021A00006A803F02BFCDBF834200AF1010A013504
:1021B000AA4204F1180426DD238A002BF7D0D4E9C3
:1021C0000201DBE90889894508BF8045CDE90401A2
:1021D000D5D26369DB07EAD5FEF796F960B1DBE992
:1021E0000801194ED4E9022336184FF000074F4179
:1021F000BB4208BFB24219D3DBF834200135AA42F2
:1022000004F11804D8DCBAF1000FB1D15846FFF739
:102210006FFF0BB0BDE8F08FDDE904018019794153
:10222000C4E90201B7E7CBF83010B4E70123CDE9E8
:1022300000010293052240F2FF3106A803F0DEFB05
:10224000DAE700BF80969800A0860100074B1B6864
:1022500053B1197C084110F00101184601D1FFF774
:1022600071BF0121FFF76EBF704700BFC03B002068
:10227000426BC36A02EB420203EBC20293424FF08D
:10228000000025D2198AF9B15969C9071CD5D0B106
:10229000F0B4D0E90245D3E90267AF4208BFA642D5
:1022A00038BF184618339A420BD9198A0029F9D039
:1022B0005969CC07F6D50028EBD1184618339A4255
:1022C000F3D8F0BC7047184618339A42DAD87047F2
:1022D000704700BF2DE9784804460D4607F0CEF957
:1022E000E06803689B6C9847636860600646D4E9C1
:1022F0000801A268F31A10EB030B134441F1000C20
:10230000B3F57A7FC4E908BCA3600CD3D4E9060115
:102310000130A3F57A7341F10001B3F57A7FF7D26A
:10232000C4E90601A360E06803681B6B984707F0E7
:1023300097F90023C5E90063D4E90801BDE878886E
:102340002DE9F84FDDE90A890446154607F096F9AC
:1023500058EA090330D0D4E9082312EB080043EB14
:102360000901C4E908014FF47A7200234046494646
:1023700012F0D8FBD4E9066716EB000A47EB010B15
:10238000C4E906AB404649464FF47A72002312F086
:10239000C9FBA3681A44B2F57A7FA2600BD31AF185
:1023A000010AA2F57A724BF1000BB2F57A7FF6D2F0
:1023B000C4E906ABA26065602046FFF71BFED4E9C6
:1023C0000889636BE56A03EB430305EBC30C18F163
:1023D0000A0A4FF0000349F1000B6545236314D34B
:1023E00033E05B4508BF524501D2C5E902AB236B20
:1023F0003BB1D3E90201D5E902238B4208BF8242F7
:1024000000D225631835AC451FD92B8A002BF9D093
:10241000D5E9006756EA0701D5E90223E1D012EBBE
:10242000060843EB0709D94508BFD04502D3DEE7CC
:102430008046894616EB080047EB0901594508BF5D
:102440005045F5D3C5E90289D1E7E06803689B6C84
:1024500098470546E068094A0368217CDB6B2A44FB
:102460009847236B33B1E068617C036805F10A0289
:10247000DB6B9847BDE8F84F07F0F2B880969800FC
:10248000704700BF064B10B51C682CB12046FFF703
:10249000B1FDD4E9060110BD0020002110BD00BF30
:1024A000C03B0020064B10B51C682CB12046FFF73E
:1024B000A1FDD4E9080110BD0020002110BD00BF1E
:1024C000C03B002070B50A4C266884B076B11D462A
:1024D00014460B460246012108980390CDE90045B9
:1024E00030460291FFF7B0FD04B070BD0148FBE734
:1024F000C03B002016FCFFFF70B50E4D2C68B4B138
:102500002046FFF777FD0C4B266A42F21070984781
:102510002C682046FFF76EFD236A0849053B9B1B8C
:1025200042F210720020B2FBF3F30B6070BD04485E
:1025300070BD00BFC03B00207D200020BC3B0020C0
:1025400016FCFFFFF8B50D46437416460A231E4AD3
:102550001E49016004464363C56006740121F020F2
:102560001460FEF717F92B68194FDA69E062002151
:1025700000202163BA424FF00001C4E90601C4E91A
:1025800008011AD1134AEA603146134ADB6B284628
:102590009847E06803685B6A9847E0680368002230
:1025A0009B6CA2609847E36860601A681846936A5B
:1025B0009847FFF7A1FF2046F8BD284605499047F8
:1025C000E5682B68E0E700BFC03B00205C720400B8
:1025D000B96602004D220300809698002DE9F84369
:1025E000124D2E6806B3124B04461868A8B930463F
:1025F000FFF700FDD6E9086716EB040847F100096C
:102600002C682046FFF7F6FCD4E908234B4508BFA9
:102610004245F5D30020BDE8F88304FB00F0054BEC
:1026200098470020BDE8F8830348F4E7C03B00204A
:10263000BC3B00207D20002016FCFFFF4FF47A7386
:1026400003FB00F0FFF7CABF064B1B681BB1014636
:102650001846FFF73FBE00220023C0E900231946B9
:1026600010467047C03B002070B5094C266882B008
:102670005EB114461D4602460B463046CDE9004584
:10268000FFF75EFE002002B070BD0248FBE700BF0E
:10269000C03B002016FCFFFF084B1B685BB110B568
:1026A00004461846FFF7E4FD20B1D0E90223C4E94F
:1026B0000023012010BD1846704700BFC03B00201A
:1026C000C3880D4A23F4005310B504460260C3804A
:1026D0002C3003F0DDF904F1240003F06FFD04F168
:1026E0001C0003F06BFD054B236000232046E380B4
:1026F000FDF732FA204610BD6C720400B47004007D
:1027000010B50446FFF7DCFF204612F0FBFB204625
:1027100010BD00BFF8B50025164B036004464560A8
:102720000F461646FDF7A8F9134B2360A76004F186
:102730000C0003F0A3F804F11C0003F0D9FD04F130
:10274000240003F0D5FD04F12C0003F0A9F94FF4A7
:10275000405384F8225084F83250A6802575E582D3
:10276000258325842585258684F83350E3802046FB
:10277000F8BD00BFB47004006C72040000B5012302
:1027800085B081881A46684603F028F90123684617
:102790001A4640F2FE3103F021F905B05DF804FB62
:1027A0002DE9F843044680680121103003F08CFBCA
:1027B00094F92230042B06DCE269B4F92010B2F956
:1027C00002208A421ADCA06801335DB284F82250EC
:1027D0000368DB6998470130854201D0BDE8F88382
:1027E000E369002284F82220B3F90210B4F9203002
:1027F000994236DD01332384BDE8F88304F11C00DF
:1028000003F0B6FD04F10C050146284603F048F834
:10281000064660B3A06894F922700268C7F1040309
:1028200001279F40D3699847354600F1FF38A068DB
:10283000FFB25FFA88F805366FEA050915F8013B23
:102840003B4204D1AE42F9D194F92230BCE709EB06
:102850000502103012B2FF23414603F061F9A0686F
:10286000F0E722752046BDE8F843FFF787BF28460A
:10287000202103F015F80646CCE700BF38B5044622
:10288000436AB4F92810B3F9023080688B4200F132
:1028900010050FDC202100231A46284603F0CEFA4B
:1028A000626AB4F92830B2F902209A4208DB013397
:1028B000238538BD04F1240003F05AFD0146EAE700
:1028C000002323752046BDE83840FFF757BF00BFFF
:1028D00010B50446806882B0103003F017F9A06884
:1028E000B4F930200023103004F12C01009303F0E0
:1028F0000FFA50B994F833303BB1002320462375CA
:1029000002B0BDE81040FFF739BF94F93230002B18
:10291000F3D0218E01220B44238684F8332002B0A9
:1029200010BD00BF30B504468068B4F9305003686C
:1029300083B0DB699847E36A94F932105B88CB1A5D
:10294000184485420DDC94F8333053B1237D062BB7
:102950002ED000232046237503B0BDE83040FFF79A
:102960000DBFB4F93020A068002A00F1100010DC7F
:102970000023009304F12C0103F0CAF994F93230DA
:102980007BB1218E01220B44238684F8332003B0CF
:1029900030BD494203F098FAA068B4F930201030F5
:1029A000E6E723752046FFF7E9FE94F93230E8E7C1
:1029B000A068103003F0AAF8CBE700BF037D002227
:1029C000022B10B5044602831CD0237D032B1ED09E
:1029D000237D042B21D0237D052B06D0237D062BC0
:1029E00003D0237D072B06D010BD2046FFF79AFFAA
:1029F000237D072BF8D1002323752046BDE8104026
:102A0000FFF7BCBEFFF7CCFE237D032BE0D12046B1
:102A1000FFF734FF237D042BDDD12046FFF758FF5D
:102A2000D9E700BF037D33B1038BC18A04339BB266
:102A30009942038300D97047FFF7C0BF10B5037DEB
:102A400084B0044673B1012300220275A1881A469E
:102A5000684602F0C3FF012368461A4640F2FF3180
:102A600002F0BCFFA068103003F050F804B010BDB5
:102A700010B5012104460720FDF742FC064B9842A1
:102A800005D010BD237D012BFBD006F0FFFD237D7B
:102A9000002BF7D110BD00BF16FCFFFF38B5151E87
:102AA00016DB037D13B1037D012B0FD10446806833
:102AB000002310301A4603F0C1F92DB1002007237E
:102AC000E5822083237538BD284638BD024838BDCD
:102AD0006FF47A7038BD00BF12FCFFFF70B582B092
:102AE000079D002D1BDB047D14B1047D012C14D146
:102AF000069E04468068F6B21BB212B210300096F1
:102B000003F006F935B100200723E5822083237501
:102B100002B070BD284602B070BD0248F8E76FF4FD
:102B20007A70F5E712FCFFFFF8B5151E21DB037D77
:102B30000F4604463BB909E0012140F2FF30FDF7A2
:102B4000DFFB237D13B1237D012BF5D1237D03F022
:102B5000FF0663B939462A462046FFF79FFF25B195
:102B60002046FFF785FF3046F8BD2846F8BD0248ED
:102B7000F8BD6FF47A70F8BD11FCFFFF2DE9F0434A
:102B800085B00D9E002E36DB9846037D174689469C
:102B9000044673B1037D012B03D10AE0257D012D8D
:102BA00007D0012140F2FF30FDF7AAFB257D002D63
:102BB000F4D1237D03F0FF05DBB9494603A802F0F9
:102BC00075FF0C9B0093019643463A4603A92046A5
:102BD000FFF784FF03A802F05BFF36B12046FFF742
:102BE00047FF284605B0BDE8F083304605B0BDE894
:102BF000F0830248F6E76FF47A70F3E711FCFFFF09
:102C000070B5161E14DD037D13B1037D012B0DD1AC
:102C10000025044680F8225005841C3003F06EFB2A
:102C2000022325832846E682237570BD024870BDC5
:102C30006FF47A7070BD00BF12FCFFFFF0B5161E76
:102C400083B026DD037D0F4604463BB909E0012130
:102C500040F2FF30FDF754FB237D13B1237D012BA0
:102C6000F5D1237D03F0FF058BB9394601A803F0A8
:102C700037FB324601A92046FFF7C2FF01A803F047
:102C80009DFA2046FFF7F4FE284603B0F0BD024847
:102C9000FBE76FF47A70F8E711FCFFFFF0B583B043
:102CA000171E089E2FDD047DFCB916F1FF0F0446A8
:102CB000C3F100051ED036B284F83250268604F1E6
:102CC0002C0002F013FF099B002D18BF3D46002B7E
:102CD00007F1FF320CBF052306230020E582228383
:102CE000237584F8330003B0F0BD047D012CDCD0E3
:102CF0000648F8E7806801910368DB699847461940
:102D000036B20199D8E76FF47A70ECE712FCFFFF56
:102D10002DE9F041161E84B031DD1F46037D884643
:102D2000044673B1037D012B03D10AE0207D012805
:102D300007D0012140F2FF30FDF7E2FA207D0028A4
:102D4000F4D1237D03F0FF05BBB9414603A802F08F
:102D5000ADFE0B9B01930A9B009332463B4603A9B1
:102D60002046FFF79BFF03A802F092FE2046FFF7E4
:102D70007FFE284604B0BDE8F0810248FAE76FF410
:102D80007A70F7E711FCFFFF10B5054B03F108025D
:102D9000383304460260C360FDF728FE204610BDAC
:102DA0008872040010B5074B03F10802383304465B
:102DB0000260C360FDF71AFE204612F0A3F8204619
:102DC00010BD00BF88720400C28838B5047C22F4AC
:102DD00000520025C280CD6014B103689B699847FA
:102DE000002038BDA0F10C00FFF7EEBFC388DB0464
:102DF00000D470472DE93048036888B05B6A044608
:102E00009847227EE38878B10B2A04D80132D2B2E7
:102E1000082A22760ED9D9071ED503F00305012D05
:102E20002CD008B0BDE8308832B1013AD2B2082ABD
:102E30002276F0D8012AF0D8DA07EED523F0030382
:102E4000E38002220123A188684602F0C7FD657E67
:102E5000012D2CD0E388E0E743F001020123E2805A
:102E6000A1881A4604A802F0B9FD23890133238101
:102E7000FFF708FB227EE3886061DBE7FFF702FBD8
:102E80006369B0EB030B61F1000C002340F2DB52ED
:102E9000634508BF5A45C4D2E288A18842F00202C5
:102EA000E2802B46052204A802F098FDB9E7FFF75F
:102EB000E9FA6369B0EB030B61F1000CBCF1000FA0
:102EC00008BFBBF57A7F2B462CBF04220322A188C2
:102ED00004A802F083FDBDE710B5044684B0E9B94B
:102EE000C269D288930502D4002004B010BD0368E3
:102EF0005B6A98470028F7D0E288A188012342F056
:102F000001020320E28020761A46684602F066FD40
:102F100001232381FFF7B6FA6061E5E7C28800214B
:102F200022F00302C28001810176002004B010BDAE
:102F3000C16938B5CB6800F10C05AB421CD0044622
:102F400023B11A68184612689047E169A27ECB88BF
:102F5000CD60012A0CBF43F4807323F48073CB80CF
:102F60000B680A4A5B6C93420AD1E08840F4005037
:102F7000E08000F0010038BDC08800F0010038BDDD
:102F8000084694F820109847EFE700BF79960200B2
:102F900070B5054600F10C0630460121FEF72CFA0B
:102FA000E8690A4A03685B6893420CD16FF47D7349
:102FB000AC7EE41AB4FA84F4304664090021FEF7CA
:102FC0001BFA204670BD98470346F1E7B59502000D
:102FD0002DE9F84304460D4690461F469DF82060B3
:102FE0009DF82490FDF7ECFC0B48E561002100F111
:102FF00008053830E06084F82090A4F804806776F3
:10300000A676256021746174616121762046FFF700
:103010008FFF2046BDE8F883887204004176704730
:1030200010B50446806830B14FF480720021BDE8CD
:10303000104011F0C9BF4FF48070FDF765FB4FF4ED
:103040008072A0600021BDE8104011F0BDBF00BF3C
:10305000F0B5044640682268036885B000256E46D6
:103060001F690095022301953146B847104B009A1D
:103070009A4219D02046CDE90035FFF7D1FF96E8F6
:10308000030002AB83E8030003CBA3681860596018
:10309000D4E9001003689B699847D4E901020368EA
:1030A00021685C694023A047019805B0F0BD00BFCE
:1030B000A10D0C00F8B50023161E836004460D46D2
:1030C00041600B680FDB08461B6898472B68074672
:1030D0009B682846984706FB007020602046FFF753
:1030E000B7FF2046F8BD08465B6898472B6807463F
:1030F0009B682846984706FB107020602046FFF723
:10310000A7FF2046F8BD00BF2DE9F0478A4681465B
:10311000FFF79EFF804638B33020D9F8004011F009
:10312000F8FE30220021064611F04EFFB8F1000FE4
:1031300004F1080415DD002502E00135A84517D08B
:10314000D9F80400036822461F6931460C23B847AA
:103150003146504611F06AFF30340028EDD1A845C1
:1031600006D03046BDE8F08706463046BDE8F08719
:10317000304611F0C7FE0026F3E700BF2DE9F04FFF
:103180000546C3B008460C4692461F4611F058FF4C
:1031900000F10109B9F1100F00F2E180202F00F2D7
:1031A000DE8021462846FFF7AFFF064660B13A466B
:1031B0005146103011F0D5FE80463046B8F1000F70
:1031C00000F0A48011F09EFE4A46214606A811F0A8
:1031D000D7FE51463A460AA811F0D2FE2846D5F845
:1031E00000A0FFF735FF30228046002112A811F021
:1031F000EBFE2846FFF714FFB8F1000F0AF10806AE
:1032000040F3AB80002701970DF1A8090DF1D80B11
:103210006868036832461C6912A90C23A04706A9F6
:1032200012A811F003FFA6EB0A0E002874D14F4A32
:10323000CDE9022802AB03CBAB680DF1180C186086
:103240005960BCE80F001EAC0FC4BCE80F000FC4EF
:103250009CE80F0084E80F00AB681EAC9E44A446B7
:10326000BCE80F00CC45CEF80000CEF80410CEF834
:103270000820CEF80C3064460EF1100EEFD1012379
:1032800001930137B84506F13006C1D108EB480477
:10329000019BA400A71C3BBBB8F1050F62D0334AC9
:1032A00008F10103CDE9042304AB03CBAB6806AC02
:1032B000186059600FCC36AE0FC60FCC0FC694E81D
:1032C0000F0086E80F00AC680DF1D80C04EB870402
:1032D00042AF66460FCEBE4220606160A260E360EE
:1032E000B44604F11004F4D1D5E9001003689B69D9
:1032F0009847D5E90102036829685C694023A04723
:103300004FF00008404643B0BDE8F08F11F0FAFDE1
:10331000404643B0BDE8F08F0DF1480CBCE80F000B
:103320004C460FC4BCE80F000FC49CE80F0084E8B3
:103330000F00AB684C469E44A446BCE80F00DC4539
:10334000CEF80000CEF80410CEF80820CEF80C30ED
:1033500064460EF1100EEFD193E702279FE76FF45A
:103360007A78D5E76FF47B78D2E700BFA10D0C0027
:103370002DE9F04FA1B089460546FFF769FE002808
:1033800000F0868080463022002108A82E6811F0C7
:103390001BFE2846FFF744FE3E4ACDE9022802AB59
:1033A00003CBAB68B8F1000F06F10806186059604E
:1033B00061DD00270192BB464FF0020A10E0019A3E
:1033C00008F1FF33CDE9042304AB03CB0137AB682D
:1033D000B845186059604FF0010B06F1300632D045
:1033E0006868036808A91C6932460C23A04749464F
:1033F00008A811F01BFE0028E1D00DF1200CBCE85C
:103400000F0014AC0FC4BCE80F000FC49CE80F0001
:1034100084E80F00AC680DF1500C04EB8A04E6461A
:10342000BEE80F00E36020AB9E4520606160A260B3
:10343000F44604F11004F2D10137B8450AF10C0A40
:1034400006F13006CCD1BBF1000F14D0D5E9001045
:1034500003689B699847D5E90102036829685C699C
:1034600008EB48084FEA88030233A04700231846B8
:1034700021B0BDE8F08F074BAA68CDE9063806AB4E
:1034800003CB054B10601846516021B0BDE8F08FAA
:10349000014BECE7A10D0C000CFCFFFF03681B6B5C
:1034A000184700BF01892DE9F0414FF47A760446B0
:1034B00006FB01F12148FDF727FA214AA17A0346CC
:1034C000A2FB03239B0923811E48FDF71DFA656CAF
:1034D000A072E3882A68B4F84C80576A13F48073AA
:1034E00020D1414628462022B84728BB606CB4F85A
:1034F0004C10036822225D6A1023A847E0B9656C6E
:10350000A17A2B680F485E6AB4F84C40FDF7DCF9ED
:1035100060F07F03DBB2214628462322B04758B92A
:10352000BDE8F0812189054806FB01F1FDF7CCF9E2
:1035300040F00703DBB2D4E70348F1E7CC720400A4
:10354000D34D6210C47204000EFCFFFF10B5034B94
:1035500003600446FDF760FC204610BD4473040080
:1035600010B5054B03600446FDF756FC204611F0EC
:10357000C9FC204610BD00BF4473040008B50246D4
:10358000C38819B1D9050AD4002008BD9905FBD517
:1035900023F4007343F48043D380002008BD016806
:1035A00023F4824343F40073C380CB6A984700201E
:1035B00008BD00BFF0B5C388DA0585B005462BD439
:1035C000026843F48243C380D36A98470126304F90
:1035D000A86C0368C4885B68BB42C4F3002416D19E
:1035E000002084424FF027020DD0686C95F84C10F3
:1035F00003681B6B984710F008040FD1002EE7D129
:10360000204605B0F0BD002EE2D13446F8E79847D9
:10361000B0FA80F04009E4E70026D8E7686CB5F816
:103620004C10036806220124CDE90024A822DC6A9C
:1036300002ABA047044608B1164CE1E7BDF90820EB
:10364000BDF90A30BDF90C60A87A2968002AB8BF14
:103650001F32002BB8BF1F33002EB8BF1F367611A4
:1036600052115B11ADF80820ADF80A3010FB02F2E0
:1036700010FB03F310FB06F05B4240422862C5E9F1
:103680000632ADF80C604B6B28469847B8E700BF90
:10369000B59502000EFCFFFFF8B504460F4616462E
:1036A0001946BDF81C20BDF81850FDF7DFF9064A91
:1036B00067640023A664A4F84C502260E38020468F
:1036C000FFF7F0FE2046F8BD4473040008B5036818
:1036D000C9B21B6B0F229847A0F13300B0FA80F0FB
:1036E000400908BD03689B6A184700BF018938B5C7
:1036F0004FF47A75044605FB01F11548FDF704F90E
:10370000144A0346A2FB03239B0999B205FB01F16E
:1037100023810F48FDF7D8F8E288B4F85010C3B2FF
:10372000A06CD205026858BF43F00303556A6022BB
:10373000A84758B9A06CE3880268B4F85010546ADE
:10374000C3F300236222A04700B938BD024838BD48
:103750007C730400D34D62100EFCFFFF10B5034BC9
:1037600003600446FDF7B0FC204610BDAC730400B6
:1037700010B5054B03600446FDF7A6FC204611F08A
:10378000C1FB204610BD00BFAC73040008B5024663
:10379000C38819B1D9050AD4002008BD9905FBD505
:1037A00023F4007343F48043D380002008BD0168F4
:1037B00023F4824343F40073C380CB69984700200D
:1037C00008BD00BFF0B5C388DA0585B005462BD427
:1037D000026843F48243C380D36998470126284F87
:1037E000E86C0368C4885B68BB42C4F3002416D14C
:1037F000002084424FF067020DD0A86C95F850105D
:1038000003681B6B984710F008040FD1002EE7D116
:10381000204605B0F0BD002EE2D13446F8E79847C7
:10382000B0FA80F04009E4E70026D8E7A86CB5F8C4
:103830005010036806220124CDE90024E822DC6A46
:1038400002ABA047044608B10E4CE1E7BDF90830D1
:10385000BDF80A00BDF80C102A6803EB8303C3EB24
:1038600003135B00AB634FF66A7310FB03F011FBAD
:1038700003F36863EB632846D36A9847C8E700BF41
:10388000B59502000EFCFFFFF8B504460F4616463C
:103890001946BDF81C20BDF81850FDF717FB054B65
:1038A000A4F85050C4E9127623602046FFF71EFFAB
:1038B0002046F8BDAC73040082B08DE80C000148CE
:1038C00002B0704716FCFFFF002070470029806996
:1038D00005DD08B904E010B10139406AFBD1704739
:1038E000704700BF82B070B50C4684B00546496889
:1038F000206802AC03C4039908AC481084E80C00AB
:10390000CB0745BF2A58029B029CD4580AAB2E18FD
:1039100093E803008DE8030008AB0CCB3046A047CA
:1039200004B0BDE8704002B0704700BF002943D02A
:103930002DE9F0418469002C3BD00D460646DFF8A6
:103940008080002705E0A268AB689A420DD0646AC7
:10395000DCB1AA88A38853409907F8D49207F2D51E
:10396000A968A06802F09CFDA8B12B88BBB96B8840
:10397000DBB9B3680BB120469847A38843EA080334
:10398000A380646A0137002CE3D1002FC8BF204612
:103990000FDDBDE8F081AB889B07D8D4D3E7228840
:1039A0009A42D4D16B88002BE3D062889A42CED160
:1039B000DFE76FF47A70ECE76FF47A70704700BF5E
:1039C0000080FFFF002971D0F0B5846985B00D46F5
:1039D00006463CB966E0A388980708D5914219D0FD
:1039E000646A14B3AB8821682A689F07F3D49142B4
:1039F000F6D1A268AB689A42F2D1EA68E3689A42CB
:103A0000EED1A3881A0402D5C3F30E03A38029487C
:103A100005B0F0BDA968A06802F042FD0028DFD023
:103A2000EA68E3689A42DBD1EBE7D6F818C02A8847
:103A3000BCF1000F2ED06046634600E00B461C88A8
:103A4000944211D2596A18460029F7D163451DD016
:103A5000596A69625D62012340F2FD31684601F0F6
:103A6000BDFF002005B0F0BD1ED16F885988B94256
:103A700004D319E04888B842E8D20B46596A0029B5
:103A8000E4D00888A042F5D06345E1D119888A4284
:103A900002D26B62B561DEE7DAD158886988884264
:103AA000D6D9F6E70A88F5E70346CFE76FF47A70D0
:103AB000704700BF16FCFFFF2DE9F04183885F07C8
:103AC00082B0064603D59D062DD4DC0638D443F0DB
:103AD0000403B38006F1100506F1180815E0F36839
:103AE000009395E80F00A047B388DA0618D5346A2A
:103AF000B4B194E80F00276985E80F0020463762CB
:103B000011F000FAFCF7CCFBB388B46898070DD429
:103B1000D907E4D495E80F00A047B388DA06E6D4C5
:103B200023F00403B38002B0BDE8F08198E80300FD
:103B300095E80C008DE80300204602F099FCD3E7DD
:103B400000F1180393E803008DE8030006F1100369
:103B50000CCB3046FCF76CFEE5E700BF70B51C4BA4
:103B60008CB003F10802283304460260C36006A843
:103B700001F054FF0F231820029311F0CAF9002519
:103B8000144A0092064601956A46034603CA46F85F
:103B90000C4B114ADD60049375605A61586099605E
:103BA000204602A91223ADF80C300595CDE90A553F
:103BB000FFF7BCFE02A8FCF731FE084B658204F15A
:103BC0000C00E360FBF7C8FF20460CB070BD00BFDF
:103BD000F4730400593E0300E5380300B470040098
:103BE000A0F10C00FFF7BABF10B50446FFF7B6FF0F
:103BF000204611F087F9204610BD00BFA0F10C004F
:103C0000FFF7F2BFF0B5254B254A026000250446B8
:103C100083B0C0E9025305610C30FBF72DFF214B47
:103C2000236003F12002E260A561C4E90755E58441
:103C3000282011F06EF90646103001F0EFFE1A4B05
:103C40003360182011F065F9184ACDE900250746C0
:103C50006A46034603CA47F80C4B154ADD604FF02D
:103C6000C20C7D6058609960204631465A61C6E9B1
:103C70000235C6E90855A6F804C0FFF7A3FE30B91F
:103C80000C4B1A6802B91C60204603B0F0BD3046E8
:103C9000FCF7C4FD304611F035F9F1E7B4700400CB
:103CA000E4730400FC7304000F000200593E03009B
:103CB000E5380300CC3B002038B5044605F0DEFCB7
:103CC000E5692DB12B69E36133B1E38C013BE384FA
:103CD00005F0C6FC284638BD2362F6E72DE9F04121
:103CE00084690CB3A388656A00271A0480463E469F
:103CF00006D4264695B12C46A388656A1A04F8D5E1
:103D00005B07F6D46EB17562656A2046FCF786FDE6
:103D10002046013711F0F6F8002DECD13846BDE809
:103D2000F081C8F81850F0E727463846BDE8F08122
:103D30002DE9F0418469002C44D016460D46DFF889
:103D40008C8001270CE0A38803F0C003A3F1C0031B
:103D5000B3FA83F35B09B34215D00027646A4CB30E
:103D600023882988994201D0002BF7D163886A887B
:103D70009A4201D0002BF1D1FCF708F90028E2D1DA
:103D80000123B342E9D1B4F804E01EF4004FE4D1BA
:103D900095E80F0004F1100C1EF0400F8CE80F00A6
:103DA00002D1FCF7F3F840B92046FFF785FE646ABC
:103DB000002CD5D13846BDE8F08121464046FCF7BD
:103DC00033FBCBE701273846BDE8F081B93A030061
:103DD000F0B5012287B00446066A0D46FFF7A8FF3A
:103DE00010B9E38C092B01D907B0F0BD95E80F009D
:103DF00002AD85E80F00182011F08BF806AB0746DE
:103E000013E9030095E80C008DE80300384601F043
:103E10002BFE05F033FC66B133693B6137613B69CA
:103E20005BB1E38C0133E38407B0BDE8F04005F0FB
:103E300017BCE3693B61E761F2E72762F1E700BF86
:103E400082B008B502A9C1E90023FFF7C1FFBDE8B0
:103E50000840002002B0704782B038B5054604A97A
:103E600081E80C00FFF73AFF2846FFF725FF90B1E5
:103E7000044604E02846FFF71FFF044658B100221D
:103E800021462846FFF754FF204611F03BF8FCF787
:103E900017F90028EED1BDE8384002B0704700BFE6
:103EA000024B1888421C1A80704700BF282300204C
:103EB000C08800F00300A0F10300B0FA80F04009D0
:103EC000704700BF82B070B50C4684B005464968A3
:103ED000206802AC03C4039908AC481084E80C00C5
:103EE000CB0745BF2A58029B029CD4580AAB2E1818
:103EF00093E803008DE8030008AB0CCB3046A047E5
:103F000004B0BDE8704002B0704700BF10B5034B6D
:103F100003600446FCF76AFD204610BD40740400AF
:103F200010B5054B03600446FCF760FD204610F019
:103F3000E9FF204610BD00BF4074040082B070B598
:103F400088B00CA981E80C004289BDF83050BDF85A
:103F50003230954204460BD0022B27D0052B00F0BF
:103F60008680012B78D008B0BDE8704002B0704761
:103F70008189022B0E461AD0052B5AD0012BF2D183
:103F8000C3888D4243F00103C38068D0A9426AD040
:103F900003F00203002BE6D001231A46A18804A8EF
:103FA00001F01CFD238901332381DCE71646B24270
:103FB00017D0A189B14265D0954267D0A3899D42AF
:103FC000194600F09C80A17B012900F0C1809D4230
:103FD00000F0AE809542C6D1E38823F01003E38061
:103FE000C1E7E38803F00103002BE5D0012302229F
:103FF000A188684601F0F2FC63899D4200F0908040
:10400000A289A188AA4250D00123032204A801F06A
:10401000E5FC6289B24203D1E38843F01003E380F8
:10402000A389B34200F08F80954266D09D429AD119
:1040300068E0C3888D4243F00403C3801AD0A942CC
:104040001CD003F00803002B8DD0A188012305228A
:1040500004A801F0C3FC86E78689B54203D1E38852
:1040600043F00203E380E38803F0010392E78689CB
:10407000B54203D1E38843F00803E380E38803F00B
:104080000403E0E7E38803F00203ADE7E088C60637
:104090001FD5A38920F0010189B29D42E18028D07B
:1040A0002A4621F00401E18091E7E28802F008004D
:1040B0000028A9D0B34238D0A389B342A4D102F0DA
:1040C0000802002AA0D00123042204A801F086FCE3
:1040D0009FE7A37B012B3ED100F00403002B37D0D8
:1040E00001230422294604A801F078FC6289A389EF
:1040F0009AE720F0030189B2D2E7E088CAE7E388B3
:1041000098062BD5E38823F0020189B29542E1801D
:104110002AD023F00A039BB223F02003E38022E796
:10412000E288A18802F00400C2E702F00402C8E7B6
:10413000E18821F008039BB29542E38004BF21F09F
:1041400018039BB2E8E7E18841F02001E1806BE7CA
:1041500001230322C6E7A1890B4665E7A07B01285E
:10416000FAD103F00803B9E72B469AE78173704749
:104170002DE9F04F83B0DDE90C9ABDF83870002BC3
:1041800040D0B9F1000F3AD00F2901D1C02F39D159
:10419000804628201D460E46934610F0BAFE04467F
:1041A000103001F03BFC18202680A4F802B010F07B
:1041B000B0FECDE9009A06466B46024603CB46F8B0
:1041C0000C5B0023D8F80050D360E360736050604C
:1041D00091606D6811491248A26047F002078D4254
:1041E000A780C4E9083350610FD12046FCF716FBC5
:1041F000204610F087FE0B4803B0BDE8F08F1AF0A0
:10420000010FC1D16FF47A70F6E740462146A84706
:104210000028EAD103B0BDE8F08F00BF69F90200C1
:10422000C53E030016FCFFFF2DE9F0471C4F044676
:1042300088B0884616461D46FCF7C2FB3A68194905
:10424000A5800025A4F80A80A6812160A57312B379
:10425000DFF854A0CDE904A504AB93E803004FF0C8
:10426000C0098DE80300234641461046CDF808906A
:104270002A46FFF77DFFCDE906A508AB13E9030049
:104280003F68CDF808908DE803002A46234638465B
:104290003146FFF76DFF204608B0BDE8F08700BF4C
:1042A000CC3B0020407404003D3F0300C3889A06C5
:1042B00010B5044608D4406A03682146DB69984774
:1042C000E38843F02003E380DB0606D4D4E90A3018
:1042D0009842B4BF0020012010BD002010BD00BFD7
:1042E00010B50446406A074B026803F108013833F1
:1042F0002160E3602146136A98472046FEF744FD9B
:10430000204610BD6074040010B50446FFF7E8FFB6
:10431000204610F0F7FD204610BD00BFF0B50C8917
:1043200083B000251E46174601232246CDE90055DD
:104330000446FEF74DFE0C4B676203F13002C4E900
:104340000A652360E2602046FFF7B0FFAE4207DA5D
:10435000E388A56243F010034FF4FA72E380E2624F
:10436000204603B0F0BD00BF6874040038B50546B0
:1043700000F10C0420460121FDF73EF8E8690A4AE5
:1043800003685B68934207D120466FF47D75002176
:10439000FDF732F8284638BD9847002105462046EB
:1043A000FDF72AF8284638BDB595020070B50546D8
:1043B00000F10C0420460E460121FDF71DF8E869C6
:1043C000094A03681B68934205D120460021BDE8D5
:1043D0007040FDF711B83146984720460021BDE8EE
:1043E0007040FDF709B800BFAD950200F0B41D4D57
:1043F000C6884A0085FB0234D317C3EB6414F30666
:104400001FD5836A4BBB6222164FC56A02FB01F1BE
:1044100087FB0132CB17C3EB62132344013DC0E994
:104420000A3565B903EB830287FB0217D217C2EB8B
:104430006712023326F010061344C6808362F0BC74
:104440007047622202FB01F185FB0123C917C1EB12
:1044500063132344C362F0BC70479942B8BF194646
:10446000D1E700BF1F85EB5110B50446FEF7ACFC49
:10447000606A036821461B6A9847E38823F020039B
:10448000E380002010BD00BFA0F10C00FFF7ECBFDF
:1044900030B4456B002D0DDD836899420ED000F1DC
:1044A0000802002303E052F8044F8C4207D0013386
:1044B0009D42F8D16FF47A7030BC70470023AA1C7B
:1044C000023350F8222040F82320013D45630020AC
:1044D00030BC704782B070B50C4684B00546496860
:1044E000206802AC03C4039908AC481084E80C00AF
:1044F000CB0745BF2A58029B029CD4580AAB2E1802
:1045000093E803008DE8030008AB0CCB3046A047CE
:1045100004B0BDE8704002B0704700BF38B5446BCE
:104520000A2C1DD0002C0DDD8368994215D000F1B6
:104530000802002303E052F8045F8D420DD00133DE
:104540009C42F8D10346A21C013440F822100846D0
:104550005C63FFF70BFF002038BD6FF47A7038BD45
:104560006FF47B7038BD00BF82B02DE9F04708A919
:1045700081E80C00426B002A804619DD314F051D91
:104580000024012603E0A24283F8306010DD55F8D4
:10459000043FD8690168896CB94204F10104F2D082
:1045A0008847D8F834202B68A24283F83060EEDCCC
:1045B0000120FCF7FDF9D8F83000DFF88CA0036883
:1045C0001B68534536D10026D8F83420B146002A5E
:1045D00026DD0024274608F1040502E00134A2424A
:1045E00019DD55F8040F90F83030002BF6D0FFF7A6
:1045F000BDFE0128286802D0836AB34204DC80F83B
:1046000030903146FFF7F2FED8F834200134A24250
:1046100007F10107E5DC164417B1B6F57A7FD6DD60
:10462000D8F8300003681B68534506D1BDE8F04751
:1046300002B0704701219847C5E7BDE8F047002167
:1046400002B0184781960200AD95020070B5074B85
:1046500003600025044645600E46FBF70DFA044B47
:10466000A680C4E90C552360204670BDB4700400D8
:10467000A47404002DE9F041044682B00E461546AC
:1046800010309846BDF8287001F0C8F92680658082
:10469000182010F03EFC08AB054693E803006A467C
:1046A00082E803002E4603CA46F80C8B0023084A12
:1046B000EB6047F00207736068602046A780A56042
:1046C000E360C4E90833A9606A6102B0BDE8F08123
:1046D000D544030070B5174A174B1568036090B0B6
:1046E0000446C5B101222423CDE9043204AB93E88A
:1046F0000300A38810268DE803000296194606A839
:104700002346FFF7B7FF2B680C4A9B6893420CD1F6
:1047100006A8FCF783F80A4B236000232046E380B9
:10472000FBF71AFA204610B070BD284606A9984734
:10473000EEE700BFCC3B0020A4740400E9FB0200BC
:10474000B470040010B50446FFF7C4FF204610F013
:10475000D9FB204610BD00BF00207047704700BF46
:10476000704700BF002070470048704716FCFFFFED
:1047700000207047002070470048704716FCFFFF7C
:104780000346006AD9610268191D5368184700BFC3
:10479000C069003018BF0120704700BF006A03687D
:1047A0001B6918470023C361704700BF82B010B572
:1047B000C1690024846102AC84E80C0029B10B6853
:1047C00004461B6808469847A061BDE8104002B047
:1047D000704700BF006A10B103689B69184700204A
:1047E000704700BF006A10B10368DB6918470020FA
:1047F000704700BF10B5044601F01EFC204610BDF6
:1048000082B070B50C4684B005464968206802AC99
:1048100003C4039908AC481084E80C00CB0745BFDB
:104820002A58029B029CD4580AAB2E1893E8030026
:104830008DE8030008AB0CCB3046A04704B0BDE8C0
:10484000704002B0704700BF30B54B69012B85B096
:104850000C46054606D94A89012340F2FF316846D5
:1048600001F0BCF8637C002262613BB1216A0B68F5
:1048700028461B689847284605B030BD237404F1CC
:104880000C01284601F000FC284605B030BD00BFF1
:1048900010B54369032B84B0044603D80133042BBD
:1048A000436124D0637CDBB9237C0BB1A36943BB98
:1048B000216A0B6868461B689847694604F10C003A
:1048C00001F0F2FB684601F0E7FB01236846237420
:1048D000228940F2FF3101F081F8A06904B010BDD7
:1048E000E069B8B103681B68984704B010BD4289FD
:1048F000002AD7D0012340F2FF31684601F06EF85C
:10490000D0E70123228940F2FF31684601F066F8C2
:10491000A069EAE70048E8E712FCFFFFA0F1040005
:10492000FFF7B6BF38B50B4B03F10802343304462A
:10493000C0E900230C300D4601F07EFB002301206E
:1049400004226074256262612374A361A360E36141
:10495000204638BDF474040010B5064B03F108027C
:1049600034330446C0E900230C3001F095FB2046A7
:1049700010BD00BFF474040010B50446408910B99E
:1049800011B16181084610BDFFF78AFA608110BD40
:10499000406903288CBF002001207047417439B959
:1049A0002DE9F041058982B01DB102B0BDE8F0816A
:1049B00070470446FFF774FA1D4B20811F6880463C
:1049C000002FF2D0282010F0A4FA0646103001F093
:1049D00025F840F2FF3318203380A6F8028010F04B
:1049E00098FA144ACDE9002584466A46034603CA6C
:1049F0004CF80C4BDD60CCF80450586099603A6874
:104A00000D49F56012205961B360B080C6E90855C0
:104A100053683846314698470028C6D03046FBF7E1
:104A2000FDFE304602B0BDE8F04110F06BBA00BFA9
:104A3000CC3B0020AD4703000148030010B5054BF7
:104A4000054A8360002304460260C380FBF784F8B4
:104A5000204610BD68750400B470040010B5074B03
:104A6000074A8360002304460260C380FBF774F8A2
:104A7000204610F047FA204610BD00BF68750400BC
:104A8000B47004002DE9F04F2DED0A8B90F82C3016
:104A90008BB00546002B00F03E81E9680B6805A845
:104AA0001B689847E868059A036804321B690092FE
:104AB000984730F0040380460AD0082800F0478168
:104AC0004FF48073AB6101239FEDA49A029305E03C
:104AD0008023AB610223B7EE009A0293059B029AF2
:104AE0005B8893FBF2F30193002B00F0BD80AE696D
:104AF000B342C0F2B9809FED9AAADFED9A9A9FED7A
:104B00009ABADFED9ABADFED9AAA9FED9ACA009B96
:104B10001E449E4240F2B180DFF86092DDF808A0AA
:104B20009B4647F6FE770024584659F828309847A8
:104B30008442B8BF04B2D3448742C8BF07B25E45BF
:104B4000F2D8E41B04EBD47444F34F034FF0000B92
:104B5000039508EE103A3546009C029EDA46204640
:104B600059F8283098473444C01BA5420BF1010B7B
:104B700000FB00AAF3D89AFBFBF00FF021FC039D89
:104B80000DF0BEF80FF07EFFF8EEC87A95ED097AC9
:104B900067EE897A08EE900AC7EE8A6A66EE877A2F
:104BA000C7EEA97A17EE900A0DF00AF907EE100A7F
:104BB000F3EE047A67EE277A95ED0A7AB4EEE77A97
:104BC000F1EE10FA6FDD85ED077AAB69019995F882
:104BD0005020C91A01910099012A1944009140F20C
:104BE000B28005F154042046FBF70AFD002802DDDF
:104BF0002046FBF7F5FCEB889A0708D495ED077A79
:104C0000D5ED047AB4EEE77AF1EE10FA62DC5B07D8
:104C100008D495ED077AD5ED057AB4EEE77AF1EE92
:104C200010FA64D495F83C30002B48D0D5ED107ABA
:104C3000F4EEE87AF1EE10FA01D5C5ED108ADFED59
:104C40004E7AF4EEE78AF1EE10FA17DDAB6B002135
:104C50000133C5E90D13012285F83C20019B1BB1EE
:104C6000AE699E427FF753AF05A801F015FA002008
:104C70000BB0BDEC0A8BBDE8F08FFFDEAB6B023BE7
:104C80000B2B06D8D5ED107AF4EECC7AF1EE10FAB3
:104C90003ADA6B6BC5ED10AA002201336B6385F81D
:104CA0003C20AA63DAE7F0EEE76AF4EE4B6AF1EE35
:104CB00010FA88BFF0EE477AC5ED077A85E7F4EE83
:104CC000EB8AF1EE10FAD9DD6B6B132BD6DDC5ED57
:104CD000108ABBE701230222A98806A800F07EFE05
:104CE000EB8823F0040343F00203EB809AE70123EF
:104CF0001A46A98806A800F071FEEB8823F002038B
:104D000043F00403EB808DE701230822A98806A85D
:104D100000F064FEBDE7FDF7B5FBD5E91223821A6A
:104D200061EB0303002B08BF4B2AFFF4B6AE05F17D
:104D30005400FBF765FC00287FF4AFAE85F8500007
:104D4000A0F2EE3094E7013285F850208CE7402342
:104D5000AB6104239FED069A0293BFE600008043F7
:104D600000FEFF46ACC5A737FFFF7F7F000048432A
:104D700000000000000096430000C842842000208C
:104D8000A0F10800FFF77EBEDFED0C7A9FED0C7AF4
:104D900030EE670A20EE070AB5EEC00AF1EE10FA0F
:104DA00009D4DFED087AB4EE670AF1EE10FAC8BF55
:104DB000B0EE670A70479FED040A704700000C428E
:104DC000B1137B4000007F43000000002DE9F84F45
:104DD000294D2DED028B05600025456004468B466C
:104DE00017469846DDF830A09DED0D8ABDF8389045
:104DF0009DF83C60FAF740FE204A226002F1280349
:104E000029462A46A360C4F80CB004F15400FBF70D
:104E100091FBE288A4F8049001250021802342F050
:104E20000102C4F81480276184ED0A8AC4F824A022
:104E3000E161A361E280256384F82D509EB984F876
:104E40002C60002384F85030BDEC028B002000223F
:104E50000021C4E9120122642046C4E90D3384F81C
:104E60003C30BDE8F88FE068036804F108015B6836
:104E7000984784F82C50E4E7B470040040750400AF
:104E800038B50446C06803689B680D46984728B942
:104E9000E068036804F108015B68984794F85030B3
:104EA000012B11D9FDF7EEFA6A1C08BF256BE369E7
:104EB000022DC4E9120105D100EE103AFFF764FF9C
:104EC00010EE103A184638BD04F15400FBF73CFBD5
:104ED000E8E700BF80F82C1001B9704710B5044610
:104EE000C06803689B68984700B110BDE06803681C
:104EF00004F108015B68BDE81040184708B5036B72
:104F0000022B07EE901A07D19FED136A9FED137ADB
:104F1000C7EE866A76EE877A90ED047AB4EE677A09
:104F2000F1EE10FA0CD090ED057AC388C0ED047A4A
:104F3000B4EEE77A23F00203F1EE10FAC38001DC4D
:104F4000002008BDB7EE007A77EEC77A17EE901A08
:104F500000F006F8002008BDB1137B4000000C42B1
:104F600008B5036B022B07EE901A07D19FED136A69
:104F70009FED137AC7EE866A76EE877A90ED057A12
:104F8000B4EE677AF1EE10FA0CD090ED047AC38893
:104F9000C0ED057AB4EEE77A23F00403F1EE10FADF
:104FA000C38001D4002008BDB7EE007A77EE877A7F
:104FB00017EE901AFFF7A2FF002008BDB1137B4047
:104FC00000000C420078704790F90000704700BF65
:104FD00000887047B0F90000704700BF0068000A01
:104FE000704700BF00680012704700BF006870473C
:104FF00000687047017070470180704701807047FA
:105000000A120B1401704270837070470160704780
:105010000160704710B50446806800B110BD206A79
:1050200003681B699847A06010BD00BFA0F1040091
:10503000FFF7F0BF08299ABF816000206FF47A70F3
:10504000704700BFA0F10400FFF7F4BF006A0368D7
:105050009B691847A0F10400FFF7F8BF006A0368D6
:10506000DB691847A0F10400FFF7F8BF0020704784
:105070002DE9F04F2DED028BD1ED057A89B00C466C
:10508000FDEEE77A0490CDED037A00F0D5FF206ABB
:1050900003681B699847A36882460BB9A060034662
:1050A000216A01330A6803EBD3735B101268019322
:1050B00006A89047A368069A0AF1010808EBD87879
:1050C00001334FEA680803EBD373B8EB630FB2F810
:1050D000029099FBF8F900F09180019B09FB03F322
:1050E0001946012207A8059300F0ACFF07A9049810
:1050F00000F0DAFF07A800F0CFFF049B069D1E68B2
:10510000B9F1000F05F1040506F104067FDD002763
:10511000DFF808B102975BF82A2028469047019BE8
:10512000217F02460137304645441E4421B1029B8F
:1051300013440293039BD21A07EE902AB8EEE77A43
:10514000D4ED047AA268334B67EE277A53F8222015
:10515000A369FDEEE77A17EE901A19439047B94517
:10516000D9D1237F73B3DDED027A637FB8EEE77A9E
:1051700007EE909AF8EEE77A87EE278AD3B1606956
:105180000FF030F90022244B0FF084F9064618EE98
:10519000100A0F460FF026F900221F4B0FF07AF984
:1051A00002460B46304639460EF0BEFF0FF06AFC51
:1051B00008EE100AE26884ED058A012363777AB964
:1051C0000123A377DDE90441204600F0EBFF06A8A8
:1051D00000F062FF204609B0BDEC028BBDE8F08F05
:1051E000FDEEC87A039917EE903A5B1A002BB8BF10
:1051F0005B429A42E6DD0123A377E3E706A9049820
:1052000000F052FF019B09FB03F3059375E70023B0
:105210000293A6E7A82000200000E03F84200020A1
:10522000A1F10401FFF724BF01707047002070470F
:105230002DE9F843164FDDE908850E4607F12401F4
:105240000446C0E900710662011D24301F469146E4
:10525000FFF768FB0023B8F1080F4FF0000198BF7B
:10526000C4F80880C4F810902777E5606161A361F5
:1052700063775FB1B5FA85F35B093268A37730468F
:105280005368214698472046BDE8F8830123F4E798
:10529000747504002430FFF7FBBA00BF704700BFED
:1052A0004369C269013343611AB1136810461B6830
:1052B00018470148704700BF12FCFFFFA0F104002F
:1052C000FFF7EEBFC069003018BF0120704700BF74
:1052D0008368586A03681B69184700BF8368586A67
:1052E00003685B69184700BF00F1240300F14C021A
:1052F00053F8040F78B110B4C4698C4208D09342BB
:105300000DD053F8040F0028F9D0C4698C42F6D1AF
:105310005DF8044B70479342EAD1002070470020AB
:105320005DF8044B704700BF10B504460FF0EAFD6E
:10533000204610BD10B58468C16184B001231A46AF
:105340002189684600F04AFB04B010BD00B58368AF
:1053500085B00022C261198902220123684600F04B
:105360003DFB05B05DF804FB094B10B503F10802E5
:105370002C330446C0E900230C3000F08DFE054BB1
:1053800063600023201D6381FAF7E6FB204610BD11
:10539000B8750400B4700400A0F10400FFF7E4BF86
:1053A0000B4B03F108022C3310B50446C0E900236F
:1053B0000C3000F071FE074B636000236381201DF9
:1053C000FAF7CAFB20460FF09DFD204610BD00BF36
:1053D000B8750400B4700400A0F10400FFF7E0BF4A
:1053E000F0B583B001F10C04054601A80E4600F0AB
:1053F00023FE01A9204600F067FE074601A800F041
:105400004BFE5FB1716A0B6801A81B68984701A940
:10541000204600F049FE01A800F03EFE2146284645
:1054200000F032FE284603B0F0BD00BFF0B5002307
:1054300085B00546036200F1240400F14C06012703
:1054400054F8043F18464BB11B689B6A984728B92B
:105450002B6A2A7E01332B62D2B12F76B442EFD170
:105460002C6A0CB92B7ED3B9684600F0E5FD69467D
:1054700005F10C0000F018FE684600F00DFE2989C9
:10548000684601230A2200F0A9FA094805B0F0BDD8
:10549000012303222989684600F0A0FADDE70123F1
:1054A00004222989684600F099FA2C76DCE700BFCF
:1054B00012FCFFFF70B500F12403002453F8045FD1
:1054C00025B101340A2CF9D1002070BD06462020F8
:1054D0000FF01FFD0A34F369084A46F8240001332F
:1054E000002102F134048660C561C0E905550561FB
:1054F000C0E90024C160F36170BD00BF08760400FC
:1055000010B583682DED028B0446C160586A0368AC
:105510009B6908EE101A984707EE900AF4EEC87AD5
:10552000F1EE10FA04D418EE100ABDEC028B10BD97
:10553000A368586A036818EE101ADB69984707EEEB
:10554000900AF4EEC87AF1EE10FAECD5A368BDEC3F
:10555000028B586A0368BDE810409B69184700BF7A
:1055600010B500F12402002352F8044F8C4204D0FD
:1055700001330A2BF8D1002010BDC2690A33002480
:10558000013A40F82340C26149B10B68064A5B6AA0
:105590009342084605D10FF0B5FC012010BD012053
:1055A00010BD9847012010BD29530300D0ED037AA8
:1055B000F5EE407AF1EE10FA02D017EE900A70473D
:1055C0008368586A03689B69184700BF2DE9F04F4C
:1055D0002DED028B0C4689B089680590486A0693C8
:1055E00001688969154698468847A36894ED038A3F
:1055F00008EE900A586A03681B699847FDEEE87A3E
:105600002F6817EE902AFDEEC87A451C17EE904AD7
:1056100005EBD575131B6D107E8896FBF5F692FB96
:10562000F6F493FBF4F4341B04FB05F24346834683
:105630000292002B53D0029B149A9342A8BF1346A8
:105640003601002B96FBF4F20492069A029307F1BE
:105650000407039260DD0792DFF8D480DFF8D4A05E
:10566000079E0024002C2246B8BF04F10F0212113D
:1056700005FB02F2B81858F82B3001929847019AAE
:1056800058F82B308146501938449847B0EB09033D
:1056900048BF0F33D4F1000C0CF00F0C04F00F01D5
:1056A0004FEA231358BFCCF10001304601FB0391B0
:1056B0005AF82B309847049A039B2E441444029ABC
:1056C000F31A9A42CEDC0799059800F0CDFC069BB0
:1056D000CBB1059809B0BDEC028BBDE8F08F104648
:1056E0009046FBF711F8360196FBF4F3049343461A
:1056F000002B079007F104070390ADDC029A07998D
:10570000059800F0B1FC0798FBF724F8059809B05C
:10571000BDEC028BBDE8F08F029ADDE9050100F0D7
:10572000A3FC059809B0BDEC028BBDE8F08F00BF6B
:1057300084200020A820002070B50C462DED028B9F
:105740008968A3690A6884B001330026A361666191
:105750000546536802A8984794ED038AB5EE408A3F
:10576000F1EE10FA0BD0A368586A03689B6998475A
:1057700007EE900AB4EEE78AF1EE10FA0BDB02A90D
:10578000284600F081FC02A800F086FC284604B000
:10579000BDEC028B70BD02A903A800F075FC4FF0B0
:1057A000FF30009033462846214603AAFFF70EFF3C
:1057B00003A800F071FCE6E7F8B50446154B16485F
:1057C00020600025C4E90135201D0E461746FAF772
:1057D00053F9124B23602433636004F10C0000F092
:1057E0002BFC66622781E5612562257604F124039E
:1057F00004F14C0043F8045F8342FBD13368304628
:105800005B682146984700220023C4E90423204610
:10581000F8BD00BFB470040034750400C075040006
:10582000B1F5007FA4BFC1F57F710331490088B293
:10583000704700BFC1F58063B3F5007FB8BF19465C
:10584000014B33F8110070474076040088B270476E
:1058500028B180B211FB00F0C0F30900704741F697
:10586000EF6011FB00F0C0F309007047B1F5007F55
:1058700040F2FF30A8BF0020704700BF024A126804
:1058800002607E2242607047CC200020034A03461B
:1058900092E8030083E8030018467047C43B0020E9
:1058A000A1F120035E2B07D8006805236FF09F024B
:1058B00013FB01210844704700207047034A044B42
:1058C00012681A607E225A60704700BFCC20002008
:1058D000C43B002010B40170427043605DF8044B7B
:1058E000704700BF82B030B402AC84E80C000D46B3
:1058F000034694E807009DF8144083E80700B4B11C
:10590000687818B149425242C3E901126A68022A12
:1059100011D0032A2AD0012A22D0012C15D0022C22
:1059200005D1D3E9011249425242C3E9011230BC08
:10593000184602B07047D3E90012012CC1F10001F2
:10594000C2F10002C3E90012E9D130BCD3E9001072
:105950009A68186052421846C3E9011202B07047B3
:10596000D3E90021524219605A60D6E7D3E9001208
:10597000524259601A60D0E782B010B582B004ACD0
:1059800084E80C000B78069C019304AB0CCB0094CC
:105990000446FFF7A7FF204602B0BDE8104002B062
:1059A000704700BF30B50B4B1C6883B024B1226830
:1059B000094B15689D4201D103B030BD00F10802CA
:1059C000034692E803008DE8030020460CCBA8476D
:1059D00003B030BDCC3B0020B938030038B501809E
:1059E000428004461D46FCF75DFDC4E9020115B185
:1059F0002046FFF7D7FF204638BD00BFD0B5DDE910
:105A000004679DF8183001800446C0E902674280AF
:105A10000BB1FFF7C7FF2046D0BD00BF10B5002374
:105A200003600446FCF73EFDC4E90201204610BDB8
:105A300030B50B4B1C6883B024B12268094B156844
:105A40009D4201D103B030BD00F10802034692E847
:105A500003008DE8030020460CCBA84703B030BDFF
:105A6000CC3B0020B938030082B038B5002504A92A
:105A70000560044681E80C00FCF714FD04AB0FCB75
:105A8000256184E80F002046BDE8384002B0704729
:105A900010B50446006800F0BFFC204610BD00BFF2
:105AA000014B0360704700BF207C040010B5044622
:105AB0000868206000F092FC204610BD10B5044636
:105AC00029B10160084600F089FC204610BD024B58
:105AD0000360204610BD00BF207C04000346024A3C
:105AE00000681A60704700BF207C040038B5044687
:105AF0000B680068984206D00D4600F08DFC2868BF
:105B0000206000F06BFC204638BD00BF0068438871
:105B100082880021063002FB03F20FF055BA00BF65
:105B200030B400684488A1420DDA8588AA420ADAB6
:105B3000002908DB002A06DB084404FB02020020DF
:105B4000937130BC70476FF47A70FAE70368588835
:105B5000814211DA10B49C88A2420ADA002908DBDB
:105B6000002A06DB0B4400FB023398795DF8044BF6
:105B700070476FF47A70F9E76FF47A70704700BF7E
:105B80002DE9F047B1F1000A21DD1D46FBB10468A3
:105B9000A788B4F802809742A8BF1746D045A8BF8F
:105BA000D046002F814604F106040DDD002629466B
:105BB000204642460FF0E4F9D9F8003001365B8800
:105BC000BE4255441C44F2D10020BDE8F0876FF47A
:105BD0007A70FAE72DE9F0410F1E19DB002A17DB76
:105BE0000446062007FB02001E461546FAF78CFD08
:105BF000206000F039FC23685F8023689D805EB1DF
:105C000033462A4639462046BDE8F041FFF7B8BF83
:105C1000074B0360BDE8F0812068438882883146E5
:105C200002FB03F20630BDE8F0410FF0CDB900BF32
:105C3000207C040010B500230446FFF7CBFF20466C
:105C400010BD00BF2DE9F041054684B000294FD0BA
:105C50000A780C46002A51D000218C460F460E4689
:105C6000234607E00A2A39D00EB10137002613F87F
:105C7000012F42B1A2F130000928F3D813F8012F07
:105C80000126002AF6D109B20FFA8CF20023284629
:105C9000FFF7A0FF2F6823780637DBB101AE32464D
:105CA0004FF0000804E002F8013B14F8013F8BB10B
:105CB000A3F130010929F6D9B24282F80080F4D963
:105CC00030460FF04AF907F8010B14F8013F32464D
:105CD000002BEDD1284604B0BDE8F08106B10137B4
:105CE000B942B8BF394600270CF1010C3E46BEE769
:105CF000034B0360284604B0BDE8F0811146C5E7B8
:105D0000207C040010B50446FFF764FF204610BD58
:105D10002DE9F84F05689DF82840B5F802C06245A6
:105D20004FDAB5F804E073454BDAD1F800B0BBF8B0
:105D3000029002EB0907002F43DDBBF804A003EB40
:105D40000A08B8F1000F3CDD002A55DBACEB020776
:105D50004F45A8BF4F46002B0BF1060660DBAEEBAC
:105D60000308D045A8BFD04622EAE27205F1060931
:105D70000BB10CFB032291443CB3B8F1000F20DDC2
:105D80004FF0000E724607F1FF3A002F0FDD731E31
:105D90004C4606EB0A0C13F8015F0DB12570013279
:105DA0009C4504F10104F6D10568D1F800B0BBF8B8
:105DB00002406B880EF1010EF04526449944E4D16F
:105DC00000E000221046BDE8F88FB8F1000FF8DDC2
:105DD0000D4682463A46314648460FF0D1F82A68C9
:105DE000DAF8003052885B880134A04516449944A3
:105DF000F0D107FB08F2E5E76745A8BF6746002B2F
:105E00000BF1060612DAF045A8BFF046C2F1000C0D
:105E100009FB13C31E4422EAE27205F10609AAE750
:105E2000F045A8BFF0464FF0000CF1E7AEEB0308D9
:105E3000D045A8BFD046B61A96E700BF2DE9F0437B
:105E4000804683B0684691461D460C46FFF71EFD0E
:105E5000D8F800305A88914533DA9B889D4230DA71
:105E60001F2C2ED9019B9C422BDC21466846FFF754
:105E700017FD4FF0100E07462B1A053007EB030CE9
:105E80000021D8F80040658801EB0906B5420EDD17
:105E9000A288624534444EFA01F208DD3E780CFBDC
:105EA0000544164214BF4FF0FF320022A2710131A7
:105EB0000529E6D10137B842E0D1002003B0BDE8A2
:105EC000F0836FF47A70F9E72DE9F04103680D1E55
:105ED0005F8826DDBD4203F1060480469A8817DA02
:105EE0009AB17F1B002661193A4620460FF048F808
:105EF0002A46E01900210FF067F8D8F800305A88D8
:105F00009B8801369E421444EDDB0020BDE8F08101
:105F100007FB02F2204600210FF056F80020BDE8F2
:105F2000F0816FF47A70F1E72DE9F84F00AFD1F806
:105F30000090BE6AB9F80240F96A02EB0608A04573
:105F40001D468246194432DAB8F1000FD8BFA04688
:105F5000B9F80460B14202DA0029C8BF0E4608FB56
:105F600006F3073323F0070304FB0522ADEB030D13
:105F700009F10604AE421444EB460DDD6B46424681
:105F8000214618460EF0FCFF0135B9F80220034601
:105F9000AE4233441444F2D150465B4632B20FFA5B
:105FA00088F1FFF717FE5046BD46BDE8F88FA046C2
:105FB000CEE700BF10B5096804468B1DB1F9042077
:105FC000B1F90210FFF706FE204610BD10B5064BD2
:105FD000064C1846236000F001FA2046044A0549A1
:105FE000BDE810400EF090BF207C0400D03B0020A4
:105FF00040200020915A0300F8B50546101D1446B4
:106000001F460E46FAF780FB286000F02DFA2B6839
:106010005C802EB128683146043022460EF0B0FF75
:10602000012F00D0F8BD2868224604300021BDE8C9
:10603000F8400EF0C9BF00BF014B0360704700BFBE
:10604000287C0400002910B5044606DD13460A46E4
:106050000021FFF7D1FF204610BD024B0360204610
:1060600010BD00BF287C0400002A10B5044604DDE2
:106070000023FFF7C1FF204610BD024B03602046FE
:1060800010BD00BF287C040010B5044608682060DD
:1060900000F0A4F9204610BD10B50446006800F0D9
:1060A000BBF9204610BD00BF38B504460B68006838
:1060B000984206D00D4600F0AFF92868206000F045
:1060C0008DF9204638BD00BF0068096888420ED0AF
:1060D00008B543884A889A4201D0002008BD04319F
:1060E00004300EF03EFFB0FA80F0400908BD0120F8
:1060F000704700BF38B5151E13DB04686288A8B26C
:1061000090420ED833EA230328BF1346521B9A420B
:1061100004F10404A8BF1A4660190EF055FF0020D0
:1061200038BD6FF47A7038BD002B70B50D4602DAB9
:1061300003685B889B1A002A21DB0468668899182B
:10614000B1421CDC91421ADBCBB135F0004116D0D4
:106150005942A94214DAAB4212DD0434002D04EB9B
:10616000020612DB5C1B2246711930460EF013FF4B
:106170002A4630190021BDE870400EF025BF70BDE1
:106180000021BDE87040FFF7B5BF6C425A19314697
:1061900030190EF000FF224630460021BDE8704065
:1061A0000EF012BF002906DB03685A888A4202DB20
:1061B0005980002070476FF47A70704710B504461C
:1061C000006800F029F9204610BD00BF70B50546F3
:1061D000501D14460E46FAF797FA286000F044F96D
:1061E0002B685C8028682246314604300EF0C8FED9
:1061F0002B681C440023237170BD00BF10B50B46F3
:1062000084B0044601A91846F9F730FB01A80EF046
:1062100017FF01A902462046FFF7D8FF204604B029
:1062200010BD00BF38B5054611B10B780C461BB93F
:10623000064B2B60284638BD08460EF001FF21466C
:1062400002462846FFF7C2FF284638BD2C7C0400D2
:10625000F8B517460A683B68B2F90250B3F9023044
:106260001D440446681D0E46FAF74EFA206000F001
:10627000FBF823685D8031682068B1F902200430A2
:1062800004310EF07DFE326823683968B2F90200ED
:10629000B1F902200433184404310EF071FE236872
:1062A0001D4400232B712046F8BD00BF70B5054684
:1062B00049B10B780C4633B1084616460EF0C0FEC5
:1062C000B3B2834203D9054B2B60284670BD2846E4
:1062D00032462146FFF77AFF284670BD2C7C040029
:1062E00010B504460868206000F078F8204610BD1C
:1062F000014B0360704700BF2C7C040038B5044696
:106300000B680068984206D00D4600F085F82868B2
:10631000206000F063F8204638BD00BF08B5006873
:10632000096843884A889A4201D0002008BD043198
:1063300004300EF07BFEB0FA80F0400908BD00BFCB
:1063400070B513680D685E8804465EB16D881DB136
:10635000FFF77EFF204670BD0360184600F03EF850
:10636000204670BD0560284600F038F8204670BD14
:10637000002907DB0368B3F902208A4202DD0B44DF
:10638000187970470020704710B5064B064C184628
:10639000236000F023F82046044A0549BDE8104078
:1063A0000EF0B2BD2C7C0400D43B00204020002025
:1063B000BD61030008B503884FF6FF729BB293429C
:1063C0000AD0012B01D0DB0704D41E20EBF736FAEC
:1063D000002008BD002008BD012008BD03884FF63D
:1063E000FF729BB2934215D0012B10B504460DD01D
:1063F000DB070BD5BFF35B8FD4E85F3F0233C4E804
:10640000523F002AF8D1BFF35B8F10BD1E20EBF77F
:1064100015FAEFE7704700BF03884FF6FF729BB293
:10642000934218D0012B10B5044610D0DB070ED5CF
:10643000BFF35B8FD4E85F3F9A1EC4E8512F002959
:10644000F8D1BFF35B8F9BB2032B05D010BD1E208C
:10645000EBF7F4F9ECE770472046BDE8104000F098
:1064600001B800BFFAF776B903230380704700BF75
:1064700082B070B582B0044608A906A880E80C0076
:1064800003C9266865698DE8030006AB0CCB30466E
:10649000211DA84702B0BDE8704002B0704700BFA0
:1064A00008B502680B689A4201D0002008BD04318B
:1064B000102204300EF055FDB0FA80F0400908BDFE
:1064C000042070470429024808BF0020704700BF1D
:1064D00016FCFFFF436805481B6990FBF3F007EECD
:1064E000900AF8EEE77A17EE900A704740420F00E4
:1064F000837C43F020038374704700BF807CC0F32B
:106500004010704710B508310446FFF7BDFD204626
:1065100010BD00BF184B03F128022DE9F0410646DB
:106520000360826000F5FE7700F5017500E0254606
:106530002C1F2046FFF7B0FDA742F8D1DFF84080BE
:10654000283D06F11C0745F8188C3C3C2846FEF710
:1065500003FA04F10800FFF79FFDA742A5F13C05EF
:10656000F1D1064B336000233046F380F9F7F4FA9B
:106570003046BDE8F08100BFA87C0400B470040080
:10658000807C0400084B094A0321C3F80815D2F89F
:106590000034DB07FBD40123936090F80832002B12
:1065A000FBD10120704700BF00F0014000700040A7
:1065B000194B03F128022DE9F04106460360826081
:1065C00000F5FE7700F5017500E025462C1F2046FA
:1065D000FFF762FDA742F8D1DFF84480283D06F1BD
:1065E0001C0745F8188C3C3C2846FEF7B5F904F129
:1065F0000800FFF751FDA742A5F13C05F1D1074B7B
:1066000033600023F3803046F9F7A6FA30460EF0E7
:1066100079FC3046BDE8F081A87C0400B470040029
:10662000807C0400104B70B50446C0E9003104F1D1
:10663000180508301646FFF7FFFC21462846FEF7EE
:1066400071F9A368E6745B88E381022200234FF4AA
:10665000007128462182A374A2821946A381FEF705
:106660009DF9204670BD00BF807C0400072914D826
:10667000032A12D810B4C37C01751B0103F18043B7
:1066800042F4805403F5E043427544EA01210020BE
:10669000C3F818155DF8044B70476FF47A707047B3
:1066A00010B5898A04460022FFF7CCFC20464FF043
:1066B000FF3300228821FFF71DFD204610BD00BFDB
:1066C00038B504468069036800219B6B9847A06930
:1066D00003684FF47A51DB6C98472269A17D07EE7D
:1066E000902A01290B46F8EE677AB8BF012303EB25
:1066F0008303B3EE007AB2FBF3F3FF2B67EE877AE6
:106700002FD9802300225B1002F10102FBD1012965
:106710003AD92649072AC1F8F4352BDD9FED247AB2
:1067200067EE877A4FF48072C4F80422A069FDEE08
:10673000E77A03680021DB6B17EE902A9847A3697C
:106740001C4A5B691C48012103F5A0740225C3F8AB
:106750000012C2F80855C2F81845C2F81C05D960E5
:1067600038BD5B10CED101291DD910490122C1F8D5
:10677000F435D9E7012303FA02F207EE102AB8EE46
:10678000C77AC7EE877ACFE70123934007EE103A26
:10679000B8EEC77AC7EE877A04490123C1F8F42519
:1067A000C4F80432C2E71A46F6E700BF00700040A2
:1067B0000000803B00F00140047000402DE9F047EC
:1067C000504D0560002582B0456004460E46914656
:1067D0009A46F9F751F94C4AA66102F108033032A2
:1067E0002360A26021462A462573657304F11C00CC
:1067F000FFF718FF214604F158000122FFF712FFAE
:10680000214604F194000222FFF70CFF214604F117
:10681000D0000322FFF706FF214604F5867004220C
:10682000FFF700FF214604F5A4700522FFF7FAFEEA
:10683000214604F5C2700622FFF7F4FE04F5FE7748
:106840000722214604F5E070FFF7ECFE04F5007620
:106850003846FFF7F1FB3046FFF7EEFB4FF001083B
:106860004FF40073A382214601A8A4F804A0C4F841
:106870001090A57584F80852C4F80482FFF710FF41
:1068800001A93846FFF710FC01A8FFF705FC2146D7
:1068900001A8FFF705FF01A93046FFF705FC01A895
:1068A000FFF7FAFB194E1A4BE57580271C60C6F8F6
:1068B0008070BFF34F8FBFF36F8F164B164AC3F82C
:1068C00000550320C3F8F00514492320C3F804033E
:1068D000C2F808852046C2F81015C2F81435FFF733
:1068E000EFFE86F80753C6F880713760A069036829
:1068F0005B6A9847A06903681B6B9847204602B003
:10690000BDE8F087B4700400A07C040000E100E062
:10691000D83B00200070004000F0014004710040AE
:10692000F0B5514D51492B68514C524A85B0012662
:1069300000930B6801932368029300231360176888
:106940001660009A2A60019A0A60029A2260A1F2F7
:10695000446103222324C1F800351F46C1F8F02505
:106960008E46C1F804431A469C468375064617E0D6
:10697000CFB2877596F8313096F82F1096F83040E0
:1069800043F480530EEB011143EA0423082AC1F8B3
:10699000183506F13C06C5F81025C5F814C51CD0FD
:1069A00013019C1A00EB840403F1804594F82E40F7
:1069B00014F0100407F1010105F5E04502F10102B0
:1069C00003F18043D4D103F5E043082AC3F810450E
:1069D00006F13C06C3F81445E2D117B9384605B0B4
:1069E000F0BD254D04460126C5F80065FFF768FE99
:1069F000E77D7F3704EB870703A82146FFF750FEAA
:106A000003A93846FFF750FB03A8FFF745FBD4F86E
:106A10000422A17DE07DA38AB24001FB02F204EBD7
:106A2000800093FBF2F702FB17329B1AD0F8FC218F
:106A3000124801F1004103EBD373013904323341B1
:106A40000327C5F82C26C5F8303602EB41022E602C
:106A500048F68801C0F8047584F8086213889942E2
:106A6000FCD0012005B0F0BD4076004044760040E7
:106A700048760040FC7F00400070004000F001407C
:106A800008B5034689B190F8083203F0FF011BBB3B
:106A9000184B194A197013681849DB0903F00100F3
:106AA000DB0708701CD4002008BD144A12785AB9BC
:106AB000104A1278002AF6D093F80822002AF2D160
:106AC0001846FFF72DFFEEE70B4A80211160094AB7
:106AD0001278002AF0D1E6E7FFF754FD0146D7E728
:106AE0008023C2F88030BFF34F8FBFF36F8F002039
:106AF00008BD00BF0044002000E100E0FF4300208B
:106B000090F8082238B5044612B90161002038BD5A
:106B10000D46FFF737FD25610028F7D094F80832BD
:106B2000002BF3D12046FFF7FBFEEFE707EE901AAC
:106B30009FED0E7AC7EE277A10B5044640680369C8
:106B4000FDEEE77A17EE901A994201DAFFF7D8FFC7
:106B50002368074A9B699342204603D1BDE8104051
:106B6000FFF7B8BCBDE81040184700BF00247449C7
:106B7000D564030038B50D460446FFF75DFA02F010
:106B80007DFDEB7D7F3305EB83012046FFF78CFA1B
:106B900002F066FD204638BD30B5837C13F010044A
:106BA00083B002D1204603B030BD044601A861681D
:106BB000FFF7E0FF0023E57C1B481A4602F1510174
:106BC0000901415801B10133954202F1010228D077
:106BD000082AF3D1154B01990A1D48F68800D55AA9
:106BE0008542134412D065684988AD7D0A449A42B3
:106BF0004FEA450502D805E09A4203D92B4419888B
:106C00008142F9D15B1BB3F90030A381A48901A8AB
:106C100024B2FFF741FA24EAE474A4B2204603B098
:106C200030BD013B5B00D6E7007000402EF8FFFF4F
:106C3000F8B50E460446097D22481546F9F788FE48
:106C4000C8B1317D1F48F9F73FFE471EA5B13D0190
:106C5000EB1B04EB830393F82E30DB0613D533686C
:106C6000194ADB6D934222D10023ED1B237304EB01
:106C7000850404F11C00F8BD3D01ED1B04EB850407
:106C800004F11C00F8BD94F80832B3B9EB1B04EB17
:106C9000830393F82E2042F0100283F82E2094F8FC
:106CA0000832002BDBD12046FFF73AFED7E730460B
:106CB000002204F108019847DFE72046FFF762FC55
:106CC000E4E700BF307C0400D9960200D9B138B5A2
:106CD0008B7CDB060DD490F8083205460C467BB958
:106CE000A37C43F01003A37495F8083203F0FF046B
:106CF0000BB1002038BD2846FFF712FE204638BDF4
:106D0000FFF740FCECE76FF47A70704738B50C463B
:106D10000546097D1B48F9F71BFE80B3217D194804
:106D2000F9F7D2FD0138C0EB001005EB800494F8B0
:106D30002E30DB060BD595F8083203F0FF0043B97F
:106D400094F82E3003F0EF0384F82E3038BD002085
:106D500038BD2846FFF716FC94F82E3003F0EF03F9
:106D600084F82E300028F2D095F8083203F0FF04A2
:106D7000002BECD12846FFF7D3FD204638BD6FF439
:106D80007A7038BD307C040070B5002205460E468E
:106D9000FFF74EFF38B1044631462846FFF7B6FFED
:106DA000A37CDB06FCD42B7B1BB12B6828469B699C
:106DB0009847002070BD00BFA0F10800FFF7E4BFB6
:106DC0002DE9F04F847CE40685B057D50C68B4F803
:106DD00002804FEA6808904550DD043404EB48080F
:106DE00004EB420700E0A846A8F10205EC1B641082
:106DF00094FBF3F603FB1644002CF4D1B5F9002004
:106E00008281827C920639D5012B06464ED0B0F99C
:106E10000E1080680A1DB84500EB020BB0F802A006
:106E20002CD95D0006F10803A146019307E0B6F9ED
:106E30000E3053451CD0B84520D9B6F90E10514537
:106E400004F101041DD0B7F9003099440E9B9C4217
:106E50002F44ECD199FBF4F4ABF80040F3890233F2
:106E60001BB2002453450BF1020BF381A146E2D182
:106E700006F11800FDF70CFDB845DED805B0BDE8F9
:106E8000F08F0122B6F9101003A8FFF7DBF803A971
:106E90000198FFF709F903A8FFF7FEF8B26800238D
:106EA000F381B2F802A002F1040BCCE70830FFF73F
:106EB000FBF8B3685B88F38106F11800FDF7E8FC86
:106EC000DCE700BF2DE9F0433B4BD3F8042185B04C
:106ED00005461AB9D3F81431002B42D095F8178023
:106EE000354F08F1010303F00103EB75D7F83416B1
:106EF00008F17F0805EB8808490040460024FFF7A9
:106F000051F9264605F11C0902E00134082C1DD078
:106F100004F151031B01FB58002BF6D0414603A896
:106F2000FFF7B2F8D5F80422AB7D0092C4EB041051
:106F3000324609EB800003A9FFF742FF013403A8A2
:106F4000FFF7AAF8082C06F10106E1D11A4BD3F895
:106F5000042112B10022C3F80421174BD3F81421E5
:106F60001ABB154ED6F80031E3B1EC7D013404F0C4
:106F7000010404F17F07294605EB870703A87E3447
:106F8000FFF78EFB05EB840503A93846FFF78CF865
:106F900003A8FFF781F86B6800220433C6F82C368B
:106FA000C6F8002105B0BDE8F0830022C3F8142123
:106FB00085F80822D5E700BF00700040024B186832
:106FC00008B1FFF77FBF7047D83B0020154A4369DF
:106FD000914218D9144A914221D9013210B44FF08C
:106FE000C86000249142C3F80045C3F8240503D1CA
:106FF0004FF0C462C3F8242506220020C3F8002500
:107000005DF8044B70474FF0CC720021C3F80015B7
:10701000C3F824250622C3F80025002070474FF04E
:107020008062F2E78FD003007F1A0600704700BF2E
:1070300010B504460DF066FF204610BDF0B585B0D2
:1070400004AC066804F8012D9DF82C7000972246C8
:107050001F46366A012305460C46B04738B92B68EF
:10706000009021463A469C6A0A9B2846A04705B0F4
:10707000F0BD00BFC3688B4210B5044606D003695B
:107080008B4203D0237953B9002010BD236800221E
:10709000DB6B1146204698472379002BF4D02368F8
:1070A000054A9B6B9342204603D10DF02BFF002035
:1070B00010BD9847E8E700BF31700300C368002B9C
:1070C0003AD00369002B37D01A6870B50446012105
:1070D000184613689847E068036801211B689847C1
:1070E0000420F9F767FC0025E068036802219B682B
:1070F0009847014608BB206903681B68984704202D
:10710000F9F758FC2069036801211B680D44984772
:107110000420F9F74FFC092DE6D1E068036800214F
:107120001B6898470420F9F745FCE06803680121D3
:107130001B68BDE8704018477047002DEDD170BD49
:1071400038B5044615460A4600F10C01FAF756F91F
:107150002A4604F110012046FAF750F96269E36803
:107160000025C2F80055F3B12369E3B1012120469F
:10717000FAF742F90621E06801F0F2F806212069E9
:1071800001F0EEF82046FFF799FFE068036802215E
:107190009B6898472069036802219B6898472946A5
:1071A0002046FAF729F90A20F9F704FCD4E9042368
:1071B0009AB1107DE268AAB1147DC3F808054FF0BA
:1071C000CC710622C3F80C450A20C3F82415C3F875
:1071D0000025F9F7EFFB002038BDE2684FF0FF30E3
:1071E000002AE9D14FF0FF34E7E700BFF8B50446C5
:1071F0001D4617460E46FAF7F1F80022104B2360A1
:10720000C4E9022222615DB1284602F0EDFA606114
:1072100060B13A4631462046FFF792FF2046F8BD5E
:10722000012002F003FB60610028F2D15A20EAF746
:1072300005FB3A4631462046FFF782FF2046F8BD5F
:10724000DC7C04002DE9F04143698EB282B09A598A
:107250000546002A61D1D3F82441002C36D14FF0E5
:107260000108334F10E0D3F8482592B9632C54DC61
:107270000A20F9F79FFB6B699A59002A4DD1D3F880
:1072800024211ABBBC4221D0D3F850210134002A5A
:10729000E9D1632CECDDD3F860213AB1D3F80022B8
:1072A000D10503D5D3F84821002A32D0D3F8602184
:1072B000002ADDD0D3F800229205D9D5D3F80421D5
:1072C000002AD5D1C3F814801446D1E7D3F8C424DA
:1072D000C3F8C4240022C3F82421D3F82421019246
:1072E00001220199134C1A625A6101E0013C16D047
:1072F0000A20F9F75FFB6B69D3F80431002BF5D056
:107300000D4CA86808B1F9F755FB204602B0BDE85E
:10731000F081C3F81C801446AAE70024F1E72B682B
:107320002A69DB6BE968044C28469847E9E700BF07
:1073300041420F00A08601000EFCFFFF70B44469BB
:10734000C1F34701C4F888150021C4F8041189B0BD
:10735000D4F804610696069EC4F82411D4F824617A
:107360000596059EC4F86011D4F860610496049EE9
:10737000C4F85C11D4F85C610396039EC4F8501104
:10738000D4F850610296029EC4F84C11D4F84C61B6
:107390009DF830500196019EC4F84425C4F8483544
:1073A00075B14FF480720123C4F80022A360D4F8B1
:1073B0004821DAB94FF4A47109B070BCFFF742BF9D
:1073C0004FF400720123C4F80022A360D4F84821CE
:1073D000A2B12362C4F84851D4F848310793079BFF
:1073E0004FF4827109B070BCFFF72CBF2362C4F860
:1073F0004811D4F848310793079BDBE74FF48271BB
:10740000DAE700BF70B54469C1F34701C4F88815D5
:107410000021C4F8041188B0D4F804610696069ED1
:10742000C4F82411D4F824610596059EC4F86011AF
:10743000D4F860610496049EC4F85C11D4F85C61D1
:107440000396039EC4F85011D4F850610296029E30
:10745000C4F84C11D4F84C619DF830500196019E4F
:10746000C4F83425C4F83835B5B94FF48052012337
:10747000C4F800222360D4F8482132B12362C4F852
:107480004851D4F848310793079B4FF4827108B0F4
:10749000BDE87040FFF7D6BE01232360D4F8482131
:1074A00092B94FF4AE710446FFF7CCFE08B108B0B4
:1074B00070BD6369012220464FF4A471DA6108B0FF
:1074C000BDE87040FFF7BEBE2362C4F84811D4F88F
:1074D00048310793079BE4E70E4B03F12C0103F1BE
:1074E000380270B5C0E902120546036000F12C06AF
:1074F00000F13404043C2046FEF7CEFDA642F9D14B
:10750000054B2B6000232846EB80F8F725FB284627
:1075100070BD00BF247D0400B470040070B54469E0
:107520000D7D00234FF0FF3604EB83020133D2F8C8
:107530006015A94208BFC2F86065042BF4D1037C32
:1075400013B103689B699847002070BDA0F10C003F
:10755000FFF7E4BF0F4B03F12C0103F1380270B5C4
:10756000C0E902120546036000F12C0600F1340464
:10757000043C2046FEF790FDA642F9D1064B2B6055
:107580000023EB802846F8F7E7FA28460DF0BAFC0E
:10759000284670BD247D0400B47004004369D3F80C
:1075A000080570479FED1F7A07EE901AC7EE277AFD
:1075B00010B4B0EE677ABEEECE7A17EE101AB1F5BF
:1075C000004F29DB0023013341FA03F2B2F5004FEB
:1075D000F9DA072B04DD144B5DF8044B18467047AD
:1075E0001C4612FA03F348BF0F331B1107EE903A03
:1075F000DFED0C6A4169F8EEE77A002386EEA77AA0
:10760000C1F80C45C1F808255DF8044BC0ED097AB6
:1076100080ED087A18467047002417EE102A23469A
:10762000DFE700BF0024744900407AC42DE9F84325
:10763000494D05600025456004460F4616469846AC
:10764000BDF82090F8F718FA4448676100F12C0261
:1076500000F13803C4E9022320602574657404F145
:107660002C00FEF7E9FC04F13000FEF7E5FC63694D
:107670003B4F66630126A4F80490E5616576258595
:107680002576A676E676C3F800554FF08023C7E945
:107690000033C7E9023341462046FFF783FF6369A1
:1076A000304AC3F804550227042030219342C3F81E
:1076B0001075C3F84855C3F82855C3F84C55C3F89E
:1076C0002C55A676E676C3F81465C3F80002C3F815
:1076D000041320D0244A93422FD0244A93420CD042
:1076E000606B016801224D68227604F10801C3F83D
:1076F0000025A8472046BDE8F8831D4A1D4B926827
:107700001D49C2F8C81004221C49C3F884215A60DC
:1077100063698C60E4E7194A154B14609A6818494C
:10772000C2F8B010A3F540634FF08052C3F8802137
:107730001A6063690C4A9342CFD10D4A0D4B92688F
:107740001049C2F8C41002220C49C3F884215A60BF
:1077500063694C60C1E700BFB4700400247D04007D
:10776000DC3B002000C0014000100240002002402D
:1077700000ED00E000E100E0D5790300EC3B0020E3
:10778000B5790300C579030007EE901AFEEECE7AB4
:1077900010B417EE901AB1F5004F23DB002201322E
:1077A00041FA02F3B3F5004FF9DA072A1FDC144659
:1077B0004169DFED106AC1F80C45C1F80835934006
:1077C00048BF0F331B1107EE903AF8EEE77A00231B
:1077D00086EEA77AC0ED097A80ED087A18465DF842
:1077E000044B7047002417EE903A2246E0E76FF40E
:1077F0007A73F3E700247449406A704743690020B4
:10780000C3F81015704700BFC2768176436939B955
:107810003022C3F81415C3F80012C3F808237047C8
:10782000012004213022C3F81405C3F80012C3F864
:107830000423704770B590F92930044682B0C069BE
:107840006BB1626901235360D2F80431002BFBD085
:10785000002565762585D0B9002002B070BD0D46A3
:10786000F0B9A37E002BF7D0637E002BF4D0E37E2B
:10787000002BF1D163691C4903EB45150822012354
:10788000C5F82015C5F8242584F82930E5E72368D4
:107890000138E061DB6920469847284602B070BD98
:1078A000616B0B6805F10B061B6801A804EB8606EB
:1078B000984701A93046FEF7F7FB01A8FEF7ECFB5D
:1078C00004EB85026369D16AE26903EB45150B1D80
:1078D000C5F820354988531E49100120C5F82415E4
:1078E000E36102B070BD00BFDC3B002038B5C36966
:1078F000817E01330446C36119B1637E63B1002008
:1079000038BDFFF797FFC8B1636901229A60A37E73
:10791000002BF2D1002038BD0125657694F828109F
:107920002046FFF787FF94F828302B442B4084F83B
:1079300028303BB9636901229A60E0E7E37E002BBF
:10794000E5D0E1E7E3691BB900236376002038BD89
:1079500029462046FFF76EFF94F82830013303F0E4
:10796000010384F82830002BEED1E3E7A0F10800F2
:10797000FFF7BCBF38B54369D3F81021044672B98C
:10798000D3F8143103B938BD002584F828500121FB
:107990002046FFF74FFF6369C3F8145138BD012338
:1079A00080F828300021FFF745FF63690022C3F803
:1079B0001021E5E7024B186808B1FFF7DBBF7047FD
:1079C000EC3B0020024B586808B1FFF7D3BF70476B
:1079D000EC3B0020024B986808B1FFF7CBBF704723
:1079E000EC3B0020426900230376C2F80035704763
:1079F000032A26DC70B502F5AC7642690B7D52F89D
:107A000026209A421BD00B680C4605461B6E084682
:107A10009847236800211B68204698476A692368B5
:107A2000217D42F82610204605F10C01DB6D002275
:107A30009847E38843F00803E380002070BD0020EE
:107A400070BD6FF47A70704703681B6A184700BFF7
:107A5000F8B5C7688F4208D0054616460C4617B1E0
:107A600003681B6E98472671EC60F8BD10B503687B
:107A700004465B6C9847236820465B68BDE810406D
:107A8000184700BFF0B40479A40728D5002922DBE9
:107A9000002A20DD002B1EDDB4294FF47A74A8BF24
:107AA000B42104FB01F10F4F05680F4E2D6B8908BF
:107AB000A7FB017102EBD277A3EB670304FB03F38F
:107AC000890802FB013286FB0231D2172B46C2EB3A
:107AD000A111F0BC18476FF47A70F0BC70470348EE
:107AE000FBE700BF176CC116D34D621016FCFFFFF9
:107AF000C08800F00500003018BF0120704700BFAB
:107B0000037D0B4A1F2B98BF4FF0A04203F01F03C9
:107B1000D2F81415012202FA03F30B4206D1C088F1
:107B200000F00A00003018BF01207047104670476F
:107B300000030050C08810F0030018BF01207047F8
:107B4000C08800F00C00003018BF0120704700BF53
:107B500003684FF47A729B6B02FB01F1184700BF78
:107B600008B50368DB6B9847024BA3FB0030800924
:107B700008BD00BFD34D6210027D0F4B202A38BFD5
:107B80004FF0A04302F01F0203EB82030129D3F858
:107B90000027417122F00C0207D0022908BF42F0F1
:107BA0000C02C3F800270020704742F00402C3F81B
:107BB00000270020704700BF00030050D0F81035A8
:107BC00021EA0301C0F81815704700BFD0F810353E
:107BD0001940C0F81815704738B503799A071ED5B3
:107BE000C3885B07044602D403681B6E98470D4B9D
:107BF0001868A0B101222146FFF71AF8054670B1B6
:107C0000E06810B1F9F7F6FB18B9E38843F0040314
:107C1000E3802846FEF7C0FFC0F30F1038BD0248CE
:107C200038BD00BFBC3C002016FCFFFF70B52DED39
:107C3000028BC38882B01B07019137D51C4D1D4CA8
:107C4000286808EE101AFFF7A9FCF8EE487A08EE4B
:107C5000900A17EE901A2868FFF796FDF8EEE88A6A
:107C600004F108062388286807EE103AB8EE478A20
:107C7000FFF794FC07EE900AB8EEE77A27EE087A51
:107C8000C7EE287AFCEEE77A17EE903A24F8023B2A
:107C9000B442E7D1084B074918680822012309F0CC
:107CA000F7FA002002B0BDEC028B70BD0348F9E783
:107CB000C03C0020C43C0020CC3C002016FCFFFF50
:107CC00038B5027D1B4B202A38BF4FF0A04302F08D
:107CD0001F020125D3F8144505FA02F2144224D1FB
:107CE0000D460446D1B9C3F80C2518461146FFF7D6
:107CF0006DFF217D0F4B202938BF4FF0A043D3F8F3
:107D00001435134213D0236820461B6E984723680E
:107D100029461B6820469847002038BDC3F808252F
:107D200018461146FFF74AFFE3E7002038BD024836
:107D300038BD00BF0003005012FCFFFF38B5C388F8
:107D40009B0704460D4614D5C06810B1F9F752FBE5
:107D500078B1227D012302F01F018B408DB31E49B3
:107D60001F2A8CBF0A464FF0A0420020C2F80835F7
:107D700038BD236820461B6E9847217D164B20296D
:107D800001F01F004FF0010238BF4FF0A0438240C6
:107D9000A5B9C3F80C2520290F4BE28838BF4FF056
:107DA000A04303EB800342F00202D3F8001741F036
:107DB0000101C3F800170020E28038BDC3F8082590
:107DC000E9E705491F2A8CBF0A464FF0A042002070
:107DD000C2F80C3538BD00BF00030050C388DB0774
:107DE00070B5044616D5C06810B1F9F703FB88B129
:107DF000237D2049202B38BF4FF0A0410122D1F82C
:107E0000101503F01F0302FA03F30B4214BF1046D0
:107E1000002070BD2368174D1B6E20469847237DB8
:107E2000E0882168202B03F01F0234BF4FF0A043ED
:107E30002B4603EB820340F00102D3F800074E6C9F
:107E4000617920F00300C3F80007E2802046B047C4
:107E5000237D202B38BF4FF0A0450122D5F8101507
:107E600003F01F0302FA03F30B4214BF1046002075
:107E700070BD00BF0003005008B5C3881B070AD5BA
:107E8000064B1868FFF7B8FC07EE900AFCEEE77A9D
:107E900017EE900A08BD024808BD00BFC03C002094
:107EA00016FCFFFF38B50368234A9B6A93420446D9
:107EB0001DD1C588C5F38025C5B9E06810B1F9F7B3
:107EC00099FAB8B1227D1D4BE1881F2A98BF4FF067
:107ED000A04302F01F0203EB820301F43062D3F8E7
:107EE000001721F44031C3F80017E28038BD9847ED
:107EF0000546E1E7E068E388026843F480631268BE
:107F0000E380214690470E4BE1681B680BB103F1FB
:107F10000C05A942227D02D00023E360D3E7094B80
:107F2000FF25181D13F9011B914208BF03F8015CDE
:107F30009842F7D1F0E700BF2996020000030050F5
:107F4000C03C0020D020002070B5044615464FF4F8
:107F500080760E482371012200232F2D2181257563
:107F6000E68020606271C4E9033302D93220E9F768
:107F700065FC074A0749084B42F825404FF0004589
:107F80004022C1F804531A60204670BD687D040089
:107F9000F83B00200060004000E100E00379DB07CF
:107FA00055D5F0B5C388DA0683B00D46044603D52F
:107FB000C3F3C023994223D0236820461B6E984701
:107FC000012D23682ED05B68204698472368242023
:107FD000DE6D0CF09EFF002322890746CDE90033B9
:107FE00021460123FAF7F4FF07F10C010122204694
:107FF000B047E38823F400639BB243F01103E380AE
:10800000012DE0680AD038B150F80C3CDB690C381F
:1080100003B0BDE8F04018470368FFDE0028F3D145
:108020000368FFDE3420DE6D0CF073FF094A40F672
:10803000AC53074612682146FCF770F92A4607F14F
:108040000C012046B047E38843F40063D5E70248BB
:10805000704700BFB83C002016FCFFFFC188C1F389
:10806000C021FFF79BBF00BF10B5044684B00A468D
:10807000002368462189FDF7B1FCE3684BB1029A01
:10808000D96ADA626846521A0023CDE90223FDF765
:10809000CFFC04B010BD00BF10B5C388590684B032
:1080A000044609D49A060DD41B0603D523690BB1E7
:1080B0000120984704B010BD0521FFF7D5FFE388E4
:1080C0009A06F1D50123022221896846FDF786FC34
:1080D000E388E9E710B5C388590684B0044609D49B
:1080E0009A060DD41B0603D523690BB100209847CF
:1080F00004B010BD0421FFF7B7FFE3889A06F1D55D
:108100000123032221896846FDF768FCE388E9E73B
:108110002DE9F04BD0F8204584B0054674B3DFF864
:1081200090800E4601274FF01F0BB4FA84FCABEB96
:108130000C03991907FA03F258F8219024EA020473
:10814000B9F1000F18D0B9F8062012F0E00F05EBD6
:1081500083030FD0D3F8002782F48032C3F80027BE
:10816000D3F8003713F4803F48461CD0FFF794FF44
:10817000B9F80620930508D4002CD4D14FF0FF3372
:10818000C5F8203504B0BDE8F08BF8F7BDF900283C
:10819000F2D00123052240F2FF316846FDF71EFCB4
:1081A000002CC0D1EAE7FFF795FFB9F80620E1E718
:1081B000F83B002008B5094BD3F87C2102B908BD73
:1081C0000021C3F87C114FF0A040FFF7A1FF202150
:1081D0000348BDE80840FFF79BBF00BF00600040B8
:1081E00000030050C38813F0E00F70B504460D463D
:1081F00040D05A060ED423F0E003022D9BB218D0D3
:10820000032D22D0012DE38004BF43F08003E380DF
:10821000002070BD032D11D0E068036821461B6863
:108220009847E388002223F0E003022D9BB2E2602E
:10823000E8D143F02003E380002070BD23F0E00389
:1082400043F04003E380002070BD43F04003E3802F
:1082500030200CF05EFE2146054608F0DFFDFAF7FF
:1082600021F92368E86229462046DB6D0122984700
:10827000002070BD03685B689847237D114A1F2B5F
:1082800098BF4FF0A04203F01F0302EB8301D1F827
:10829000006726F44036C1F8006758B1D1F80007EE
:1082A00040F44030C1F8000701219940E388C2F84A
:1082B00020159EE7D1F8000740F40030C1F8000710
:1082C000F2E700BF0003005000B583B0042920D8B6
:1082D000DFE801F0100A0A0A03000368DB6A984726
:1082E000002003B05DF804FBFFF77CFF002003B023
:1082F0005DF804FBC38803F0F0031BB9084603B024
:108300005DF804FB036801911B6E984701990846CC
:10831000E7E76FF47A70E4E738B5036804465B6812
:108320000D469847E3885B0605D52946E068BDE819
:10833000384008F001BE2368084A5B6D93424FF055
:108340000301204607D1FFF74DFF2946E068BDE84D
:10835000384008F0F1BD9847E7E700BFC982030045
:10836000072913D8027D0B4B202A38BF4FF0A043BA
:1083700002F01F0203EB82030020D3F8002722F44F
:10838000E06242EA0121C3F8001770476FF47A7087
:10839000704700BF0003005010B4037D0C4A002951
:1083A0000CBF00244FF440741F2B03F01F018CBF3F
:1083B00013464FF0A04303EB81030020D3F80027BE
:1083C00022F4E0622243C3F800275DF8044B7047B3
:1083D00000030050027D0B4B202A38BF4FF0A04312
:1083E00002F01F0203EB8203D3F8002722F440328D
:1083F000C3F80027D3F8002742EA0141C3F8001769
:10840000704700BF00030050F0B5154C236883B0DF
:10841000CBB1144D2E6816B1002003B0F0BD38204A
:108420000CF077FD2268104B104913240746009486
:10843000FFF7FCF83846314601222F60FFF7E4F9D8
:10844000002003B0F0BD40200CF063FD054608F0AD
:10845000E3FE28460321256008F086FED9E700BF29
:10846000CC3C0020C03C00200000484200C001403D
:1084700003799B0760D5B1F5806F5FD2C3881A0777
:108480002DE9F04105460E4602D403681B6E98475D
:108490002C4F297D3A464FF0FF34002312F9010B8F
:1084A000884208BF1C460133042BF7D1631C2FD030
:1084B000DFF8A880E86810B1F8F79CFF18B9EB88DE
:1084C00043F00803EB80D8F800001F4DFFF766F873
:1084D00007EE906ADFED1D6A1D4AB8EEE77AF7EE07
:1084E000007AE7EE667A2946012307EE100AB8EE15
:1084F000C77A106867EE877A0822FDEEE77A17EEF2
:10850000906A25F8146008F0C3FE0020BDE8F081F1
:108510002846FFF779FF0F4BDFF840801C78297D54
:10852000D8F80000013404F00304224639552946E6
:108530001C70FFF75DFABDE7074870476FF47A706B
:10854000704700BFD0200020C43C00200000803ACB
:10855000CC3C00202C23002016FCFFFFC03C002058
:1085600070B5174D2DED028B044608EE101AFFF77B
:108570004BFF2868FFF740F9DFED127A07EE100A8B
:10858000B4EE677AF1EE10FA04D0286817EE901A6C
:10859000FFF7FAF8DFED0C7A9FED0A7A2368B8EE60
:1085A000488A204628EE278ADB68C8EE077ABDECA9
:1085B000028BBDE87040FDEEE77A17EE901A18477F
:1085C000C03C002000409C46000080441F4B026AD3
:1085D0009A4220D01E4B994209D94FF0004143697D
:1085E0008B4202D000234161837600207047194BF3
:1085F00099421FD8184B99421FD8184B99421FD83F
:10860000174B99421FD8174B99428CBF4FF080618E
:108610004FF00071E3E7144B994202D94FF0A0519B
:10862000DDE7A3F57403A3F510539942D2D94FF0B7
:108630002061D4E74FF08041D1E74FF00051CEE701
:108640004FF08051CBE74FF00061C8E700F00240E7
:10865000FF117A00FF083D007F841E003F420F009B
:108660001FA107008FD00300FF47E801082A4FF041
:1086700000034176837614BF6FF47A701846704712
:10868000704700BF10B504460CF03CFC204610BDFE
:10869000036AD3F8182182B100B50022C3F818216B
:1086A00087B0D3F81811436A0191019933B142623E
:1086B000806A984707B05DF804FB704701230322E6
:1086C000182102A8FDF78AF9F4E700BF70B501216F
:1086D00004468176F8F790FE236AA0680021C3F86B
:1086E0000015002873D003681B689847A068627E55
:1086F0000368012A5B6C8CBF022101219847A368A3
:10870000E0681D7D002867D003685B689847E068D3
:10871000627E0368012A5B6C8CBF022101219847AD
:10872000E36820691E7D617E00285BD00368012913
:1087300094BF002101211B6898472369617E187D41
:10874000236A6269C3F808050139C9B20229C3F86E
:108750000C55C3F81065C3F824259CBF264A52F86F
:10876000211094F9182088BF00210025C3F8541562
:1087700042200721AA42C3F8C055C3F80403C3F836
:10878000001532DB02F1604202F56142E02382F81B
:10879000003394F91830002B13DB5909603103F0D2
:1087A0001F030122154802FA03F340F8213094F91F
:1087B0001830002B05DB03F01F015B098A4040F8ED
:1087C000232020460121BDE87040F8F715BEE0687F
:1087D0004FF0FF35002897D12069617E4FF0FF36BA
:1087E0000028A3D14FF0FF30AAE7054B02F00F029B
:1087F0001344E0221A76CCE7D47D040000E100E0C7
:10880000FCEC00E070B5044616460A4600F108018B
:108810001D46F8F7F3FD324604F10C012046F8F747
:10882000EDFD2A4604F1100100252046F8F7E6FD8B
:108830002046A576FFF74AFF284670BD38B50446A6
:108840000498174DA1600021C4E90323256021711C
:108850006171C8B100F0C8FF2062D8B101F038F8EA
:1088600063692076B3F1805F1CBF4FF08053636172
:1088700000220023A276206A6376636222460949B9
:1088800001F05AF8204638BD042000F0CFFF2062E6
:108890000028E3D15A20E8F7D1FF206ADEE700BFC5
:1088A000E87D0400918603002DE9F047847E82B0C4
:1088B00005468A46DDE90A87164699462CB3B6F581
:1088C000803F35D2B8F5803F32D22C6A0020C4F800
:1088D00044A5C4F84865C4F83495C4F83885C4F88C
:1088E0001801D4F818310193019BC4F85005C4F85D
:1088F00040056FB1012240230C996F62A962226189
:10890000C4F8043302B0BDE8F087FFF7DFFED6E716
:1089100003211820F7F742FB2B6A0121402219613D
:10892000C3F80423F7F7BCFC384602B0BDE8F08773
:108930006FF47A70E6E700BFF0B585B0B2F5803F1E
:10894000144606460F469C460A9D02D2B5F5803F66
:1089500009D363462246394630460A9505B0BDE83C
:10896000F04008F0BBB900240095CDE90144FFF7C1
:108970009BFF05B0F0BD00BF2DE9F041DDE90664C5
:10898000DDF82080C4B1B2F5803F07468C4615461D
:108990009E4602D2B6F5803F0AD3CDE90748069637
:1089A00073462A4638466146BDE8F04108F0C2B930
:1089B000BDE8F041FFF778BF6FF47A70BDE8F08151
:1089C00030B585B000250122C17600F11C0300F10D
:1089D0001B01CDE9015500920446FFF765FFA8424F
:1089E000ACBF207F014805B030BD00BF0AFCFFFFCF
:1089F00021B9436E4FF40472C3F808230020704776
:108A0000B1F5614F43D00FD9B1F5612F2AD0234B77
:108A1000994219D0B1F5613F2BD0436E4FF0EB7204
:108A20000020C3F82425704747F61223994227D027
:108A3000B1F5164F0FD0B1F5165FEED1436E184A5F
:108A4000C3F8242500207047436E4FF08052002069
:108A5000C3F824257047436E4FF41D020020C3F86D
:108A600024257047436E4FF070620020C3F8242520
:108A70007047436E4FF06C720020C3F82425704796
:108A8000436E4FF400020020C3F824257047436E64
:108A90004FF46B020020C3F82425704740420F00BA
:108AA0000050270070B504460E4615462046F9F7DB
:108AB0004DFA0028FADC94F83C3003F0FF00002B5C
:108AC000F4D1636E317D2A7DC3F80C15C3F81425EB
:108AD00070BD00BF0021F9F719B900BF70B5044699
:108AE00084B0B9B9C3895A073DD5636E04F1440116
:108AF0002022C3F83415C3F83825636E4FF404728E
:108B000000212164C3F80423636E01221A6000204F
:108B100004B070BD01290D46F9D190F83C30002B0E
:108B2000F5D1F9F713FA0028F1D0A08EA38E94F8AE
:108B30003060E16A5A1C92FBF6F306FB13239BB2EA
:108B400082B22068A3868369895C20469847A38EF9
:108B5000628E9A42DBD12B46022240F2FF316846F8
:108B6000FCF73CFFD3E7F8F709FEE3895B07BCD4C9
:108B7000002004B070BD00BF10B584B004468DF86D
:108B8000071002E094F83C301BB100F063FD0028B0
:108B9000F8D000F05FFD70B1636E0022C3F82021B1
:108BA000D3F82011636E03910399C3F85821D3F8C9
:108BB00058310293029B626E01230DF1070184F884
:108BC0003C30C2F84415C2F84835626E936000F03C
:108BD00041FDA0B1636E00E099B9D3F82021D3F82C
:108BE0005811002AF8D061B90122DA60626ED2F819
:108BF0005831002BFBD00020002384F83C3004B017
:108C000010BD0148F8E700BF09FCFFFF70B504463E
:108C1000406E0E4600F05CFE05461EB1E18911F083
:108C2000200125D0002D14DA236800215B6820463E
:108C300098472046F9F78AF9002804DD23680121C6
:108C40005B6820469847A16B2046F8F763FE00203A
:108C500070BD6B099B0003F1604303F5614305F0B0
:108C60001F05012202FA05F5C3F880511D60DBE7FC
:108C70002368134A9B6893421ED1636E4FF40472BB
:108C8000C3F808232046F9F761F90028FADC94F8C4
:108C90003C30002BF6D1002DD9DB6B0920330122AB
:108CA000084905F01F0502FA05F541F82350BFF306
:108CB0004F8FBFF36F8FCAE720469847E2E700BFA8
:108CC000F189030000E100E0A0F10800FFF79EBF7A
:108CD00010B5244B426E036023493C338360C2F8D5
:108CE000081382B00446406E00F0F2FD00280DDB50
:108CF0004309203301221D4900F01F0002FA00F051
:108D000041F82300BFF34F8FBFF36F8F626ED2F82D
:108D1000003223F02003C2F80032626E0123536058
:108D2000626E0021C2F85811D2F85811626E01919A
:108D30000199D360626ED2F85831002BFBD000232A
:108D4000C2F80035636E4FF0FF32C3F80C25C3F84C
:108D50001425606E00F08EFD2046F9F703F92046D9
:108D600002B010BD147E04001403420000E100E0D4
:108D7000A0F10800FFF7ACBF10B50446FFF7A8FF4D
:108D800020460CF0BFF8204610BD00BFA0F108003F
:108D9000FFF7F2BFF0B514248BB00C25CDE90045E8
:108DA0001F462346154604460E46F8F731FD514B43
:108DB000236000223C3384F83C20A3606266226476
:108DC000002F00F08A80384600F00EFD6066002813
:108DD00000F08A804FF0EB73C0F82435636E0022F8
:108DE000C3F86C252046F9F7B1F80028FADC94F8AE
:108DF0003C3003F0FF02002BF4D1636E307D297DFF
:108E0000C3F80C05C3F81415636E3B48C3F808217A
:108E1000D3F80811636E09910999C3F81021D3F8AA
:108E20001011636E08910899C3F82021D3F820111E
:108E3000636E07910799C3F82421D3F82411636E58
:108E400006910699C3F84421D3F84411636E059145
:108E50000599C3F85821D3F85811636E0491049909
:108E6000C3F84C21D3F84C31626E0393039BD2F8C4
:108E70000032224943F02003C2F80032636EC3F887
:108E80000403606E224600F057FD606E00F020FD86
:108E900000281BDB43099B0000F1604103F16043A4
:108EA00003F5614301F5614100F01F00012202FA60
:108EB00000F0202581F80053C3F880011860636E2C
:108EC00008222046C3F800250BB0F0BD0C4B00F083
:108ED0000F00034420221A76F1E7102000F0A6FCD0
:108EE000606600287FF476AF5A20E8F7A7FC606E32
:108EF00070E700BF147E040014034A004D8F030086
:108F0000FCEC00E030B5436ED3F83C55026CAA424D
:108F100083B0044606DA0022C3F80821D3F80831EA
:108F20000193019B236C9D420BDD236C5A1C23444F
:108F3000226493F844102046F8F750FB236CAB42B0
:108F4000F3DB0023236403B030BD00BF70B5456E72
:108F5000D5F8083188B00446D3B1036C1F2B17DC59
:108F6000002602E0236C1F2B12DCC5F80861D5F83F
:108F700008310193019B236C5A1C2344226493F80B
:108F800044102046F8F72AFBD5F80831002BE9D128
:108F9000D5F81031002B3AD1D5F84C3173B10023FC
:108FA000C5F84C31D5F84C31626E0393202104F1A1
:108FB00044030398C2F83435C2F83815D5F8243183
:108FC00053B10023C5F82431D5F824310493049B10
:108FD000D5F88034C5F88034D5F8443133B1002356
:108FE000C5F84431D5F844310593059BD5F82031B7
:108FF000C3B9D5F8583143B10023C5F85831D5F875
:1090000058210792079A84F83C3008B070BD0023BD
:10901000C5F81031D5F8103102932046029BFFF7B6
:1090200071FFB9E70023C5F82031D5F82021069259
:10903000069A84F83C302046F8F788FF002802DCC6
:109040000123EB60D5E72046F8F71EFBD1E700BF10
:1090500010B5034B03600446FBF73CFB204610BDF4
:10906000747E040010B5054B03600446FBF732FB29
:1090700020460BF047FF204610BD00BF747E040061
:1090800010B50446D4E90E2352694FF47A50002BF0
:10909000D2F84415C2F8440522DA1B4A616B00205D
:1090A000C2F81005013393FBF1F201FB1233E363C5
:1090B00000F0E4FAD4E90E2352690121002BD160BB
:1090C0000ADB0233104A54F82330DB691B7D1B0294
:1090D00043F00113C2F81035BDE8104000F0C0BAEB
:1090E000023354F82300FBF781F9E36B064A616B06
:1090F0000020C2F81005002BD4D10129D2D14FF0A5
:10910000FF33E363D4E700BF00600040034B1868FF
:1091100008B1436B03B97047FFF7B2BFD03C0020E2
:1091200070B50E4611460446FBF790FA33681C4AA8
:109130001C49146000259B6BA6632160E5632946EA
:1091400030469847A06B184E03684FF47A51DB6C99
:109150009847A06B03682946DB6B144D4FF47A5295
:109160009847A06B124B01684269C3F82055CD693E
:109170004432C3F82425B5424FF00402C3F8042555
:1091800009D10C4BC3604B6A9847A06B03689B6A7C
:109190009847204670BD0749A847A06B0168F2E7D1
:1091A000D03C0020747E0400B966020000610040DB
:1091B00000F001400D91030038B50D460446FBF761
:1091C000ADF928460021FBF7F1F8636B012B01D0C4
:1091D000002038BDA06B03685B6B9847002038BD4A
:1091E00038B50D460446FBF753F928460021FBF736
:1091F000DDF8636B13B9024AC2F81035002038BDA0
:1092000000600040007A704790F910304901002B4F
:10921000C9B207DB03F1604303F56143002083F823
:1092200000137047034A03F00F031A44002011761D
:10923000704700BFFCEC00E090F91030002B11DB10
:109240005A0910B460320A4C03F01F03012101FADD
:1092500003F344F8223043695DF8044B01220020F7
:109260001A607047436901221A600020704700BFEE
:1092700000E100E090F91030002B07DB03F01F0045
:1092800001225B090249824041F8232000207047F7
:1092900000E100E010B5036804461B6B9847636962
:1092A00001225A6000201A6110BD00BF90F91030F1
:1092B000002B0DDB5A0920320121064803F01F0361
:1092C00001FA03F340F82230BFF34F8FBFF36F8FE3
:1092D0000020704700E100E0012902D006D30229F6
:1092E00002D14369C3F80415002070474369002286
:1092F000C3F8042500207047437A013B99420FDCF4
:1093000010B44FF48033446901F5A87003FA01F1F9
:1093100044F820200020C4F804135DF8044B704783
:109320006FF47A70704700BF437A013B994211DCB9
:1093300030B4446904EB81054FF48033D5F840051F
:1093400003FA01F10244C5F840250020C4F80413D3
:1093500030BC70476FF47A70704700BF437A013BAE
:10936000994208DC42694FF4803303FA01F1C2F8F4
:109370000813002070476FF47A707047032907D8EC
:10938000DFE801F01710090243690322C3F808253A
:1093900001720020704743690222C3F80825017258
:1093A0000020704743690022C3F80825017200209D
:1093B000704743690122C3F80825017200207047F5
:1093C00010B5044B036000230446C380F6F7C4FBCA
:1093D000204610BDB470040010B5064B0360002396
:1093E0000446C380F6F7B8FB20460BF08BFD204601
:1093F00010BD00BFB470040010B5034629B190F948
:109400001020002A0CDA002010BDC288D107FAD53E
:10941000196822F00102DA808B6A9847002010BD9B
:109420005409084951F8241002F01F0221FA02F2EF
:10943000D407E8D5C288016842F00102C2800B6BF4
:109440009847E0E700E100E038B590F91030002BD4
:10945000044611DA0025236820461B6B9847626991
:109460000123D360D368002BFCD11DB123682046B3
:109470009B6A9847002038BD5909044A52F8215088
:1094800003F01F03DD4005F00105E4E700E100E023
:10949000B1F57A5F14D830B4002201254FF47A5424
:1094A00005FA02F3B4FBF3F3994205D3436930BCE8
:1094B0000020C3F8102570470132092AF0D1F5E7E2
:1094C0006FF47A70704700BF70B590F91050036860
:1094D000002D04461B6B07DA984763690122DA64A2
:1094E000D3F84C65304670BD69090A4A52F82160CC
:1094F0009847636905F01F05012226FA05F5DA642D
:10950000D3F84C65EB07EDD5236820469B6A984756
:10951000304670BD00E100E00E4BF0B453F820700F
:10952000B7B100237E6918469C46012506EB8302ED
:1095300005FA03F4D2F84011013319B12043C0B247
:10954000C2F840C1042BF1D1FB680BB1F0BC184745
:10955000F0BC7047D43C00200020FFF7DDBF00BF07
:109560000120FFF7D9BF00BF0220FFF7D5BF00BF22
:109570000320FFF7D1BF00BF0420FFF7CDBF00BF1E
:10958000F8B52D4B03600026466004460D4617468D
:10959000F6F772FA29492A48277403238D42E660B8
:1095A0006561206063723CD0264A954230D002F556
:1095B0008032954237D1244A204642F82340FFF7B3
:1095C00075FE94F9103062690121002B5160116120
:1095D00020DB03F1604303F56143402283F800235D
:1095E00001231A464FF47A51092B02FA03F003F1D2
:1095F000010504D0B1FBF0F0B0F57A7F1AD86169AB
:109600000322C1F810352046C1F808252272F8BDA2
:109610000223D0E70D4A03F00F031A4440231376C8
:10962000DEE70123C7E70A4B9D4208BF0423C2D0EF
:109630003346C0E72B46D7E7B470040000900040E3
:10964000A47E040000A00040D43C0020FCEC00E01C
:1096500000B00140014B93F9000070470144002025
:10966000054A1378013B5BB2002B01DD1370704794
:109670000023137062B670470144002072B6024A9C
:1096800013780133137070470144002020BF7047E6
:109690004FF0805130B44C6E086E0022234642EAEF
:1096A00000042046194630BC704700BFBFF34F8FFF
:1096B0000549064BCA6802F4E0621343CB60BFF36E
:1096C0004F8F00BFFDE700BF00ED00E00400FA058A
:1096D000704700BF08B50B4B0122C3F8402502219B
:1096E0000022930003F1A0430132202AC3F800179F
:1096F000C3F8001AF5D1FFF7EBFFBDE80840E7F724
:109700001DBA00BF00E00140004870470000022081
:109710004020F6F7F9BF00BF81637047416370478F
:10972000C1637047C06B7047EFF30880704700BF9C
:10973000406B7047C0E900128360704710B5054B5D
:10974000054C1846A1684FF480720BF019FCA0601C
:1097500010BD00BF0024002000ED00E02DE9F0471F
:109760001D4D2C6882B081460F4690466CB11B4E51
:10977000494620460022FEF73BF93068424639460A
:1097800002B0BDE8F04700F0ADBA2C200BF0C1FBF1
:10979000124E824600F074FA3820C6F800A00BF092
:1097A000B8FB4FF0130C0E4BCDF800C08246326868
:1097B0000C49FDF73BFF224650460121C5F800A0A9
:1097C000FEF722F821462868FEF718F804492868B1
:1097D000FDF7E8FE2C68CBE7F03C0020EC3C0020D5
:1097E0000050434900200240F0B40E4F0E4E3C683A
:1097F0000523012505FA03F2224203EB430103F19D
:10980000FF3303D156F82110814205D05A1CF1D103
:1098100000210846F0BC704722433A600846F0BC7D
:10982000704700BFF43C0020FC7E0400F0B40F4FF2
:10983000DFF83CC03C6862460523012505FA03F1C8
:10984000214202D1566C304207D1013B591CA2F192
:109850000C02F3D10020F0BC704703EB430321431B
:109860005CF823003960F0BC704700BFF43C002076
:10987000FC7E0400144B98421ED003F5E04398424E
:109880001CD0A3F5343398421AD003F50433984220
:1098900018D0B0F1402F06D0A3F50033984208BF8E
:1098A000002001D070470120084901220B68824046
:1098B00023EA02030B6070470520F5E70420F3E775
:1098C0000320F1E70220EFE700800240F43C002093
:1098D00008B5174B984218D0B0F1402F1ED003F5B1
:1098E000003398421CD0A3F5043398421AD003F5F4
:1098F0003433984218D0A3F5E043984216D05A204A
:10990000E7F79CFF4FF0FF3008BD0023094A03EB47
:10991000430302EB830393F9040008BD0123F5E739
:109920000223F3E70323F1E70423EFE70523EDE741
:1099300000300040FC7E040038B5184B98420D46BC
:10994000144620D0B0F1402F1FD003F500339842C9
:109950001DD0A3F5043398421BD003F5343398424D
:1099600019D0A3F5E043984208BF052304D05A203C
:10997000E7F764FF4FF0FF33094A0A4842F82350E3
:1099800040F8234038BD0023F6E70123F4E7022323
:10999000F2E70323F0E70423EEE700BF00300040C6
:1099A000F83C0020103D0020024A034B10681B6861
:1099B000184700BF103D0020F83C0020024A034B2E
:1099C00050685B68184700BF103D0020F83C00203D
:1099D000024A034B90689B68184700BF103D002067
:1099E000F83C0020024A034BD068DB68184700BFF0
:1099F000103D0020F83C0020024A034B10691B690F
:109A0000184700BF103D0020F83C0020024A034BDD
:109A100050695B69184700BF103D0020F83C0020EA
:109A2000002815D0006041608260C3600461456118
:109A30008661C761444604624C464462544684626F
:109A40005C46C462644604636E464663744684633F
:109A5000002906D0C46B043C043925680D60B4426B
:109A6000F9D1946BA646566BB546002B06D0D46B45
:109A7000043C043B1D682560B442F9D1146BA44634
:109A8000D46AA346946AA246546AA146146AA046C0
:109A9000D769966955691469D368516810689268E6
:109AA0007047006041608260C36004614561866107
:109AB000C761444604624C464462544684625C4634
:109AC000C462644604636E46466374468463C46B32
:109AD000043C043925680D60B442F9D1C769866930
:109AE000456904697047006041608260C360046139
:109AF00045618661C761444604624C4644625446EF
:109B000084625C46C462644604636C464463744683
:109B1000846304697047846BA646446BA546046B56
:109B2000A446C46AA346846AA246446AA146046A5B
:109B3000A046C769866945690469C3688268006888
:109B4000416870470649074A074B9B1A03DD043BEF
:109B5000C858D050FBDC00F0DBF8FFF7BBFD00007D
:109B6000188804004020002000240020FEE7FEE7C3
:109B7000FEE7FEE7FEE7FEE7FEE7FEE7FEE7FEE7BD
:109B800041617047012070472DE9F84FCB684C6860
:109B900003F164060746A6424FF0010288462146BB
:109BA000B8BF2646FCF74EFAD7F80090B9F8024045
:109BB00004344C4409F1040294425ED9D8F810C030
:109BC0004FF4004E634648F2050A2AE0D8F80C101C
:109BD00001F132009842A3F1320101F007058B46F2
:109BE00021DB0029B8BFA3F12B0BD8F808004942AC
:109BF0004FEAEB0B01F0070158BF4D4210F80B1074
:109C0000C5F1070541FA05F515F0010F48F20C0101
:109C100008BF51461180023201339442C8F8103017
:109C200009D9312BD2DCA2F800E002320133944290
:109C3000C8F81030F5D8A4EB0904053C0CF1010C70
:109C40000CEB5404B44205DB98F8183073B938466D
:109C5000BDE8F88FD8F8140003681B689847D8F857
:109C60001030B342F0DA3846BDE8F88F08F11C0036
:109C7000F6F7A2FC3846BDE8F88FD8F81040E1E7C7
:109C800038B50546094B45F81C3B04460121002226
:109C90002846F6F74FFC00224FF480732846626195
:109CA0006360F6F751FC204638BD00BF4C7F0400CE
:109CB00038B5456975B1002A0CDD04462868A160F5
:109CC000D20000212376E26003682161284698478C
:109CD000237E03B938BD04F11C00BDE83840F6F717
:109CE00033BC00BF0123FFF7E3BF00BFBFF34F8FBB
:109CF0000549064BCA6802F4E0621343CB60BFF328
:109D00004F8F00BFFDE700BF00ED00E00400FA0543
:109D100008B57F4B1A68511C28D07E4B0D2A1B6852
:109D200000F09A807A4A12680D2A40D07A4AD2F816
:109D3000883043F47003C2F88830BFF34F8FBFF30D
:109D40006F8F4FF01023D3F80C22D20700F1BF80A1
:109D5000D3F80022002AC0F29480D3F80432002BFA
:109D6000C0F28F806D4B6E4A1A6008BD6D4A6E4B13
:109D700012781B680D2AC3F3031310D1012B6DD980
:109D8000684A694B12781B680D2AC3F3031306D186
:109D9000012B19D95E4B1A68501C40F0B680614AFD
:109DA000614B12781B680D2AC3F30313BED1012B3C
:109DB000BCD84FF08043D3F80024D10744BF6FF0E4
:109DC0000102C3F80024B1E74FF08052574BD2F89C
:109DD0000414C3F82015D2F80814C3F82415D2F8D7
:109DE0000C14C3F82815D2F81014C3F82C15D2F8A7
:109DF0001414C3F83015D2F81814C3F83415D2F877
:109E00001C14C3F84015D2F82014C3F84415D2F836
:109E10002414C3F84815D2F82814C3F84C15D2F806
:109E20002C14C3F85015D2F83014C3F85415D2F8D6
:109E30003414C3F86015D2F83814C3F86415D2F896
:109E40003C14C3F86815D2F84014C3F86C15D2F866
:109E50004424C3F870259DE7012B0CD82C4A4FF001
:109E6000804312680021C3F80C11C3F81011C3F825
:109E70003815531C84D0274B0D2A1B687FF452AF32
:109E800086E72B4A0123C2F80435D2F80034002BB0
:109E9000FBD04FF010231221254AC3F80012D2F84C
:109EA0000034002BFBD04FF010231221204AC3F8BE
:109EB0000412D2F80034002BFBD000231C49C2F856
:109EC0000435D1F80034002BFBD0FFF70FFF184BFF
:109ED0000122C3F80425D3F80024002AFBD04FF058
:109EE0001021134BD1F80C2222F00102C1F80C22F0
:109EF000D3F80024002AFBD000210D4AC3F8041532
:109F0000D2F80034002BFBD0DFE704331B680BE7EB
:109F1000300100103401001000ED00E0D8200020D6
:109F20000090D003E00F00F0E80F00F000C0004008
:109F300000E00140D0E90223D1E90201994208BFC3
:109F400090422CBF01200020704700BF2DE930480F
:109F50000C4800F0CFFA0C4B0C49D3E90023D1E9AF
:109F6000004512EB000B43F1000CAC4508BFA345C4
:109F70005846614603D21BF180704CF10001BDE8E8
:109F8000308800BFDC200020F0380020F8380020A6
:109F900030B583B005460C460B4801A900F07CFBA8
:109FA00070B10570446001A9074800F07FFB08B953
:109FB00003B030BD054800F0A1FA002003B030BD69
:109FC000042003B030BD00BF843D0020DC20002011
:109FD0001B4B1B782DE9304823B118B1037F03F0E8
:109FE000FF041BB900242046BDE830880546FFF772
:109FF000ADFFD5E90223994208BF90421BD32B69DC
:10A00000BBB1D5E90530984729690029EAD02B7FF3
:10A0100003F0FF04002BE5D0D5E9022312EB010B7E
:10A0200043F1000CC5E902BC2946064800F0EEFBEE
:10A03000D9E72B77E5E72946024800F0E7FBD2E7AE
:10A0400002440020707F04002DE9F04F83B0834666
:10A0500000F024FA40B15B49D1E9002312F1807489
:10A0600043F10005C1E900450021584600F030FAEF
:10A07000554C30B1236823B12068FFF7A9FF0023B6
:10A0800023600121584600F023FA20B1FFF75EFF5C
:10A090004E4BC3E9000101A94D4800F017FB08B37E
:10A0A0004C4E4D4F4A4D0378012B6CD073D3022B8D
:10A0B0000ED130464FF0000800F0BCFB30B180F804
:10A0C0001C80304600F0B6FB0028F8D101233B701D
:10A0D00001A9284600F004FB01A9284600F0F6FA81
:10A0E0000028E0D1DFF8EC80DFF8F090DFF8F0A096
:10A0F00003E00D2838D000232360404600F0A0FB89
:10A100002368002858D05BB12368D0E90201D3E965
:10A110000223994208BF90421FD223681B7F3BBB9A
:10A12000404600F087FBD0E902670546FFF70EFFC7
:10A13000361A67EB0107012E77F1000310DB564555
:10A140001BD8AA684FF496030021484600F026F970
:10A150000028CED1236843B3256003B0BDE8F08F5B
:10A160000021484600F0AAF92846FFF731FFC2E770
:10A170002168404600F04AFBD2E7484600F0BAF9B1
:10A1800000EB0A02DEE741682368994211D03046AD
:10A1900000F05AFB9CE741680B7F002B98D101230C
:10A1A0000B77304600F032FB92E7584600F0CCF8CF
:10A1B000D2E7002323608BE7002BCED1584600F076
:10A1C000C7F8CAE7F0380020943D0020F838002096
:10A1D000843D0020707F040002440020DC20002029
:10A1E000FFFFB40010B5134B13491B68134882B02E
:10A1F00058220193082300F015FA044610B12046B6
:10A2000002B010BD0E4A0F4801A900F05BF80446E9
:10A210000028F4D101210B4800F038F90123194638
:10A22000094A084800F098F8084B012220461A70A5
:10A2300002B010BD6C7F04002C3D0020843D002046
:10A2400049A00300DC200020FFFF7F000244002023
:10A250004AB1A1F101010368B1FA81F14909C3E9E9
:10A260000412002070470720704700BF037F0BB126
:10A27000002070472DE93048826104460D46FFF703
:10A2800065FE236910EB050B41F1000CC4E902BC2B
:10A2900003B1256121460020BDE83048FFF778BEB4
:10A2A0000023014603770120FFF772BE014800F04A
:10A2B0004FB800BFDC200020014800F045B800BFC7
:10A2C000DC200020F0B444791C4D1D4FE600AB1992
:10A2D00047F824201B7973BB03680A88C3F8082554
:10A2E0008A7890F904305201002BD1B2DFB21CDB26
:10A2F0005A09920002F1604203F1604302F56142A3
:10A3000007F01F074FF0010C03F561430CFA07F744
:10A3100083F80013C2F880711760AB19012245F869
:10A3200034001A710020F0BC7047064B07F00F078D
:10A330003B441976F1E70820F0BC7047983D0020B7
:10A34000A03D0020FCEC00E0036801221A60704789
:10A35000036801225A60704770B48C0004F5A07441
:10A360000068A4B24FF480358D400026C0F8085331
:10A37000C0F84853065183B00459019401F5A871FF
:10A3800022F07F42019C40F82120C0F844530BB1D9
:10A39000C0F8045303B070BC704700BF2DE9F04F04
:10A3A00004684FEA81084FF480358D4004EB080CB7
:10A3B00008F5A076C4F84853B6B2C4F808538146ED
:10A3C0000F464FF0000AD4F80415DCF84005CCF82D
:10A3D000401544F806A085B0401A20F07F40A159EE
:10A3E000029101289B4622F07F42029B0ED1264B10
:10A3F000019243F001034FF480609847D9F8004080
:10A40000019A44F806A0A3590393039BD4F804656A
:10A41000C4F84453931B23F07F43012B18D107F555
:10A42000A877194B013244F8272043F001034FF479
:10A4300080609847D9F80040D4F804359E421FD177
:10A440000020C4F84453C4F8045305B0BDE8F08FAD
:10A45000A044531EC8F84025D4F80415CBF1FF1BC7
:10A460005B1A0BF57F4B23F07F439B4508D3002BF2
:10A47000E6D10132C8F84025D4F804359942DFD03E
:10A480000D2005B0BDE8F08F0058040003680222DB
:10A49000C3F8442309B1C3F8042370470368D3F811
:10A4A000040150B1002282B0C3F80421D3F8043172
:10A4B0000193019B012002B07047704702684FF47E
:10A4C000803303FA01F1C2F84813C2F80813704749
:10A4D000890001F5A07189B20368585840B1002283
:10A4E0005A5082B05B580193019B012002B0704723
:10A4F000704700BF0368D3F80405704790F9043033
:10A50000002B09DB5A09403203F01F0301210348E5
:10A5100001FA03F340F82230704700BF00E100E089
:10A52000024A034B10681B68184700BF983D002083
:10A53000A03D0020BAB11268D243C1B130B4014489
:10A540000C4C4D1E013810F8013F082153405A08A9
:10A55000DB0748BF624001391346F8D18542F2D18A
:10A56000D04330BC70474FF0FF320029E6D1D043D2
:10A57000704700BF2083B8ED10B483B050E8013FAE
:10A580009CB2B0F80EC06444B0F80CC0644528BF5B
:10A59000A4EB0C04B0F808C0644502BFBFF32F8FD2
:10A5A000002208E0C4EA030440E8014CBCF1000FBB
:10A5B000E4D14FF001028DF803200193019B9DF837
:10A5C00003000B6003B05DF8044B704710B483B018
:10A5D00050E8023F1FFAA3F4B0F806C0644502BF7A
:10A5E000BFF32F8F002211E0B0F80EC06444B0F822
:10A5F0000CC0644528BFA4EB0C04C3EA044440E843
:10A60000024CBCF1000FE3D14FF001028DF80320A2
:10A610000193019B9DF803000B6003B05DF8044BB0
:10A62000704700BF99B110B4B2FBF3F403FB1424DC
:10A63000A4B244B9C0E9001484608281C381204679
:10A640005DF8044B704709205DF8044B70470E20FD
:10A65000704700BF82B050E8022FC188B2EB324F82
:10A660004FF0000317BF92B241EA014142EA0141B3
:10A6700004E04268B2EB324F08BF012340E8021207
:10A68000002AE8D18DF807309DF80730002B0CBF69
:10A690001120002002B0704738B50446FFF76CFF68
:10A6A00010B10B882068184438BD00BF0A884B8859
:10A6B0009A4201D00020704750E8012FC2EA0242BE
:10A6C00040E80123002BF7D10120704738B504463C
:10A6D000FFF77CFF10B14B882068184438BD00BFDD
:10A6E0000A884B889A4201D00020704750E8022F18
:10A6F000C2EA224240E80223002BF7D10120704732
:10A7000033DF7047064A074B10B5002414701C60F5
:10A71000BFF35F8F0449054800F062F8204610BD82
:10A7200004440020AC3D00207C7F0400A43D0020B8
:10A730002DE9F041244E05460121304604F0FCFF8E
:10A74000BFF35F8FD8B9042D2BD0204B1A789AB95C
:10A750001F4C012225701A701E4F7B688BB1B846C2
:10A7600005E0404600F046F87B6853B125781B6849
:10A77000284698470028F4D1BFF35F8F3060BDE8CA
:10A78000F0812378023B012B0ED903F0FBF9C0B90D
:10A790004FF080430122C3F80025BFF34F8F20BF45
:10A7A000FDE70B4C2578D7E7BFF34F8F0A490B4BDA
:10A7B000CA6802F4E0621343CB60BFF34F8F00BF5F
:10A7C000FDE7FFF79DFFE3E7AC3D002004440020D8
:10A7D00003440020A43D002000ED00E00400FA0541
:10A7E000D1E900329342C0E9001304BF0023436063
:10A7F000704700BF436843B10268D2E901210B44AE
:10A800009342436004BF00234360704770B54468BF
:10A81000064620680D4618B908E02468206828B16B
:10A82000B368294698470028F7D12068286025603A
:10A8300070BD00BF4368186808B102681A607047AD
:10A8400043681868704700BF4068036873B18B4263
:10A8500003D107E0814204D0034618680028F9D1EB
:10A86000704718460B680360012070471846704710
:10A870006DDF704779DF70477DDF704764DF7047B9
:10A880002DE9F04F83B004880C9EBDF83490B6F8E3
:10A8900000A0002C39D09846002317468B46054669
:10A8A0001C4603E02A880134A24224DD6A6852F87B
:10A8B0002400019000220DF1030101A8FFF7DEFF43
:10A8C00020BB9DF80320BA42ECD13288D11903B3E2
:10A8D00049452BDC42440DF1030101A80123FFF798
:10A8E000CDFF98B931889DF803200A4432802A8828
:10A8F0000134A242DADC43B13388013BA3EB0A0303
:10A900009BB2FF2B12D808F80A30002003B0BDE834
:10A91000F08F02310132894592B207DB328008F8AC
:10A9200002B03288013292B23280D3E70C2003B0F9
:10A93000BDE8F08F2DE9F04182B01746089CBDF8C4
:10A94000245000940195022206469846FFF798FF8E
:10A9500010B102B0BDE8F0814346394630461022BE
:10A96000CDE9084502B0BDE8F041FFF789BF00BF5F
:10A970002DE9F04790F82D3017881446002286B054
:10A9800005460E462280002B40F0FC80AB78002B61
:10A9900040F0FE80EA78A2B12388D91CB94200F2C7
:10A9A000F3800221F154238801339BB201212380DB
:10A9B000F15423880B449BB22380F25423880B4428
:10A9C00023806B68B3B12288D11CB94200F2DC80CD
:10A9D000022093F90010B054238801339BB20A225D
:10A9E0002380F254238801339BB22380F1542388BF
:10A9F000013323802B89002B40F01B812B8A002BF5
:10AA000040F024812B8B002B40F02D812B6A002BF2
:10AA100044D02288911DB94200F2B68019880529D8
:10AA200040F203816FF4486801EB080080B24FF2F6
:10AA30007D3C604540F2F9805888052840F2F58059
:10AA40006FF4486E86441FFA8EFEE64540F2ED80B4
:10AA50004FF6FF7C614504D0604502D0814200F290
:10AA6000E4800521B1542288013292B21221228061
:10AA7000B1542288013292B222801988B1543244F2
:10AA8000090A51702288023292B222805B88B35444
:10AA900032441B0A53702388023323806B6A002BD5
:10AAA0002FD09988B4F800C0881C0CF1020202442F
:10AAB000BA4269D8FE2867D8033106F80C102288FC
:10AAC000013292B2FF212280B1542288013292B227
:10AAD00022801988B1543244090A5170208802300A
:10AAE00080B220809A8862B199680393002900F0AF
:10AAF0009C8030440AF044FA039B9A8823881344CC
:10AB0000238095F82C30002B40F08A80287800288C
:10AB10003BD02B88012B00F08880228802F1020CA8
:10AB2000BC4531D8012804D16B78023313449F42CD
:10AB30002AD3BB1E9B1A06A99BB221F8083D06EB3F
:10AB40000C00FFF799FE00BB2978BDF81020022900
:10AB500000F0E18068789042C0F0D8809342C0F065
:10AB6000D5800921FE2A0FD82388501CF054238851
:10AB700001339BB22380F154238801331A4422808D
:10AB8000002002E0082F23D80C2006B0BDE8F08793
:10AB900023880433BB42F7D804A8FFF76BFE0028D4
:10ABA000F3D12388BDF810200321F1542388013309
:10ABB0009BB219212380F154238801339BB2F118F1
:10ABC0002380F254120A4A70238802332380E1E67C
:10ABD00004A8FFF74DFE0028D7D123889DF8102048
:10ABE0000821F154238801339BB21B212380F154A7
:10ABF000238806A901339BB251F8070D2380F0503A
:10AC0000334489889980238806339BB212F0FE0270
:10AC100018BF01222380F254238801332380B5E634
:10AC2000D5F82880B8F1000F2AD1072006B0BDE87A
:10AC3000F087CDE9004733460622022105F10800DE
:10AC4000FFF778FE00283FF4D9AE9EE7CDE9004734
:10AC500033460722032105F11000FFF76BFE0028A1
:10AC60003FF4D0AE91E7CDE90047334615221421D9
:10AC700005F11800FFF75EFE00283FF4C7AE84E739
:10AC8000B8F804300233FE2B3FF67EAF4FF00009D8
:10AC90004FF0160A22880133B354238801339BB244
:10ACA000238006F803A0238801339BB22380B8F8E1
:10ACB0000020F2543344120A5A702088023080B2C5
:10ACC0002080B8F8043030441A465BB1D8F8083018
:10ACD0001946002BA9D00AF053F9B8F804202388AC
:10ACE0001344238009F1010995F82C305FFA89F9A2
:10ACF0004B4509EB49087FF609AFAB6A03EB8808BF
:10AD0000B8F804300233FE2BC4D93DE7012906D040
:10AD10001A46082126E79342BFF423AFF8E783429F
:10AD2000F6D3024608211DE775DF704776DF7047CE
:10AD30007ADF70477BDF704730B51D4B1A8884B2CD
:10AD4000A24283B001D003B030BD1A4D187A297BDE
:10AD500088420FD32A7C00211972E2B96B69002B5B
:10AD6000F1D00022ADF806408DF8042001A89847E4
:10AD700003B030BD104603F10A01FFF7D5FF28B13B
:10AD80001128E0D0AB69002BF1D1DCE71A7A01324F
:10AD90001A7203B030BD3B212046FFF7C7FF30F0E9
:10ADA0000803DBD0AB69002BD8D09847D6E700BFAB
:10ADB000CC3D0020B03D002070B54B7A82B00246F9
:10ADC0007BB90F4C0E7A4868D4E90153002E0CBFB2
:10ADD00029461946FFF74AFA08B1A3696BB902B0D0
:10ADE00070BD074B5B6900200872002BF7D0012172
:10ADF000ADF806208DF8041001A8984702B070BD88
:10AE0000B03D00208388B3F5FA7F28BF6FF4F97254
:10AE100030B428BF9D1804884A8838BF0025944262
:10AE20000DD8408890420AD38888A84207D303F2FD
:10AE3000F313834234BF0020012030BC7047002050
:10AE400030BC70470288112A70B503462FD01BD939
:10AE5000122A07D0502A04D13A4CC188E289914283
:10AE600036D070BD384C828825889542F9D100F1E2
:10AE7000080104F10A00FFF7C5FF60722146284669
:10AE8000BDE87040FFF798BF102AEAD1C27B012AC3
:10AE9000E7D12D4C21884FF6FF7291422FD0294BDC
:10AEA0009B69002BDDD00420BDE870401847264C7C
:10AEB000828823889A42D4D16068FFF7F1F918B1EB
:10AEC000204B9B6903B198474FF6FF73238070BDF9
:10AED000028A022AC5D11C4D82882E889642C0D192
:10AEE000123000F061FA30BB6868FFF7D9F900282A
:10AEF000B7D0A369002BB4D0BDE870401847134AFF
:10AF00008588258003CA04F10A02C4F80E1003F1F3
:10AF100010010023C4F80A0023721046FFF772FFE5
:10AF2000084B6072DB89002B9BD121462846BDE887
:10AF30007040FFF741BF29463046BDE87040FFF73B
:10AF40003BBF00BFB03D0020CC3D0020E03D0020D5
:10AF500000282FD0F8B5054606460FCD164F3C46C3
:10AF60000FC4844695E80700144B3B6084E8070053
:10AF7000BCF1000F18D06046FFF7DAFE98B93268CE
:10AF80001068516803C30E4B0E490F4A18464FF61E
:10AF9000FF7440F8041F1C800021FFF759F90028B6
:10AFA00014BF03200020F8BD1846FFF7C3FE002899
:10AFB000E9D0F8BD0E207047B03D0020E03D0020F4
:10AFC000CC3D00200039002039AD0300F0B583B03E
:10AFD0000190A1B1019D7DB100240E461746254682
:10AFE000214601A804F064FB394610B1A0B2B04775
:10AFF00001350134142CF3D1284603B0F0BD0D46C1
:10B00000284603B0F0BD00BF0146014804F050BB24
:10B01000EC3D002070B582B006460191019D6DB1F6
:10B0200000242546214601A804F042FB18B106EB96
:10B03000450301359C800134142CF3D13046356032
:10B0400002B070BD2DE9F0470388B0F80480103BD2
:10B050008CB007460A2B1BD8DFE803F02F281A1AFA
:10B060001A1A1A1A1A1D0600047A38482409032CE1
:10B0700041464BD804F012FB032C49D041463448DA
:10B0800004F00CFB022C47D04146324804F006FB8A
:10B090000CB0BDE8F087037A002BF9D1437A2B4836
:10B0A0001B0741464FD404F0F9FAF1E741462A481C
:10B0B00004F0F4FA0CB0BDE8F087284EB3680CA891
:10B0C000DB4340F8303D716804F058FB009901A85B
:10B0D000FFF7A0FF019B83B10DF106097C3609EB58
:10B0E000430A39F8025F1E4C20462946043404F016
:10B0F000D5FAA642F8D1D145F3D1B8F1130F12D940
:10B10000042003F0A5F90CB0BDE8F08704F0ACFA18
:10B1100041460F4804F0A8FA41460E4804F0A4FA4C
:10B120000CB0BDE8F08741460B4804F09DFA41465B
:10B130000B4804F099FAFB7B012BA9D04146094842
:10B1400004F092FAA4E704F08FFAA1E7003E002091
:10B15000FC3D0020F83D0020F03D0020E83D0020AF
:10B16000EC3D0020F43D0020132801D90020704759
:10B17000FFF74ABF132801D900207047FFF744BFEB
:10B18000132801D90020704710B50446FFF73CFF93
:10B1900008B9002010BD2146034804F089FA0028B0
:10B1A00014BF0220012010BDF03D0020132801D95A
:10B1B0000020704710B50446FFF726FF08B90020AD
:10B1C00010BD21460248BDE8104004F071BA00BF2E
:10B1D000F83D0020132801D90020704710B504461F
:10B1E000FFF712FF08B9002010BD21460248BDE854
:10B1F000104004F05DBA00BFFC3D0020132801D9C7
:10B200000020704710B50446FFF7FEFE08B9002085
:10B2100010BD21460248BDE8104004F049BA00BF05
:10B22000003E002070B50A4B82B002AE9B6846F823
:10B23000043D00252C462146304604F039FA0134FD
:10B2400000B10135142CF6D1284602B070BD00BF04
:10B25000E83D002070B50E4A82B0D36802A8DB43F7
:10B2600040F8083D02AE916804F088FA009B46F869
:10B27000043D00252C462146304604F019FA0134DD
:10B2800000B10135142CF6D1284602B070BD00BFC4
:10B29000E83D002010B5034B04465968FFF7BAFE9D
:10B2A000204610BDE83D002010B5094982B0CA68AB
:10B2B00002ABD24343F8042D04468968184604F0D3
:10B2C0005DFA20460199FFF7A5FE204602B010BDA9
:10B2D000E83D002008B51821024804F0F3F9C0B297
:10B2E00008BD00BFE83D002070B50C4C0546204667
:10B2F0000E4604F0DDF908B1132D01D9002070BD10
:10B300002846FFF781FE0028F8D0F01D04EB8000EE
:10B310002946BDE8704004F0CBB900BFE83D0020ED
:10B32000F8B50E4C0546204617460E4604F0C0F907
:10B3300008B1132D00D9F8BD2846FFF765FE002897
:10B34000F9D0F01D04EB800029461FB9BDE8F84094
:10B3500004F0A4B9BDE8F84004F086B9E83D002047
:10B36000034B9B680A4601461846FFF72FBE00BFF5
:10B37000E83D0020F8B50A4C05460E462046294611
:10B38000174604F095F900B9F8BD063504EB8504BD
:10B390003A4660683146BDE8F840FFF717BE00BF87
:10B3A000E83D0020AADF7047007800F001007047F8
:10B3B0000078C0F34000704770B58C7890B01346A9
:10B3C000002C40F0AF8001228DF80E204A7C0C88C2
:10B3D000ADF80C40013A00248DF80240ADF8004071
:10B3E000042A09D8DFE812F00500C600CA00CE0022
:10B3F000C20011228DF800208C7C013C042C09D85D
:10B40000DFE814F00500C800CC00B000C400112231
:10B410008DF80120CD7B9DF802400A7C0E7B65F300
:10B42000C3040D7D62F30414002D4A7B14BF022572
:10B43000012566F3000465F3420412F0300F4FF06B
:10B4400000058DF80240CDE90955CDE90B55CDE950
:10B450000D550F9569D10022CDE906224D7B08924A
:10B460008C688A7B8DF824508DF8252003AD8A885E
:10B47000CDF814D00495ADF81C201CB1CA880894EE
:10B48000ADF818208C69002C2FD000268DF80660AE
:10B49000ADF804602688227BADF82C606688ADF894
:10B4A0002E6001AD66680A96013A0D95042A28D8E7
:10B4B000DFE802F024948488900011228DF80520A2
:10B4C000A67A9DF80650E27A66F3C30562F3041586
:10B4D000A27B267A002A2C4666F3000414BF0222BF
:10B4E000012262F342048DF80640CA6902B10C924F
:10B4F00009A904AAFFF756FF10B070BD11228DF8FC
:10B500000420627B013A042ADAD801A555F822F01A
:10B51000BBB40300ADB50300B5B50300A5B503008A
:10B52000CDB503008DF80E4050E7CA7CADF8085049
:10B53000013A8DF80A50042A07D8DFE802F0035FC9
:10B540005B57530011228DF809209DF80A2002ACA8
:10B550000E94012464F3420211248DF80A208DF820
:10B56000084078E712228DF8012053E722228DF857
:10B57000002041E721228DF800203DE731228DF89F
:10B58000002039E712228DF8002035E722228DF8BD
:10B5900001203FE721228DF801203BE731228DF881
:10B5A000012037E712228DF8052089E721228DF846
:10B5B000052085E731228DF8052081E731228DF8BD
:10B5C00004209EE712228DF804209AE722228DF8AB
:10B5D000052075E722228DF8042092E721228DF8BC
:10B5E00004208EE722228DF80920AEE712228DF882
:10B5F0000920AAE731228DF80920A6E721228DF83B
:10B600000920A2E790DF7047A5DF7047B5DF7047DC
:10B6100010B5002384B004466A46184602A9ADF866
:10B620000840ADF80A4003930093ADF80430FFF7EB
:10B63000E9FF04B010BD00BF08B90E20704730B458
:10B6400003464FF017151B240020172219611D60B7
:10B6500041F61B311C71DA801A819872D872998177
:10B6600030BC70478388C3B930B50288232A83B0C1
:10B670000C4613D036D93A2A18D0552A3FD0242A5E
:10B680005ED0A37A3BB1E1880020FFF7BDFF10B97F
:10B690000123A072E37203B030BD7047007A0B7BC8
:10B6A000984228BF1846FFF7B3FFEAE74289C988E6
:10B6B00025698A4228BF0A46172A38BF17222281E5
:10B6C00065B1E17A51B140F67721ADF80010ADF8DF
:10B6D0000230ADF8042069462046A8470023E372F3
:10B6E000A372D8E7102A3FD0112ACAD1172241F6F7
:10B6F0001B31A372E372E2802281A181CBE7C28871
:10B70000C988A372172A38BF17228A4228BF0A465F
:10B7100018462281FFF77AFFE37A002BB1D1226924
:10B72000002AAED02189ADF8023040F67720ADF87E
:10B730000000ADF80410204669469047A37AA1E7BF
:10B740000A69017A6173002A9BD04DF67A20ADF820
:10B750000430ADF802308DF80410ADF800006946F1
:10B7600020469047A37A8DE7C37B08790873012BA5
:10B770000CBF2188C988238908BFE1808B4204D38C
:10B78000637B8342BFF47DAF8DE70020FFF73CFF72
:10B7900018B90123E372207BF2E7112809BF0123C6
:10B7A000207B207BA372EBE72DE9F041DFF8988046
:10B7B00000238AB04FF6FF7088F80030CDE90033DF
:10B7C00000F0E8FC4FF6FF76B0421FD0044648F286
:10B7D000096707E000F070FC204600F0DBFCB04297
:10B7E000044613D0A4F58045ADB228466A4602A9A6
:10B7F00003F088FEB8422046ECD0284603F0F2FD64
:10B8000048F207629042034603D043B90AB0BDE84C
:10B81000F081012388F800300AB0BDE8F0810022F1
:10B820000721079305A84FF6FF73CDE90522CDE95F
:10B830000822ADF818408DF81410ADF8163000F05D
:10B8400065FA0AB0BDE8F0810544002010B583898F
:10B85000047886B003F5804300229BB2611ECDE9D7
:10B860000122CDE90322ADF808300592042913D84E
:10B87000DFE801F03232321903004368002B55D162
:10B8800013238DF804304FF6FF7301A8ADF808308C
:10B89000ADF8063000F03AFA2D4C23780BB1FFF7E3
:10B8A00083FF06B010BD43F6FE729342F4D8C289FE
:10B8B000002AF1D14268002A42D00B2303928DF86E
:10B8C0000430234C01224FF6FF7301A82270ADF81B
:10B8D000063000F01BFAE0E743F6FE729342C1899E
:10B8E0001ED8D0E90132A4F10304B4FA84F4640947
:10B8F0008DF80C108DF80D400492E3B99DF81430CA
:10B90000082243F001038DF814308DF804204FF61F
:10B91000FF7301A8ADF806300D4C00F0F7F9BCE755
:10B9200001F580439BB29342DBD9B5E71422039320
:10B930008DF80420A7E7092205938DF80420E6E797
:10B9400018460A238DF8043000F0B6FBB9E700BFB3
:10B950000544002010B5A1F5804182B0A0F58040DB
:10B96000002489B26B4680B2CDE9004403F08EFD1D
:10B97000A04214BF0520204602B010BD30B51848C3
:10B9800089B003F063FB30BB03F078FB0546F0B9E8
:10B9900000F072FBCDE903550DE005A803F0C2FCF1
:10B9A000019B9C8804F58044A4B205A803F0E4FC44
:10B9B000204600F069FB05A903AA4CF2070003F03A
:10B9C00081FD01A90028E8D0284609B030BD8625B0
:10B9D000284609B030BD0325284609B030BD00BF58
:10B9E0004DB80300F0B5FF2887B004D8012906D070
:10B9F0000C1F052C03D90725284607B0F0BD1646B5
:10BA000003AA1F460C46FFF7A5FFE0B901A903A84A
:10BA100003F088FC0546B0B9019BB4705B883380A5
:10BA20000299A7B13A6870689C00A24228BF2246DA
:10BA3000164609F0A5FAB4420BD803A803F09CFC03
:10BA4000284607B0F0BD0525284607B0F0BD716057
:10BA5000F3E70C25F8E700BF024B0022C3E9002200
:10BA6000704700BF643E0020012804D0031F052B4F
:10BA700001D90120704770B5044686B0A0F580401A
:10BA800016460D4680B203A90D4A03F01BFD10B106
:10BA9000002006B070BD01A903A803F043FC0028F4
:10BAA000F6D1DDE9012193885288328003F5804385
:10BAB000B470716003A82B8003F05EFC0120E8E7FE
:10BAC000643E0020F0B5FF2887B005D88C78012CA3
:10BAD00006D0231F052B03D90724204607B0F0BD4D
:10BAE0000B46A4F5804621465C681B88ADF80260D1
:10BAF000A0F58047154603AAADF80070CDE90143D3
:10BB0000FFF728FF052813D0694603A803F062FC5D
:10BB1000044648F206639C421AD00FD948F20763E4
:10BB20009C4203D048F20D639C420FD11124D4E70C
:10BB3000694603A803F04AFC0446EAE734B9002D3D
:10BB4000CBD0294603A803F0FDFCC6E70324C4E7D5
:10BB50008624C2E74FF6FF7000F096BAFF2806D899
:10BB600008B500F097FAFFF71FFE002008BD072078
:10BB7000704700BF00F0B4BA00F0BCBA00F0E2BAFF
:10BB800000F008BB00F00CBB70B41D4E054600224F
:10BB900002EB4203980036F82330AB4205D0013265
:10BBA000042AF5D1002070BC7047304483788B4262
:10BBB0001ED0531C042BF5D05800C41836F824406E
:10BBC000AC420ED002EB420206EB820202E0948904
:10BBD000AC4205D00133042B02F10C02F7D1E1E7AE
:10BBE0005800184406EB80001A4683788B42E0D157
:10BBF000837A9B07DDD14368002BDAD170BC704794
:10BC0000BC3F002070B5037A05465BB10D4E0024A1
:10BC1000697A2144C9B2304601F060F82B7A0134C8
:10BC2000A342F5D8AB7A002203F0FD03FF204FF6C4
:10BC3000FF716FF3000368722A72AB722980A970DA
:10BC40006A6070BDAC3F002010B582B08278417A46
:10BC5000044600232B48CDE900338DF8022001F083
:10BC600023F8002839D0237AA178019003EB8303CD
:10BC70009B004A1EADF800308DF80210072A08D844
:10BC8000DFE802F01E070707071E042E1423ADF895
:10BC900000306946221D2088FFF714FF07280DD0C9
:10BCA00012D9112822D0862817D1A37A164A03F078
:10BCB000FD0343F001030121A372117002B010BD16
:10BCC0000123ADF80030E4E738B9A37A60F341030B
:10BCD00060F30003A37202B010BD032002B010BDD8
:10BCE000838809339B08ADF80030D2E7A37A064A6F
:10BCF00043F002036FF3000301210020A3721170CF
:10BD000002B010BDAC3F0020064400202DE9F047F2
:10BD1000444EC168044686B03746334600205A6810
:10BD2000914203F10C0375D001300428F7D10020B3
:10BD30002378092B19D0132B69D0082B5FD04FF033
:10BD40000008204600F0EEFA204601F08DFDDFF8F5
:10BD5000D890204604F050FB204604F01DF999F8D5
:10BD600000307BB906B0BDE8F087637A002BE6D1DE
:10BD7000002854D0827ADFF8B090436042F002028B
:10BD800098468272002489F800404FF0010A63004F
:10BD90001A1907EB8202927A91072DD4D20727D580
:10BDA00089F800A0B8F1000F22D023449D0070193B
:10BDB000FFF74AFFE0B17B5BADF8083086284FF60D
:10BDC000FF73ADF8063016BF03900623072301A8C2
:10BDD0008DF8043000F0A6FA01A801F045FD01A895
:10BDE00004F00AFB01A804F0D7F806B0BDE8F0871C
:10BDF0000134042CCBD1B5E789F800A0D5E7657AEA
:10BE0000002D9CD158B1FFF7FDFEA84699E74FF0F1
:10BE1000010896E700EB400007EB800088E78046CA
:10BE20008FE700BFBC3F002006440020F0B5174E4E
:10BE3000002183B033460D464FF6FF74FF2701EB18
:10BE4000410206EB82021C809C705F72907A013185
:10BE500000F0FD006FF300000429907203F10C0361
:10BE600003F8045C43F8085CE9D15023CDE90013E2
:10BE70004FF4A072064B0749074800F0C7FE0028A0
:10BE800014BF0320002003B0F0BD00BFBC3F002062
:10BE9000EC3F00206C3E0020AC3F0020F8B51E4F68
:10BEA0000646002505EB45039A0037F82330B342D8
:10BEB00005F101040AD0042C2546F3D13046FFF7E2
:10BEC0004DFE10B1072818BF0320F8BD3A44917801
:10BED0003046FFF759FE08B1FFF794FE042C2346C5
:10BEE000ECD06200111937F82110B1420ED005EBE9
:10BEF000450507EB850202E09189B14205D0013387
:10BF0000042B02F10C02F7D1D8E75A001A441D465F
:10BF100007EB82025C1CDAE7BC3F00200023FFF73E
:10BF200061BD00BF83B32DE9F041CD1F012D0C464B
:10BF300025D8551E032D22D807461E461546FFF765
:10BF400023FE804688B3037AAB421BD198F80910D0
:10BF5000FF291FD0002788F80850254800F0A4FECC
:10BF600068B305EB85031B019BB29B083380B4705B
:10BF700070600FB1082C09D00020BDE8F0810720C7
:10BF8000BDE8F0810F20FBE70E2070479B00063BC9
:10BF90008380F1E72946164800F04EFEFF2801464F
:10BFA00088F809000FD00127D5E7FF214FF6FF7071
:10BFB000FFF7EAFD804620B107808470C6E70320C2
:10BFC000DEE71120DCE798F80A3088F8020003F079
:10BFD000FD0300226FF300034FF6FF7188F80A306B
:10BFE000A8F8001088F80820C8F804201120C7E736
:10BFF000AC3F002008B5FFF7C7FD18B1FFF702FE00
:10C00000002008BD052008BDCB1F012B01D907204A
:10C01000704770B50646104615460C46FFF7AAFD58
:10C0200050B130462146FFF7AFFD38B1058084702E
:10C03000BDE87040FFF708BE072070BD052070BD49
:10C040004FF6FF73984210B509D0FF2804460FD869
:10C050000846214603F012FB50B9204610BD0846A1
:10C060004FF4807103F02EFB80B2B0F5807FF5D1E4
:10C070004FF6FF7010BD00BF40220021014808F0BC
:10C08000A3BF00BFF03F00200149FFF7D9BF00BFA9
:10C09000F03F00204FF6FF72904209D010B50549DD
:10C0A0000446FFF7CDFF201AB0FA80F0400910BD1A
:10C0B0000020704710400020FF2800D9704710B5BD
:10C0C00001460446044803F0E9FA21460348BDE866
:10C0D000104003F0E3BA00BFF03F00201040002002
:10C0E000FF2801D9002070470146014803F0E0BA5B
:10C0F000F03F0020FF2801D9002070470146014889
:10C1000003F0D6BA1040002038B54FF6FF739842BE
:10C110000D4615D0013084B2FF2C04D90CE09CB23E
:10C12000B4F5807F08D02146284603F0C1FA631C8D
:10C130000028F4D0204638BD4FF6FF74204638BDA5
:10C140000024F0E7F8B51149FFF7DEFF4FF6FF7561
:10C15000A84217D0FF28044612D80D4EA6F120079A
:10C1600007E02046FFF7D0FFA84204460AD0FF2C84
:10C1700006D82146304603F09BFA39460028F0D114
:10C180002046F8BD4FF6FF742046F8BDF03F002072
:10C19000104000200149FFF7B7BF00BF104000204A
:10C1A00070B50024064E25462146304603F080FA3D
:10C1B0000134B4F5807F0544F6D1284670BD00BF38
:10C1C000F03F0020074B1A7802B9704710B50446BB
:10C1D00004F0D8FC204601F0A3FB2046BDE8104047
:10C1E00003F0BCBF0844002010B504462046FFF70A
:10C1F000C5FC0446FFF7C0FC0028F7D1204610BD5F
:10C2000010B582B0002401926A460094FFF7EAFB61
:10C2100002B010BD2DE9F04F87B083464FF6FF7096
:10C220008A4601929946FFF7A9FC00250421CDE931
:10C23000031503AB04AA062102AE04460295059637
:10C24000FFF7D0FB07283FD04FF6FF77B8464FF0F7
:10C25000FF3660B1052814D12046FFF78FFC03ABF1
:10C2600004AA06210446FFF7BDFB0028F2D1029B79
:10C27000AB4224BFA0461D46B3423CBF1E462746E4
:10C28000EAE74FF6FF739C421AD1A04520D0A7429F
:10C290000CBF05200020BBF1000F01D0ABF80080DF
:10C2A000BAF1000F01D0CAF80050019B03B11F8002
:10C2B000B9F1000F05D0C9F8006007B0BDE8F08FF4
:10C2C000032007B0BDE8F08F052007B0BDE8F08F70
:10C2D0000520E0E70F4B70B51C7814B90E4B1C70AD
:10C2E00070BD0E4D0E4E0023294630461A46FFF70C
:10C2F00091FF052805D0B0FA80F4074B64091C7043
:10C3000070BD00232B60044B4FF6FF7232801C700F
:10C3100070BD00BF084400200A44002030400020C7
:10C32000E64300202DE9F041054686B0808804F000
:10C33000EBFA2B786880083B032B3BD8DFE803F04F
:10C34000283D1702654A664E11783378002940F07F
:10C350008A804BB1634F002457F824302846984711
:10C36000337801349C42F7DB06B0BDE8F0815B4CCA
:10C370002378002B37D15C4B1B78DBB15B4BAA8851
:10C380001B889A4216D1564EFFF7A4FF3378E0E798
:10C390006B7A2BBB56490A681AB1E868824200F0F2
:10C3A0009480514B1B782BB1504BAA881B889A4222
:10C3B00000F086804A4E3378CBE7494E6A7A33786C
:10C3C000002AC6D14A4801680029C2D0EC68A142BF
:10C3D000BFD1484C02602168EA6001392160B8E7AA
:10C3E000012BE7D1DDE74FF6FF70FFF7C7FB4FF6F4
:10C3F000FF7398420646BED1FFF7C2FBB042BAD1E6
:10C40000374E327800230DF104080C21019323707C
:10C41000C8E90133C8E90333ADF80800ADF80600F8
:10C420008DF804109AB12F4F1C4657F82430284637
:10C430009847337801349C42F7DB43B1002457F826
:10C44000243040469847337801349C42F7DB264B32
:10C450001B78002B88D0254AAB8812889A4283D15A
:10C46000FFF738FF80E70DF1040800240D21019447
:10C470001470C8F80440C8E903444FF6FF728DF801
:10C480000410A968ADF80820ADF806200391002B30
:10C490003FF46AAF134F57F8243028469847337853
:10C4A00001349C42F7DB002B3FF45EAF002457F8C9
:10C4B000243040469847337801349C42F7DB53E7F9
:10C4C0002B7A062B7FF476AF5DE7084A044EA888E6
:10C4D0000B60EB60108033783BE700BF074400201F
:10C4E00009440020344000200A440020E643002094
:10C4F000404000203040002078B1F8B5074E337836
:10C5000053B1074F0546002457F824302846984772
:10C51000337801349C42F7DBF8BD704709440020B2
:10C5200034400020F8B5074E337853B1064F054626
:10C53000002457F8243028469847337801349C4229
:10C54000F7DBF8BD0944002034400020FFF7EABFC4
:10C55000FFF7E8BF38B5FFF711FAD0B9FFF766FC6F
:10C56000B8B901F0A5F9A0B900F078FC88B903F0DA
:10C5700079FD70B903F04CFF58B9074A074C0849D8
:10C58000084B10604FF6FF750122258008701A7065
:10C5900038BD032038BD00BF40400020E6430020E6
:10C5A0000A440020084400200A4B1B787BB10A4A49
:10C5B0001378022B09D810B4591C084C117044F898
:10C5C000230000205DF8044B7047042070470820CA
:10C5D000704700BF08440020094400203440002078
:10C5E000034B1B780BB101F0B5B90820704700BFB1
:10C5F0000844002008B5054B1B782BB101F0CCF99D
:10C60000082808BF112008BD082008BD08440020E4
:10C6100009B101F0BFB97047024B1B7803B97047ED
:10C6200003F060BE08440020034B1B780BB104F0FC
:10C6300003BA0820704700BF08440020034B1B7852
:10C640000BB104F08FB90820704700BF08440020E8
:10C65000034B1B780BB101F05BB80820704700BF9B
:10C6600008440020084B1B7843B151B110B50C466B
:10C6700004F0D8F800232080184610BD082318467F
:10C6800070470E231846704708440020024B187864
:10C6900000B97047FFF776BA084400202DE9F04F43
:10C6A000614C94F8008089B0B8F1000F00F09F80D1
:10C6B000894600294CD08246002849D014460A6891
:10C6C0000192002A00F09A80072B00F297804FF623
:10C6D000FF750027AC420F6000F09B80002203F042
:10C6E000020117460492CDE905220792009103F05A
:10C6F000010203F00401CDF80C80CDF808A003F08E
:10C700000305884692467DB1002306AA07212046EC
:10C710000793FFF767F9052827D0D0B9BAF1000FC2
:10C7200041D1009B002B6DD1B8F1000F5CD1029A72
:10C7300022F81740019A7B1C9A421F4602D93A4BB5
:10C740001B784BB9C9F80070002009B0BDE8F08F24
:10C750000E2009B0BDE8F08F2046FFF745FD4FF6EB
:10C76000FF7398420446CED1ECE7BAF1000F42D1F4
:10C77000009B002B49D1B8F1000FE0D0DDF80CB0E0
:10C78000002304AA092120460593FFF72BF9052869
:10C79000D5D00028DDD1059B1B68002BCFD0BBF185
:10C7A000000FCCD1C3E78346079B5A7C12F0FC0FE5
:10C7B000009A13D0002ADED0DDF80CB003F110018E
:10C7C00001E09942D7D013F8012F002AF9D0B8F12F
:10C7D000000FD5D1BBF1000FB1D1A8E7002AEDD1F0
:10C7E000B8F1000FF6D0CBE74FF0000BC8E70820F8
:10C7F00009B0BDE8F08FDDF80CB0D5E7072009B02F
:10C80000BDE8F08F079BD346D8E7079BDDF80CB057
:10C81000D4E720460093FFF7E7FCA8420446009BBC
:10C820007FF45CAF90E700BF0844002000B50B4BDD
:10C8300083B01B785022019243B159B10A4601AB33
:10C840000721FFF7DDFC03B05DF804FB082003B00F
:10C850005DF804FB0E2003B05DF804FB08440020E3
:10C86000034B1B780BB104F061B80820704700BF80
:10C870000844002010B4054C24781CB15DF8044B2A
:10C88000FFF7C8BC08205DF8044B7047084400203F
:10C89000354B1B78002B38D02DE9F041334B344D0C
:10C8A000064693E8030088B02B7801AC84E80300C7
:10C8B00013B3DFF8C880D8F8005015BB2D4B2E4FAE
:10C8C0001A883B68B24224D05A1C20D0013321463A
:10C8D00030462A4A3B60FFF7F5F898B13B680022E2
:10C8E000013B11283B60C8F800200AD0862809D0F7
:10C8F000072818BF032005E0FFF7ECFC2B78002B7E
:10C90000D7D1112008B0BDE8F0810820704713206E
:10C91000F8E7002BDAD008233046194C0795CDE90B
:10C920000355CDE905558DF80C3003F0EDFF9DF86A
:10C930001C302278ADF80E0065F300030621ADF837
:10C9400010608DF8155006958DF81C308DF8141078
:10C9500042B10C4E56F8253003A89847237801358C
:10C960009D42F7DB0020CDE708440020887F0400CB
:10C970000A440020E64300203040002040400020D0
:10C98000094400203440002076DF704710B504468B
:10C9900082B059B901A9FFF75BFE43F2020290424F
:10C9A00000D0B0B99DF804309B0710D40021204678
:10C9B000FFF720FE58B1112809D00D2810D00B2800
:10C9C00005D043F20202904201D001F041FD02B0D5
:10C9D00010BD01F03DFD9DF804309B07F7D4E5E75D
:10C9E00020461321FFF7D0FFF1E700BF017839B1EE
:10C9F000072900D0704780680028FBD001F028BDCF
:10CA00004088FFF7C3BF00BF2DE9F041037886B02F
:10CA10000446142B1BD8DFE803F00B1A4C1A1A1A21
:10CA20006A1A1D1A1D1A1A1A1A1A1A1A1A235C00DF
:10CA30008088FFF72DFF862868D0112866D013283C
:10CA400003D8584BC340DB0701D401F001FD06B009
:10CA5000BDE8F081544B01221A7006B0BDE8F081A8
:10CA6000524B534A1C68504B524F002504F10808A2
:10CA700015701D704FF6FF76624202F0070204F057
:10CA8000070358BF5342013437F81320B24201A8BC
:10CA90000AD0029527F813600195CDE90355059555
:10CAA000ADF80820FFF7B0FFA045E5D106B0BDE81E
:10CAB000F081037A012BCAD800238288059301A84C
:10CAC000CDE90133CDE90333ADF80820FFF79CFF32
:10CAD000BDE78368364948F20D6200209342087032
:10CAE00002D0B3F5064FB2D100F066F8AFE7304C94
:10CAF0002378002BABD12C4D2B78E3B102F09CFCBA
:10CB0000B0B148F207629042A1D09EE72749294A76
:10CB10000B68A08822F8130001335A4202F0070282
:10CB200003F0070358BF53420B6000F045F88EE74F
:10CB3000012323708BE701A802F00EFD30BBBDF886
:10CB40000A30002B14BF012300232B70D6D1002301
:10CB500001AA19461846FFF78DFE064628B1431F65
:10CB6000012B7FF674AF30466FE7BDF80400FFF786
:10CB700077FE064608B101F06BFC0122731F934259
:10CB80002A707FF664AF002EB8D0ECE701F060FCAD
:10CB9000BDF80A30002B14BF012300232B707FF453
:10CBA00056AFD4E7C10008002D23002044400020E8
:10CBB0000B440020E420002000B587B000230622AB
:10CBC00001A8CDE90133CDE9033305938DF80420A5
:10CBD000FFF71AFF07B05DF804FB00BF42685AB1C7
:10CBE000FF2938B50D4606D00446BFF35F8F1046C7
:10CBF00002F05EFD08B938BD70476068BFF35F8F13
:10CC00002946BDE8384002F049BD00BF70B4DDE9F7
:10CC1000034570B169B163B105FB04F6964208D8CB
:10CC20003CB135B1C0E90245C0E9001370BC002039
:10CC30007047072070BC7047F8B5002830D00368F3
:10CC400006466BB3406858B3B3684BB300250F4634
:10CC5000FF2429460EE0FF2C19BF2B1B01330123B3
:10CC60002C469F421DD00135B368EDB29D42294646
:10CC700016D2706802F002FDBFF35F8F0028EAD081
:10CC8000FF2C0BD0AC4209D23368214630460BB1A1
:10CC9000FFF7A4FF0134E4B2AC42F5D1FF24E2E790
:10CCA000FF242046F8BD00BFA8B102689AB14268CF
:10CCB0008AB1FF2938B50D460BD00446BFF35F8F0C
:10CCC000104602F0F5FC20B1E368206803FB050084
:10CCD00038BD002038BD0020704700BF18B1036880
:10CCE0000BB1FFF77BBF70477EDF70477FDF704778
:10CCF00086DF704710B50446408803F093FDA0809E
:10CD00002046BDE8104000F06FBD00BF00B587B001
:10CD1000002304220193ADF806000DEB0200CDE9DB
:10CD20000233CDE904338DF80420FFF7E3FF07B0A9
:10CD30005DF804FB30B50E4D87B0002403948DF8E8
:10CD40000C10ADF80E202978019422460325049496
:10CD5000ADF806008DF81030029405948DF804505B
:10CD6000FEF7DEFA01A8FFF7C5FF07B030BD00BF30
:10CD70002F23002030B5134B0A1C87B018BF0122A7
:10CD80000C4619780546FEF7CBFA0F4BA4F10102C9
:10CD9000B2FA82F2197828465209FEF7C1FA002346
:10CDA000012201A801930393ADF806508DF80C40C1
:10CDB0000293CDE904338DF80420FFF79BFF07B001
:10CDC00030BD00BF3123002030230020F0B51D4BC3
:10CDD00087B00D46197816460446FEF785FA38B92D
:10CDE000014633462A462046FFF7A4FF07B0F0BDB0
:10CDF000154B20461978FEF777FA04F58073002862
:10CE00004FF0070198B214BF01270227FFF7F2F88D
:10CE100078B105280DD00023CDE901330390CDE989
:10CE2000043301A80723ADF806408DF80430FFF75E
:10CE300061FF33462A4639462046FFF77BFF07B09D
:10CE4000F0BD00BF3123002030230020024B0A78C0
:10CE50001978FEF765BA00BF2E230020F8B5184CEC
:10CE60002378182B28D0174D2B78182B20D0164E4E
:10CE70003378182B18D0154F3B78182B10D0237807
:10CE8000182B0BD02B78182B08D03378182B05D003
:10CE90003B78182B0CBF03200020F8BD0320F8BD01
:10CEA000FEF718FA3870EAE7FEF714FA3070E2E796
:10CEB000FEF710FA2870DAE7FEF70CFA2070D2E7D6
:10CEC0002F23002031230020302300202E23002098
:10CED0002DE9F0418AB00E4617460546FEF74AF99D
:10CEE00020220446002102A808F06EF8012C10D080
:10CEF00054B1002E6AD1852102AB28460022FFF7EB
:10CF0000F5FE0AB0BDE8F08143F202000AB0BDE8C8
:10CF1000F081DFF8D080002298F800102846FEF754
:10CF2000FFF9002E5AD0284603F07CFC4FF6FF7321
:10CF3000984229D13378DA0758BF002139D505F551
:10CF4000807080B26B4601220721FEF7EBFF1128AB
:10CF5000D7D000283ED101465022019808F034F87D
:10CF600001991F4A0B4601F1180C03F8344B28466F
:10CF700005974F1C11310293CDE906C7099203F0C2
:10CF800067FC48BB014617E098F800102846FEF7FA
:10CF9000ABF90028CED12846FFF7B8FE98F800106C
:10CFA0002846FEF7A1F90028C4D13378DB0715D451
:10CFB00085210B4B05970993012C9DD102AB32467D
:10CFC0002846FFF793FE0AB0BDE8F081284603F03B
:10CFD00029FCAFE7032094E7082092E78521EDE7DD
:10CFE000484000202E23002038B50C460546FEF7A9
:10CFF000C1F801280AD13CB121462846FFF774FE4A
:10D00000042808BF112038BD204638BD43F2020075
:10D0100038BD00BF2DE9F0470388113B88B00446B6
:10D02000092B2ED8DFE803F0522D05682D2D2D2D6C
:10D03000A1308088FEF79EF8012811D1227AA588B8
:10D04000BA4B12F0010F08BF0226024618BF012694
:10D0500028461978FEF764F931462846FFF78AFE1C
:10D0600034F8041F0434002303A805220594CDE9F5
:10D070000333CDE90633ADF80E108DF80C20FFF721
:10D0800039FE08B0BDE8F087A94B80881978FEF713
:10D090002BF905460028F4D1A088FEF787F8002870
:10D0A00000F0DA80A14BA08819782A46FEF738F9FB
:10D0B000A388ADF80E3003A802238DF814508DF824
:10D0C00015508DF80C30FFF715FEDAE7037A8588E6
:10D0D000964A3D2B284641F23D03117814BF4FF488
:10D0E00088541C46FEF700F90028CAD0214628467D
:10D0F0000022FFF76BFEC4E700F11006304603F094
:10D10000DFFB4FF6FF7398420546074678D001468D
:10D11000A08803F001FCA788844B384619780122C7
:10D12000FEF7FEF838460021FFF724FE284601AA44
:10D130000721FEF7F3FE002875D0002500231A46CC
:10D140002946A088FFF7D4FD08289AD0002840F08F
:10D150008B80A37EDB0794D5002D92D1A0882B462F
:10D1600041F20602FFF7E6FD8BE7704B057A19786E
:10D17000868875B1427A304602F00304FEF7B4F8AF
:10D1800000283FF47EAF224629463046FFF71EFEB8
:10D1900077E72A463046FEF7C3F8637A13F00403B4
:10D1A0004CD006F58077BFB2384601AB012207218B
:10D1B000FEF7B8FE804600285CD003AF0723384650
:10D1C0000395CDF814808DF80C30ADF80E60049501
:10D1D000CDE90655FFF78EFD637AA1888DF81550CD
:10D1E00013F0040F0CBF0222012202233846ADF8CF
:10D1F0000E108DF814208DF80C30FFF77BFD40E702
:10D20000A08803F00FFBB4F80480484B054619785A
:10D2100040460122FEF784F840460021FFF7AAFDB0
:10D22000BD428AD082E7A37ED90786D5029D95F8B4
:10D230004430DA0740F1B98034357FE7A288ADF891
:10D240000E2003A802228DF815308DF80C208DF8E1
:10D250001420FFF74FFD14E701460123A08841F297
:10D260000602FFF767FD0CE70590A188002303A8DD
:10D270000722FCE6304603F0D5FA4FF6FF739842DA
:10D28000054681461DD0C14638462A460721FEF78D
:10D29000BBFE034600284FD1637AA288ADF80E206A
:10D2A00013F0040F0CBF022101210222012303A865
:10D2B0008DF814108DF80C208DF81530FFF71AFD3D
:10D2C000DFE60146029803F08DFA4845054682469E
:10D2D0005FD0DFF860A00146304603F01DFB9AF8EE
:10D2E00000103046FEF700F881460028CBD13046CA
:10D2F000FFF70CFD9AF800103046FDF7F5FF002807
:10D30000C2D1637AA1888DF8150013F0040F0CBF09
:10D3100002220122022303A8ADF80E108DF814207A
:10D320008DF80C30FFF7E6FCABE600BF2F230020A2
:10D33000312300202E230020862803AF3ED04FF05B
:10D340000008384605930723CDE90388CDE9068810
:10D350008DF80C30ADF80E60FFF7CCFC637AA18835
:10D360008DF8158013F0040F0CBF02220122022356
:10D370003846ADF80E108DF814208DF80C30FFF7FC
:10D38000B9FCB9F1000F3FF47CAE284603F0CEFAA9
:10D3900077E6FEF7DFFB5045054632D0294630469A
:10D3A00003F0BAFA4FF001096EE7314605F1460085
:10D3B00003F06CFA00287FF43FAFBEE60023384646
:10D3C0000622CDE90333CDE9053307938DF80C2010
:10D3D000ADF80E60FFF78EFC637AA288ADF80E20E0
:10D3E00013F0040F0CBF0221012102220123384651
:10D3F0008DF814108DF80C208DF81530FFF77AFC9D
:10D400003FE603AF042307223846CDE9038805939E
:10D41000ADF80E60CDE906888DF80C20FFF76AFCA8
:10D42000637AA1888DF81580DAE600BF28B3027808
:10D4300002F08203802B1ED0C2F30213042B1AD8F1
:10D4400002F0F203322B16D0437881788B4212D847
:10D45000062B10D910290ED8C17810B411F004048D
:10D4600005D10379580702D40B43190706D50020CC
:10D470005DF8044B704700207047704703F00300CD
:10D48000D30703D5003018BF0120F1E7B0FA80F0D0
:10D490004009EDE731F0080323D0112921D070B500
:10D4A0008AB000230D29064615460C46CDE9053302
:10D4B000CDE90733099315D003F0B4F90723ADF88C
:10D4C0001660ADF8180005AD8DF814300FCD6E461E
:10D4D0000FC62B68336068460294FFF70DF80AB058
:10D4E00070BD704703F09EF90323ADF81660ADF8E8
:10D4F000180005AC8DF814300FCC6E460FC62368AB
:10D5000033607DB12B7813F0010F0CBF0222012292
:10D5100041F2011368468DF80820ADF80A30FEF795
:10D52000EBFFDCE70222F3E72DE9F043244B8FB059
:10D530000025CDE90A551B68099309AC07468946C1
:10D5400094E807000DF1040888E807003846C4E9AC
:10D550000355C4E90155099503F064F90523ADF8B5
:10D560002800ADF826708DF824300FCC04AE0FC61D
:10D570002368336004A8CDF81890CDF81C80FEF71E
:10D58000BBFF104B01991A683846FFF7A1FC0E4B00
:10D59000A0F11102B2FA82F2044619783846520913
:10D5A000FDF7BEFE094B2A4619783846FDF7B8FE4E
:10D5B00021463846019AFFF76DFF0FB0BDE8F083B2
:10D5C0009440002088400020352300203423002090
:10D5D0000021FFF7A9BF00BF2DE9F04706468EB036
:10D5E000904699460D4600294DD1384B0A911B684B
:10D5F00009930B9109AC94E807000DF1040A8AE83D
:10D6000007003046C4E90355C4E90155099503F004
:10D6100009F90527ADF82800ADF826608DF82470CB
:10D620000FCC0DF1100CACE80F002368CDF81CA056
:10D6300004A8CCF80030FEF75FFF254BDDF804A00E
:10D640001B785BB3424651463046FFF7CDFC1128AC
:10D650000446204B27D0002219783046FDF760FEA3
:10D660000B2C19D012D8BCB1082C15D00327B9F156
:10D67000000F04D0524621463046FFF70BFF3846D4
:10D680000EB0BDE8F0874FF0000ADBE70D2C03D0A9
:10D6900043F202039C42E9D12746E8E79DF80D30AA
:10D6A000002BCFD1EBE7197801223046FDF738FE89
:10D6B000094B2A4619783046FDF732FE074B4246A1
:10D6C00019783046FDF72CFE0027D0E79440002063
:10D6D0000C44002034230020332300203223002078
:10D6E000094B70B519780446FDF7FEFD074B05465A
:10D6F00019782046FDF7F8FD2A4601460123204609
:10D70000BDE87040FFF768BF3223002033230020BC
:10D7100000293AD0F0B583B005460C46FDF730FD40
:10D72000064670B3284603F07DF8A6F1020623787A
:10D73000B6FA86F64FF6FF72821A4FEA561618BFEF
:10D74000012266F3000362F3C303237007462846F1
:10D75000FDF72CFD237860F3410323702846FDF785
:10D7600039FD237860F3820323702846FDF746FDD8
:10D7700068B10120237860F304130020237003B004
:10D78000F0BD43F2020003B0F0BD0E207047284602
:10D79000FDF70CFD0028EDD038466A460721FEF75C
:10D7A000BDFB20B9019B93F84430DB07E1D4002096
:10D7B000E0E700BF10B582B002ABE02203F8042D11
:10D7C0000C461946FFF7A4FF22789DF8041030B9E3
:10D7D00032EA01030CBF0120002002B010BD00237B
:10D7E000184602B010BD00BF30B50378052B83B0DA
:10D7F000044614D0122B04D02046FEF77DFE03B061
:10D8000030BD184B40881A687AB1FDF7CFFC01464D
:10D8100068B960880A460123FFF7DEFEECE78168FD
:10D820004088FFF781FE03B030BD0121F3E7227A83
:10D8300060880025C2F340012B4661F38203C2F3E6
:10D84000000161F3C303C2F3800202A962F304136F
:10D8500001F8043DFFF7AEFF80F00102D2B2294685
:10D860006088D8E79440002008B50378083BDBB215
:10D870000B2B06D8012202FA03F340F60F021342E3
:10D8800000D108BD064B074918780022FDF772FD4C
:10D89000054B064918780022BDE80840FDF76ABD2F
:10D8A00035230020D1D5030034230020E1D6030026
:10D8B00010B5174C2378182B0DD0164C2378182B45
:10D8C00010D0154C2378182B13D0144C2378182B18
:10D8D00016D0002010BDFDF7FDFC20700D4C237804
:10D8E000182BEED1FDF7F6FC20700B4C2378182B8B
:10D8F000EBD1FDF7EFFC2070084C2378182BE8D112
:10D90000FDF7E8FC1828207008BF0320E1D110BD06
:10D91000342300203223002033230020352300202D
:10D9200008B5FFF777FB074B074918780022FDF78A
:10D9300021FD064B064918780022BDE80840FDF796
:10D9400019BD00BF35230020D1D5030034230020AA
:10D95000E1D6030010B5044670B1FFF767FD88B14A
:10D96000094B2068186021790848094A197101217A
:10D9700003601170002010BD0449054A08600121B0
:10D98000117010BD072010BD8C4000209440002075
:10D990000C440020FFF75ABA00230A461946FFF745
:10D9A0001BBE00BF10DF704711DF704710B582B09B
:10D9B00004460C496846FCF713FF019B2BB90DE0A8
:10D9C0006846FCF717FF019B43B1D3E900212046CD
:10D9D00090470028F4D1112002B010BD002002B001
:10D9E00010BD00BF947F040010B582B00446094901
:10D9F0006846FCF7F5FE019B4BB1D3E900212046B8
:10DA000090476846FCF7F6FE019B002BF5D102B06B
:10DA100010BD00BFAC7F04000B4991F81623EC2326
:10DA200052091341DB070BD5084B9A6822B11A68DB
:10DA300042F480021A6070474FF480030B60704715
:10DA400042F2020000F004BD00E100E020440020AA
:10DA5000F0B51B4D2C7883B01CBB1A4F0126204615
:10DA60003E70FFF7A3FF112818D02046FFF7BCFF38
:10DA700002A8154B00F8054D1B68019300F0F8FC57
:10DA8000124901A8FFF78EFFB0FA80F304465B0944
:10DA90009DF803002B7000F011FD34B1204603B057
:10DAA000F0BD0824204603B0F0BD094B3C701C704B
:10DAB000FFF7B2FF3046FFF797FF204603B0F0BDF7
:10DAC0000E4400200D440020907F0400FDB00200B1
:10DAD0000F440020F0B51F4D2B7883B083B3012392
:10DAE0001D4E18463370FFF761FF112824D0022025
:10DAF000FFF77AFF02A8002700F8017D00F0B8FCCC
:10DB0000FFF752FF04469DF807002F7000F0D6FC87
:10DB10009CB9124B34709A68B2B9114B4FF4800221
:10DB2000C3F88020BFF34F8FBFF36F8F0320FFF741
:10DB30005BFF204603B0F0BD0024204603B0F0BDDB
:10DB40000824204603B0F0BD1A6822F480021A604F
:10DB5000ECE700BF0E4400200D44002020440020CC
:10DB600000E100E0054B1B7833B1054B1B780BB986
:10DB7000FFF76EBFFFF7AEBF082070470D440020CF
:10DB80000E440020014B1878704700BF0E4400205F
:10DB90000B4B1B7873B10B4B9A6862B90A4B4FF46D
:10DBA0008002C3F88020BFF34F8FBFF36F8F074B06
:10DBB00001221A7070471A6822F480021A60F6E790
:10DBC0000E4400202044002000E100E00F4400202B
:10DBD00010B5084C237813B1074B1B7803B910BD5F
:10DBE000064B4FF48002C3F80021FFF715FF002316
:10DBF000237010BD0F4400200E44002000E100E01F
:10DC0000034B1B7813B1034B187870470120704702
:10DC10000E4400200F44002000B583B06846084938
:10DC2000FCF7DEFD019B43B1D3E900209047684635
:10DC3000FCF7E0FD019B002BF6D103B05DF804FB7F
:10DC4000A07F0400FFF7E8BF60DF704769DF70471F
:10DC500061DF7047134B1B781BB330B5124D91B089
:10DC600034240DF1020103A8ADF80240FFF7F0FFE4
:10DC700088B9294601A8FCF7B3FD029B002BF0D020
:10DC8000D3E9002103A8904701A8FCF7B3FD029B4C
:10DC9000002BF5D1E5E7052801D000F0D9FB11B044
:10DCA00030BD704710440020B87F0400002942D0E6
:10DCB00070B584B00023214A0A60CDE901330C46D7
:10DCC000012501A98DF804000626202003938DF874
:10DCD0000650ADF80860FFF7B9FF01A9226801936B
:10DCE0004020CDE902338DF80550FFF7AFFF01A9C1
:10DCF0002268039328460425CDE901338DF80450AA
:10DD0000FFF7A4FF0DEB0501226802934FF4E465D1
:10DD1000A12003930195FFF799FF2268019301A9C0
:10DD20000124A020CDE902338DF80440FFF78EFFD7
:10DD3000184604B070BD0E20704700BF4020002080
:10DD400008B5FFF781FF10B9014B01221A7008BD19
:10DD5000104400204BDF704710B5114C84B001A86F
:10DD6000FFF7F8FFA8B9214602A8FCF739FD039B8D
:10DD7000002BF4D0D3E900210198904702A8FCF7CA
:10DD800039FD039B002BF5D101A8FFF7E3FF002825
:10DD9000E9D0052801D000F05BFB04B010BD00BF46
:10DDA000C47F040000207047A8DF7047ADDF7047D4
:10DDB000AEDF7047B0DF704762DF70473CDF70470F
:10DDC0003DDF7047704700BFF8B10388112B17D0B3
:10DDD00010D9F0B5512B89B0044618D0532B07D178
:10DDE000314DC288EB889A4202D12B7E002B44D160
:10DDF00009B0F0BD102B09D12B4B82889A80704757
:10DE0000294B81889A88914233D070477047264DBC
:10DE10008388A8889842EBD1A379022BE8D1218985
:10DE2000EA889142E4D1A27B043A022AE0D9002692
:10DE300001AF02AA69890293CDE90466CDE90666BD
:10DE40008DF810300397FFF7B1FFF0B140F2FD13EA
:10DE5000ADF8143004A9A888FFF7ACFF1128F9D059
:10DE6000BDF81430002BC3D104F1080000F046F9CE
:10DE7000BEE74FF6FF729A80704700F0C9F900289C
:10DE8000B6D06B6902209847B2E73846FDF790FAA2
:10DE90000028DBD09DF81630ADF8146043F0010384
:10DEA0008DF81630D6E700BF9840002030B5144BEF
:10DEB00087B0DA888DF8050002248DF8061098885E
:10DEC000ADF8082000230321CDF80A302025ADF855
:10DED0000E300DEB040201ABADF8021002A98DF873
:10DEE00004508DF80A40CDE90423FFF761FF20B903
:10DEF000BDF80230032B18BF0C2007B030BD00BFA7
:10DF00009840002010B54FF0FF310020FFF758FF78
:10DF1000044608B1204610BDB121FFF74FFF04466B
:10DF20000028F7D1044B01205B6998470220FCF7D9
:10DF3000FFFB204610BD00BF9840002030B51A4BB3
:10DF400005460FCB87B002AC84E80F004DB32A68BA
:10DF5000164B4FF6FF7000215A6198801976EAB18E
:10DF6000124800F083F808B107B030BD06A94FF69B
:10DF7000596321F8143D012318460D4A8DF80630E7
:10DF8000FFF712FF0028EFD120460849FFF714FFE2
:10DF90000028E9D1054800F087F8E5E7054A5A610D
:10DFA000DEE70E2007B030BDD07F0400984000208F
:10DFB0009A400020C5DD0300B2DF70474FF0020C2D
:10DFC00000DF704710B50E4C2368BBB11A7EAAB1B2
:10DFD0000278082A0AD0092A10D1FFF793FF68B106
:10DFE000236802205B69BDE810401847027A012AC5
:10DFF00004D11A69013A1A61002AEED010BD00BF9F
:10E000001C44002017490B6853B34B6843B370B5E9
:10E01000083198470828044621D0134D2B6888B151
:10E0200000221A765A7606210120FFF73FFF18B129
:10E030002B6803205B6998472B6802205B69BDE869
:10E04000704018470121587619760846FFF72EFFD1
:10E0500028B12B6803205B6998472B681C7670BD3C
:10E06000704700BFF44000201C440020034620B14C
:10E07000034A04481360FEF797BA0E20704700BFAA
:10E080001C440020C5DF030008B501F0B1FD00B15C
:10E0900008BD0448FFF792FF0028F9D1BDE8084009
:10E0A00001F0B6BDF440002030B589B004461E2210
:10E0B00000210DF1020006F087FF2246608812F869
:10E0C000063B8DF80230042528240123ADF80050CA
:10E0D0008DF80D406946022417258DF810308DF813
:10E0E0000C308DF81130ADF804508DF813408DF8D8
:10E0F0001240FDF761F909B030BD00BF2DE9F042D3
:10E10000047B012C96B01FD13E4D2F68797E0646C8
:10E1100059BB02A8502206F057FFB88801A9FEF7A4
:10E12000A1FA48B9BDF804004FF6FF73984265D0D4
:10E1300002A9FEF77BFB18B31128347B1ED00F28F1
:10E1400014BF0421072101E02E4D02212046FFF7D4
:10E15000ADFE18B12B6803205B6998472B6802203D
:10E160005B69984716B0BDE8F08220460621FFF7AC
:10E170009DFE0028F6D01128347BE0D10621E5E78A
:10E180000DF1580C204F5CF84F0DDCF80410DCF852
:10E190000820DCF80C30BCF814900FC70DF13C0ED1
:10E1A000DCF810003860BEE80F009CF816C087F855
:10E1B00006C007F1080CA7F80490ACE80F009EE831
:10E1C000070016AB8CE80700082223F8522D2A68B6
:10E1D00007F1240190881A462346FFF7EDFE002838
:10E1E000AAD10A49A7F1140051F8083B9847002822
:10E1F000A2D12B685C7616B0BDE8F082347B072193
:10E20000A4E700BF1C440020B8400020F4400020D8
:10E2100010B5064C236800205B6998472468FDF719
:10E22000BFFF206102F08CF9002010BD1C440020CB
:10E23000A8DF7047F0B5074689B014461E460D4664
:10E24000E9B114B9204600F003F91E2200210DF1B6
:10E25000020006F0B9FE0C4B0E9A1888ADF800705B
:10E2600002236946ADF80440ADF8064002958DF8EA
:10E2700011608DF80D30FDF79FF809B0F0BD08462C
:10E2800000F0E6F8DDE700BFE843002070B586B097
:10E2900006A941F60A0321F80C3D01230446624A0F
:10E2A0008DF80E301846FFF7C3FF0546002869D1E8
:10E2B0002288002A69D12289002A40F08D80228A92
:10E2C000002A40F09680228B002A40F09F80228C0A
:10E2D000002A69D1228D002A72D1236B1BB3D3E9A6
:10E2E0000021160A100C8DF81410110E8DF8116013
:10E2F0008DF810208DF812008DF8131099684B4A94
:10E3000094F83C308DF81510080A0E0C00928DF828
:10E310001600082204A942F623208DF81760FFF7A3
:10E3200089FF00283CD1616B51B141480A7994F8CA
:10E330003C300968009042F62A20FFF77BFF78BB4B
:10E34000A26BFAB113788DF8103053888DF8113024
:10E350001B0A8DF8123093888DF813301B0A8DF844
:10E36000143094F83C30D488324A0092250A0722AF
:10E3700004A942F650208DF816508DF81540FFF78D
:10E3800059FF0546284606B070BD2B4894F83C302E
:10E390006168009042F62920FFF74CFF00288AD0E0
:10E3A0000546284606B070BD244894F83C30616AA2
:10E3B000009042F62620FFF73DFF00288AD0EFE7C5
:10E3C0001F4894F83C30E16A009042F62820FFF79D
:10E3D00031FF002881D0E3E71A4894F83C30E16827
:10E3E000009042F62420FFF725FF00283FF467AF96
:10E3F000D6E7154894F83C306169009042F6252034
:10E40000FFF718FF00283FF45EAFC9E70F4894F804
:10E410003C30E169009042F62720FFF70BFF00280F
:10E420003FF455AF0546BCE7E843002040410020DB
:10E430002841002020410020104100200041002000
:10E4400038410020184100203041002008410020C0
:10E4500000B585B000230390194601AA44F20100DB
:10E46000CDE90133ECF74AFE05B05DF804FB00BFCF
:10E4700070B4EFF3108472B60D4B9A68AAB90D49C7
:10E480000D4E01259D60D1F8805035401D60C1F8CA
:10E490008060D1F884505D604FF0FF33C1F8843064
:10E4A000027004B962B670BC704701230370F8E7CC
:10E4B0002044002000E100E0FC06FFBD094B9A6803
:10E4C0007AB170B910B4EFF3108172B6064A1C68C5
:10E4D00014605C685460986001B962B65DF8044BE2
:10E4E000704770472044002000E100E070B50A4CFE
:10E4F0000A48626886885388016882B00333002026
:10E500009BB2009003259B0001EB86010448257017
:10E5100001F078F902B070BD6C4100203842002053
:10E5200060230020014608B50548FCF7B5F8002235
:10E53000026042608260C26002614261826108BD25
:10E54000244200201D4B0A6800EB800003EB80038F
:10E550005B6803F5805072B35388033302EB830288
:10E56000824217D21368013314D05388033302EB6D
:10E57000830398420ED330B44FF6FF759488AC42B3
:10E580000AD0148844B19468013405D001200A608F
:10E5900030BC704700207047984209D91A68013290
:10E5A0001A4605D05C88033403EB84039842E5D215
:10E5B000002030BC704703F10802D1E784410020FD
:10E5C000F0B5426883B01AB11F4BDC68A2421FD27B
:10E5D00000270E4605460F800197002005E0019BAD
:10E5E0002A689C6894420DD0308801A9FFF7AAFFE1
:10E5F0000028F4D1338801339BB23380002BEBD059
:10E6000003B0F0BD114A6B6013892B8103B0F0BDDC
:10E610001B699A42DCD812F00303D9D10B4C05894F
:10E620002489A542D4D105689468A542D0D1084870
:10E630004068824206D900F58050824202D20B80A7
:10E640000120DDE71846DBE7602300206C41002055
:10E65000844100202DE9F0419C8854B9DFF86480A2
:10E6600017460E4605461C4698F8000058B101238F
:10E67000A38048F20960BDE8F08186B1198832882C
:10E6800091420CD0A0882146FFF75CFF80B123683F
:10E69000002DF2D099882A889142EED0F2E70849FD
:10E6A0009A6809893981C7E900230020BDE8F08113
:10E6B000A388206001339BB2A380002BD4D0D8E77D
:10E6C0006C4100208441002030B40E4C0E4A638817
:10E6D00003EB830302EB8302D3685BB10B4B0C4863
:10E6E0001968022205259A8025700023012230BC7A
:10E6F00001F0BCB80425516825700548012230BCE2
:10E7000001F0B4B86C410020844100203842002060
:10E710006023002008B5074B191D5888FFF712FF2A
:10E7200018B9BDE80840FFF7CFBFBDE80840FFF7C4
:10E73000DDBE00BF6C4100202DE9F04FDFF8808383
:10E74000DFF880A3DFF880B3DFF880938BB0054655
:10E75000D8F80040002C00F0898023785A1E052A42
:10E7600060D8DFE802F05237371C1C03002D40F060
:10E77000B88099F80B2099F80030002A00F0378112
:10E78000013B89F80B50062B00F2A482DFE813F05E
:10E7900034038C02AF01C401A2028F027202002D69
:10E7A00040F01C812779012F00F05581C0F02C81A9
:10E7B00005AE022F0595C6E90255356140F09E80F1
:10E7C0002846023B0690042B35D8DFE803F07E6A2A
:10E7D0005E579300A68AA07D002D40F0E080B70030
:10E7E000AD4DB91905EB8101B1F808C04A6802EBDB
:10E7F0008C02062800F2D282DFE810F01702C20174
:10E80000D301E801FC019101B701002D40F0BB806C
:10E810002279032A00F29580DFE812F0A9005A015C
:10E820009E007300002305AEC6E9033348F20E6272
:10E83000B36005930692994C04F1100554F8043B1B
:10E84000304603B19847A542F8D1514600255846B5
:10E85000C8F80050FBF744FF0121914800F0B2FFD7
:10E8600000287FF475AF0BB0BDE8F08F51465846D5
:10E87000FBF72CFF0446C8F800006EE7E388ADF80C
:10E88000203004238DF81430D5E70323E188228952
:10E890008DF81430E3680793ADF82010ADF822200E
:10E8A000C9E7A37D2289A088E168ADF82020A3F103
:10E8B0000603B3FA83F35B0902228DF82430ADF826
:10E8C000220007918DF81420B5E701232189A28841
:10E8D0008DF81430E3680793ADF82010ADF82220CE
:10E8E000A9E705AE0023B3600593C6E903334FF4EF
:10E8F0000643069305238DF814309CE748F20E601A
:10E900005FE7684E684A31686848634D00272771A1
:10E910000823009700F076FFB9F802303468B18818
:10E9200003EB830305EB830205F823705368336020
:10E93000022354601181B380002894D0D8F800409D
:10E9400023785B4905AE00224A600592C6E902229F
:10E95000326148F20D6034E7524A5448116800238E
:10E96000237102249480012200F080FFE4E74D4BE4
:10E97000504A19684D48012323710023009308234E
:10E9800000F040FFD8E705AE494A002353600593E5
:10E99000C6E9023333614FF4064306934BE702287E
:10E9A000E28876D9B7003C4DB81905EB8000D11C40
:10E9B000B0F808C0614401813E4405EB8605C2F50C
:10E9C0007F42698905AEFD320A4400216A81B16047
:10E9D0000591C6E903114FF40640F2E605AE0022A8
:10E9E000B2600592C6E903224FF40640E9E6072B20
:10E9F00000F2C081DFE813F07701BE01BE014D01D6
:10EA0000AD013E013E01A701022305AE2371304650
:10EA1000E36805930DF1120106950795FFF7D0FD08
:10EA2000002800F01D810699234A8B88E3800B881B
:10EA300023811E4800950423BDF8124000F0E2FE39
:10EA4000002840F0D481144B04EB840403EB8404CD
:10EA50000123237407E7164B1B78002B00F0F3808B
:10EA600005AE164B32462946A01DFFF7F3FD0028E0
:10EA700000F0C58148F20963104A9842C2E9005586
:10EA80003DD1C6E90055C6E90255356128462378CF
:10EA900097E6014DB7008FE78441002054410020E4
:10EAA0003442002038420020E47F0400602300202C
:10EAB00064410020EC7F0400E07F04004442002019
:10EAC0008041002078410020244200206C41002039
:10EAD000B44D2B78022B40F0778100236968B24A4D
:10EAE0000093B2482B70082300F08CFE24E7FFF758
:10EAF000FDFC00283FF4B7AED8F8004005AE002278
:10EB000041F61D5123783261C6E90022C6E902228E
:10EB1000884208BF104654E6FFF7D6FDE9E7A44B4C
:10EB2000A44A1B8803934FF0060C0023516884F815
:10EB300016C0A14A00939D48042300F063FE0028FC
:10EB400000F04D81A27DE388022A48F20D600FD8C3
:10EB50003E4405EB8605C3F57F436A89D8F800403B
:10EB6000FD3313446B8105AEC9E7E38841F61D50C0
:10EB7000B91905EB8101DA1C0C8922440A81E7E707
:10EB8000032B0CBF052306230020A375111D009045
:10EB9000042304F10802854800F034FE0028D1D196
:10EBA00061E623698148002B14BF032301234FF042
:10EBB000000CA37502F108010423CDF800C004F194
:10EBC0000C0200F01FFE0028BCD14CE6E388774819
:10EBD0004FF0010C84F816C04FF0000C02F10C014C
:10EBE0009B002269CDF800C000F00CFE00283FF425
:10EBF0003AAEA7E76F4BA0690392186000226C49F8
:10EC00005A601846FFF7DCFC039A002800F00981DF
:10EC10000223A37511460423002200926348E218E0
:10EC200000F0F0FD00288DD11DE602230020A37521
:10EC3000042311460090E2185C4800F0E3FD002830
:10EC40003FF411AE7EE75D4B0595C3E9005505AE77
:10EC5000237848F20160C6E90155C6E90355B0E5DD
:10EC600048F209600023C6E90033C6E90233336184
:10EC70002378A6E5524B534A19684C480023009369
:10EC80000724C9F80430082389F8004000F0BAFDD1
:10EC90002FE74B4AD9F804109388498803330B4473
:10ECA0000221938089F80010FFF734FD21E7B9F8BD
:10ECB00002203C4D9300134405EB83050023696853
:10ECC000394A009306240823384889F8004000F0A8
:10ECD00099FD0EE705AE0023B3600593C6E9033343
:10ECE00048F20E6305E62F4DB9F808202B78013263
:10ECF000B3FA83F300215B09A9F80820012289F8FF
:10ED00000A30A9F8021089F80B1089F800204BB1DD
:10ED1000244DEB68002289F80A201BB92A7C002ABE
:10ED200040F0898005AED8F800400020706089F876
:10ED30000000A9F80200C9F804000590C6E9020025
:10ED4000306123783DE5012389F8003099F80A30D5
:10ED5000DDE7B9F80220134D19489300991805EB27
:10ED6000810104684F6886884C60022407600E8128
:10ED70008480A0E7013B062BACD801A252F823F017
:10ED8000F9ED0300A9EC0300EFEA030019EB03001F
:10ED9000D5EC0300AFEC030075EC0300E38848F208
:10EDA0000E60E5E684410020E47F0400602300203B
:10EDB000EA43002048410020E07F04004442002054
:10EDC00038420020EC7F04001D4A05AE0123137079
:10EDD000002353600593C6E902333361DDE5039BED
:10EDE00003EB830B05EB8B0501232B743BE5D8F874
:10EDF000004048F20D6035E799F80A3087E7114C7A
:10EE000000950699104A1148A488042300F0FAFCE2
:10EE10000028ECD10E4B04EB840403EB840427742C
:10EE200021E505AE0590C6E90100C6E90300237897
:10EE300048F20960C5E4A9F80230FFF76BFC58E618
:10EE40006441002044420020E07F04006023002051
:10EE5000844100204068FFF76FBC00BF08B5012166
:10EE6000044800F097FC00B108BDBDE80840FFF77A
:10EE700063BC00BF344200202DE9F0474E4C24789B
:10EE800082B0002C4FD0002969D00D884FF6FF7456
:10EE9000A54243D04C88002C40D04C68A40763D1D5
:10EEA000002A45D0B2F800905788804601A81E4637
:10EEB0000C46FFF737FB054600285DD06368036109
:10EEC0004FF0000A0670A0F8149080F816A00121F7
:10EED0003A4800F06BFC22886388AB80032EE86020
:10EEE0002A81EF8058D0A5F80AA001A93448FBF781
:10EEF000DDFBB8F1000F0BD0324AEB681289C8F87D
:10EF000000300023A8F80820C8F8043088F80A3038
:10EF1000FFF7A4FF002002B0BDE8F08748F20360CD
:10EF200002B0BDE8F08748F2016002B0BDE8F087AA
:10EF30000F89FA1C92B240F2FE34A24219D8224D37
:10EF40002E78B6BBB5F80AC02C8964441444A4B228
:10EF5000B4F5806F2DD862446A81B146A5E748F2C6
:10EF6000046002B0BDE8F08748F2026002B0BDE87C
:10EF7000F08748F20860D3E7134B09EB890903EBEC
:10EF80008909C7F57F47B9F80A30FD371F44A9F84A
:10EF90000A7048F20760C3E7D8F80030AB6104227A
:10EFA000AA750DEB0201A5F80AA00548FBF77EFB48
:10EFB000A2E748F20660B3E7644100207C410020EC
:10EFC000244200206C410020844100208368F0B579
:10EFD00001334FF002040C8015D01B4F00F5805513
:10EFE0004FF6FF7608304FF0010CB0F802E00EF15A
:10EFF000030400EB8404A54206D20AB10123137076
:10F000004FF480630B80F0BD8388B34216D0038831
:10F01000A3B183685C1C11D03C689C4200D23B6069
:10F020000B88033373440B804388033300EB830066
:10F030008542E8D903680133D7D1F0BD002AEFD06B
:10F0400082F800C0ECE700BF7C41002038B5094BD6
:10F050001A68042A0AD01D68074C02460121184686
:10F0600044F8252000F0A2FB002038BD48F20B60D8
:10F0700038BD00BF40420020544100202DE9F04F30
:10F080009B4C89B022780023CDE90333CDE90533C9
:10F09000079372B1974C04F1100554F8043B03A890
:10F0A00003B19847A542F8D10025284609B0BDE82C
:10F0B000F08F201D02F0FF0600F090FB07460028AD
:10F0C000F2D140F6F8731B685D1C00F09D804FF094
:10F0D000805211695269DFF848828749C8F81030B8
:10F0E0004046A3F500530022C8F80C3000F082FB24
:10F0F00005460028D9D11C238C2280498048FBF783
:10F1000091FAA9464FF0020BAA46D8F80C3019EB39
:10F11000030C59F803204CD07A4B9A4200F08280BD
:10F1200001324BD078480AEB8A0300EB83020321BB
:10F130000BF1FF3B0AF1010A00F823101FFA8BFBC9
:10F140001FFA8AFAC2F804C009F58059B9F5005FC0
:10F15000DBD1BBF1010F62D9FFB2022F5FD0062FC6
:10F1600000F09180002F5AD002A8FFF7DBF90028A9
:10F1700000F0BA800123013F03700A2F09D8DFE8AD
:10F1800007F0120812080F080F08150615000223D1
:10F19000037102A95A48FBF789FAFFF75FFE84E77B
:10F1A00001230371F5E700230371F2E703230371E1
:10F1B000EFE7531C02D0534B9A42B3D10CF1040336
:10F1C0000CF580511A68013203F10403AAD1994267
:10F1D000F8D14E4B1A68002A7ED04B4ADFF838E14E
:10F1E0000AEB8A0302EB830110460222C1F804C035
:10F1F0000A8100F823200AF10101AEF802A01FFAEB
:10F2000081FA47F001079FE7414B4FF080521B689E
:10F2100011695269581C08BF02FB01F35BE748F211
:10F220000A6542E7DCF804303A498B423AD00131B2
:10F230008B42BED1002E55D0374A344BA2F802A0E3
:10F24000314A196801910AEB8A0E02EB8E010846D9
:10F25000022102F82E1002460AF1010A01985060BC
:10F2600011811FFA8AFA604600222C49C3F800C0B7
:10F270000193FFF7ABFE019B9B88022B14BF082371
:10F2800004231F4360E71B4D01220023227005F178
:10F290001006636055F8043B03A803B19847B542D4
:10F2A000F8D101E70AEB8A0217489300002100F821
:10F2B00022100146184403F1100208330A44C0F832
:10F2C00004C0194460460AF1010AFFF77FFE47F0C7
:10F2D00002071FFA8AFA37E70222C3F800C09A80B1
:10F2E00001268EE7094BBEE748F20765DDE600BF61
:10F2F0006441002054410020008004009841002017
:10F3000024420020DEC0ADDE8441002038420020CF
:10F3100014100010FE011EF16C4100203C42002040
:10F320006023002010B309B370B582B00C460DF114
:10F3300006010546FFF744F9A0B1BDF806000D4BE4
:10F340006E6800EB800003EB800001210C3000F0C0
:10F350002DFA6B6826600C33012200206360AA72CC
:10F3600002B070BD48F2096002B070BD48F204609E
:10F37000704700BF84410020F0B110B582B00DF19C
:10F3800006010446FFF71CF990B1BDF806300E4A9D
:10F3900003EB830302EB8303DA6882B1A27A72B1D2
:10F3A000DA680021013A0846DA60A17202B010BDA5
:10F3B00048F2096002B010BD48F20460704748F29C
:10F3C000056002B010BD00BF84410020022300226E
:10F3D000FFF752BD18B103230022FFF74DBD48F2DD
:10F3E00004607047124B1B78DBB14FF6FF739842F5
:10F3F00014D010B582B0044601A8FFF793F898B175
:10F400000522012302700371C48001A90948FBF79A
:10F410004DF9FFF723FD002002B010BD48F2036054
:10F42000704748F20160704748F2076002B010BDB3
:10F430006441002024420020114B1B78A3B100B589
:10F4400083B001A8FFF76EF8A0B10623037001A9ED
:10F450000C48FBF72BF90C4B1A7842B9FFF7FEFC6E
:10F46000002003B05DF804FB48F201607047012200
:10F47000DA72F3E748F2076003B05DF804FB00BFFF
:10F4800064410020244200206C41002010B50C4C47
:10F4900082B0ADF806002078ADF8041060B13AB142
:10F4A00033B101A90DF10600FFF7D4F802B010BD89
:10F4B00048F2046002B010BD48F2016002B010BD15
:10F4C0006441002000B50E4B83B01B78ADF80600F8
:10F4D00083B151B14AB1134600200A460DF106012D
:10F4E000FFF7B8F803B05DF804FB48F2046003B01E
:10F4F0005DF804FB48F2016003B05DF804FB00BF57
:10F500006441002000B50E4B83B01B78ADF80600B7
:10F5100083B151B14AB113460DF106000A460021EC
:10F52000FFF798F803B05DF804FB48F2046003B0FD
:10F530005DF804FB48F2016003B05DF804FB00BF16
:10F540006441002020B119B103680B6000207047AE
:10F5500048F20460704700BF3F4B1B78002B6ED011
:10F5600000286FD0F0B43D490025C0F80250C0F823
:10F570000650C0F80A504E890B894C68C0F80E50EE
:10F58000334402229BB202801CB1354A2568954261
:10F590005BD001220280CD680289418847893244CC
:10F5A0000D4486890281C3F5806189B2A2684580D5
:10F5B0008E423B4438BF81810132438104F5805142
:10F5C00004F108032BD06289033203EB82029142DB
:10F5D0001BD34FF6FF759A88AA4223D01A880AB324
:10F5E0009A6801321ED08288013282805A880332A2
:10F5F00003EB8203994212D91A6801320FD05A885C
:10F60000033203EB82029142E5D2C489C288CB1A4D
:10F6100004EBA30301320121C381C28001740020E5
:10F62000F0BC7047C488C2890134C4805C8803324E
:10F630002244C2815A88033203EB8203DAE748F29C
:10F640000160704748F2046070476568054A2A44C3
:10F65000012AA0D99DE700BF644100208441002019
:10F66000DEC0ADDE02FEE10E01F01F024B090121FA
:10F6700000EB8300914000F075B800BF10B5012386
:10F6800001F01F04490900EB810003FA04F100F0C6
:10F690005DF8E04000F0010010BD00BF01F01F0266
:10F6A00001234909934000EB8100D94300F066B87B
:10F6B0004B0901F01F0150F82300C84000F0010081
:10F6C000704700BF2DE9F84301F1FF384FEA5813A6
:10F6D00000F104080F46064608EB8308044600259F
:10F6E00023686FEA030999FAA9F9B9FA89F9B9F116
:10F6F000200F18D0A9444F450CD814E02368DB43F1
:10F7000093FAA3F3B3FA83F3202B05EB03090AD092
:10F710004F4508D949463046FFF7B0FF0028EDD1E4
:10F720004846BDE8F8830434444505F12005D7D1A7
:10F73000B9464846BDE8F88350E8002F0B4640E83C
:10F74000003C9CF0000FF7D11046704750E8002FA6
:10F7500042EA010340E8003C9CF0000FF6D110465D
:10F76000704700BF50E8003F43EA010240E8002C28
:10F770009CF0000FF6D11046704700BF50E8003FE4
:10F7800003EA010240E8002C9CF0000FF6D110467D
:10F79000704700BF50E8002F02EB010340E8003C37
:10F7A0009CF0000FF6D11046704700BF50E8003FB4
:10F7B00003EB010240E8002C9CF0000FF6D110464C
:10F7C000704700BF50E8003FA3EB010240E8002C67
:10F7D0009CF0000FF6D11046704700BF012350E89F
:10F7E00000CF4CEA030240E8002191F0000FF6D16F
:10F7F0006046704720B119B101600B681146184787
:10F800000E20704750B32DE9F0414AB3D0F800E024
:10F81000BEF1000F27D01D4673B14768D7F80480AA
:10F82000B3FBF8F708FB173737B942EA0104A4071E
:10F8300005D01020BDE8F0810920BDE8F081C46842
:10F84000A142F6D301F1FF3C04696544A542F0D81A
:10F85000DEF80C40A446BDE8F04160470E2070473A
:10F860000E20BDE8F0810820BDE8F08100B3D0F89B
:10F8700000C0F0B5BCF1000F1CD0AAB14768D7F8A2
:10F8800000E00EF1FF370F4210D1C768B9420DD327
:10F890004D1E04690EFB0255A54207D8DCF8104046
:10F8A000A446BDE8F04060470920F0BD1020F0BD3F
:10F8B0000E2070470820F0BD29DF704728DF704711
:10F8C00003689A6832B330B50479856887B000233D
:10F8D000019102930093CDE9033305956CB1012C9E
:10F8E00007D1C368416904911B03022102938DF87B
:10F8F00000106846904707B030BDD0E90314436953
:10F90000049301258DF80050CDE9024168469047E7
:10F9100007B030BD704700BF0846704700207047F1
:10F92000024B187A003018BF01207047E8420020CF
:10F93000034B187A0122B0FA80F05A7440097047DC
:10F94000E842002008B510461A4605F019FB0020D1
:10F9500008BD00BF10B5064B06480024C3E90044AB
:10F96000C3E902441C61FAF775FE204610BD00BFD2
:10F97000E8420020D842002010B5094C094B4360F2
:10F980002046FFF72BFF40B9FEF7FCF81C2320743C
:10F990008C2205490548FAF745FE002010BD00BF3E
:10F9A000E8420020F47F04004C420020D8420020AE
:10F9B00038B5254C237AFBB1244B1B681A790221F8
:10F9C000217222B3012A0AD1D3E903021044FFF7BE
:10F9D00075FF80B3112802D10123237238BD184668
:10F9E0000321FFF76DFF0023237263601849194854
:10F9F000BDE83840FAF774BE15491648FAF766FEB6
:10FA0000124A034610600028D8D1606038BDD3E99F
:10FA10000525521BB2F5805F28BF4FF48052D3E911
:10FA200003109208012A38BF012229442844FFF715
:10FA300043FF0028CED1237C002BCFD10220BDE88C
:10FA4000384000F009B800BFE84200200043002021
:10FA5000FC420020D842002010B5234C237AA3B1E9
:10FA6000022B08D1022811D0032804D1E368013306
:10FA7000082B1CD8E360637C1BB1BDE81040FEF787
:10FA800071B8BDE81040FFF793BF10BD174B186861
:10FA900003790022E260D3B1012BECD1D0E904322A
:10FAA000013393420361E6D10021217205E00F4A40
:10FAB00000231068E36023720D21FFF701FF0C495A
:10FAC0000C48FAF70DFE637C002BD6D1D9E7D0E9BC
:10FAD0000523D11AB1F5805F94BF5B1803F58053FD
:10FAE0009A428361C7D1DFE7E8420020004300204B
:10FAF000FC420020D8420020831E012B00D9704711
:10FB0000FFF7AABF00F0FD03012B00D07047A0F162
:10FB10000100044BB0FA80F04009002218745A74B6
:10FB2000FFF746BFE842002010B5064C201DFFF746
:10FB300055FE08B9637C03B110BDBDE81040FFF766
:10FB400037BF00BFE84200202DE9F04383B0814673
:10FB50000D46114801A917469846FAF79DFDB0B128
:10FB6000002401232D0B446001A903710461846109
:10FB7000C560C0F80090C0F8088047610648FAF7F1
:10FB800095FDFFF7D1FF204603B0BDE8F0830420C8
:10FB900003B0BDE8F08300BFD84200202DE9F0415A
:10FBA00082B080460F46104801A916461D46FAF756
:10FBB00073FDA0B10024089B83604460C0F80080FE
:10FBC000C0E90367456101A9846104710648FAF739
:10FBD0006DFDFFF7A9FF204602B0BDE8F0810420CB
:10FBE00002B0BDE8F08100BFD842002013DF7047AB
:10FBF00040F6F8731868421C01D0FFF7F7BF034BBB
:10FC00001868431CF9D10420704700BF141000107D
:10FC10000148FFF7EBBF00BF00C00100A0DF704745
:10FC2000A1DF7047ADDF7047B3DF7047B4DF7047C7
:10FC300010B50446408800F0F5FDA0802046BDE8E0
:10FC40001040FCF76FBC00BF70B54FF6FF728AB072
:10FC500000249042CDE90044CDE902440494ADF87B
:10FC6000020001D10AB070BD054600F027FC0B2848
:10FC7000064629D00FD911280BD043F2020398422F
:10FC800012D12246144B28461978FBF749FB0AB0DB
:10FC900070BD0122F6E738B90E2368468DF80030B2
:10FCA000FFF7C6FF3246EDE70024072305A8CDE99C
:10FCB00005440796ADF81650CDE908448DF8143088
:10FCC000FFF7B6FF2246DDE70F2368468DF80030C8
:10FCD000FFF7AEFF2246D5E714440020FFF7B4BF7C
:10FCE0002DE9F0474A4E88B031780546FBF7FCFA1B
:10FCF00010B108B0BDE8F0870446284600F044FC87
:10FD0000082839D017D8002863D006281DD12846E6
:10FD100000F088FD00F054FC00273E4B3A4619786D
:10FD20002846FBF7FDFA224631782846FBF7F8FA19
:10FD300008B0BDE8F08743F20203984215D043F2C1
:10FD40000143984213D011280FD00023CDE903338B
:10FD50000590CDE9063303A80723ADF80E508DF8C2
:10FD60000C300127FFF764FFD7E70127D5E72846C6
:10FD7000FFF76AFF0127D0E70DF10600FFF754FFF8
:10FD8000BDF80630012BC2D9274601230DF1080822
:10FD90004FF0020942F6021A07E0524529D001331A
:10FDA000BDF806209BB29A42B1D9414600221846BE
:10FDB000CDE90398FFF73AFF42F605210028A6D1C6
:10FDC000BDF80820002FE8D1571AB7FA87F77F0946
:10FDD000E5E7CDE90344CDE9054407941023012468
:10FDE00003A8ADF80E508DF80C302746FFF720FF22
:10FDF00093E7194603AA01AB28460493FFF712FFC5
:10FE0000002884D1BDF80430002B80D085E700BFE6
:10FE1000174400201644002010B582B0044600F0BC
:10FE200001FD00236A460921FBF7DCFD052801D00E
:10FE300002B010BD034B204619780122FBF770FA7F
:10FE400002B010BD1244002030B50E4B83B002AAA0
:10FE50001B6842F8043D42F6A624002501236946AA
:10FE6000ADF80250ADF800408DF802300446FFF7BF
:10FE7000D5FE28B904491A4620460978FBF750FAFE
:10FE800003B030BD208004001144002030B50121B2
:10FE900087B005462648FFF74FFCBFF35F8F08B1D8
:10FEA00007B030BD0446284600F0BAFA11280346D0
:10FEB0001BD012D986282ED043F2020290421BD1C9
:10FEC0001C4B224628461978FBF72AFABFF35F8FAE
:10FED000174B00221A6007B030BD68B915490246B9
:10FEE00009782846FBF71CFADAE7124B28461978FE
:10FEF0000122FBF715FAE9E70024CDE904440722C3
:10FF0000CDE9014401A80393ADF806508DF8042013
:10FF1000FFF78EFED4E70623CDE9014401A8ADF832
:10FF20000650CDE9034405948DF80430F0E700BF96
:10FF3000044300201544002038B5037803B138BDD0
:10FF400004464088FFF780FE6588284600F006FBDF
:10FF500028B10C4B284619780122FBF7E1F960889B
:10FF6000FFF75AFF084B094918780022FBF702FAFD
:10FF700002460028E3D1064B06491878BDE8384010
:10FF8000FBF7F8B916440020154400208DFE03004D
:10FF90001244002049FE0300F0B50378082B83B01B
:10FFA0000ED0294C207829490022FBF7E3F90246BC
:10FFB00020B9274B27491878FBF7DCF903B0F0BDCF
:10FFC000437A0446002BECD1057A072D22D0082D68
:10FFD00031D0012DE5D16A4629468088FBF79EFF86
:10FFE00006460028DDD1019B1B78002BD9D0A088C4
:10FFF00000F08AFC4FF6FF739842D2D0164F124C95
:020000040004F6
:1000000039782A46FBF78CF9324638781349FBF7E2
:10001000B1F9C7E780880C4C00F076FC4FF6FF730F
:1000200098420546BED001222178FBF779F928468F
:10003000FFF7F2FEB6E70A4A11680129B1D1BFF312
:100040005F8F014C1360ADE7154400208DFE030067
:100050001244002049FE030016440020E1FC030086
:10006000044300202DE9F843FBF734F91E4C1F4DE3
:100070002070FBF72FF92870FBF72CF91C4E1D4F51
:100080003070FBF727F93870FBF724F9DFF8708040
:10009000DFF8709088F80000FBF71CF989F8000081
:1000A000FBF718F92378144A182B107019D02B7805
:1000B000182B16D03378182B13D03B78182B10D070
:1000C00098F80030182B0CD099F80030182B08D075
:1000D000182806D0094B00201860BFF35F8FBDE8D9
:1000E000F8830320BDE8F883154400201444002061
:1000F000164400201744002013440020044300202D
:10010000124400201144002070B5114B82B000242D
:1001100022460D4601261978CDF802400923ADF894
:1001200000608DF802300646ADF80640FBF7F8F89F
:10013000084B09493046A54208BF1946019100F015
:1001400071FB22466946FBF7BDFC02B070BD00BFE3
:1001500012440020248004002880040070B5038825
:100160008588353B86B004461F2B23D8DFE803F093
:100170005210222222222222222222222222222241
:100180002222222222222222222222672286223098
:10019000494E28463178FBF7A7F858B1317800224C
:1001A0002846FBF7BDF8E18800296CD000212846DD
:1001B000FFF7AAFF414C424B424918780022FBF757
:1001C000D9F8207840490022FBF7D4F806B070BD7A
:1001D000002611232846CDE90166CDE903668DF896
:1001E0000430ADF80650059600F01CFBADF8080091
:1001F00000F0E6F9354B314C197832462846FBF7CA
:100200008FF8284632462178FBF78AF801A8FFF7D5
:100210000FFDD0E72E4E28463178FBF765F8002811
:10022000C8D0002231782846FBF77AF8E288002A05
:1002300031D028460021FFF767FF204CBBE7037B46
:10024000012BB7D1827A012AB4D1018942F6021377
:100250009942AFD11F4C28462178FBF761F8002264
:1002600020781D49FBF786F802460028A2D11B4BD7
:100270001B491878114CFBF77DF89CE72846FFF7DF
:10028000E3FC0E4C97E7E389012B90D1217C0031F0
:1002900018BF01218BE7A389012BCAD1E189284628
:1002A000FFF7BEFC0028C4D1034A044C117828464D
:1002B0001A46FBF735F87EE7134400201644002069
:1002C00014440020DDFC0300E1FC0300174400207F
:1002D00011440020154400208DFE0300124400202C
:1002E00049FE03002DE9F0418CB000F029F901A886
:1002F000FAF7D0FF019EDFF85480DEB100244FF6FC
:10030000FF7703E00134A4B2B44213D20CAB03EB89
:10031000440333F8285C284600F084FAB842F1D14F
:1003200001342846012298F80010A4B2FAF7F8FF29
:10033000B442EBD398F80000034900220CB0BDE8AA
:10034000F041FBF717B800BFE1FC030016440020A2
:10035000AFDF7047B1DF7047B2DF7047B3DF704780
:1003600010B50446808800F0CFFA60802046BDE8D2
:100370001040FCF7EBB800BF70B51D4B1D4C93E867
:100380000300238888B04FF6FF7501AEAB4286E8C4
:10039000030007D122E02088FBF7F0FBA8420346C8
:1003A00020801BD0184600223146FBF78BFB03460A
:1003B0000028F0D00022218807921128CDE90322DD
:1003C000CDE90522ADF8101008D0862B03A807D080
:1003D000072205938DF80C20FFF7C2FF08B070BD0F
:1003E00006238DF80C30FFF7BBFF08B070BD00BFCF
:1003F0002C800400EC430020044B1A884FF6FF7356
:100400009A4201D0FFF7B8BF704700BFEC4300200D
:10041000024B4FF6FF721A8000207047EC43002019
:100420002DE9F04182B0074600F0FCF94FF6FF736A
:1004300098423CD0064601244FF003086B46224602
:1004400008213046FBF76EFD03230546F0B9019AFB
:100450003846911D42F8048BFFF77EFF01340346B6
:100460000821D8B10C28304603D1A4B2FBF7C2FD55
:10047000E4E70821052B18BF1D46FBF7BBFD00284C
:1004800018BF0325284602B0BDE8F081072814BF35
:1004900005460C25284602B0BDE8F08132463046BC
:1004A000FBF7B2FD0546284602B0BDE8F08143F2F5
:1004B0000205284602B0BDE8F08100BF2DE9F041F9
:1004C00082B0074600F0AEF94FF6FF73984227D18D
:1004D0000026354603244FF00108234632462946BC
:1004E0003846FFF737FF04280AD008280AD00B281F
:1004F0000AD0B8F1000F08BF0B2002B0BDE8F081B0
:100500001120F6E70020F4E714F0020406D195B1BB
:100510002646254603244FF00008DEE70124FAE7CB
:100520006A460821FBF7FAFC0028D1D1019DAE886C
:100530002C680635CFE7002EDFD02E460324EAE7ED
:1005400008B54FF6FF70FBF719FB034B1880BDE8A9
:100550000840FFF711BF00BFEC43002000B585B095
:100560000DF10703039300F05DF902AA0121FBF7E7
:10057000D5FC20B9039B187805B05DF804FB00207A
:1005800005B05DF804FB00BF38B50C4B04461846B7
:10059000FFF7E4FE78B9198843F203054FF6FF72BE
:1005A0002046FFF7D5FEA84200D038BD198801319A
:1005B00089B21980F2E7032038BD00BFEE43002066
:1005C00010B5074B044693E8030082B06B4683E8FE
:1005D0000300002219462046FBF774FA02B010BD52
:1005E000348004006EDF70476FDF704746DF70476E
:1005F0002DE9F04F9BB050240394DDE92459002AE3
:100600005FD0002B58D000241C6001240194002DE1
:1006100055D0B9F1000F5FD00024C9F800404FF069
:10062000010B00240DF11808CDE9044800294AD037
:10063000C1EBC1015F46144602EB010A861E9B46D0
:1006400025E09DF82910032941D8019959B152F8A4
:100650003F1D216091889279A180A271DBF8002072
:100660000132CBF8002007346FB153F84F2D2A60C8
:1006700059689A68DB686960AA60EB60D9F8003055
:100680000133C9F80030544505F110051BD0502244
:100690000021404604F098FC03AB04AA072136F879
:1006A000020FFBF79FF920F002001AAB05281A464B
:1006B000C7D11BB0BDE8F08F0193002DA9D1AB4687
:1006C000AFE70192A3E700201BB0BDE8F08F43F233
:1006D00002201BB0BDE8F08FCB46A2E7F8B50C4D69
:1006E0000746002401E0142C0ED02B88BB42A6B292
:1006F00005F10A0504F10104F5D13046FAF734FD9D
:100700000028F0D03046F8BD4FF6FF763046F8BDF1
:100710000843002090B191B108B50A78037853409E
:1007200013F0FE0F08D101310622013004F019FC4C
:10073000B0FA80F0400908BD002008BD70470846A7
:10074000704700BF2DE9F0414C1C0E46054621467E
:100750000130102205F1110706F1110804F001FC27
:1007600008BB2B4605F1100101E08B421BD013F8AA
:10077000012F002AF9D073784BB9214606F11002F7
:1007800001E091420FD011F8013F002BF9D0414612
:100790003846FFF7BFFF6B7C03F0FE03042B1ED12E
:1007A0000120BDE8F08141463846FFF7B3FF6B7C7E
:1007B00003F0FE03042B0FD00022062B09D0737C1C
:1007C00003F0FE03042B04D0062B08BF1046BDE83F
:1007D000F0811046BDE8F0810020BDE8F0810122E3
:1007E000EBE700BF70B584B006460D46FBF734F961
:1007F00002AA0DF106010720FBF736F960B1BDF83A
:100800000640AC423046F3D00399FFF79BFF002827
:10081000EED0204604B070BD4FF6FF74204604B001
:1008200070BD00BF13280DD810B50446FAF79CFC24
:1008300028B104EB8403054A32F8130010BD4FF6CB
:10084000FF7010BD4FF6FF70704700BF08430020D7
:10085000132816D838B504460D46FAF785FC68B15A
:10086000094A04EB840302EB4303002053F8022FF0
:100870002A609A889B79AB71AA8038BD43F2020046
:1008800038BD43F2020070470843002038B50588A0
:100890004DB9821C00F10A0412F8013B1BB99442C5
:1008A000FAD1002038BD0B88AB42FAD102310822C0
:1008B000023004F056FBB0FA80F0400938BD00BFAA
:1008C00030B585B00546FBF7C7F80CE0039C284619
:1008D00004F14601FFF7DAFF04F12A0178B928464E
:1008E000FFF7D4FF58B902AA0DF106010720FBF764
:1008F000BBF80028EAD14FF6FF7005B030BDBDF857
:10090000060005B030BD00BF4FF6FF73984201D01E
:10091000FFF7E4BE704700BF132804D800EB800047
:10092000014B23F8101070470843002070B54FF6B4
:10093000FF75A84203D1BDE87040FBF7AFBA04468B
:10094000FFF7CCFE06462046FBF7A8FA30B9132E77
:1009500004D806EB8606024B23F8165070BD00BF84
:1009600008430020082961D82DE9F0410546CEB0A2
:100970000E4600B139B9002211461046FFF734FE89
:100980004EB0BDE8F08120AC5023B82200210CAF5E
:1009900020460193039704F017FB0DF1AE010DF112
:1009A000C5020DF19703069107920DF1F3010DF5C4
:1009B0008572CDE90443CDE9091237AB08930DF2F6
:1009C00021130B9305EB460850220021384604F012
:1009D000FBFA01AB02AA072135F8020BFBF702F87C
:1009E00020F002000528CBD07B7C032B20D8DDF83B
:1009F0003130DDF8352023606260DDF83930DDF814
:100A00003D20A360E260DDF84130BDF845109DF85F
:100A1000472023614545A182A27504F11704D3D173
:100A2000F2B204A80021FFF7DFFDA9E70720704715
:100A300043F20220A4E700BFF0B5254B00249BB091
:100A4000C3E90044C3E9024408B10D4641B900239B
:100A5000204A194618461370FFF7C4FD1BB0F0BDBD
:100A60000646DFF870C018464A00CFB231468CF80F
:100A7000007004F085FA382221460CA8039404F093
:100A8000A3FACDE90044294630460CAA03ABFFF790
:100A9000AFFD0028E2D10DF137020DF13E030DF15B
:100AA00045000CAC0494059206930DF15A020DF129
:100AB00061030790394613AD0DF1530404A8CDE945
:100AC0000854CDE90A23FFF78DFD1BB0F0BD00BF30
:100AD000D04300201844002030B58DB010300DF107
:100AE000FF330DF10F0510F8014D03F8014FAB4234
:100AF000F9D100230D784C78897806936846CDE9C2
:100B000004338DF81C308DF81D108DF81F508DF8B2
:100B10001E40FFF76BFD9DF82F009DF82E109DF8ED
:100B20002D301070517093700DB030BD30B503464C
:100B300085B030F8015F33F8042F84789B78ADF8E6
:100B40000C20084602AA03A98DF80E30ADF8045017
:100B50008DF80640FFF7C0FFBDF80420BDF808304F
:100B60009A4204D0012080F0010005B030BD9DF80C
:100B700006209DF80A309A42F4D1002080F001004E
:100B800005B030BD0388102B00D07047F0B5041DB0
:100B90000FCC91B006AD0FC50FCC0FC59DF81C3022
:100BA00094E8030003F0FE03062B85E8030014D14C
:100BB000BDF818304849079803EB83035B004FF6F4
:100BC000FF74CC52CA18BDF820409DF82210117253
:100BD000C2F80200D48011B0F0BDFAF73DFF9DF8D5
:100BE0001C305B08012B25D9022BE1D107AE01ACEB
:100BF0000DF1020505E09DF81C3003F0FE03042B07
:100C00005DD0224629460720FAF72EFF0028F2D1B0
:100C1000BDF81830304A0798B488B17903EB8303E4
:100C20005B004FF6FF75D5521344C3F80200DC8019
:100C30001972D0E701AC0DF10205224629460720C2
:100C4000FAF712FF002844D0029911F1110FF4D0E5
:100C50004E7C9DF81C30734013F0FE0F4FF00602DF
:100C600001F112010DF11D00E7D104F07AF900281D
:100C7000E3D1BDF8021007AEBDF81820164F079853
:100C800002EB82035B00FD18F952AB1CC5F80200B1
:100C9000B08898804FF6FF70B5799D7181429AD0E7
:100CA00000232046ADF80620ADF808108DF804307A
:100CB000FBF74EFC2046FFF73FF911B0F0BD02995B
:100CC00030460131FFF732FF00289AD0BDF80210FC
:100CD000D2E707AE9CE700BF084300202DE9F84F9C
:100CE000DDF828904A45904638BFC846B8F1000F55
:100CF0001BD09B468A4605461746002406E0A145C0
:100D000088BF0BF80400013444450ED02B68A7427D
:100D100088BF1AF804101E6998BF00212846B04702
:100D20000028ECDA0248BDE8F88F0020BDE8F88F13
:100D30000AFCFFFF30B583B00468069D0095646926
:100D4000A047044A0446DDE90701EFF7A7F920466A
:100D500003B030BD1504030082B070B50C4684B0FA
:100D600005464968206802AC03C4039908AC4810E2
:100D700084E80C00CB0745BF2A58029B029CD4583C
:100D80000AAB2E1893E803008DE8030008AB0CCBE8
:100D90003046A04704B0BDE8704002B0704700BFC5
:100DA00082B0D0B50699C16000F11004002600277A
:100DB000C0E9086704A9204681E80C00EFF710FCA1
:100DC0002046BDE8D04002B0EFF7BEBB82B038B5D8
:100DD000D0E9084504A981E80C0054EA050303D1D1
:100DE000BDE8384002B070470446F1F75BFBD4E938
:100DF00008238B4208BF8242F2D2002304F110057F
:100E000000200021C4E90801E3602846EFF7E8FB71
:100E10002846BDE8384002B0EFF796BB70B50446EF
:100E200000250A4B036000F1100681602A4601216B
:100E3000304625716571EFF77DFB3046E560E56270
:100E400084F82850EFF780FB204670BD4C800400EA
:100E50002DE9F041044682B00E4615461030984602
:100E6000BDF82870F4F7DAFD26806580182004F0BC
:100E700050F808AB054693E803006A4682E8030091
:100E80002E4603CA46F80C8B0023084AEB6047F055
:100E90000207736068602046A780A560E360C4E92C
:100EA0000833A9606A6102B0BDE8F081590D040001
:100EB0002DE9F04385B0BDF838806BB30C9C44B38A
:100EC0000F2902D1B8F1C00F26D1064628201C46B2
:100ED0000D46174604F01DF80CAB814693E803005D
:100EE0003A468DE803002346CDF808802946484657
:100EF000FFF7AEFF33680E4A5B6893420FD1484656
:100F0000EFF78CFC484603F0FDFF0A4805B0BDE84A
:100F1000F0830D9CE407D3D46FF47A70F6E7304683
:100F2000494698470028EAD105B0BDE8F08300BFE4
:100F300069F9020016FCFFFF2DE9F04390F8283014
:100F400089B004460D469BB1002D4FD100220023ED
:100F5000C4E908230023E36004F11000EFF7F4FA7A
:100F6000E0682F4B002808BF184609B0BDE8F083A1
:100F700080682C4A03685B6D93424CD12A4B0493E2
:100F80004FF0000804AACDF81480284FC688B0F8A6
:100F900008C03B68DFF89C9092E8030016F4807F5D
:100FA0004FF0C0068DE803000CBF05220422614605
:100FB000184602962346FFF77BFF1D4B3A68CDE9A2
:100FC000063808AB13E9030023468DE803000296B8
:100FD0001046232142F21072FFF76AFF99F80030A1
:100FE00063B1012384F82830002DAFD0F1F75AFA0D
:100FF000421941EBE573C4E90823ABE700932322D0
:1010000042F2107342F210700021F1F75BFA0123F3
:1010100089F80030E5E703219847A068AEE700BFF4
:1010200011FCFFFF99960200A10D0400CC3B0020AB
:10103000CD0D040019440020F0B52B4B81682B4ED8
:10104000CD88B1F808C0376893B00022CDE90632E8
:1010500006AB80F82820044693E8030015F4807F4F
:101060004FF010058DE8030014BF0422052223462B
:101070000295614608A8FFF7EBFE3B681C4D9B6894
:10108000AB4228D108A8EFF7C9FB1A4B0493002301
:10109000059304AB93E80300366810238DE8030042
:1010A000029342F210722346232108A8FFF7D0FED4
:1010B00033689B68AB4212D108A8EFF7AFFB002161
:1010C00000230020C4E90801E36004F11000EFF7F9
:1010D00087FA13B0F0BD384608A99847D2E73046E2
:1010E00008A99847E8E700BFA10D0400CC3B002009
:1010F000E9FB0200CD0D040090F8283010B504463D
:101100003BB923791BB1236820469B689847002090
:1011100010BDFFF791FFF4E790F82830044A10B5AE
:10112000044602600BB1FFF787FF204610BD00BFE9
:101130004C80040090F82830054A10B5044602603F
:101140000BB1FFF779FF204603F0DCFE204610BD0F
:101150004C80040041627047406A003018BF012093
:10116000704700BF4068704741600020704700BF73
:10117000F0B58B68CD699D42A8BF1D460C4683B073
:1011800001222946064604F10C0701A8F4F75AFF8C
:1011900001A93846F4F788FF01A8F4F77DFFE0685D
:1011A00061692A46043003F0EBFE6269E3692A4470
:1011B0005D1B002D6261E5612BD1236A002BC4BF4A
:1011C00003F1FF33236293B1A3692269E361002B2A
:1011D000626104DD606A03681B689847E36933B1A4
:1011E00039463046F4F750FF304603B0F0BD236A6D
:1011F000002BF5D194F82830002BF1D004F12C000D
:10120000EFF7DAF939463046F4F73EFF304603B0DF
:10121000F0BDDFDCE4E700BF38B504460C4B40F816
:101220000C3B04F12C05F4F707FF284600220121AE
:10123000EFF780F9002101224FF480732846E46320
:101240006162C4E90123EFF77FF9204638BD00BF92
:101250006080040070B5456A9DF810608DB1002A69
:101260000FDD73B1044628682362C4E904110368E2
:1012700084F82860C4E906222846984794F8283064
:1012800003B970BD04F12C00BDE87040EFF75CB904
:1012900010B582B000240094FFF7DCFF02B010BD4F
:1012A000024B1868BFF35B8F704700BFE04300201C
:1012B000024B1868BFF35B8F704700BFF42000201B
:1012C00030B5214A21F00043934287B01BDD1F4A0D
:1012D000934205DD02460B4602F024FF07B030BD05
:1012E00002AADDF795FE00F00303012B11D0022BBB
:1012F00023D0DBB10124DDE90423DDE90201009400
:10130000DEF796FEEAE700220023DEF769F907B070
:1013100030BDDDE904450093DDE9020122462B469C
:10132000DEF786FE01F1004107B030BDDDE90423A0
:10133000DDE90201DEF754F9D0E7DDE90423DDE958
:101340000201DEF74DF9EDE7FB21E93FFFFFEF7FFB
:1013500021F000431946704730B51F4A21F0004381
:10136000934287B01CDD1D4A934205DD02460B46C1
:1013700002F0D8FE07B030BD02AADDF749FE00F04A
:1013800003000128DDE9042312D002281CD0A0B1FB
:10139000DDE90201DEF724F901F1004107B030BDBB
:1013A0000023009300220023DEF742FE07B030BD89
:1013B000DDE90201DEF714F9DCE70124DDE90201D1
:1013C0000094DEF735FED5E70124DDE90201009443
:1013D000DEF72EFEE0E700BFFB21E93FFFFFEF7FD6
:1013E00030B5144A21F00043934287B019DD124A08
:1013F000934205DD02460B4602F094FE07B030BD75
:1014000002AADDF705FE440004F00204C4F1010461
:10141000DDE90423DDE902010094DEF7C1FE07B037
:1014200030BD0123009300220023DEF7B9FE07B090
:1014300030BD00BFFB21E93FFFFFEF7F334A21F0C2
:1014400000439342D0B506460F460C460DDD0246DA
:101450000B4600202E4903F047F9002F4FF0000201
:101460002B4B2EDB02F060FED0BD2A4A934207DDF3
:1014700027490020002CF7DA01F100431946D0BDBE
:10148000B3F1725F20DB244A934226DDFFF760FF51
:1014900002460B4602F048FEDFF766F800224FF0E6
:1014A000804302F041FE02460B4600204FF080418F
:1014B00003F01AF902460B460020154902F032FEED
:1014C000D8E702F02FFED0BD0022114B02F02CFE17
:1014D00032463B4602F0DEFFD0BDFFF739FF002267
:1014E0004FF0404302F0D6FFDFF73EF800224FF006
:1014F0008043064601F1004702F016FE02460B4605
:101500003046394603F0F0F8B4E700BFFFFFEF7F45
:101510000000F03FFFFF3540FFFFEF3F70B5C1F324
:101520000A56A6F2FF33132B0A4608DC002B1BDBFE
:101530000F4C44FA03F3002022EA030170BD332B61
:10154000044607DDB3F5806FF8D102460B4602F082
:10155000EBFD70BD4FF0FF33A6F2134623FA06F6FB
:10156000114624EA060070BD002002F0004170BD63
:10157000FFFF0F0000B585B0234A0190019B23F0C7
:10158000004393421DDDB3F1FF4F08DBDDED017A2F
:1015900077EEE77A17EE900A05B05DF804FB02A932
:1015A00001F06EFC00F00302012A14D0022A22D0BE
:1015B000D2B101220399029802F084F907EE900A51
:1015C000E8E7002101F0B4FD07EE900A17EE900A5B
:1015D00005B05DF804FB0399029802F073F907EE79
:1015E000900AF1EE677AD5E70399029801F0A0FD21
:1015F00007EE900ACEE70399029801F099FD07EEF5
:10160000900AF1EE677AC5E7D80F493F00B585B07B
:10161000244A0190019B23F0004393421EDDB3F165
:10162000FF4F08DBDDED017A77EEE77A17EE900ADF
:1016300005B05DF804FB02A901F022FC00F00300F4
:10164000012816D0022823D0D0B10399029801F0C6
:101650006FFD07EE900AF1EE677AE7E700220021BE
:1016600002F030F907EE900A17EE900A05B05DF827
:1016700004FB0399029801F05BFD07EE900AD5E7A1
:1016800001220399029802F01DF907EE900ACDE7B6
:1016900001220399029802F015F907EE900AF1EE83
:1016A000677AC3E7D80F493F2DE9F043DFF8988008
:1016B0008BB004460D46DCF7A3F998F900300133EE
:1016C00006460F462BD022462B462046294603F0DD
:1016D0007BF9814618BB20462946FFF739FE0022D8
:1016E000164B03F067F9D0B1154B16480193012250
:1016F000CDF820900092CDE90445CDE9024502F0F5
:1017000037F998F90030022BCDE906010CD0684674
:1017100002F02CF940B1089B5BB9DDE90667304661
:1017200039460BB0BDE8F08302F074FC212303605E
:10173000F1E702F06FFC089B0360EEE70000F03F6A
:1017400080800400106B0400362300202DE9F04354
:101750008BB004460D46DCF7A7FB244B93F90080C1
:10176000B8F1FF3F06460F460ED022462B462046D4
:10177000294603F029F9814630B900221C4B204646
:10178000294603F0F9F820B9304639460BB0BDE8D8
:10179000F0830022002301210091164ECDF8209005
:1017A00010461946CDE90445CDE90245019602F0FF
:1017B0009BFFB8F1020FCDE906010CD0684602F09C
:1017C000D5F840B1089B5BB9DDE90667304639467C
:1017D0000BB0BDE8F08302F01DFC21230360F1E7AC
:1017E00002F018FC089B0360EEE700BF36230020E0
:1017F0000000F03F888004002DE9F043DFF8988076
:101800008BB004460D46DCF7DBFB98F90030013362
:1018100006460F462BD022462B462046294603F08B
:10182000D3F8814618BB20462946FFF791FD0022D8
:10183000164B03F0BFF8D0B1154B164801930122A7
:10184000CDF820900092CDE90445CDE9024502F0A3
:101850008FF898F90030022BCDE906010CD06846CC
:1018600002F084F840B1089B5BB9DDE906673046B9
:1018700039460BB0BDE8F08302F0CCFB21230360B6
:10188000F1E702F0C7FB089B0360EEE70000F03FC2
:1018900090800400106B040036230020DCF7C0BDEC
:1018A0002DE9F04FDFF8CCA08BB004460D46DCF7F5
:1018B000A7FE9AF90030013306460F4637D022467C
:1018C0002B462046294603F07FF8834678BB204606
:1018D0002946FFF73DFD0022244B8046894603F050
:1018E0005FF820B3404649460022204B03F062F8DF
:1018F0009AF9006060B3CDE90445CDE902450121C4
:10190000002200231A4F0091CDF820B0104619464E
:10191000019702F0E9FE022ECDE906010CD06846DF
:1019200002F024F840B1089B6BB9DDE90667304648
:1019300039460BB0BDE8F08F02F06CFB2123036049
:10194000089B002BF1D002F065FB089B0360ECE7DD
:10195000022308900093064FCDE90445CDE90245E6
:101960002046294600220023D2E700BF0000F03FB6
:1019700098800400362300202DE9F04F8BB01D46DF
:1019800006460F46144600F07FFC294B93F900A051
:10199000BAF1FF3F8046894635D022462B46204685
:1019A000294603F011F870BB32463B4630463946B3
:1019B00003F00AF8834630BB002200232046294664
:1019C00002F0D0FFF8B11B4BCDF820B00122CDE9D9
:1019D0000267CDE90445CDE90023BAF1000F17D025
:1019E000002200231046194602F07EFEBAF1020FD3
:1019F000CDE906010ED102F00DFB21230360089B07
:101A000083B9DDE90689404649460BB0BDE8F08F51
:101A1000CDE90667684601F0A9FF0028EBD0089BD6
:101A2000002BEED002F0F6FA089B0360E9E700BF56
:101A300036230020AC8004002DE9F0438BB004462F
:101A40000D46DDF78DF8364B93F90060731C804628
:101A500089460DD022462B462046294602F0B4FF87
:101A600030B9002200232046294602F0A3FF20B10E
:101A7000404649460BB0BDE8F0832A4B0890CDE9BB
:101A80000245CDE904450193DEB9274F4FF060468A
:101A90002046294600220023CDE9066702F062FFB6
:101AA000002835D002230093684601F05FFFB8B1EB
:101AB000089BD3B9DDE90689404649460BB0BDE82D
:101AC000F0831A4B0022CDE9062320462946002246
:101AD000002302F047FF68B102239E420093E3D146
:101AE00002F098FA22230360E2E702F093FA089BDF
:101AF0000360DFE70123022E00930BD102F08AFA84
:101B0000212303600A4801F033FFCDE90601CFE746
:101B100001230093684601F029FF0028F2D1EDE788
:101B200036230020B4800400FFFFEFC70000F0FF61
:101B3000106B04002DE9F0438BB004460D46DDF731
:101B4000DBF9374B93F90060731C804689460ED051
:101B500022462B462046294602F036FF074630B97A
:101B6000002200232046294602F010FF20B94046FB
:101B700049460BB0BDE8F0832A4B0897CDE90245F2
:101B8000CDE904450193DEB9274F4FF0604620466A
:101B9000294600220023CDE9066702F0E3FE002873
:101BA00035D002230093684601F0E0FEB8B1089BEF
:101BB000D3B9DDE90689404649460BB0BDE8F0835C
:101BC0001A4B0022CDE90623204629460022002395
:101BD00002F0C8FE68B102239E420093E3D102F0F6
:101BE00019FA22230360E2E702F014FA089B03606B
:101BF000DFE70123022E00930BD102F00BFA212321
:101C000003600B4801F0B4FECDE90601CFE70123E4
:101C10000093684601F0AAFE0028F2D1EDE700BF6C
:101C200036230020B8800400FFFFEFC70000F0FF5C
:101C3000106B04002DE9F0432B4E8BB08046894693
:101C4000DDF70AFC96F90030013304460D4603D057
:101C500001F086FE074620B1204629460BB0BDE8BC
:101C6000F0834046494601F07BFE0028F4D01F4B2C
:101C700096F9004008970322CDE90023CDE90489B5
:101C8000CDE90289404649460022002364B902F0AA
:101C900091FE4FF06042E8B1154BCDE9062368464E
:101CA00001F064FE68B908E002F084FE002298B1F9
:101CB000104B022CCDE90623F1D102F0ABF922231F
:101CC0000360089B53B9DDE90645204629460BB061
:101CD000BDE8F083084BE0E7084BEAE702F09AF929
:101CE000089B0360EFE700BF36230020C08004009C
:101CF000FFFFEF470000F07FFFFFEFC70000F0FF9E
:101D00002DE9F04F8BB004460D4600F0CFFB294B78
:101D100093F900A0BAF1FF3F06460F4612D02246C3
:101D20002B462046294602F04FFE834650B94FF01D
:101D300000084FF000092046294642464B4602F073
:101D40001BFE20B9304639460BB0BDE8F08F0122AA
:101D5000194BCDF820B00092CDE90445CDE90245FC
:101D60000193BAF1000F17D042464B464046494610
:101D700002F0BAFCBAF1020FCDE906010ED102F071
:101D800049F921230360089B73B9DDE906673046F2
:101D900039460BB0BDE8F08FCDE90689684601F001
:101DA000E5FD0028EFD1EAE702F034F9089B036073
:101DB000EBE700BF36230020C880040000F036BCEB
:101DC00010B52DED028B8AB008EE100A00F0E8FC89
:101DD000334B93F90040631C09D0B4EE488AF1EE0E
:101DE00010FA04D6B5EEC08AF1EE10FA03D90AB0A3
:101DF000BDEC028B10BD2B4B019318EE100A002393
:101E0000089302F0EFFACDE90401CDE90201CCB963
:101E1000254BB5EE408A4FF06042F1EE10FACDE965
:101E2000062334D102230093684601F09FFDB0B130
:101E3000089BCBB9DDE9060102F024FE0AB0BDEC37
:101E4000028B10BD194BB5EE408A0022F1EE10FA5C
:101E5000CDE906230DD102239C420093E4D102F088
:101E6000D9F822230360E3E702F0D4F8089B03606B
:101E7000E0E70123022C00930BD102F0CBF82123E1
:101E800003600B4801F074FDCDE90601D0E70123A2
:101E90000093684601F06AFD0028F2D1EDE700BF2B
:101EA00036230020D0800400FFFFEFC70000F0FFC2
:101EB000106B04002DE9F0432DED048BB34E8BB075
:101EC00008EE900A08EE101A00F0E0FC96F90050B7
:101ED0006B1C044630D0B4EE488AF1EE10FA2BD6D3
:101EE000F4EE688AF1EE10FA68D69FEDA99AF4EE46
:101EF000498AF1EE10FA25D1B4EE498AF1EE10FAD2
:101F000040F090800123A34A009318EE900A00232A
:101F10000192089302F066FACDE9020118EE100A68
:101F200002F060FA00220023CDE90401CDE9062386
:101F3000002D60D04FF07E5420460BB0BDEC048BDA
:101F4000BDE8F08301F0FCFD0546002800F09A8012
:101F500007EE904AF5EE407AF1EE10FAECD118EE69
:101F6000900A01F0EDFD0028E6D018EE100A01F00D
:101F7000E7FD0028E0D00423864A009318EE900A7B
:101F800000230893019202F02DFACDE9020118EE28
:101F9000100A02F027FA96F9003000240025022BDF
:101FA000CDE90401CDE9064503D0684601F0DEFC29
:101FB00038BB02F02FF82223036022E0B5EE408AFE
:101FC000F1EE10FAB8D10123724A009318EE900A8C
:101FD00000230192089302F005FACDE9020118EE00
:101FE000100A02F0FFF96C4B0022022DCDE904012A
:101FF000CDE906239ED0684601F0B8FC002800F029
:102000008480089B1BB102F005F8089B0360DDE9A2
:10201000060102F037FD044620460BB0BDEC048BF0
:10202000BDE8F08318EE100A01F08AFD002883D085
:10203000B5EEC08AF1EE10FA7FF57EAF0123554A66
:10204000009318EE900A00230893019202F0CAF957
:10205000CDE9020118EE100A02F0C4F996F9003039
:10206000CDE90401002B55D04C490020022BCDE9CD
:10207000060153D101F0CEFF21230360089B002B02
:10208000C5D0C0E718EE900A01F05AFD00283FF4D1
:102090005FAF18EE100A01F053FD00283FF458AF6F
:1020A00018EE900A02F09EF9804618EE100A894652
:1020B00002F098F907EE904AF4EE677AF1EE10FA22
:1020C00096F9007072D6F6EE007A0322314B08952D
:1020D0000092CDE90289CDE90401019328EE278A17
:1020E00017BB2F4BF5EEC08A4FF06042F1EE10FAAD
:1020F000CDE9062324D4684601F038FC0028BDD180
:1021000001F088FF22230360B8E701F083FF212359
:10211000036076E700220023CDE90623684601F03C
:1021200025FC0028AAD1A5E71E4BF5EEC08A0022A7
:10213000F1EE10FACDE9062315D4022FE0D0DAE74C
:1021400018EE100A01F062FD07EE900AF4EE487AEC
:10215000F1EE10FA16D0144B96F900704FF0604271
:10216000CDE90623E9E718EE100A01F04FFD07EE6E
:10217000900AF4EE487AF1EE10FA03D0074B0022F1
:10218000CDE9062396F90070D7E700BF362300207B
:1021900000000000D88004000000F03F0000F0FFC5
:1021A000FFFFEF470000F07FFFFFEFC701220B4B5F
:1021B00008950092CDE90289CDE904010193002F31
:1021C000A8D0C9EE097A17EE900A02F00BF9022F97
:1021D000CDE906013FF44EAFA0E700BFD880040070
:1021E00010B52DED028B8AB008EE100A00F098FFB2
:1021F000234B93F90040631C09D0B4EE488AF1EEFA
:1022000010FA04D6B5EEC08AF1EE10FA03D40AB083
:10221000BDEC028B10BD01231A4A009318EE100A80
:1022200000230192089302F0DDF80022CDE90401B9
:10223000CDE902010023ACB11046194602F054FA70
:10224000022CCDE906010FD101F0E4FE2123036049
:10225000089B7BB9DDE9060102F014FC0AB0BDEC75
:10226000028B10BDCDE90623684601F07FFB0028F4
:10227000EED1E9E701F0CEFE089B0360EAE700BF7C
:1022800036230020E08004002DE9F04723F0004EC3
:102290005EEA020620D07E4E21F00048B045894615
:1022A0001ADC564216437B4F4EEAD676BE4214469F
:1022B00012D8F0451D4694468246074601F0004676
:1022C00012DC0FDB90420DD30ED1734BF60F03EBF4
:1022D000C603D3E9000105E002F0DCF802460B4634
:1022E00002F002FABDE8F087B8F5801F3BDB4FEA49
:1022F0002852A2F2FF32BEF5801F80F28F80BEF11D
:10230000000F40F09F80002C2346644904DD5B00F1
:10231000002B01F1FF31FADC614B9A4270DBC9F30B
:10232000130343F480135E4881425BDBC5F313045F
:1023300044F48014501A07E052EA050321D0EB0F51
:1023400003EB42036F0001381A1BA7EB0C05F8B131
:10235000674538BF02F1FF32002AEDDAFA0F02EBCF
:1023600043037F00EFE7B8F1000F5CD1BAF1000F33
:1023700053464A4ABFDD5B00002B02F1FF32FADC14
:10238000B9E7454BF60F03EBC606D6E90001A9E70E
:10239000674538BF02F1FF32002ABCBF3D461A46EE
:1023A00052EA0503EDD03F48824208DCEB0F03EB15
:1023B0004202824201F1FF314FEA4505F6DD384B1A
:1023C00099424EDA5B1A142B54DC01F21E41DD40B7
:1023D00002FA01F142FA03F31E4341EA05023146D3
:1023E00010467FE7401A1F2826DC01F21E450EFA30
:1023F00000FE24FA05F504FA00FC45EA0E0499E70C
:102400009F1A1F2F27DC02F21E4308FA07F82AFA48
:1024100003F30AFA07F743EA080384E74FEA2E5169
:10242000A1F2FF3178E71E4A4FEAC8235B00002B78
:1024300002F1FF32FADC5EE71B4D6D1AAC404FF043
:10244000000C77E716494FEACE235B00002B01F121
:10245000FF31FADC60E7144B9B1A0AFA03F30027FA
:1024600061E7A2F58012164301F2FF3346EA0351F9
:10247000284637E71F2B07DC01F21E4102FA01F163
:1024800025FA03F20A43AAE7074B591A0A41A6E7BD
:10249000FFFFEF7F0000F07FF0580400EDFBFFFF2F
:1024A00002FCFFFFFFFF0F00E2FBFFFF5E4A8A43D3
:1024B0002DE9F04104460D4600F0958000290B46B9
:1024C0000646844656DD0F1500F0A580C3F31303BE
:1024D000A7F2FF3743F480134FEADC72F80702EBF0
:1024E00043034FEA4C0504D5ED0F05EB43034FEAD8
:1024F0008C0500267F10B44616224FF400110CEB19
:10250000010098424FEAD5744FEA450503DC1B1AD7
:1025100000EB010C0E44013A04EB43034FEA510176
:10252000EDD11046964620244FF0004209E051D0EC
:102530005B00013C03EBD5734FEA52024FEA4505BD
:1025400037D0634502EB0E01F1DD002901EB020EED
:102550000ADBE046A3EB0C03A94288BF03F1FF337B
:102560006D1A1044C446E3E7BEF1000FF1DB0CF135
:102570000108EFE721F00042024329D0002942D1AF
:102580000146CA0A153B4905002AFAD012F4801008
:1025900001D044E060465200D40200F1010CF9D5AC
:1025A000CCF1200401FA0CFCE1401F1A41EA0203BD
:1025B0008CE72B4321D14408731003F17F53F207BA
:1025C00003F5001348BF44F0004403EB07512046D5
:1025D000BDE8F081A942ABD8002901EB020EC3DBB4
:1025E00098460023BCE702460B4601F053FF224603
:1025F0002B4601F099FDBDE8F081411C16BF421C3D
:1026000001365408D8E7024601F08CFD02460B461D
:1026100002F06AF8DCE71A4631463B46B6E78C46DC
:1026200020244FF0FF30BFE70000F07F30B583B0CB
:1026300007EE900A0191019B23F00042B2F1FF4F97
:1026400017DC20F00041B1F1FF4F054611DCB3F17A
:102650007E5F3FD09C1704F0020444EAD07481B935
:10266000022C4CD09FED437A032C08BFF0EE477A42
:1026700003E09DED017A77EE277A17EE900A03B01A
:1026800030BDF2B1B2F1FF4F29D0B1F1FF4F18D0F8
:102690008A1AD2153C2A35DC002B36DA3C3234DA81
:1026A000DFED357A012C47D0022C3CD0002CE4D051
:1026B000DFED326A9FED327A77EEA67A77EEC77A4F
:1026C000DBE7DFED307A9FED307A002DB8BFF0EE1A
:1026D000477AD2E703B0BDE8304001F04FB9B1F11D
:1026E000FF4F30D0022C0AD0032C39D0DFED277AEF
:1026F0009FED217A012C18BFF0EE477ABDE7DFEDA0
:10270000207ABAE7DFED1F7ACCE7019807EE100ACE
:10271000C7EE877A17EE900A01F00EFA01F02EF953
:1027200007EE900ABEE7DFED156A9FED157A77EEAA
:10273000A67A77EE677AA0E717EE903A03F10043A6
:1027400007EE903A99E7022C10D0032C0BD0DFED66
:10275000107A9FED107A012C18BFF0EE477A8CE7C3
:10276000DFED047A89E7DFED0C7A86E7DFED0B7A9F
:1027700083E700BFDB0F49C0000000002EBDBB3364
:10278000DB0F4940DB0FC93FDB0FC9BF00000080F2
:10279000DB0F49BFDB0F493FE4CB16C0E4CB16404B
:1027A00000B52DED028B83B00190019830F000430D
:1027B00037D0002842DBB0F1FF4F4EDAB0F5000F02
:1027C00056DADFED2C7A9DED017A67EE277A6FF00D
:1027D000180217EE900AC3157F3B1344DA0F134417
:1027E00007EE903AC2F17F01C0F3160040EAC150F3
:1027F000B8EEE78A01F0E6FADFED1F7ADFED1F6A37
:102800009FED1F7A06EE100A66EE277AE8EE267A2A
:10281000E8EE077A17EE900A03B0BDEC028B5DF884
:1028200004FBDFED186A9FED187AC6EE877A17EE83
:10283000900A03B0BDEC028B5DF804FBDDED017A7C
:102840009FED117A77EEE76AC6EE877A17EE900A67
:1028500003B0BDEC028B5DF804FBDDED017A77EE91
:10286000A77A17EE900A03B0BDEC028B5DF804FB6B
:102870000022B0E70000004CD95BDE3EDB27543578
:1028800080209A3E000000CC000000002DE9F047B7
:1028900031F000462DED028B12D020F00047B7F149
:1028A000FF4F804606DDBDEC028B5A48BDE8F0477D
:1028B00001F0A8B9B6F1FF4F08DDB7F17E5FF2D1A4
:1028C0004FF07E50BDEC028BBDE8F08700280C462F
:1028D0002BDB4FF00009B6F1FF4F38D0B6F17E5F29
:1028E0003DD0B4F1804F19D0B4F17C5F05468A46E3
:1028F00043D1B8F1000F6FDA01F01EF9B7F1FF4FC5
:1029000001D0002F3FD1A7F17E5757EA090369D0C4
:10291000B9F1010FD6D180F00040D3E707EE900A5D
:1029200067EEA77A17EE900ACCE7B6F1974F21DA57
:10293000B6F17E5F08DBF315C3F1960346FA03F2A6
:1029400002FA03F3B34256D04FF00009C6E7B7F1DD
:102950007E5FB5D03BDD002C28DB0846B2E7002CBB
:10296000B0DA07EE100AF7EE007AC7EE877A17EEB4
:10297000900AA7E74FF00209ADE701F0DDF8B7F1E3
:10298000FF4F15D0A7B1B7F17E5F11D04FEAD873D2
:10299000013B59EA030233D0B6F19A4F40DD1E4A9B
:1029A000974200F39481002CC0F29781002089E7C0
:1029B000002C07DA07EE100AF7EE007AC7EE877AE6
:1029C00017EE900AB8F1000FBFF67CAF9BE7002C22
:1029D000ECDA81F0004075E7BDEC028BBDE8F04712
:1029E00000F09EBB07EE900A77EEE77AC7EEA77A73
:1029F00017EE900A66E702F00102C2F102096DE7E4
:102A000007EE905A77EEE77AC7EEA77A17EE900AAC
:102A100058E700BF106B0400F7FF7F3F0000804BBA
:102A2000B7F5000F80F249815FED047A07EE100AD6
:102A300067EE277A6FF0170217EE907AF048F915D3
:102A4000C7F316077F398742114447F07E5240F39F
:102A50003681EC48874240F3B9819FEDEB5A013152
:102A6000A2F50002F0EE453A0020F7EE006A04EE0F
:102A7000902A74EEA67AB7EE007A87EE278A521073
:102A800042F0005202F58022024434EEE67ADFED95
:102A9000DF8A9FEDDF2A9FEDDF0ADFEDDF0A9FED82
:102AA000DF1ADFEDDF1ADFEDDF2A9FEDDF3A27EED9
:102AB000084A07EE902A24EE046ADC4AA6EE282A89
:102AC00014EE100A104005EE900AA2EE060AB1EECE
:102AD000652A77EEE66AA2EE277AF0EE607AE0EEFB
:102AE000067A74EEE64AF0EE476AB0EE417AA7EE57
:102AF000867AE2EE246AE7EE061A66EE886A75EEDA
:102B0000847A26EE066A67EEA67AF0EE084AE6EECA
:102B1000217AB0EE646AA5EEA56A07EE101A36EEC9
:102B2000276ADFEDC31A16EE101A114006EE101ACE
:102B300076EE644AB8EEC77AE2EE254A77EEE47A9A
:102B400067EE847AE6EE267AF0EE676AE5EE866A4C
:102B500016EE901A114006EE901AE2EE066A05EEA5
:102B6000901A77EEE67A67EEA27AE5EE837A77EE50
:102B7000A37AF0EE676AE5EEA16A76EE856A76EEF4
:102B8000876A16EE901A114006EE901A36EEC77A52
:102B900037EE457AA5EEE17A77EEC77A24F47F64C2
:102BA00024F00F0407EE10AA06EE104A67EE877AAB
:102BB00037EE466A07EE104AE6EE267A09F1FF394B
:102BC00059EA030326EE877ABFEE008A77EE876A1A
:102BD000B7EE006A16EE900A18BFB0EE468A0028DB
:102BE00020F0004340F39480B3F1864F00F38780D8
:102BF0007AD0B3F17C5F00F39780002116EE903A13
:102C000023F47F6323F00F0306EE903A9FED896A69
:102C1000DFED895A9FED893ADFED893A9FED892AE8
:102C20009FED894ADFED894A9FED895A36EEC77AD2
:102C3000F0EE002A77EEC77A26EE867AA7EEA57A1E
:102C4000F7EE005AF0EE477AA6EE837A27EE076A8F
:102C5000F0EE471AE6EEC31AF0EE636AE6EE026A99
:102C600077EEE17AA6EE864AE7EE277AE4EE064AA8
:102C7000A4EE865AF0EE456AB0EE475AA6EEC65A62
:102C8000F0EE456A36EEE26A27EE055AC5EE066AB0
:102C900076EEE77A37EEC77A35EEC77A17EE103A56
:102CA00003EBC153B3F5000FC0F2A28007EE903AD8
:102CB00067EE887A17EE900A04E60022BEE69FEDE2
:102CC000525A0020F0EE453AF7EE006ACFE6614A2C
:102CD000974248DD002C7FF769AEDFED5F7A67EE43
:102CE000A77A17EE900AEDE59FED5C6A76EEC76A6B
:102CF00037EE866AB4EEE66AF1EE10FA14DD9FED67
:102D0000567A68EE077A67EE877A17EE900AD9E569
:102D1000534A934263DC7FF46CAF76EEC76AF4EEFD
:102D2000E76AF1EE10FA5ADADB154FF400027E3B47
:102D300042FA03F30344C3F3C7524A4C7F3A1441A7
:102D4000C3F3160123EA040306EE903AC2F1170218
:102D500041F4000137EE667A11410028B8BF4942BC
:102D600077EE876A4AE707EE100AF7EE007A77EE09
:102D7000677A9FED296A9FED3C7ADFED3C4ADFEDF3
:102D80003C5AB1EE675AF5EE006AA5EE266AF6EEF9
:102D9000006AE6EE676A27EEA76A66EE866A27EEA5
:102DA000667AA7EEA47AF0EE476AE7EEA56A16EE19
:102DB000902A22F47F6222F00F0207EE902AE5EEBD
:102DC000257A06EE902A77EE677AE7E69FED295A94
:102DD000DFED293A4FF40010F7EE086A47E69FED61
:102DE000277A68EE077A67EE877A17EE900A69E528
:102DF00017EE100A00F072FF07EE900A58E700BFC6
:102E000071C41C00D6B35D000000000042F1533EC7
:102E100055326C3E05A38B3EABAAAA3EB76DDB3E96
:102E20009A99193F4F38763FA0C39D3600F0FFFFB7
:102E30000038763F8CBEBF351872313F0072313F8B
:102E40000EEADDB54CBB313355B38A38610B36BB66
:102E5000ABAA2A3E0700803FCAF249713CAA383328
:102E600000001643FFFF7F003BAAB83F70A5EC3679
:102E700000AAB83F00C0153FDCCFD1356042A20D9B
:102E800070B5994A20F00044944286B06BDD974AB1
:102E9000944206461CDC002824F00F04DFED947AEF
:102EA000944A07EE100A64DD944277EE677A00F0E8
:102EB000D5809FED917A77EEC76A012077EEE67AAA
:102EC000C1ED006A77EEC77AC1ED017A06B070BD38
:102ED0008A4A94420D4660DDB4F1FF4F80F2B4801F
:102EE000E215863AA4EBC25307EE903ABDEEE77ABC
:102EF000DFED836AB8EEC77A77EEC77A8DED037A95
:102F000067EEA67ABDEEE77AB8EEC77A77EEC77AB3
:102F10008DED047A67EEA67AF5EE407AF1EE10FABE
:102F2000CDED057A40F0CC80B5EE407AF1EE10FAA6
:102F30000CBF01230223734901910221009103A8D0
:102F4000294600F07FF9002E11DA95ED007AD5EDD3
:102F5000017AB1EE477AF1EE677A404285ED007A68
:102F6000C5ED017A03E0002208604A60002006B047
:102F700070BD944277EE277A00F08F809FED5E7AE5
:102F800077EE876A4FF0FF3077EEE67AC1ED006AA0
:102F900077EE877AC1ED017AE9E700F0CDFD9FED8C
:102FA0005A6A9FED535ADFED546A07EE100AF6EEA7
:102FB000007AE7EE067AFDEEE77AB8EEE76A17EEFA
:102FC000900AF1EE465AF0EE477A1F28E5EE857A30
:102FD00026EE267A54DD77EEC76A16EE903AE415AF
:102FE000C3F3C753E31A082B54DD9FED487ADFED96
:102FF000486AB0EE675AA5EE875A77EEC57AE5EED5
:10300000877AD6EE267A75EE676AB0EE677A16EEA4
:10301000903AC3F3C753E41A192C53DCC5ED006A88
:10302000F0EE457A77EEE67A002E77EEC77AC5EDB8
:10303000017A9CDAF1EE666AF1EE677AC5ED006A14
:10304000C5ED017A404292E707EE900A77EEE77A03
:103050000020C1ED017AC1ED007A88E7DFED2B6A2F
:103060009FED2B7A77EEE67A012077EEC76A77EE4E
:10307000E67AC1ED006A77EEC77AC1ED017A76E7AC
:10308000421E244B53F8223024F0FF029A4277EE7E
:10309000C76AA2D0C5ED006AC4E7DFED1C6A9FEDE8
:1030A0001C7A77EEA67A4FF0FF3077EE876A77EEDC
:1030B000E67AC1ED006A77EE877AC1ED017A56E7CC
:1030C000032338E7DFED146ADFED144AF0EE457AAA
:1030D000E5EEA67A35EE677AA5EEA67A96EE247A24
:1030E00077EEC76AD6E700BFD80F493FE3CB16405B
:1030F000800FC93FD00FC93F43443537800F494344
:1031000000008043F082040084F9223F00443537F8
:1031100008A3852E7082040000A3852E32318D24F1
:1031200007EE900AF1EEE77A17EE900A704700BFBB
:1031300020F00043B3F1485F06EE100A06EE901A45
:103140002EDAFDEEC67A17EE903A002B5FD026EE0F
:10315000067ADFED343A9FED344ADFED344A9FEDD5
:10316000345ADFED347ADFED345AA7EE234AE7EE26
:10317000044AA7EE245AE7EE057AE7EE275A65EEF1
:10318000875A66EEC66AB6EE006AE7EE256AF7EE83
:10319000007AD7EE066A77EEE67A17EE900A704765
:1031A00026EE067ADFED1F3A9FED1F4ADFED1F4A3C
:1031B0009FED1F5ADFED1F7ADFED1F5A1F4AA7EE62
:1031C000234A9342E4EE074AA4EE875AE5EE077AD3
:1031D000E7EE875A65EE875AD3DD194A93421BDC26
:1031E00003F17F4307EE903AB7EE005A35EE675A87
:1031F00066EEC66AB6EE006AE7EE256AD7EE067A94
:1032000077EEE67A75EE677A17EE900A7047F7EE7A
:10321000007A17EE900A7047B6EE075AF5EE027A7A
:10322000E6E700BF4ED747ADF6740F317CF293B49A
:10323000010DD037610BB6BAABAA2A3D9999993ED8
:103240000000483F2DE9F04F2DED048BD7B003F17E
:10325000FF390293D31E48BF131DBA4C649D0591DC
:10326000DB1023EAE37354F82560039303F10108AC
:10327000A2EBC80816EB09028646A3EB090316D495
:103280001A449FEDB17A6598511C1AAA002BA4BF6D
:1032900050F8234007EE904A03F10103ACBFF8EE6B
:1032A000E77AF0EE477A8B42E2EC017AEED1029BAC
:1032B000002E4FEA83044FEA860A1DDB1AAB181969
:1032C00043AA7346191902EB0A0742ADF446B9F155
:1032D000000FDFED9D7A09DB02466346F3EC016ADD
:1032E00032ED017A8B42E6EE877AF7D1E5EC017A8E
:1032F000BD4200F10400EAD1AAF1080306ADEB18C3
:1033000004939FED939ADFED918A009605ABB34647
:1033100074449A4442AF76464FEA8B0356AA1A4445
:10332000BBF1000F52ED146A16DD07EB8B02294644
:1033300066EE897AB0EE667AFDEEE77A32ED016AE2
:10334000F8EEE77ABA42A7EEE87A77EE866ABDEE43
:10335000C77AA1EC017AEBD1414616EE900A0193AF
:1033600000F0BCFC08EE100AF4EE007A68EE277A52
:1033700017EE900A00F0ECFB07EE100AF2EE007A6E
:10338000A7EE678AB8F1000F019BFDEEC89AF0EE38
:10339000487AB8EEE98A37EEC88A40F3C6800BF166
:1033A000FF3CC8F1080255F82C1041FA02F000FA6F
:1033B00002F2891A45F82C1019EE90CA8444C8F11B
:1033C000070209EE90CA41FA02F2002A48DD19EE1E
:1033D000901ABBF1000F01F1010109EE901A40F3C0
:1033E0003682D5F800C0BCF1000F40F09B80BBF1E5
:1033F000010F20D0AE4601205EF8041F00F1010C41
:10340000002900F09980E6468C467146CCF5807C18
:103410008B4545F820C00CDD55F821002B4405EB09
:10342000810100E00868C0F1FF0041F8040B9942F7
:10343000F8D14FF0010CB8F1000F0EDDB8F1010F1B
:1034400000F02E81B8F1020F07D10BF1FF3155F8D2
:10345000213003F03F0345F82130022A00F00981B2
:10346000B5EE408AF1EE10FA40F08680009B0BF139
:10347000FF3C63450EDC0BF18041013905EB810116
:10348000002051F80439514540EA0300F9D10028E1
:1034900040F00F81009B013B55F82330002B40F09A
:1034A000FC80049B4FF0010C53F804290CF1010C33
:1034B000002AF9D0DC440BF1010EE64530DC039B19
:1034C000029A0EEB03015A4403EB0C0B1AAB01F109
:1034D000804103EB8202659B013903EB810107EB1D
:1034E0008E0E03EB8B0B51F8043F9FED177A07EE1E
:1034F000903AF8EEE77A1046B9F1000FE0EC017A65
:1035000009DB334601E072ED017AF3EC016AA34274
:10351000A6EEA77AF7D15945AEEC017A0246E2D180
:10352000E346F9E60121002070E715D10BF1FF32E7
:1035300055F82220121248E7E34560467FF45CAF5D
:103540008C4678E7448604000000000000008043B9
:103550000000803B0000C93FF6EE007AB4EEE78A37
:10356000F1EE10FA80F25D81B5EE408AF1EE10FACC
:103570004FF000023FF47AAFC8F1000118EE100AD4
:103580000192009E00F0AAFB5FED106A019A07EE1F
:10359000100AB4EEE67AF1EE10FAC0F25B815FED4C
:1035A000147A67EE277A0BF10103FDEEE77A08F152
:1035B0000808F8EEE77AA7EEE67AFDEEE77ABDEEC8
:1035C000C77A17EE101A45F82B1017EE901A45F827
:1035D000231041464FF07E50CDE9002300F07EFBE2
:1035E000019B009A002B07EE100AC0F24A819F004F
:1035F00042A907F1040E5FED2A6A0F44381D05EB5E
:103600000E0171ED017AF8EEE77AA94267EE877A4A
:1036100027EE267A60ED017AF3D10DF1B8081FED9F
:10362000336AC44603F101090025002EC0F204816B
:10363000A24CDFEDA37A3846B0EE467A002103E0D3
:10364000A94208DCB4EC017AF0EC016A01318E4247
:10365000E6EE877AF4DA01354D45ECEC017AA7F114
:103660000407E2D16499032955D8DFE801F0CAB70D
:10367000B75DF7EE007A37EEC88ABCF1000F3FF471
:10368000EFAE17EE900A4146019200F027FB07EEDD
:10369000900A019A38EE678AE2E64FF0010C09E7DA
:1036A0000BF1FF3155F8213003F07F0345F821304D
:1036B000D3E655F82C10009E6346A8F108080029AF
:1036C00087D10CF18041013905EB810151F80409E2
:1036D000013BA8F108080028F8D07AE7DFED787AF6
:1036E000002A40F0BF809DED2E7A0599002BC1ED98
:1036F000007A77EE677A0BDD2FA80121B0EC017A12
:1037000001318B4277EE877AF8DA002A40F0B680F2
:10371000059BC3ED017A19EE903A03F0070057B00C
:10372000BDEC048BBDE8F08F002B40F3C4809C00FF
:1037300056A921440DF1B80803F1804051ED286AE3
:10374000013808EB830171ED017A37EEA67A8845DE
:1037500077EEC77A81ED007A77EEA67AF0EE476AC7
:10376000C1ED017AEFD1012B40F3A58056AB1C448B
:103770008000031D54ED286A43442FA973ED017A9C
:1037800037EEA67A994277EEC77A83ED007A77EE24
:10379000A67AF0EE476AC3ED017AEFD10830DFED8B
:1037A000487A08EB000308F1080833ED017A9845E0
:1037B00077EE877AF9D1DDED2E6A9DED2F7A2AB169
:1037C000F1EE666AB1EE477AF1EE677A059BC3EDDA
:1037D000006A83ED017AC3ED027A9CE7002BFFF6C5
:1037E0007DAF2EA800EB8301DFED357A043131ED9A
:1037F000017A884277EE877AF9D1002A3FF473AFD5
:1038000030E0DFED2F7AC6443EED017AF04577EEE9
:10381000877AF9D10AB1F1EE677A059BC3ED007A98
:1038200079E719EE902ABBF1000F02F1010209EECF
:10383000902A3ADD0222D4E5DFED217A01354D45AB
:10384000ECEC017AA7F104077FF4EFAE0AE74FF042
:10385000000CF0E5BDEEC77A5B4617EE101A45F88E
:103860002B10B6E6DDED2E6A0599B1EE677A002BD6
:1038700076EEE77A81ED007A3FF73EAFF1EE677AB8
:1038800046E7649903293FF646AF01A050F821F0BE
:10389000A1380400DD370400DD37040029370400B7
:1038A000DFED077A002AB6D1B7E7F7EE007A37EEF8
:1038B000C88A0222D4E5DFED027A7CE71C86040088
:1038C0000000000020F00043B3F1485F07EE900ACB
:1038D00006EE101A04DABDEEE77A17EE103A23B3BB
:1038E00027EEA77A9FED174ADFED174A9FED175A8B
:1038F000DFED175ADFED176AE7EE044A27EE874A35
:10390000A4EE875AE5EE075AE5EE876A82B166EEC5
:10391000C46AF6EE005AE6EE256ADFED0F5A96EE1F
:10392000876AA4EE256A77EEC67A17EE900A70478A
:103930009FED0A6AA7EE266AE6EE047A17EE900A71
:10394000704700BFD3C92E2F342FD7B21BEF3836A4
:10395000010D50B98988083CABAA2A3EABAA2ABE01
:1039600041F0004101F58010C00F70470020704702
:1039700000200149704700BF0000F87F38B520F0F3
:103980000044B4F1A14F07EE900A05460DDBB4F1F7
:10399000FF4F5CDC9FED557ADFED557A0028C8BFFC
:1039A000F0EE477A17EE900A38BD524B9C4261DC2C
:1039B000B4F1445F50DB4FF0FF3327EEA76A9FED71
:1039C0004E1A9FED4E2ADFED4E1ADFED4E2A9FED87
:1039D0004E3ADFED4E3A9FED4E4ADFED4E4A9FEDF7
:1039E0004E5A9FED4E7ADFED4E5A66EE066A5A1C2D
:1039F000A6EE812AE6EEA12AA2EE263AE2EEA63A49
:103A0000A3EE264AE3EEA64AA4EE265AA4EEA67A30
:103A1000E5EE265A27EE267AA5EE867A27EE277A55
:103A20003FD04049404A9B001944D1ED006A37EE2F
:103A3000667A134437EE677AD3ED007A77EEC77A69
:103A4000002DB8BFF1EE677A17EE900A38BD77EE19
:103A5000A77A17EE900A38BD9FED347A37EE877A51
:103A6000F7EE006AB4EEE67AF1EE10FAA3DD17EE97
:103A7000900A38BD00F060F82D4B9C4207EE100A0A
:103A800014DCA3F5D0039C4225DCF0EE007AFFEEB7
:103A9000006AE7EE276A002337EE277AC6EE877AB8
:103AA0008BE777EEC77A17EE900A38BD214B9C4220
:103AB0000BDCF7EE087AF7EE006AE7EE276A0223DE
:103AC00037EE677AC7EE267A77E7FFEE006AC6EE32
:103AD000877A032371E7F7EE007A77EE676A37EEAD
:103AE000277A0123C6EE877A67E700BFDB0FC93F5D
:103AF000DB0FC9BFFFFFDF3ED769853C59DA4B3D7D
:103B000021A215BD6BF16EBD356B883D95879DBDBE
:103B10006E2EBA3D388EE3BD2549123ECDCC4CBE4B
:103B2000ABAAAA3E6086040050860400CAF249711E
:103B3000FFFF973FFFFF1B4020F00040704700BF92
:103B400020F00040B0F1FF4FACBF002001207047D3
:103B500082B00190019A22F00041CB0D7F3B162BE1
:103B600020DC002B10462EDB234919410A4224D0C9
:103B7000DFED227A9DED017A77EE277AF5EEC07AB5
:103B8000F1EE10FA19DD002A04DA4FF4000242FACD
:103B900003F3184420EA010307EE903A17EE900A67
:103BA00002B07047B1F1FF4FDDED017AF6D377EE49
:103BB000A77A17EE900A02B07047DDED017A17EE92
:103BC000900A02B07047DFED0D7A9DED017A77EE35
:103BD000277AF5EEC07AF1EE10FAEEDD002A02DB6C
:103BE000DFED077ADAE7FFEE007A002918BFB0EEC2
:103BF000677AF0EE477AD1E7FFFF7F00CAF249719A
:103C000000000000004870470000C07F10B485B07D
:103C10000190019A22F00041CB0D7F3B162B2ADC4C
:103C200021B3002B11464FEAD27032DB294A1A41E8
:103C300011421BD05208114207D04FF4001421EA60
:103C4000020244FA03F342EA0301234B03EB800030
:103C500090ED007A07EE901A77EE277ACDED037A91
:103C6000DDED037A77EEC77ACDED017A019805B0E4
:103C70005DF8044B7047B1F1FF4FF7D3DDED017AEA
:103C800077EEA77ACDED017A019805B05DF8044B87
:103C90007047C2F316035B420F495B0A120D03F42F
:103CA000800312051A4301EB800191ED007A07EEC3
:103CB000902A77EE277ACDED037ADDED037A77EE61
:103CC000C77A17EE903A23F0004343EAC07301939A
:103CD000CCE700BFFFFF7F007086040000B52DED2C
:103CE000028B83B00190019B33F000421DD0B2F1F2
:103CF000FF4F0FD2B2F5000F20D3D20D0A44FE2A97
:103D00002CDC002A3DDD23F0FF4343EAC25307EEDB
:103D1000903A03E007EE900A77EEA77A17EE900A42
:103D200003B0BDEC028B5DF804FBDDED017A17EE0C
:103D3000900A03B0BDEC028B5DF804FB9DED017AA7
:103D4000DFED1B7A1B4B67EE277A9942CDED017AA6
:103D500010DB019BC3F3C752193ACFE79FED168AD8
:103D6000019918EE100A00F041F907EE900A67EE8B
:103D7000887AD3E7DFED117A9DED017A67EE277A35
:103D8000CCE712F1160F06DA4CF250339942E5DC1B
:103D90009FED0A8AE4E7193223F0FF4343EAC25356
:103DA0009FED077A07EE903A67EE877AB6E700BF95
:103DB0000000004CB03CFFFFCAF249716042A20D06
:103DC0000000003330B482B00190019B33F0004218
:103DD00041D0002B4ADBB3F1FF4F54DAB3F5000FAB
:103DE00080F29D80DFED6E7A9DED017A67EE277A95
:103DF0006FF0180517EE903A6A4AC3F3160422448E
:103E000002F4000282F07E50DB1504F10F01204322
:103E10007F3B07EE900AC1F316012B44B7EE007A00
:103E20000F2903EBD25337EEC77A35DCB5EE407A73
:103E3000F1EE10FA75D1002B00F0AE8007EE903A4B
:103E4000B8EEE77ADFED587ADFED586A67EE277A49
:103E5000E7EE267A05E0DFED566A9FED567AC6EE6C
:103E6000877A17EE900A02B030BC7047DDED017A18
:103E70009FED507A77EEE76AC6EE877A17EE900AE2
:103E800002B030BC7047DDED017A77EEA77A17EE0D
:103E9000900A02B030BC7047B0EE006A37EE066A96
:103EA0009FED452ADFED453ADFED454ADFED452A36
:103EB0009FED454ADFED456ADFED457A4549C7EE9E
:103EC000065AC4F55712214402F522720A43002A09
:103ED00006EE103A25EEA55AB8EEC63A25EE056A6A
:103EE000E6EE023AA6EE224AE3EE864AE4EE067ACF
:103EF000E4EE866A66EE856AE7EE866A3BDDB6EE3C
:103F0000006A27EE066A26EE076A76EE866A66EE95
:103F1000A56A03BB76EE666A77EE667AA1E70025AE
:103F20006AE7DFED2D6AF6EE007AE7EE667A67EE75
:103F3000076A67EEA67ADBB106EE903ADFED1A5A11
:103F40009FED1A6AF8EEE66AE6EEE57A77EEC77A52
:103F5000D6EE867A85E7DFED147ADFED145AE3EECC
:103F6000276A76EE667A77EEC77AD3EE257A78E717
:103F700077EE677A75E777EE667A67EEA57A002BBB
:103F8000F6D09FED096ADFED096AE3EE467A77EE37
:103F9000C77AD3EE267A64E7DFED067A61E700BFE1
:103FA0000000004C20FB4A00D1F717378071313FE9
:103FB000000000CC000000009788173E25333A3EF1
:103FC0002549923E4FD01C3E298E633EABAA2A3F24
:103FD000CDCCCC3E305CCFFFABAAAA3E03F0004371
:103FE00021F0004242EA0301704700BF01F00041A6
:103FF00020F000400843704710B5054C13462CB123
:104000000A4601460220AFF3008010BD2046FCE7BF
:1040100000000000014B1868704700BFF820002026
:1040200008B5074B044613B10021AFF30080054BE0
:104030001868836A03B19847204600F061FF00BF0B
:10404000000000007886040070B50D4E0D4CA41BD6
:10405000A4100025A54209D10B4E0C4C01F010F91B
:10406000A41BA4100025A54205D170BD56F825302B
:1040700098470135EEE756F8253098470135F2E7C5
:104080003823002038230020382300205C23002020
:10409000024B0146186800F09FBF00BFF8200020C7
:1040A00038B5074C0023054608461146236000F04A
:1040B0001FFF431C02D1236803B12B6038BD00BF32
:1040C0002C440020084B37B51C68084D236A002B90
:1040D00008BF2B46009313460A460146204600F0CF
:1040E000B7FF03B030BD00BFF82000205C210020E6
:1040F000084B37B51C68084D236A002B08BF2B46B8
:10410000009313460A460146204601F01CF803B00E
:1041100030BD00BFF82000205C21002081F000416C
:1041200002E000BF83F0004330B54FEA41044FEA9C
:10413000430594EA050F08BF90EA020F1FBF54EA37
:10414000000C55EA020C7FEA645C7FEA655C00F0D3
:10415000E2804FEA5454D4EB5555B8BF6D420CDDA4
:104160002C4480EA020281EA030382EA000083EA27
:10417000010180EA020281EA0303362D88BF30BDC7
:1041800011F0004F4FEA01314FF4801C4CEA11311D
:1041900002D0404261EB410113F0004F4FEA03337C
:1041A0004CEA133302D0524263EB430394EA050F07
:1041B00000F0A780A4F10104D5F1200E0DDB02FA76
:1041C0000EFC22FA05F2801841F1000103FA0EF20A
:1041D000801843FA05F359410EE0A5F120050EF1D0
:1041E000200E012A03FA0EFC28BF4CF0020C43FA01
:1041F00005F3C01851EBE37101F0004507D54FF00E
:10420000000EDCF1000C7EEB00006EEB0101B1F55D
:10421000801F1BD3B1F5001F0CD349085FEA3000A3
:104220004FEA3C0C04F101044FEA445212F5800FAE
:1042300080F09A80BCF1004F08BF5FEA500C50F14B
:10424000000041EB045141EA050130BD5FEA4C0C2E
:10425000404141EB010111F4801FA4F10104E9D1B7
:1042600091F0000F04BF01460020B1FA81F308BFAE
:104270002033A3F10B03B3F120020CDA0C3208DD7A
:1042800002F1140CC2F10C0201FA0CF021FA02F155
:104290000CE002F11402D8BFC2F1200C01FA02F1C5
:1042A00020FA0CFCDCBF41EA0C019040E41AA2BFEA
:1042B00001EB0451294330BD6FEA04041F3C1CDAB2
:1042C0000C340EDC04F11404C4F1200220FA04F0D2
:1042D00001FA02F340EA030021FA04F345EA03017C
:1042E00030BDC4F10C04C4F1200220FA02F001FA3E
:1042F00004F340EA0300294630BD21FA04F02946C0
:1043000030BD94F0000F83F4801306BF81F4801158
:104310000134013D4EE77FEA645C18BF7FEA655CCB
:1043200029D094EA050F08BF90EA020F05D054EA9D
:10433000000C04BF1946104630BD91EA030F1EBFA2
:104340000021002030BD5FEA545C05D140004941A6
:1043500028BF41F0004130BD14F580043CBF01F599
:10436000801130BD01F0004545F0FE4141F470017F
:104370004FF0000030BD7FEA645C1ABF194610465A
:104380007FEA655C1CBF0B46024650EA013406BF5B
:1043900052EA033591EA030F41F4002130BD00BF1A
:1043A00090F0000F04BF0021704730B54FF48064D7
:1043B00004F132044FF000054FF0000150E700BF58
:1043C00090F0000F04BF0021704730B54FF48064B7
:1043D00004F1320410F0004548BF40424FF00001A4
:1043E0003EE700BF42004FEAE2014FEA31014FEAE7
:1043F00002701FBF12F07F4393F07F4F81F0605136
:10440000704732F07F4208BF704793F07F4F04BF80
:1044100041F40021704730B54FF4607401F000455D
:1044200021F000411CE700BF50EA010208BF7047BD
:1044300030B54FF000050AE050EA010208BF7047AE
:1044400030B511F0004502D5404261EB41014FF417
:10445000806404F132045FEA915C3FF4D8AE4FF01F
:1044600003025FEADC0C18BF03325FEADC0C18BF02
:10447000033202EBDC02C2F1200300FA03FC20FA53
:1044800002F001FA03FE40EA0E0021FA02F11444A0
:10449000BDE600BF70B54FF0FF0C4CF4E06C1CEAB9
:1044A00011541DBF1CEA135594EA0C0F95EA0C0F2A
:1044B00000F0DEF82C4481EA030621EA4C5123EA9D
:1044C0004C5350EA013518BF52EA033541F48011CC
:1044D00043F4801338D0A0FB02CE4FF00005E1FB7F
:1044E00002E506F00042E0FB03E54FF00006E1FBC9
:1044F00003569CF0000F18BF4EF0010EA4F1FF040C
:10450000B6F5007F64F5407404D25FEA4E0E6D414B
:1045100046EB060642EAC62141EA55514FEAC5205C
:1045200040EA5E504FEACE2EB4F1FD0C88BFBCF5D8
:10453000E06F1ED8BEF1004F08BF5FEA500E50F189
:10454000000041EB045170BD06F0004646EA01014F
:1045500040EA020081EA0301B4EB5C04C2BFD4EB81
:104560000C0541EA045170BD41F480114FF0000E7A
:10457000013C00F3AB8014F1360FDEBF002001F0E8
:10458000004170BDC4F10004203C35DA0C341BDC62
:1045900004F11404C4F1200500FA05F320FA04F034
:1045A00001FA05F240EA020001F0004221F0004168
:1045B00010EBD37021FA04F642EB06015EEA430EDB
:1045C00008BF20EAD37070BDC4F10C04C4F120050B
:1045D00000FA04F320FA05F001FA04F240EA0200BE
:1045E00001F0004110EBD37041F100015EEA430E8F
:1045F00008BF20EAD37070BDC4F1200500FA05F2AF
:104600004EEA020E20FA04F301FA05F243EA02032D
:1046100021FA04F001F0004121FA04F220EA02003C
:1046200000EBD3705EEA430E08BF20EAD37070BD82
:1046300094F0000F0FD101F00046400041EB010162
:1046400011F4801F08BF013CF7D041EA060195F044
:10465000000F18BF704703F00046520043EB0303FE
:1046600013F4801F08BF013DF7D043EA06037047EB
:1046700094EA0C0F0CEA135518BF95EA0C0F0CD0F6
:1046800050EA410618BF52EA4306D1D181EA03013C
:1046900001F000414FF0000070BD50EA410606BF36
:1046A0001046194652EA430619D094EA0C0F02D17B
:1046B00050EA013613D195EA0C0F05D152EA0336C0
:1046C0001CBF104619460AD181EA030101F00041DE
:1046D00041F0FE4141F470014FF0000070BD41F027
:1046E000FE4141F4780170BD70B54FF0FF0C4CF401
:1046F000E06C1CEA11541DBF1CEA135594EA0C0F20
:1047000095EA0C0F00F0A7F8A4EB050481EA030E6C
:1047100052EA03354FEA013100F088804FEA033353
:104720004FF0805545EA131343EA12634FEA022221
:1047300045EA111545EA10654FEA00260EF00041E2
:104740009D4208BF964244F1FD0404F5407402D234
:104750005B084FEA3202B61A65EB03055B084FEAC5
:1047600032024FF480104FF4002CB6EB020E75EBC2
:10477000030E22BFB61A754640EA0C005B084FEAEA
:104780003202B6EB020E75EB030E22BFB61A754667
:1047900040EA5C005B084FEA3202B6EB020E75EBB2
:1047A000030E22BFB61A754640EA9C005B084FEA2A
:1047B0003202B6EB020E75EB030E22BFB61A754637
:1047C00040EADC0055EA060E18D04FEA051545EA26
:1047D00016754FEA06164FEAC30343EA52734FEACF
:1047E000C2025FEA1C1CC0D111F4801F0BD141EA48
:1047F00000014FF000004FF0004CB6E711F4801FAD
:1048000004BF01430020B4F1FD0C88BFBCF5E06F8C
:104810003FF6AFAEB5EB030C04BFB6EB020C5FEA9C
:10482000500C50F1000041EB045170BD0EF0004EF1
:104830004EEA113114EB5C04C2BFD4EB0C0541EA23
:10484000045170BD41F480114FF0000E013C90E620
:1048500045EA060E8DE60CEA135594EA0C0F08BFE4
:1048600095EA0C0F3FF43BAF94EA0C0F0AD150EAE3
:1048700001347FF434AF95EA0C0F7FF425AF104676
:1048800019462CE795EA0C0F06D152EA03353FF49E
:10489000FDAE1046194622E750EA410618BF52EA1B
:1048A00043067FF4C5AE50EA41047FF40DAF52EAEF
:1048B00043057FF4EBAE12E74FF0FF3C06E000BF8C
:1048C0004FF0010C02E000BF4FF0010C4DF804CD99
:1048D0004FEA410C7FEA6C5C4FEA430C18BF7FEA59
:1048E0006C5C1BD001B050EA410C0CBF52EA430C87
:1048F00091EA030F02BF90EA020F0020704710F107
:10490000000F91EA030F58BF994208BF90422CBF95
:10491000D8176FEAE37040F0010070474FEA410C8E
:104920007FEA6C5C02D150EA013C07D14FEA430CAC
:104930007FEA6C5CD6D152EA033CD3D05DF8040B1D
:10494000704700BF8446104662468C46194663464F
:1049500000E000BF01B5FFF7B7FF002848BF10F126
:10496000000F01BD4DF808EDFFF7F4FF0CBF01206B
:1049700000205DF808FB00BF4DF808EDFFF7EAFFE7
:1049800034BF012000205DF808FB00BF4DF808EDA2
:10499000FFF7E0FF94BF012000205DF808FB00BF97
:1049A0004DF808EDFFF7CEFF94BF012000205DF821
:1049B00008FB00BF4DF808EDFFF7C4FF34BF01202E
:1049C00000205DF808FB00BF4FEA410C7FEA6C5CF9
:1049D00002D150EA013C0AD14FEA430C7FEA6C5CF9
:1049E00002D152EA033C02D14FF0000070474FF071
:1049F000010070474FEA410212F5001215D211D59D
:104A00006FF47873B3EB625212D94FEAC12343F0CB
:104A1000004343EA505311F0004F23FA02F018BF4D
:104A2000404270474FF00000704750EA013005D116
:104A300011F0004008BF6FF0004070474FF00000D9
:104A4000704700BF4A0011D212F5001211D20DD5E5
:104A50006FF47873B3EB62520ED44FEAC12343F084
:104A6000004343EA505323FA02F070474FF000002E
:104A7000704750EA013002D14FF0FF3070474FF0DD
:104A8000000070474FEA4102B2F1E04324BFB3F5A2
:104A9000001CDCF1FE5C0DD901F0004C4FEAC002B5
:104AA0004CEA5070B2F1004F40EB830008BF20F099
:104AB0000100704711F0804F21D113F13872BCBF53
:104AC00001F00040704741F480114FEA5252C2F1A8
:104AD0001802C2F1200C10FA0CF320FA02F018BFF1
:104AE00040F001004FEAC1234FEAD32303FA0CFC44
:104AF00040EA0C0023FA02F34FEA4303CCE77FEAD3
:104B0000625307D150EA01331EBF4FF0FE4040F41C
:104B10004000704701F0004040F0FE4040F40000CB
:104B2000704700BF53B94AB9002908BF00281CBF0D
:104B30004FF0FF314FF0FF3000F0D0B9ADF1080C6D
:104B40006DE904CE00F064F8DDF804E0DDE902234D
:104B500004B070472DE9F84382EAE274A4EBE274F2
:104B60001546E20758BFDFF8609006460F4652BF71
:104B70004FF0000880468946640832463B4630467E
:104B8000394613D0FFF786FCE30706460F46F3D5F8
:104B90004046494632463B46FFF77CFC6408804667
:104BA000894632463B4630463946EBD1002D07DA7E
:104BB00042464B4600200449FFF796FD8046894651
:104BC00040464946BDE8F8830000F03FD0B50022DA
:104BD0000D4B06460F46FFF75DFCFFF733FF04461B
:104BE000FFF7DEFB0022094BFFF754FC02460B46A1
:104BF00030463946FFF796FAFFF724FF0022234696
:104C000010431946D0BD00BF0000F03D0000F04148
:104C10002DE9F047089E04468846002B4BD18A4276
:104C2000154667D9B2FA82F24AB1C2F1200701FAF9
:104C300002F320FA07F7954047EA030894404FEA49
:104C4000154E230CB8FBFEF71FFA85FC0EFB1788E8
:104C500043EA084307FB0CF1994209D9EB1807F125
:104C6000FF3080F01B81994240F21881023F2B44B3
:104C70005B1AA4B2B3FBFEF00EFB103344EA03440C
:104C800000FB0CFCA44509D92C1900F1FF3380F07E
:104C90000781A44540F2048102382C4440EA0740D1
:104CA000A4EB0C0400271EB1D4400023C6E9004346
:104CB0003946BDE8F0878B4209D9002E00F0EB8021
:104CC0000027C6E9000138463946BDE8F087B3FA47
:104CD00083F7002F47D18B4202D3824200F2FA8041
:104CE000841A61EB030301209846002EE0D0C6E948
:104CF0000048DDE702B9FFDEB2FA82F2002A40F096
:104D00008F80491B4FEA154E1FFA85F80127B1FB2A
:104D1000FEFC230C0EFB1C1143EA014308FB0CF1C3
:104D2000994207D9EB180CF1FF3002D2994200F2F8
:104D3000CD808446591AA3B2B1FBFEF00EFB1014CD
:104D400043EA044408FB00F8A04507D92C1900F1F8
:104D5000FF3302D2A04500F2B6801846A4EB080447
:104D600040EA0C409FE7C7F1200CBB4022FA0CFE42
:104D70004EEA030E01FA07F420FA0CF521FA0CF3BF
:104D80004FEA1E482543B3FBF8F92C0C08FB1933F6
:104D90001FFA8EFA44EA034309FB0AF49C4202FA22
:104DA00007F200FA07F10BD91EEB030309F1FF30FC
:104DB00080F087809C4240F28480A9F1020973440C
:104DC0001B1BADB2B3FBF8F008FB103345EA0344FC
:104DD00000FB0AFAA24508D91EEB040400F1FF33D8
:104DE0006BD2A24569D90238744440EA0940A0FB5D
:104DF0000289A4EB0A044C45C2464B4654D351D019
:104E0000002E69D0B1EB0A0564EB030404FA0CFC34
:104E1000FD40FC404CEA0505C6E90054002747E781
:104E2000C2F1200320FA03F7954001FA02F021FABB
:104E300003F34FEA154E3843010CB3FBFEF71FFA9C
:104E400085F80EFB173341EA034107FB08F38B4259
:104E500004FA02F407D9691807F1FF3C2FD28B42FC
:104E60002DD9023F2944CB1A81B2B3FBFEF00EFBD1
:104E7000103341EA034100FB08F38B4207D969185C
:104E800000F1FF3C17D28B4215D902382944C91AC8
:104E900040EA07473BE73746304609E70746E7E67B
:104EA0001846FBE64145ABD2B8EB020A69EB0E02AD
:104EB00001381346A4E76046E9E7184695E76746D8
:104EC000D1E781467CE702382C4447E7ACF1020C7D
:104ED0002B442FE7384608E73746E9E6704700BF1E
:104EE000024B58221A604FF0FF3070472C440020CC
:104EF000024B58221A604FF0FF3070472C440020BC
:104F0000FEE700BFEBF726BC0B4601461846FFF74D
:104F100073B810B5002814BF044601242046EBF7EF
:104F2000F3FB30B9FCF7BCF908B900F00FF8804783
:104F3000F4E710BD08B500F004F808B5804700F0AC
:104F400005F808B5FCF7B4F9FFF7F7FF08B5062038
:104F5000FFF79EF80120FFF7D3FF0A220021FFF799
:104F6000B1B830B50024A24201D1002007E0035DB2
:104F700001340D1915F8015CAB42F4D0581B30BD5B
:104F800010B5431E0A44914200D110BD11F8014BE7
:104F900003F8014FF7E7884210B501EB020307D889
:104FA000421E99420AD011F8014B02F8014FF8E76E
:104FB0008342F5D98118D21AD34200D110BD13F81B
:104FC000014D01F8014DF7E702440346934200D139
:104FD000704703F8011BF9E71F2938B504460D4651
:104FE00004D9162303604FF0FF3038BD426C12B174
:104FF00052F821304BB9204600F016F82A460146F7
:105000002046BDE83840FFF74BB8012B0AD0591CA9
:1050100003D1162303600120E7E7002442F825406E
:10502000284698470020E0E7FFF75ABF10F8012B09
:1050300011F8013B012A28BF9A42F7D0D01A7047D5
:10504000034613F8012B002AFBD1181A01387047C8
:105050002DE9F0478046894692461E460F463D465A
:10506000089815F8014B00F0E8F82044437813F055
:10507000080332D12D2C32D17C78BD1C0122002EA8
:105080005DD0102E09D1302C07D12B7803F0DF032F
:10509000582B4FD16C7810260235002A14BF4FF0E0
:1050A00000416FF000410027B1FBF6FC384606FBDB
:1050B0001C1EA4F13003092B17D81C46A64223DD81
:1050C0007B1C07D084451CD301D1A64519DB00FB0E
:1050D0000640012715F8014BEBE72F46BFE72B2CC5
:1050E00004BFBD1C7C781A46C9E7A4F14103192B03
:1050F00001D8373CE2E7A4F16103192B04D8573CEF
:10510000DCE74FF0FF37E5E77B1C08D12223C8F826
:1051100000300846BAF1000F07D1BDE8F08702B1B0
:105120004042BAF1000FF8D00FB105F1FF39CAF8CB
:105130000090F2E73024002EAFD10826ADE7302CE6
:10514000A3D00A26A9E72DE9F04780468946924672
:105150001E460F463D46089815F8014B00F06DF8C5
:105160002044437813F0080330D12D2C30D17C78C3
:10517000BD1C0121002E5CD0102E09D1302C07D18E
:105180002B7803F0DF03582B4ED16C7810260235B4
:105190004FF0FF320023B2FBF6F206FB02FC6FEA8F
:1051A0000C0C1846A4F13007092F17D83C46A6422C
:1051B00023DD002B1EDB82421CD301D1A44519DB69
:1051C00000FB0640012315F8014BEBE72F46C1E732
:1051D0002B2C04BFBD1C7C781946CBE7A4F14107FA
:1051E000192F01D8373CE2E7A4F16107192F04D841
:1051F000573CDCE74FF0FF33E5E7002B09DA2223C9
:10520000C8F800304FF0FF30BAF1000F07D1BDE809
:10521000F08701B14042BAF1000FF8D00BB105F1AF
:10522000FF39CAF80090F2E73024002EB0D10826EA
:10523000AEE7302CA4D00A26AAE7D0F8EC007047DD
:1052400082B001B901A942B14BB113780B60127859
:10525000101C18BF012002B070471046FBE76FF02A
:105260000100F8E749B1FF2A85BF8A2303600A706D
:105270004FF0FF3098BF012070470846704700008C
:10528000F8B500BFF8BC08BC9E467047F8B500BF33
:10529000F8BC08BC9E4670470000000000000000FB
:1052A0000108010842424242010801083ED8E98D46
:1052B000C90C0200010D02001D0D0200350D020097
:1052C000510D02006D0D0200890D0200A50D0200B6
:1052D000B50D0200ED0D02003D0E0200650E02004C
:1052E000D90E0200210F0200310F0200410F02000F
:1052F000450F0200490F0200590F0200F518020085
:1053000051570200A54F0200C9520200D5520200B7
:10531000ED520200C5280200E1520200F94F0200DE
:10532000C152020091360200DD280200952C0200D5
:10533000C12B0200712B0200C52D020021260200A4
:10534000FD2702000D280200212802003D2802004E
:10535000ED3102003D3102001937020039370200F9
:10536000F5590200F9590200045A0400345A0400A5
:10537000645A0400BC5B0400954F020045500200D3
:10538000614102005D390200155A02000D5A020007
:10539000115A020091350200A533020015340200B3
:1053A000C5290200D9290200F9290200B92A020000
:1053B000CD2A0200052B02001925020069280200EF
:1053C0007D28020081280200892802009528020019
:1053D0009D280200AD280200B5280200BD28020069
:1053E0005933020089330200395002008D53020004
:1053F000B9530200255402000924020015240200BA
:105400006D24020075240200E9270200992702009A
:105410009524020059250200CD2602005D250200D8
:10542000A1250200092602001926020035330200D8
:10543000112E0200392E0200612E0200B92E020048
:10544000E52E0200992C0200912D0200C92C0200C9
:10545000F92C0200212D0200492D0200692D0200C5
:10546000E5340200093502002D35020051350200F5
:10547000713502003933020049330200CD31020098
:10548000DD310200452F02004928020001300200F0
:10549000B9300200CD300200E1300200F5300200E8
:1054A000093102001D310200592802006128020062
:1054B000FD590200C5280200D5280200DD2802009F
:1054C000592902005D2902006129020075290200A4
:1054D000A9290200AD290200BD290200192B0200F2
:1054E000252B0200292B0200C93602004137020099
:1054F000593702007D370200C5370200E537020048
:105500005139020069390200654002002941040056
:1055100079490400B549040025410400E946040026
:1055200095440400F5180200094202002D420200D1
:1055300031420200614202008D420200BD4202007F
:10554000C94202000D4302003143020061430200E0
:105550008D430200954302009D430200A9430200CF
:10556000B9430200C5100200F110020051110200FF
:105570005D1102008D110200C9110200CD1102005F
:10558000C5430200CD4302003144020055440200ED
:10559000954602007D4402008944020091440200C5
:1055A000994402003D450200754502008145020014
:1055B000914502009D450200C1450200554602008A
:1055C00065460200794602001122020019220200FB
:1055D00025220200292202002D220200312202008F
:1055E00039220200512202005D22020069220200DB
:1055F0007522020089220200D1220200D522020077
:10560000E1220200E5220200F5220200FD22020052
:1056100001230200052302001123020019230200C6
:105620002D230200392302003D230200DD46020043
:10563000ED4602004147020051470200894702003F
:1056400095470200614702006D470200794702005A
:10565000A1470200B547020099480200194902001B
:105660007D4A0200814A0200954A0200A94A0200CE
:10567000BD4A0200D14A0200E54A02000D4B020079
:10568000194B0200494B0200694B02006D4B0200AE
:10569000814B0200DD4B0200354C0200414C020000
:1056A000894C0200B14C0200C14C0200C94C0200FE
:1056B000714E0200A14E0200094D02001D4D020074
:1056C000814D0200954D0200AD4D0200054E0200D5
:1056D0002D4E0200594E0200615702007155020022
:1056E000BD55020001560200315602004956020023
:1056F000A5560200ED560200F95602002957020095
:1057000035570200415702003512020039120200DB
:1057100051120200651202007D1202009112020075
:10572000F515020031170200F5120200F91202000D
:105730002913020055130200D5130200E1130200E1
:105740002514020099140200B1140200D9140200B9
:10575000E114020025100200391002004D10020071
:105760006110020075100200891002009D100200F5
:10577000B1100200F957020021580200355802000A
:10578000495802005D580200715802008558020015
:10579000995802004D4802007148020095480200E5
:1057A0000D4902001149020015490200755402001A
:1057B000795402005955020065550200A1570200B4
:1057C000ED570200950F0200A50F0200B10F020075
:1057D000BD0F0200E10F0200650F0200810F020001
:1057E000F90F0200195902003159020069590200EB
:1057F00099590200000000000000000000000000B5
:105800000338FDD8704700000100000000000000D0
:105810000A0000000000000064000000000000001A
:10582000E803000000000000102700000000000056
:10583000A08601000000000040420F0000000000B0
:10584000809698000000000000E1F50500000000CF
:1058500000CA9A3B0000000000E40B540200000064
:1058600000E87648170000000010A5D4E80000000A
:1058700000A0724E1809000000407A10F35A000090
:105880004FBB610567ACDD3F182D4454FB21E93F58
:105890009BF681D20B73EF3F182D4454FB21F93F47
:1058A000E2652F227F2B7A3C075C143326A6813CCD
:1058B000BDCBF07A8807703C075C143326A6913C78
:1058C000000000000000E03F000000000000E0BF1A
:1058D0000000E0FE422EE63F0000E0FE422EE6BF62
:1058E000763C7935EF39EA3D763C7935EF39EABDDA
:1058F0000000000000000000000000000000008028
:1059000000000040FB21F93F000000002D44743EE0
:10591000000000809846F83C0000006051CC783BC5
:1059200000000080831BF0390000004020257A38F9
:10593000000000802282E336000000001DF369357C
:10594000000000000000000045B1020045B1020067
:1059500045B10200B10B0200B50B020075B10200A7
:1059600045B1020045B1020029B4020049B102006C
:105970007DB4020051B5020061B10200B112000015
:10598000267930DAA26E0273B604384AB1120000EA
:10599000267930DAA26E0273B604384930313233D8
:1059A000343536373839616263646566000000005B
:1059B000000000000000000075700300CD6F0300C0
:1059C000C5110300C5110300CD110300CD11030063
:1059D000B5110300D51103003D730300F11103005D
:1059E000057403003D70030011120300DD1702006F
:1059F000F117020041710300322E3000322E3200C6
:105A0000322E5800080003F90000000001000000D9
:105A1000000000007523020091360200712302008D
:105A200041230200492302004D2302006D2302009E
:105A300051230200080004F90000000003000000E8
:105A400000000000752302009136020000000000F3
:105A500065230200000000000000000000000000BC
:105A6000000000000C0002F900000000020000002D
:105A700000000000752302009136020000000000C3
:105A80006123020000000000000000000000000090
:105A900000000000045A04000700626F6F6C65612B
:105AA0006E000000045A04000900756E64656669A2
:105AB0006E656400345A040000000000000000001D
:105AC000045A040000000000045A0400080066752F
:105AD0006E6374696F6E0000045A04000900756EED
:105AE000646566696E656400045A04000800496EC6
:105AF00066696E6974790000045A040003004E61FF
:105B00004E000000045A040009002D496E66696EBB
:105B100069747900045A040004006E756C6C00000E
:105B2000045A04000400747275650000045A0400ED
:105B3000050066616C736500045A040008005B4F41
:105B4000626A6563745D0000045A04000A005B46E3
:105B5000756E6374696F6E5D00000000045A040086
:105B600006006E756D62657200000000045A040044
:105B700006006F626A65637400000000045A040046
:105B80000600737472696E6700000000080004F973
:105B9000000000000900000000000000AD4102000C
:105BA000A5410200B5410200A94102000000000029
:105BB0000000000000000000000000000C0005F9DB
:105BC000000000000400000000000000A14F0200DF
:105BD000914F0200354102007941020000000000AF
:105BE000000000000000000000000000140004F9A4
:105BF000000000000800000000000000CD4E020080
:105C0000D94E020049410200894102000000000013
:105C1000000000000000000000000000080004F97F
:105C20000000000007000000000000009D4F02007F
:105C3000994F02004141020085410200000000002E
:105C40000000000000000000000000000C0004F94B
:105C5000000000000600000000000000C14E02002D
:105C6000C94E02002D4102007541020000000000F3
:105C70000000000000000000000000000000000024
:105C800000000000195A0200215A0200255A0200A1
:105C9000115C0200A9F90200BD5D0200415E020034
:105CA0007A76677074756F6965617A7667707475F6
:105CB0006F6965617A76677074000000756E6B6E4F
:105CC0006F776E001B1B000E1100000015160F18D9
:105CD000130000001C0B1F251E0000000000000028
:105CE00000000000A9600200E1FB0200A1600200C8
:105CF000616002009D600200716402009560020014
:105D0000916002000000000000000000195A02002B
:105D1000215A0200255A020069820200A9F90200F4
:105D2000AD640200D9640200E1100300E510030035
:105D3000FD860200F910030005840200D5810200EF
:105D400001110300C4FFFFFF00000000195A020008
:105D5000252A0300255A0200A5640200A9F90200C1
:105D6000D164020005650200554249545F4C4F471B
:105D70005F46535F565F3030320A0000845D040096
:105D80000800000001000000020000000200000006
:105D900002000000030000000200000004000000F8
:105DA00001000000050000000800000006000000DF
:105DB00001000000070000000100000008000000D2
:105DC000010000000000000000000000195A02005D
:105DD000215A0200F96B0200A5640200A9F9020031
:105DE000CD660200E5660200000000000000000031
:105DF000195A0200215A02002D710200A564020006
:105E0000A9F902003170020049700200145E04001A
:105E100008000000010000000C000000020000006B
:105E20000500000003000000020000000400000064
:105E30000100000005000000010000000600000055
:105E4000020000000700000003000000080000003E
:105E5000010000000000000000000000195A0200CC
:105E6000215A0200255A0200A5640200A9F9020085
:105E700059710200897102008D740200CD74020014
:105E8000F97802004571020021790200417902008F
:105E900049710200F8FFFFFF00000000C17102001D
:105EA000397902005179020051710200C574020073
:105EB000A575020019790200000000000000000032
:105EC00059790200B5790200CD7902000000000086
:105ED000000000002D7B020065790200717902004C
:105EE000614703007D79020085790200AD790200E7
:105EF0007547030000000000000000001980020048
:105F0000E18002001D800200218002002D8002003D
:105F100041800200FD80020000000000000000003F
:105F2000195A0200215A0200255A02006982020011
:105F3000A9F9020095810200B1810200E11003007D
:105F4000E5100300FD860200F9100300058402003D
:105F5000D5810200011103000000000000000000D4
:105F6000B18C0200218702002587020061470300EF
:105F70003187020069470300358702007547030037
:105F80004587020095870200FCFFFFFF000000002C
:105F9000195A0200215A0200255A0200A564020083
:105FA000A9F902008D870200A98702006769676767
:105FB0006C650000303130323330393838303139A7
:105FC00030303834343030343430303838383130A0
:105FD00032333030313630313030333330303234A8
:105FE00030303030303030303030303030303030B1
:105FF0003030303030303030303030302C313130A3
:106000003233323537303038373431313434303060
:106010003434303038383830333532303035393048
:106020003130303333303030313030303030303068
:10603000303030303030303030303130303030305F
:1060400030303030302C3331303233323732393037
:1060500032313130353434303238383930383838FC
:10606000303039313030363330303030303030301D
:106070003234303730303032303030303030303011
:1060800030303030333030303030303030302C330E
:1060900031303233323732393031303230353434D6
:1060A00030323838393038383830303931303036AD
:1060B00033303030303030303032343037303030D0
:1060C00032303030303030303030303030333030CB
:1060D000303030303030302C3331303233323732B0
:1060E0003930313134303534343032383839303871
:1060F000383830303931303036333030303030307D
:106100003030323430373030303230303030303080
:10611000303030303030333030303030303030307C
:10612000000000006861707079000000303130328A
:106130003331393932303636393131343430303424
:10614000343030383838303236323030323830301F
:10615000303031383030303230353030303030302F
:10616000303030303030303030313030303030302E
:10617000303030302C30303233323231323930320C
:1061800039353038343430323430343038383830CF
:1061900030303030303034303030323234303031F2
:1061A00031303030303030303030303030303030EE
:1061B000303030373530303030303030302C3030D7
:1061C00030303032313239303239353039343430A0
:1061D000323430343038383830313435303030348F
:1061E00030303032323430303131303030303030A5
:1061F0003030303030303030303030303735303093
:10620000303030303030000068656C6C6F0000005A
:10621000333130323330363733303139373032344E
:10622000343031313837303838383130323330313A
:10623000323830303030303030303234303030304E
:10624000303030303030303030303030303030304E
:1062500030303030303030302C333030303031303E
:106260003634303031363032343430303938313001
:1062700038383830303030303132383030303030FB
:106280003130303034303030303030303030303009
:1062900030303030303030303030303030303030FE
:1062A000302C3331303233313036343032393330D0
:1062B00032343430303938313038383831303233A4
:1062C00030313238303030303031303030343030BE
:1062D00030303030303030303030303030303030BE
:1062E0003030303030303030303000006D79737401
:1062F0006572696F75730000343030303032333975
:10630000303033333130303434303234303430386C
:10631000383830343737303030343030303232344F
:106320003030313130343030303030303030303067
:106330003030303030303830303030303030303055
:106340002C3430353531323834353338353030301F
:106350003434303034343030383838303030303015
:106360003132383033303130353030313630303012
:106370003030303030303030303030303030383510
:10638000303030353030303135000000736164001A
:1063900033313032333232323630373038303134D4
:1063A00034303136323430383838313032333031BD
:1063B00032383030303030313030323430303030CC
:1063C00030303030303030303030303030303030CD
:1063D00030303030303030302C33313032333136B1
:1063E0003233303933363032343430303933393077
:1063F000383838303030303031323830303030307A
:106400003130303234303030303030303030303085
:10641000303030303030303030303030303030307C
:1064200030000000736C6964650000003130353263
:106430003032333235303232333032343430323439
:10644000303430383838313032333031323830311E
:106450003032303030303131303430303030303034
:10646000303030303030303030313030303030302B
:10647000303030302C303130323332353230303908
:1064800031303032343430303434303038383831E0
:1064900030323330313238303130323234303031E2
:1064A00031303430303030303030303030303030E7
:1064B000303031303030303030303030300000006B
:1064C000736F6172696E670032313032333430304D
:1064D000393533303930353434303539393930386D
:1064E000383831303233303032323032303030348C
:1064F0003030303230323530303030303030303093
:106500003030303030323030303030303030303089
:106510002C34303232333337323732373330313450
:106520003434303034343030383838303030303043
:106530003033313031303234343030303330303049
:10654000303030303030303030303030303030304B
:1065500030303030303030303000000073707269CD
:106560006E670000333036353930303337313136ED
:1065700033313234343030353837303838383038D9
:1065800030373030333430303030303030303234F7
:1065900030303030303030303030303030303030FB
:1065A0003035303030303030303030302C303130E9
:1065B00032333030333731313633313334343030B5
:1065C0003538373038383831303233303033313095
:1065D00030303030303030323430303030303030B5
:1065E00030303030303030303030353030303030A6
:1065F00030303030300000007477696E6B6C6500AD
:10660000303130313830303037363732323039345B
:106610003430303735363038383830383535303139
:10662000323830303030303030303234303030305A
:10663000303030303030303030303030303030305A
:106640003030303030303030000000007961776E0B
:1066500000000000323030303032323831313333E4
:1066600032303234343031353030303838383130FF
:1066700032333031323830313032343130303234FC
:106680003034303030333030303030303030303003
:106690003031303030303030303030302C303035F8
:1066A00033313235323030393130303234343030C9
:1066B00034343030383838303633363031323830A0
:1066C00031303232343030313130333030303030BC
:1066D00030303030303030303030313030303030B9
:1066E00030303030302C303038323230373834308F
:1066F0003139303038343430303434303038383860
:106700003036383130303136303030303535303069
:106710003234303030303030303030303030303073
:1067200030303030353030303030303030302C3068
:106730003034373930373834303139303038343418
:106740003030343430303838383032393830303115
:10675000363030303030303030323430303030302D
:106760003030303030303030303030303035303024
:10677000303030303030302C303033323130373808
:1067800034303139303038343430303434303038DB
:1067900038383031303830303136303030303333D3
:1067A00030303038303030303030303030303030E1
:1067B00030303030303035303030303030303030D4
:1067C000000000000000000000000000AD95020085
:1067D000B5950200BD950200D5950200DD95020039
:1067E000E5950200ED950200FD9502000D96020070
:1067F000199602002996020031960200399602008D
:1068000041960200519602005996020061960200DC
:106810007996020081960200899602009196020004
:1068200099960200A1960200D9960200DD96020018
:10683000E196020015970200000000000000000031
:10684000AD950200B5950200BD950200219A0200A7
:10685000DD950200E5960200ED950200FD9502002F
:106860000D96020019960200299602003196020048
:1068700039960200E9960200499A0200F996020050
:10688000ED97020079960200819602008996020037
:106890009196020099960200A1960200D9960200F4
:1068A000DD960200799702006198020021970200AC
:1068B000A19A0200FD96020001970200E8FFFFFF87
:1068C00000000000195A0200215A020071970200CC
:1068D000A5640200A9F90200B19702001D98020008
:1068E000E0FFFFFF00000000FD9A02005D4703008B
:1068F0000D970200614703001998020069470300E1
:106900007147030075470300306904000C00000064
:1069100060690400060000007869040004000000BB
:106920008869040007000000A46904000700000053
:106930000000803F6D56853F0000903F9A99993F37
:106940000000A03F93A9AA3FA301B43F0000C03FAD
:10695000CDCCCC3F6D56D53F6666E63F0000F03F9C
:106960000000803F0000903F0000A03FA301B43F23
:10697000CDCCCC3F6666E63F0000803F9A99993FB8
:10698000A301B43F6D56D53F0000803F0000903F0B
:106990000000A03F93A9AA3F0000C03F6D56D53F1D
:1069A0000000F03F0000803F0000903F9A99993F1F
:1069B00093A9AA3F0000C03FCDCCCC3F6666E63F1E
:1069C0000000000000000000DD9D020045B1020053
:1069D00045B10200859D0200899D020075B102004B
:1069E0002DA002008DA0020029B4020049B10200CE
:1069F0007DB4020051B5020061B10200FFFF140036
:106A00000500FFFFFFFFFFFFFFFFFFFFFFFF00FF8E
:106A1000FFFF000000FFFFFFFFFFFFFFFF00FFFF82
:106A2000FF000000FF0000000000FFFF00FFFFFF6D
:106A3000000000FF00000000000000000000FFFF59
:106A4000FFFFFFFFFF00FFFFFF000000FF0000004F
:106A50000000FFFFFFFFFFFFFFFFFFFFFFFF00FF43
:106A6000FFFF000000FF00000000FFFF00FF00FF2D
:106A700000FF00FFFFFF00FF00FF00FF0000FFFF1F
:106A800000000000D8ECF0F4F8FC0004302C302CAE
:106A90003235352C302C300A302C3235352C302C18
:106AA000302C300A3235352C3235352C3235352CF8
:106AB0003235352C3235350A302C3235352C302CE8
:106AC000302C300A302C302C3235352C302C300A1A
:106AD00000000000302C302C302C302C300A302CB0
:106AE000302C302C302C3235350A302C302C302CD8
:106AF0003235352C300A3235352C302C3235352CA8
:106B0000302C300A302C3235352C302C302C300AD9
:106B1000000000003235352C302C302C302C323532
:106B2000350A302C3235352C302C3235352C300AA4
:106B3000302C302C3235352C302C300A302C32357C
:106B4000352C302C3235352C300A3235352C302C62
:106B5000302C302C3235350A000000005265626F4F
:106B60006F744D6F64650000205B00005D000000E5
:106B7000205632000000000000000000195A0200F8
:106B8000215A02003DA2020011A30200A9F902004D
:106B90000DA20200B9A4020043616C6C696F7065BC
:106BA000206D696E69000000E95D0000251D470A3F
:106BB000A062FA1922DFA9A800000000000000006E
:106BC00045B1020045B1020045B10200354F040055
:106BD000354F040075B1020045B1020045B1020015
:106BE00029B4020049B102007DB4020051B502008F
:106BF00061B10200000000000000000045B1020089
:106C000045B1020045B1020045B6020049B6020096
:106C100075B1020025BA02002DBA020029B40200A3
:106C200049B102007DB4020051B5020061B1020019
:106C30000000000000000000F9BA020071BF02006D
:106C400045B1020035BA020039BA020075B102003E
:106C500045B1020045B1020029B4020049B1020069
:106C60007DB4020051B5020061B10200ADBF020067
:106C700045BA020099BA0200F8FFFFFF00000000C9
:106C8000195A0200215A020005C00200A564020040
:106C9000A9F902006DBA0200C9BA020000000000A2
:106CA0000000000095C002001DC0020045B10200B6
:106CB0000DC0020011C0020075B1020045B1020012
:106CC00045B1020029B4020049B102007DB40200BE
:106CD00051B5020061B10200000000000000000098
:106CE0009DC2020045B1020045B1020045C202004A
:106CF00049C2020075B10200FDC602005DC7020074
:106D000029B4020049B102007DB4020051B502006D
:106D100061B1020001AA0000666C617368496E638C
:106D20006F6D706C65746500E97D0000251D470A74
:106D3000A062FA1922DFA9A80000000000000000EC
:106D400081C9020045B1020045B1020065C70200D9
:106D500069C7020075B1020045B1020045B10200E9
:106D600029B4020049B102007DB4020051B502000D
:106D700061B1020000000000000000009DCD020093
:106D800045B1020045B1020045CD020049CD0200E7
:106D900075B10200D1CF020031D0020029B4020047
:106DA00049B102007DB4020051B5020061B1020098
:106DB0006E400000B5A3F393E0A9E50E24DCCA9E63
:106DC000000000000000000095D1020045B1020063
:106DD0001DD1020039D002003DD0020075B1020081
:106DE00045B1020049D0020029B4020049B10200B5
:106DF0007DB4020051B5020061B102000000000044
:106E0000000000003D7D0300DD7D03006D7A03007E
:106E100071840300857A0300D97B0300F17A0300B3
:106E2000017B0300357B0300417B030029960200B0
:106E30005D80030061850300517B03002D7C03000E
:106E4000797E0300617B0300797B03008196020059
:106E50008996020019830300C9820300C17C0300E4
:106E6000517A0300A57E030031D7020079D70200D2
:106E7000E8FFFFFF00000000195A0200ED2D03009B
:106E8000255A0200D92E0300A9F9020055D70200A5
:106E9000A1D70200312F0300C92D0300912F030059
:106EA000DCFFFFFF00000000E52D0300FFFFFFFFF8
:106EB00000000001000200030004010001010102C2
:106EC00001030104020002010202020302040300A2
:106ED0000301030203030304040004010402040386
:106EE000040400000000000000000000A96002008F
:106EF00025D80200A1600200616002009D600200CE
:106F0000716402009560020029D9020061C6010087
:106F100021D802006DD902005D1A0200C11F0200D3
:106F2000FCFFFFFF00000000ADDD020091D9020070
:106F300099D90200A5640200A9F90200251C0200EB
:106F4000F11D02000000000000000000195A0200BC
:106F5000215A0200255A0200A564020075E30200CE
:106F6000B5DD0200E1DD02000000000000000000CD
:106F7000195A0200215A0200255A0200A564020093
:106F8000A9F90200A9E40200BDE402003D0A0300E1
:106F9000050A03000D0A0300090A030061E4020068
:106FA00085E40200650D0300000000000000000001
:106FB000195A0200215A0200255A0200A564020053
:106FC000A9F902005DE6020071E6020015E6020082
:106FD0009D0E0300310E030039E60200350E03005A
:106FE000302C3235352C302C3235352C300A302CC3
:106FF0003235352C302C3235352C300A302C302CB3
:10700000302C302C300A3235352C302C302C302CB2
:107010003235350A302C3235352C3235352C323577
:10702000352C300A0000000054494C5420544F20A5
:1070300046494C4C2053435245454E200000000029
:10704000636F6D7061737343616C00000000010039
:107050000200030004000001010102010301040118
:107060000002010202020302040200030103020300
:1070700003030403000401040204030404040000E5
:10708000D8ECF0F4F8FC0004000000000000000060
:10709000195A0200215A020071F302007DF6020023
:1070A000A9F9020039F3020051F3020000000000C8
:1070B00000000000195A0200215A0200255A02005D
:1070C000A5640200A9F9020035F9020071F9020075
:1070D0000000000000000000195A0200215A0200BE
:1070E000255A0200A5640200A9F902000000000070
:1070F00000000000354F0400000000000000000008
:10710000195A0200215A0200255A0200A564020001
:10711000A9F9020000000000000000003D0A030081
:10712000050A03000D0A0300090A0300354F040095
:10713000354F0400650D0300000000000000000052
:10714000195A0200215A0200255A0200A5640200C1
:10715000A9F902000000000000000000354F040003
:107160009D0E0300310E0300354F0400350E030061
:107170000000000000000000195A0200215A02001D
:10718000255A0200A5640200A9F90200211103009A
:1071900049110300E1100300E5100300E9100300AA
:1071A000F9100300FD100300FD100300011103009E
:1071B0000000000000000000ED130300BD110300FB
:1071C000C5110300C5110300CD110300CD1103004B
:1071D000B5110300D511030075120300F11103006E
:1071E0000913030031120300111203000000000014
:1071F00000000000ED13030000000000000000008C
:10720000ED130300354F0400354F0400354F0400E3
:10721000354F0400AD150300354F0400354F040011
:1072200055140300811A0300000000000000000054
:10723000F8FFFFFF00000000195A0200215A020067
:10724000D5150300A5640200A9F9020000000000A2
:10725000000000000000000000000000A91F030063
:10726000991F03000000000000000000195A0200EE
:10727000252A0300255A0200A5640200A9F902008C
:10728000C1260300012703000000000000000000E9
:10729000195A0200ED2D0300255A0200D92E0300D1
:1072A000A9F90200892D0300A52D0300312F030049
:1072B000C92D0300912F0300F4FFFFFF0000000021
:1072C000E52D0300D472040004000000F4720400F1
:1072D000090000000200000000000000040000009F
:1072E0001000000008000000200000001000000056
:1072F000300000006902000080000000E802000089
:1073000090000000C4090000700000008813000015
:10731000600000001027000050000000204E000018
:1073200040000000409C000030000000A0860100EA
:107330002000000040420F0010000000000000008C
:1073400000000000195A0200215A02009D34030077
:107350007D350300A9F902004D35030061350300B6
:107360003D0A0300050A03000D0A0300090A030091
:10737000A5340300B5350300650D030084730400D4
:1073800004000000102700000C000000204E000048
:107390000800000050C3000004000000A0860100A7
:1073A000000000000000000000000000195A020068
:1073B000215A0200E53603008D370300A9F90200C7
:1073C0005D37030071370300ED3603009D0E0300A7
:1073D000310E0300C5370300350E03000000000026
:1073E00000000000B938030069F90200E9FB02005F
:1073F000C93803000000000000000000413E030007
:10740000C53903002D390300CD3803005D3B03006F
:10741000E93B0300F4FFFFFF00000000195A0200DF
:10742000215A0200255A0200A5640200A9F90200AF
:10743000E13B0300FD3B03000000000000000000F2
:10744000195A0200215A0200255A0200A5640200BE
:10745000A9F902000D3F0300213F0300B13E0300E4
:107460000000000000000000195A0200ED2D03008A
:10747000255A0200D92E0300A9F90200E1420300B7
:1074800009430300312F030069440300AD420300A8
:10749000F4FFFFFF0000000089440300000000002B
:1074A00000000000195A0200215A0200255A020069
:1074B000A5640200A9F90200D54603004547030070
:1074C0001D450300914403006945030000000000CE
:1074D00000000000F54703005D4703005947030023
:1074E00061470300654703006947030071470300D4
:1074F0007547030000000000000000004948030039
:107500008147030091470300A54703009D470300FF
:1075100069470300D5470300E5470300914803008E
:10752000FCFFFFFF000000001D49030000000000F9
:107530000000000079470300000000000000000088
:10754000195A0200215A0200255A0200A5640200BD
:10755000A9F902003D4A03005D4A0300854A030081
:10756000F8FFFFFF00000000814D03000000000055
:1075700000000000955203007150030015500300F5
:10758000355003004D5003005D5003006D50030063
:10759000FCFFFFFF00000000215203005D470300D5
:1075A0002D520300614703002D5003004550030096
:1075B000555003006550030000000000000000006B
:1075C0002D540300E1530300B5540300615503003B
:1075D000E952030069530300A1530300FCFFFFFFBE
:1075E00000000000195A0200215A0200255A020028
:1075F000A5640200A9F9020099530300D9530300BE
:10760000000000000000000039570300355303005C
:10761000C55203004D530300D1520300DD52030055
:10762000AD550300015503009D520300295303008B
:10763000A1520300FCFFFFFF00000000BD52030049
:10764000000000000000000000000000000000003A
:107650000000000000000100010001000100020024
:107660000200020003000300030004000400050000
:1076700005000600060007000700080008000900D2
:1076800009000A000B000B000C000D000D000E009D
:107690000F0010001000110012001300140015005C
:1076A000160016001700180019001A001B001C0015
:1076B0001D001E00200021002200230024002500C0
:1076C0002600280029002A002B002D002E002F0064
:1076D00031003200330035003600380039003A00FE
:1076E0003C003D003F004000420044004500470090
:1076F00048004A004C004D004F0051005200540019
:107700005600570059005B005D005F00600062009A
:107710006400660068006A006C006E007000720011
:107720007400760078007A007C007E008000820081
:107730008400860088008A008D008F0091009300ED
:10774000950098009A009C009E00A100A300A5004F
:10775000A700AA00AC00AF00B100B300B600B800AB
:10776000BB00BD00BF00C200C400C700C900CC0000
:10777000CE00D100D300D600D800DB00DE00E00050
:10778000E300E500E800EB00ED00F000F300F50099
:10779000F800FB00FD0000010301060108010B01D8
:1077A0000E0111011301160119011C011F01210114
:1077B000240127012A012D0130013301350138014F
:1077C0003B013E014101440147014A014D01500185
:1077D0005301560159015C015F01620165016801B5
:1077E0006B016E017101740177017A017D018001E5
:1077F0008301860189018C018F0192019501980115
:107800009B019E01A101A401A801AB01AE01B10140
:10781000B401B701BA01BD01C001C401C701CA0169
:10782000CD01D001D301D601D901DD01E001E30191
:10783000E601E901EC01EF01F201F601F901FC01B9
:10784000FF010202050208020C020F0212021502D9
:1078500018021B021E022102250228022B022E0200
:107860003102340237023A023E0241024402470228
:107870004A024D025002530256025A025D02600251
:107880006302660269026C026F027202750278027C
:107890007B027E028102840287028A028D029002AC
:1078A0009302960299029C029F02A202A502A802DC
:1078B000AB02AE02B102B402B702BA02BD02C0020C
:1078C000C302C602C902CB02CE02D102D402D70241
:1078D000DA02DD02DF02E202E502E802EB02ED027B
:1078E000F002F302F602F802FB02FE0201030303B8
:1078F000060309030B030E031103130316031903F5
:107900001B031E0320032303260328032B032D033D
:1079100030033203350337033A033C033F0341038B
:107920004303460348034B034D034F0352035403E1
:10793000570359035B035D0360036203640366033B
:1079400069036B036D036F0371037403760378039C
:107950007A037C037E038003820384038603880307
:107960008A038C038E039003920394039603980377
:107970009A039C039E039F03A103A303A503A703EC
:10798000A803AA03AC03AD03AF03B103B203B4036E
:10799000B603B703B903BA03BC03BE03BF03C103F5
:1079A000C203C403C503C603C803C903CB03CC0386
:1079B000CD03CF03D003D103D303D403D503D60320
:1079C000D803D903DA03DB03DC03DD03DE03E003C2
:1079D000E103E203E303E403E503E603E703E8036B
:1079E000E803E903EA03EB03EC03ED03EE03EE0324
:1079F000EF03F003F103F103F203F303F303F403E2
:107A0000F503F503F603F603F703F703F803F803AA
:107A1000F903F903FA03FA03FB03FB03FB03FC037B
:107A2000FC03FC03FD03FD03FD03FD03FE03FE0356
:107A3000FE03FE03FE03FE03FE03FE03FE03FE033E
:107A4000FF03FE03000000000008080800080A4ABF
:107A50004000000A5FEA5FEA0ED92ED36E19324465
:107A600089330C924C924D080800000004880808E5
:107A7000040804848488000A448A4000048EC48078
:107A8000000000048800000EC00000000008000193
:107A9000224488100C9252524C048C84848E1C8296
:107AA0004C901E1EC244924C06CA525FE21FF01E4A
:107AB000C13E02448ED12E1FE24488100ED12ED139
:107AC0002E0ED12EC488000800080000048004880F
:107AD0000244880482000EC00EC008048244880E4E
:107AE000D126C0040ED135B36C0C925ED2521C92DA
:107AF0005C925C0ED010100E1C9252525C1ED01C78
:107B0000901E1ED01C90100ED013712E12525ED2F9
:107B1000521C8808081C1FE242524C1254981492BE
:107B2000101010101E113B75B131113935B3710CA5
:107B30009252524C1C925C90100C92524C861C92A9
:107B40005C92510ED00C825C1FE4848484125252E9
:107B5000524C1131312A44113135BB7112524C92C1
:107B600052112A4484841EC488101E0EC808080EB0
:107B700010080482410EC242424E048A40000000B6
:107B80000000001F0804800000000ED2524F1010A9
:107B90001C925C000ED0100E02424ED24E0C925C33
:107BA000900E06C81C88080ED24EC24C10101C92B3
:107BB000520800080808024002424C10149814921F
:107BC0000808080806001B75B131001C92525200CB
:107BD0000C92524C001C925C90000ED24EC2000ED1
:107BE000D010100006C8049808080EC807001252EA
:107BF000524F0011312A4400113135BB00124C8C18
:107C00009200112A4498001EC4881E06C48C8486E3
:107C1000080808080818080C881800000C83600081
:107C2000FFFF010000000000FFFF0000FFFF000059
:107C3000387C040008000000020000000100000081
:107C40000300000002000000040000000300000028
:107C500005000000040000001C00000005000000FA
:107C60001D000000060000001E00000007000000CC
:107C70001F000000080000000000000000000000DD
:107C800005650300F1640300FD6403006147030020
:107C9000C1640300C5640300D56403002D6B0300B9
:107CA0000000000000000000195A0200215A0200E2
:107CB000255A0200816A0300A9F902001565030034
:107CC000B1650300896D0300F8FFFFFF00000000AD
:107CD000B96D030000000000000000007570030093
:107CE000CD6F0300C5110300C5110300CD110300C2
:107CF000CD110300B5110300D51103003D7303003E
:107D0000F1110300057403003D700300111203001C
:107D10002D7003003170030041710300000000006A
:107D200000000000195A0200215A0200255A0200E0
:107D3000A5640200A9F90200D97403005575030077
:107D4000ED7803001D750300F8FFFFFF0000000041
:107D50006D790300F4FFFFFF000000004D75030084
:107D600000000000000000003D7D0300DD7D0300F9
:107D70006D7A030071840300857A0300D97B0300C8
:107D8000F17A0300017B0300357B0300417B030094
:107D9000299602005D80030061850300517B03008A
:107DA0002D7C0300797E0300617B0300797B030057
:107DB000819602008996020019830300C98203009C
:107DC000C17C0300517A0300A57E03005DE402003C
:107DD00009E60200020000000400000006000000A6
:107DE0000000000000000000ED1303000588030000
:107DF000CD8503006D860300C18903003989030026
:107E00007989030081860300858603000000000055
:107E100000000000ED130300DD8A0300F189030078
:107E2000018A0300A58A0300AD150300798B0300C6
:107E3000D58A030055140300811A0300D18C030076
:107E4000798D03000D8C0300F8FFFFFF0000000098
:107E5000195A0200215A0200D5150300C98C0300EB
:107E6000A9F90200718D03008D8D03000000000050
:107E700000000000195A0200215A0200255A02008F
:107E8000A5640200A9F90200519003006590030067
:107E9000B9910300E191030069450300000000006F
:107EA00000000000195A0200215A0200255A02005F
:107EB000F9930300A9F90200C1930300D9930300C9
:107EC000B96602000992030039920300759203001B
:107ED00095920300AD92030049940300D9920300E8
:107EE000F9920300299303005D930300C9940300F2
:107EF000919403007D93030005920300003000403D
:107F0000030000000F0000000040004004000000DB
:107F10000F00000000300240230000000C000000B1
:107F200000200040020000001000000000F00240AD
:107F30002F00000004000000008002402800000024
:107F4000100000000000000000000000899B0300FA
:107F5000819B03005947030061470300859B030091
:107F600069470300714703007547030001000600DD
:107F700000000000283D0020359F0300E487040036
:107F8000E8870400040000000100060030400020E3
:107F9000001002010088040010880400080000009E
:107FA000F08704000088040008000000E88704004F
:107FB000F0870400080000008C870400C4870400D8
:107FC00008000000C4870400E487040008000000E3
:107FD00050EADA308883B89F604F15F30000C98EED
:107FE0000000FFFFDEC0ADDEFE011EF1DEC0ADDE33
:107FF000FF011EF10010000004000000010000005D
:1080000079F9030055F9030045F903009DFB0300CE
:1080100049FB030019F903001DF9030021F90300CE
:108020000100FFFF0000000001000000010001004E
:108030003C800400010001004080040001000000B9
:10804000000000000000000000000000F910040023
:1080500019110400351104000000000000000000A8
:108060007111040055110400591104006147030007
:10807000651104006911040071470300754703008E
:1080800061636F730000000061636F73680000003C
:108090006173696E000000006174616E6800000029
:1080A000636F73680000000065787000666D6F6430
:1080B000000000006C6F67006C6F673130000000DB
:1080C00073696E6800000000737172740000000034
:1080D0006C6F673130660000706F776600000000DB
:1080E0007371727466000000FB21F93FFB210940A7
:1080F0007CD91240FB2119407A6A1F407CD922406A
:10810000BBFD2540FB2129403A462C407A6A2F408E
:108110005C4731407CD932409C6B3440BBFD3540DC
:10812000DB8F3740FB2139401BB43A403A463C4094
:108130005AD83D407A6A3F404C7E40405C474140BF
:108140006C1042407CD942408CA243409C6B44401E
:10815000AC344540BBFD4540CBC64640DB8F474075
:10816000EB584840FB21494083F9A200444E6E0081
:10817000FC291500D1572700DD34F50062DBC00073
:108180003C999500419043006351FE00BBDEAB007B
:10819000B761C5003A6E2400D24D42004906E000A6
:1081A00009EA2E001C92D100EB1DFE0029B11C0033
:1081B000E83EA700F535820044BB2E009CE9840010
:1081C000B4267000417E5F00D69139005383390098
:1081D0009CF439008B5F840028F9BD00F81F3B0038
:1081E000DEFF97000F980500112FEF000A5A8B0051
:1081F0006D1F6D00CF7E360009CB2700464FB700BC
:108200009E663F002DEA5F00BA277500E5EBC700C8
:108210003D7BF100F739070092528A00FB6BEA00C0
:108220001FB15F00085D8D00300356007BFC4600E7
:10823000F0AB6B0020BCCF0036F49A00E3A91D0020
:108240005E619100081BE60085996500A0145F003F
:108250008D40680080D8FF0027734D00060631006E
:10826000CA561500C9A873007BE260006B8CC00081
:10827000000FC93F000F494000CB9640000FC94096
:108280000053FB4000CB164100ED2F41000F494148
:108290000031624100537B41003A8A4100CB964154
:1082A000005CA34100EDAF41007EBC41000FC9411D
:1082B00000A0D5410031E24100C2EE410053FB4134
:1082C00000F20342003A0A420083104200CB1642F9
:1082D00000141D42005C234200A5294200ED2F42FC
:1082E00000363642007E3C4200C74242000F4942FF
:1082F000A2000000F9000000830000006E000000F2
:108300004E0000004400000015000000290000009D
:10831000FC0000002700000057000000D100000012
:10832000F500000034000000DD000000C000000087
:10833000DB000000620000009500000099000000D2
:108340003C000000430000009000000041000000DD
:10835000FE0000005100000063000000AB000000C0
:10836000DE000000BB000000C5000000610000004E
:10837000B7000000240000006E0000003A0000007A
:10838000420000004D000000D2000000E0000000AC
:1083900006000000490000002E000000EA00000076
:1083A00009000000D1000000920000001C00000045
:1083B000FE0000001D000000EB0000001C0000009B
:1083C000B100000029000000A70000003E000000EE
:1083D000E80000008200000035000000F500000009
:1083E0002E000000BB0000004400000084000000DC
:1083F000E90000009C000000700000002600000062
:10840000B40000005F0000007E000000410000009A
:108410003900000091000000D60000003900000083
:10842000830000005300000039000000F400000049
:108430009C000000840000005F0000008B00000032
:10844000BD000000F9000000280000003B00000013
:108450001F000000F800000097000000FF0000006F
:10846000DE00000005000000980000000F00000082
:10847000EF0000002F000000110000008B00000042
:108480005A0000000A0000006D0000001F000000FC
:108490006D000000360000007E000000CF000000EC
:1084A00027000000CB00000009000000B70000001A
:1084B0004F000000460000003F0000006600000082
:1084C0009E0000005F000000EA0000002D00000098
:1084D0007500000027000000BA000000C70000007F
:1084E000EB000000E5000000F10000007B00000050
:1084F0003D0000000700000039000000F700000008
:108500008A0000005200000092000000EA00000013
:108510006B000000FB0000005F000000B1000000E5
:108520001F0000008D0000005D000000080000003A
:10853000560000000300000030000000460000006C
:10854000FC0000007B0000006B000000AB0000009E
:10855000F0000000CF000000BC0000002000000080
:108560009A000000F4000000360000001D0000002A
:10857000A9000000E300000091000000610000007D
:108580005E000000E60000001B0000000800000084
:108590006500000099000000850000005F000000F9
:1085A00014000000A000000068000000400000006F
:1085B0008D000000FF000000D800000080000000D7
:1085C0004D00000073000000270000003100000093
:1085D0000600000006000000150000005600000024
:1085E000CA00000073000000A8000000C9000000DD
:1085F00060000000E20000007B000000C0000000FE
:108600008C0000006B00000002000000030000006E
:1086100004000000060000000000C93F0000F0391F
:108620000000DA370000A2330000842E0000502B37
:108630000000C2270000D0220000C41F0000C61B9B
:1086400000004417040000000700000009000000BB
:108650003863ED3EDA0F493F5E987B3FDA0FC93F42
:108660006937AC3168212233B40F14336821A23347
:108670000000004B000000CBFC2000204300504FC6
:10868000534958002E0000202020202020202020A8
:1086900028282828282020202020202020202020B2
:1086A00020202020202020881010101010101010E2
:1086B0001010101010101004040404040404040426
:1086C00004101010101010104141414141410101AE
:1086D000010101010101010101010101010101018A
:1086E0000101101010101010424242424242020298
:1086F000020202020202020202020202020202025A
:108700000202101010102000000000000000000005
:108710000000000000000000000000000000000059
:108720000000000000000000000000000000000049
:108730000000000000000000000000000000000039
:108740000000000000000000000000000000000029
:108750000000000000000000000000000000000019
:108760000000000000000000000000000000000009
:1087700000000000000000000000000000000000F9
:0C878000000000000000000000000000ED
:10878C0045B003000000000065B603003C3A002031
:10879C0045AE030000000000C5C10300000000004E
:1087AC0065B5020000000000C9DD03009840002000
:0887BC00D9A602000000000034
:1087C4000980020000000000C9EF02000000000060
:1087D400F9FA03000000000005E0030000000000B7
:0487E40099AC02004A
:0887E80005FB03000000000086
:1087F00055DC03000000000059DD0300000000000C
:10880000C9AC02000000000031F9030000000000C4
:088810002C83FD7F0100000034
:1088180000000000F8590400FC590400005A040044
:10882800A10D0C00FFFFFFFF186904002069040078
:10883800286904000869040010690400BC5C04008D
:10884800986B0400060000007D0000000138FDD18F
:10885800704700BFC54F0300C54F0300C94F030051
:10886800D14F0300D54F0300DD4F0300E54F030050
:10887800ED4F0300F14F0300F54F0300F54F0300E0
:1088880029520300F94F0300FD4F03000150030074
:10889800015003000D50030011500300447A0400F6
:1088A800FFFFFFFF304400200090D003001001407C
:1088B80011000400FFFFFFFFFFFFFFFFFFFFFFFFA7
:1088C800FFFFFFFF4D4F0400FC20002000000000C8
:1088D8000000000000000000000000000000000090
:1088E8000000000000000000000000000000000080
:1088F8000000000000000000000000000000000070
:10890800000000000000000000000000000000005F
:10891800000000000000000000000000000000004F
:1089280000000000000000000000000043000000FC
:10893800000000000000000000000000000000002F
:1089480000000000000000000000000043000000DC
:10895800000000000000000000000000000000000F
:1089680000000000000000000000000043000000BC
:1089780000000000000000000000000000000000EF
:10898800000000000000000000000000430000009C
:1089980000000000000000000000000000000000CF
:1089A800000000000000000000000000430000007C
:1089B80000000000000000000000000000000000AF
:1089C800000000000000000000000000430000005C
:1089D800000000000000000000000000000000008F
:1089E800000000000000000000000000430000003C
:1089F800000000000000000000000000000000006F
:108A080000000000000000000000000065520400A3
:108A18004152040000000000868604008486040099
:108A28008586040085860400858604008586040002
:108A380085860400858604008586040085860400F2
:108A480085860400FFFFFFFFFFFFFFFFFFFFFFFF1B
:108A5800FFFF0000010041534349490000000000A6
:108A680000000000000000000000000000000000FE
:108A78000000000000004153434949000000000085
:108A880000000000000000000000000000000000DE
:108A98000000000000000000F0B50F0D11F0FF010C
:108AA800012414FA01F114461D4603461BE099609F
:108AB8000822064208BF5FF00302013AFDD1D960DF
:108AC8000422064208BF5FF00602760805D000BF00
:108AD80000BF00BF013AFDD1E9E7023A013AFDD1F2
:108AE8000134013D05DD802620787843000AD960ED
:108AF800DDE7D960F0BD00FA0004FFFF0301181894
:108B08001818181818180100210B02002D1A020055
:108B18008D41020069930200FDF70200BD58030071
:108B2800CD5F0300896303003D970300FD0A02003F
:108B3800000000000000000055EE030000000000E7
:048B48000000000029
:048B4C000000000025
:020000040007F3
:1070000000000220F97207002173070023730700B4
:10701000257307002773070029730700000000008D
:107020000000000000000000000000001DB5070087
:107030002D730700000000002F7307003173070055
:10704000337307003373070033730700337307008C
:10705000337307003373070033730700337307007C
:10706000337307003373070033730700337307006C
:10707000337307003373070033730700337307005C
:10708000998E0700337307003373070033730700CB
:1070900033730700337307001DB70700337307000E
:1070A000337307003373070033730700337307002C
:1070B0003373070033730700000000000000000076
:1070C000337307003373070033730700337307000C
:1070D0001D8B0700337307003373070033730700FA
:1070E00033730700000000000000000000000000F3
:1070F0000000000033730700000000003373070036
:10710000000000000000000000000000000000007F
:10711000000000000000000000000000000000006F
:10712000000000000000000000000000000000005F
:10713000000000000000000000000000000000004F
:10714000000000000000000000000000000000003F
:10715000000000000000000000000000000000002F
:10716000000000000000000000000000000000001F
:10717000000000000000000000000000000000000F
:1071800000000000000000000000000000000000FF
:1071900000000000000000000000000000000000EF
:1071A00000000000000000000000000000000000DF
:1071B00000000000000000000000000000000000CF
:1071C00000000000000000000000000000000000BF
:1071D00000000000000000000000000000000000AF
:1071E000000000000000000000000000000000009F
:1071F000000000000000000000000000000000008F
:107200000348044B834202D0034B03B11847704735
:10721000A02B0020A02B00200000000005480649FC
:107220000B1AD90F01EBA301491002D0034B03B194
:1072300018477047A02B0020A02B00200000000062
:1072400010B5064C237843B9FFF7DAFF044B13B1AE
:107250000448AFF300800123237010BDB42B00203D
:1072600000000000B0D2070008B5044B1BB1044970
:107270000448AFF30080BDE80840CFE700000000FD
:10728000B82B0020B0D20700A3F5803A704700BFAA
:10729000154B002B08BF114B9D46FFF7F5FF002152
:1072A0008B460F461148124A121A05F00FFC0C4B80
:1072B000002B00D098470B4B002B00D098470020A4
:1072C000002104000D000B4805F0DEFA05F010FB6C
:1072D0002000290001F020F905F0DCFA0000080088
:1072E000000000000000000000000220B42B00207D
:1072F0004C520020BDC807000649074A074B9B1A9D
:1073000003DD043BC858D050FBDC00F023F8FFF746
:10731000BFFF000020D30700E82A0020B42B002084
:10732000FEE7FEE7FEE7FEE7FEE7FEE7FEE7FEE735
:10733000FEE7FEE7054B1B680D2B01BF044B1868E9
:10734000B0FA80F0400918BF0020704730010010EB
:107350003401001008B5FFF7EDFF40B14FF0804356
:107360000022C3F80C21C3F81021C3F83825FFF719
:10737000E1FF002846D04FF080524D4BD2F8041464
:10738000C3F82015D2F80814C3F82415D2F80C1449
:10739000C3F82815D2F81014C3F82C15D2F8141419
:1073A000C3F83015D2F81814C3F83415D2F81C14E9
:1073B000C3F84015D2F82014C3F84415D2F82414A9
:1073C000C3F84815D2F82814C3F84C15D2F82C1479
:1073D000C3F85015D2F83014C3F85415D2F8341449
:1073E000C3F86015D2F83814C3F86415D2F83C1409
:1073F000C3F86815D2F84014C3F86C15D2F84424C9
:10740000C3F87025FFF796FF48B14FF08043D3F8DB
:107410000024D20744BF6FF00102C3F80024254ABC
:10742000D2F8883043F47003C2F88830BFF34F8F2E
:10743000BFF36F8F4FF01023D3F80022002A03DB35
:10744000D3F80432002B2FDA1B4B0122C3F804259A
:10745000D3F80024002AFBD04FF010221221C2F8EA
:107460000012D3F80024002AFBD04FF01023122280
:10747000C3F80422104B1A46D3F800140029FBD09D
:107480000021C3F80415D2F80034002BFBD0BFF361
:107490004F8F0849094BCA6802F4E0621343CB607E
:1074A000BFF34F8F00BFFDE7054B064A1A6008BDCA
:1074B00000C0004000ED00E000E001400400FA05DB
:1074C000E82A00200090D0034B1C30B5DB000446B6
:1074D00012F003009BB20DD1074D2A601A44074BEE
:1074E0001A60074B1870074B1870074B1C80074B2E
:1074F000198030BD0720FCE7D82B0020D42B0020BA
:10750000D02B0020E02B0020DC2B0020DE2B0020E5
:107510002DE9F3472B4F3B888B4206460D4690469C
:107520004BD300240DF107008DF8074000F086F8DA
:10753000254B26481A78264B008893F800C08445CE
:107540005FFA8CF138BF4C1CD2B238BFE4B2A24211
:107550002DD01C781A78D1B2904286BF0131C9B2C1
:10756000002119709DF8070000F08CF84FF6FF73AA
:107570009C4224D0DFF86090D9F800204FEAC40A7A
:1075800042F8348002EBC403A6B19DB1114B388898
:107590001B682A4604FB0030314605F0FDF9D9F896
:1075A0000030534400209D8002B0BDE8F0874FF6C4
:1075B000FF74D7E700209880F6E70920F4E704205D
:1075C000F2E700BFDC2B0020E02B0020DE2B0020A8
:1075D000D02B0020D42B0020D82B0020F8B5114C44
:1075E000114D264622782B789A4200D1F8BD0F48DB
:1075F0000F4A2378126807880E4802EBC30100681F
:1076000052F83320898803FB070090470A49227803
:107610000988D3B2914286BF0133DBB200233370B5
:10762000E0E700BFE02B0020D02B0020DC2B002067
:10763000D82B0020D42B0020DE2B002070B5EFF3D8
:10764000108672B60C4A946801239CB993600B4B68
:107650000B4DD3F8801029401160C3F88050D3F847
:10766000841051604FF0FF32C3F88420047006B9D3
:1076700062B670BD0370FAE7C04E002000E100E082
:10768000FC06FFBD10B5084B9A685AB150B9EFF32C
:10769000108172B6054A1C6814605C68546098607A
:1076A00001B962B610BD00BFC04E002000E100E08D
:1076B00030B53AB11368DB430A4D0144814204D12D
:1076C000D84330BD4FF0FF33F6E710F8012B53409D
:1076D000082213F0010418BF2C46013A84EA530330
:1076E000F7D1EBE72083B8ED10B561B1B2FBF3F44D
:1076F00003FB1424A4B244B9C0E90014846082815D
:10770000C381204610BD0E20FCE70920FAE782B0B5
:1077100050E8022FC188B2EB324F4FF0000317BF81
:1077200092B241EA014142EA014104E04268B2EB0F
:10773000324F08BF012340E80212002AE8D18DF839
:1077400007309DF80730002B0CBF1120002002B03D
:10775000704737B550E8013F9DB2C48925448489FC
:10776000A54228BF2D1B0489A54202BFBFF32F8F5E
:10777000002207E0C5EA030540E80154002CE9D1E6
:107780004FF001028DF803200193019B9DF8032027
:107790000B6002F0FF0322B10B880068184403B0AD
:1077A00030BD1846FBE70A884B889A4209D150E859
:1077B000012FC2EA024240E80123002BF7D1012049
:1077C00070470020704737B550E8023F1FFAA3F515
:1077D000C488A54202BFBFF32F8F00220DE0C489E9
:1077E00025448489A54228BF2D1BC3EA054540E8EE
:1077F0000254002CE8D14FF001028DF803200193D0
:10780000019B9DF803200B6002F0FF0322B14B881F
:107810000068184403B030BD1846FBE70A884B885F
:107820009A4209D150E8022FC2EA224240E80223DC
:10783000002BF7D1012070470020704710B5034698
:1078400053E8000F40EA010243E8002494F0000FDF
:10785000F6D110BD10B5034653E8002F02EA01002F
:1078600043E8000494F0000FF6D110BD0121FFF7AA
:10787000E5BF0021FFF7EEBF10B590B1D0E90123BD
:1078800001689B1ADBB20A60013BDBB2FF2B026886
:1078900002D10020107110BD11684C1C14600B70D7
:1078A000F2E70E20F7E737B5044600250DF1070093
:1078B0008DF80750FFF7C2FE2268616813688B429B
:1078C00010D9591E116013F8015C228AE36802FB8B
:1078D00005352268A36811685B1A1179DBB29942F9
:1078E00038BF13719DF80700FFF7CCFE284603B0A0
:1078F00030BD37B5054600230DF107000C468DF865
:107900000730FFF79BFE2A681368591C1160E9686D
:10791000641A298AB4FBF1F41C709DF80700FFF784
:10792000B1FE03B030BD01600B681146184710B4BA
:107930000468E468A4465DF8044B604710B404682A
:107940002469A4465DF8044B6047000070B550B947
:107950000E4D0F4C0026641B1423B4FBF3F4B44209
:1079600008D1002010E00368002BF1D0BDE8704082
:10797000DB6918472B6813B901361435EFE7DB696B
:10798000284698470028F7D070BD00BFA02B0020E4
:10799000B42B0020014B436000207047B4CD07009A
:1079A0000846704700207047024B1868003818BF1F
:1079B00001207047E42B002008B50248FFF759FF6B
:1079C000002008BDE42B002008B510461A4604F03C
:1079D000E3FF002008BD00002DE9F043814687B099
:1079E00014480E4615469846FFF740FF0446F0B986
:1079F0000746BD4215D10F48FFF73BFFD9F80830C5
:107A00005BB102228DF800200022CDE90126CDE9EC
:107A10000325CDF8148068469847204607B0BDE896
:107A2000F08306EB073000F07DFB0137E1E711241E
:107A3000F3E700BFE42B00202DE9F041804686B03B
:107A400011480F4616461D46FFF710FF0446C8B9F9
:107A5000AA083146384600F093FB0B48FFF709FFB0
:107A6000D8F8083053B101228DF800200C9A059205
:107A7000CDE90147CDE9036568469847204606B041
:107A8000BDE8F0811124F9E7E42B002029DF7047DD
:107A900028DF704770B50668B36886B004460D46A7
:107AA00073B114220021684605F010F8A36805930D
:107AB0002379019533B1012B0ED0B36868469847FE
:107AC00006B070BD01238DF8003023690293E3688E
:107AD000039363690493F0E702238DF80030E368B1
:107AE0001B030293F5E7084670470020704700002B
:107AF000024B187A003818BF01207047D42D00209F
:107B0000034B187A0122B0FA80F05A74400970478A
:107B1000D42D002008B510461A4604F03DFF002081
:107B200008BD000008B514220021044804F0CEFF6F
:107B30000348FFF7ECFD002008BD00BFD42D002056
:107B4000C42D002010B5094C094B43602046FFF7B7
:107B50008DFE48B903F0C8FD064920741C23064871
:107B60004FF4EE72FFF7C0FD002010BDD42D0020B1
:107B7000E0CD0700E82B0020C42D002070B5234C79
:107B8000234E237A25463BB922492348FFF71BFEA3
:107B9000306008B9606070BD022334682B722379AD
:107BA00073B1012B22D020460321FFF773FF00237E
:107BB0002B726B60BDE8704016491748FFF72EBE68
:107BC000D4E90523D21A142AD4E9031028BF1422B9
:107BD0009208012A38BF012219441844FFF756FFC2
:107BE00050B11128DFD101232B72D4E7D4E903036C
:107BF0001844FFF74DFFF3E72B7C002BCBD1014658
:107C0000BDE87040022000F009B800BFD42D00206C
:107C1000EC2D0020E82D0020C42D002038B5831E57
:107C2000012B43D8224C237A002B3FD0022B09D1C1
:107C300003282ED01F4B00221B68E2601A793AB14C
:107C4000012A20D0637C6BBBBDE83840FFF796BFAC
:107C5000D3E905128D1A142D94BF521914329A616A
:107C60009142EFD102284FF0000308BF194623725A
:107C7000104B18BF0D211868FFF70CFF0E490F4875
:107C8000FFF7CCFDDEE71A6901321A615B699A429F
:107C9000E7E7E3680133082B01D8E360D2E700236C
:107CA000E360DFE7BDE8384003F00EBD38BD00BF3C
:107CB000D42D0020EC2D0020E82D0020C42D002024
:107CC00000F0FD03012B08D1044B00225A74421E20
:107CD000504250411874FFF751BF7047D42D002017
:107CE00010B5064C201DFFF7C1FD28B9637C1BB9F8
:107CF000BDE81040FFF742BF10BD00BFD42D0020EB
:107D00002DE9F34180460D460F4801A916461F464E
:107D1000FFF71FFD0446A8B11C22002104F0D6FE87
:107D20002D0B0123237101A90748C4F80080A76027
:107D3000E5606661FFF737FDFFF7D2FF002002B074
:107D4000BDE8F0810420FAE7C42D00202DE9F743B7
:107D500081468846104801A917461E46FFF7F9FCE0
:107D60000446B0B11C22002104F0B0FE00250A9B9D
:107D7000A36001A9C4E9037807482571C4F80090FD
:107D80006661FFF710FDFFF7ABFF284603B0BDE8C3
:107D9000F0830420FAE700BFC42D002001600B68C7
:107DA00043604A68934204BF0023436070474368BE
:107DB00043B1026891680B4443605268934204BF28
:107DC00000234360704700002DE9F04FC9B008AAB6
:107DD00001F1400514464B780E781B0443EA066314
:107DE000CE7833438E78043143EA06238D4244F83B
:107DF000043BF0D11024916B16464FEAF14383EA1D
:107E0000714383EA9123716A366852F8045F314402
:107E10000B444FEAB54181EAF51181EAD5010134FD
:107E20000B44402CD363E6D1D0E914E30093836D77
:107E30000193C36D0293036E0393436E0493836EA9
:107E40000593C36E0693DDE9057BDDE9031CDDE9DF
:107E500001592B4B009E079374464FF00008079B77
:107E600053F8042B07934FEAF12383EAB11383EA13
:107E7000716A08AB53F828301A440AEB020327EA68
:107E8000010A01EA0C028AEA02021A444FEA743A31
:107E900086EA05035A448AEAB40A06EA050B234037
:107EA00083EA0B038AEAB45A08F101089A44B8F14C
:107EB000400F02EB0903BB465244A94619D1724454
:107EC0000265009A22444265019A32448265029A10
:107ED0002A44C265039A1A44049B02660B44436613
:107EE000059B63448366069B3B44C36649B0BDE87B
:107EF000F08F674635468C46264619461446AEE74F
:107F00000CCE070030B5E0B10F4A1049002400251F
:107F1000C0E91245C0E914120D4C0E4A0E4DC0E9DD
:107F200016420E4AC0E918520D4A826602F1745296
:107F3000A2F523020023A2F692420364C266184609
:107F400030BD0E20FCE700BF85AE67BB67E6096A5F
:107F500072F36E3C3AF54FA57F520E518C68059B2B
:107F6000ABD9831F70B5F0B1DAB900201CE00C4624
:107F70008D180026AC42F8D0036C14F8012BC254C3
:107F80000133402B0364F5D10146FFF71DFFD0E913
:107F9000123213F5007342F10002C0E91232066496
:107FA000E8E70029E3D10E2070BD70B50D461646F6
:107FB0000446002875D0002973D0026C8021372A2E
:107FC000815402F101034FF0000240D8382B39D11F
:107FD000D4E91201226C0823E3FB020103BAE36334
:107FE0000B0A84F83A300B0C84F839300B0EC4E9D4
:107FF000120184F83B1084F8383021462046FFF700
:10800000E3FE691E76B30023E26EDA4001F8012F29
:10801000A26EDA400A71626EDA400A72226EDA40AB
:108020000A73E26DDA400A74A26DDA400A75626D75
:10803000DA400A76226DDA400833202B0A77E3D142
:10804000002070BDE2540133C0E7E25401333F2BFE
:10805000FBD921462046FFF7B7FE3822002104F065
:1080600035FDB5E71823226DDA4001F8012F626D66
:10807000DA400A71A26DDA400A72E26DDA400A73E0
:10808000226EDA400A74626EDA400A75A26EDA4035
:108090000A76E26EDA40083B13F1080F0A77E2D164
:1080A000CEE70E20CDE743689B68184708B54368C4
:1080B00008305A7900F083F9002008BD2DE9F0411D
:1080C0000C469CB008461F460392FFF7ECFFD4F81D
:1080D0000480039998F80550BD4228BF3D460646E6
:1080E0002A4604A800F060F998F8052022990CA807
:1080F00000F065F900960CAB2A4604A904F10800CB
:1081000004F044FA002848F2425018BF00201CB086
:10811000BDE8F081024AD2F80034002BFBD0704752
:1081200000E001400A4908B50223C1F80435BFF355
:108130006F8FBFF34F8FC1F80805FFF7EBFF0023E8
:10814000C1F80435BFF36F8FBFF34F8F08BD00BF79
:1081500000E0014010B5094C0123C4F80435BFF319
:108160006F8FBFF34F8F0160FFF7D4FF0023C4F878
:108170000435BFF36F8FBFF34F8F10BD00E0014098
:108180000E4B10B50124C3F80445BFF36F8FBFF346
:108190004F8F01EB8204401AA14208D1074B002205
:1081A000C3F80425BFF36F8FBFF34F8F10BD431883
:1081B00051F8042B1A60FFF7ADFFEDE700E0014036
:1081C00028B139B10023C1E900301846704748F2A0
:1081D0001050704748F21350704738B1006848F2A9
:1081E0004053884214BF18460020704748F2105090
:1081F000704730B148F21153914214BF1846002025
:10820000704748F21050704770B506460C461D4640
:10821000FFF7D6FF50B9B3794AB1AB420AD1114644
:108220002046FFF743FF08B9044B236070BD48F2B6
:108230001050FBE748F21150F8E700BF7052464D6E
:108240002DE9F0470C4606460F492046DDE908892E
:1082500015461F46FFF7C1FFA0B963685A79494622
:1082600052004046FFF7C5FF60B94DB1CDF8208000
:108270003B462A4621463046BDE8F047FFF71EBF81
:1082800048F21050BDE8F0877052464D10B50446D4
:1082900038B149B141600B68984708B9044B236075
:1082A00010BD48F20150FBE748F21050F8E700BF5C
:1082B0006E524648F0B4134648B10768094EB742BB
:1082C0000AD161B12AB14368F0BC5B68184748F233
:1082D00001531846F0BC704748F20253F9E748F2E0
:1082E0001053F6E76E524648F0B460B107680C4E82
:1082F000B7420CD171B143681568DC68A5420CD354
:10830000F0BC9B68184748F20150F0BC704748F237
:108310000250FAE748F21350F7E748F21450F4E736
:108320006E524648F7B50446DDE9086715460193E5
:10833000FFF7ACFF68B9019A29462046FFF7BAFF5C
:1083400038B93A463146204603B0BDE8F040FFF761
:10835000CBBF03B0F0BD0000F8B50A4F0A4C0B4D7F
:10836000E41B0121E40829700026A64203D1022360
:108370002B700020F8BD57F8363098470028F9D107
:108380000136F2E7B4D20700B4D20700F02D002086
:1083900001390144814200D2704703780A7800F81D
:1083A000012B01F80139F5E7013A02440139824213
:1083B00000D2704711F8013F02F80139F7E770B5B4
:1083C00016460D46FFF7F0FF3246A9193044BDE8C6
:1083D0007040FFF7E9BF38B50D460446FFF7D8FFF8
:1083E00029466019BDE83840FFF7D2BFBFF34F8F71
:1083F0000549064BCA6802F4E0621343CB60BFF341
:108400004F8F00BFFDE700BF00ED00E00400FA055C
:10841000044A136801331360034B1B780BB100F05F
:10842000FFB87047FC2D0020F82D002010B5094C36
:1084300000F018F923785BB9074A137000F0B8F818
:10844000012323700549BDE81040A32000F0D6BBEE
:1084500010BD00BFF82D0020F12D00201184070071
:1084600008B5084B00221A7000F030F90649A32025
:1084700000F0C4FB054B1A68054B1A60054B01223E
:108480001A7008BDF82D002011840700FC2D002073
:10849000F42D0020F12D0020013870B5082823D8D4
:1084A000DFE800F00A0C23220522050E0C0011481B
:1084B000BDE87040FFF7BABF0F48F9E70F48F7E78C
:1084C00002F07AF80E4B1B787BB10E4E0E4D3468DD
:1084D0002B68E41A3B2C94BF0021012100F040F9E5
:1084E0003B2C01D933682B6070BDBDE87040FFF7AD
:1084F000B7BF00BF5DCF070058CF070062CF0700AE
:10850000F12D0020FC2D0020F42D002008B5FFF7F0
:108510006DFF08B5FFF76AFF08B500F089FC024857
:1085200000F0A6F9FFF762FF99840700F0B51B4B36
:108530001B4819781B4B1C4D5F5C0422012447FA31
:1085400002F6F60710F8013B1BD51F2B86BF03F080
:108550001F032E464FF0A04604FA03F3C6F80C356D
:10856000013AECD2114B5B5C1F2B86BF0E4903F026
:108570001F034FF0A041012202FA03F3C1F80835AE
:10858000F0BD1F2B86BF03F01F032E464FF0A04601
:1085900004FA03F3C6F80835E2E700BF052E002011
:1085A00067CF0700002E0020000300506CCF0700AB
:1085B00030B41748174D0022032410F8013B1F2B3D
:1085C00086BF03F01F0329464FF0A04103F5E07377
:1085D0000132052A41F82340EFD10F480D4D00220A
:1085E000032410F8013B1F2B86BF03F01F0329460D
:1085F0004FF0A04103F5E0730132052A41F8234012
:10860000EFD1064B00221A7030BCFFF78FBF00BFBE
:1086100067CF0700000300506CCF0700052E002035
:1086200010B40D4A0D4913780120C95C03441F2979
:10863000DBB28ABF0A4C4FF0A04401F01F01042BAB
:1086400000FA01F188BF0023C4F80C1513705DF81F
:10865000044BFFF76BBF00BF052E00206CCF070057
:108660000003005001460522014804F095B900BFFF
:10867000002E00201F2886BF054A00F01F004FF083
:10868000A042012303FA00F0C2F80805704700BFBA
:10869000000300500B4B185C1F288ABF0A4B4FF099
:1086A000A04300F01F01D3F8042598BF0146CA403B
:1086B000D20704D501228A40C3F80C257047FFF782
:1086C000D9BF00BF71CF070000030050F8B5204AA2
:1086D000204D214E002313602846032410F8012B5F
:1086E0001F2A86BF02F01F0231464FF0A04102F55B
:1086F000E0720133052B41F82240EFD1174C164FA1
:1087000020460022032610F8013B1F2B86BF03F0F2
:108710001F0339464FF0A04103F5E0730132052AEB
:1087200041F82360EFD1002115F8010BFFF7A2FFFC
:1087300001310529F8D1002114F8010BFFF79AFF48
:1087400001310529F8D1BDE8F8400020FFF7A2BFAC
:10875000082E002071CF07000003005076CF0700DD
:10876000F0B5164A164F1668DFF858C03446002593
:108770004FF0010E00EB8000642390FBF3F0A04269
:108780000BDCB042B8BF304605B11060A1B104287F
:1087900012DCBDE8F040FFF77DBFE35D1F2B8ABF11
:1087A00065464FF0A04503F01F030EFA03F3C5F82A
:1087B0000C3501340125E2E7F0BD00BF082E002092
:1087C00071CF070000030050007800F001007047EF
:1087D00041DF7047014B01221A7070472C32002094
:1087E000BFF34F8F0549064BCA6802F4E06213439A
:1087F000CB60BFF34F8F00BFFDE700BF00ED00E08F
:108800000400FA05024B034800221A7001F0F2BF7F
:108810002C320020E1870700042810B5044609D84F
:10882000022811D816D00D4B1B68B3B12046BDE805
:1088300010401847831F012BF5D8094B0948002227
:108840001A7001F0D7FFEEE707494FF4701000F0FF
:10885000A7F9E8E701F014FFE5E710BD303200208A
:108860002C320020E18707000588070000207047B0
:1088700038B5504B1860002001F0D2FF04460028A4
:1088800040F0928000F07EFA012800F088800228F3
:1088900000F08C80002840F087804FF08043D3F8B0
:1088A000004414F4803435D04FF48032C3F80024EF
:1088B0000446414D2B6A012B3FD04FF4701400F059
:1088C000F7FA3E4A20211820FEF7FEFD08B1FFF717
:1088D00020FE3B4B1A6802F0F802B02A06D11A6853
:1088E000D20742BF1A6802F04E021A60FFF7BEFFBD
:1088F000002859D12046334900F052F9324800F09F
:10890000E9FF002850D100F0F9FAFEF767FEFFF703
:108910005FFFF8E7D3F8202502F0F802A82A0AD171
:10892000D3F82025D10706D5D3F8202502F056022A
:10893000C3F82025BDE70124BBE743F204031A680E
:10894000224B9A4209D002F023F8AA69014694B159
:108950001F4802F07AFB90B9AFE76A6B1CB995F833
:108960006032012BEFD01B484FF4805102F06DFBB9
:108970000028E8D1A1E795F8A132012BE8D1104BEE
:108980001B6813F0B10F98D101F0AEFF60B9124B24
:108990001870124801F02EFF00F024F804E00E4B8E
:1089A0000F481C7001F026FF032038BD4FF4A024AF
:1089B00085E700BF30320020CC4E00200C2E002076
:1089C0001C0500400588070019880700DBE5B15148
:1089D0006D5100202C5100202C320020D58707003B
:1089E000E187070008B5074B4FF0FF32C3F880203E
:1089F000C3F8802101F060FCBDE808404FF48050CE
:108A000000F002B800E100E000B5EFF305830023B9
:108A1000D0E9001283F3148883F3108883F311885C
:108A200083F3138881F308884FF0FF339E46104785
:108A30005DF804FB00F1402000F50030002382B017
:108A4000036003680193019B02B0704738B56FF073
:108A50007F42134C057BD4F804358A4228BF0A466E
:108A6000891A13444A1E942A23F07F4305F5A872FD
:108A70009BBF963B96314160416044F82230094BE0
:108A80004FF4F86043F00103984705F1500080006F
:108A9000FFF7D0FF4FF48033AB40C4F8043338BD48
:108AA0000040024080CF070008B517490A7852BB42
:108AB0004FF080434FF48070D3F81834DB035EBF6F
:108AC000124B01221A60FFF7B5FF4FF4A070FFF7B9
:108AD000B1FF4FF4A270FFF7ADFF4FF4A470FFF7A2
:108AE000A9FF0B4B0B48A02283F8242310225A60C5
:108AF000094A0023C2F808350123036002201360ED
:108B0000C2F804030B7008BD383200200800004092
:108B100000E100E008400240004002402DE9F04141
:108B2000194B1B683BB1194A13684FF4827001332B
:108B30001360FFF77FFF164C164DDFF86080164E6E
:108B40004FF480372B68A5F5804080B25BB1FFF70A
:108B500071FF237B07FA03F3C8F80833616849B152
:108B60002046FFF773FF0435B54204F11004E9D144
:108B7000BDE8F081A16811B12046FFF767FF2368C7
:108B8000002BF0D09847EEE7044102403432002039
:108B9000EC2A0020404102404C410240004002408B
:108BA00070B50B4B1D682A7B4FF480339340094A04
:108BB0000E46C2F80833044640B1FFF775FF2E6039
:108BC00021462846BDE87040FFF740BF70BD00BF9A
:108BD0001C2B00200040024070B5074B1D680E465C
:108BE000A8600446FFF760FF2E6021462846BDE8D6
:108BF0007040FFF72BBF00BF242B002070B50E4B39
:108C00001C68237B4FF480329A400C4B0E46D3F8FD
:108C100004130A42054602D0A16881420BD0C3F872
:108C20000823A560FFF740FF266029462046BDE8DF
:108C30007040FFF70BBF70BD202B002000400240AA
:108C4000014B01221A7070473932002038B50F4BA2
:108C5000DA6A5D6A9C6CAC2A10D15B6B1C44ED1A1D
:108C60000B482A46214603F067FE68B100F046F93A
:108C700029462046BDE8384001F000BB002CEFD16A
:108C800001F09CFE0446EBE738BD00BFCC4E00204F
:108C9000007007002DE9F74F06468846A8EB060549
:108CA0002D0B02F6FF77144600F002F9802D28BF45
:108CB00080252B03DFF868B001933F0B0CB92346E6
:108CC00029E0BD422CBFBA46AA464FF000025146E9
:108CD000304634BFDDF80490A14601F0B7FA0346F0
:108CE000C8B909F1030222F003024146304601F0FF
:108CF0009FFA034678B9DBF830304B44CBF830307C
:108D000001F07EFDA7EB0A07A4EB09044E44C8441A
:108D100003460028D2D0184603B0BDE8F08F00BF4C
:108D2000CC4E002010B501F059FE154A42F2040362
:108D3000916CCC5803F1A34303F5471303F2D753C7
:108D40009C4218D1D2E90C32934216D0884204D109
:108D5000BDE81040002001F053BDD21A02F6FF72A8
:108D600022F47F6222F00F0219441844FFF792FFA9
:108D70000028EDD010BD0320FCE70020FAE700BF7B
:108D8000CC4E002070B5264CE36AAA2B37D005D80C
:108D9000012B0BD0A52B2ED0002070BDAC2BFBD10E
:108DA000FFF7C0FF48BBFFF751FF26E0A66C656ADE
:108DB00001F0EEFD864229D101F0EAFD00222946AC
:108DC000FEF776FCA36A984202BF0123C4E90703B9
:108DD000A5610025134801F0CFFD134B1348002275
:108DE0001A7001F00DFD68B975B1236A012B14BF2B
:108DF00001200220D1E7FFF795FF0125EAE7FFF701
:108E000025FFE6E70320C8E70120C6E7236BEA1A3F
:108E1000F1181844FFF73EFF0028DAD1CCE700BF75
:108E2000CC4E0020F04E002039320020418C07004B
:108E300008B540F6F8700368013302D10749FFF71F
:108E400089F940F6FC700368013305D1BDE808409C
:108E50004FF4FC21FFF77EB908BD00BF007007008A
:108E60000A4AD2F800347BB109480023D2F8081529
:108E7000D940C90748BF03F5C07103F1010348BFDA
:108E800042F82100072BF1D1704700BF00000140DC
:108E90003546526EFFF7E4BF044B002282B01A60E1
:108EA0001B680193019B02B0704700BF00010140A5
:108EB00038B50E4C2278BAB90D4BD3F800248AB1DC
:108EC000D3F80455FFF7CCFF40F61650A842B8BFC0
:108ED00028460849A0F54860FFF77EFE064B4FF490
:108EE00080321A600123237038BD00BF3A3200205F
:108EF00000000140958E070000E100E0034BD3F82D
:108F000000340BB1FFF7ACBF704700BF0000014059
:108F10000023C0E90232C0E900118B881A440261C3
:108F2000B1F906301A4442610888003818BF0120A0
:108F3000704710B5426811880346002939D002F104
:108F400010014160148A2CB9C2680168FFF7E0FF84
:108F5000204610BD9078118900F03004302C1BD1D0
:108F6000947C04F03004302C1DD190881969091AC2
:108F700019610021907810F0300F02BF986801301D
:108F80009860908A0844196901441961B2F9162061
:108F9000114459610120DCE700F0F004202C02D1DB
:108FA00050894143E6E700F0C000802808BF042153
:108FB000E0E70846CDE770B5466804460D466368AD
:108FC0001A88AA4204D19B7803F00F03082B07D11B
:108FD0002046FFF7AEFF6368B342F0D1002070BDBA
:108FE0000120FCE743681A44426011B101399A42FA
:108FF00001D10120704713F8010B01F8010FF6E7CA
:109000002DE9F34183680446884623B9002630469B
:1090100002B0BDE8F081036801220DF10701984715
:1090200006460028F2D0A3689DF80750013BA360D4
:109030009DF90730002B1ADA05F07F050727A36892
:10904000002BE3D0236801220DF107012046984749
:109050000028DBD0A3689DF80720013BA36002F045
:109060007F03BB401D43130607F1070702D4C8F86E
:109070000050CCE7232FE2D1C8E770B54268927860
:1090800002F00F01082986B003461FD103691C684E
:1090900000260CB906B070BD236826739D6862680F
:1090A00029466846FFF734FF6368049304F10C0314
:1090B0000593AB7803F0C003802B08BF231D6846DF
:1090C00008BF0493FFF7D9FFA468E2E712F0C001DC
:1090D00020D102F0300010280ED15A6911705A6860
:1090E00018699378D46803F00F03072B09D1014660
:1090F000204600F017F8CDE79006F0D55B6919809F
:10910000C8E71289214614B103F046FCC2E703F018
:10911000DDFCBFE78029BDD1006900219206016016
:10912000B8D5EBE77FB50A4601466846FFF7F0FE83
:1091300030B16846FFF7A1FF6846FFF7FAFEF7E790
:1091400007B05DF804FB000030B5044685B0154655
:10915000A9B90268114B9A4211D0102D06D82A469F
:1091600069462046FFF7F0FF05B030BD1022694682
:109170002046FFF7E9FF0028F6D0103DEDE7A36891
:10918000AB4201D20020EFE723682A4620469847E9
:109190000028F7D0A268521BA260E5E7E58F070020
:1091A000F7B50E4601A907461546FFF729FFA8B1F6
:1091B000019A0123D3184FF0000404D2B17801F0D2
:1091C000C001802901D1204608E031899942FAD3B3
:1091D00029463846FFF7B8FF019BEC5403B0F0BDB9
:1091E00073B50D4601A906461446FFF709FF98B16D
:1091F000019AB2F5803F11D2AB7803F0C003802B07
:1092000002F102010AD02B898B4207D32146304656
:1092100021F8022BFFF798FF02B070BD0020FBE79A
:1092200010B5034C82600022C0E90041C26010BD4D
:10923000E58F07002DE9F341002604460F46B046AE
:109240003546A3682BB3236801220DF107012046A0
:109250009847F0B1A3689DF807C0013B0CF07F026E
:10926000C5F12001A360A5F1200302FA03F322FA5D
:1092700001F10B43AA401CF0800F46EA020643EAC4
:10928000080805F1070502D1C7E9006802E0462D8C
:10929000D7D1002002B0BDE8F08173B50C46694615
:1092A0001646FFF7C7FF68B12389082B0CD1DDE90B
:1092B0000045C6E90045DDE90023AB4206BFA242F6
:1092C0000120002002B070BD042B04D1009B33604C
:1092D0001C460025EFE7022B4FF0000004D1009B55
:1092E00033809CB20546E6E7012BEBD1009B33703F
:1092F00003F0FF04F6E737B50D4669461446FFF75D
:1093000099FF30B12A89082ADDE9003103D1C4E987
:10931000003103B030BD042A18464FEAE37108D18A
:1093200023601A460B468B4206BF82420120002072
:10933000EFE7022A04D11BB223801AB2D317F2E757
:10934000012A03D15BB223705AB2F7E70020E0E7AD
:10935000F7B51F4600233B700D460B70136001A943
:1093600004461646FFF74CFE30B9A36813B9012333
:109370003B70002003B0F0BD019C002CF7D0E30847
:1093800004F0070433602C70F4E713B50446052994
:109390001FD8DFE801F0030F151E1E1C012201A9D2
:1093A0002046FFF7D1FE18B19DF90430002BF5DB04
:1093B00002B010BD082200212046FFF7C5FEF7E7E6
:1093C00001A9FFF71DFE0028F2D0019AF3E704225D
:1093D000F1E70020ECE773B50D4601A90446FFF75D
:1093E0000FFE064618B90026304602B070BD94E85C
:1093F0000F0085E80F0001998A42F4D3A960A368A1
:109400005B1AA360F0E700002DE9F0435768BB78D2
:1094100013F0C00489B006468C46154603D0402C94
:109420006AD000240CE003F00F025F4903F0300320
:10943000202B51F8228026D006D8CBB1102B1CD07F
:10944000204609B0BDE8F083302BF9D16B6939882B
:109450001980072A0AD16B6828691A89214603F006
:1094600035FB6B682969D868FFF75CFE2A6940E024
:109470002A693946C0470446E2E76B6901221A703F
:109480002A696968F6E7BCF1020FD5F8149024D177
:10949000042A22D804A9FFF79EFF04460028C0D062
:1094A000069B2BB16968B9F800304A899A4205D801
:1094B000059B7360069B002BC2D0B2E708892A691E
:1094C00003FB002204A8C04728B1B9F800300133DB
:1094D000A9F80030E4E70446EAE7B9F800307A89F1
:1094E0009A429ED92A693989581CA9F8000003FBC1
:1094F000012269683046BDE7D2F81080474657F828
:10950000043B13B9FFF741FFB5E7022914D104A9C1
:10951000FFF761FF002884D0D8F8003069683A4628
:1095200004A89847044600283FF47BAF069B002B15
:10953000F2D1059B736083E7012925D005292BD043
:1095400000297FF46EAF0C460DF1040901340B2C99
:109550003FF467AF012249463046FFF7F5FD00288A
:109560003FF45FAF19F9013B002BEFDB0F4B049386
:1095700001ABCDE9053400230793D8F800306968C2
:109580003A4604A8984776E7082201A9FFF7DCFDD0
:1095900008240028EAD144E704220DEB0201FFF77A
:1095A000D3FD0424F5E700BF88CF0700E58F07004F
:1095B0002DE9F04F91B00446002604A8CDE90266DB
:1095C000FFF7A6FCA3683BBBDDE9053404A89D7842
:1095D000FFF7AFFC0028F7D115F0300F03D1059B42
:1095E0001B8803B10134002C00F0A980630900221C
:1095F00002A9934240F09C8010AA02EB830304F07E
:109600001F0453F8383CC4F120044FF0FF30E04011
:10961000C31A584258410DE00DF1030301AA0DF1A0
:1096200002012046FFF794FE38B99DF80330002B65
:10963000CAD1002011B0BDE8F08F019904A8FFF74E
:10964000BAFC002850D1019BB3427DD3059D059AF9
:10965000937803F00F03082B7FD004A8FFF769FC71
:10966000059B9D42F3D14FF0FF36019FB7426BD36C
:10967000089B9DF802A0D4F808801D684FF00109EE
:10968000A368002D5DD098459CD12B68D3F800B01D
:10969000BBF1000F08D053463A4629462046D8472A
:1096A0000028C6D0AD68EBE7D3F808B0BBF80030AF
:1096B0009F42F7D16A6859460AA8FFF729FC6B68F0
:1096C0000E9305F10C030F939BF8023003F0C003D7
:1096D000802B04BF2B1D0E930AAA85F80C905146CF
:1096E0002046FFF791FEDBE7059B9B7813F0300FD8
:1096F0000FD1069A3F2A0CD8510910AB03EB810118
:1097000002F01F020123934051F8382C134341F813
:10971000383CE5682DB19DF80220019904AB204644
:10972000A8479DF8021004AA2046FFF76DFE10E03E
:1097300051F8225001357FF47DAF013259E7012005
:1097400078E798457FF43EAF9DF802102046FFF77A
:109750001CFE00287FF436AF6BE7168885E737B527
:109760000C460546114620460192FFF7DBFC019AA4
:109770002146284603B0BDE83040FFF719BF70B559
:1097800086B0CE6801920C4602A90546FFF723FE7B
:1097900068B1E06858B1A378019A03F03003202B38
:1097A000314602A805D1FFF7DAFF039B6B6006B0D4
:1097B00070BDFFF7FDFEF8E7D3B50C466946FFF72D
:1097C00039FD80B1DDE9001300274A0801F00106E8
:1097D00042EAC37256EA07014FEA53031CBFD24361
:1097E000DB43C4E9002302B0D0BD37B50D4669465E
:1097F0001446FFF7E1FF68B12B89082B0CD1DDE996
:109800000001C4E90001DDE900238B4206BF82426A
:109810000120002003B030BD042B03D1009820604C
:10982000C117F0E7022B04D1BDF90000208000B27F
:10983000F6E7012B04D19DF90000207040B2EFE75C
:109840000020E7E713B504220C460DEB0201FFF7F9
:109850007BFC08B1019B236002B010BD1146FFF7ED
:10986000F1BF13B508220C466946FFF76DFC18B12D
:10987000DDE90023C4E9002302B010BD1146FFF763
:10988000F0BF10B513681F2B144607D9002208300B
:10989000FEF78BFB08B92023236010BD48F214505B
:1098A000FBE70830FEF75EBB0830FEF72BBB00007D
:1098B000831F012B10B5044602D8002001F044F8A4
:1098C000034B1B681BB12046BDE81040184710BD74
:1098D0003C32002008B5074B18600020FFF7E8FF76
:1098E000054801F019F820B9BDE80840024800F029
:1098F0007BBE08BD3C320020B19807006EDF704788
:109900006FDF704772DF704773DF704774DF704737
:1099100075DF704776DF70477ADF70477CDF70470E
:109920007DDF70477FDF704786DF70478FDF7047CE
:1099300090DF7047A8DF7047AADF7047ADDF704740
:10994000AEDF7047AFDF7047B0DF7047B1DF704701
:10995000B5DF704762DF704766DF704713DF70471F
:109960007FB50023CDF80B308DF80F300A4BADF8E2
:1099700006109B89ADF8083001238DF80A300DF1EF
:109980000603CDE90430054B02A91888FFF7D8FF7C
:1099900007B05DF804FB00BF8E4200202A2B002098
:1099A00001460148FDF7A5BFBCD2070070B51822DB
:1099B0008CB00DEB0200002103F088F801238DF834
:1099C00018308DF82D30324B1B7828220892002B4E
:1099D0005CD0304B02AA03F110061546186859688E
:1099E000144603C40833B3422246F7D12A4C10224E
:1099F0002946204602F0A0FF002847D002238DF818
:109A00002C30012104F110036846CDE90034FFF742
:109A100075FF0122002101A8FFF772FF04231F4CEC
:109A200002941622A37003230926ADF80420E370E4
:109A300000225923CDE903220592012502226371F8
:109A400001A9FE23A019ADF80C6022706570227187
:109A5000A371FFF765FFB8B9BDF8043026725A1933
:109A6000E271BDF80C200E4C134402A906AA204650
:109A7000ADF80C30FFF746FF30B92078FFF746FF0E
:109A800020782946FFF740FF0CB070BD0623C6E7DB
:109A90000C43002080D10700D0420020A2420020C9
:109AA000282B00202DE9F0410388232B8AB004469F
:109AB00036D80F2B05D8012B00F0EB800AB0BDE89B
:109AC000F081103B132BF9D801A252F823F000BF0C
:109AD000519B07006D9B0700BD9A07003D9C070046
:109AE0008F9D0700BD9A0700BD9A0700BD9A070029
:109AF000BD9A0700BD9A0700E99D0700BD9A0700BF
:109B0000BD9A0700BD9A0700BD9A0700BD9A0700DD
:109B1000BD9A07006F9C0700BD9A07002D9C0700A7
:109B2000503B9AB2062AC9D8062BC7D801A252F8D0
:109B300023F000BF959B07009F9C0700E99D07004D
:109B4000BD9A0700BD9A0700ED9B07007F9C0700A8
:109B5000984B82881A80984A12681C460AB10120E4
:109B6000904796492088FFF7D3FEA7E7914B4FF621
:109B7000FF721A80924B1B685A0704D4FFF716FF36
:109B800008B1FEF7C6FC8C4B1B68002B96D0022058
:109B9000984793E78B4EE288B3889A428ED18A48E1
:109BA000FDF781FE0546002888D0228A04F11201C3
:109BB00002F0F2FE1822002104A802F087FF082319
:109BC0008DF81030814B0693814B0596CDE9073512
:109BD00004A8238AADF8243000F0FCFC00283FF4F0
:109BE0006DAF79482946FDF784FE67E7E188F629DD
:109BF0001AD8CB1E9B070DD0CB1F9BB2013B5A42FC
:109C000002F0030203F0030301F1FF3158BF534296
:109C1000C91A89B2674B1888FFF79AFE00283FF4EB
:109C20004DAFFEF776FC49E7F721F3E7002204A9E0
:109C30008088CDE90422FFF77BFEEFE700235D4C2F
:109C4000ADF812300223ADF81030208802AB04AA20
:109C500042F605210593FFF771FE08B1FEF759FCA6
:109C6000002320881A468521FFF75CFED6E70023F3
:109C700004A98088ADF81030FFF758FECEE7A3792D
:109C8000002B7FF41BAF4B4B13211888FFF742FECC
:109C9000C4E7484B00211888FFF75EFEBEE7A379B2
:109CA000002B3FF40BAF022B7FF408AF454920890E
:109CB0008A8990420E467FF401AFA27B012A7FF48D
:109CC000FDAE00220120CDE904228DF81600208A85
:109CD000384DADF81800608AADF81A0004F1140090
:109CE0000790ADF80A20098A28888DF8103001AF56
:109CF00002AAADF808300397FFF720FEA84660B926
:109D00003846FEF761FD40B940F2FD132888ADF8F2
:109D1000143004A9FFF718FED0E6002304A9B8F810
:109D20000000ADF81430FFF70FFE014600287FF465
:109D3000C5AE182204A802F0C9FE237D234A8DF87F
:109D40001030022B0596069218D0062B10D0012B4E
:109D500010D1204B1A88204B1A80637DD4F816202E
:109D60000893012B099205D11C4800F0EDFD01E09C
:109D7000637D089304A800F02DFC9FE6A27D637D1F
:109D800043EA0223134A1380134A1380F2E7144B69
:109D90001A7862B11349028ACB8D9A4201F104020A
:109DA00005D11C31A0880023FFF7BEFD36E7002156
:109DB000F8E700BF2A2B0020C8420020A6D10700E8
:109DC000C44200208E420020BCD20700BD9E070086
:109DD000A19907000E43002010430020B4D20700D1
:109DE0000C430020CC420020174B1B7833B3174B99
:109DF00017491C88082201232046FFF7A7FD0028E9
:109E00007FF40FAF0246014602232046FFF79EFD76
:109E100000287FF406AF0F4B4FF6FF7219882046DB
:109E2000FFF790FD43F2020398423FF447AE082843
:109E30003FF444AE11287FF4F1AE3FE6A0881A4605
:109E40001946FFF783FDE9E60C4300202A2B00208A
:109E5000044300208E42002038B5134A1368D90706
:109E600001D4002038BD11498842FAD01049088831
:109E70004FF6FF71884211D043F0040313211360A1
:109E8000FFF748FD0028EDD10A4DC82445F0010533
:109E90004FF47A40A847013CFAD1E2E7064B187824
:109EA000BDE83840FFF732BDC4420020B4D20700FD
:109EB0002A2B0020A0D10700282B002010B5044633
:109EC00086B000210D2202A8019102F0FFFD237847
:109ED000082B0BD1364A374913880988013B9BB2BE
:109EE0001380D9B1D3B9032311802370627823780A
:109EF0008DF805306021012A8DF804108DF80620B8
:109F00000ED00B2A12D100F0AFF98DF80700002017
:109F100000F0A4F9042101A8FFF722FD06B010BD4E
:109F2000062B05D0082B29D0032B27D00321F2E7DD
:109F3000E1688DF80710D4E90123080A8DF80800BC
:109F4000080C090E8DF80A10110A8DF80B208DF8F7
:109F50000C10110C120E8DF80E201A0A8DF80F300D
:109F60008DF810201A0C1B0E8DF80D108DF80900BD
:109F70008DF811208DF812300F21CCE7D4E90123A0
:109F8000110A8DF807208DF80810110C120E8DF8AB
:109F90000A201A0A8DF80B308DF80C201A0C1B0EB3
:109FA0008DF809108DF80D208DF80E300B21B2E7D9
:109FB000104300200E4300202DE9F0414D4B94B09A
:109FC00005464FF6FF721A8001204FF659632A4664
:109FD00002A98DF80A00ADF80830FFF7ABFC044683
:109FE000002840F08380444B04AA03F11007164672
:109FF00018685968144603C40833BB422246F7D197
:10A00000A91C3046FFF7A6FC044600286ED11C228E
:10A0100001460DA802F05AFD04F0F8029DF8343014
:10A02000ADF8044042F003028DF80620F42243F01C
:10A030000403CDE90A44ADF82C20304A8DF83430C1
:10A040000223ADF80C3092F80080AB788DF80E301A
:10A0500001AE212303AFCDE908768DF805300C94CD
:10A06000B8F1000F04D1012262F307138DF8053017
:10A070002B4608AA33F8040B0DA9FFF75DFC044634
:10A08000A0BB01461C220DA802F020FD9DF8343033
:10A09000ADF8044023F0180343F0180304F0E8027D
:10A0A00042F013028DF83430AB788DF80E30012178
:10A0B00021238DF806201722CDE90A44CDE9087640
:10A0C000ADF80C108DF805300C94ADF82C20B8F1DB
:10A0D000000F03D161F307138DF805302B4608AA52
:10A0E00033F80C0B0DA9FFF727FC0446204614B0EB
:10A0F000BDE8F0812A2B002090D107000C430020FE
:10A1000073B5354D2B6813F0010403D000242046AD
:10A1100002B070BD314E30603148FDF7ADFB0194A7
:10A1200000F0BDF804460028F1D12E48FFF716FCD8
:10A1300004460028EBD101F059FA04460028E6D184
:10A1400001A801F021FB04460028E0D101A901206B
:10A1500001F024FB04460028D9D101A801F082FBBC
:10A1600004460028D3D100F093FB1F4B002830D0C9
:10A170001E4A126A012A2CD11D481A7000F07CFB7D
:10A1800011231C488DF8043002F0FAFC194982B200
:10A1900001A8FFF7C3FB04460028B8D11648FFF713
:10A1A000BBFB04460028B2D11448FFF705FF044664
:10A1B0000028ACD1FFF7FAFB04460028A7D12B6892
:10A1C00043F001032B603368002B9FD00920984790
:10A1D0009DE700221A70D3E7C4420020C842002045
:10A1E000BCD20700007007000C430020CC4E0020BA
:10A1F000CC42002078D10700A6D107008E42002073
:10A2000043690BB1C06818477047000010B4054996
:10A21000054C0022904218BF214604485DF8044BCB
:10A22000FDF781BBC0CD0700ECCD0700A02B0020BF
:10A2300007B5009313460A4601460348FDF777FB2E
:10A2400003B05DF804FB00BFA02B002013460A46B4
:10A2500001460148FDF772BBA02B0020014B18708E
:10A260000B20704712430020024B002218781A700E
:10A27000704700BF1243002018DF704730B585B02B
:10A28000054610220C466846002102F01FFCA40877
:10A29000684601950294FFF7EFFF05B030BD1FB58A
:10A2A0000023CDE901330393684602230093FFF7AF
:10A2B000E3FF05B05DF804FB4FF000534FF480520C
:10A2C0001A60002070470000014B06201B681847E9
:10A2D0001C4300200A2803D90B38C0B2FFF7BEBFC9
:10A2E0007047000010B5044686B00020FDF72EFB35
:10A2F000014630B1164A18212046FDF709F906B08B
:10A3000010BD1822684602F0E1FB0423114A8DF8C3
:10A310000030114B116D1B68994211D10F4B186819
:10A3200000F0F4FF8DF80100FFF7D4FFD4E901132A
:10A330008DF8010068469847094800F061FADEE7A9
:10A3400001238DF801306846D4E901139847D6E718
:10A35000E5A20700CC4E0020144300201843002043
:10A36000C9A20700F0B5044687B01822002168464C
:10A3700002F0ACFB22788DF8002001238DF801302B
:10A38000531E0B2B00F20C81DFE813F01100330099
:10A39000110011000A0111000A0111000A010A014D
:10A3A0000A010C007F4B1B680720984721E0062A12
:10A3B0007D4901D0012A01D122690A700A78012A57
:10A3C00004D0022A51D000230B7094E0072B10D840
:10A3D000DFE803F0040F452F0F420F1C714B0320E1
:10A3E0001B689847606900F06BFDFFF773FF8DF8FD
:10A3F0000100D4E90113684698479DF80130012B0C
:10A4000000F0C380674B05201B68BDE0A18A20696E
:10A4100000F06EFDFFF75EFF644B8DF80100DA6B14
:10A420001B6C0293E3680192002BE2D020699847ED
:10A43000DFE75F495F4800F0A7FDFFF74BFF01280A
:10A440008DF80100D5D1002000F0DAF90028D0D035
:10A450000A238DF80130CCE74FF400730393534B7C
:10A46000DA6B1B6C01920293C3E7072BC1D801A2E0
:10A4700052F823F095A40700F3A3070059A507009D
:10A4800065A50700F3A307008FA50700F3A3070046
:10A49000FBA4070000F04CFD08B90823D9E7626966
:10A4A0000AB90323D5E7C2F30B0333B13F4B40494D
:10A4B0005B6D096813448B42F3D1B2F5805F01D91B
:10A4C0000423C6E7394B3A49586D096815188D427F
:10A4D000E3D85A64DA6C9A6418651863354B61697D
:10A4E0001B6801F6FF710022090B1844FFF7AEFE4E
:10A4F00000283FF47EAF0523ABE700F019FD0028EC
:10A50000CBD02A4DA18AD5E914329B1A6A6C0B4430
:10A510009342C6D8274B2F6B1B68206905F1480270
:10A520001F44FDF7C5F8E368A28A2169064638464C
:10A53000FFF77EFE08B1E36878E7A28A2B6B13442D
:10A540002B63A38A2A6DAE641344CDE901362B65D3
:10A55000144B08201B6828E7144B9A6C1B6D029261
:10A56000019346E7114BD3E91402596C821A8A42CF
:10A5700093D19A6C5865002120465964DA64FFF73C
:10A58000B1FE084B1B680420984707B0F0BD074B8D
:10A590009A6C1B6D01934FF480530292039328E74A
:10A5A000022356E71C4300202C2B0020CC4E002019
:10A5B0001443002018430020044B054A186D6423FF
:10A5C00043431068B3FBF0F0704700BFCC4E00204F
:10A5D0001443002083681BB1024A1821FCF798BF7E
:10A5E0000720704765A3070038B50546C0B10120B4
:10A5F000FFF70CFE044648B900F054FC00F098FC4C
:10A6000030B9084B00201D60FFF728FE204638BDFA
:10A610000549064800F0B8FC0128F2D00324F5E70C
:10A620000724F3E71C4300201443002018430020B4
:10A630002DE9F04115464FF46072064688461F46E4
:10A6400002F07AF928B915B90020BDE8F081A847D1
:10A65000FAE7002201213046FFF7F8FD70B94FF408
:10A6600060724146384602F097F92B464FF460720B
:10A6700039463046FFF7DCFD0028E5D00320E4E74B
:10A680002DE9F0413D4C236801335CD00022582174
:10A69000201DFDF70DF8D4F80080A8EB0002D2F1E0
:10A6A000000848EB0208364D364E2F683B680133F0
:10A6B0005ED000225821381DFCF7FAFF3B68834228
:10A6C00044D17C68012C0AD00022C32107F5187000
:10A6D000FCF7EEFFD7F85C42231A5C425C41B8F10C
:10A6E000000F35D0254927484FF4607202F054F925
:10A6F00064B1296824485422043102F04DF92968D4
:10A7000022484FF432725C3102F046F97468012C31
:10A710002CD11F49402201F5E47002F03DF91D499A
:10A720001C2201F5E47002F037F91B4986F8A142BA
:10A730000023042201F2862086F8603286F8E23295
:10A7400002F02AF910E04FF00008ACE70024C6E759
:10A7500024B129680B484FF46072D5E709484FF4DB
:10A760006072002102F0B2F902237360BDE8F0814B
:10A77000B8F1000FF2D00024B4E700BF00F00700EA
:10A78000302B0020CC4E0020D04E0020284F00203F
:10A790002850002068500020E84E002070B50D4C75
:10A7A0000546002258212046FCF782FF002244F88B
:10A7B000040CC32104F51770FCF77AFF261FC4F8B8
:10A7C00058022A463146044B0448BDE87040FFF762
:10A7D0002FBF00BFD04E00202043002000F0070014
:10A7E00002460248024B0068FFF722BF302B0020D0
:10A7F000A04600200149FFF7F3BF00BF00F00700AB
:10A8000038B505460020FFF7C9FF044618B90349CB
:10A810002846FFF7E5FF204638BD00BFCC4E00209C
:10A8200010B5FFF7F3FC044628B9FFF729FF2046CF
:10A83000FFF7E6FF00B1032010BD29DF70470000DD
:10A8400038B50C4D0446D5F8243378B101330FD117
:10A8500000223C210430FCF72BFF2060214605F547
:10A8600049701022BDE83840FFF7E7BF0E2038BD21
:10A870000820FCE700F0070008B528B10349402292
:10A8800002F08AF8002008BD0E20FCE724F3070040
:10A8900010B5064C00223C212046FCF709FF54F875
:10A8A000043C1B1A5842584110BD00BF28F3070052
:10A8B00038B50C4D0446D5F8643378B101330FD167
:10A8C000002218210430FCF7F3FE2060214605F534
:10A8D00059700722BDE83840FFF7AFBF0E2038BDE2
:10A8E0000820FCE700F0070010B50A4CD4F8243328
:10A8F000D4F864231340013309D04FF4FE20FDF750
:10A9000011FCC92221464FF4FE20FDF739FC00203E
:10A9100010BD00BFCC4E0020F8B5094E094CA41B59
:10A920000746E4080025A54201D10020F8BD56F8ED
:10A930003530384698470028F8D10135F3E700BF95
:10A94000B4D20700BCD20700F8B5094E094CA41BCD
:10A950000746E40800250436A54201D10020F8BDD1
:10A9600056F83530384698470028F8D10135F3E7D6
:10A97000B4D20700BCD2070008B50C22002102F0B7
:10A98000A5F8024B00221A6308BD00BFCC4E002080
:10A9900043F204031A68084B9A4201BF43F20803CA
:10A9A000186800F6FF7020F47F600CBF20F00F00E5
:10A9B0004FF48050704700BFDBE5B15108B5FFF799
:10A9C000E7FF054B9B69184400F6FF7020F47F6099
:10A9D00020F00F0008BD00BFCC4E00204FF4805087
:10A9E000704700002DE9F74F0193244BDFF894B036
:10A9F0001B6ADFF894900093054616464FF0000856
:10AA000043F2040AB8F1010F5FFA88F714D0022F5D
:10AA10001FD0FFF7D3FF6EB1009B013B5C425C414E
:10AA2000A9EB0000A84200D3F9B1B4B1A8421CD2EE
:10AA300004201FE03446F3E7FFF7AAFF019B33B978
:10AA4000DAF80040B4EB0B0418BF0124E8E74446F1
:10AA5000E6E701244FF48050E2E708F10108B8F17D
:10AA6000030FCFD1A842E3D300E017B10448FFF7AA
:10AA700083FF002003B0BDE8F08F00BFCC4E002064
:10AA8000E44E0020DBE5B1510040070090F855206E
:10AA900012F0FB0F07D190F8643023B1836ECBB175
:10AAA0000B600120704712F0010303D090F856307C
:10AAB00003B1836D9207F2D590F85C20002AEED0A6
:10AAC000054A006EC2F5FC22904201D80344E6E735
:10AAD000042070470F2070470070070010B5084C25
:10AAE0004FF40072FF21204601F0F0FF20220021E8
:10AAF000A4F1240001F0EAFF002344F82C3C10BD2F
:10AB0000284F00202DE9F0475A495B48DFF888813B
:10AB1000DFF88891DFF888A1584C92B00C2201F040
:10AB20000BFF064600284CD15349382204A801F0F7
:10AB300033FF4FF447723146204688F80060C9F869
:10AB40000060CAF8006001F0C1FF079D012D58D1D7
:10AB50004FF48073A3803423636143F20C0384F8C1
:10AB60006C612570A5712572E560257425831B88AD
:10AB7000E361089B2367032384F87630099BA4F8DC
:10AB80005C5084F85E50266684F86450A66684F8AB
:10AB90006C5084F87450A4F8783020220AA904F18B
:10ABA0007A0001F0F9FEA4F89A50A4F89C5084F8B9
:10ABB0009E60A4F8A06088F800500834304B1C60F8
:10ABC00020E03049304E8A6B6F465C313846FEF7E4
:10ABD00027FB97E80F0086E80F0000212B4B88F831
:10ABE00000104FF447722046C9F80010CAF8001050
:10ABF000F36001F06BFF264922463046FEF7AFFDB9
:10AC000020B90025284612B0BDE8F08798F800501A
:10AC1000002DF6D094F86C3194F800801BB3B8F195
:10AC2000000FEED194F87231002BEAD0DAF8002050
:10AC3000D9F800103846FEF7F3FA97E80F0086E8D7
:10AC40000F004FF4B272414604F5BA7001F03EFFB6
:10AC5000104904F5BA723046FEF781FD0028D0D0C5
:10AC600004F5BA74AAE7B8F1000FCAD0A379002B93
:10AC7000A3D1C6E7AED10700284F0020504A0020DC
:10AC8000284E0020CC4E00206C4D0020A5AC0700C3
:10AC900008D1070054D007004C4A0020484A002041
:10ACA000444A002030B55B68DA680D4B9A4208D1FF
:10ACB0000C490A6812B90C4A14681CB10B4B0022EB
:10ACC0001A7030BDD0E90134181913F9015B002D59
:10ACD000A0EB0304F9DB0B601460044B0122EFE7E7
:10ACE00054D00700484A0020444A00204C4A002023
:10ACF00010B543F2040319491C688C4202462BD05C
:10AD000042F20403C358581A434243418C42184646
:10AD100021D142F20403D358A3421CD14FF4405333
:10AD200002F500511B780978142B81BF43F21403FC
:10AD30000B481B68B3FBF0F398BF0023142989BFAD
:10AD400042F2140100205058054A88BFB0FBF2F0CF
:10AD5000181A18BF012010BD0023D7E7DBE5B15159
:10AD600040420F0000B591B0FDF7F6FA6846084979
:10AD70002022FDF724FB6A46064907484023FDF7D9
:10AD800043FA064B01221A7011B05DF804FB00BFB4
:10AD900018CF07007C4D00200CCF0700204A002070
:10ADA000F0B5A3B007460D4614461E467822202370
:10ADB000002104A8029301F089FE00230393194B9C
:10ADC0001B780BB9FFF7CEFF2DB337BB02AB164F85
:10ADD00001931649289B0097324604A8FDF7A2FA72
:10ADE000E8B9402C1BD1124E22462946304601F0CC
:10ADF000D3FD20213046FDF7EEFACDE90064029B39
:10AE00000C493A4603A8FDF71BFA00280CBF0120A5
:10AE1000052023B0F0BD1320FBE71620F9E70A2038
:10AE2000F7E700BF204A0020C44D0020ACCF070048
:10AE3000E44D00207C4D0020F0B5ABB004460D463B
:10AE400016461F467822202300210CA8039301F008
:10AE50003DFE114B1B780BB9FFF784FF2FB1214644
:10AE6000202204A8FDF7A0FA04AC03AB0B4F01931A
:10AE70000B49009733462A460CA8FDF753FA48B908
:10AE800020222146384601F057FDB0FA80F04009F3
:10AE90002BB0F0BD0020FBE7204A0020214A002013
:10AEA000ACCF070008B5044B986B08B1FFF72AFE3A
:10AEB000024B187008BD00BFCC4E0020244E00206D
:10AEC00010B5044658B1B0F5007F0AD8064B0022F1
:10AED0001A70FFF703FE054B01209C6310BD032091
:10AEE000FCE70420FAE700BF244E0020CC4E0020EF
:10AEF00070B50E4C0646E06BA36B42189A420D46A5
:10AF000011D85C300A462044314601F045FDE36B20
:10AF100004F140022B4429463046E363FCF7C8FBAA
:10AF20002064012070BD0320FCE700BFCC4E002050
:10AF3000014B1878704700BF244E002013B50F4C0A
:10AF400094F86C31B3B10E4B1B6800930D4BB4F801
:10AF5000DA221B6894F8D80204F53771FFF720FF56
:10AF6000012809D104F5B874201D02B0BDE81040D5
:10AF700000F0D0B90434F7E702B010BD504A002009
:10AF8000444A0020484A00202DE9F843DFF8888031
:10AF9000D8E90E329A4206460D4637D1DFF87C904A
:10AFA00099F800704FB1FFF709FD1A4B3060294640
:10AFB0001868BDE8F843FFF769BDFFF7A3FD38B394
:10AFC000FFF7BCFF0128376004462F601BD1114BEF
:10AFD00029461868FFF75AFD0128044613D198F84E
:10AFE000A112B1FA81F103463A4628684909FFF7F0
:10AFF000F9FC38B9FFF7E2FC89F8004030602046E0
:10B00000BDE8F8830424FFF769FDF8E70824F6E7B4
:10B010000524F4E7284E0020CC4E0020244E0020CA
:10B0200010B490F86C305BB190F86E404CB1B0F851
:10B03000704034B15DF8044B01237230FFF7FCBE61
:10B04000012318465DF8044B704713B504460846C3
:10B0500023781146032B03D8DFE803F021050F18EE
:10B06000002002B010BD0022D4F80140FCF720FB04
:10B07000844214BF00200120F3E70A460023014662
:10B08000601C02B0BDE81040FFF7D6BE0091034639
:10B090004022611C0020FFF783FE0128E9E7012020
:10B0A000DFE700002DE9F041A2B004460D46164648
:10B0B000002178221F4604A8202303939DF8A08036
:10B0C00001F004FD41220021204601F0FFFCB5F80B
:10B0D00094300BB195F8968084F80080B8F1030F96
:10B0E0001ED8DFE808F00902111F00223946304659
:10B0F000FCF7DEFAC4F801003A4631462046FFF775
:10B10000A4FF22B0BDE8F08103AB0193631C009360
:10B1100008493B46324604A8FDF704F90028EBD065
:10B120000020EEE7B5F8982005F19A01601C01F0C7
:10B1300033FCE1E7ACCF07002DE9F0476D4B1D680C
:10B14000A4B004460F4690460A4601462846FFF73B
:10B1500067FF002800F0CC8095F855601EBB4FF0CB
:10B160000109CDF800903B462246294613A8FFF777
:10B1700099FF00287FD0B8F1000F6DD041225E48C2
:10B1800013A901F009FC5D4BC3F82C901E626A689C
:10B190009A60002239462046FCF78AFA574B01256F
:10B1A000C3E909709FE04122002102A801F08EFC52
:10B1B00006F001094122002113A806F0020601F061
:10B1C00085FCB9F1000F4BD042F20403E15803F1C2
:10B1D000A34303F5471303F2D75399424BD1D5F854
:10B1E00058A00AF5FF520AF6FF73C3F30B031F3290
:10B1F000D21A42F20803E35893423CD343F20403C9
:10B200001B688B4213D14FF440531B78102B8ABF1D
:10B2100043F2100300221A6804F500531B78102B28
:10B220008ABF42F210030023E3589A4223D12046FA
:10B23000FFF75EFD00B1F6B10123009322465346AD
:10B24000294602A8FFF72EFFA8B1AB6DE218FB1A42
:10B250004EB9B8F1000F18D1284B01255D6110E0FF
:10B260003B462246F4E70021009113A82946FFF748
:10B2700019FF0028EDD10525B8F1000F30D1FFF7F7
:10B280002DFC284624B0BDE8F087DFF87080B9F1C6
:10B29000000F21D02046FFF72BFD18B108F1180050
:10B2A000FFF76AFB1648412202A901F075FB002E48
:10B2B00014BFAC23A523C8F82C30AB6DC8F83430CC
:10B2C000002E3FF466AF0F48412213A901F064FB42
:10B2D0006B68C8F80C305CE7AA23C8F82C30EFE79D
:10B2E0000948FFF749FBFFF7F9FB044B9C64C8E7EB
:10B2F0001725C1E7284E00206D510020CC4E0020BC
:10B300002C510020AE510020F04E00200122FFF70A
:10B3100013BF0000F0B590F854200346002A51D026
:10B3200090F8550003284DD893F86E20032A47D192
:10B330001A7A002A46D0DA68342A45D143F2040149
:10B340001A8A0C6821498C422AD152B15969E9B153
:10B35000D2B2002103F1140543F20C06CCB2A24292
:10B3600001D8122011E055F821703488A74201F16C
:10B370000101F3D11A78FAB101285B68144A15D893
:10B380009068834234BF10200120F0BD10B9012A1B
:10B39000E7D8EFE7421E18BF0122002AEAD1E0E712
:10B3A00012B15A69002ADCD11A78F6E7D0688342D4
:10B3B0008CBF01201020E8E7012818BF0F20E4E728
:10B3C0001420E2E70F20E0E71120DEE7DBE5B151D2
:10B3D000CC4E002038B1054B0360054B4360012380
:10B3E0000372002070470E20704700BF61B4070051
:10B3F00015B4070038B1054B0360054B43600123CA
:10B400000372002070470E20704700BF91B4070000
:10B410003BB4070069B10B78022B0CD1022804D091
:10B42000032814BF08201120704703230B7000204D
:10B4300070470E2070470820704769B10B78022BC7
:10B440000CD1022804D0032814BF08201120704713
:10B4500003230B70002070470E20704708207047B0
:10B4600010B50C4681B10B78012B06D00ED9033BE9
:10B47000012B94BF0820112010BDFFF7E1F900282F
:10B48000FAD102232370F7E70E20F5E70820F3E74F
:10B4900010B50C4681B10B78012B06D00ED9033BB9
:10B4A000012B94BF0820112010BDFFF701FA0028DE
:10B4B000FAD102232370F7E70E20F5E70820F3E71F
:10B4C00070B5144B144A0C21D21AB2FBF1F2816907
:10B4D00011F8025C044635B900690021914205D19A
:10B4E000012323600EE04FF0FF30F6E71E68AE4206
:10B4F0000CD1461C07D19D68D4E90001D4E9022390
:10B50000A847206070BD5E688642F4D001310C33DC
:10B51000E4E700BFD0D20700E8D207001EF0040F16
:10B520000CBFEFF30880EFF30980FFF7C9BF00BF3E
:10B5300010DF704711DF704713B5044609496846AC
:10B54000FCF72CFC019808B902B010BDD0E900212D
:10B550002046904718B16846FCF729FCF2E7112015
:10B56000F2E700BFC0D1070013B50446074968469B
:10B57000FCF714FC019B0BB902B010BD2046D3E9C7
:10B58000002190476846FCF712FCF3E7D8D107008A
:10B59000064B9A6822B11A6822F480021A6070473A
:10B5A000034B4FF48002C3F880207047C04E002048
:10B5B00000E100E00B4991F816335A09EC231341DE
:10B5C000DB0706D5084B9A683AB94FF480030B6045
:10B5D000704742F20200FCF79CBF1A6842F48002F6
:10B5E0001A60704700E100E0C04E0020F7B5194F27
:10B5F0003C7864BB184E012520463570FFF79CFF50
:10B60000112821D02046FFF7AFFF144B8DF80340DF
:10B61000186801900DF10300FCF710F8104901A81B
:10B62000FFF786FF0446B0FA80F0400938709DF8B5
:10B630000300FCF727F83CB90A4B34701C70FFF785
:10B64000B9FF2846FFF790FF204603B0F0BD08245D
:10B65000FAE700BF2D4E00202C4E0020BBD1070082
:10B660000D8507002E4E0020F7B5154F3B781BB314
:10B67000144E01203070FFF75FFF11284FF00005D6
:10B680001CD00220FFF770FF0DF107008DF8075066
:10B69000FBF7D4FFFFF74EFF04469DF807003D700F
:10B6A000FBF7F0FF2CB93470FFF772FF0320FFF7B0
:10B6B0005BFF204603B0F0BD0824FAE72C46F8E70C
:10B6C0002D4E00202C4E0020054B1B7833B1054B2E
:10B6D0001B780BB1FFF7C8BFFFF788BF0820704782
:10B6E0002C4E00202D4E0020014B1878704700BFD3
:10B6F0002D4E002007B508496846FCF74FFB019B1B
:10B7000013B903B05DF804FBD3E900209047684605
:10B71000FCF74DFBF3E700BFCCD10700FFF7EABF12
:10B7200060DF704769DF704761DF704730B5114DEA
:10B73000ADF5017D4FF4FA740DF1020103A8ADF8E7
:10B740000240FFF7F1FF70B9294601A8FCF726FB7C
:10B75000029B002BF0D003A8D3E90021904701A859
:10B76000FCF725FBF4E7052801D0FCF7D2FE0DF528
:10B77000017D30BDE4D10700024B1B780BB1FFF710
:10B78000D5BF70472F4E002018B1034B0360002037
:10B7900070470E20704700BFE82A00207FB506469C
:10B7A0000C46002959D02E4B0B600C22002101A819
:10B7B00001F08CF9012506232268ADF8083001A9B3
:10B7C00020208DF804608DF80650FFF7ABFF0C22A7
:10B7D000002101A801F07AF922688DF8055001A92D
:10B7E0004020FFF79FFF0C22002101A801F06EF915
:10B7F000F7232268ADF8063001A923208DF80460F4
:10B80000FFF790FF0C22002101A801F05FF92268E8
:10B810008DF8045001A92846FFF784FF0C2200216F
:10B8200001A801F053F94FF4B0632268019301A914
:10B83000A120FFF777FF0C22002101A801F046F9B3
:10B840009DF8043022682B4301A9A0208DF8043014
:10B85000FFF768FF002004B070BD0E20FBE700BFBB
:10B86000E82A002008B5FFF75BFF10B9014B012261
:10B870001A7008BD2F4E00204BDF70471FB50D4CCE
:10B8800001A8FFF7F9FF70B9214602A8FCF786FA74
:10B89000039B002BF4D00198D3E90021904702A824
:10B8A000FCF785FAF4E7052801D0FCF732FE04B076
:10B8B00010BD00BFF0D107008B1802448B4200D1AD
:10B8C000704713F8010D02F8010DF7E700000000C2
:10B8D000C3F10803DB0070B501330446002003A563
:10B8E0005B1920C940CAAD1920C4184720C940CAF5
:10B8F000754120C420C940CA754120C420C940CA2E
:10B90000754120C420C940CA754120C420C940CA1D
:10B91000754120C420C940CA754120C420C940CA0D
:10B92000754120C4404170BD0000000000000000CF
:10B93000C3F10803DB0070B50133002403A500BF89
:10B940005B1920C940CAAD1B20C0184720C940CA96
:10B95000B54120C020C940CAB54120C020C940CA55
:10B96000B54120C020C940CAB54120C020C940CA45
:10B97000B54120C020C940CAB54120C020C940CA35
:10B98000B54120C06441B4FA84F0400970BD00BFE5
:10B990002DE9F04F08B4F8CA04B451F8042BA3FB06
:10B9A000028940F8048B4FF0000AE4FB629A4FF0E2
:10B9B000000BE5FB62AB4FF0000CE6FB62BC4FF006
:10B9C000000EE7FB62CE51F8042B4FF00008E3FBBA
:10B9D000628940F8048BE4FB629AE5FB62ABE6FB0C
:10B9E00062BCE7FB62CE51F8042B4FF00008E3FB8A
:10B9F000628940F8048BE4FB629AE5FB62ABE6FBEC
:10BA000062BCE7FB62CE51F8042B4FF00008E3FB69
:10BA1000628940F8048BE4FB629AE5FB62ABE6FBCB
:10BA200062BCE7FB62CE51F8042B4FF00008E3FB49
:10BA3000628940F8048BE4FB629AE5FB62ABE6FBAB
:10BA400062BCE7FB62CE40F8049B40F804AB40F8D0
:10BA500004BB40F804CB40F804EB0CBC052B00F011
:10BA60001E810C68A0F11400A1F11401A2F11402CE
:10BA700052F804EB4FF0000550F8046BE4FB6E56EF
:10BA800052F804EB50F8047BE4FB6E6752F804EBC9
:10BA900050F8048BE4FB6E7852F804EB50F8049BEA
:10BAA000E4FB6E8952F804EB50F804ABE4FB6E9AA9
:10BAB000A0F1140052F8044B51F804EB4FF0000CC5
:10BAC000E4FB6EC540F804CB51F804EBE4FB6E5682
:10BAD00040F8045B51F804EBE4FB6E6740F8046B3C
:10BAE00051F804EBE4FB6E7840F8047B51F804EB6A
:10BAF000E4FB6E8940F8048B51F804EBE4FB6E9A8A
:10BB0000A0E80006062B00F0CA800C68A0F118001F
:10BB1000A1F11801A2F1180252F804EB4FF0000550
:10BB200050F8046BE4FB6E5652F804EB50F8047BBB
:10BB3000E4FB6E6752F804EB50F8048BE4FB6E787C
:10BB400052F804EB50F8049BE4FB6E8952F804EBC6
:10BB500050F804ABE4FB6E9A52F804EB50F804BBC7
:10BB6000E4FB6EABA0F1180052F8044B51F804EB63
:10BB70004FF0000CE4FB6EC540F804CB51F804EB29
:10BB8000E4FB6E5640F8045B51F804EBE4FB6E678F
:10BB900040F8046B51F804EBE4FB6E7840F8047B4A
:10BBA00051F804EBE4FB6E8940F8048B51F804EB88
:10BBB000E4FB6E9A40F8049B51F804EBE4FB6EAB97
:10BBC000A0E8000C072B6AD008B40C68A0F11C0098
:10BBD000A1F11C01A2F11C0252F804EB4FF0000588
:10BBE00050F8046BE4FB6E5652F804EB50F8047BFB
:10BBF000E4FB6E6752F804EB50F8048BE4FB6E78BC
:10BC000052F804EB50F8049BE4FB6E8952F804EB05
:10BC100050F804ABE4FB6E9A52F804EB50F804BB06
:10BC2000E4FB6EAB52F804EB50F804CBE4FB6EBCC3
:10BC3000A0F11C0052F8044B51F804EB4FF0000344
:10BC4000E4FB6E3540F8043B51F804EBE4FB6E5620
:10BC500040F8045B51F804EBE4FB6E6740F8046BBA
:10BC600051F804EBE4FB6E7840F8047B51F804EBE8
:10BC7000E4FB6E8940F8048B51F804EBE4FB6E9A08
:10BC800040F8049B51F804EBE4FB6EAB40F804ABC6
:10BC900051F804EBE4FB6EBCA0E8001808BCBDE85A
:10BCA000F08F002310B51C465AB2914200DC10BD43
:10BCB00040F823400133F7E710B500231A465CB281
:10BCC000A14203DCB2FA82F0400910BD50F82340D3
:10BCD00001332243F3E74A11012350F8220001F017
:10BCE0001F0103FA01F108407047013910B549B24C
:10BCF000041D0A06CBB204D4013954F82120002ACD
:10BD0000F7D001335BB273B103F18042013A50F8CE
:10BD10002220002022B9013B00EB431318B210BDD2
:10BD200052080130F6E71846F9E710B500235CB277
:10BD3000A24200DC10BD51F8234040F823400133FB
:10BD4000F5E710B5013A52B2130601D5002010BD37
:10BD500050F8224051F822309C4205D802F1FF32BF
:10BD6000F2D24FF0FF30F2E70120F0E700EB810163
:10BD70000023884200D3704751F8042D43EA520350
:10BD80000B60D307F5E737B51D469DF918300193D1
:10BD90000446FFF79DFD019B38B91A462146284607
:10BDA000FFF7CFFF0128019B07D02A4621462046F6
:10BDB00003B0BDE83040FFF7BBBD03B030BD37B5C1
:10BDC0001D469DF9183001930446FFF7B1FD019B14
:10BDD00038B12A462146204603B0BDE83040FFF77F
:10BDE00077BD03B030BD2DE9F04FB5B004AC9DF97F
:10BDF000F8501E4680462B462046FFF7C9FD24AB6F
:10BE000029463046CDE90234FFF76FFFC0EB8510BD
:10BE100004B2002C2146B8BF04F11F01634241F374
:10BE2000471103F01F0314A804F01F0758BF5F4217
:10BE3000FFF737FF002F08B22BDD14AB002203EB16
:10BE40008001C7F1200E1346AB4217D36B0001935C
:10BE500014AB03EB85096F1E34AB012603EB870798
:10BE6000002C54DA34AB03EB86062A4656F8C81C7D
:10BE70004046FFF75AFF35B0BDE8F08F56F823C0B3
:10BE80000CFA07F0024341F8042B01332CFA0EF2AE
:10BE9000DAE714AB2A46314603EB8000FFF745FF93
:10BEA000D4E70FFA82FE5AF8C83C53F82EB034ABF0
:10BEB00003EB8202013052F8803C0B44BBEB0303DE
:10BEC00034BF012200229B4518BF11465CF8C82CE4
:10BED00042F82E30019B42B29A42E2DB731A5E4274
:10BEE000294614A85E41FFF741FF34AB03EB8503FD
:10BEF000294653F8802C57F8803C484643EAC273E1
:10BF0000013C47F8803C24B2FFF730FFA8E734AB90
:10BF10000020C6F1010C014603EB860A03EB8C0CF2
:10BF2000D8E730B51C4691B0054693F90030684615
:10BF3000FFF72EFDD4F8AC3069462846984711B07B
:10BF400030BD13460A46FFF7ECBF2DE9F04793F9E1
:10BF5000006092B0044689461046314615461F4699
:10BF6000FFF7AAFE002840F091803A46494602A811
:10BF7000FFF7E7FF3B4602AA21460AA8FFF7D1FFD9
:10BF800002A908463A46FFF7DCFF3B462A464946E7
:10BF90004846FFF7C6FF07F104083A4629462846F7
:10BFA000FFF7CFFF43462A46214620460096FFF77B
:10BFB000EAFE43462A46294628460096FFF7E3FE56
:10BFC00043462A46214628460096FFF7F8FE3B46A0
:10BFD0002A4621462046FFF7A4FF43462246214633
:10BFE00028460096FFF7CFFE434600962A46214694
:10BFF0002046FFF7C8FE2368DB074AD53346424692
:10C0000021462046FFF764FC314682462046FFF772
:10C01000ADFE06F18043013B54F8232042EACA7288
:10C0200044F823203A4621462846FFF78AFF434634
:10C030000AAA294628460096FFF7C1FE43460AAAE7
:10C04000294628460096FFF7BAFE0AA90846434645
:10C050002A460096FFF7B3FE3B460AAA2146204631
:10C06000FFF75FFF02AA4346104621460096FFF7FE
:10C07000A6FE324629462046FFF757FE4946284687
:10C08000FFF753FE02A94846FFF74FFE12B0BDE886
:10C09000F08731462046FFF769FEC3E72DE9F041FE
:10C0A00015468AB004460E461C22002103A800F063
:10C0B0000DFD2F1D95F9008003232A4631462046A9
:10C0C0000293FFF73EFF3B4602AA21462046CDF8E9
:10C0D0000080FFF774FE2B46324621462046FFF7CC
:10C0E00020FFCDF800803B4605F184022146204622
:10C0F000FFF749FE0AB0BDE8F08100002DE9F042EB
:10C10000082288B00C468146FFF70FFECB6A0393E6
:10C110000B6B04934B6B05938B6B0693CB6B079365
:10C12000002708236A4669466846CDE901770097EB
:10C13000FFF7CEFB082305466A4649464846FFF707
:10C14000C7FB236B0393636B0493A36B0593E36BB0
:10C150000544CDE906376A46082369466846FFF775
:10C16000B7FB082305446A4649464846FFF7B0FB3B
:10C17000236A0093636A0193A36A0293A36B0693F5
:10C18000E36B0793054408236A4649464846CDE9D0
:10C1900004770397FFF79CFB636A0093A36AA26B83
:10C1A0000193E36A02930492636BE26B0393CDE91C
:10C1B0000523236A07932E1808236A4649464846F2
:10C1C000FFF786FBE36A0093236B0193636B029393
:10C1D000236A0693A36A0793351808236A464946DB
:10C1E0004846CDE904770397FFF7A2FB236B009342
:10C1F000636B0193A36B0293E36B0393636A0693F0
:10C20000E36A07932E1A08236A4649464846CDE951
:10C210000477FFF78DFB636B0093A36B0193E36BD4
:10C220000293236A0393636A0493A36ACDE90537F3
:10C23000236B0793361A08236A4649464846FFF798
:10C2400077FBA36B0093E36BCDE90137636A03933C
:10C25000A36A0493E36ACDE90537636B0793361A43
:10C2600008236A4649464846FFF762FB361A0E4CD9
:10C270000FD436B9082249462046FFF762FD01284F
:10C280000FD00823224649464846FFF751FB361A8D
:10C29000EFE70823224649464846FFF719FB3618C0
:10C2A000F7D408B0BDE8F08200D2070070B514469C
:10C2B0008AB006460D461A46214602A80193FFF7AA
:10C2C00040FE019B02AA31463046FFF72AFE02A932
:10C2D000019B22460846FFF724FE019B02AA29463D
:10C2E0002846FFF71EFE0AB070BD2DE9F0478AB060
:10C2F0001446DDF848A055461F4615F9046B009614
:10C30000804689462B460246214602A8FFF757FD84
:10C3100002A952460846FFF714FE534602AA4146B8
:10C320004046FFF7FEFD534602AA21462046FFF78E
:10C33000F8FD2B464A46394638460096FFF73FFD42
:10C340005246394602A8FFF7FCFD02A92B46424699
:10C3500008460096FFF733FD02A92B462246084601
:10C360000096FFF72CFD2B464246214620460096BC
:10C37000FFF725FD5346224649464846FFF7D1FDC3
:10C380002B4602AA414620460096FFF718FD534669
:10C39000224639463846FFF7C4FD2B464A46394601
:10C3A00038460096FFF70BFD324602A92046FFF7FC
:10C3B000BCFC0AB0BDE8F0872DE9F0479846B3F918
:10C3C0000230894613F11F0148BF03F13E01DD1D14
:10C3D00048BF03F10E05EC104E11944275B228BF10
:10C3E000144629460746FFF75CFC22464946FFF7FC
:10C3F00063FAB8F90230B3EBC40F4FEAC40220D29B
:10C40000D21A07EB86010020C2F120068F420FD31B
:10C4100008F124082A4639464046FFF792FC0128D5
:10C420000FD02B4642463846BDE8F047FFF780BAAA
:10C4300051F8044D24FA02F303430B6004FA06F0AA
:10C44000E4E7BDE8F08770B5036813F00106054620
:10C45000144605D013460A460146FFF739FA064648
:10C4600021462846FFF782FC46B104F18042013A9A
:10C4700055F8223043F0004345F8223070BDF0B546
:10C480000F46A1B006461946384615461C46FFF72A
:10C4900013FC20B13046FFF704FC21B0F0BD22466A
:10C4A00039466846FFF741FC294608A8FFF73DFCDE
:10C4B00010A82146FFF7F5FB012318A81093FFF7FA
:10C4C000F0FB224608A96846FFF73BFC28B9224644
:10C4D00010A93046FFF729FCDFE7009BDA0709D4F3
:10C4E00021466846FFF742FC2246294610A8FFF77E
:10C4F000AAFFE6E7089BDB0707D4214608A8FFF759
:10C5000035FC2246294618A8F1E7002823461CDD01
:10C5100008AA69466846FFF70BFA21466846FFF706
:10C5200025FC224618A910A8FFF70BFC002805DA05
:10C5300010A923462A460846FFF7CAF910A9234640
:10C5400018AA0846FFF7F4F9CEE708A96A46084694
:10C55000FFF7EEF9214608A8FFF708FC224610A9CC
:10C5600018A8FFF7EEFB002805DA18A923462A468B
:10C570000846FFF7ADF918A9234610AA0846FFF7A9
:10C58000D7F9BEE700487047FCD107002DE9F04F0E
:10C590002DED028BEDB08946789E05901946B6F9CF
:10C5A000023096F9004013F11F0748BF03F13E0720
:10C5B00047F3471707F1FF3B24AB002543F82B5007
:10C5C0006CAB03EB8B0307EE902A4CA896F9012085
:10C5D00043F8805C43F8605CFFF76EF996F9012040
:10C5E00054A81144FFF768F921464CA8FFF764FBF3
:10C5F0008046002840F0428154A8FFF75DFB03907D
:10C60000002840F03D8106F1240A3A464CA95046E4
:10C61000FFF797FB012840F035813A4654A9504670
:10C62000FFF78FFB0128069040F02C811CAD3B46A4
:10C63000524654A92846FFF722FF0DF13008039B0C
:10C6400048F82B3017EE902A494640463346FFF70C
:10C65000B3FE4146404653462A460097FFF7C3FBC8
:10C660000DF5B87B53462A464CA914A80097FFF74E
:10C67000BAFB224658460599FFF757FBA3000793DC
:10C68000059B0BEB840903EB84014846FFF74DFB48
:10C6900006F14403194634A80493FFF746FB049BB4
:10C6A000A10059183CA8FFF740FB331D08EE903A53
:10C6B000594634AA28460094FFF781FB4B465A4658
:10C6C0003CA934A80096FFF710FE18EE902A2346E6
:10C6D00029462846FFF7D3FE2A46494658463346A0
:10C6E000FFF7E4FD039B0893049B0993059B3946E0
:10C6F0004046CDE90A3BFFF7F8FA3946834614A8CD
:10C70000FFF7F3FA5845B8BF58461FFA80FB0BF104
:10C71000FF3109B240460491FFF7DDFA0499B0F108
:10C72000000814A818BF4FF00108FFF7D4FA00283A
:10C7300014BF0220002048EA00080DF1200922461B
:10C7400059F8281024A8FFF7F0FA0DF1B009A3005A
:10C7500019444846FFF7E9FA21462846FFF7A1FAAF
:10C76000069B2B60ABF1020824AB08EE105A0FFABF
:10C7700088F80493B8F1000F2ADA18EE902A18EE20
:10C78000101A18EE100A2346FFF779FE18EE102A49
:10C79000049833464946FFF789FD04993A465046C6
:10C7A000FFF7CFFA012805D004993B4652460846C8
:10C7B000FFF7BEF8013C64B24CAA230653D5039B95
:10C7C000B3FA83F040096DB0BDEC028BBDE8F08F89
:10C7D000334618EE102A0498D6F8A4504946A847C4
:10C7E00041460CA8FFF777FA4146B0F1000B14A8B8
:10C7F00018BF4FF0010BFFF76EFA002814BF02209C
:10C8000000204BEA000B08AB53F82B1031B3224643
:10C8100034A8FFF78AFA079B3CA81944FFF785FA6A
:10C8200018EE102A33463CA934A8FFF73FFD18EE56
:10C83000903A0499009434AA44A8FFF7C0FA049AE5
:10C8400000964B463CA934A8FFF74FFD18EE101A8E
:10C8500018EE100A334644AAFFF763FB08F1FF38CD
:10C860000FFA88F886E7049B52F8241053F8243016
:10C870004B40039919430391013C9EE72846A2E7E8
:10C880004046A0E703989EE7002301461A46184653
:10C8900000F0E4B908B5074B044613B1002100F0DD
:10C8A0002DFA054B1868836A03B19847204600F0BB
:10C8B00073FA00BFFDCC0700ACD2070038B50A4CB4
:10C8C0000A4D641BA4100AD004F18043013B05EB20
:10C8D0008305013C55F804399847002CF9D1BDE88F
:10C8E000384000F061BA00BFA02B00209C2B002034
:10C8F00070B50D4E0D4D761BB61006D000240134D8
:10C9000055F8043B9847A642F9D1094E094D761BCC
:10C9100000F044FAB61006D00024013455F8043B68
:10C920009847A642F9D170BD982B0020982B002083
:10C930009C2B0020982B0020032A70B412D940EAC7
:10C940000105AD0704460B4620D11946204653F891
:10C95000045B54F8046BAE4218D1043A032A204613
:10C960001946F2D8541E72B103780A789A4208BF69
:10C97000241806D00CE010F8013F11F8012F934263
:10C9800006D1A042F7D1002070BC7047541EEBE7DF
:10C99000981A70BC704700BF844641EA000313F048
:10C9A00003036DD1403A41D351F8043B40F8043BB6
:10C9B00051F8043B40F8043B51F8043B40F8043B79
:10C9C00051F8043B40F8043B51F8043B40F8043B69
:10C9D00051F8043B40F8043B51F8043B40F8043B59
:10C9E00051F8043B40F8043B51F8043B40F8043B49
:10C9F00051F8043B40F8043B51F8043B40F8043B39
:10CA000051F8043B40F8043B51F8043B40F8043B28
:10CA100051F8043B40F8043B51F8043B40F8043B18
:10CA200051F8043B40F8043B403ABDD2303211D3B8
:10CA300051F8043B40F8043B51F8043B40F8043BF8
:10CA400051F8043B40F8043B51F8043B40F8043BE8
:10CA5000103AEDD20C3205D351F8043B40F8043BB8
:10CA6000043AF9D2043208D0D2071CBF11F8013BB6
:10CA700000F8013B01D30B8803806046704700BF7C
:10CA8000082A13D38B078DD010F003038AD0C3F18B
:10CA90000403D21ADB071CBF11F8013B00F8013B6D
:10CAA00080D331F8023B20F8023B7BE7043AD9D32C
:10CAB000013A11F8013B00F8013BF9D20B78037001
:10CAC0004B7843708B78837060467047F0B486076C
:10CAD00046D0541E002A3CD0CAB2034602E014F1EC
:10CAE000FF3436D303F8012B9D07F8D1032C29D945
:10CAF000CDB245EA05250F2C45EA054533D9A4F109
:10CB00001006360903F1200707EB061703F11002A0
:10CB100042E9045542E902551032BA42F8D1721C7A
:10CB200014F00C0F03EB021204F00F0613D0331FA6
:10CB300023F003030433134442F8045B9342FBD114
:10CB400006F003042CB1C9B21C4403F8011B9C423B
:10CB5000FBD1F0BC704734461346002CF3D1F8E704
:10CB600014460346C2E71A462646E0E700000000E6
:10CB700000000000000000000000000000000000B5
:10CB800090F800F06DE9024520F007016FF0000C0D
:10CB900010F0070491F820F040F049804FF00004B5
:10CBA0006FF00700D1E9002391F840F000F1080090
:10CBB00082FA4CF2A4FA8CF283FA4CF3A2FA8CF3C8
:10CBC0004BBBD1E9022382FA4CF200F10800A4FA2F
:10CBD0008CF283FA4CF3A2FA8CF3E3B9D1E9042383
:10CBE00082FA4CF200F10800A4FA8CF283FA4CF3BA
:10CBF000A2FA8CF37BB9D1E9062301F1200182FA74
:10CC00004CF200F10800A4FA8CF283FA4CF3A2FA79
:10CC10008CF3002BC6D0002A04BF04301A4612BA87
:10CC2000B2FA82F2FDE8024500EBD2007047D1E98A
:10CC3000002304F00305C4F100004FEAC50514F019
:10CC4000040F91F840F00CFA05F562EA05021CBFEA
:10CC500063EA050362464FF00004A9E72DE9F843B3
:10CC6000224C25680DB36C681F2C3BDC984691461E
:10CC70000F46064688B1D5F8880028B3D0F80031B1
:10CC800040F824900122A24000EB84011343022EBD
:10CC9000C0F80031C1F8808010D0A31C01346C6052
:10CCA00045F823700020BDE8F883114E114D256032
:10CCB000002ED8D03468C5F88840D4E7D0F80431C5
:10CCC0001A43C0F80421E8E70B4B5BB14FF48470C2
:10CCD000AFF3008030B100236C68C0E94033C5F881
:10CCE0008800CDE74FF0FF30DDE700BFBC4E0020ED
:10CCF00000000000304E0020000000002DE9F04F41
:10CD0000DFF8908083B0D8F8005001900F464FF0C4
:10CD1000010A8DB16C68D5F88860013C0CD405F12E
:10CD2000080B67B12EB106F1800353F82430BB42E3
:10CD300005D014F1FF34F4D203B0BDE8F08F6B6876
:10CD40005BF82420013BA34216BF00236C604BF824
:10CD50002430002AEDD0D5F80490B6B1D6F80011F1
:10CD60000AFA04F30B4210D0D6F8040156F8241046
:10CD700003420CD1019890476B68D8F800204B45CE
:10CD800001D1AA42D5D01546C3E79047F4E708463B
:10CD90009047F1E7BC4E0020FEE700BFF8B500BFAA
:10CDA000F8BC08BC9E467047F8B500BFF8BC08BC8C
:10CDB0009E467047001000000400000001000000C3
:10CDC00095790700B9790700C9790700397A070012
:10CDD000D9790700A1790700A5790700A97907008B
:10CDE000001000000400000001000000457B070067
:10CDF000257B0700157B07004D7D0700017D07009F
:10CE0000E77A0700EB7A0700F17A0700982F8A4249
:10CE100091443771CFFBC0B5A5DBB5E95BC256398C
:10CE2000F111F159A4823F92D55E1CAB98AA07D8A4
:10CE3000015B8312BE853124C37D0C55745DBE72C7
:10CE4000FEB1DE80A706DC9B74F19BC1C1699BE447
:10CE50008647BEEFC69DC10FCCA10C246F2CE92DD7
:10CE6000AA84744ADCA9B05CDA88F97652513E98FB
:10CE70006DC631A8C82703B0C77F59BFF30BE0C602
:10CE80004791A7D55163CA0667292914850AB72790
:10CE900038211B2EFC6D2C4D130D385354730A652D
:10CEA000BB0A6A762EC9C281852C7292A1E8BFA204
:10CEB0004B661AA8708B4BC2A3516CC719E892D16C
:10CEC000240699D685350EF470A06A1016C1A419EF
:10CED000086C371E4C774827B5BCB034B30C1C39EE
:10CEE0004AAAD84E4FCA9C5BF36F2E68EE828F74AD
:10CEF0006F63A5781478C8840802C78CFAFFBE90C7
:10CF0000EB6C50A4F7A3F9BEF27871C64800280074
:10CF10000020400085C50700DDAC843D1EBD6AFCD5
:10CF2000F19B4BD0C49DB1BE608F0D7ACA0083AA1D
:10CF3000B84899DE96F7E90C05200B441BE1104A2E
:10CF4000A3418950BAD2FDB74999C850A1D379AF4E
:10CF50008939544350D9C92D06150E1506110A04F6
:10CF60000A1104041F04041C0B1F251E15160F189C
:10CF7000131C0B1F251E15160F18130000000000B0
:10CF80000338FDD870470000F79207009B92070016
:10CF9000EB9707005D9807007D980700E191070077
:10CFA000A19107007F97070000000000A9980700E3
:10CFB000A398070083980700200000007800000075
:10CFC000000000000100010000000000010000005E
:10CFD0000000000002000500010000004200000007
:10CFE0000000000000000000000000000000000041
:10CFF00000000000010011000100FFFF010000001F
:10D0000000000000020017000200FEFF64010000A3
:10D0100054D00700000000000000000000000000E5
:10D0200000000000010001000000000001000000FD
:10D0300000000000020005000100000022000000C6
:10D0400000000000000000000000000000000000E0
:10D0500000000000010011000400FCFF04000000BB
:10D0600000000000020011000400FCFF04000000AA
:10D0700000000000030021000400FCFF0400100079
:10D0800000000000040011000100FFFF010000008B
:10D0900000000000050011000200FEFF0400000077
:10D0A00000000000060011000400FCFF0400000066
:10D0B00000000000070011000400FCFF0400000055
:10D0C00000000000080017000200FEFF240000001E
:10D0D00024D00700090010000100FFFF010000003C
:10D0E00004D107000A0027000200FEFF44000300ED
:10D0F000C4CF070000000000000000000000000096
:10D100000000000000000000010017000400FCFF08
:10D1100068010000F4CF0700020017000400FCFFC4
:10D12000AC01000038D10700000000000000000042
:10D1300000000000000000000100070000000000E7
:10D1400068010000F4CF07000200010000000000A9
:10D1500001000000000000000300050001000000C5
:10D16000420000000000000000000000000000007D
:10D170000000000000000000446675546172670002
:10D18000000000000000000000000000000000009F
:10D1900050EADA308883B89F604F15F30000C98EDB
:10D1A0000338FDD870470C000C00000058026D6970
:10D1B00063726F6269745F61707000001002010039
:10D1C00008D3070010D3070008000000F8D20700BA
:10D1D00008D3070008000000F0D20700F8D20700CB
:10D1E00008000000E8D20700F0D2070008000000A5
:10D1F00010D3070018D30700080000000820000122
:10D20000FFFFFFFFFFFFFFFFFFFFFFFF000000002A
:10D21000000000000000000001000000FFFFFFFF11
:10D22000512563FCC2CAB9F3849E17A7ADFAE6BCC8
:10D23000FFFFFFFFFFFFFFFF00000000FFFFFFFFFA
:10D2400096C298D84539A1F4A033EB2D817D0377A0
:10D25000F240A463E5E6BCF847422CE1F2D1176B3B
:10D26000F551BF376840B6CBCE5E316B5733CE2B0E
:10D27000169E0F7C4AEBE78E9B7F1AFEE242E34F3D
:10D280004B60D2273E3CCE3BF6B053CCB0061D657A
:10D29000BC86987655BDEBB3E7933AAAD835C65A03
:10D2A0004BBF07009DC00700FDC00700382B0020C2
:10D2B0000000000001A10700599E07004032002035
:10D2C0007C4200208D42002048320020F400000003
:10D2D0000000000003000000F5B30700000000009C
:10D2E00002000000D5B30700A59A07000000000067
:10D2F000C17C07000000000079B7070000000000B3
:10D300007DB8070000000000017B0700000000005E
:10D310001D7C070000000000709FFF7F01000000DF
:10D320000090D0030000000000000000000000009A
:10D3300000000000000000000000000000000000ED
:10D3400001000000000000000000000000000000DC
:10D3500002000000EC2A00200C2B0020FC2A0020F8
:10D36000FF00FFFF0100000000E00700382B002055
:10D3700000000000000000000000000000000000AD
:10D38000000000000000000000000000000000009D
:10D39000000000000000000000000000000000008D
:10D3A000000000000000000000000000000000007D
:10D3B000000000000000000000000000000000006D
:10D3C000000000000000000000000000000000005D
:10D3D00069720700417207000000000000000000B1
:0CD3E00001A2070000100000000008007F
:10E00000BE361649020000000000000000000000BB
:10E0100000000000000000001CD20000105EBCF8F0
:10E0200001000000000000000000000000000000EF
:10E0300000000000000000000000000000000000E0
:10E0400000000000000000000000000000000000D0
:10E0500000000000000000000000000000000000C0
:10E0600000000000000000000000000000000000B0
:10E0700000000000000000000000000000000000A0
:10E080000000000000000000000000000000000090
:10E090000000000000000000000000000000000080
:10E0A0000000000000000000000000000000000070
:10E0B0000000000000000000000000000000000060
:10E0C0000000000000000000000000000000000050
:10E0D0000000000000000000000000000000000040
:10E0E0000000000000000000000000000000000030
:10E0F0000000000000000000000000000000000020
:10E10000000000000000000000000000000000000F
:10E1100000000000000000000000000000000000FF
:10E1200000000000000000000000000000000000EF
:10E1300000000000000000000000000000000000DF
:10E1400000000000000000000000000000000000CF
:10E1500000000000000000000000000000000000BF
:10E1600000000000000000000000000000000000AF
:10E17000000000000000000000000000000000009F
:10E18000000000000000000000000000000000008F
:10E19000000000000000000000000000000000007F
:10E1A000000000000000000000000000000000006F
:10E1B000000000000000000000000000000000005F
:10E1C000000000000000000000000000000000004F
:10E1D000000000000000000000000000000000003F
:10E1E000000000000000000000000000000000002F
:10E1F000000000000000000000000000000000001F
:10E20000000000000000000000000000000000000E
:10E2100000000000000000000000000000000000FE
:10E2200000000000000000000000000000000000EE
:10E2300000000000000000000000000000000000DE
:10E2400000000000000000000000000000000000CE
:10E25000000000000000000000000000A21BDAAC7B
:10E2600000000000000000000000000000000000AE
:10E27000000000000000000000000000000000009E
:10E28000000000000000000000000000000000008E
:10E29000000000000000000000000000000000007E
:10E2A000000000000000000000000000000000006E
:10E2B000000000000000000000000000000000005E
:10E2C000000000000000000000000000000000004E
:10E2D000000000000000000000000000000000003E
:10E2E000000000000000000000000000000000002E
:10E2F000000000000000000000000000000000001E
:10E30000000000000000000000000000000000000D
:10E3100000000000000000000000000000000000FD
:10E3200000000000000000000000000000000000ED
:10E3300000000000000000000000000000000000DD
:10E3400000000000000000000000000000000000CD
:10E3500000000000000000000000000000000000BD
:10E3600000000000000000000000000000000000AD
:10E37000000000000000000000000000000000009D
:10E38000000000000000000000000000000000008D
:10E39000000000000000000000000000000000007D
:10E3A000000000000000000000000000000000006D
:10E3B000000000000000000000000000000000005D
:10E3C000000000000000000000000000000000004D
:10E3D000000000000000000000000000000000003D
:10E3E000000000000000000000000000000000002D
:10E3F000000000000000000000000000000000001D
:10E40000000000000000000000000000000000000C
:10E4100000000000000000000000000000000000FC
:10E4200000000000000000000000000000000000EC
:10E4300000000000000000000000000000000000DC
:10E4400000000000000000000000000000000000CC
:10E4500000000000000000000000000000000000BC
:10E4600000000000000000000000000000000000AC
:10E47000000000000000000000000000000000009C
:10E48000000000000000000000000000000000008C
:10E49000000000000000000000000000000000007C
:10E4A000000000000000000000000000000000006C
:10E4B000000000000000000000000000000000005C
:10E4C000000000000000000000000000000000004C
:10E4D000000000000000000000000000000000003C
:10E4E000000000000000000000000000000000002C
:10E4F000000000000000000000000000000000001C
:10E50000000000000000000000000000000000000B
:10E5100000000000000000000000000000000000FB
:10E5200000000000000000000000000000000000EB
:10E5300000000000000000000000000000000000DB
:10E5400000000000000000000000000000000000CB
:10E5500000000000000000000000000000000000BB
:10E5600000000000000000000000000000000000AB
:10E57000000000000000000000000000000000009B
:10E58000000000000000000000000000000000008B
:10E59000000000000000000000000000000000007B
:10E5A000000000000000000000000000000000006B
:10E5B000000000000000000000000000000000005B
:10E5C000000000000000000000000000000000004B
:10E5D000000000000000000000000000000000003B
:10E5E000000000000000000000000000000000002B
:10E5F000000000000000000000000000000000001B
:10E60000000000000000000000000000000000000A
:10E6100000000000000000000000000000000000FA
:10E6200000000000000000000000000000000000EA
:10E6300000000000000000000000000000000000DA
:10E6400000000000000000000000000000000000CA
:10E6500000000000000000000000000000000000BA
:10E6600000000000000000000000000000000000AA
:10E67000000000000000000000000000000000009A
:10E68000000000000000000000000000000000008A
:10E69000000000000000000000000000000000007A
:10E6A000000000000000000000000000000000006A
:10E6B000000000000000000000000000000000005A
:10E6C000000000000000000000000000000000004A
:10E6D000000000000000000000000000000000003A
:10E6E000000000000000000000000000000000002A
:10E6F000000000000000000000000000000000001A
:10E700000000000000000000000000000000000009
:10E7100000000000000000000000000000000000F9
:10E7200000000000000000000000000000000000E9
:10E7300000000000000000000000000000000000D9
:10E7400000000000000000000000000000000000C9
:10E7500000000000000000000000000000000000B9
:10E7600000000000000000000000000000000000A9
:10E770000000000000000000000000000000000099
:10E780000000000000000000000000000000000089
:10E790000000000000000000000000000000000079
:10E7A0000000000000000000000000000000000069
:10E7B0000000000000000000000000000000000059
:10E7C0000000000000000000000000000000000049
:10E7D0000000000000000000000000000000000039
:10E7E0000000000000000000000000000000000029
:10E7F0000000000000000000000000000000000019
:10E800000000000000000000000000000000000008
:10E8100000000000000000000000000000000000F8
:10E8200000000000000000000000000000000000E8
:10E8300000000000000000000000000000000000D8
:10E8400000000000000000000000000000000000C8
:10E8500000000000000000000000000000000000B8
:10E8600000000000000000000000000000000000A8
:10E870000000000000000000000000000000000098
:10E880000000000000000000000000000000000088
:10E890000000000000000000000000000000000078
:10E8A0000000000000000000000000000000000068
:10E8B0000000000000000000000000000000000058
:10E8C0000000000000000000000000000000000048
:10E8D0000000000000000000000000000000000038
:10E8E0000000000000000000000000000000000028
:10E8F0000000000000000000000000000000000018
:10E900000000000000000000000000000000000007
:10E9100000000000000000000000000000000000F7
:10E9200000000000000000000000000000000000E7
:10E9300000000000000000000000000000000000D7
:10E9400000000000000000000000000000000000C7
:10E9500000000000000000000000000000000000B7
:10E9600000000000000000000000000000000000A7
:10E970000000000000000000000000000000000097
:10E980000000000000000000000000000000000087
:10E990000000000000000000000000000000000077
:10E9A0000000000000000000000000000000000067
:10E9B0000000000000000000000000000000000057
:10E9C0000000000000000000000000000000000047
:10E9D0000000000000000000000000000000000037
:10E9E0000000000000000000000000000000000027
:10E9F0000000000000000000000000000000000017
:10EA00000000000000000000000000000000000006
:10EA100000000000000000000000000000000000F6
:10EA200000000000000000000000000000000000E6
:10EA300000000000000000000000000000000000D6
:10EA400000000000000000000000000000000000C6
:10EA500000000000000000000000000000000000B6
:10EA600000000000000000000000000000000000A6
:10EA70000000000000000000000000000000000096
:10EA80000000000000000000000000000000000086
:10EA90000000000000000000000000000000000076
:10EAA0000000000000000000000000000000000066
:10EAB0000000000000000000000000000000000056
:10EAC0000000000000000000000000000000000046
:10EAD0000000000000000000000000000000000036
:10EAE0000000000000000000000000000000000026
:10EAF0000000000000000000000000000000000016
:10EB00000000000000000000000000000000000005
:10EB100000000000000000000000000000000000F5
:10EB200000000000000000000000000000000000E5
:10EB300000000000000000000000000000000000D5
:10EB400000000000000000000000000000000000C5
:10EB500000000000000000000000000000000000B5
:10EB600000000000000000000000000000000000A5
:10EB70000000000000000000000000000000000095
:10EB80000000000000000000000000000000000085
:10EB90000000000000000000000000000000000075
:10EBA0000000000000000000000000000000000065
:10EBB0000000000000000000000000000000000055
:10EBC0000000000000000000000000000000000045
:10EBD0000000000000000000000000000000000035
:10EBE0000000000000000000000000000000000025
:10EBF0000000000000000000000000000000000015
:10EC00000000000000000000000000000000000004
:10EC100000000000000000000000000000000000F4
:10EC200000000000000000000000000000000000E4
:10EC300000000000000000000000000000000000D4
:10EC400000000000000000000000000000000000C4
:10EC500000000000000000000000000000000000B4
:10EC600000000000000000000000000000000000A4
:10EC70000000000000000000000000000000000094
:10EC80000000000000000000000000000000000084
:10EC90000000000000000000000000000000000074
:10ECA0000000000000000000000000000000000064
:10ECB0000000000000000000000000000000000054
:10ECC0000000000000000000000000000000000044
:10ECD0000000000000000000000000000000000034
:10ECE0000000000000000000000000000000000024
:10ECF0000000000000000000000000000000000014
:10ED00000000000000000000000000000000000003
:10ED100000000000000000000000000000000000F3
:10ED200000000000000000000000000000000000E3
:10ED300000000000000000000000000000000000D3
:10ED400000000000000000000000000000000000C3
:10ED500000000000000000000000000000000000B3
:10ED600000000000000000000000000000000000A3
:10ED70000000000000000000000000000000000093
:10ED80000000000000000000000000000000000083
:10ED90000000000000000000000000000000000073
:10EDA0000000000000000000000000000000000063
:10EDB0000000000000000000000000000000000053
:10EDC0000000000000000000000000000000000043
:10EDD0000000000000000000000000000000000033
:10EDE0000000000000000000000000000000000023
:10EDF0000000000000000000000000000000000013
:10EE00000000000000000000000000000000000002
:10EE100000000000000000000000000000000000F2
:10EE200000000000000000000000000000000000E2
:10EE300000000000000000000000000000000000D2
:10EE400000000000000000000000000000000000C2
:10EE500000000000000000000000000000000000B2
:10EE600000000000000000000000000000000000A2
:10EE70000000000000000000000000000000000092
:10EE80000000000000000000000000000000000082
:10EE90000000000000000000000000000000000072
:10EEA0000000000000000000000000000000000062
:10EEB0000000000000000000000000000000000052
:10EEC0000000000000000000000000000000000042
:10EED0000000000000000000000000000000000032
:10EEE0000000000000000000000000000000000022
:10EEF0000000000000000000000000000000000012
:10EF00000000000000000000000000000000000001
:10EF100000000000000000000000000000000000F1
:10EF200000000000000000000000000000000000E1
:10EF300000000000000000000000000000000000D1
:10EF400000000000000000000000000000000000C1
:10EF500000000000000000000000000000000000B1
:10EF600000000000000000000000000000000000A1
:10EF70000000000000000000000000000000000091
:10EF80000000000000000000000000000000000081
:10EF90000000000000000000000000000000000071
:10EFA0000000000000000000000000000000000061
:10EFB0000000000000000000000000000000000051
:10EFC0000000000000000000000000000000000041
:10EFD0000000000000000000000000000000000031
:10EFE0000000000000000000000000000000000021
:10EFF0000000000000000000000000000000000011
:10F00000BE361649020000000000000000000000AB
:10F0100000000000000000001CD20000105EBCF8E0
:10F0200001000000000000000000000000000000DF
:10F0300000000000000000000000000000000000D0
:10F0400000000000000000000000000000000000C0
:10F0500000000000000000000000000000000000B0
:10F0600000000000000000000000000000000000A0
:10F070000000000000000000000000000000000090
:10F080000000000000000000000000000000000080
:10F090000000000000000000000000000000000070
:10F0A0000000000000000000000000000000000060
:10F0B0000000000000000000000000000000000050
:10F0C0000000000000000000000000000000000040
:10F0D0000000000000000000000000000000000030
:10F0E0000000000000000000000000000000000020
:10F0F0000000000000000000000000000000000010
:10F1000000000000000000000000000000000000FF
:10F1100000000000000000000000000000000000EF
:10F1200000000000000000000000000000000000DF
:10F1300000000000000000000000000000000000CF
:10F1400000000000000000000000000000000000BF
:10F1500000000000000000000000000000000000AF
:10F16000000000000000000000000000000000009F
:10F17000000000000000000000000000000000008F
:10F18000000000000000000000000000000000007F
:10F19000000000000000000000000000000000006F
:10F1A000000000000000000000000000000000005F
:10F1B000000000000000000000000000000000004F
:10F1C000000000000000000000000000000000003F
:10F1D000000000000000000000000000000000002F
:10F1E000000000000000000000000000000000001F
:10F1F000000000000000000000000000000000000F
:10F2000000000000000000000000000000000000FE
:10F2100000000000000000000000000000000000EE
:10F2200000000000000000000000000000000000DE
:10F2300000000000000000000000000000000000CE
:10F2400000000000000000000000000000000000BE
:10F25000000000000000000000000000A21BDAAC6B
:10F26000000000000000000000000000000000009E
:10F27000000000000000000000000000000000008E
:10F28000000000000000000000000000000000007E
:10F29000000000000000000000000000000000006E
:10F2A000000000000000000000000000000000005E
:10F2B000000000000000000000000000000000004E
:10F2C000000000000000000000000000000000003E
:10F2D000000000000000000000000000000000002E
:10F2E000000000000000000000000000000000001E
:10F2F000000000000000000000000000000000000E
:10F3000000000000000000000000000000000000FD
:10F3100000000000000000000000000000000000ED
:03F32000000000EA
:020000040000FA
:020000041000EA
:081014000070070000E0070076
:0400000330009B45E9
:00000001FF
