:1000000000040020810A000015070000610A0000BA
:100010001F07000029070000330700000000000050
:10002000000000000000000000000000A50A000021
:100030003D070000000000004707000051070000D6
:100040005B070000650700006F07000079070000EC
:10005000830700008D07000097070000A10700003C
:10006000AB070000B5070000BF070000C90700008C
:10007000D3070000DD070000E7070000F1070000DC
:10008000FB070000050800000F0800001908000029
:10009000230800002D080000370800004108000078
:1000A0004B080000550800005F08000069080000C8
:1000B000730800007D080000870800009108000018
:1000C0009B080000A5080000AF080000B908000068
:1000D000C3080000CD080000D7080000E1080000B8
:1000E000EB080000F5080000FF0800000909000007
:1000F000130900001D090000270900003109000054
:100100003B0900001FB500F003F88DE80F001FBD8C
:1001100000F0ACBC40F6FC7108684FF01022401CA7
:1001200008D00868401C09D00868401C04D0086842
:1001300000F037BA9069F5E79069F9E7704770B554
:100140000B46010B184400F6FF70040B4FF0805073
:100150000022090303692403406943431D1B104621
:1001600000F048FA29462046BDE8704000F042BA47
:10017000F0B54FF6FF734FF4B4751A466E1E11E0DA
:10018000A94201D3344600E00C46091B30F8027B3B
:10019000641E3B441A44F9D19CB204EB134394B25D
:1001A00004EB12420029EBD198B200EB134002EBB2
:1001B000124140EA0140F0BDF34992B00446D1E952
:1001C0000001CDE91001FF224021684600F0F4FB58
:1001D00094E80F008DE80F00684610A902E004C8FB
:1001E00041F8042D8842FAD110216846FFF7C0FF7C
:1001F0001090AA208DF8440000F099F9FFF78AFFCB
:1002000040F6FC7420684FF01025401C0FD0206889
:1002100010226946803000F078F92068401C08D030
:100220002068082210A900F070F900F061F9A869AF
:10023000EEE7A869F5E74FF080500369406940F6A2
:10024000FC71434308684FF01022401C06D0086838
:1002500000F58050834203D2092070479069F7E788
:100260000868401C04D00868401C03D00020704778
:100270009069F9E70420704770B504460068C34DE3
:10028000072876D2DFE800F033041929631E250021
:10029000D4E9026564682946304600F062F92A46CE
:1002A0002146304600F031F9AA002146304600F0E0
:1002B00057FB002800D0032070BD00F009FC4FF46C
:1002C000805007E0201D00F040F90028F4D100F034
:1002D000FFFB60682860002070BD241D94E80700C3
:1002E000920000F03DFB0028F6D00E2070BDFFF715
:1002F000A2FF0028FAD1D4E901034FF0805100EBAE
:10030000830208694D69684382420ED840F6F8704E
:1003100005684FF010226D1C09D0056805EB8305B8
:100320000B6949694B439D4203D9092070BD55694A
:10033000F4E70168491C03D00068401C02D003E0C8
:100340005069FAE70F2070BD2046FFF735FFFFF731
:1003500072FF0028F7D1201D00F0F7F80028F2D135
:1003600060680028F0D100F0E2F8FFF7D3FE00F05B
:10037000BFF8072070BD10B50C46182802D0012028
:10038000086010BD2068FFF777FF206010BD41684E
:10039000054609B1012700E0002740F6F8742068FF
:1003A0004FF01026401C2BD02068AA68920000F065
:1003B000D7FA38B3A86881002068401C27D020688D
:1003C000FFF7BDFED7B12068401C22D026684FF051
:1003D0008050AC686D68016942695143A9420DD9EA
:1003E000016940694143A14208D92146304600F0E5
:1003F000B8F822462946304600F087F800F078F831
:100400007069D2E700F093F8FFF784FEF6E77069B1
:10041000D6E77669DBE740F6FC7420684FF01026DB
:10042000401C23D02068401C0CD02068401C1FD0EA
:100430002568206805F18005401C1BD027683879A5
:10044000AA2819D040F6F8700168491C42D001680A
:10045000491C45D00168491C3ED001680968491C07
:100460003ED00168491C39D000683EE0B069DAE747
:10047000B569DEE7B769E2E710212846FFF778FEA5
:100480003968814222D12068401C05D0D4F8001080
:1004900001F18002C03107E0B169F9E730B108CA63
:1004A00051F8040D984201D1012000E000208A4259
:1004B000F4D158B1286810B1042803D0FEE72846CB
:1004C000FFF765FF3149686808600EE0FFF722FE1C
:1004D00000F00EF87169BBE77169BFE7706904E06D
:1004E0004FF480500168491C01D000F0CBFAFEE7C0
:1004F000BFF34F8F26480168264A01F4E06111439B
:100500000160BFF34F8F00BFFDE72DE9F0411746B3
:100510000D460646002406E03046296800F054F8EF
:10052000641C2D1D361DBC42F6D3BDE8F08140F69B
:10053000FC700168491C04D0D0F800004FF48051D1
:10054000FDE54FF010208069F8E74FF080510A690F
:10055000496900684A43824201D810207047002050
:10056000704770B50C4605464FF4806608E0284693
:1005700000F017F8B44205D3A4F5806405F5805562
:10058000002CF4D170BD0000F40A0000000000202F
:100590000CED00E00400FA05144801680029FCD0C5
:1005A0007047134A0221116010490B68002BFCD0E0
:1005B0000F4B1B1D186008680028FCD0002010603D
:1005C00008680028FCD07047094B10B501221A605A
:1005D000064A1468002CFCD0016010680028FCD08A
:1005E0000020186010680028FCD010BD00E4014015
:1005F00004E5014070B50C46054600F073F810B9EB
:1006000000F07EF828B121462846BDE8704000F091
:1006100007B821462846BDE8704000F037B8000012
:100620007FB5002200920192029203920A0B000B06
:100630006946012302440AE0440900F01F0651F80C
:10064000245003FA06F6354341F82450401C8242F8
:10065000F2D80D490868009A10430860081D016827
:10066000019A1143016000F03DF800280AD00649C4
:1006700010310868029A10430860091D0868039A3F
:10068000104308607FBD00000006004030B50F4CED
:10069000002200BF04EB0213D3F800582DB9D3F8A1
:1006A000045815B9D3F808581DB1521C082AF1D3C3
:1006B00030BD082AFCD204EB0212C2F80008C3F8CD
:1006C00004180220C3F8080830BD000000E0014013
:1006D0004FF08050D0F83001082801D0002070473A
:1006E000012070474FF08050D0F83011062905D016
:1006F000D0F83001401C01D0002070470120704725
:100700004FF08050D0F830010A2801D00020704707
:100710000120704708208F490968095808471020B0
:100720008C4909680958084714208A4909680958FA
:100730000847182087490968095808473020854923
:100740000968095808473820824909680958084744
:100750003C20804909680958084740207D490968BC
:100760000958084744207B49096809580847482028
:1007700078490968095808474C207649096809589A
:10078000084750207349096809580847542071499F
:1007900009680958084758206E49096809580847E8
:1007A0005C206C4909680958084760206949096854
:1007B00009580847642067490968095808476820AC
:1007C00064490968095808476C2062490968095852
:1007D000084770205F4909680958084774205D4937
:1007E00009680958084778205A490968095808478C
:1007F0007C205849096809580847802055490968EC
:10080000095808478420534909680958084788202F
:1008100050490968095808478C204E490968095809
:10082000084790204B4909680958084794204949CE
:10083000096809580847982046490968095808472F
:100840009C204449096809580847A0204149096883
:1008500009580847A4203F49096809580847A820B3
:100860003C49096809580847AC203A4909680958C1
:100870000847B0203749096809580847B420354966
:10088000096809580847B8203249096809580847D3
:10089000BC203049096809580847C0202D4909681B
:1008A00009580847C4202B49096809580847C82037
:1008B0002849096809580847CC2026490968095879
:1008C0000847D0202349096809580847D4202149FE
:1008D000096809580847D8201E4909680958084777
:1008E000DC201C49096809580847E02019490968B3
:1008F00009580847E4201749096809580847E820BB
:100900001449096809580847EC2012490968095830
:100910000847F0200F49096809580847F4200D4995
:10092000096809580847F8200A490968095808471A
:10093000FC2008490968095808475FF48070054998
:10094000096809580847000003480449024A034B54
:100950007047000000000020000B0000000B0000AA
:1009600040EA010310B59B070FD1042A0DD310C82C
:1009700008C9121F9C42F8D020BA19BA884201D97E
:10098000012010BD4FF0FF3010BD1AB1D30703D0C6
:10099000521C07E0002010BD10F8013B11F8014B7C
:1009A0001B1B07D110F8013B11F8014B1B1B01D198
:1009B000921EF1D1184610BD02F0FF0343EA032254
:1009C00042EA024200F005B87047704770474FF0A6
:1009D00000020429C0F0128010F0030C00F01B800C
:1009E000CCF1040CBCF1020F18BF00F8012BA8BF1A
:1009F00020F8022BA1EB0C0100F00DB85FEAC17CDE
:100A000024BF00F8012B00F8012B48BF00F8012B90
:100A100070474FF0000200B51346944696462039C1
:100A200022BFA0E80C50A0E80C50B1F12001BFF4A7
:100A3000F7AF090728BFA0E80C5048BF0CC05DF80D
:100A400004EB890028BF40F8042B08BF704748BF5B
:100A500020F8022B11F0804F18BF00F8012B7047CF
:100A6000014B1B68DB6818470000002009480A4951
:100A70007047FFF7FBFFFFF745FB00BD20BFFDE719
:100A8000064B1847064A1060016881F308884068E1
:100A900000470000000B0000000B000017040000DE
:100AA000000000201EF0040F0CBFEFF30881EFF3ED
:100AB0000981886902380078182803D100E0000015
:100AC000074A1047074A12682C3212681047000084
:100AD00000B5054B1B68054A9B58984700BD0000B0
:100AE0007703000000000020F00A0000040000006E
:100AF000001000000000000000FFFFFF0090D00386
:10100000B00F002021AE010065B0000087AD0100E7
:1010100065B0000065B0000065B000000000000091
:10102000000000000000000000000000ADAE010064
:1010300065B000000000000065B0000065B0000071
:1010400015AF01001BAF010065B0000065B00000E6
:1010500065B0000065B0000065B0000065B000003C
:1010600021AF010065B0000065B0000027AF0100AE
:1010700065B000002DAF010033AF010039AF0100B2
:1010800065B0000065B0000065B0000065B000000C
:1010900065B0000065B0000065B0000065B00000FC
:1010A00065B000003FAF010065B0000065B0000012
:1010B00065B0000065B0000065B0000065B00000DC
:1010C00045AF010065B0000065B0000065B00000EC
:1010D00065B0000065B0000065B0000065B00000BC
:1010E00065B0000065B0000065B0000065B00000AC
:1010F00065B0000065B0000065B0000065B000009C
:1011000065B0000065B0000000F002F819F077FE4D
:101110000AA090E8000C82448344AAF10107DA4552
:1011200001D119F06CFEAFF2090EBAE80F0013F00E
:10113000010F18BFFB1A43F00103184770A201000A
:1011400090A201000A4410F8014B14F00F0508BFEB
:1011500010F8015B240908BF10F8014B6D1E05D083
:1011600010F8013B6D1E01F8013BF9D1641E03D05C
:10117000641E01F8015BFBD19142E4D3704700008B
:101180000023002400250026103A28BF78C1FBD890
:10119000520728BF30C148BF0B6070471FB500F031
:1011A00003F88DE80F001FBD19F026BE70B51B4C6B
:1011B00005460A202070A01C00F0D7F85920A08016
:1011C00029462046BDE8704006F0FEBE06F00CBF82
:1011D00070B50C461249097829B1A0F160015E2969
:1011E00008D3012013E0602804D0692802D043F21C
:1011F00001000CE020CC0B4E94E80E0006EB8000C2
:10120000A0F58050241FD0F8806E2846B04720609B
:1012100070BD0120704706207047000008000020C4
:101220001800002074AF01003249884201D2012029
:1012300070470020704770B50446A0F500002E4EA0
:10124000B0F1786F02D23444A4F5000429488442F6
:1012500001D2012500E0002500F043F848B125B98E
:10126000B44204D32548006808E0012070BD002086
:1012700070BD002DF9D1B442F9D321488442F6D291
:10128000F3E710B50446A0F50000B0F1786F03D283
:1012900019480444A4F5000400F023F84FF08041FD
:1012A00030B11648006804E08C4204D2012003E00B
:1012B00013488442F8D2002080F0010010BD10B520
:1012C00020B1FFF7DEFF08B1012010BD002010BDE6
:1012D00010B520B1FFF7AFFF08B1012010BD00200D
:1012E00010BD084808490068884201D101207047B4
:1012F0000020704700C00100000000201C000020FA
:101300000800002058000020BEBAFECA10B50446EE
:101310000021012000F041F800210B2000F03DF8F1
:101320000021082000F039F80421192000F035F8D8
:1013300004210D2000F031F804210E2000F02DF8DA
:1013400004210F2000F029F80421C84300F025F8FB
:101350000621162000F021F80621152000F01DF8C6
:101360002046FFF723FF002010BDCC2101807047ED
:10137000FFF72CBF1148704710487047104A10B54E
:1013800014680F4B0F4A08331A60FFF721FF0C480F
:10139000001D046010BD704770474907090E002802
:1013A00004DB00F1E02080F80014704700F00F002B
:1013B00000F1E02080F8141D7047000003F900429E
:1013C000100502400100000130B5FF4D0446062C17
:1013D000A9780ED2DFE804F0030E0E0E0509FFDF38
:1013E00008E0022906D0FFDF04E0032902D0FFDF76
:1013F00000E0FFDFAC7030BDF34810B5407E41081F
:10140000F14800F11A0005D00DF043FBBDE8104093
:1014100006F07ABC0DF024FBF8E730B50446A1F1E4
:1014200020000D460A2847D2DFE800F005070C1916
:10143000202532373C41FFDF3FE0207820283CD197
:10144000FFDF3AE0E0488078052836D0207824286D
:1014500033D0252831D023282FD0FFDF2DE020786E
:1014600022282AD0232828D8FFDF26E02078222827
:1014700023D0FFDF21E0207822281ED024281CD092
:1014800026281AD0272818D0292816D0FFDF14E0E4
:101490002078252811D0FFDF0FE0207825280CD0F8
:1014A000FFDF0AE02078252807D0FFDF05E020785D
:1014B000282802D0FFDF00E0FFDF257030BD1FB518
:1014C0000022ADF800200C88ADF802404B88ADF842
:1014D0000430CA88ADF808208988ADF806100021CC
:1014E000ADF80A10ADF80C1080B14FF6FF70062170
:1014F000844201D1ADF80210834201D1ADF804104D
:10150000824203D14FF44860ADF8080068460DF000
:10151000BEFB06F0F9FB04B010BD70B514460D46D5
:101520000646FFF788FE60B90DB1A54201D90C202F
:1015300070BD002409E000BF56F82400FFF77BFED1
:1015400008B1102070BD641CE4B2AC42F4D300209A
:1015500070BD2DE9F04105461F4690460E46002419
:101560000068FFF7B5FE30B9A98828680844401E16
:10157000FFF7AEFE10B11020BDE8F081286800280A
:10158000A88802D0B84202D850E00028F4D0092040
:10159000F2E72968085DB8B1671CCA5D152A2ED02C
:1015A0003CDC152A3AD2DFE802F039122222282840
:1015B0002A2A313139393939393939393939220019
:1015C000085D30BB641CA4B2A242F9D833E0022803
:1015D000DDD1A01C085C88F80000072801D2400774
:1015E00001D40A20C8E7307840F0010015E0C1437B
:1015F000C90707E0012807D010E00620BCE7010773
:10160000A1F180510029F5D01846B5E7307881075F
:1016100001D50B20B0E740F0020030702868005D73
:10162000384484B2A888A04202D2B0E74FF44853AD
:1016300082B2A242ADD800209EE710B502785408CD
:1016400009D0012243F20223012C07D0022C0DD035
:10165000032C13D10FE00020087005E080790324EB
:10166000B4EB901F0AD10A70002010BD8079B2EB54
:10167000901F03D1F7E780798009F4D0184610BD98
:1016800008B500208DF800004F4890F8221051B1A5
:1016900090F8230002280FD003280FD0FFDF00BFEF
:1016A0009DF8000008BD48486946193001F0C6F9A8
:1016B0000028F5D0FFDFF3E7032000E001208DF8DC
:1016C0000000EDE738B50C460546694601F0B6F96D
:1016D00000280DD19DF80010207861F3470020709C
:1016E00055F8010FC4F80100A888A4F805000020EF
:1016F00038BD38B51378C0B1022816D033A46D4672
:10170000246800944C7905EB9414247864F347031F
:10171000137003280ED003F0FE0010700868C2F8A2
:1017200001008888A2F8050038BD23F0FE0313707D
:101730000228EED1D8B240F00100EEE702210EF00F
:10174000BDBC38B50C460978222901D2082038BD25
:10175000ADF800008DF8022068460DF0D9F906F0CA
:10176000D3FA050003D121212046FFF756FE284673
:1017700038BD1CB500208DF80000CDF80100ADF893
:101780000500114890F82200022801D0012000E055
:1017900000208DF8070068460DF024FA002800D0DC
:1017A000FFDF1CBD2DE9FF478CB00025BDF834607C
:1017B00082461C4690468DF81C50700703D5606821
:1017C000FFF739FD90B903E0A00100200302FF01FB
:1017D000FE4F4FF0010997F8220058B197F8230007
:1017E000022807D16068FFF773FD18B1102010B010
:1017F000BDE8F087300702D5A089802815D870078A
:1018000004D4B8F1000F01D0387E70B1E07DC0F390
:1018100000108DF81B00617D072041B1012906D021
:101820000229E4D00429E2D117E00720DFE78DF890
:1018300017908DF819908DF81580606878B107A918
:10184000FFF7FBFE0028D2D1606850F8011FCDF8E9
:101850000F108088ADF8130005E00620C7E7CDF82B
:101860000F50ADF81350E07B0028F6D1207C002803
:10187000F3D1607C0028F0D1A07C0028EDD1E07C81
:10188000C006EAD18DF800A0BDF83400ADF8020022
:10189000A0680190A0680290CDA0D0E90010CDE929
:1018A0000A10E07C0AA901EB501000788DF80C00BA
:1018B000FFF7E6FE8DF80D009DF81C008DF80E0078
:1018C0008DF818508DF816508DF81A5009A96846F1
:1018D0000DF02CFA06F018FA89E7F0B58FB0002465
:1018E0008DF830408DF814408DF8344006468DF860
:1018F0002840019402940394049419B10FC901ADD6
:1019000085E80F00B14DA878052801D004280CD136
:1019100001986968884200D120B90398E968884233
:1019200003D110B108200FB0F0BD1F273B460DAA10
:1019300005A903A8FFF70DFE0028F4D13B460AAA2B
:101940000CA901A8FFF705FE0028ECD19DF81400B2
:10195000C00701D00A20E6E7A88A410708D4A97D7C
:1019600031B19DF82810890702D043F20120DAE74F
:101970009DF82810C90709D0400707D4288818B156
:1019800044F25061884201D90720CCE78DF8184015
:101990008DF81960BDF80800ADF81A00019807909D
:1019A00006A80DF0CEF906F0AFF90028BBD18DF8EE
:1019B00020408DF82160BDF81000ADF8220003989A
:1019C000099008A80DF0DFF906F09EF90028AAD1C9
:1019D00001AC2D1D94E80F0085E80F000020A2E760
:1019E00070B50646FFF7AAFE054606F06FFB040039
:1019F00000D1FFDF6680207820F00F00801C20F0EF
:101A0000F000203020700320207295F83E006072B4
:101A1000BDE8704006F05EBB2DE9F04385B00400E0
:101A200000D1FFDF2078694E20F00F00801C20F0ED
:101A3000F0007030207060680178C91F14292AD224
:101A4000DFE801F04DF3290AF3F33AF2292966F2AF
:101A5000F2F129F2F2F0EFF286883046FFF76EFEDF
:101A60000546304608F0BDF8C0B16068807985F859
:101A70003E0021212846FFF7D0FC304603F0FAF95A
:101A8000304604F0ADFB3146012012F047F9A87F43
:101A900020F01000A87705B0BDE8F083207820F092
:101AA000F00020302070032020726680606880790A
:101AB000607206F00FFBDCE785882846FFF73EFEE4
:101AC00000B9FFDF60688078012800D0FFDF606820
:101AD000817905B02846BDE8F04308F04ABA868807
:101AE0003046FFF72BFE050000D1FFDF06F0F2FACB
:101AF00060683146C08828816068008968816068B4
:101B00004089A881012012F009F90020A875C2E7D8
:101B1000807828B10228BED03C28BCD0FFDFBAE7CD
:101B200006F0D8FA6568A879AD1C00B9FFDFF77830
:101B3000B5F80290B046384606F05FF8060000D1CE
:101B4000FFDF0022022148460EF0AFFA040000D168
:101B5000FFDF22212046FFF760FCA17F012060F318
:101B60000101A177298B2181698B6181A98BA181D9
:101B700084F822708DF80800B0680090F068019039
:101B80006A46032148460EF090FA00B9FFDFB0889C
:101B9000ADF81000B0788DF8120004AA052148466F
:101BA0000EF083FA00B9FFDFB088ADF80C00F078D2
:101BB0008DF80E0003AA042148460EF076FA00B90B
:101BC000FFDF062105F1120006E00000A001002061
:101BD000070605040302010000F04DFF30B36879E9
:101BE000800700D5FFDF6979E07D61F34700E0758C
:101BF000D5F80600A0616889A083062105F10C00D4
:101C000000F039FFE0B198F819104A08617862F3E2
:101C100047016170D8F81A10C4F80210B8F81E0015
:101C200017E028E020E033E02DE017E0E07D20F031
:101C3000FE00801CE075D5F81200A061E88ADBE7A1
:101C4000607820F0FE00801C6070E868C4F8020034
:101C5000288AE0800320FFF7B7FB1CE705B0204689
:101C6000BDE8F04301F092BC06F034FA16F8240FF8
:101C700040F0020005E006F02DFA16F8240F40F0BF
:101C80000400307007E705B0BDE8F04306F022BA63
:101C9000B178052909D00429DFD106F01BFA02200A
:101CA00005B0BDE8F043FFF78FBB80780028D4D0A3
:101CB000F07800F0AAFE06F00DFA0320F0E72DE917
:101CC000F047054600780027000991460C463E463D
:101CD000012871D0022870D007280AD00A286DD0B8
:101CE000FFDF00BFA9F800600CB1278066800020EC
:101CF0007EE5D5F804C0DFF8448804F108009CF8BC
:101D000000204FF0010AD21F4FF6FF71142A76D23D
:101D1000DFE802F00AF9F9F9F9F9F91DF9F926C035
:101D2000889DF91061D476EE12271026BCF80400C5
:101D30002146F3E01C270A26ECB3BCF80200A08081
:101D4000686800792072686840796072CAE71B276A
:101D5000092684B30320207268684088A080C1E708
:101D60009CF802103C29BDD010272C260CF1020C47
:101D70000CB3BCF80210A180BCF818106182BCF84A
:101D800018102182BCF81A10A182BCF81C10E18244
:101D90009CF8053002460CF106011846FFF7A9FC35
:101DA0009CF8040001289DD184F80FA00020207623
:101DB00008F1040003E00BE0A8E0B2E0EAE090E8FC
:101DC0000E00D8F81000C4E90930C4E9071289E709
:101DD000A9F800608BE720271126002CF8D0A180FD
:101DE000686804F10A02807820726868807A6072FC
:101DF00069680B1DC8781946FFF77BFC72E782E023
:101E000021270A26002CE3D0BCF80200A0806868D5
:101E10000079207268684079607298F8241021F087
:101E2000040162E022270B26002CD1D0BCF804006C
:101E3000A0806868807820726868807900F02AFE47
:101E400060726868C07900F025FEA0724AE7262714
:101E50001C26002CBCD0A1806868C07860726868BD
:101E60008079A07208F1040090E80E00D8F8100004
:101E7000C4E90530C4E90312686880783C2803D0BF
:101E8000432804D0FFDF2DE784F808A02AE70220CA
:101E9000207227E724271026002C99D0BCF80200D6
:101EA000A0806868007920816868007A608168682D
:101EB000C088A08168684089E08113E72327102645
:101EC000002C85D0BCF80200A08068688088208142
:101ED0006868C088608168680089A08168684089F6
:101EE000E08198F8241021F0020188F82410F9E626
:101EF0002F272A26002C86D0A18069682222891CDF
:101F00000BF017FAEEE64A46214644E0287A02280A
:101F100001D0FFDFE6E612271026688800F098FD62
:101F2000E0E6287AB0B3012835D0022833D0032860
:101F300001D0FFDFD6E611270926002C8AD0B5F89C
:101F400002804046FFF7FAFB90F822A0A4F8048034
:101F5000687A2072042140460EF0C2F805214046FE
:101F60000EF0BEF8002140460EF0BAF801214046BE
:101F70000EF0B6F8032140460EF0B2F802214046BA
:101F80000EF0AEF8062140460EF0AAF8504600F0DA
:101F90003CFDA7E6FFE72846BDE8F04701F02CBC72
:101FA00070B5012801D0FFDF70BD8DB22846FFF764
:101FB000C5FB040000D1FFDF20782128F4D006F013
:101FC00085F880B1017821F00F01891C21F0F00122
:101FD000103101700221017245800020A075BDE81A
:101FE000704006F077B821462846BDE870401322BD
:101FF000FFF7A7BB2DE9F04116460C00804600D143
:10200000FFDF307820F00F00801C20F0F00010304F
:1020100030702078022802D0FFDFBDE8F081404612
:10202000FFF78CFB050000D1FFDFA1884FF6FF70A2
:102030000027814202D1E288824203D0814201D14D
:10204000E08840B106F046F894E80F00083686E8CC
:102050000F00AF75E1E7A87D0128DED178230022CB
:10206000414611F0B1FD0220A875D6E738B5054606
:102070000C460846FFF7DFF8A8B9242D31D006DC5E
:10208000202D0AD0212D0AD0222D04D124E0252D87
:102090001BD03F2D2DD0072038BD062038BD6068ED
:1020A000FFF70DF908B1102038BD618820886A4615
:1020B0000CF0E1FF05F028FE0028F5D16168002949
:1020C000F2D0BDF800200A8038BDA07800F00101F0
:1020D00020880DF001F808E02068BDE8384001F0E4
:1020E000C0BD618820880CF05FFFBDE8384005F076
:1020F0000BBE207800F001008DF8000068460CF05F
:10210000BDFD05F001FE38BD70B505460C4608461C
:10211000FFF7B7F808B1102070BD202D07D0212D92
:102120000DD0222D0BD0252D09D0072070BD208881
:10213000A11C0CF03CFDBDE8704005F0E5BD06209B
:1021400070BDFE481930704708B528220021FB48B1
:102150000BF019F90120FFF737F9F84968461A31F1
:1021600005F04AFFF5489DF80020417E62F34701E3
:1021700021F001014176002180F822104FF46171B5
:102180000184022180F82310FFF736F900B1FFDF48
:1021900000F0AEFC01F0CCF908BD10B50C464022B1
:1021A000002120460BF0EFF8A07F20F00300A0777D
:1021B000202020700020A07584F8230010BD7047F7
:1021C0002DE9FC410746FFF736F810B11020BDE8B5
:1021D000FC81DA4E06F11901D6F819000090B6F824
:1021E0001D50ADF80450F47F8DF806403846FFF7D7
:1021F00069FA0028EBD1FFF7FFF80028E7D0009933
:1022000046F8191FB580B471E1E710B50446FFF731
:1022100038F808B1102010BDC848C8492246407E91
:102220001A314008FFF765FA002010BD3EB504469C
:102230000D460846FFF725F808B110203EBD14B141
:1022400043F204003EBDBD488078052803D0042831
:1022500001D008203EBD694602A80BF01AFB2A46B1
:1022600069469DF80800FFF744FA00203EBDFEB520
:102270000D4604004FF0000711D00822FFF74DF97A
:10228000002811D1002608E054F826006946FFF71F
:10229000D4F9002808D1761CF6B2AE42F4D30CF083
:1022A00037FB10B143F20320FEBDA44E3776FCB1DC
:1022B00000271AE054F8270002A9FFF7BEF900B181
:1022C000FFDF9DF808008DF8000054F8270050F853
:1022D000011FCDF801108088ADF8050068460CF0AC
:1022E0003CFB00B1FFDF7F1CFFB2AF42E2D335768B
:1022F0000020FEBD2DE9F0478AB01546894604004E
:102300001DD00F4608222946FFF707F9002810D1F3
:10231000002612E054F826006946103000F08EFBCB
:10232000002806D13FB157F82600FEF784FF10B110
:1023300010200AB0DCE4761CF6B2AE42EAD30026E6
:10234000A5F101081CE000BF06F1010A0AF0FF0731
:1023500012E000BF54F82600017C4A0854F8271008
:102360000B7CB2EB530F05D10622113011310AF06C
:10237000B3FF58B17F1CFFB2AF42EBD30AF0FF06A8
:102380004645E1DB4E4624B1012003E043F205203F
:10239000CFE700200CF000FB10B90CF009FB10B1E6
:1023A00043F20420C5E75CB300270DF1170825E0D0
:1023B00054F827006946103000F040FB00B1FFDF01
:1023C00054F82700102250F8111FCDF80110808812
:1023D000ADF8050054F827100DF107000AF0A9FF29
:1023E00096B156F82710102240460AF0A2FF684620
:1023F0000CF098FA00B1FFDF7F1CFFB2AF42D7D3D9
:10240000FFF7B7F9002094E7404601F01EFCEEE725
:1024100030B585B00446FEF70EFF18B96068FEF7C8
:1024200057FF10B1102005B030BD60884AF2B811D6
:10243000884206D82078414D28B1012806D00228CC
:1024400004D00720EFE7FEF7D7FF18E060780228F6
:1024500004D0032802D043F20220E4E785F82300E9
:10246000C1B200200090ADF8040002292CD003294D
:1024700027D0FFDF68460CF00CFB05F045FC002878
:10248000D1D1606801F0D4FB207858B101208DF8DB
:1024900000000DF1010001F0D8FB68460CF075FE5C
:1024A00000B1FFDF207885F82200FFF762F960882D
:1024B00060B1288480B20CF067FA00B1FFDF002021
:1024C000B1E78DF80500D5E74020FAE74FF46170D9
:1024D000EFE710B50446FEF7D4FE20B9606838B1C6
:1024E000FEF7EDFE08B1102010BD606801F0ADFBF5
:1024F000124830F8201F6180C178617080782070A8
:10250000002010BD2DE9F843144689460646FEF723
:10251000B8FEB8B94846FEF7DBFE98B92046FEF78C
:10252000D7FE78B9054DA878012800D154B131788B
:10253000FF2909D061B143F2040001E0A0010020AD
:10254000BDE8F8831020F8E7012801D00420F4E763
:10255000CCB3052811D004280FD06946204600F0DE
:10256000A4FA0028E9D1217D49B1012909D0022925
:1025700009D0032909D00720DFE70820DDE702465C
:1025800004E0012202E0022200E00322804623460A
:10259000174600200099FFF705F90028CDD1A08942
:1025A0002880A07BE875BDF80000A882AF75BDF853
:1025B0000010090701D5A18931B1A1892980C0077F
:1025C00004D0032003E006E08021F7E70220FEF7B5
:1025D000FBFE86F800804946BDE8F8430020FFF77F
:1025E0007CB92DE9FC41FF4C06460D46A078022837
:1025F00003D0032801D00820E9E516B143F2040016
:10260000E5E506200DF00EFD10B9A078032849D0AD
:102610000FF07CFC074610F0DBFE381A00F0FF08D4
:1026200006200DF0F7FC074606200DF0FBFC391ADA
:10263000A078042809D000221144A8EB010111F070
:10264000FF0F04D0032804D00DE00122F4E713208B
:10265000BDE5284605F0D1FA10B3407810B32846FE
:1026600005F0D6FDE570FFF70BF80BF054F80120EC
:102670008DF800008DF801008DF802602088ADF81B
:102680000400E07D8DF8060068460CF050FC05F073
:102690003BFB0028B0D1A078032805D0042010E02F
:1026A000052094E5122092E5E07805F0A6FA0400F2
:1026B00000D1FFDF607800B9FFDF6078401E6070F6
:1026C0000520FEF781FE002081E51CB510B143F224
:1026D00004001CBDC34CA078042803D0052801D0F9
:1026E00008201CBD00208DF8000001218DF801108C
:1026F0008DF8020068460CF01AFC05F005FB002876
:10270000EFD1A078052805D05FF00200FEF75CFE4F
:1027100000201CBDE07800F078F90320F6E72DE9F1
:10272000FC4180460D4603260846FEF7D1FD08B160
:1027300010204CE54046FFF701F8040004D0207853
:10274000222804D2082042E543F202003FE5A07FA0
:1027500000F003073DB1012F0AD000202946FEF703
:10276000AEFE0600E5D1012F04D0FFDF30462EE596
:102770000120F3E7A07D2946022801D011B107E02E
:10278000112024E5684600F0E7FA0028D1D1694617
:10279000404607F0CEFB0600E8D10120A075E5E732
:1027A00070B50C460546FEF7C9FF010005D022466C
:1027B0002846BDE87040FEF7C4BF43F2020070BD7A
:1027C00010B5012807D1874B9B78012B00D011B1A0
:1027D00043F2040010BD0CF009F9BDE8104005F00B
:1027E00093BA012300F01BB900231A46194600F0E2
:1027F00016B970B5064615460C460846FEF741FD6B
:1028000018B92846FEF73DFD08B1102070BD2A46D4
:10281000214630460CF017FC05F076FA0028F5D179
:1028200021787F29F2D1052070BD7CB505460C4684
:102830000846FEF700FD08B110207CBD2846FEF7D3
:102840007DFF20B10078222804D208207CBD43F20D
:1028500002007CBD634890F82400400701D5112098
:102860007CBD2178C80802D16078C20801D0072059
:102870007CBD890801D1800801D006207CBDADF85F
:10288000005020788DF8020060788DF80300022057
:10289000ADF8040068460BF00FFF05F035FA7CBD7B
:1028A00070B586B014460D460646FEF747FF28B1C0
:1028B0000078222805D2082006B070BD43F202003D
:1028C000FAE72846FEF704FD20B944B12046FEF79A
:1028D000F6FC08B11020EFE700202060A0804148FE
:1028E00090F82400800701D51120E5E703A93046C0
:1028F0000BF01FFF18B100BF05F006FADCE7ADF8DA
:102900000060BDF81400ADF80200BDF81600ADF887
:102910000400BDF81000BDF81210ADF80600ADF8C7
:1029200008107DB1298809B1ADF80610698809B190
:10293000ADF80210A98809B1ADF80810E98809B10D
:10294000ADF80410DCB1BDF80610814201D9081AB7
:102950002080BDF80210BDF81400814201D9081A88
:102960006080BDF80800BDF80410BDF816200144D1
:10297000BDF812001044814201D9081AA0806846AF
:102980000BF074FFB8E770B505460C460846FEF735
:1029900078FC08B1102070BD214628460CF04AF999
:1029A000BDE8704005F0B0B93EB505460C46084696
:1029B000FEF767FC08B110203EBD0020009001909A
:1029C0000290ADF800502089ADF8080020788DF80D
:1029D0000200606801902089ADF808006089ADF8B8
:1029E0000A0001E0A001002068460CF031F905F072
:1029F0008BF93EBD0EB5ADF8000000200190684691
:102A00000CF026F905F080F90EBD10B505F0F5F8CB
:102A1000040000D1FFDF6078401C607010BD1CB561
:102A2000ADF800008DF802308DF803108DF8042009
:102A300068460CF0D7FA05F067F91CBD0278520819
:102A400004D0012A02D043F202207047FEF7F5BD00
:102A500070B50C0006460DD0FEF770FE050000D1E3
:102A6000FFDFA68028892081288960816889A0816C
:102A7000A889E08170BD10B500231A4603E0845C8C
:102A80002343521CD2B28A42F9D30BB1002010BDAD
:102A9000012010BD00B530B1012803D0022801D0BB
:102AA000FFDF002000BDFF2000BD00220A8092B29F
:102AB00022F060020A800078062817D2DFE800F0D2
:102AC000160306090C1142F0110007E042F01D0048
:102AD00009E042F0150006E042F0100040F002006C
:102AE00001E042F010000880002070470720704786
:102AF000FD48002101604160018170472DE9FF4FD1
:102B000093B09B46209F160004460DD01046FEF75A
:102B100092FB18B1102017B0BDE8F08F31460120AC
:102B2000FEF7CDFC0028F6D101258DF842504FF478
:102B3000C050ADF84000002210A9284603F016FE50
:102B40000028E8D18DF84250A8464FF428500025BF
:102B5000ADF840001C222946684607950AF013FC90
:102B60009DF81C000DF11C0A20F00F00401C20F005
:102B7000F00010308DF81C0020788DF81D00617871
:102B80009DF81E000DF1400961F3420040F0010084
:102B90008DF81E009DF8000008AA40F002008DF894
:102BA00000002089ADF83000ADF832506089ADF8F2
:102BB0003400CDF82CA060680E900AA9CDF82890BA
:102BC000684603F0C8FB0028A5D16068FEF777FBD4
:102BD00040B16068FEF77CFB20B9607800F003002C
:102BE000022801D0012000E00020BF4C08AA0AA959
:102BF0002072BDF8200020808DF8428042F601202E
:102C0000ADF840009DF81E0020F00600801C20F06A
:102C100001008DF81E000220ADF83000ADF8340040
:102C200014A80E90684603F096FB002889D1BDF8E1
:102C30002000608036B1211D304600F059F900288F
:102C4000C2D109E0BBF1000F05D00AF017F9E8BBCB
:102C50000AF014F9D0BBA58017B1012F43D04AE088
:102C60008DF8428042F6A620ADF8400046461C2270
:102C70000021684607950AF086FB9DF81C00ADF818
:102C8000346020F00F00401C20F0F00010308DF870
:102C90001C009DF81D0020F0FF008DF81D009DF820
:102CA0001E0020F0060040F00100801C8DF81E0080
:102CB0009DF800008DF8446040F002008DF800009F
:102CC000CDE90A9AADF8306011A800E011E00E904D
:102CD00008AA0AA9684603F03EFB0028A6D1BDF861
:102CE0002000E08008E00AF0C9F810B90AF0C6F840
:102CF00008B103200FE7E58000200CE73EB504464D
:102D0000794D0820ADF80000A88828B12046FEF7CC
:102D100092FA18B110203EBD06203EBD214601208A
:102D2000FEF7CDFB0028F8D12088ADF804006088BC
:102D3000ADF80600A088ADF80800E088ADF80A00FC
:102D4000A88801AB6A46002103F00CFFBDF8001013
:102D50000829E2D003203EBD7FB5634D0446A88814
:102D600068B1002002900820ADF80800CDF80CD022
:102D70002046FEF760FA20B1102004B070BD062096
:102D8000FBE7A98802AA4FF6FF7004F02DF900288E
:102D9000F3D1BDF80810082901D00320EDE7BDF8F4
:102DA00000102180BDF802106180BDF80410A180E0
:102DB000BDF80610E180E0E701B582B00220ADF871
:102DC0000000494802AB6A464088002103F0CAFE71
:102DD000BDF80010022900D003200EBD1CB5002153
:102DE00000910221ADF800100190FEF74AFA08B1F7
:102DF00010201CBD3C486A4641884FF6FF7004F025
:102E0000F3F8BDF800100229F3D003201CBDFEB575
:102E1000354C06461546207A0F46C00705D00846B1
:102E2000FEF709FA18B11020FEBD0F20FEBDF82DE7
:102E300001D90C20FEBD3046FEF7FDF918BB2088F5
:102E400001A902F08AFF0028F4D130788DF805003E
:102E5000208801A903F064FE0028EBD100909DF8C2
:102E600000009DF8051040F002008DF800000907F1
:102E700003D040F008008DF800002088694603F078
:102E8000ECFD0028D6D1ADF8085020883B4602AAB8
:102E9000002103F067FEBDF80810A942CAD0032044
:102EA000FEBD7CB505460020009001900888ADF875
:102EB00000000C4628460195FEF701FA18B9204695
:102EC000FEF7DFF908B110207CBD15B1BDF8000098
:102ED00060B105486A4601884FF6FF7004F084F837
:102EE000BDF8001021807CBDC80100200C20FAE74D
:102EF00030B5044693B000200D46014600901422E0
:102F000001A80AF040FA1C22002108A80AF03BFAA6
:102F10009DF80000CDF808D020F00F00401C20F0F4
:102F2000F00010308DF800009DF8010006AA20F096
:102F3000FF008DF801009DF8200001A940F002007B
:102F40008DF8200001208DF8460042F60420ADF8EF
:102F5000440011A801902088ADF83C006088ADF8CD
:102F60003E00A088ADF84000E088ADF842009DF832
:102F7000020020F00600801C20F001008DF8020005
:102F80000820ADF80C00ADF810000FA8059008A8B7
:102F900003F0E1F9002803D1BDF8180028800020D3
:102FA00013B030BD0A4810B5046809490948083112
:102FB00008600FF0BEFE0648001D046010BD064903
:102FC000002008604FF0E0210220C1F88002704725
:102FD0001005024001000001FC1F00400548064AA0
:102FE0000168914201D1002101600449012008607B
:102FF0007047000058000020BEBAFECA40E50140FC
:103000002CFFFFFFDBE5B15100C00100CC00FFFF4A
:1030100071000000C1CF6A00FEA0D9111C1006C3C8
:1030200089CCFC7A7B3B49141906A8C010B504462C
:10303000FEF701F908B1102010BD2078C0F302108E
:10304000042807D86078072804D3A178102901D86C
:10305000814201D2072010BDE078410706D42179D2
:103060004A0703D4000701D4080701D5062010BD84
:10307000002010BD70B514460D46064605F026F832
:1030800080B10178182221F00F01891C21F0F00194
:10309000A03100F8081B21460AF04BF9BDE870404A
:1030A00005F018B829463046BDE870401322FEF7F7
:1030B00048BB2DE9F047064608A8904690E8300442
:1030C00089461F461422002128460AF05CF9002197
:1030D000CAF80010B8F1000F03D0B9F1000F03D106
:1030E00014E03878C00711D02068FEF7CAF8C0BBDA
:1030F000B8F1000F07D12068123028602068143022
:1031000068602068A8602168CAF8001038788007D5
:1031100024D56068FEF7D3F818BBB9F1000F21D0B1
:10312000FFF70FF80168C6F868118188A6F86C11DE
:10313000807986F86E0101F034FAF84FEF6062682A
:1031400062B196F8680106F2691140081032FEF784
:10315000D0FA1022394660680AF0EBF80020BDE88A
:10316000F08706E0606820B1E8606068C6F8640136
:10317000F4E71020F3E730B5054608780C4620F058
:103180000F00401C20F0F001103121700020607011
:1031900095F8230030B104280FD0052811D0062857
:1031A00014D0FFDF20780121B1EB101F04D295F875
:1031B000200000F01F00607030BD21F0F0002030D2
:1031C00002E021F0F00030302070EBE721F0F00059
:1031D0004030F9E7F0B591B0022715460C46064697
:1031E0003A46ADF80870092103AB05F070FD049074
:1031F000002810D004208DF804008DF80170E03410
:10320000099605948DF818500AA968460EF051FCED
:1032100000B1FFDF012011B0F0BD2DE9F84F0646E7
:10322000808A0C4680B28246FEF788FA0546BB4F7C
:103230003078203F4FF002094FF000080F287CD271
:10324000DFE800F07BA39D082C5B6A7CBADAFD976F
:1032500048979700012150460CF030FF040000D140
:10326000FFDF97F85C00C00701D0386E0BE0032148
:1032700004F11D0010F06BFAD4F81D00A849B0FB52
:10328000F1F201FB1200C4F81D0070686067B068BD
:10329000A0672878252872D0FFDF70E00121504612
:1032A0000CF00CFF060000D1FFDF3078810702D55B
:1032B0002978252904D040F001003070BDE8F88F4E
:1032C00084F80090307F207106F11D002D36C4E98E
:1032D0000206F3E7012150460CF0F0FE050000D194
:1032E000FFDF2878C10604D5072020703D356560D2
:1032F000E4E740F008002870E0E7E87F000700D529
:10330000FFDF307CB28800F0010301B05046BDE819
:10331000F04F092106F06FBD05B9FFDF716821B1DB
:10332000102205F124000AF004F828212846FEF7AF
:1033300074F8307A85F82000C0E7F7E001215046A4
:103340000CF0BCFE050000D1FFDF022105F1850075
:1033500010F0FDF90420207005F5B4706060B5F838
:10336000850020826D4810387C356561C4E90270A3
:10337000A4E7012150460CF0A1FE00B9FFDF324660
:1033800029465046BDE8F84F74E605B9FFDF2878B6
:10339000212893D93079012803D1E87F40F0080033
:1033A000E877324629465046FFF764FE2846BDE8D6
:1033B000F84F2321FEF731B83279A28004F10803D7
:1033C0000921504605F083FCE06010B10520207013
:1033D00074E74546012150460CF070FE040000D110
:1033E000FFDF04F1620102231022081F0CF0FFFC32
:1033F00005703179417061E7012150460CF05EFEA5
:10340000040000D1FFDF94F8840000F003000128DD
:1034100059D1E87F10F0010003D194F8A010C9073A
:103420002AD0D4F8602132B394F88330117C63F34E
:1034300087011174AA7FD30963F3410100E071E0B1
:10344000D4F860211174D4F8602160F30001117484
:1034500090B1D4F86001102205F12401883409F0FC
:1034600068FF207E40F001002076207820F00100E7
:1034700004F8880919E0C0B994F88810C90714D075
:10348000D4F85C218AB194F88330117C63F387010E
:103490001174AA7FD309D4F85C2163F3410111743C
:1034A000D4F85C2160F30001117494F8880080075F
:1034B00009D594F87C00D4F86421400804F17D011A
:1034C0001032FEF716F98DF8009094F884006A46E1
:1034D00000F003008DF8010094F888108DF80210B8
:1034E00094F8A0008DF803002946504601F042F8F8
:1034F0002878252805D0212807D0FFDF2878222822
:1035000003D922212846FDF788FF012150460CF0FF
:10351000E7FD00283FF4DDAEFFDFCFE6F401002039
:1035200040420F00716881F80180C7E6FFDFC5E601
:1035300070B5FE4C002584F85C5025660EF085FAC7
:1035400004F11001204604F07DFD84F8305070BD78
:1035500070B50D46FEF7F2F8040000D1FFDF4FF41E
:10356000B8720021284609F00EFF2434012105F12C
:10357000E0002C610EF06AFA002800D0FFDF70BD79
:103580000A46014602F1E0000EF081BA70B5054628
:10359000406886B00178082906D00B2933D00C2961
:1035A0002FD0FFDF06B070BD46883046FEF7C6F864
:1035B000040000D1FFDF20782128F3D028281BD178
:1035C000686802210C3000F0A0FFA8B168680821EB
:1035D000001D00F09AFF78B104F1240130460BF091
:1035E000A8FC04F091FB00B1FFDF06B02046BDE867
:1035F00070402921FDF711BF06B0BDE8704004F00E
:1036000069BD01218171686886883046FEF796F8A9
:10361000040000D1FFDF20782128C3D068688179B9
:1036200009B1807808B1FFDFBCE704F053FDA07F4B
:10363000000622D5E07FC00705D094F8200000F0F6
:103640001F00102817D0052084F82300207829288F
:1036500015D02428A6D13146042010F05FFB22218A
:103660002046FDF7DAFE012130460CF039FD002836
:1036700098D0FFDF96E70620E6E70420E4E7012183
:1036800030460CF01BFD050000D1FFDF2521204650
:10369000FDF7C3FE03208DF80000694605F1E00048
:1036A0000EF0ECF90228BFD00028BDD0FFDF79E78B
:1036B0002DE9F04788B09A46164688468146FEF7BF
:1036C0003DF805003AD02878222837D3232835D072
:1036D000E87F000732D40027012148460CF0EEFCB9
:1036E000040005D10121002248460CF0DEFC04460E
:1036F000694600F066FF009800B9FFDF00983CB112
:10370000E03404612878222804D0242802D005E07F
:10371000076103E025212846FDF77FFE009801217F
:103720004170C0F824908680C0E9028A01A90EF099
:10373000C0F9022802D0002800D0FFDF08B00EE553
:1037400070B586B00546FDF7F9FF0078222814D938
:10375000012128460CF0B2FC04002CD1FFDF2AE046
:10376000B4F85E0004F1620630440178427829B171
:1037700021462846FFF72EFDB0B913E7ADF8042027
:103780000921284602AB05F0A2FA03900028F4D0E4
:1037900005208DF80000694604F1E0000EF06EF996
:1037A000022801D000B1FFDF02231022314604F1CC
:1037B0005E000CF052FBB4F860000028D0D1F1E6B6
:1037C00010B586B00446FDF7B9FF0078222811D95C
:1037D000012120460CF072FC040000D1FFDF06201E
:1037E0008DF80000694604F1E0000EF047F900286A
:1037F00000D0FFDF06B010BD2DE9F84F0546007878
:103800000C460027010904F1080090463E46BA46DE
:10381000009002297ED0072902D00A2909D142E06E
:1038200068680178082905D00B292CD00C292AD0EA
:10383000FFDF72E114271C26002C6CD04088A0808A
:10384000FDF77CFF5FEA000900D1FFDF99F8170060
:1038500009F118014008009AFDF74BFF686880895C
:10386000208268684168C4F812108068C4F81600A5
:10387000A07E20F0060040F00100A07699F81E001E
:1038800040F020014FE01A270A26002CD5D080886E
:10389000A080FDF753FF050000D1FFDF2846009907
:1038A000FFF769FC39E10CB1A88BA080287A4FF0B2
:1038B000010B0B287ED006DC01287CD0022808D022
:1038C000032804D137E00D2876D00E2875D0FFDF0D
:1038D00023E11E270926002CAFD0A088FDF72EFF7C
:1038E0005FEA000900D1FFDF287B00F00300012818
:1038F000207A1DD020F001002072297B890861F315
:1039000041002072297BC90861F382002072297B63
:10391000090901E0F7E0AEE061F3C300207299F815
:103920001E0040F0400189F81E10F6E0D40100208E
:1039300040F00100E0E713270D26002CA6D0A08858
:10394000FDF7FCFE81460121A0880CF0B7FB0500C5
:1039500000D1FFDF686F817801F003010129217A2E
:1039600050D021F00101217283789B0863F341015B
:1039700021728378DB0863F38201217283781B094B
:1039800063F3C3012172037863F306112172437854
:1039900063F3C711217284F809A0C178A17202797A
:1039A000E17A62F30001E1720279520862F34101A7
:1039B000E17203E029E067E04EE05FE002799208FF
:1039C00062F38201E1720279D20862F3C301E1720B
:1039D0004279217B62F3000121734279520862F33C
:1039E000410121734279920862F382012173407987
:1039F000C00860F3C301217399F8000023282AD975
:103A0000262139E041F00101ADE71827102694B3D3
:103A1000A088FDF793FE00900121A0880CF04EFBDA
:103A20005FEA000900D1FFDFE868A06099F80000B4
:103A300040F0040189F8001099F80100800708D5CA
:103A400084F80CB000980078232866D927210098C4
:103A500052E084F80CA060E015270F265CB1A08826
:103A6000FDF76CFE81460622E868009909F0E9FC42
:103A700084F80EB085E042E048463DE0162709266E
:103A8000ECB3287B207248E0287B19270E26B4B3BC
:103A9000C4F808A0A4F80CA0012807D0022808D078
:103AA00003280CD004280AD0FFDF15E084F808B002
:103AB00001E002202072607A20F003000BE0697BB5
:103AC000042801F00F0141F080012172F3D1607AE6
:103AD00020F00300401C6072A088FDF72FFE054611
:103AE0000078212819D0232800D0FFDF0121A088E9
:103AF0000CF0F6FA22212846FDF78FFC0DE0FFE7D7
:103B0000A8F800600EE00CB16888A080287A10B395
:103B1000012809D002283AD0FFDFA8F800600CB1D4
:103B200027806680002007E415270F26002CE7D0A9
:103B3000A088FDF703FE0121A0880CF0BFFA050064
:103B400000D1FFDFD5F81D000622009909F079FCAD
:103B500084F80EA0E1E717270926002CD0D0A08812
:103B6000FDF7ECFD81460121A0880CF0A7FA0500C5
:103B700000D1FFDF6878800701D5022000E0012036
:103B8000207299F800002328C7D9272174E7192744
:103B90000E26002CB4D0A088FDF7D0FD5FEA000906
:103BA00000D1FFDFC4F808A0A4F80CA084F808A096
:103BB000A07A40F00300A07299F81E10C90961F3C1
:103BC0008200A07299F81F2099F81E1012EAD11FE6
:103BD00005D099F8201001F01F01102925D020F000
:103BE0000800A07299F81F10607A61F3C300607238
:103BF000697A01F0030101298FD140F0040060725D
:103C0000E87A217B60F300012173AA7A607B62F37A
:103C100000006073EA7A520862F341012173A97AC5
:103C2000490861F34100607377E740F00800D8E786
:103C300010B5F84C30B10146102204F1200009F013
:103C400078FB012084F8300010BD10B5044600F068
:103C5000A8FCF04920461022BDE81040203109F0B0
:103C600068BB70B5EB4D06004FF0000412D0FDF7B5
:103C7000E2FA08B110240BE00621304609F0C8FB37
:103C8000411C04D02866012085F85C0000E0072470
:103C9000204670BD0020F7E7007810F00F0204D036
:103CA000012A05D0022A0CD110E0000909D10AE04E
:103CB0000009012807D0022805D0032803D00428D2
:103CC00001D0072070470870002070470620704719
:103CD00005282AD2DFE800F003070F171F00087835
:103CE00020F0FF001EE0087820F00F00401C20F0BC
:103CF000F000103016E0087820F00F00401C20F093
:103D0000F00020300EE0087820F00F00401C20F07A
:103D1000F000303006E0087820F00F00401C20F062
:103D2000F0004030087000207047072070472DE9F0
:103D3000F043804687B00D464FF000090846FDF776
:103D4000C7FAA8B94046FDF7F9FC060003D0307861
:103D500022280BD104E043F2020007B0BDE8F08353
:103D600035B1B07FC10601D4000703D50820F4E7C0
:103D70001020F2E7F07F000701D50D20EDE70027C6
:103D8000012140460CF09AF9040006D101210022DD
:103D900040460CF08AF9040005D0694600F011FC99
:103DA000009818B901E00420D7E7FFDF009802214E
:103DB000E0344170C0F82480446107810121017121
:103DC000297801F00102017E62F3010101762A786F
:103DD000520862F3820101762A78920862F3C301E5
:103DE00001762A78D20862F3041101762421304644
:103DF000FDF713FB01A900980DF05BFE022801D02E
:103E000000B1FFDF4846A8E72DE9FF4F0E46824983
:103E1000904697B09A4607C914AB4FF0000983E863
:103E200007001798FDF78AFC050006D02878262899
:103E300006D008201BB0BDE8F08F43F20200F9E77E
:103E400026B94046FFF7F2F80028F3D10121179870
:103E50000CF034F9040000D1FFDF852E27D007DCF9
:103E6000EEB1812E1DD0822E1DD0832E08D11CE0F4
:103E7000862E1ED0882E1ED0892E1ED08A2E1ED0B1
:103E80000F2020710F281CD004F020F9D8B1012098
:103E90008DF83400201D0E902079B0B126E100206D
:103EA000EFE70120EDE70220EBE70320E9E705203B
:103EB000E7E70620E5E70820E3E70920E1E70A2035
:103EC000DFE70720B6E71120B4E798F80000D4E94F
:103ED0001D764208A87F002162F3C710A87798F8E2
:103EE00000008208E87F62F30000E87798F800009D
:103EF000C209607862F34100607098F8000002091E
:103F0000207862F34710207098F80000C2086078AB
:103F100062F30000607098F80100607198F800008A
:103F200000F00102B07862F30100B070AA7FD209FC
:103F300062F38200B070EA7F62F3C300B07062780F
:103F400062F30410B0702278C0F3C00052093270DE
:103F50006278C2F34002727098F80220F2707171B8
:103F60003171B978C1F3C00108405FEA000B2ED06F
:103F70005046FDF760F978BBDAF80C00FDF75BF905
:103F800050BBDAF81C00FDF756F928BBDAF80C0034
:103F9000A060DAF81C00E06060787A7842EA5001AC
:103FA00061F341006070B978C0B200EA111161F3A9
:103FB000000060700020207705F117006061681C28
:103FC000A061B07800F00300012806D046E06078D8
:103FD0007A7802EA5001E3E719E0B87800F00300CC
:103FE00001283BD1321D711D404600F099FA31790C
:103FF000387901408DF8281070797A7910408DF861
:10400000300001432AD05046FDF715F930B1102099
:1040100010E70000D4010020E8B001000AF1100010
:1040200004F5AE7304F18C028DE80D0000210AAB9B
:104030005A462046FFF73DF80028E9D104F5B07252
:1040400004F1A403CDF800A0CDE9013201210CABAD
:104050005A462046FFF72DF80028D9D1607880070E
:1040600022D4B078B978C0F38000C1F3800108434E
:104070001AD0307814AA397832F810204B00DA4080
:1040800002F00309B9F1030F01D14FF00209BBF1AE
:10409000000F09D0012801D0042805D1012901D041
:1040A000042901D14FF00409A87F40F08000A877CF
:1040B000E97F6BF30001E9776078800706D503207C
:1040C000A071BBF1000F11D100202CE00220B9F14A
:1040D000020F1AD0B9F1010F19D0B9F1040F2AD08B
:1040E0000020A071A87F20F08000A8772521284615
:1040F000FDF793F90DA904F1E0000DF0BFFC10B13C
:10410000022800D0FFDF002094E6A071DCE7A07158
:104110000D22002104F1200009F035F9207840F04B
:104120000200207001208DF84C0013AA2946179830
:1041300000F020FADAE70120A071D7E72DE9F0437B
:1041400087B09046894604460025FDF7F7FA070038
:1041500004D03878272804D00820FEE543F2020076
:10416000FBE5012120460BF0A9FF040000D1FFDF91
:10417000A6795FEA090005D0012821D0B9F1020F24
:1041800026D110E0B8F1000F22D1012E05D0022E69
:1041900005D0032E05D0FFDF2EE00C252CE00125F5
:1041A0002AE0022528E04046FDF745F8B0B9032E85
:1041B0000ED11022414604F11D0009F0BAF81BE0AF
:1041C000012E02D0022E03D104E0B8F1000F13D06B
:1041D0000720C2E54046FDF72EF808B11020BCE5E7
:1041E0001022002104F11D0009F0CDF806214046FF
:1041F00009F00EF9C4F81D002078252140F00200D6
:1042000020703846FDF709F92078C10713D020F057
:104210000100207002208DF8000004F11D000290C2
:104220008DF804506946C3300DF028FC022803D0F5
:1042300010B1FFDF00E0257700208EE530B587B0B4
:104240000D460446FDF77AFA60B1012120460BF0D5
:1042500035FF04000CD02846FCF7EDFF28B11020F4
:1042600007B030BD43F20200FAE72078400701D4DE
:104270000820F5E7294604F13D002022054609F013
:1042800058F8207840F01000207001070FD520F07A
:104290000800207007208DF80000694604F1E00056
:1042A00001950DF0EBFB022801D000B1FFDF0020EB
:1042B000D6E770B50D460646FDF740FA18B100780E
:1042C000272817D102E043F2020070BD01213046D9
:1042D0000BF0F4FE040000D1FFDFA079022809D121
:1042E0006078C00706D02A4621463046FEF772FFA6
:1042F00010B10FE0082070BDB4F860000E280BD29A
:1043000004F1620102231022081F0BF070FD01214D
:1043100001704570002070BD112070BD70B506465B
:1043200014460D460846FCF786FF18B92046FCF7F0
:10433000A8FF08B1102070BDA6F57F40FF380ED051
:104340003046FDF7FBF938B1417822464B08811C15
:104350001846FDF7CEF907E043F2020070BD204693
:10436000FDF753FF0028F9D11021E01D0FF0EFF900
:10437000E21D294604F1170000F033F9002070BD5A
:104380002DE9F04104468AB015460E46002708463E
:10439000FCF79EFF18B92846FCF79AFF18B11020C9
:1043A0000AB0BDE8F0812046FDF7C8F95FEA0008D1
:1043B00004D098F80000272810D102E043F2020050
:1043C000EEE7012120460BF079FE040000D1FFDF6B
:1043D0002078400702D56078800701D40820DFE705
:1043E000D4E91D01497801B18DB1407800B176B1B1
:1043F000ADB1EA1D06A8E16800F0F3F8102206A9A5
:1044000005F1170008F068FF18B1042707E007203E
:10441000C6E71022E91D04F12D0008F08AFF2EB135
:104420001022F11D04F11D0008F083FF20782521E2
:1044300040F0020020704046FCF7EFFF2078C107F3
:1044400015D020F00100207002208DF8000004F14A
:104450001D000290103003908DF804706946B3304F
:104460000DF00CFB022803D010B1FFDF00E027772E
:10447000002095E770B50D4606460BB1072070BDCC
:10448000FDF75CF9040007D02078222802D3A07F32
:10449000800604D4082070BD43F2020070BDADB1A7
:1044A000294630460AF045FD03F02EFC297C4A08D7
:1044B000A17F62F3C711A177297CE27F61F300023B
:1044C000E277297C890884F8201004E030460AF05D
:1044D00053FD03F019FCA17F21F02001A17770BDED
:1044E00070B50D46FDF72AF9040005D02846FCF703
:1044F000C8FE20B1102070BD43F2020070BD2946F5
:104500002046FEF738FE002070BD04E010F8012BB5
:104510000AB100207047491E89B2F7D201207047C6
:1045200010B5C4780B7864F300030B70C47864088A
:1045300064F341030B70C478A40864F382030B7026
:10454000C478E40864F3C3030B700379117863F350
:104550000001117003795B0863F341011170037965
:104560009B0863F3820111700079C00860F3C301F6
:10457000117010BD70B51546064603F0A7FD040086
:1045800000D1FFDF207820F00F00801C20F0F00029
:104590002030207066802868A060BDE8704003F07D
:1045A00099BD10B5134C94F83000002808D104F1DF
:1045B0002001A1F110000DF0A3FA012084F83000D1
:1045C00010BD10B190F8B9202AB10A4890F8350012
:1045D00018B1002003E0B83001E00648343008602C
:1045E000704708B50023009313460A460BF065FF99
:1045F00008BD0000D4010020F0B5007B059F1E46D9
:1046000014460D46012800D0FFDF0C2030803A20F0
:104610003880002C08D0287A032806D0287B01286F
:1046200000D0FFDF17206081F0BDA889FBE72DE9EE
:10463000F04786B0144691F80C900E9A0D46B9F1E9
:10464000010F0BD01021007B2E8A8846052807D049
:10465000062833D0FFDF06B0BDE8F0870221F2E77D
:10466000E8890C2100EB400001EB4000188033206A
:104670001080002CEFD0E889608100271AE00096B6
:10468000688808F1020301AA696900F086FF06EB59
:104690000800801C07EB470186B204EB4102BDF81D
:1046A000040090810DF1060140460E320DF09EFA95
:1046B0007F1CBFB26089B842E1D8CCE734201080BB
:1046C000E889B9F1010F11D0122148430E3018804A
:1046D000002CC0D0E88960814846B9F1010F00D0B4
:1046E0000220207300270DF1040A1FE00621ECE7E9
:1046F0000096688808F1020301AA696900F04DFF7D
:1047000006EB0800801C86B2B9F1010F12D007EB4E
:10471000C70004EB4000BDF80410C18110220AF16B
:104720000201103008F005FE7F1CBFB26089B8425C
:10473000DED890E707EB470104EB4102BDF8040027
:10474000D0810AF10201404610320DF04FFAEBE73A
:104750002DE9F0470E4688B090F80CC096F80C8012
:10476000378AF5890C20109902F10C044FF0000AE9
:10477000BCF1030F08D0BCF1040F3FD0BCF1070F10
:104780007ED0FFDF08B067E705EB850C00EB4C003F
:10479000188031200880002AF4D0A8F1060000F02B
:1047A000FF09558126E01622002101A808F0EBFD43
:1047B00000977088434601AA716900F0EEFEBDF8CB
:1047C00004002080BDF80600E080BDF808002081CC
:1047D000A21C0DF10A0148460DF008FAB9F1000FCC
:1047E00000D018B184F804A0A4F802A007EB0800D8
:1047F00087B20A346D1EADB2D5D2C3E705EB850C86
:1048000000EB4C00188032200880002ABAD0A8F1B2
:10481000050000F0FF09558137E000977088434696
:1048200001AA716900F0B9FE9DF80600BDF80410F8
:10483000E1802179420860F3000162F341018208BE
:1048400062F38201C20862F3C301020962F3041138
:10485000420962F34511820962F386112171C00990
:104860006071BDF80700208122460DF1090148461C
:104870000DF0BCF918B184F802A0A4F800A000E083
:1048800007E007EB080087B20A346D1EADB2C4D250
:1048900078E7A8F1020084B205FB08F000F10E0CE5
:1048A000A3F800C035230B80002AA6D0558194813F
:1048B000009783B270880E32716900F06EFE61E776
:1048C0002DE9F84F1E460A9D0C4681462AB1607AB2
:1048D00000F58070D080E089108199F80C000C27D9
:1048E0004FF000084FF00E0A0D2872D2DFE800F0FA
:1048F0009D070E1B272F374554697272720021469F
:1049000048460095FFF778FEBDE8F88F207B91467A
:10491000082802D0032800D0FFDF3780302009E0CC
:10492000A9F80A80F0E7207B9146042800D0FFDF39
:10493000378031202880B9F1000FF1D1E4E7207BE6
:104940009146042800D0FFDF37803220F2E7207B39
:104950009146022800D0FFDF37803320EAE7207B32
:104960001746022800D0FFDF3420A6F800A02880D8
:10497000002FC9D0A7F80A80C6E7207B1746042875
:1049800000D0FFDF3520A6F800A02880002FBBD084
:104990004046A7F80A8012E0207B1746052802D07F
:1049A000062800D0FFDF1020308036202880002F1E
:1049B000AAD0E0897881A7F80E80B9F80E00B881F6
:1049C000A2E7207B9146072800D0FFDF3780372001
:1049D000B0E72AE04FF0120018804FF038001700BF
:1049E000288091D0E0897881A7F80E80A7F8108000
:1049F00099F80C000A2805D00B2809D00C280DD0F6
:104A0000FFDF81E7207B0A2800D0FFDF01200AE0DA
:104A1000207B0B2800D0FFDF042004E0207B0C2843
:104A200000D0FFDF052038736EE7FFDF6CE770B55D
:104A30000C460546FCF782FE20B10078222804D2FD
:104A4000082070BD43F2020070BD052128460BF01E
:104A500035FB206008B1002070BD032070BD30B46C
:104A60004880087820F00F00C01C20F0F000903043
:104A700001F8080B1DCA81E81D0030BC03F02ABBF9
:104A80002DE9FF4784B00027824602970798904699
:104A90008946123006F043FB401D20F003060798BC
:104AA00028B907A95046FFF7C2FF002854D1B9F131
:104AB000000F05D00798017B19BB052504681BE092
:104AC00098F80000092803D00D2812D0FFDF46E037
:104AD000079903254868B0B3497B428871439142E6
:104AE00039D98AB2B3B2011D0BF06DF904460780C3
:104AF00002E0079C042508340CB1208810B1032D76
:104B000029D02CE007980121123006F03AFBADF8CD
:104B10000C00024602AB2946504604F0D8F80700C4
:104B200001D1A01C029007983A461230C8F8040040
:104B3000A8F802A003A94046029B06F02FFBD8B1BB
:104B40000A2817D200E006E0DFE800F00709141495
:104B5000100B0D141412132014E6002012E611207D
:104B600010E608200EE643F203000BE6072009E6F4
:104B70000D2007E6032005E6BDF80C002346CDE92D
:104B800000702A465046079900F017FD57B9032DCB
:104B900008D10798B3B2417B406871438AB2011DC6
:104BA0000BF025F9B9F1000FD7D0079981F80C90D7
:104BB000D3E72DE9FE4F91461A881C468A46804667
:104BC000FAB102AB494604F082F8050019D040461C
:104BD000A61C27880BF0B7FB3246072629463B4622
:104BE00000960AF0D6FF20882346CDE900504A46B9
:104BF0005146404600F0E1FC002020800120BDE845
:104C0000FE8F0020FBE710B586B01C46AAB1042336
:104C10008DF800301388ADF808305288ADF80A20BE
:104C20008A788DF80E200988ADF80C1000236A46AA
:104C30002146FFF725FF06B010BD1020FBE770B539
:104C40000D4605210BF03AFA040000D1FFDF29469A
:104C500004F11200BDE8704006F07CBA2DE9F8437B
:104C60000D468046002603F031FA044628781028C5
:104C700078D2DFE800F0773B3453313112313131F3
:104C80000831313131312879001FC0B2022801D0FA
:104C9000102810D114BBFFDF35E004B9FFDF052178
:104CA00040460BF00BFA007B032806D004280BD0FB
:104CB000072828D0FFDF072655E02879801FC0B2DB
:104CC000022820D050B1F6E72879401FC0B2022850
:104CD00019D0102817D0EEE704B9FFDF13E004B9AC
:104CE000FFDF287901280ED1172137E00521404642
:104CF0000BF0E4F9070000D1FFDF07F11201404695
:104D000006F005FA2CB12A4621464046FFF7A7FED9
:104D100029E013214046FDF743FD24E004B9FFDFFD
:104D2000052140460BF0CAF9060000D1FFDF6946B5
:104D300006F1120006F0F5F9060000D0FFDFA988A1
:104D4000172901D2172200E00A46BDF8000082426E
:104D500002D9014602E005E01729C5D3404600F01C
:104D60003CFCD0E7FFDF3046BDE8F883401D20F073
:104D7000030219B102FB01F0001D00E00020104405
:104D8000704713B5009848B1002468460AF0C5FF83
:104D9000002C02D1F74A009911601CBD01240020AB
:104DA000F4E72DE9F0470C46154624220021204661
:104DB00008F0E9FA05B9FFDFA87860732888DFF802
:104DC000B4A3401D20F00301AF788946DAF8000053
:104DD0000AF0C1FF060000D1FFDF4FF00008266097
:104DE000A6F8008077B109FB07F1091D0AD0DAF8AF
:104DF00000000AF0B0FF060000D1FFDF6660C6F8D1
:104E0000008001E0C4F80480298804F11200BDE8A4
:104E1000F04706F06DB92DE9F047804601F1120028
:104E20000D46814606F07BF9401DD24F20F003026B
:104E30006E7B1446296838680AF0B8FF3EB104FB5F
:104E400006F2121D03D0696838680AF0AFFF05202A
:104E50000BF0E0F8044605200BF0E4F8201A0128D6
:104E600002D138680AF06CFF49464046BDE8F04779
:104E700006F054B970B5054605210BF01FF9040082
:104E800000D1FFDF04F112012846BDE8704006F0B2
:104E90003EB92DE9F04F91B04FF0000BADF834B0B2
:104EA000ADF804B047880C460546924605213846C1
:104EB0000BF004F9060000D1FFDF24B1A780A4F8AD
:104EC00006B0A4F808B0297809220B20B2EB111F14
:104ED0007ED12A7A04F1100138274FF00C084FF0E8
:104EE00001090391102A74D2DFE802F073F3F2F1A2
:104EF0008008D3898EA03DDCF4EFB7B7307B022861
:104F000000D0FFDFA88908EBC001ADF80410302104
:104F1000ADF83410002C25D06081B5F80E90002734
:104F20001DE004EBC708317C88F80E10F189A8F861
:104F30000C10CDF800906888042304AA296900F0B9
:104F40002CFBBDF81010A8F8101009F10400BDF8F2
:104F500012107F1C1FFA80F9A8F81210BFB26089E6
:104F6000B842DED80EE1307B022800D0FFDFE989AD
:104F700008EBC100ADF804003020ADF83400287B08
:104F80000A90001FC0B20F90002CEBD06181B5F8E1
:104F90001090002726E000BFCDF80090688869696E
:104FA00003AA0A9B00F0F9FA0A9804EBC7084844E0
:104FB0001FFA80F908F10C0204A90F980CF016FEF4
:104FC00018B188F80EB0A8F80CB0BDF80C1001E0CC
:104FD000D4E0D1E0A8F81010BDF80E107F1CA8F89E
:104FE0001210BFB26089B842D6D8CBE00DA80090AD
:104FF00001AB224629463046FFF719FBC2E0307B61
:10500000082805D0FFDF03E0307B082800D0FFDF51
:10501000E8891030ADF804003620ADF83400002CDB
:105020003FD0A9896181F189A18127E0307B0928DE
:1050300000D0FFDFA88900F10C01ADF80410372182
:10504000ADF83410002C2CD06081E8890090AB8939
:10505000688804F10C02296956E0E889392110308A
:1050600080B2ADF80400ADF83410002C74D0A989DA
:105070006181287A0E280AD002212173E989E18111
:10508000288A0090EB8968886969039A3CE00121CD
:10509000F3E70DA8009001AB224629463046FFF702
:1050A00057FB6FE0307B0A2800D0FFDF1220ADF8FD
:1050B0000400ADF834704CB3A9896181A4F810B034
:1050C000A4F80EB084F80C905CE020E002E031E03F
:1050D00039E042E0307B0B2800D0FFDF288AADF8B2
:1050E00034701230ADF8040084B104212173A98911
:1050F0006181E989E181298A2182688A00902B8A6D
:10510000688804F11202696900F047FA3AE0307BDE
:105110000C2800D0FFDF1220ADF80400ADF8347089
:105120003CB305212173A4F80AB0A4F80EB0A4F88A
:1051300010B027E00DA8009001AB2246294630466A
:10514000FFF75AFA1EE00DA8009001AB224629464F
:105150003046FFF7B5FB15E034E03B21ADF8040025
:10516000ADF8341074B3A4F80690A4F808B084F82D
:105170000AB007E010000020FFDF03E0297A0129D0
:1051800017D0FFDFBDF80400AAF800006CB1BDF82D
:1051900034002080BDF804006080BDF83400392858
:1051A00003D03C2801D086F80CB011B00020BDE837
:1051B000F08F3C21ADF80400ADF8341014B1697AD9
:1051C000A172DFE7AAF80000EFE72DE9F84356885F
:1051D0000F4680461546052130460AF06FFF040051
:1051E00000D1FFDF123400943B46414630466A68E6
:1051F00006F008F9B8E570B50D4605210AF05EFF26
:10520000040000D1FFDF294604F11200BDE8704020
:1052100005F092BF70B50D4605210AF04FFF04005E
:1052200000D1FFDF294604F11200BDE8704005F00F
:10523000B0BF70B5054605210AF040FF040000D15B
:10524000FFDF04F1080321462846BDE87040042230
:10525000AFE470B5054605210AF030FF040000D127
:10526000FFDF214628462368BDE870400522A0E400
:1052700070B5064605210AF021FF040000D1FFDFCA
:1052800004F1120005F04BFF401D20F0030511E072
:10529000011D00880322431821463046FFF789FC90
:1052A00000280BD0607BABB2684382B26068011DFE
:1052B0000AF0D3FD606841880029E9D170BD70B55E
:1052C0000E46054602F002FF040000D1FFDF012078
:1052D000207266726580207820F00F00C01C20F0DC
:1052E000F00030302070BDE8704002F0F3BE2DE9D0
:1052F000F0438BB00D461446814606A9FFF797FB95
:10530000002814D14FF6FF7601274FF420588CB1B6
:1053100003208DF800001020ADF8100007A80590BC
:1053200007AA204604A90CF080FC78B107200BB036
:10533000BDE8F0830820ADF808508DF80E708DF8A8
:105340000000ADF80A60ADF80C800CE00698A1787A
:1053500001742188C1818DF80E70ADF80850ADF848
:105360000C80ADF80A606A4602214846069BFFF7AA
:1053700087FBDCE708B501228DF8022042F6020225
:10538000ADF800200A4603236946FFF73CFC08BD40
:1053900008B501228DF8022042F60302ADF8002084
:1053A0000A4604236946FFF72EFC08BD00B587B006
:1053B00079B102228DF800200A88ADF808204988CA
:1053C000ADF80A1000236A460521FFF759FB07B024
:1053D00000BD1020FBE709B1072314E40720704744
:1053E00070B588B00D461446064606A9FFF71FFBA8
:1053F00000280ED17CB10620ADF808508DF80000D1
:10540000ADF80A40069B6A460821DC813046FFF76A
:1054100037FB08B070BD05208DF80000ADF80850CE
:10542000F0E700B587B059B107238DF80030ADF82B
:105430000820039100236A460921FFF721FBC6E7F4
:105440001020C4E770B588B00C460646002506A9B2
:10545000FFF7EDFA0028DCD106980121123005F0A3
:1054600090FE9CB12178062921D2DFE801F02005C9
:1054700005160318801E80B2C01EE28880B20AB1F1
:10548000A3681BB1824203D90C20C2E71020C0E7F9
:10549000042904D0A08850B901E00620B9E7012909
:1054A00013D0022905D004291CD005292AD00720B1
:1054B000AFE709208DF800006088ADF80800E088AB
:1054C000ADF80A00A068039023E00A208DF80000E0
:1054D0006088ADF80800E088ADF80A00A0680A25E9
:1054E000039016E00B208DF800006088ADF80800EE
:1054F000A088ADF80A00E088ADF80C00A0680B2584
:10550000049006E00C208DF8000060788DF808000B
:105510000C256A4629463046069BFFF7B1FA78E724
:1055200000B587B00D228DF80020ADF808100023DB
:105530006A461946FFF7A4FA49E700B587B071B18A
:1055400002228DF800200A88ADF808204988ADF8BD
:105550000A1000236A460621FFF792FA37E7102067
:1055600035E770B586B0064601200D46ADF8081047
:105570008DF80000014600236A463046FFF780FAA6
:10558000040008D12946304601F006FB00213046D0
:1055900001F020FB204606B070BDF8B51C4615464C
:1055A0000E46069F0AF0BDFE2346FF1DBCB23146E3
:1055B0002A4600940AF0B9FAF8BD30B41146DDE984
:1055C00002423CB1032903D0002330BC04F013BCD9
:1055D0000123FAE71A8030BC704770B50C460546C7
:1055E000FFF72DFB2146284601F0E5FA2846BDE8E5
:1055F0007040012101F0EEBA18B18178012938D14B
:1056000001E010207047018842F60112881A914289
:1056100031D018DC42F60102A1EB020091422AD0FF
:105620000CDC41B3B1F5C05F25D06FF4C050081851
:1056300021D0A0F57060FF381BD11CE001281AD0E2
:1056400002280AD117E0B0F5807F14D008DC0128C9
:1056500011D002280FD003280DD0FF2809D10AE06D
:10566000B0F5817F07D0A0F58070033803D0012802
:1056700001D0002070470F2070470A281FD008DC97
:105680000A2818D2DFE800F0191B1F1F171F231D5F
:105690001F21102815D008DC0B2812D00C2810D0A0
:1056A0000D2816D00F2806D10DE011280BD0842824
:1056B0000BD087280FD003207047002070470520AB
:1056C0007047072070470F2070470420704706205E
:1056D00070470C20704743F20200704738B50C4603
:1056E000050041D06946FEF7D7FA002819D19DF888
:1056F0000010607861F3020060706946681CFEF774
:10570000CBFA00280DD19DF80010607861F3C50038
:105710006070A978C1F34101012903D0022905D0A5
:10572000072038BD217821F0200102E0217841F0E6
:1057300020012170410704D0A978C90861F38610BF
:105740006070607810F0380F07D0A978090961F30C
:10575000C710607010F0380F02D16078400603D592
:10576000207840F040002070002038BD70B504461D
:105770000020088015466068FFF7B0FF002816D1AA
:105780002089A189884211D860688078C0070AD032
:10579000B1F5007F0AD840F20120B1FBF0F200FB26
:1057A0001210288007E0B1F5FF7F01D90C2070BDF1
:1057B00001F201212980002070BD10B50478137812
:1057C00064F3000313700478640864F341031370F6
:1057D0000478A40864F3820313700478E40864F383
:1057E000C30313700478240964F30413137004785A
:1057F000640964F3451313700078800960F386131D
:10580000137031B10878C10701D1800701D501209B
:1058100000E0002060F3C713137010BD42785307F7
:1058200002D002F0070306E012F0380F02D0C2F3F4
:10583000C20300E001234A7863F302024A70407811
:1058400010F0380F02D0C0F3C20005E0430702D0C9
:1058500000F0070000E0012060F3C5024A707047C5
:105860002DE9F04F95B00D00824613D01222002191
:10587000284607F088FD4FF6FF7B05AA0121584610
:1058800007F049FB0024264637464FF420586FF4B2
:10589000205972E0102015B0BDE8F08F9DF81E0071
:1058A00001280AD1BDF81C1041450BD011EB0900AD
:1058B0000AD001280CD002280CD0042C0ED0052CC4
:1058C0000FD10DE0012400E00224BDF81A6008E0C9
:1058D000032406E00424BDF81A7002E0052400E069
:1058E0000624BDF81A10514547D12C74BEB34FF0B1
:1058F000000810AA4FF0070ACDE90282CDE900A8FE
:105900000DF13C091023CDF810904246314658461F
:1059100007F0D1FB08BBBDF83C002A46C0B210A975
:105920000CF064F9C8B9AE81CFB1CDE900A80DF192
:10593000080C0AAE40468CE8410213230022394687
:10594000584607F0B8FB40B9BDF83C00F11CC01E3A
:10595000C0B22A1D0CF04AF910B103209BE70AE0FF
:10596000BDF82900E881062C05D19DF81E00A8721B
:10597000BDF81C00288100208DE705A807F0D7FAA4
:1059800000288BD0FFF779FE85E72DE9F0471C460C
:10599000DDE90978DDF8209015460E00824600D139
:1059A000FFDF0CB1208818B1D5B11120BDE8F08718
:1059B000022D01D0012100E0002106F1140006F0C3
:1059C00073F9A8F8000002463B462946504603F00A
:1059D0007EF9C9F8000008B9A41C3C600020E5E786
:1059E0001320E3E7F0B41446DDE904528DB100233F
:1059F00014B1022C09D101E0012306E00D7CEE0771
:105A000003D025F0010501230D742146F0BC04F0FC
:105A1000F2B91A80F0BC70472DE9FE4F91461A8802
:105A20001C468A468046FAB102AB494603F04FF95C
:105A3000050019D04046A61C27880AF084FC32468F
:105A4000072629463B4600960AF0A3F820882346FD
:105A5000CDE900504A4651464046FFF7C3FF0020BB
:105A600020800120BDE8FE8F0020FBE72DE9F047F4
:105A700086B082460EA8904690E8B000894604AAF7
:105A800005A903A88DE807001E462A462146504670
:105A9000FFF77BFF039901B101213970002818D16C
:105AA000FA4904F1140204AB0860039805998DE8E3
:105AB000070042464946504606F0A9FCA8B109280D
:105AC00011D2DFE800F005080510100A0C0C0E00DA
:105AD000002006B06AE71120FBE70720F9E708205D
:105AE000F7E70D20F5E70320F3E7BDF81010039862
:105AF000CDE9000133462A4621465046FFF772FFA2
:105B0000E6E72DE9F04389B01646DDE910870D463A
:105B100081461C461422002103A807F034FC012012
:105B200002218DF810108DF80C008DF81170ADF871
:105B3000146064B1A278D20709D08DF81600E0880D
:105B4000ADF81A00A088ADF81800A068079008A862
:105B50000095CDE90110424603A948466B68FFF75E
:105B600085FF09B0BDE8F083F0B58BB00024064690
:105B7000069407940727089405A8099401940097B0
:105B80000294CDE903400D4610232246304607F02B
:105B900092FA78B90AA806A9019400970294CDE96F
:105BA0000310BDF8143000222946304607F021F8D2
:105BB000002801D0FFF761FD0BB0F0BD06F0B2BECA
:105BC0002DE9FC410C468046002602F07FFA05468E
:105BD00020780D287ED2DFE800F0BC0713B325BD86
:105BE00049496383AF959B00A848006820B141787C
:105BF00041F010014170ADE0404602F099FAA9E091
:105C0000042140460AF05AFA070000D1FFDF07F1ED
:105C10001401404605F0DDFFA5BB13214046FCF70B
:105C2000BFFD97E0042140460AF048FA070000D182
:105C3000FFDFE088ADF800000020B8819DF800008B
:105C4000010704D5C00602D5A088B88105E09DF8FB
:105C5000010040067ED5A088F88105B9FFDF224605
:105C60002946404601F0C0FC022673E0E188ADF809
:105C700000109DF8011009060FD5072803D006284B
:105C80000AD00AE024E0042140460AF017FA060090
:105C900000D1FFDFA088F0810226CDB9FFDF17E039
:105CA000042140460AF00AFA070000D1FFDF07F19D
:105CB000140006F06EFE90F0010F02D1E0790006AC
:105CC00048D5387C022640F00200387405B9FFDF61
:105CD000224600E03DE02946404601F085FC39E0DF
:105CE000042140460AF0EAF9017C002D01F0020689
:105CF000C1F340016171017C21F002010174E7D11F
:105D0000FFDFE5E702260121404602F043FA21E0E9
:105D1000042140460AF0D2F90546606800902089C7
:105D2000ADF8040001226946404602F054FA287C8E
:105D300020F0020028740DE0002DC9D1FFDFC7E775
:105D4000022600214046FFF765FA002DC0D1FFDF93
:105D5000BEE7FFDF3046BDE8FC813EB50C0009D050
:105D600001466B4601AA002007F02AFA20B1FFF78E
:105D700084FC3EBD10203EBD00202080A0709DF818
:105D8000050002A900F00700FDF7A2FF50B99DF839
:105D9000080020709DF8050002A9C0F3C200FDF7BD
:105DA00097FF08B103203EBD9DF8080060709DF884
:105DB0000500C109A07861F30410A0709DF80510DA
:105DC000890961F3C300A0709DF80410890601D50C
:105DD000022100E0012161F342009DF8001061F30F
:105DE0000000A07000203EBD70B5144606460D466A
:105DF00051EA040005D075B10846FBF760FA78B99E
:105E000001E0072070BD2946304607F040FA10B186
:105E1000BDE8704031E454B12046FBF750FA08B1B8
:105E2000102070BD21463046BDE8704095E7002047
:105E300070BD2DE9FC5F0C469046054600270178B1
:105E40000822007A3E46B2EB111F7DD104F10A010F
:105E500000910A31821E4FF0020A04F1080B0191F1
:105E6000092A72D2DFE802F0EDE005F528287BAAC6
:105E7000CE00688804210AF021F9060000D1FFDF76
:105E8000B08928B152270726C3E00000380200205D
:105E900051271026002C7DD06888A0800120A07199
:105EA000A88900220099FFF79FFF002873D1A889D5
:105EB0002081288AE081D1E0B5F81290072824D10A
:105EC000E87B000621D5512709F1140086B2002C89
:105ED000E1D0A88900220099FFF786FF00285AD157
:105EE0006888A08084F806A0A88920810120A0737A
:105EF000288A2082A4F81290A88A009068884B46CD
:105F0000A969019A01F04CFBA8E0502709F11200A1
:105F100086B2002C3ED0A88900225946FFF764FFC4
:105F2000002838D16888A080A889E080287A0728CE
:105F300013D002202073288AE081E87BC0096073B7
:105F4000A4F81090A88A01E085E082E000906888BB
:105F50004B4604F11202A969D4E70120EAE7B5F83B
:105F60001290512709F1140086B2002C66D068887F
:105F700004210AF0A3F883466888A080A88900223B
:105F80000099FFF731FF00286ED184F806A0A88998
:105F9000208101E052E067E00420A073288A20827B
:105FA000A4F81290A88A009068884B46A969019AC3
:105FB00001F0F6FAA989ABF80E104FE06888FBF7FC
:105FC000BDFB0746688804210AF078F8064607B941
:105FD000FFDF06B9FFDF687BC00702D05127142618
:105FE00001E0502712264CB36888A080502F06D0BD
:105FF00084F806A0287B594601F0E2FA2EE0287BBF
:10600000A11DF9E7FE49A8894989814205D1542794
:1060100006269CB16888A08020E053270BE06888A2
:10602000A080A889E08019E0688804210AF046F879
:1060300000B9FFDF55270826002CF0D1A8F8006032
:1060400011E056270726002CF8D06888A080002091
:1060500013E0FFDF02E0012808D0FFDFA8F80060AE
:106060000CB1278066800020BDE8FC9F57270726DB
:10607000002CE3D06888A080687AA071EEE7401D0C
:1060800020F0030009B14143091D01EB40007047B6
:1060900013B5DB4A00201071009848B1002468460F
:1060A00009F03BFE002C02D1D64A009911601CBDBC
:1060B00001240020F4E770B50D461446064686B06C
:1060C0005C220021284607F05EF904B9FFDFA078C2
:1060D0006874A2782188284601F09DFA0020A881E2
:1060E000E881228805F11401304605F056FD6A4624
:1060F0000121304606F00FFF1AE000BF9DF80300B3
:10610000000715D5BDF806103046FFF72DFD9DF8A8
:106110000300BDF8061040F010008DF80300BDF834
:106120000300ADF81400FF233046059A07F077F816
:10613000684606F0FCFE0028E0D006B070BD10B541
:106140000C4601F1140005F060FD0146627C20461A
:10615000BDE8104001F094BA30B50446A84891B0AB
:106160004FF6FF75C18905AA284606F0D4FE30E037
:106170009DF81E00A0422AD001282AD1BDF81C009B
:10618000B0F5205F03D042F60101884221D1002002
:1061900002AB0AAA0CA9019083E80700072000902F
:1061A000BDF81A1010230022284606F084FF38B9E3
:1061B000BDF828000BAAC0B20CA90BF017FD10B156
:1061C000032011B030BD9DF82E00A04201D1002067
:1061D000F7E705A806F0ABFE0028C9D00520F0E7D8
:1061E00070B50546042109F069FF040000D1FFDF06
:1061F00004F114010C46284605F0EBFC2146284624
:10620000BDE8704005F0ECBC70B58AB00C4606469F
:10621000FBF794FA050014D02878222827D30CB174
:10622000A08890B101208DF80C0003208DF810009B
:1062300000208DF8110054B1A088ADF81800206836
:1062400007E043F202000AB070BD0920FBE7ADF899
:10625000180005900421304609F030FF040000D1F9
:10626000FFDF04F1140005F0E6FC000701D408206C
:10627000E9E701F02BFF60B108A802210094CDE905
:10628000011095F8232003A930466368FFF7EEFB61
:10629000D9E71120D7E72DE9F04FB2F802A08346E5
:1062A00089B0154689465046FBF748FA074604214F
:1062B000504609F003FF0026044605964FF00208F9
:1062C0000696ADF81C6007B9FFDF04B9FFDF414651
:1062D000504603F0DAFE50B907AA06A905A88DE8D2
:1062E00007004246214650466368FFF74EFB44488C
:1062F00007AB0660DDE9051204F11400CDF800904B
:10630000CDE90320CDE9013197F8232059465046C5
:106310006B6805F0D9FC06000AD0022E04D0032ECB
:1063200014D0042E00D0FFDF09B03046BDE8F08F56
:10633000BDF81C000028F7D00599CDE900104246B1
:10634000214650466368FFF74DFBEDE7687840F063
:1063500008006870E8E72DE9F04F99B004464FF067
:1063600000082748ADF81C80ADF82080ADF82480E7
:10637000A0F80880ADF81480ADF81880ADF82C8036
:10638000ADF82880007916460D464746012808D00A
:10639000022806D0032804D0042802D0082019B00F
:1063A000C4E72046FAF747FF70BB2846FAF743FFD9
:1063B00050BB6068FAF78CFF30BB606848B16089F9
:1063C0002189884202D8B1F5007F01D90C20E6E787
:1063D00080460EAA06A92846FFF7C8F90028DED194
:1063E00068688078C0F34100022808D19DF8190040
:1063F00010F0380F03D02869FAF761FF20B904E0E4
:10640000380200201400002022E005A92069FFF7CF
:1064100065F90028C3D1206948B1607880079DF8EC
:10642000150000F0380001D5F0B300E0E0BB9DF8A6
:10643000140080060ED59DF8150010F0380F03D01B
:106440006068FAF73CFF18B96068FAF741FF08B1D5
:106450001020A4E70AA96069FFF740F900289ED13F
:10646000606940B19DF8290000F0070101293CD185
:1064700010F0380F39D00BA9A069FFF72FF90028C9
:106480008DD19DF8280080062FD49DF82C00800621
:106490002BD4A06950B19DF82D0000F0070101290F
:1064A00023D110F0380F00E01FE01ED0E06818B1D3
:1064B0000078D0B11C2818D20FAA611C2046FFF723
:1064C0007CF90121384661F30F2082468DF8521085
:1064D000B94642F603000F46ADF850000DF13F02F9
:1064E00018A928680BF0A1FB08B1072057E79DF811
:1064F000600015A9CDF80090C01CCDE9019100F015
:10650000FF0B00230BF20122514614A806F02EFCCB
:10651000F0BBBDF854000C90FE482A89296900920E
:10652000CDE901106B89BDF838202868069906F07E
:106530001DFC01007ED120784FF0020AC10601D473
:1065400080062BD5CDF80C90606950B90AA906A831
:10655000FFF764F99DF8290020F00700401C8DF832
:1065600029009DF8280008A940F0C8008DF82800EF
:106570008DF8527042F60210ADF8500003AACDF823
:1065800000A0CDE90121002340F2032214A800E07D
:106590001EE00A9906F0EAFB01004BD1DD484D46AA
:1065A00008385B460089ADF83D000FA8CDE90290A0
:1065B000CDF80490CDF810904FF007090022CDF8E7
:1065C0000090BDF854104FF6FF7006F012FB10B1AA
:1065D000FFF753F8E3E69DF83C00000624D5294672
:1065E000012060F30F218DF852704FF42450039571
:1065F000ADF8500062789DF80C00002362F30000B3
:106600008DF80C006278CDF800A0520862F34100CA
:106610008DF80C0003AACDE9012540F2032214A84D
:1066200006F0A4FB010005D1606888B32069A8B911
:1066300005A900E084E006A8FFF7F0F8607880077D
:1066400006D49DF8150020F038008DF8150005E0FF
:106650009DF8140040F040008DF814008DF8527041
:1066600042F60110ADF85000208940F20121B0FB44
:10667000F1F201FB1202606809ABCDF80080CDE9B0
:106680000103002314A8059906F070FB010057D1FF
:106690002078C00728D00395A06950B90BA906A897
:1066A000FFF7BCF89DF82D0020F00700401C8DF886
:1066B0002D009DF82C008DF8527040F040008DF8B0
:1066C0002C0042F60310ADF8500007A903AACDF83C
:1066D00000A0CDE90121002340F2032214A80B9968
:1066E00006F044FB01002BD1E06868B32946012085
:1066F00060F30F218DF8527042F60410ADF850008F
:10670000E068002302788DF8582040788DF8590011
:10671000E06816AA4088ADF85A00E06800798DF864
:106720005C00E068C088ADF85D00CDF80090CDE970
:1067300001254FF4027214A806F018FB010003D0E3
:106740000C9800F0C9FF2AE672480321083801714D
:1067500056B100893080BDF824007080BDF820005B
:10676000B080BDF81C00F080002018E670B501254F
:106770008AB016460B46012802D0022816D104E042
:106780008DF80E504FF4205003E08DF80E5042F675
:106790000100ADF80C005BB10024601C60F30F2415
:1067A00004AA08A918460BF040FA18B107204AE5D8
:1067B000102048E504A99DF820205648CDE9002185
:1067C000801E02900023214603A802F2012206F057
:1067D000CDFA10B1FEF751FF35E54E4808380EB13D
:1067E000C1883180057100202DE5F0B593B00746D2
:1067F00001268DF83E6041F60100ADF83C0012AA7A
:106800000FA93046FFF7B2FF002849D1414C0025BF
:10681000083CEFB31C22002102A806F0B4FD9DF84D
:1068200008008DF83E6040F020008DF8080042F628
:106830000520ADF83C000E959DF83A00119520F02A
:106840000600801C8DF83A009DF838006A4620F05A
:10685000FF008DF838009DF8390009A920F0FF00ED
:106860008DF839000420ADF82C00ADF830000EA8EA
:106870000A9011A80D900FA80990ADF82E5002A80B
:10688000FFF769FD00280BD1BDF80000608100E032
:1068900008E0BDF80400A081401CE08125710020C3
:1068A00013B0F0BD6581A581BDF84800F4E72DE97E
:1068B000F74F1849A0B00024083917940A79A14667
:1068C000012A04D0022A02D0082023B02EE5CA886B
:1068D000824201D00620F8E721988A46824201D1FF
:1068E0000720F2E70120214660F30F21ADF84800B0
:1068F0004FF6FF780691ADF84A808DF86E0042F6AB
:10690000020B8DF872401CA9ADF86CB0ADF8704068
:10691000139101E040020020ADF8508012A806F06B
:1069200035FB00252E462F460DAB072212A9404607
:1069300006F02FFB78B10A285DD195B38EB3ADF880
:106940006450ADF866609DF85E008DF8144019AC97
:10695000012864D06BE09DF83A001FB3012859D19B
:10696000BDF8381059451FD118A809A901940294FF
:10697000CDE9031007200090BDF836101023002247
:10698000404606F098FBB0BBBDF86000042801D07B
:1069900006284AD1BDF82410219881423AD10F200F
:1069A00093E73AE0012835D1BDF83800B0F5205F13
:1069B00003D042F6010188422CD1BAF80600BDF896
:1069C0003610884201D1012700E0002705B19EB1B1
:1069D000219881421ED118A809AA01940294CDE9F8
:1069E0000320072000900D4610230022404606F0A9
:1069F00062FB00B902E02DE04E460BE0BDF86000FE
:106A0000022801D0102810D1C0B217AA09A90BF092
:106A1000EDF850B9BDF8369086E7052055E705A991
:106A200017A8221D0BF001F908B103204DE79DF8CE
:106A300014000023001DC2B28DF814202298009289
:106A4000CDE901401BA8069906F090F910B9022281
:106A50008AF80420FEF711FE37E710B50B46401EFA
:106A600088B084B205AA00211846FEF7A6FE0020D1
:106A70000DF1080C06AA05A901908CE80700072073
:106A800000900123002221464FF6FF7006F0B1F876
:106A90000446BDF81800012800D0FFDF2046FEF7AD
:106AA000ECFD08B010BDF0B5F74F044687B038795B
:106AB0000E46032804D0042802D0082007B0F0BDF9
:106AC00004AA03A92046FEF751FE0500F6D160682E
:106AD0008078C0F3410002280AD19DF80D0010F023
:106AE000380F05D02069FAF7EAFB08B11020E5E776
:106AF000208905AA21698DE807006389BDF8102067
:106B00002068039906F032F910B1FEF7B6FDD5E71B
:106B100016B1BDF814003080042038712846CDE746
:106B2000F8B50C0006460CD001464FF6FF75002361
:106B30006A46284606F044FB28B100BFFEF79DFDDB
:106B4000F8BD1020F8BD69462046FEF7C7FD0028B5
:106B5000F8D1A078314600F001032846009A06F0EB
:106B60005EFBEBE730B587B0144600220DF1080C50
:106B700005AD01928CE82C00072200920A460146DE
:106B800023884FF6FF7006F034F8BDF8141021800A
:106B9000FEF773FD07B030BD70B50D46042109F056
:106BA0008DFA040000D1FFDF294604F11400BDE88E
:106BB000704005F039B870B50D46042109F07EFA31
:106BC000040000D1FFDF294604F11400BDE8704045
:106BD00005F04DB870B50D46042109F06FFA0400B8
:106BE00000D1FFDF294604F11400BDE8704005F034
:106BF00065B870B50546042109F060FA040000D1BB
:106C0000FFDF214628462368BDE870400122FEF7D9
:106C100003BF70B50646042109F050FA040000D104
:106C2000FFDF04F1140004F0F0FF401D20F0030525
:106C300011E0011D00880022431821463046FEF76E
:106C4000EBFE00280BD0607CABB2684382B2A06838
:106C5000011D09F002F9A06841880029E9D170BD41
:106C600070B50546042109F029FA040000D1FFDFC0
:106C7000214628466368BDE870400222FEF7CCBE7C
:106C800070B50E46054601F021FA040000D1FFDF81
:106C90000120207266726580207820F00F00001DB0
:106CA00020F0F00040302070BDE8704001F012BAD2
:106CB00010B50446012900D0FFDF2046BDE8104092
:106CC0000121FEF7A7BA2DE9F04F97B04FF0000A67
:106CD0000C008346ADF814A0D04619D0E06830B15E
:106CE000A068A8B10188ADF81410A0F800A058461B
:106CF000FAF724FD070043F2020961D03878222810
:106D00005CD30421584609F0D9F9050005D103E008
:106D1000102017B0BDE8F08FFFDF05F1140004F07C
:106D200074FF401D20F00306A078012803D002283C
:106D300001D00720EDE7218807AA584606F0EBF8B6
:106D400030BB07A806F0F3F810BB07A806F0EFF871
:106D500048B99DF82600012805D1BDF82400A0F50A
:106D60002451023902D04FF45050D2E7E068B0B15C
:106D7000CDE902A00720009005AACDF804A0049256
:106D8000A2882188BDF81430584605F032FF10B1B2
:106D9000FEF773FCBDE7A168BDF8140008809DF8FC
:106DA0001F00C00602D543F20140B2E70B9838B18C
:106DB000A1780078012905D080071AD40820A8E717
:106DC0004846A6E7C007F9D002208DF83C00A86825
:106DD0004FF00009A0B1697C4288714391420FD9FC
:106DE0008AB2B3B2011D08F0EEFF8046A0F800A001
:106DF00006E003208DF83C00D5F800804FF0010933
:106E00009DF8200010F0380F00D1FFDF9DF8200022
:106E10001E49C0F3C200084497F8231010F8010C73
:106E2000884201D90F2074E72088ADF8400014A9EA
:106E30000095CDE90191434607220FA95846FEF778
:106E400015FE002891D19DF8500050B9A078012876
:106E500007D1687CB3B2704382B2A868011D08F004
:106E6000C6FF002055E770B5064615460C46084695
:106E7000FEF7C2FB002805D12A4621463046BDE870
:106E8000704073E470BD12E538020020F2B00100DA
:106E900070B51E4614460D0009D044B1616831B189
:106EA00038B1FC49C988814203D0072070BD102049
:106EB00070BD2068FEF7A0FB0028F9D132462146BC
:106EC0002846BDE87040FFF746BA70B515460C007D
:106ED00006D038B1EF490989814203D0072070BD3F
:106EE000102070BD2068FEF787FB0028F9D12946E5
:106EF0002046BDE87040D6E570B5064686B00D4622
:106F000014461046FAF7BDF9D0BB6068FAF7E0F90D
:106F1000B0BBA6F57F40FF3803D03046FAF70EFC31
:106F200080B128466946FEF79BFC00280CD19DF8ED
:106F300010100F2008293DD2DFE801F008060606F0
:106F4000060A0A0843F2020006B070BD0320FBE700
:106F50009DF80210012908D1BDF80010B1F5C05FFD
:106F6000F2D06FF4C052D142EED09DF80610012944
:106F70000DD1BDF80410A1F52851062907D200E073
:106F800029E0DFE801F0030304030303DCE79DF8D5
:106F90000A1001290FD1BDF80810B1F5245FD3D034
:106FA000A1F60211B1F50051CED00129CCD00229B1
:106FB00001D1C9E7FFDF606878B9002305AA294637
:106FC000304606F0FDF810B1FEF757FBBCE79DF820
:106FD0001400800601D41020B6E7618822462846B6
:106FE0006368FFF7BFFDAFE72DE9F043814687B047
:106FF000884614461046FAF744F918B1102007B035
:10700000BDE8F083002306AA4146484606F0D8F8BA
:1070100018B100BFFEF731FBF1E79DF81800C0067C
:1070200002D543F20140EAE70025072705A80195AC
:1070300000970295CDE9035062884FF6FF734146F1
:10704000484606F038F8060013D16068FAF719F9D7
:1070500060B960680195CDE90250009704952388D6
:1070600062884146484606F026F80646BDF81400F8
:1070700020803046CEE739B1864B0A889B899A42F8
:1070800002D843F2030070471DE610B586B0814C6C
:107090000423ADF81430638943B1A4898C4201D232
:1070A000914205D943F2030006B010BD0620FBE76C
:1070B000ADF81010002100910191ADF800300221CF
:1070C0008DF8021005A9029104A90391ADF81220D0
:1070D0006946FFF7F8FDE7E72DE9FC4781460D46D5
:1070E0000846FAF7A8F888BB4846FAF727FB5FEA94
:1070F00000080AD098F80000222829D30421484625
:1071000008F0DCFF070005D103E043F20200BDE810
:10711000FC87FFDF07F1140004F08DFD0646287898
:10712000012803D0022804D00720F0E7B0070FD5CC
:1071300002E016F01C0F0BD0A8792C1DC00709D057
:10714000E08838B1A068FAF776F818B11020DEE7C9
:107150000820DCE721882A780720B1F5847F35D024
:107160001EDC40F20315A1F20313A94226D00EDC67
:10717000B1F5807FCBD003DCF9B1012926D1C6E778
:10718000A1F58073013BC2D0012B1FD113E0012B6D
:10719000BDD0022B1AD0032BB9D0042B16D112E08C
:1071A000A1F20912082A11D2DFE802F00B04041040
:1071B00010101004ABE7022AA9D007E0012AA6D0DC
:1071C00004E0320700E0F206002AA0DACDB200F0B7
:1071D0007DFF50B198F82300CDE90005FA892346D8
:1071E00039464846FEF78DFC91E711208FE72DE9DF
:1071F000F04F8BB01F4615460C4683460026FAF723
:107200009DFA28B10078222805D208200BB081E52C
:1072100043F20200FAE7B80801D00720F6E7032F8F
:1072200000D100274FF6FF79CCB1022D73D3204651
:10723000FAF74EF830B904EB0508A8F10100FAF7A7
:1072400047F808B11020E1E7AD1E38F8028CAAB269
:107250002146484606F007F940455CD1ADB20D49DC
:10726000B80702D58889401C00E001201FFA80F889
:10727000F80701D08F8900E04F4605AA41465846DD
:1072800005F049FE4FF0070A4FF00009DCB3204635
:107290000BE0000038020020408810283BD8361D43
:1072A000304486B2AE4236D2A01902884245F3D3AA
:1072B00051E000BF9DF8170002074CD594B304EBD2
:1072C0000608361DB8F80230B6B2102B23D89A192A
:1072D000AA4220D8B8F8002091421CD1C0061CD583
:1072E000CDE900A90DF1080C0AAAA11948468CE8BD
:1072F0000700B8F800100022584605F07AFC20B1CB
:10730000FEF7BBF982E726E005E0B8F80200BDF819
:107310002810884201D00B2078E7B8F802003044EA
:1073200086B207E0FFE7C00604D55846FEF71CFC0E
:10733000002888D19DF81700BDF81A1020F0100021
:107340008DF81700BDF81700ADF80000FF23584670
:10735000009A05F064FF05A805F0E9FD18B9BDF82D
:107360001A10B942A6D90421584608F0A7FE040015
:1073700000D1FFDFA2895AB1CDE900A94D46002313
:1073800021465846FEF7BDFB0028BBD1A5813DE74D
:1073900000203BE72DE9FF4F8BB01E4617000D463E
:1073A0004FF0000412D0B00802D007200FB0B1E4B3
:1073B000032E00D100265DB10846F9F780FF28B9F9
:1073C0003888691E0844F9F77AFF08B11020EDE704
:1073D000C74AB00701D5D18900E00121F0074FF677
:1073E000FF7802D0D089401E00E0404686B206AA4F
:1073F0000B9805F090FD4FF000094FF0070B0DF1D1
:10740000140A38E09DF81B00000734D5CDF804902D
:10741000CDF800B0CDF80890CDE9039A434600229C
:107420000B9805F048FE60BB05B3BDF814103A8810
:1074300021442819091D8A4230D3BDF81E2020F8A6
:10744000022BBDF8142020F8022BCDE900B9CDE9BC
:107450000290CDF810A0BDF81E10BDF81430002227
:107460000B9805F028FE08B103209FE7BDF8140033
:107470002044001D84B206A805F059FD20B10A2859
:1074800006D0FEF7FAF891E7BDF81E10B142B9D95F
:1074900034B17DB13888A11C884203D20C2085E725
:1074A000052083E722462946404605F0DCFF0146D9
:1074B00028190180A41C3C80002077E710B5044601
:1074C000F9F7DFFE08B1102010BD8948C08920807F
:1074D000002010BDF0B58BB00D46064614220021E9
:1074E00003A805F050FF01208DF80C008DF8100066
:1074F00000208DF81100ADF814503046FAF71EF94F
:1075000048B10078222812D30421304608F0D6FD75
:10751000040005D103E043F202000BB0F0BDFFDF31
:1075200004F11400074604F086FB800601D408200D
:10753000F3E7207C022140F00100207409A80094A8
:10754000CDE90110072203A930466368FEF78EFAE1
:1075500020B1217C21F001012174DEE7294630466B
:10756000FDF749FE08A9384604F054FB00B1FFDFDF
:10757000BDF82040172C01D2172000E02046A84279
:1075800001D92C4602E0172C00D2172421463046A0
:10759000FFF711FB21463046FDF751FB0020BCE709
:1075A000F8B51C4615460E46069F08F0BAFE23465F
:1075B000FF1DBCB231462A46009408F0B6FAF8BD69
:1075C00070B50C4605460E220021204605F0DBFE74
:1075D000002020802DB1012D01D0FFDF70BD0620DD
:1075E00000E00520A07170BD10B5488008781346F2
:1075F00020F00F00001D20F0F00080300C460870D5
:107600001422194604F1080005F093FE00F062FD13
:107610003748046010BD2DE9F047DFF8D890491DC8
:10762000064621F0030117460C46D9F8000008F081
:1076300092FB050000D1FFDF4FF000083560A5F890
:1076400000802146D9F8000008F085FB050000D134
:10765000FFDF7560A5F800807FB104FB07F1091D0D
:107660000BD0D9F8000008F076FB040000D1FFDF52
:10767000B460C4F80080BDE8F087C6F80880FAE777
:107680002DE9F0411746491D21F00302194D064628
:1076900001681446286808F089FB2246716828684A
:1076A00008F084FB3FB104FB07F2121D03D0B16860
:1076B000286808F07BFB042008F0ACFC044604209A
:1076C00008F0B0FC201A012804D12868BDE8F04178
:1076D00008F036BBBDE8F08110B50C4605F0EAFBBA
:1076E00000B1FFDF2046BDE81040FDF7C6BF000037
:1076F00038020020140000204FF0E0214FF4004039
:10770000C1F88001BFF34F8FBFF36F8F00F021B836
:1077100010B5044600F01DF8002C09D0124A12489A
:1077200012491432124B012C03D0022C07D0FFDF78
:1077300010BD0224046011604FF0407004E0032487
:10774000046011604FF40000186010BD00B5FFDF49
:1077500000BD054800210160016005494FF06070DF
:10776000091D08607047000000F500404802002035
:1077700004F501402DE9F05FDFF850A44FF0000858
:107780008B4606469AF80940474645469AF80190C6
:1077900008E0284601F00EF8817B407811FB007765
:1077A0006D1CEDB24D45F4D19AF8090020442044F7
:1077B00020440744FF2F01D94FF013083068C01C44
:1077C00020F0030232605BEA080021D1FF48FBB2DF
:1077D000062120300CF0C8F9002408E0062C0FD256
:1077E000DFE804F005030A0A0C05F94800E0F9484F
:1077F0000CF0DAF9054604E0F748F9E7F748F7E74F
:10780000FFDFA54200D0FFDF641CE4B2062CE5D305
:10781000306800EB071030604046BDE8F09F38B597
:107820000C468288817B19B14189914200D90A4670
:107830002280C188121D90B26A4607F081FCBDF813
:107840000000032800D30320C1B2208800F0D1FF3C
:1078500038BD38B50C468288817B19B101899142C7
:1078600000D90A462280C188121D90B26A4607F0EC
:1078700067FCBDF80000022800D30220C1B22088B6
:1078800000F0B7FF401CC0B238BD2DE9FF5F824653
:107890008B46D34814460BF10302D0E90110CDE921
:1078A000021022F0030201A84421019208F035FAE7
:1078B000C64E002C02D1CB49019A8A60019901443D
:1078C0000191B57E05F1010504D1E8B20AF026F96F
:1078D00000B1FFDF019800EB0510C01C20F0030190
:1078E000019144B9727A00200870B08B80B205F023
:1078F00040F900B1FFDF0198F16908440190214689
:1079000001A8FFF737FF80460198C01C20F0030054
:107910000190717A04B1002008F0F5FA0199084449
:107920000190214601A800F06FFFA84800273D46BE
:1079300090F801900CE0284600F03CFF0646817864
:107940008088FDF713FA71786D1C00FB0177EDB2AA
:107950004D45F0D10198C01C20F00300019004B106
:1079600000203946FDF70DFA0199002708440190DF
:1079700096483D4690F801900CE0284600F01AFF2A
:107980000646C1788088FEF77AFB71786D1C00FB93
:107990000177EDB24D45F0D10198C01C20F00300F5
:1079A000019004B100203946FEF772FB01994FF0B7
:1079B00000090844019085484D4647780EE0284666
:1079C00000F0F8FE0646807B30B106F1080002F0B8
:1079D0009DF8727800FB02996D1CEDB2BD42EED1AC
:1079E0000198C01C20F00300019004B100207D49E3
:1079F0004A78494602F08EF80199084401902146E0
:107A000001A800F0B3FE0198C01D20F0070001900E
:107A1000DAF80010814204D3A0EB0B01B1F5803FEE
:107A200004DB4FF00408CAF8000004E0CAF80000C4
:107A3000B8F1000F02D0404604B0EEE674BB6A49CC
:107A40000020019A0CF0FEF9FAF77EFB5F4C207ED5
:107A50000090607E012823D0002318B300225B48E9
:107A600000210C30FBF74AF800B1FFDFE07EFEF7A3
:107A7000BCFE00B1FFDF55484FF4F67200213830EC
:107A800005F081FC51480421383080F8E91180F874
:107A9000EA11062180F8EB11032101710020CBE7E8
:107AA0000123DAE702AADAE770B5484C0646383413
:107AB000207804EB4015E078083598B9A01990F8C3
:107AC000E80100280FD0A0780F2800D3FFDF202284
:107AD0000021284605F057FC687866F302006870BC
:107AE0000120E070284670BD2DE9F04105460C46A6
:107AF00000270078052190463E46B1EB101F00D0CC
:107B0000FFDF287A50B101280ED0FFDFA8F800600F
:107B10000CB1278066800020BDE8F081012709268E
:107B200074B16888A08008E00227142644B16888F0
:107B3000A0802869E060A88A2082287B2072E5E77F
:107B4000A8F80060E7E730B5204C01200021207044
:107B50006170207260726176217621730521A182A5
:107B60001F21E182607321A121610A21A176E076C3
:107B70001C4D4FF4B060E0616868C11C21F0030146
:107B8000814200D0FFDF6868606030BD30B5154CC1
:107B90001568636810339D4202D20420136030BD23
:107BA0000A4B5D785A6802EB051210705170032081
:107BB000D080172090800120D070907000209073AA
:107BC0005878401C58706068103013E0540300204F
:107BD000A11F0000359C0000A9B000000F19010092
:107BE000F8B0010018000020000000206E52463559
:107BF000780000006060002030BD70B50646F8488F
:107C00000024457807E0204600F0D4FD0178B14219
:107C100004D0641CE4B2AC42F5D1002070BDF7B5CD
:107C2000074608780C4610B3FFF7E7FF0546A7F1B3
:107C30002006202F06D0052E19D2DFE806F00F2BE4
:107C40002B151A0000F0C2FD0DB1697800E000218B
:107C5000401AA17880B20844FF2808D8A07830B133
:107C6000A088022824D202E06088172820D20720AA
:107C7000FEBD207AE0B161881729F8D3A1881729C1
:107C8000F5D3A1790029F2D0E1790029EFD040287D
:107C900004D9ECE7242F0BD1207A48B161884FF644
:107CA000FB70814202D8A188814201D90420FEBD27
:107CB00065B9207802AA0121FFF768FF0028F6D1F4
:107CC0002078FFF79AFF050000D1FFDF052E18D2BC
:107CD000DFE806F0030B0E081100A0786870A0889A
:107CE000E8800FE06088A8800CE0A078A87009E028
:107CF000A078E87006E054F8020FA8606068E860B9
:107D000000E0FFDF0020FEBD1A2835D00DDC13286F
:107D100032D2DFE800F01B31203131272723252D17
:107D2000313129313131312F0F00302802D003DCBD
:107D30001E2821D1072070473A3809281CD2DFE8D5
:107D400000F0151B0F1B1B1B1B1B0700002070479F
:107D500043F20400704743F202007047042070476A
:107D60000D2070470F207047082070471120704782
:107D700013207047062070470320704710B5007825
:107D800000F0010007F0D2F9BDE81040BCE710B5E3
:107D9000007800F0010007F0CEF9BDE81040B3E72D
:107DA0000EB5017801F001018DF80010417801F065
:107DB00001018DF801100178C1F340018DF8021026
:107DC0004178C1F340018DF80310017889088DF8DE
:107DD0000410417889088DF8051081788DF8061017
:107DE000C1788DF8071000798DF80800684606F014
:107DF0005DFEFFF789FF0EBD2DE9F84F784CDFF8E7
:107E0000E481383400261FE0012000F048FD012005
:107E1000FFF74AFE054644214746D8F8080007F018
:107E20009AFF686000B9FFDF686806F03BFDA8B103
:107E30002846F9F7F1FD284600F036FD20B9442226
:107E40006968B86807F0B2FF94F9E9010428DBDA41
:107E5000022008F0DFF807460025A6E04422696802
:107E6000D8F8080007F0A2FFF2E7B8F80210404681
:107E7000491C89B2A8F80210B94201D300214180FF
:107E80000221B8F8020008F019F9002865D0B8F806
:107E90000200694607F0C8F8FFF736FF00B1FFDFC0
:107EA0009DF8000078B1B8F8020008F04CFA5FEADB
:107EB000000900D1FFDF484607F0CBFC18B1B8F845
:107EC000020002F0D0F8B8F8020008F02AFA5FEADF
:107ED000000900D1FFDF484607F0B3FCE8BB0321EF
:107EE000B8F8020008F0EAF85FEA000B48D1FFDFBB
:107EF00046E000BFDBF8100010B10078FF2849D041
:107F0000022000F0CCFC0220FFF7CEFD824648465E
:107F100007F0A3FDCAF8040000B9FFDFDAF8040097
:107F200007F06BFE002100900170B8F80210504677
:107F3000AAF8021001F0BAFF484607F060FE00B947
:107F4000FFDF504600F0B0FC18B99AF801000007B6
:107F500004D50099CBF8101012E024E0DBF81000F3
:107F600038B10178491C11F0FF01017008D1FFDF21
:107F700006E000221146484600F0F6FB00B9FFDF9C
:107F800094F9EA01022805DBB8F8020001F055FF78
:107F90000028AFD194F9E901042804DB484607F032
:107FA00092FE00B101266D1CEDB2BD4204D294F9DF
:107FB000EA010228BFF659AF002E7FF423AFBDE8D7
:107FC000F84F032000F06BBC10B5064CE060086869
:107FD0002061AFF2DB1002F0C8FF607010BD00003E
:107FE0005403002018000020F74800210170F748D2
:107FF0000170F7494160704770B505464FF08050F9
:108000000C46D0F8A410491C05D1D0F8A810C943DB
:108010000904090C0BD050F8A01F01F001012970D0
:10802000416821608068A080287830B970BD062141
:1080300020460BF08CFB01202870607940F0C000D6
:10804000607170BD70B54FF080540D46D4F880104B
:10805000491C0BD1D4F88410491C07D1D4F88810DE
:10806000491C03D1D4F88C10491C0CD0D4F88010D2
:108070000160D4F884104160D4F888108160D4F88D
:108080008C10C16002E010210BF061FBD4F890006D
:10809000401C0BD1D4F89400401C07D1D4F89800B0
:1080A000401C03D1D4F89C00401C09D054F8900F18
:1080B000286060686860A068A860E068E86070BDDB
:1080C0002846BDE8704010210BF041BBBE48383057
:1080D0000079E9E470B5BC4C3834E07830B32078EE
:1080E00004EB4010407A00F00700204490F9E801CA
:1080F000002800DCFFDF2078002504EB4010407AE8
:1081000000F00700011991F8E801401E81F8E8012C
:108110002078401CC0B220700F2800D12570A078B4
:10812000401CA0700BF09CF9E57070BDFFDF70BDC6
:108130003EB50546032107F0C1FF0446284608F076
:10814000F0F8054604B9FFDF206918B10078FF2870
:1081500000D1FFDF01AA6946284600F005FB60B99F
:10816000FFDF0AE0002202A9284600F0FDFA00B96C
:10817000FFDF9DF8080000B1FFDF9DF80000411E01
:108180008DF80010EED220690199884201D10020BB
:1081900020613EBD70B50546A0F57F400C46FF3816
:1081A00000D1FFDF012C01D0FFDF70BDFFF78EFF94
:1081B000040000D1FFDF207820F00F00401D20F0E8
:1081C000F000503020706580002020720120207364
:1081D000BDE870407EE72DE9F04116460D460746A2
:1081E000FFF774FF040000D1FFDF207820F00F00BC
:1081F000401D20F0F0005030207067800120207278
:1082000028682061A888A0822673BDE8F04161E754
:108210007FB5FFF7F2FC040000D1FFDF02A9204682
:10822000FFF7FDFA054603A92046FFF712FB8DF87C
:1082300000508DF80100BDF80800001DADF80200E7
:10824000BDF80C00001DADF80400E088ADF8060094
:10825000684606F053FF002800D0FFDF7FBD2DE900
:10826000F05F5A4E8146307810B10820BDE8F09F8B
:108270004846F9F706F808B11020F7E7524C207885
:1082800008B9FFF760FC647A4D4600F09FFAA042FF
:1082900007D2201AC1B22A460020FFF777FC002837
:1082A000E4D171684848C91C002721F003017160BE
:1082B000B3463E463D46BA463C4690F801800AE049
:1082C000204600F077FA4178807B0E4410FB015580
:1082D000641CE4B27F1C4445F2D10AEB870000EB3A
:1082E000C600DBF8041000EB850045185C4601224F
:1082F00029464846FFF7C9FA060013D00020FFF7C9
:108300007CFC05000CD005F11300616820F003002F
:10831000884200D0FFDF2C484178491E41706560DB
:108320003046A3E7002229464846FFF7AEFA00B1DF
:10833000FFDFD9F8000060604FF6FF706080012019
:108340002070002092E72DE9F04104461F481746AF
:108350000E46007810B10820BDE8F0810846F8F715
:108360006AFF08B11020F7E7174D287808B9FFF722
:10837000EAFB601E1E2807D8012C22D13078FE2887
:108380001FD8A8760020E7E7A4F120001F2805D811
:10839000E0B23A463146BDE8F04140E4A4F1400085
:1083A0001F2805D831462046BDE8F04100F0A2BAAA
:1083B000A4F1A0001F2804D80020A02C0AD0A12CD2
:1083C0000DD00720C8E7000054030020180000204B
:1083D00048100020317801F00101E976BCE73168EE
:1083E0000922F82901D38B0701D01046B4E76B7B33
:1083F00003F00303012B04D1EB8AD7339CB28C42E8
:10840000F3D8E961A8E72DE9F04781460E46084612
:10841000F8F737FF48B94846F8F751FF28B909F18E
:10842000030020F00301494502D01020BDE8F08789
:10843000FC484FF0000A817869B14178804600EB32
:1084400041140834378832460021204600F039FABA
:10845000050004D027E0A6F800A00520E6E7B9F162
:10846000000F24D03088B84201D90C251FE0607875
:1084700000F00705284600F012FA08EB050732461F
:1084800097F8E8014946401C87F8E801204607F5BF
:10849000F47700F016FA05463878401E387003204D
:1084A00000F0FDF92DB10C2D01D0A6F800A0284652
:1084B000BCE76078DC4E00F00701012923D00229D7
:1084C0000CD0032933D0FFDF98F801104046491C37
:1084D000C9B288F801100F2934D035E0616821B1A4
:1084E000000702D46088FFF723FE98F8EA014746A8
:1084F000012802D1707802F057FD97F9EA010428AB
:10850000E2DBFFDFE0E7616819B14422B06807F001
:108510004DFC98F8E9014746032802D1707802F033
:1085200043FD97F9E9010428CEDBFFDFCCE7C00665
:1085300002D56088FFF7FCFD98F9EB010628C3DB44
:10854000FFDFC1E780F801A08178491E8170617862
:1085500001F0070101EB080090F8E811491C80F8D0
:10856000E811A4E770B50D460446F8F764FE18B9A3
:108570002846F8F786FE08B1102070BD294620462F
:10858000BDE8704009F002BB70B5054609F021FB5B
:10859000C4B22846F8F793FE08B1102070BD35B17B
:1085A00028782C7018B1A04201D0072070BD204659
:1085B000FDF7D2FD052805D109F00FFB012801D0F8
:1085C000002070BD0F2070BD70B5044615460E46E4
:1085D0000846F8F730FE18B92846F8F752FE08B1F9
:1085E000102070BD022C03D0102C01D0092070BDCA
:1085F0002A463146204609F0F9FA0028F7D005202E
:1086000070BD70B514460D460646F8F714FE38B92D
:108610002846F8F736FE18B92046F8F750FE08B19C
:10862000102070BD22462946304609F0FEFA002887
:10863000F7D0072070BD3EB50446F8F722FE08B11A
:1086400010203EBD684606F0C0F9FFF75DFB00282C
:10865000F7D19DF806002070BDF808006080BDF8D5
:108660000A00A08000203EBD70B505460C460846B5
:10867000F8F725FE20B93CB12068F8F702FE08B1F2
:10868000102070BDA08828B121462846BDE8704062
:10869000FDF7BABD092070BD70B505460C46084609
:1086A000F8F7C9FD30B9681E1E2814D82046F8F71F
:1086B000C2FD08B1102070BD032D01D9072070BD87
:1086C00005B9FFDF594800EB850050F8041C20462F
:1086D000BDE870400847A5F120001F2805D82146B5
:1086E0002846BDE87040F9F7C1BCF02D0AD0BF2D77
:1086F000E4D1A078218800F0010001F08DFA68B182
:10870000002070BDA068F8F796FD0028D2D1204661
:1087100006F04CFDBDE87040FFF7F6BA082070BDCA
:1087200070B504460D460846F8F7ABFD30B9601E3B
:108730001E280FD82846F8F77EFD08B1102070BD1E
:10874000012C03D0022C01D0032C01D1062070BDD6
:10875000072070BDA4F120001F28F9D82946204623
:10876000BDE87040F9F7D0BC07F03AB81CB5002955
:108770001FD104F02AFE2C4800224178C06805F081
:108780001DFF29481030C0788DF8000010B1012875
:1087900002D004E0012000E000208DF800006846CF
:1087A00006F06BF9214824380068019001A806F012
:1087B000BFFA1CBD30B51B4D0446383D6878A04259
:1087C00000D8FFDF686800EB041030BD70B51548B5
:1087D000002538382C46467807E02046FFF7EAFFA8
:1087E0004078641C2844C5B2E4B2B442F5D12846AE
:1087F00070BD021D5143452900D245210844C01CCB
:10880000B0FBF2F0C0B270472DE9FC5F06460548A8
:108810004FF0000838388B464746444690F80190A0
:1088200029E000008C030020180000201CB101008A
:108830002046FFF7BFFF050000D1FFDF68786946DB
:108840003844C7B22846FEF7EAFF824601A9284607
:10885000FEF7FFFF0346BDF804005246001D81B23B
:10886000BDF80000001D80B207F0A6FC6A78641C09
:1088700000FB0288E4B24C45DAD13068C01C20F01D
:1088800003003060BBF1000F00D0002042463946A3
:1088900007F0A0FC316808443060BDE8FC9F5649F1
:1088A00008710020C87070475349CA782AB10A7805
:1088B00001EB42110831814201D0012070470020B4
:1088C00070472DE9F04106460078154600F00F0488
:1088D00000201080601E0F46052800D3FFDF4748A8
:1088E0002A4600EB8400394650F8043C3046BDE887
:1088F000F04118472DE9F0413F4E0C46383E4028E4
:1089000006D041281AD0422822D0432826D11AE086
:1089100020786578012801D913201DE5FF2D08D89E
:1089200009F0F4FA07460AF053FD381A401EA8422F
:1089300001DA122010E5208830810DE0BDE8F04119
:10894000084600F00DB80878022807D8307603E012
:108950000878022802D870760020FDE40720FBE4A6
:1089600038B50446407800F00300012803D00228FF
:108970000BD0072038BD606858B1F8F7A9FCD0B912
:108980006068F8F79CFC20B915E06068F8F753FCC4
:1089900088B969462046FBF77FF90028EAD160785C
:1089A00000F00300022808D19DF8000028B160689B
:1089B000F8F785FC08B1102038BD6189F8290ED878
:1089C000208988420BD8607800F003020A483838C2
:1089D000012A06D1D731C26989B28A4201D209205F
:1089E00038BD94E80E0000F10C0585E80E000AB9C8
:1089F00000218182002038BD8C03002004B10100D9
:108A00002DE9F041074614468846084601F024FD4A
:108A1000064608EB88001C22796802EBC0000D189E
:108A2000688C58B14146384601F025FD014678680A
:108A30000078C200082305F120000CE0E88CA8B102
:108A40004146384601F01EFD01467868082340780B
:108A5000C20005F1240007F000FA38B106212172A6
:108A60006681D0E90010C4E9031009E028780928DC
:108A70000BD00520207266816868E06000202870B5
:108A80002046BDE8F04101F0C8BC07202072668195
:108A9000F4E72DE9F04116460D460746406801EB24
:108AA00085011C2202EBC1014418204601F00CFD97
:108AB00040B10021708865F30F2160F31F4105204C
:108AC0000BF02CF909202070324629463846BDE8C3
:108AD000F04195E72DE9F0410E46074600241C21A0
:108AE000F07816E004EB8403726801EBC303D25CF8
:108AF0006AB1FFF7EBFA050000D1FFDF6F802A466D
:108B000021463046FFF7C5FF0120BDE8F081641C17
:108B1000E4B2A042E6D80020F7E770B5064600248C
:108B20001C21C0780AE000BF04EB8403726801EBEB
:108B3000C303D5182A782AB1641CE4B2A042F3D842
:108B4000402070BD28220021284604F01CFC7068DB
:108B500080892881204670BD70B5034600201C2501
:108B6000DC780CE000EB80065A6805EBC606324460
:108B7000167816B1128A8A4204D0401CC0B28442D0
:108B8000F0D8402070BDF0B5044600201C26E578E2
:108B90000EE000BF00EB8007636806EBC7073B44AD
:108BA0001F788F4202D15B78934204D0401CC0B240
:108BB0008542EFD84020F0BD0078032801D0002086
:108BC0007047012070470078022801D000207047CC
:108BD000012070470078072801D00020704701204D
:108BE00070472DE9F041064688461078F178154621
:108BF000884200D3FFDF2C781C27641CF078E4B295
:108C0000A04201D8201AC4B204EB8401706807EBBB
:108C1000C1010844017821B14146884708B12C7050
:108C200073E72878A042E8D1402028706DE770B53E
:108C300014460B880122A240134207D113430B8034
:108C400001230A22011D07F0D2F8047070BD2DE93E
:108C5000FF4F81B00878DDE90E7B9A4691460E46BB
:108C600040072CD4019807F06EFB040000D1FFDF11
:108C700007F1040820461FFA88F106F0BDFC050044
:108C800000D1FFDF204629466A4606F008FF00981B
:108C9000A0F80370A0F805A0284606F0AEFF017802
:108CA00069F306016BF3C711017020461FFA88F1C2
:108CB00006F0E5FC00B9FFDF019805F027FC06EBA4
:108CC0000900017F491C017705B0BDE8F08F2DE94F
:108CD000F84F0E469A4691460746032107F0EEF9F3
:108CE0000446008DDFF87C85002518B198F8000057
:108CF000B0421ED1384607F026FB070000D1FFDF47
:108D000009F10401384689B206F076FC050010D05E
:108D1000384629466A4606F0C2FE009800210A46F7
:108D20000180817005F067FC0098C01DCAF8000042
:108D300021E098F80000B04216D104F1260734F87B
:108D4000341F012000FA06F911EA090F00D0FFDFF5
:108D50002088012340EA090020800A22391D384674
:108D600007F060F8067006E0324604F1340104F1C1
:108D70002600FFF75CFF0A2188F800102846BDE8AE
:108D8000F88FFEB515460C46064602AB0C220621AE
:108D9000FFF79DFF002827D00299607812220A7001
:108DA000801C487008224A80A070029829880523F8
:108DB00081806988C180A9880181E9884181002575
:108DC0000C20CDE90005062221463046FFF73FFF83
:108DD0002946002266F31F41F02310460AF0F4FEF4
:108DE0006078801C60700120FEBD2DE9FE430C46BA
:108DF000804644E002AB0E2207214046FFF767FFA2
:108E0000002841D060681C2267788678BF1C06EB7A
:108E1000860102EBC10145180298142101704770C8
:108E20000A214180698A0181E98A4181A98881807A
:108E3000A9898181304601F00FFB029905230722A1
:108E4000C8806F700420287000250E20CDE9000531
:108E500021464046FFF7FBFE294666F30F2168F3E3
:108E60001F41F023002205200AF0AEFE6078FE4983
:108E7000801C607062682046921CFFF7B2FE60683A
:108E800080784028B6D10120BDE8FE83FEB50D46AE
:108E9000064638E002AB0E2207213046FFF717FFE7
:108EA000002835D068681C23C17801EB810203EBF0
:108EB000C2028418029815220270627842700A2257
:108EC0004280A2894281A2888281084601F0C4FAC8
:108ED000014602988180618AC180E18A0181A0886F
:108EE000B8B10020207000210E20CDE9000105233B
:108EF000072229463046FFF7AAFE6A68DB49284662
:108F0000D21CFFF76EFE6868C0784028C2D10120ED
:108F1000FEBD0620E6E72DE9FE430C46814644E00F
:108F2000204601F0BBFAD0B302AB08220721484625
:108F3000FFF7CDFE0028A7D060681C22657806796F
:108F4000AD1C06EB860102EBC10147180298B7F889
:108F5000108006210170457004214180304601F0E7
:108F60007BFA0146029805230722C180A0F80480FD
:108F70007D70082038700025CDE90005214648465F
:108F8000FFF765FE294666F30F2169F31F41F023C1
:108F9000002205200AF018FE6078801C607062686C
:108FA000B3492046121DFFF71CFE60680179402975
:108FB000B6D1012068E72DE9F34F83B00D4691E06B
:108FC000284601F06BFA00287ED068681C2290F8D1
:108FD00006A00AEB8A0102EBC1014418514628465B
:108FE00001F050FAA178CB0069684978CA000146BF
:108FF00004F1240006F04DFF07468188E08B4FF016
:109000000009091A8EB208B1C84607E04FF00108FE
:10901000504601F00CFA08B9B61CB6B2208BB0422B
:1090200000D80646B34602AB324607210398FFF745
:109030004EFE060007D0B8F1000F0BD0504601F0ED
:10904000F6F910B106E000203EE60299B8884FF02C
:10905000020908800196E28B3968ABEB09001FFA20
:1090600080F80A4403984E46009207F06CF9DDE957
:109070000021F61D4346009606F08BFDE08B404430
:1090800080B2E083B988884201D1012600E0002641
:10909000CDE900B6238A072229460398FFF7D7FDBA
:1090A000504601F0C4F910B9E089401EE0815EB17C
:1090B000A078401CA0706868E978427811FB02F142
:1090C000CAB20123816900E006E00E3006F08FFE8F
:1090D00080F800A00020E0836A6866492846921D57
:1090E000FFF77FFD6868817940297FF469AF01202F
:1090F000EAE570B5064648680D4614468179402970
:1091000010D104EB84011C2202EBC101084401F0E0
:10911000FCF9002806D06868294684713046BDE80D
:10912000704048E770BDFEB50C460746002645E096
:10913000204601F0B3F9D8B360681C22417901EBF5
:10914000810102EBC1014518688900B9FFDF02AB5C
:10915000082207213846FFF7BAFD002833D00299CC
:10916000607816220A70801C48700420488060686D
:10917000407901F071F901460298052307228180A8
:109180006989C1800820CDE9000621463846FFF7ED
:109190005EFD6078801C6070A88969890844B0F51C
:1091A000803F00D3FFDFA88969890844A8816E81C8
:1091B000626831492046521DFFF713FD606841790E
:1091C0004029B5D10120FEBD30B5438C458BC3F39A
:1091D000C704002345B1838B641EED1AC38A6D1E3C
:1091E0001D4495FBF3F3E4B22CB1008918B1A04201
:1091F00000D8204603444FF6FF70834200D3034655
:1092000013800C7030BD2DE9FC41074616460D4613
:10921000486802EB86011C2202EBC10144186A4631
:1092200001A92046FFF7D0FFA089618901448AB2D5
:10923000BDF80010914212D0081A00D500206081BC
:109240006868407940280AD1204601F054F9002886
:1092500005D06868294646713846FFF764FFBDE8C7
:10926000FC8100002C000020B98B0000C78B00009F
:10927000D58B00000BA50000F7A400002DE9FE4FE0
:109280000F46814615465088032106F017FF0190CE
:10929000B9F8020001F0D3F882460146019801F0C6
:1092A000FDF8002824D001981C2241680AEB8A00AE
:1092B00002EBC0000C18204601F006F9002817D177
:1092C000B9F80000E18A88420ED8A18961B1B8429C
:1092D0000ED100265146019801F0CDF8218C01EB0A
:1092E0000008608B30B114E0504601F0A0F8A0B344
:1092F000BDE8FE8F504601F09AF808B1678308E098
:10930000022FF5D3B9F804006083618A884224D81B
:109310000226B81B87B2B8F80400A28B801A002876
:1093200014DD874200DA38461FFA80FB68886968D6
:109330000291D8F800100A44009206F0F2FFF61DE0
:10934000009A5B460299009606F0EFFBA08B38442A
:1093500080B2A083618B884207D96888019903B0E5
:109360005246BDE8F04F01F0EDB81FD14FF00900B3
:109370002872B9F802006881D8E90010C5E9041024
:10938000608BA881284601F048F85146019801F009
:1093900072F801460198082340680078C20004F181
:1093A000200006F05AFD0020A0836083504601F0A3
:1093B0003EF810B9A089401EA0816888019903B0C9
:1093C0000AF0FF02BDE8F04F1DE72DE9F041064627
:1093D00015460F461C461846F7F72DFF18B92068AA
:1093E000F7F74FFF08B110201AE47168688C09780C
:1093F000B0EBC10F01D3132012E43946304601F01F
:109400003AF80146706808230078C20005F1200090
:1094100006F0EDFCD4E90012C0E90012002005E4DA
:1094200010B50446032106F049FE014600F114027E
:109430002046BDE81040A4E470B50446032106F0C0
:109440003DFE054601462046FFF765FD002816D083
:1094500029462046FFF767FE002810D029462046FF
:10946000FFF714FD00280AD029462046FFF7BDFC6F
:10947000002804D029462046BDE870409BE570BD19
:109480002DE9F0410C4680461EE0E178427811FB60
:1094900002F1CAB2816901230E3006F0DEFC0778C2
:1094A00060681C22C179491EC17107EB87016068A1
:1094B00002EBC10146183946204600F0EFFF18B113
:1094C000304600F0FAFF20B16068C1790029DCD194
:1094D0008AE7FEF7FBFD050000D1FFDF0A202872B6
:1094E000384600F0B9FF68813946204600F0CAFFCF
:1094F0000146606808234078C20006F1240006F0A7
:10950000ACFCD0E90010C5E90310A5F8028028469C
:1095100000F083FFB07800B9FFDFB078401EB07074
:1095200062E770B50C460546032106F0C7FD01460B
:109530004068C2792244C2712846BDE870409FE766
:109540002DE9FE4F8246507814460F464FF0000832
:10955000002850D0012807D0022822D0FFDF206841
:10956000B8606068F860C3E602AB0E22082150467E
:10957000FFF7ADFB0028F2D00298152105230170FA
:10958000217841700A214180C0F80480C0F8088029
:10959000A0F80C80628882810E20CDE900080822A4
:1095A00021E0A678304600F057FF054606EB86011D
:1095B0002C22786802EBC1010822465A02AB114600
:1095C0005046FFF784FB0028C9D00298072101709C
:1095D000217841700421418008218580C680CDE931
:1095E000001805230A4639464FEA0A00FFF72FFB09
:1095F00087F808807CE6A678022516B1022E13D0E3
:10960000FFDF2A1D914602AB08215046FFF75FFBA2
:109610000028A4D002980121022E01702178417007
:109620004580868002D005E00625EAE7A188C18052
:10963000E1880181CDE9009805230822394650468A
:10964000D4E710B50446032106F038FD014600F1C9
:1096500008022046BDE8104072E72DE9F04F0F46A2
:10966000054687B014465088032106F027FD4FF0C9
:1096700000088DF808800646ADF80A80042F5CD3F8
:109680006A78002A59D028784FF6FF794FF01C0AE3
:10969000132815D006DC01286FD006282BD0072808
:1096A00006D16EE0142869D0152868D0162867D036
:1096B000CDF80080CDF8048068788DF8000037E0A0
:1096C000B078904239D13078010736D5062F34D1A1
:1096D00020F0080030706088414660F31F41002090
:1096E0000AF01CFB02208DF80800ADF80C90A88849
:1096F000ADF80E00F4E0082F1FD1A888EF8881464E
:1097000000F09DFE80460146304600F0C7FE18B1CD
:10971000404600F08CFE98B1FA48D0E90010CDE93F
:1097200000106878ADF804908DF80000ADF8067070
:1097300060886A463146FFF703FF07B0BDE8F08F47
:10974000716808EB88002C2202EBC000085AB8426E
:10975000F3D1EC486A46D0E90210CDE900106878F0
:109760008DF8000008F0FF058DF802506088314642
:10977000FFF7E6FE2246294623E097E025E0CEE00B
:1097800023E1082FD9D1B5F80480E88800F057FE0E
:1097900007460146304600F081FE0028CDD007EB99
:1097A000870271680AEBC2000844028A4245C4D1AC
:1097B00001780829C1D1407869788842BDD1F9B2D1
:1097C00022463046FFF765F9B7E70E2F7FF470AFFA
:1097D000E9886F898B46B5F808903046FFF7BCF9E9
:1097E000ABF14001402901D3092048E0B9F1170F3E
:1097F00001D3172F01D20B2041E040280ED000EBFF
:10980000800271680AEBC20008440178012903D183
:1098100040786978884290D00A2030E03046FFF7DF
:109820007CF940282AD000EB800372680AEBC30160
:1098300002EB0108012288F800206A7888F80120EC
:109840007168AA884989B94200D93946AD8903238C
:109850002372A282E7812182A4F80C90658200F035
:10986000FBFD6081A8F81490A8F81870A8F80E50B5
:10987000A8F810B0204600F0D0FD5EE704200521D6
:109880002172A4F80A80E081012121739D49D1E968
:109890000421CDE9002169788DF80010ADF80200AF
:1098A00060886A463146FFF74BFEE3E7062F8BD30D
:1098B000B07890421AD13078010717D520F008000F
:1098C00030706088414660F31F4100200AF026FA9C
:1098D00002208DF80800A888ADF80C00ADF80E90B5
:1098E0006088224602A9F8F785FB26E70421304666
:1098F000FFF749F905464028BFD0022083030090B6
:1099000022462946304600F0E6FD4146608865F370
:109910000F2160F31F4105200AF000FA0DE70E2F1A
:10992000ABD104213046FFF72EF981464028A4D060
:109930004146608869F30F2160F31F4105200AF05A
:10994000EDF9A88906906889009070682F89408990
:10995000B84200D938468346B5F80680A8880190F9
:10996000484600F079FD6081069818B10220009009
:10997000069B24E0B8F1170F1ED3172F1CD3042029
:10998000207200986082E781A4F810B0A4F80C80DF
:1099900009EB890271680AEBC2000D18DDE90002CB
:1099A000A5F81480A5F818B0E8812A82204600F0B6
:1099B00034FD06202870C0E601200B2300902246CB
:1099C0004946304600F087FDB7E6082F8DD1A988BB
:1099D0003046FFF7C1F80746402886D000F027FD43
:1099E00000289BD107EB870271680AEBC20008448C
:1099F000804600F069FD002890D1ED88B8F80E008F
:109A00002844B0F5803F05D360883A46314600F0DF
:109A100099FD92E6002DCED0A8F80E0060883A4657
:109A20003146FFF766FB08202072384600F014FD2F
:109A30006081A5811EE72DE9F05F0C4601281ED04C
:109A4000957992F80480567905EB85011F2202EB87
:109A5000C10121F0030B08EB060111FB05F14FF6E4
:109A6000FF7202EAC10909F1030115FB0611264F35
:109A700021F0031ABB6840B101283ED125E061689E
:109A8000E57891F800804E78DEE75946184606F0F2
:109A900062F9606000B9FFDF5A460021606803F098
:109AA00072FCE5705146B86806F055F96168486186
:109AB00000B9FFDF6068426902EB090181616068FB
:109AC00080F800806068467017E06068524641691F
:109AD000184606F06BF95A466168B86806F066F9F0
:109AE000032006F097FA0446032006F09BFA201A9A
:109AF000012802D1B86806F023F90BEB0A00BDE893
:109B0000F09F000028B101002C0000200246002137
:109B1000022090E7F7B5FF4C0A2016462070009807
:109B200060B100254FEA0D0006F0F7F80021A170A2
:109B30006670002D01D10099A160FEBD01250020B5
:109B4000F2E770B50C46154638220021204603F096
:109B50001AFC012666700A22002104F11C0003F0A1
:109B600012FC05B9FFDF297A207861F3010020702B
:109B7000A87900282DD02A4621460020FFF75BFF58
:109B800061684020E34A88706168C8706168087144
:109B900061684871616888716168288808816168B6
:109BA00068884881606886819078002811D0616853
:109BB0000620087761682888C885616828884886F3
:109BC0006068068560686988928801868186468516
:109BD000828570BDC878002802D0002201202AE7C3
:109BE000704770B50546002165F31F4100200AF05B
:109BF00095F80321284606F061FA040000D1FFDF42
:109C000021462846FEF766FF002804D0207840F061
:109C100010002070012070BD70B505460C46032071
:109C200006F0EAF908B1002070BDBA48857084805A
:109C3000012070BD2DE9FF4180460E460F0CFEF756
:109C400045FA050007D06F800321384606F036FA42
:109C5000040008D106E004B03846BDE8F041132105
:109C6000F8F79EBDFFDF5FEA080005D0B8F1050FE9
:109C700018D0FFDFBDE8FF8120782A4620F00800D9
:109C800020700020ADF8020002208DF800004FF691
:109C9000FF70ADF80400ADF8060069463846F8F7E5
:109CA000A9F9E7E7C6F3072101EB81021C236068ED
:109CB00003EBC202805C042803D008280AD0FFDF2F
:109CC000D8E7012000904FF440432A46204600F098
:109CD00002FCCFE704B02A462046BDE8F041FEF77B
:109CE000D8BE2DE9F05F05464089002790460C4616
:109CF0003E46824600F0A3FB8146287AC01E082813
:109D00006BD2DFE800F00D04192058363C4772276B
:109D10001026002C6CD0D5E90301C4E902015CE0F7
:109D200070271226002C63D00A2205F10C0104F1E1
:109D3000080003F0FEFA50E071270C26002C57D0E3
:109D4000E868A06049E0742710269CB3D5E90301B8
:109D5000C4E902016888032106F0B0F98346FEF7E2
:109D6000B5F902466888508049465846FEF748FED5
:109D700033E075270A26ECB1A88920812DE07627EB
:109D80001426BCB105F10C0004F1080307C883E8F0
:109D9000070022E07727102664B1D5E90301C4E962
:109DA00002016888032106F089F901466888FFF7F7
:109DB00067FB12E01CE073270826CCB168880321FA
:109DC00006F07CF901460078C00606D56888FEF7E3
:109DD00081FE10B96888F7F703FEA8F800602CB17F
:109DE0002780A4F806A066806888A080002086E608
:109DF000A8F80060FAE72DE9FC410C461E4617461C
:109E00008046032106F05AF905460A2C0AD2DFE8FB
:109E100004F005050505050509090907042303E004
:109E2000062301E0FFDF0023CDE900762246294624
:109E30004046FEF70CFFBDE8FC81F8B50546A0F5ED
:109E40007F40FF382BD0284606F06BFA040000D183
:109E5000FFDF204605F001FE002821D001466A46BA
:109E6000204605F01CFE00980321B0F80560284646
:109E700006F024F90446052E13D0304600F0DFFA30
:109E800005460146204600F009FB40B1606805EB3D
:109E900085013E2202EBC101405A002800D001207A
:109EA000F8BD007A0028FAD00020F8BDF8B50446C5
:109EB000408806F036FA050000D1FFDF6A462846E2
:109EC000616800F0A8FA01460098091F8BB230F8CB
:109ED000032F0280428842800188994205D1042ADA
:109EE00008D0052A20D0062A16D022461946FFF7A8
:109EF000C5F9F8BD001D0E4605460146224630460E
:109F0000FBF763F90828F4D1224629463046FCF7CE
:109F1000C2F9F8BD2C000020636864880A46011D60
:109F20002046F9F7C5FBF4E72246001DFFF795FB35
:109F3000EFE770B50D460646032106F0BFF80400B2
:109F400004D02078000704D5112070BD43F2020030
:109F500070BD2A4621463046FEF713FF18B928681F
:109F600060616868A061207840F0080020700020DF
:109F700070BD2DE9F04F0E4691B08046032106F0EA
:109F80009DF80446404606F0DEF90746002007909B
:109F900008900990ADF830000A9002900390049068
:109FA00004B9FFDF0DF10809FFB9FFDF1DE03846F6
:109FB0000BA9002205F014FC9DF82C0000F07F0591
:109FC0000A2D00D3FFDF6019017F491E01779DF83C
:109FD0002C00000609D52A460CA907A8FEF727FE83
:109FE00019F80510491C09F80510761EF6B2DED2E4
:109FF00004F13400F84D04F1260BDFF8E0A304F17E
:10A000002A07069010E05846069900F08DFA064699
:10A0100028700A2800D3FFDF5AF8261040468847E8
:10A02000E08CC05DB04202D0208D0028EBD10A2028
:10A030002870EA4D4E4628350EE00CA907A800F01E
:10A0400073FA0446375D55F8240000B9FFDF55F870
:10A050002420394640469047BDF81E000028ECD128
:10A0600011B0BDE8F08F10B5032106F027F8040009
:10A0700000D1FFDF0A22002104F11C0003F083F964
:10A08000207840F00400207010BD10B50C4603216C
:10A0900006F014F82044007F002800D0012010BDF5
:10A0A0002DE9F84F894615468246032106F006F849
:10A0B000070004D02846F7F7BEF840B903E043F2A2
:10A0C0000200BDE8F88F4846F7F7DBF808B110202A
:10A0D000F7E7786828B169880089814201D90920A9
:10A0E000EFE7B9F800001C2488B100F0A8F9804619
:10A0F0000146384600F0D2F988B108EB880079684B
:10A1000004EBC000085C01280BD00820D9E73846D2
:10A11000FEF703FD8046402807D11320D1E7052034
:10A12000CFE7FDF7D3FF06000BD008EB8800796876
:10A1300004EBC0000C18B9F8000020B1E88910B198
:10A1400013E01120BDE72888172802D36888172854
:10A1500001D20720B5E7686838B12B1D2246414679
:10A160003846FFF732F90028ABD104F10C026946FA
:10A170002046FFF729F8288860826888E082B9F8CD
:10A18000000030B102202070E889A080E889A0B1E9
:10A190002BE003202070A889A0807868817840296E
:10A1A00005D180F8028039465046FEF71EFE404633
:10A1B00000F052F9A9F8000021E07868218B40896D
:10A1C000884200D908462083A6F802A004203072F5
:10A1D000B9F800007081E0897082F181208B3082B3
:10A1E000A08AB081304600F018F97868C17840291B
:10A1F00005D180F8038039465046FEF747FE00201F
:10A200005FE770B50D460646032105F057FF0400D1
:10A210000ED0284600F013F905460146204600F00E
:10A220003DF918B1284600F002F920B1052070BDB3
:10A2300043F2020070BD05EB85011C22606802EB51
:10A24000C101084400F040F908B1082070BD2A4659
:10A250002146304600F076F9002070BD2DE9F0412E
:10A260000C4617468046032105F028FF0546204688
:10A2700000F0E5F8044695B10146284600F00EF9D5
:10A2800080B104EB84011C22686802EBC10146180E
:10A29000304600F019F938B10820BDE8F08143F2EA
:10A2A0000200FAE70520F8E73B46324621462846F9
:10A2B000FFF78BF80028F0D1E2B229464046FEF7BE
:10A2C000A2FF708C0838082803D24348407800F079
:10A2D0006BFE0020E1E72DE9F0410D461746804670
:10A2E000032105F0EBFE0446284600F0A8F80646D8
:10A2F00024B13846F6F79FFF38B902E043F2020076
:10A30000CBE73868F6F797FF08B11020C5E731466C
:10A31000204600F0C3F860B106EB86011C2260689D
:10A3200002EBC1014518284600F0CEF818B108200C
:10A33000B3E70520B1E7B888A98A884201D90C2083
:10A34000ABE76168E88C4978B0EBC10F01D313200B
:10A35000A3E73146204600F095F8014660680823DF
:10A360004078C20005F1240005F041FDD7E9001254
:10A37000C0E90012F2B221464046FEF7BAFE0020C4
:10A380008BE72DE9F0470D461F4690468146032195
:10A3900005F094FE0446284600F051F806463CB10C
:10A3A0004DB13846F6F78BFF50B11020BDE8F0876D
:10A3B00043F20200FAE7606858B1A0F80C8028E088
:10A3C0003146204600F06AF818B1304600F02FF808
:10A3D00030B10520EAE700002C00002040B1010068
:10A3E00006EB86011C22606802EBC1014518284675
:10A3F00000F06AF808B10820D8E7A5F80880F2B2A2
:10A4000021464846FEF7FFFE1FB1A8896989084426
:10A4100038800020CAE705F042BB017821F00F0127
:10A42000491C21F0F00110310170FDF753BE20B935
:10A430004E48807808B101207047002070474B4992
:10A440008988884201D100207047402801D24020ED
:10A4500000E0403880B2704710B50446402800D96B
:10A46000FFDF2046FFF7E3FF10B14048808810BDB2
:10A470004034A0B210BD406842690078484302EB06
:10A48000C0007047C2784068037812FB03F243783B
:10A49000406901FB032100EBC1007047C2788A428A
:10A4A00009D9406801EB81011C2202EBC101405C2B
:10A4B00008B101207047002070470078062801D9B4
:10A4C00001207047002070470078062801D0012045
:10A4D000704700207047F0B401EB81061C274468E8
:10A4E00007EBC6063444049D05262670E3802571DB
:10A4F000F0BCFEF785BA10B5418911B1FFF7DDFF59
:10A5000008B1002010BD012010BD10B5C18C8278AB
:10A51000B1EBC20F04D9C18911B1FFF7CEFF08B169
:10A52000002010BD012010BD10B50C4601230A22E9
:10A53000011D05F092FC00782188012282409143A0
:10A54000218010BDF0B402EB82051C264C6806EB9E
:10A55000C505072363554B681C79402C03D11A713C
:10A56000F0BCFEF7D8BCF0BC704700002C00002007
:10A5700070B50B2000F0BDF9082000F0BAF90021F9
:10A580000B2000F0D4F90021082000F0D0F9F44CA1
:10A5900001256560A5600020C4F84001C4F84401AD
:10A5A000C4F848010B2000F0B5F9082000F0B2F91A
:10A5B0000B2000F091F9256070BD10B50B2000F064
:10A5C00098F9082000F095F9E54801214160816083
:10A5D000E4490A68002AFCD10021C0F84011C0F803
:10A5E0004411C0F848110B2000F094F9BDE8104068
:10A5F000082000F08FB910B50B2000F08BF9BDE8F2
:10A600001040082000F086B900B530B1012806D00E
:10A61000022806D0FFDF002000BDD34800BDD3488C
:10A6200000BDD248001D00BD70B5D1494FF00040BB
:10A630000860D04DC00BC5F80803CF480024046063
:10A64000C5F840410820C43500F053F9C5F83C4135
:10A65000CA48047070BD08B5C14A002128B101285C
:10A6600011D002281CD0FFDF08BD4FF48030C2F8A3
:10A670000803C2F84803BB483C300160C2F84011EF
:10A68000BDE80840D0E74FF40030C2F80803C2F834
:10A690004803B44840300160C2F84411B3480CE0AC
:10A6A0004FF48020C2F80803C2F84803AD48443094
:10A6B0000160C2F84811AD48001D0068009008BD57
:10A6C00070B516460D460446022800D9FFDF002269
:10A6D000A348012304F110018B4000EB8401C1F871
:10A6E000405526B1C1F84021C0F8043303E0C0F85A
:10A6F0000833C1F84021C0F8443370BD2DE9F04162
:10A700001D46144630B1012833D0022838D0FFDF6F
:10A71000BDE8F081891E002221F07F411046FFF73D
:10A72000CFFF012D23D00020944D924F0126687059
:10A730003E61914900203C3908600220091D0860F3
:10A740008D490420303908608B483D34046008206E
:10A750006C6000F0DFF83004C7F80403082000F054
:10A76000BBF88349F007091F08602E70D0E701206D
:10A77000DAE7012B02D00022012005E00122FBE7ED
:10A78000012B04D000220220BDE8F04198E701220D
:10A79000F9E774480068704770B500F0D8F8704C5D
:10A7A0000546D4F840010026012809D1D4F8080351
:10A7B000C00305D54FF48030C4F80803C4F84061E5
:10A7C000D4F8440101280CD1D4F80803800308D53B
:10A7D0004FF40030C4F80803C4F84461012008F0C5
:10A7E00014FAD4F8480101280CD1D4F80803400326
:10A7F00008D54FF48020C4F80803C4F8486102204B
:10A8000008F003FA5E48056070BD70B500F09FF86F
:10A810005A4D0446287850B1FFF706FF687818B102
:10A820000020687008F0F1F95548046070BD0320FD
:10A83000F8E74FF0E0214FF40010C1F80002704734
:10A84000152000F067B84B4901200861082000F08E
:10A8500061B848494FF47C10C1F808030020024653
:10A8600001EB8003C3F84025C3F84021401CC0B26F
:10A870000628F5D37047410A43F609525143C0F305
:10A88000080010FB02F000F5807001EB50207047CB
:10A8900010B5430B48F2376463431B0C5C020C6039
:10A8A000384C03FB0400384B4CF2F72443435B0D58
:10A8B00013FB04F404EB402000F58070401210708C
:10A8C00008681844086010BD2C4840687047294942
:10A8D0000120C1F800027047002809DB00F01F02C8
:10A8E000012191404009800000F1E020C0F80011F2
:10A8F000704700280DDB00F01F0201219140400944
:10A90000800000F1E020C0F88011BFF34F8FBFF34B
:10A910006F8F7047002809DB00F01F020121914072
:10A920004009800000F1E020C0F88012704749071C
:10A93000090E002804DB00F1E02080F800147047C5
:10A9400000F00F0000F1E02080F8141D70470C4863
:10A95000001F00680A4A0D49121D1160704700006F
:10A9600000B0004004B500404081004044B10040C8
:10A9700008F501400080004040850040380000207C
:10A9800014050240F7C2FFFF6F0C01000100000137
:10A9900010B5EFF3108000F0010472B6FC48417866
:10A9A000491C41704078012801D108F081FD002C3C
:10A9B00000D162B610BD70B5F54CA07848B901253C
:10A9C000A570FFF7E5FF08F084FD20B1002008F036
:10A9D0004EFD002070BD4FF08040E570C0F804537C
:10A9E000F7E770B5EFF3108000F0010572B6E84CA0
:10A9F000607800B9FFDF6078401E6070607808B949
:10AA000008F05AFD002D00D162B670BDE04810B5C7
:10AA1000817821B10021C1708170FFF7E2FF002031
:10AA200010BD10B5044608F054FDD9498978084096
:10AA300000D001202060002010BD10B5FFF7A8FF56
:10AA400008F047FD02220123D149540728B1D1481B
:10AA5000026023610320087202E00A72C4F8043322
:10AA60000020887110BD2DE9F84FDFF8249342785B
:10AA7000817889F80420002689F80510074689F8AE
:10AA800006600078DFF810B3354620B1012811D0F8
:10AA9000022811D0FFDF08F02EFD4FF0804498B15E
:10AAA00008F030FDB0420FD1304608F02FFD0028ED
:10AAB000FAD042E00126EEE7FFF76AFF5846016848
:10AAC000C907FCD00226E6E70120E060C4F8045183
:10AAD000B2490E600107D1F84412B04AC1F34231C5
:10AAE00024321160AD49343108604FF0020AC4F8D5
:10AAF00004A3A060AA480168C94341F3001101F111
:10AB00000108016841F01001016001E010F030F926
:10AB1000D4F804010028F9D0304608F0F7FC0028EA
:10AB2000FAD0B8F1000F04D19D48016821F010015E
:10AB30000160C4F808A3C4F8045199F805004E4612
:10AB400080B1387870B908F0C4FC804608F0CAFEBD
:10AB50006FF00042B8F1000F02D0C6E9032001E017
:10AB6000C6E90302DBF80000C00701D008F0ADFC25
:10AB7000387810B13572BDE8F88F4FF01808C4F876
:10AB800008830127A7614FF42070ADF8000000BFD3
:10AB9000BDF80000411EADF80010F9D2C4F80C5108
:10ABA000C4F810517A48C01D08F030FD3570FFF729
:10ABB00044FF67617949307920310860C4F8048323
:10ABC000D9E770B5050000D1FFDF4FF080424FF0AC
:10ABD000FF30C2F808030021C2F80011C2F80411C6
:10ABE000C2F80C11C2F81011694C617008F07DFCBC
:10ABF00010B10120A070607067480068C00701D0E4
:10AC000008F063FC2846BDE870402CE76048007AF5
:10AC1000002800D0012070472DE9F04F61484FF027
:10AC2000000A85B0D0F800B0D14657465D4A5E496B
:10AC3000083211608406D4F8080110B14FF0010801
:10AC400001E04FF0000808F0B4FC78B1D4F824011A
:10AC500000B101208246D4F81C0100B101208146D8
:10AC6000D4F8200108B1012700E00027D4F8000142
:10AC700000B101200490D4F8040100B10120039038
:10AC8000D4F80C0100B101200290D4F8100100B1F9
:10AC900001203F4D0190287800260090B8F1000F68
:10ACA00004D0C4F80861012008F0E1FBBAF1000FFC
:10ACB00004D0C4F82461092008F0D9FBB9F1000FD1
:10ACC00004D0C4F81C610A2008F0D1FB27B1C4F8F5
:10ACD00020610B2008F0CBFB2D48C01D08F09EFC26
:10ACE00000B1FFDFDFF8AC800498012780B1C4F821
:10ACF0000873E87818B1EE70002008F0B8FB287AE5
:10AD0000022805D1032028720221C8F8001027610B
:10AD1000039808B1C4F80461029850B1C4F80C61FA
:10AD2000287A032800D0FFDFC8F800602F72FFF7F1
:10AD300058FE019838B1C4F81061287A012801D171
:10AD400000F05CF86761009838B12E70287A01280D
:10AD500001D1FFF772FEFFF744FE0D48C01D08F059
:10AD600073FC1049091DC1F800B005B0BDE8F08FB3
:10AD7000074810B5C01D08F051FC0549B0B10120CD
:10AD800008704FF0E021C1F80002BDE81040FFE577
:10AD900040000020340C00400C0400401805004026
:10ADA00010ED00E01005024001000001087A0128C2
:10ADB00001D1FFF742FEBDE81040244808F044BC32
:10ADC00070B5224CE41FA07808B908F075FB01208B
:10ADD0008507A861207A0026032809D1D5F80C013F
:10ADE00020B9002008F092FB0028F7D1C5F80C61CB
:10ADF00026724FF0FF30C5F8080370BD70B5134CD4
:10AE0000E41F6079F0B1012803D0A179401E81428E
:10AE100018DA08F05EFB054608F064FD6179012947
:10AE200002D9A179491CA1710DB1216900E0E16845
:10AE3000411A022902DA11F1020F06DC0DB120617C
:10AE400000E0E060BDE87040F7E570BD470000201D
:10AE5000374901200860704770B50D2000F049F8AF
:10AE6000344C0020C4F800010125C4F804530D201F
:10AE700000F050F825604FF0E0216014C1F80001A7
:10AE800070BD10B50D2000F034F82A480121416052
:10AE90000021C0F80011BDE810400D2000F03AB8C4
:10AEA000254810B504682449244808310860214920
:10AEB000D1F80001012804D0FFDF1F48001D046005
:10AEC00010BD1B48001D00680022C0B2C1F800215F
:10AED00008F05FFCF1E710B5164800BFD0F800118C
:10AEE0000029FBD0FFF7DCFFBDE810400D2000F08B
:10AEF00011B800280DDB00F01F020121914040092C
:10AF0000800000F1E020C0F88011BFF34F8FBFF345
:10AF10006F8F7047002809DB00F01F02012191406C
:10AF20004009800000F1E020C0F880127047000066
:10AF300004D5004000D0004010050240010000018F
:10AF40004FF0E0214FF00070C1F8800101F5C071B1
:10AF5000BFF34F8FBFF36F8FC1F80001394B8022D1
:10AF600083F8002441F8800C704700B502460420A5
:10AF7000354903E001EBC0031B792BB1401EC0B281
:10AF8000F8D2FFDFFF2000BD41F8302001EBC00107
:10AF900000224A718A7101220A7100BD2A4A0021E9
:10AFA00002EBC0000171704710B50446042800D3BD
:10AFB000FFDF254800EBC4042079012800D0FFDF23
:10AFC0006079A179401CC0B2814200D060714FF01D
:10AFD000E0214FF00070C1F8000210BD70B50425EB
:10AFE000194E1A4C16E0217806EBC1000279012AAD
:10AFF00008D1427983799A4204D04279827156F815
:10B00000310080472078401CC0B22070042801D352
:10B01000002020706D1EEDB2E5D270BD0C4810B559
:10B0200004680B490B4808310860064890F8000492
:10B030004009042800D0FFDFFFF7D0FF0448001DBF
:10B04000046010BD19E000E07805002054000020E5
:10B0500010050240010000010F4A12680D498A42A2
:10B060000CD118470C4A12680A4B9A4206D101B516
:10B0700008F00AFC08F0DDFEBDE801400749096858
:10B080000958084706480749054A064B704700001B
:10B0900000000000BEBAFECA5800002004000020D4
:10B0A000B00F0020B00F002070B50C46054600F030
:10B0B00045FB21462846BDE8704001F026BC000053
:10B0C000F8B51D46DDE906470E000AD005F03BF94C
:10B0D0002346FF1DBCB231462A46009404F059FDB8
:10B0E000F8BDD0192246194602F023F92046F8BDD2
:10B0F00070B50D4604461022002102F044F9258166
:10B1000017206081A07B40F00A00A07370BD4FF64D
:10B11000FF720A800146022008F000BE70470089D5
:10B120007047827BD30701D1920703D480890880BE
:10B130000020704705207047827B920700D58181EF
:10B14000704701460020098841F6FE52114200D0A6
:10B150000120704700B50346807BC00701D0052061
:10B1600000BD59811846FFF7ECFFC00703D0987B5C
:10B1700040F004009873987B40F001009873002021
:10B1800000BD827B520700D509B140897047172066
:10B190007047827B61F3C302827370472DE9FC5FC5
:10B1A0000E46044601789646012000FA01F14DF65C
:10B1B000FF5201EA020962684FF6FF7B1188594588
:10B1C00002D10920BDE8FC9FB9F1000F05D041F67E
:10B1D000FE55294201D00120F4E741EA090111801E
:10B1E0001D0014D000232B7094F800C00521032209
:10B1F0001F464FF0020ABCF10E0F76D2DFE80CF0CA
:10B20000F909252F47646B77479193B4D1D804206F
:10B21000D8E7616820898B7B9B0767D517284AD3BD
:10B220000B89834247D38989172901D3814242D1AF
:10B2300085F800A0A5F80100328061688881606807
:10B24000817B21F002018173C6E0042028702089EF
:10B25000A5F801006089A5F803003180BCE0208AD0
:10B260003188C01D1FFA80F8414524D3062028707C
:10B270002089A5F801006089A5F80300A089A5F838
:10B2800005000721208ACDE90001636941E00CF047
:10B29000FF00082810D0082028702089A5F8010098
:10B2A0006089A5F8030031806A1D694604F10C002D
:10B2B00006F0BBFC10B15EE01020EDE730889DF891
:10B2C00000100844308087E00A2028702089A5F803
:10B2D0000100328044E00C2028702089A5F801008C
:10B2E0006089A5F8030031803AE082E064E02189BA
:10B2F000338800EB41021FFA82F843453BD3B8F193
:10B30000050F38D30E222A700BEA4101CDE9001057
:10B31000E36860882A467146FFF7D2FEA6F80080EF
:10B320005AE04020287060893188C01C1FFA80F8DC
:10B33000414520D32878714620F03F001230287014
:10B340002089A5F801006089CDE9000260882A46BD
:10B35000E368FFF7B5FEA6F80080287840063BD4E6
:10B3600061682089888037E0A0893288401D1FFAF3
:10B3700080F8424501D204273DE01620287020893C
:10B38000A5F801006089A5F80300A089CDE90001B6
:10B3900060882A4671462369FFF792FEA6F800806E
:10B3A000DEE718202870207A6870A6F800A013E065
:10B3B00061680A88920401D405271CE0C9882289A3
:10B3C000914201D0062716E01E2129703080606866
:10B3D000018821F400510180B9F1000F0BD0618880
:10B3E00078230022022008F0EFFB61682078887043
:10B3F00006E0338003276068018821EA09010180A3
:10B400003846DFE62DE9FF4F85B01746129C0D0048
:10B410001E461CD03078C10703D000F03F00192829
:10B4200001D9012100E000212046FFF7AAFEA84231
:10B430000DD32088A0F57F41FF3908D03078410630
:10B4400001D4000605D5082009B0BDE8F08F07201B
:10B45000FAE700208DF800008DF8010030786B1EAF
:10B4600000F03F0C0121A81E4FF0050A4FF0020921
:10B470004FF0030B9AB2BCF1200F75D2DFE80CF04D
:10B480008B10745E7468748C749C74B574BA74C8D0
:10B4900074D474E1747474F174EF74EE74ED748B9D
:10B4A000052D78D18DF80090A0788DF80400708873
:10B4B000ADF8060030798DF80100707800F03F009B
:10B4C0000C2829D00ADCA0F10200092863D2DFE8A9
:10B4D00000F0126215621A621D622000122824D048
:10B4E00004DC0E281BD01028DBD11BE016281FD04F
:10B4F0001828D6D11FE02078800701E02078400787
:10B50000002848DAEEE020780007F9E72078C00646
:10B51000F6E720788006F3E720784006F0E7207809
:10B520000006EDE72088C005EAE720884005E7E748
:10B5300020880005E4E72088C004E1E72078800740
:10B5400029D5032D27D18DF800B0B6F8010081E090
:10B55000217849071FD5062D1DD381B270780128A7
:10B5600003D0022817D102E0C9E0022000E0102039
:10B5700004228DF8002072788DF80420801CB1FB25
:10B58000F0F2ADF8062092B242438A4203D103970B
:10B59000ADF80890A6E079E02078000776D598B25B
:10B5A00082088DF800A0ADF80420B0EB820F6DD1B9
:10B5B0000297ADF8061095E02178C90666D5022DF0
:10B5C00064D381B206208DF80000707802285DD324
:10B5D000B1FBF0F28DF80400ADF8062092B24243C0
:10B5E0008A4253D1ADF808907BE0207880064DD593
:10B5F000072003E0207840067FD508208DF8000062
:10B60000A088ADF80400ADF80620ADF8081068E099
:10B610002078000671D50920ADF804208DF80000CF
:10B62000ADF8061002975DE02188C90565D5022DA9
:10B6300063D381B20A208DF80000707804285CD3AF
:10B64000C6E72088400558D5012D56D10B208DF82E
:10B650000000A088ADF8040044E021E026E016E0F8
:10B66000FFE72088000548D5052D46D30C208DF82E
:10B670000000A088ADF80400B6F803006D1FADF817
:10B680000850ADF80600ADF80AA02AE035E02088A1
:10B69000C00432D5012D30D10D208DF8000021E0FD
:10B6A0002088800429D4B6F80100E080A07B000740
:10B6B00023D5032D21D3307800F03F001B2818D06C
:10B6C0000F208DF80000208840F40050A4F80000FE
:10B6D000B6F80100ADF80400ED1EADF80650ADF867
:10B6E00008B0039769460598F9F7B8FA050008D03D
:10B6F00016E00E208DF80000EAE7072510E0082587
:10B700000EE0307800F03F001B2809D01D2807D03C
:10B710000220059908F002FB208800F400502080E8
:10B72000A07B400708D52046FFF70BFDC00703D1DB
:10B73000A07B20F00400A073284685E61FB50228F0
:10B7400006D101208DF8000088B26946F9F786FA23
:10B750001FBD0000F8B51D46DDE906470E000AD002
:10B7600004F0F1FD2346FF1DBCB231462A46009489
:10B7700004F00FFAF8BDD0192246194601F0D9FDA0
:10B780002046F8BD2DE9FF4F8DB09B46DDE91B57E4
:10B79000DDF87CA00C46082B05D0E06901F0FEF82E
:10B7A00050B11020D2E02888092140F010002880F4
:10B7B0008AF80010022617E0E16901208871E26929
:10B7C0004FF420519180E1698872E06942F60101ED
:10B7D0000181E069002181732888112140F0200057
:10B7E00028808AF80010042638780A900A203870D9
:10B7F0004FF0020904F118004D460C9001F0C6FB11
:10B80000B04681E0BBF1100F0ED1022D0CD0A9EB98
:10B810000800801C80B20221CDE9001005AB524621
:10B820001E990D98FFF796FFBDF816101A988142E1
:10B8300003D9F74800790F9004E003D10A9808B1C2
:10B8400038702FE04FF00201CDE900190DF1160319
:10B8500052461E990D98FFF77DFF1D980088401BEA
:10B86000801B83B2C6F1FF00984200D203461E99A6
:10B870000BA8D9B15FF00002DDF878C0CDE9032054
:10B8800009EB060189B2CDE901C10F980090BDF81E
:10B89000161000220D9801F00EFC387070B1C0B285
:10B8A000832807D0BDF8160020833AE00AEB09018F
:10B8B0008A19E1E7022011B0BDE8F08FBDF82C0035
:10B8C000811901F0FF08022D0DD09AF801204245A0
:10B8D00006D1BDF82010814207D0B8F1FF0F04D087
:10B8E0009AF801801FE08AF80180C9480068017851
:10B8F000052902D1BDF81610818009EB08001FFA56
:10B9000080F905EB080085B2DDE90C1005AB0F9A54
:10B9100001F03FFB28B91D980088411B4145BFF647
:10B9200071AF022D13D0BBF1100F0CD1A9EB0800A1
:10B93000801C81B20220CDE9000105AB52461E9960
:10B940000D98FFF707FF1D98058000203870002034
:10B95000B1E72DE9F8439C46089E13460027B26BD9
:10B960009AB3491F8CB2F18FA1F57F45FF3D05D0F9
:10B970005518AD882944891D8DB200E0002529198C
:10B98000B6F83C800831414520D82A44BCF8011063
:10B9900022F8021BBCF8031022F8021B984622F87A
:10B9A000024B914604F0BDFC4FF00C0C41464A4658
:10B9B0002346CDF800C004F0B8F8F587B16B00203D
:10B9C0002944A41D2144088003E001E0092700E088
:10B9D00083273846BDE8F88310B50B88848F9C42D6
:10B9E0000CD9846BE018048844B1848824F40044A2
:10B9F000A41D23440B801060002010BD0A2010BD40
:10BA00002DE9F0478AB00025904689468246ADF878
:10BA1000185007274BE0059806888088000446D414
:10BA2000A8F8006007A8019500970295CDE903509A
:10BA30004FF4007300223146504601F03CFB0400F5
:10BA40003CD1BDF81800ADF8200005980488818825
:10BA5000B44216D10A0414D401950295039521F439
:10BA600000410097049541F48043428821465046A6
:10BA700001F0BFF804000BD10598818841F4004122
:10BA8000818005AA08A94846FFF7A6FF0400DCD07C
:10BA90000097059802950195039504950188BDF8D6
:10BAA0001C300022504601F0A4F80A2C06D105AA49
:10BAB00006A94846FFF790FF0400ACD0ADF8185037
:10BAC00004E00598818821F40041818005AA06A937
:10BAD0004846FFF781FF0028F3D00A2C03D0204608
:10BAE0000AB0BDE8F0870020FAE710B50C46896B74
:10BAF00086B051B10C218DF80010A18FADF808105F
:10BB0000A16B01916946FAF75BF800204FF6FF71CF
:10BB1000A063E187A08706B010BD2DE9F0410D4676
:10BB20000746896B0020069E1446002911D0012B80
:10BB30000FD1324629463846FFF762FF002808D168
:10BB4000002C06D0324629463846BDE8F04100F0C8
:10BB500034BFBDE8F0812DE9FC411446DDE9087CE5
:10BB60000E46DDE90A15521DBCF800E092B296457A
:10BB700002D20720BDE8FC81ACF8002017222A7011
:10BB8000A5F80160A5F803300522CDE900423B4647
:10BB90002A46FFF7DFFD0020ECE770B50C4615469E
:10BBA00048220021204601F0EEFB04F1080044F891
:10BBB0001C0F00204FF6FF71E06161842084A58492
:10BBC0001720E08494F82A0040F00A0084F82A0044
:10BBD00070BD4FF6FF720A800146032008F09EB840
:10BBE00030B585B00C460546FFF77FFFA18E28468D
:10BBF00029B101218DF800106946F9F7E1FF002015
:10BC0000E0622063606305B030BDB0F8400070476B
:10BC10005C00002090F84620920703D440880880FA
:10BC20000020F4E70620F2E790F846209207EED5D0
:10BC3000A0F84410EBE70146002009880A0700D568
:10BC4000012011F0F00F01D040F00200CA0501D52B
:10BC500040F004008A0501D540F008004A0501D5EE
:10BC600040F010000905D2D540F02000CFE700B524
:10BC7000034690F84600C00701D0062000BDA3F897
:10BC800042101846FFF7D7FF10F03E0F05D093F88B
:10BC9000460040F0040083F8460013F8460F40F0D9
:10BCA00001001870002000BD90F84620520700D512
:10BCB00011B1B0F84200AAE71720A8E710F8462F04
:10BCC00061F3C3020270A2E72DE9FF4F9BB00E00A3
:10BCD000DDE92B34DDE92978289D24D02878C107B7
:10BCE00003D000F03F00192801D9012100E0002114
:10BCF0002046FFF7D9FFB04215D32878410600F05F
:10BD00003F010CD41E290CD0218811F47F6F0AD179
:10BD10003A8842B1A1F57F42FF3A04D001E01229EE
:10BD200001D1000602D504201FB0C5E5FA491D98CF
:10BD30004FF0000A08718DF818A08DF83CA00FAAEA
:10BD40000A60ADF81CA0ADF850A02978994601F022
:10BD50003F02701F5B1C04F1180C4FF0060E4FF0F1
:10BD6000040BCDF858C01F2A7ED2DFE802F07D7D9B
:10BD7000107D267DAC7DF47DF37DF27DF17DF47D3B
:10BD8000F07D7D7DEF7DEE7D7D7D7D7DED0094F808
:10BD90004610B5F80100890701D5032E02D08DF8B1
:10BDA00018B01EE34FF40061ADF85010608003211D
:10BDB0008DF83C10ADF84000D4E2052EEFD1B5F877
:10BDC00001002083ADF81C00B5F80310618308B1B1
:10BDD000884201D9012079E10020A07220814FF62C
:10BDE000FF702084169801F0D1F8052089F8000032
:10BDF0000220029083460AAB1D9A16991B9801F007
:10BE0000C8F890BB9DF82E00012804D0022089F8C4
:10BE10000100102003E0012089F8010002200590B4
:10BE2000002203A90BA805F000FFE8BB9DF80C0059
:10BE3000059981423DD13988801CA1EB0B018142DB
:10BE400037DB02990220CDE900010DF12A034A46B1
:10BE500041461B98FFF77EFC02980BF1020B801CF9
:10BE600081B217AA029101E09CE228E003A90BA885
:10BE700005F0DBFE02999DF80C00CDE9000117AB3F
:10BE80004A4641461B98FFF765FC9DF80C000AAB3B
:10BE90000BEB00011FFA81FB02991D9A084480B246
:10BEA000029016991B9800E003E001F072F8002858
:10BEB000B6D0BBF1020F02D0A7F800B04FE20A20C3
:10BEC0008DF818004BE200210391072EFFF467AFB5
:10BED000B5F801002083ADF81C00B5F8032062839B
:10BEE00000283FF477AF90423FF674AF0120A07274
:10BEF000B5F8050020810020A073E06900F04EFD38
:10BF000078B9E16901208871E2694FF4205191808C
:10BF1000E1698872E16942F601000881E069002167
:10BF20008173F01F20841E98606207206084169839
:10BF300001F02CF8072089F80000012004900290FD
:10BF40000020ADF82A0028E019E29FE135E1E5E0A4
:10BF500012E2A8E080E043E00298012814D0E069F2
:10BF60008079012803D1BDF82800ADF80E000498AF
:10BF700003ABCDE900B04A4641461B98FFF7EAFB08
:10BF80000498001D80B20490BDF82A00ADF80C00A2
:10BF9000ADF80E00059880B202900AAB1D9A169972
:10BFA0001B9800F0F6FF28B902983988001D05900B
:10BFB0008142D1D20298012881D0E069807901289C
:10BFC00003D1BDF82800ADF80E00049803ABCDE90D
:10BFD00000B04A4641461B98FFF7BCFB0298BDE102
:10BFE000072E02D0152E7FF4DAAEB5F801102183AA
:10BFF000ADF81C10B5F80320628300293FF4EAAEC7
:10C0000091423FF6E7AE0121A1724FF0000BA4F878
:10C0100008B084F80EB0052E07D0C0B2691DE269E1
:10C0200005F0E4FD00287FF44AAF4FF6FF7020844E
:10C0300001A906AA14A8CDF800B081E885032878E4
:10C04000214600F03F031D9A1B98FFF79BFB824699
:10C05000208BADF81C0082E10120032EC3D14021CA
:10C06000ADF85010B5F801102183ADF81C100AAAE4
:10C07000B8F1000F00D00023CDE9020304921D980F
:10C08000CDF80480009038880022401E83B21B98AF
:10C0900001F011F88DF8180090BB0B2089F8000012
:10C0A000BDF8280035E04FF0010C052E9BD1802013
:10C0B000ADF85000B5F801102183B5F803002084D5
:10C0C000ADF81C10B0F5007F03D907208DF81800DB
:10C0D00087E140F47C4222840CA8B8F1000F00D024
:10C0E0000023CDE90330CDE9018C1D9800903888FC
:10C0F000401E83B21B9800F0DEFF8DF8180018B1C7
:10C100008328A8D10220BFE00D2189F80010BDF8D6
:10C110003000401C22E100005C000020032E04D20D
:10C1200048067FF53CAE002018E1B5F80110ADF8E7
:10C130001C102878400602D58DF83CE002E007206C
:10C140008DF83C004FF000080320CDE902081E9B4B
:10C15000CDF810801D980193A6F1030B00901FFAF3
:10C160008BF342461B9800F044FD8DF818008DF8C3
:10C170003C80297849060DD52088C00506D5208B3E
:10C18000BDF81C10884201D1C4F8248040468DF8C7
:10C190001880E3E0832801D14FF0020A4FF4807049
:10C1A000ADF85000BDF81C002083A4F820B01E9804
:10C1B0006062032060841321CDE0052EFFF4EFAD13
:10C1C000B5F80110ADF81C10A28F6AB3A2F57F4339
:10C1D000FE3B29D008228DF83C2000BF4FF0000B19
:10C1E0000523CDE9023BDDF878C0CDF810B01D9AEB
:10C1F00080B2CDF804C040F400430092B5F80320AB
:10C200001B9800F0F6FC8DF83CB04FF400718DF8EF
:10C210001800ADF85010832810D0F8B1A18FA1F507
:10C220007F40FE3807D0DCE00B228DF83C204FF633
:10C23000FE72A287D2E7A4F83CB0D2E000942B466D
:10C2400031461E9A1B98FFF784FB8DF8180008B141
:10C2500083284BD1BDF81C00208353E700942B4664
:10C2600031461E9A1B98FFF774FB8DF81800E8BB47
:10C27000E18FA06B0844831D8DE888034388828882
:10C2800001881B98FFF767FC824668E095F80180FB
:10C29000022E70D15FEA080002D0B8F1010F6AD116
:10C2A00009208DF83C0007A800908DF84080434697
:10C2B000002221461B98FFF730FC8DF842004FF01A
:10C2C000000B8DF843B050B9B8F1010F12D0B8F19E
:10C2D000000F04D1A18FA1F57F40FF380AD0A08FB5
:10C2E00040B18DF83CB04FF4806000E037E0ADF82D
:10C2F00050000DE00FA91B98F9F762FC82468DF8FB
:10C300003CB04FF48060ADF85000BAF1020F06D097
:10C31000FC480068C07928B18DF8180027E0A4F81F
:10C32000188044E0BAF1000F03D081208DF8180086
:10C330003DE007A800904346012221461B98FFF7E5
:10C34000ECFB8DF8180021461B98FFF7CEFB9DF8FB
:10C35000180020B9192189F80010012038809DF8B3
:10C360003C0020B10FA91B98F9F72AFC8246BAF1CC
:10C37000000F33D01BE018E08DF818E031E0207892
:10C38000000712D5012E10D10A208DF83C00E0885C
:10C39000ADF8400003201B9907F0C0FC0820ADF861
:10C3A0005000C0E648067FF5FAAC4FF0040A20883A
:10C3B000BDF8501008432080BDF8500080050BD513
:10C3C000A18FA1F57F40FE3806D11E98E062289823
:10C3D0002063A6864FF0030A5046A5E49DF8180096
:10C3E00078B1012089F80000297889F80110BDF89A
:10C3F0001C10A9F802109DF8181089F804100520E7
:10C4000038802088BDF8501088432080E4E72DE96B
:10C41000FF4F8846087895B0012181404FF209000E
:10C42000249C0140ADF820102088DDF88890A0F50C
:10C430007F424FF0000AFF3A06D039B1000705D518
:10C44000012019B0BDE8F08F0820FAE7239E4FF0D5
:10C45000000B0EA886F800B018995D460988ADF863
:10C460003410A8498DF81CB0179A0A718DF838B0AD
:10C47000086098F8000001283BD0022809D0032862
:10C480006FD1307820F03F001D303070B8F80400D4
:10C49000E08098F800100320022904D1317821F0BF
:10C4A0003F011B31317094F84610090759D505AB8F
:10C4B000B9F1000F13D0002102AA82E80B00072077
:10C4C000CDE90009BDF83400B8F80410C01E83B2ED
:10C4D0000022159800F0EFFD0028D1D101E0F11CF9
:10C4E000EAE7B8F80400A6F80100BDF81400C01C83
:10C4F00004E198F805108DF81C1098F80400012844
:10C5000006D04FF4007A02282CD00328B8D16CE171
:10C510002188B8F8080011F40061ADF8201020D08F
:10C5200017281CD3B4F84010814218D3B4F8441033
:10C53000172901D3814212D1317821F03F01C91C62
:10C540003170A6F801000321ADF83410A4F84400BE
:10C5500094F8460020F0020084F8460065E10525C5
:10C560007EE177E1208808F1080700F4FE60ADF86D
:10C57000200010F0F00F1BD010F0C00F03D038884F
:10C58000228B9042EBD199B9B878C00710D0B96826
:10C590000720CDE902B1CDF804B00090CDF810B07D
:10C5A000FB88BA883988159800F023FB0028D6D17B
:10C5B0002398BDF82010401C80294ED006DC10299D
:10C5C0000DD020290BD0402987D124E0B1F5807F00
:10C5D0006ED051457ED0B1F5806F97D1DEE0C806B0
:10C5E00001D5082000E0102082460DA907AA0520E9
:10C5F000CDE902218DF83800ADF83CB0CDE90496C4
:10C6000008A93888CDE9000153460722214615982C
:10C61000FFF7B8F8A8E09DF81C2001214FF00A0AA6
:10C62000002A9BD105ABB9F1000F00D00020CDE965
:10C6300002100720CDE90009BDF834000493401E24
:10C6400083B2218B0022159800F035FD8DF81C0077
:10C650000B203070BDF8140020E09DF81C20012153
:10C660004FF00C0A002A22D113ABB9F1000F00D011
:10C670000020CDE902100720CDE900090493BDF8A0
:10C680003400228C401E83B2218B159800F013FDDC
:10C690008DF81C000D203070BDF84C00401CADF82A
:10C6A000340005208DF83800208BADF83C00BCE04C
:10C6B0003888218B88427FF452AF9DF81C004FF0E0
:10C6C000120A00281CD1606AA8B1B878C0073FF4EC
:10C6D00046AF00E018E0BA680720CDE902B2CDF815
:10C6E00004B00090CDF810B0FB88BA88159800F01F
:10C6F00080FA8DF81C00132030700120ADF8340052
:10C7000093E000005C0000203988208B8142D2D168
:10C710009DF81C004FF0160A0028A06B08D0E0B36B
:10C720004FF6FF7000215F46ADF808B0019027E09A
:10C7300068B1B978C907BED1E18F0DAB0844821D3D
:10C7400003968DE80C0243888288018809E0B87856
:10C75000C007BCD0BA680DAB03968DE80C02BB884D
:10C76000FA881598FFF7F7F905005ED0072D72D00B
:10C7700076E0019005AA02A92046FFF72DF90146AF
:10C78000E28FBDF80800824201D00029F1D0E08F8D
:10C79000A16B084407800198E08746E09DF81C00E3
:10C7A0004FF0180A40B1208BC8B138882083214649
:10C7B0001598FFF79AF938E004F118000090237EED
:10C7C000012221461598FFF7A8F98DF81C000028D2
:10C7D000EDD1192030700120ADF83400E7E70525D0
:10C7E00021461598FFF781F93AE0208800F400709F
:10C7F000ADF8200050452DD1A08FA0F57F41FE3926
:10C8000001D006252CE0D8F808004FF0160A48B1F0
:10C81000A063B8F80C10A1874FF6FF71E187A0F86C
:10C8200000B002E04FF6FF70A087BDF8200030F4A2
:10C830007F611AD0782300220320159907F0C4F9EC
:10C8400098F8000020712088BDF82010084320804F
:10C850000EE000E007252088BDF8201088432080E6
:10C86000208810F47F6F1CD03AE02188814321801A
:10C870009DF8380020B10EA91598F9F7A1F90546E1
:10C880009DF81C000028EBD086F801A00120307034
:10C89000208B70809DF81C0030710520ADF83400AD
:10C8A000DEE7A18EE1B118980DAB0088ADF8340039
:10C8B0002398CDE90304CDE90139206B0090E36AA8
:10C8C000179A1598FFF700FA054601208DF83800F1
:10C8D0000EA91598F9F774F900B10546A4F834B01B
:10C8E00094F8460040070AD52046FFF7A4F910F057
:10C8F0003E0F04D114F8460F20F004002070189861
:10C90000BDF83410018028469BE500B585B00328AA
:10C9100006D102208DF8000088B26946F9F750F977
:10C9200005B000BD10B5384C0B782268012B02D041
:10C93000022B2AD111E013780BB1052B01D104236E
:10C94000137023688A889A802268CB88D3802268F3
:10C950000B891381498951810DE08B88938022686E
:10C96000CB88D38022680B8913814B8953818B89B3
:10C970009381096911612168F9F722F92268002180
:10C980000228117003D0002800D0812010BD832020
:10C9900010BD806B002800D00120704781780129EC
:10C9A00009D10088B0F5205F03D042F6010188422A
:10C9B00001D10020704707207047F0B587B00024F0
:10C9C00015460E460746ADF8184011E00598008858
:10C9D000288005980194811DCDE902410721049426
:10C9E0000091838842880188384600F002F930B906
:10C9F00005AA06A93046FEF7EFFF0028E6D00A2870
:10CA000000D1002007B0F0BD5C00002010B58B788D
:10CA100083B102789A4205D10B885BB102E08B7931
:10CA2000091D4BB18B789A42F9D1B0F801300C88CE
:10CA3000A342F4D1002010BD812010BD072826D0CC
:10CA400012B1012A27D103E0497801F0070102E081
:10CA50004978C1F3C20105291DD2DFE801F00318AE
:10CA6000080C12000AB10320704702207047042806
:10CA70000DD250B10DE0052809D2801E022808D33E
:10CA800003E0062803D0032803D0052070470020C8
:10CA900070470F20704781207047C0B282060BD4C8
:10CAA000000607D5FA48807A4143C01D01EBD0004B
:10CAB00080B27047084670470020704770B51388F1
:10CAC0000B800B781C0625D5F14CA47A844204D83F
:10CAD00043F010000870002070BD956800F0070654
:10CAE00005EBD0052D78F54065F304130B70137832
:10CAF000D17803F0030341EA032140F20123B1FBA3
:10CB0000F3F503FB15119268E41D00FB012000EB17
:10CB1000D40070BD906870BD37B51446BDF80410E0
:10CB20001180117841F0040111709DF804100A067B
:10CB30001ED5D74AA368C1F30011927A824208D861
:10CB4000FE2811D1D21DD2084942184600F01BFC24
:10CB50000AE003EBD00200F00703012510789D40A6
:10CB6000A843994008431070207820F010002070EE
:10CB70003EBD2DE9F0410746C81C0E4620F00300DB
:10CB8000B04202D08620BDE8F081C14D002034467D
:10CB90002E60AF802881AA72E8801AE0E988491CDB
:10CBA000E980810614D4E17800F0030041EA002016
:10CBB00040F20121B0FBF1F201FB12012068FFF706
:10CBC0006CFF2989084480B22881381A3044A0605B
:10CBD0000C3420784107E1D40020D4E7AC4801228E
:10CBE0000189C08800EB400002EB8000084480B25D
:10CBF00070472DE9FF4F89B01646DDE9168A0F46CA
:10CC0000994623F44045084600F054FB040002D046
:10CC10002078400703D401200DB0BDE8F08F0998BB
:10CC200003F016FA02902078000606D59848817A1B
:10CC30000298814201D88720EEE7224601A9029896
:10CC4000FFF73CFF834600208DF80C004046B8F10A
:10CC5000070F1AD001222146FFF7F0FE0028DBD192
:10CC60002078400611D502208DF80C00ADF8107028
:10CC7000BDF80400ADF81200ADF814601898ADF8D6
:10CC80001650CDF81CA0ADF818005FEA094004D595
:10CC900000252E46A84601270CE02178E07801F017
:10CCA000030140EA012040F20121B0FBF1F280468D
:10CCB00001FB12875FEA494009D5B84507D1A17841
:10CCC000207901F0030140EA0120B04201D3BE42C5
:10CCD00001D90720A0E7A8191FFA80F9B94501D9A1
:10CCE0000D2099E79DF80C0028B103A90998F8F7E1
:10CCF00065FF002890D1B84507D1A0784FEA1921E7
:10CD000061F30100A07084F804901A9800B10580C6
:10CD1000199850EA0A0027D0199830B10BEB060099
:10CD20002A46199900F005FB0EE00BEB0608574662
:10CD3000189E099803F0F5FA2B46F61DB5B2394650
:10CD40004246009502F0F1FE224601A90298FFF743
:10CD5000B5FE9DF80400224620F010008DF8040076
:10CD6000DDE90110FFF7D8FE002055E72DE9FF4F60
:10CD7000DFF81C91824685B0B9F80610D9F800009A
:10CD800001EB410100EB810440F20120B2FBF0F124
:10CD9000174600FB1175DDE9138B4E4629460698B0
:10CDA000FFF77BFE0346FFF719FF1844B1880C30EC
:10CDB000884202D9842009B02FE70698C6B230060F
:10CDC00003D5B00601D50620F5E7B9F80620521CB8
:10CDD00092B2A9F80620BBF1000F01D0ABF80020F9
:10CDE000B00602D5C4F808800AE0B9F808201A4451
:10CDF00092B2A9F80820D9F80000891A0844A06066
:10CE00002246FE200699FFF787FEE77025712078FD
:10CE1000390A61F301002A0AA17840F0040062F3A4
:10CE20000101A17020709AF802006071BAF8000048
:10CE3000E08000252573300602D599F80A7000E0DD
:10CE40000127B00601D54FF000084E4600244FF0F0
:10CE500007090FE0CDE902580195CDF8009004953F
:10CE6000F1882046129B089AFFF7C3FE0028A2D142
:10CE7000641CE4B2BC42EDD300209CE700B5FFF790
:10CE8000ADFE03490C308A88904203D9842000BD4E
:10CE900098050020CA88086802EB420300EB830073
:10CEA000521C037823F004030370CA80002101732D
:10CEB0000846ECE72DE9F047804600F0FBF9070053
:10CEC00005D000264446F74D40F2012916E0012026
:10CED000BDE8F087204600F0EDF90278C17802F055
:10CEE000030241EA0222B2FBF9F309FB13210068B5
:10CEF000FFF7D3FD3044641C86B2A4B2E988601EFB
:10CF00008142E7DCA8F10100E8802889801B2881A4
:10CF100000203870DCE710B5144631B1491E21807D
:10CF200003F096F8A070002010BD012010BD70B570
:10CF30000446DC48C188036801E0401C208020884A
:10CF4000884207D200EB400213EB820202D0157830
:10CF50006D07F2D580B2884216D2AAB15079A0727C
:10CF6000D08820819178107901F0030140EA0120F6
:10CF7000A081A078E11CFFF7A1FD20612088401C62
:10CF80002080E080002070BD0A2070BD0121018258
:10CF900070472DE9FF4F85B04FF6FF798246A3F821
:10CFA000009048681E460D4680788DF80600486857
:10CFB0000088ADF8040000208DF80A00088A0C886B
:10CFC000A04200D304462C8251E03878400708D4B0
:10CFD000641C288AA4B2401C288208F10100C0B257
:10CFE00046E0288A401C2882781D6968FFF70EFDFC
:10CFF000D8BB3188494501D1601E30803188A1EB12
:10D00000080030806888A04238D3B878397900F0B9
:10D01000030041EA002801A9781DFFF7F7FC20BBB7
:10D02000298949452ED0002239460798FFF706FD89
:10D03000D8B92989414518D1E9680391B5F80AC0E2
:10D04000D7F808B05046CDF800C003F06AF9DDF813
:10D0500000C05A460CF1070C1FFA8CFC434603999A
:10D06000CDF800C002F02BFD60B1641CA4B200201A
:10D070008046204600F01EF90700A6D1641E2C82CF
:10D080000A2098E674807879B071F888B080397891
:10D09000F87801F0030140EA01207081A6F80C80C5
:10D0A000504602F0D5FF3A4606F10801FFF706FDAB
:10D0B000306100207FE62DE9FF4F87B081461C4696
:10D0C0009246DDF860B0DDF85480089800F0F2F880
:10D0D000050002D02878400702D401200BB09CE55F
:10D0E000484602F0B5FF2978090605D56D49897AC9
:10D0F000814201D88720F1E7CAF309062A4601A92F
:10D10000FFF7DCFC0746149807281CD000222946AC
:10D11000FFF794FC0028E1D12878400613D50120C0
:10D120008DF808000898ADF80C00BDF80400ADF8C3
:10D130000E00ADF81060ADF8124002A94846F8F7AD
:10D140003DFD0028CAD12978E87801F0030140EAC2
:10D150000121AA78287902F0030240EA022056450C
:10D1600007D0B1F5007F04D9611E814201DD0B209B
:10D17000B4E7864201D90720B0E7801B85B2A542FB
:10D1800000D92546BBF1000F01D0ABF8005017982D
:10D1900018B1B9192A4600F0CCF8B8F1000F0DD03B
:10D1A0003E4448464446169F03F0CDF82146FF1DF5
:10D1B000BCB232462B46009402F0EBFC00208DE717
:10D1C0002DE9F04107461D461646084600F072F864
:10D1D000040002D02078400701D40120D3E438466F
:10D1E00002F036FF2178090605D52E49897A814259
:10D1F00001D88720C7E422463146FFF75FFC65B1BE
:10D200002178E07801F0030140EA0120B0F5007FC9
:10D2100001D8012000E0002028700020B3E42DE9AF
:10D22000F04107461D461646084600F043F8040044
:10D2300002D02078400701D40120A4E4384602F04F
:10D2400007FF2178090605D51649897A814201D858
:10D25000872098E422463146FFF75EFCFF2D14D06C
:10D260002178E07801F0030240EA022040F2012236
:10D27000B0FBF2F302FB130015B900F2012080B2FB
:10D28000E070000A60F30101217000207BE410B51A
:10D290000C4600F00FF810B10178490704D40120C2
:10D2A00010BD000098050020C18821804079A07041
:10D2B0000020F5E70749CA88824209D340B10968CE
:10D2C00000EB40006FF00B0202EB80000844704757
:10D2D000002070479805002070B504460D46214691
:10D2E0002B460AB9002070BD01E0491C5B1C501E92
:10D2F000021E03D008781E78B042F6D008781E7857
:10D30000801BF0E730B50C4601462346051B9542CD
:10D3100006D202E0521E9D5C8D54002AFAD107E02D
:10D3200004E01D780D70491C5B1C521E002AF8D1C8
:10D3300030BDF0B50E460146334680EA030404F0E2
:10D340000304B4B906E002B9F0BD13F8017B01F89B
:10D35000017B521E01F00307002FF4D10C461D463D
:10D3600002E080CD80C4121F042AFAD221462B4647
:10D3700000BF04E013F8014B01F8014B521E002AD4
:10D38000F8D100BFE0E7F0B50C460146E6B204E094
:10D3900002B9F0BD01F8016B521E01F00307002F26
:10D3A000F6D10B46E5B245EA052545EA054501E01B
:10D3B00020C3121F042AFBD2194602E001F8016BB8
:10D3C000521E002AFAD100BFE3E710B506F0F7FEBF
:10D3D000FAF792F906F09CFDBDE8104006F02EBE6B
:10D3E000202801D2012070470020704701224FF011
:10D3F000A043824011B1C3F80C257047C3F808253B
:10D4000070474FF0A04101228240C1F818257047B3
:10D4100070B50346002002466FF02F050EE09C5CBD
:10D42000A4F130060A2E02D34FF0FF3070BD00EB9E
:10D43000800005EB4000521C2044D2B28A42EED359
:10D4400070BD30B50A230BE0B0FBF3F403FB14040A
:10D45000B0FBF3F08D183034521E05F8014CD2B2F7
:10D46000002AF1D130BD30B500234FF6FF7510E032
:10D47000040A44EA002084B2C85C6040C0F303148C
:10D48000604005EA00344440E0B25B1C84EA40108E
:10D490009BB29342ECD330BDF94A137882F88B30BB
:10D4A000A2F88C0082F88A10012082F8880092F895
:10D4B000640008B192F8600082F88E00704710B5E1
:10D4C0000B46114658B11846FFF7E6FFED48806855
:10D4D000008802F026FFBDE8104002F0CDBBBDE899
:10D4E00010404FF6FF70D7E770B50026044646702F
:10D4F000E44D1120207029682022A01C6831FFF71C
:10D5000018FF0121A171286800F8666F8078002853
:10D5100011D1DB48B0F86A20A0F89220AA68537BAA
:10D5200080F8943080F89010108802F0FAFEBDE880
:10D53000704002F0B0BB70BD70B5D24D296891F853
:10D5400096200024012A11D091F89020012A1CD0A5
:10D5500091F86620012A22D091F88820012A21D052
:10D5600091F8A020012A2ED0002070BD447017220F
:10D57000027051F8972FC0F802204A68C0F80620C0
:10D580000A7A827201F8014C1BE044700522027095
:10D59000D1F89220C0F8022081F8904011E0FFF706
:10D5A000A3FF0EE091F86620012AF8D044701422FF
:10D5B000027051F88A2FC0F802208A88C28001F8D0
:10D5C000024C012070BD44701A2200F8022B222266
:10D5D000A131FFF7AEFE286880F8A040F1E7A94826
:10D5E000006890F8661011B1B0F86A0070474FF605
:10D5F000FF70704770B5A34C206800B9FFDF20684A
:10D60000417811B10C25284670BD0025C422294659
:10D61000FFF7B9FE2168FF2008707F2081F83700EE
:10D6200013204884282081F86500012081F85C00DF
:10D63000002081F85F0007F0AFF906F091FCE2E707
:10D6400070B5904C0546206800B9FFDF21680020C6
:10D6500048706560FFF7CEFF002800D0FFDF70BD87
:10D66000884909680978814201D10120704700206A
:10D670007047844800B5016891F82400498CC0F3D4
:10D680008002C0F340031A4400F001001044132943
:10D6900015D004DC102909D0122904D10FE0152976
:10D6A00008D01D2904D0FFDF002000BD764903E02B
:10D6B000764800BD7449083131F8100000BD724948
:10D6C0000839F9E76F4840F271210068806A4843E1
:10D6D00070476C48006890F83600002800D00120A0
:10D6E000704710B5664C207B00F074FD40B1207D82
:10D6F00004F115010BF034FB082801D0012010BD06
:10D70000207B30B1022804D00120BDE8104007F092
:10D71000A6BC0020F9E75A490873704759490968BF
:10D7200081F83000704770B50646554890F82D00D6
:10D730000BF0A4FA050018D010210BF076FD00289C
:10D7400013D1504C012032462168C87628461C313E
:10D7500007F092FCD4E900101C310BF0BFFF6068A9
:10D76000BDE8704001210BF0C8BF70BD2DE9F0414C
:10D77000434C074694F82D000BF0FDFA064694F84A
:10D780002F0004F10E0528B126B194F82D000BF0FE
:10D7900018FAA0B194F83000002824D094F82E0094
:10D7A000002820D0607B294600F025FDA8B10BF0B1
:10D7B0008AFB3A462946BDE8F04107F05DBC0120EE
:10D7C00060733A462946304607F056FC94F82D100F
:10D7D0002846BDE8F0410BF065BB39462846BDE858
:10D7E000F04107F07EBCBDE8F08170B5254C2168A2
:10D7F000087BB0B1022814D0012048730E3107F025
:10D8000018FC2068007B00F0E5FC216881F82F00FF
:10D81000082081F82D00487B0E3100F0E3FC40B970
:10D8200001E00020E9E72168487B0E3100F0E3FCCD
:10D8300000B10120216881F82E0091F82F0018B95D
:10D8400091F82200400706D5087D15310BF088FAC3
:10D85000216881F82D0020680025456004F0ADFDA9
:10D86000216888600020FFF781FF2068C57690F866
:10D87000220040070CD5BDE87040002053E70000AF
:10D88000A405002064000020A0B101008F891300CE
:10D8900070BDFB4A1268137B0370D2F80E0008605B
:10D8A000508A8880704778B5F6490446F44D407B2D
:10D8B00008732A68207810706088ADF8000080B284
:10D8C00000F00101C0F3400341EA4301C0F38003CB
:10D8D00041EA8301C0F3C00341EAC301C0F300136E
:10D8E00041EA0311C0F3401341EA4311C0F3801031
:10D8F00041EA80105084E07D012825D0022825D0FF
:10D90000FFDF286880F85E60217B80F82410418C5E
:10D910001D291DD061688162617D80F83610A17B70
:10D92000C1B1022916D00121017554F80F1FC0F8AA
:10D930001510A188A0F81910217B012900D0002121
:10D9400080F83410002078BD0126DAE70226D8E7F7
:10D950000021E0E70021E7E7C948006890F82200CD
:10D96000C0F38000704700B5FFF7F6FF08B1002054
:10D9700000BD1F2000BD00B5FFF7F5FF002800D057
:10D98000012000BDBE49002209680A664B8C1D2B90
:10D9900002D081F86400704781F864207047B84A6B
:10D9A0000023126882F85D3042F84C1F90800120FD
:10D9B00050747047B24A0023126882F85C30A2F8B3
:10D9C000580042F8541F012010727047AC49096892
:10D9D00081F835007047AA49096881F85F007047EF
:10D9E000A748006890F95F007047A548006890F864
:10D9F000220000F001007047A148006890F8220062
:10DA0000C0F340007047002070479D48006890F8C0
:10DA10002200C0F3C000704701207047012070470A
:10DA20000120704770B500F0FAFB954C2068016E3C
:10DA3000491C016690F83300002530B106F0ACFFB8
:10DA400006F08EFA206880F833502068457090F810
:10DA5000381009B102201AE090F86410B1B1006EDC
:10DA6000814213D8022007F095FF206890F8220029
:10DA7000C00704D0A06843220188012003E04322AC
:10DA80004FF6FF710020BDE8704018E50020BDE8AA
:10DA9000704007F07FBF10B501280DD002280DD0CF
:10DAA00004280FD0FFDF7648006890F85E10BDE8CC
:10DAB0001040252006F0FEBB252000E0262006F0C1
:10DAC000D3FCF0E72720FAE702460020D30701D075
:10DAD000CB0705D0930705D58B0703D402207047E9
:10DAE000012070475207FCD54907FAD4042070473B
:10DAF0002DE9F041624C86B0206800B9FFDF206854
:10DB00004178E9BB0178FF2942D0002580F83150E7
:10DB1000A0F85A50857080F83850284606F09EFECE
:10DB2000182259496846FFF704FC684606F08AFE49
:10DB300006F0CCFB206890F95F0006F085FC5248A7
:10DB40001D3806F087FC5048203806F06CFE6068EF
:10DB500006F087FE2068002190F82400FFF7B4FF4C
:10DB6000FFF799FF206880F82C5006F071FE2068BE
:10DB700090F85E10002006F030FD0F21052000E037
:10DB800006E006F038FC206890F82E1051B902E04B
:10DB90000C2006B027E690F82F1019B990F8220053
:10DBA00040072BD504F009FC804620684146806878
:10DBB00005F004F9354F064690FBF7F007FB1060BF
:10DBC0004142404604F0CDF82168886096FBF7F0AA
:10DBD0004A68104448600BF0BFF821684A689042D8
:10DBE0000CD8C1E901580120FFF7C0FD206890F86A
:10DBF0002200400702D50120FFF795FD2068417BF8
:10DC00000E3006F0EAFB206890F85C1039B1B0F8ED
:10DC10005810A0F84810416D416480F85C5090F8AD
:10DC20005D1041B1B0F85010A0F84010C16C40F840
:10DC30003C1F80F821500BF0FCF8032160680BF0CA
:10DC40002FF9216881F833000020A2E70C49886091
:10DC500070472DE9F0410A4C0746002620683146FE
:10DC6000C57E6068068000F0D1FA2068408C1328D9
:10DC700040D00DDC102861D012280DD15CE00000EE
:10DC800064000020A4050020B0B1010040420F0054
:10DC9000152838D01D2836D0FFDF00BF00F0CAFAA3
:10DCA0002068418C1D2907D0152905D0B0F84820DF
:10DCB000416C60680BF028FD206890F82C1090F8FB
:10DCC0002400FFF701FF05463FB1FFF7E4FE012204
:10DCD0004FF49671002006F01EFD206890F82C107D
:10DCE000294380F82C1090F824208A434FF001013A
:10DCF00029D02DE0002160680BF0C4FC0121606890
:10DD000000F084FACAE7012160680BF0BBFC012136
:10DD1000606800F07BFAD4E9001025B11C310BF0EB
:10DD2000DDFC012104E015310BF0D8FC2068017DF9
:10DD300060680BF0E2FCB1E7062100E002216068B8
:10DD40000BF0A0FCAAE7428C1D2A0BD080F8311002
:10DD50004170418C13290ED007DC10290AD01229FA
:10DD600007D108E080F82C60F2E7152903D01D29BF
:10DD700001D0FFDF37E590F85E20BDE8F0410121DA
:10DD8000084606F05ABEF84810B50068417841B917
:10DD90000078FF2805D00021084600F059FA00203D
:10DDA00010BD00F03CFA0C2010BD2DE9F041EE4D05
:10DDB0000446174628680E4690F8660000B1FFDF5B
:10DDC0002968002F81F868704ED12088A1F86A0078
:10DDD0006088A1F88000A088A1F88200E088A1F8FE
:10DDE000840094F88C0181F8860091F82F0020B10E
:10DDF000487B0E3100F0FFF940B9296891F83000F6
:10DE000060B1487B0E3100F0EDF938B12868D0F8E8
:10DE10000E104167418AA0F8781003E02868476730
:10DE2000A0F878706968FF2E0878C0F380106076DB
:10DE3000D1F80300C4F81A00B1F80710E18314D038
:10DE4000296801F16E02C1F87A00E08BA1F87E002A
:10DE500030466D310AF099FF00B9FFDF286810F8ED
:10DE60006D1F41F002010170BDE42868C0F87A70AE
:10DE7000A0F87E70617E80F86D10D4F81A1040F81A
:10DE80006E1FE18B8180AEE470B5FFF7BEFDB64C2E
:10DE9000012538B13C22FF21A068FFF786FF2068EA
:10DEA00080F86650206890F82200C00704D0A0686F
:10DEB0003C220188012003E03C224FF6FF71002044
:10DEC000FFF7FDFA206880F8385070BDA649096850
:10DED00081F83200704770B5002507F0BAFC50B1E8
:10DEE000A14C20684178012908D0022901D00329DA
:10DEF00036D0FFDF70BDBDE8704093E58178002922
:10DF0000F8D1418C102913D090F8330020B106F0DD
:10DF100019F8402006F02DFD206890F822104907DE
:10DF200010D490F83610012904D0032902D002E061
:10DF3000002119E0102590F85E2045F00E01002028
:10DF400006F07BFD206890F8340008B106F054FD1F
:10DF50000021962006F0B1FC21680220487070BDB7
:10DF600081780029FBD18178BDE87040012000F064
:10DF70006FB957E510B57C4C206890F8340008B1B3
:10DF800000F07AF9206890F8330018B106F004FD2B
:10DF900005F0E6FF07F05DFC88B1206840780228B4
:10DFA00000D0FFDF0021012000F052F92068417805
:10DFB000002903D04078012800D0FFDF10BDBDE864
:10DFC00010402FE510B50AF0CBFE04460AF07DFFA5
:10DFD00038B120460AF052FE18B110210BF025F995
:10DFE00008B1002010BD012010BD2DE9F047DFF879
:10DFF00078910E460746032809D0FFF7F6FC044641
:10E00000D9F8000090F8320020B1012003E0FFF7BA
:10E01000F3FC04460020804606F018FA0546032F5C
:10E020002BD0012734EA080453D0D9F800004C461D
:10E0300090F8330068B10AF0E2FE30700146FF2824
:10E0400007D06068C01C0AF0B7FE30780AF0E1FE25
:10E05000054360680178C1F3801221680B7D9A4204
:10E0600005D10622C01C1531FFF736F938B1002062
:10E070003178FF290BD0D8B903E00227D2E701207D
:10E08000F6E7206890F82D00884211D008E038B1FA
:10E09000616811F8030BC0F38010FFF793FF38B1EC
:10E0A0000020216891F82210490703D5A0B910E09B
:10E0B0000120F6E785B92D4890F8360008B1B8423E
:10E0C00007D1616811F8030BC0F38010FFF77AFFE6
:10E0D00010B10020BDE8F0870120FBE7F8B5224C25
:10E0E0000746002520684078022800D0FFDF20681E
:10E0F00090F8340008B100F0BFF860680BF0E4FA63
:10E1000006460FB306F073F9F0B1052E1DD1606815
:10E1100090F8240000F01F00102816D9206890F80D
:10E12000350090B1FF208DF80000012569460520DB
:10E13000FFF75BFF40B1206880F8A05061682222A1
:10E14000A130C91CFFF7F5F815E060680BF0FCFA88
:10E1500088B1062E0FD2DFE806F00E0E0E030E0B6E
:10E1600000F0CDF806E0000064000020A4050020C7
:10E1700000F091F800B90125206890F8330018B13B
:10E1800006F00AFC05F0ECFE1DB10021012000F0B4
:10E190005FF820684178002906D04178012903D032
:10E1A0004078032800D0FFDFF8BD70B59F4E0546CC
:10E1B0000C463068807800280BD106F02FF8034613
:10E1C0003068214690F85E202846BDE8704007F090
:10E1D000C1BD70BD022803D0032801D000207047C4
:10E1E00001207047012802D14879800901D0002020
:10E1F000704701207047012806D148790121B1EB11
:10E20000901F01D101207047002070470278202321
:10E2100022F0200203EA41110A430270704710B550
:10E2200006F09AFB06F079FB06F0C8FABDE810404C
:10E2300006F0FFBA10B57D4C7D4960680BF048FAD6
:10E240007B480E38417B6068BDE810400BF04CBA4B
:10E25000764A10B5126892F831303BB1508C1D28C7
:10E2600000D1FFDFBDE81040FFF7DCBB002902D181
:10E27000BDE81040EDE410BD10B56C4C206837309F
:10E2800006F0C5FB18B921687F2081F83700BDE88A
:10E29000104006F0A7BB38B5FF208DF8000001251F
:10E2A00069460520FFF7A1FE30B3604C20688078F6
:10E2B00008BB6268A0681278417BC2F3401211402B
:10E2C0004173012100F04AF800229DF80010A06877
:10E2D000FFF76BFD2068012100F8661F82788188B6
:10E2E0000120FFF7ECF8216800204870FFF797FF46
:10E2F000012007F04FFB00E00025284638BD38B567
:10E30000FF208DF80000012569460320FFF76DFE10
:10E31000464C002820681CD090F8341031B190F899
:10E32000960018B99DF8000000F04CF860680021D4
:10E33000018004210BF0A6F9FFF77CFF2068B0F8FC
:10E340004020C16B60680BF0EFF921680320487032
:10E3500002E0807800B90025284638BD70B5334DFD
:10E360000446686850F80F2FC4F80E208288628235
:10E3700082792275C27962750289E282428962805D
:10E380008289A280C289E2800269A260027D227332
:10E39000427D02F01F022276407D400984F88C0104
:10E3A00084F8641084F86510002104F130000BF04B
:10E3B0002AFB286890F8651004F8661F90F85F0043
:10E3C000607070BD70B5194C0122216881F89620EB
:10E3D0000A7881F89720FF280DD001F19902983131
:10E3E0000AF0D3FC00B9FFDF206810F8981F41F055
:10E3F000020101700CE060680278C2F3801281F8BB
:10E400009820D0F8032041F8992FB0F807008880B1
:10E41000256895F837009F357F2800D1FFDF2068F9
:10E4200010F8371F29707F21017070BD6400002033
:10E43000B20500202DE9FC470C460646694600F06F
:10E4400010FF002860D1FFF7CAF8B0425CD0214627
:10E45000304608F0DEFF28BB019D95F82C01703591
:10E4600018B9287F08B1012000E00020814695F806
:10E4700039004FF000084FF0010AA0B195F83A00BA
:10E48000800710D584F8018084F800A084F8028009
:10E49000A68095F83B10A171A98F2181E98F618138
:10E4A00085F839802DE0304601F04DFF070000D19E
:10E4B000FFDF384601F06DF940B184F801800D218D
:10E4C0002170A680E08084F802A01AE0304601F0B6
:10E4D00028FF070000D1FFDFB9F1000F14D0384644
:10E4E00001F0AFF980B1304606F01EFD84F80180DE
:10E4F0000A21217084F80280A680697FA17185F8C5
:10E500001C800120BDE8FC870020FBE71CB56946A4
:10E5100000F0A7FE00B1FFDF684600F0AFFEF9494A
:10E5200000208968A1F8F2001CBD2DE9FC410446D9
:10E530000E46062001F06EFD00250746A84606445B
:10E5400017E02088401C80B22080B04202D34046B1
:10E55000A4F8008080B2B84204D3B04202D20020B6
:10E56000BDE8FC81694600F07CFE0028F8D06D1CF7
:10E57000EDB2AE42E5D84FF6FF7020801220EFE7F3
:10E5800010B506F043FD0AF026FBDF484FF6FF7199
:10E5900000234182818203701B2141804FF4A472C9
:10E5A0008280C180028103228275C2758272042436
:10E5B000C4728181C1810282837610BD70B5D14C55
:10E5C0000D466060217006F0ADFC00F063FEFFF7C1
:10E5D000D7FF207809F09EFD284607F04DFACA487B
:10E5E0002838FFF72DF82178606808F0F6FFBDE8BD
:10E5F00070400AF0F0BA10B501240AB1002010BD35
:10E6000021B1012903D00024204610BD02210BF0C6
:10E61000CBF8F9E7887800B90320C97801B903215C
:10E62000107019700020704730B587B0044600881C
:10E63000694600F016FE002806D1A08830B10128F6
:10E6400004D0022802D0122007B030BD05AB04AAC6
:10E6500021466846FFF7DEFF0400F5D1019901204D
:10E6600081F8C501019991F81012002539B9019975
:10E6700091F8C41119B9019991F8971009B13A2488
:10E6800015E00199039581F8C40101989DF81020C7
:10E6900080F8C621019B9DF8140083F8C7018DF80E
:10E6A0000C208DF80D0003AA01200AF0F4FE019859
:10E6B00080F8C5512046C7E710B504460020A17870
:10E6C00001B90120E2780AB940F0020000F0F6FD3D
:10E6D000002803D12046BDE81040A5E710BD70B565
:10E6E0000D4604460189002380880AF0C9FE696A44
:10E6F00081421DD2401A401CA1884008091A8AB2E2
:10E70000A2802189081A2081668895F86410104635
:10E710000AF08DFE864200D230466080E68895F889
:10E72000651020890AF083FE864200D23046E080E0
:10E7300070BDF0B585B00D46064603A900F091FD09
:10E7400000282AD104990022FB20B1F84E30FB2B7F
:10E7500000D30346B1F85040FB20FB2C00D3044605
:10E76000DFF8A8C19CE8811000900197CDF808C09F
:10E77000ADF80230ADF806406846FFF7B0FF6E8096
:10E78000BDF80400E880BDF808006881BDF802000B
:10E79000A880BDF806002881002005B0F0BD2DE955
:10E7A000F04186B004460088694600F05AFD002812
:10E7B00059D12189E08800F09BFD002853D1A18820
:10E7C000608800F095FD00284DD12189E08800F097
:10E7D00085FD002847D1A188608800F07FFD0600F4
:10E7E00041D1208802A9FFF7A4FF00B1FFDFBDF8E7
:10E7F000101062880920914235D3BDF80C10E288D0
:10E80000914230D3BDF81210BDF80E202389114477
:10E81000A2881A44914226D3019D01274FF0000897
:10E8200085F8BB71019890F8FC0105F5DD7508B11C
:10E830003A2615E0E08868806088E880218940F603
:10E840004800814200D30146A980A188814200D2BC
:10E8500008462881002228460199FFF740FF2F70C3
:10E8600085F80180304606B0BDE8F08197E710B525
:10E870000446FEF761FE002813D0207814280FD13B
:10E88000A07868B1A088062101F018FC40B100888A
:10E8900006F04AFBA088062101F022FC00B1FFDF50
:10E8A000012010BD2DE9F041060000D1FFDF164820
:10E8B000022114308046FFF738FE00B1FFDF124C12
:10E8C0000620A78A01F0A6FB0546A08AA84203D12C
:10E8D0003046FFF7CCFF20B9A08A3146FFF7AAFDEA
:10E8E00030B1304600F012FD0028EED10120BBE728
:10E8F00002214046FFF719FE10B9A08AB842E4D1C0
:10E900000020B1E77000002090060020C8B101008F
:10E9100010B500F083FC08B10C2010BD0AF096F988
:10E92000002010BD10B50446007818B1012801D0B0
:10E93000122010BD00F07DFC20B10AF0FDF908B1F5
:10E940000C2010BD207800F053FCE21D04F11703E9
:10E95000611CBDE810400AF09BB910B5044600F0F8
:10E960005DFC08B10C2010BD207818B1012801D041
:10E97000122010BD00F03CFC611C0AF041F908B106
:10E98000002010BD072010BD10B50AF0D9F908B15C
:10E99000002010BD302010BD10B5044600F049FC29
:10E9A00008B10C2010BD20460AF0C2F9002010BDAD
:10E9B00010B500F03EFC20B10AF0BEF908B10C2001
:10E9C00010BD0AF0A7F9002010BDFF2181704FF69D
:10E9D000FF718180F84949680A7882718A880281CA
:10E9E0004988418101214170002070471CB50024F5
:10E9F00012F1080F15D00CDC12F1280F11D012F112
:10EA0000140F0ED012F1100F0BD012F10C0F0CD10D
:10EA100007E012F1040F04D01AB1032A01D0042A2E
:10EA200003D1012804D0032806D0122420461CBD9F
:10EA30001046FEF7D0FFF9E708461446694600F095
:10EA400010FC08B10224F1E7019880F86740002427
:10EA5000ECE710B5134601220AF003FC002010BDBC
:10EA600010B5044600F0E5FB08B10C2010BD2146AE
:10EA7000002006F0CCFA002010BD10B5044607F0C7
:10EA800095F920B1207807F003F8002010BD0C2084
:10EA900010BD10B5044600F0CCFB08B10C2010BD31
:10EAA0002146012006F0B3FA002010BD38B5044617
:10EAB0004FF6FF70ADF80000A079E179884216D0DA
:10EAC0002079FEF78DFC90B16079FEF789FC70B17A
:10EAD0000022A07911460BF0DBFB40B90022E0795F
:10EAE00011460BF0D5FB10B9207A072801D9122066
:10EAF00038BD07F067F948B900216846FFF715FDF2
:10EB000020B1204605F0ADFB002038BD0C2038BDFB
:10EB10002DE9FC41817804461A2925D00EDC1629FE
:10EB20002DD2DFE801F02C2C2C2C2C212C2C2C2C81
:10EB30002C2C2C2C2C2C2C2C2C2121212A291ED0A5
:10EB40000BDCA1F11E010C2919D2DFE801F0181825
:10EB50001818181818181818180D3A3904290ED250
:10EB6000DFE801F00D020D022088B0F5706F06D2CB
:10EB70000127694600F075FB18B10220F0E412206D
:10EB8000EEE4019D68462E4605F5C87506F291161D
:10EB900000F05AFB08B1287808B10C20E0E42F708F
:10EBA000A0783070684600F069FB0020D8E41CB5FE
:10EBB0000C46694600F055FB002118B12160217117
:10EBC00002201CBD0198024610F1700080F842102E
:10EBD00093682360137B237190F84230002BF5D1AA
:10EBE00000201CBD10B5044600F023FB20B10AF044
:10EBF000A3F808B10C2010BD207800F0F9FAE279F2
:10EC0000611C0AF06EF908B1002010BD022010BD91
:10EC100010B5886E60B1002241F8682F0120CA71DA
:10EC2000897988400BF028FB002800D01F2010BDF8
:10EC30000C2010BD1CB50C46694600F012FB0028E4
:10EC400005D10198B0F87000401C208000201CBD48
:10EC50001CB504460088694600F003FB08B1022099
:10EC60001CBD606828B1DDE90001224600F09CFB74
:10EC70001CBDDDE90001FFF7CBFF1CBD10B500781E
:10EC8000012800D00020FEF7A1FE002010BDF0B545
:10EC900044888188C288038945898089A71F40F6F6
:10ECA0007B46B74215D28F1FB74212D28C4210D882
:10ECB000B2F5FA7F0DD2A3F10A04361FB44208D28E
:10ECC000521C4A43B2EB830F03DA854201D800207D
:10ECD000F0BD3020F0BDF8B515460E46044607F0ED
:10ECE00071F808B10C20F8BD204600F09CFB00280C
:10ECF000F9D1A078C1064FF01100F4D5E17D0329C8
:10ED0000F1D0FEF76DFE3070A07555B9FF208DF87B
:10ED1000000069460020FEF74DFE69460020FEF720
:10ED20003EFE2046BDE8F840FEF7BDBD0022D2E71A
:10ED30000078C10801D01220704720498876002051
:10ED4000704710B504460078C00704D1608810B140
:10ED5000FEF711FE80B12078618800F00102607832
:10ED600000F0ACFB002806D1FEF7FDFD01466088EF
:10ED7000884203D9072010BD122010BD6168FEF73C
:10ED800019FE002010BD10B504460078C00704D15C
:10ED9000608810B1FEF730FE90B12078618800F0F5
:10EDA0000102607800F08AFB002804D16088616865
:10EDB000FEF7F5FD002010BD700000209006002039
:10EDC0001220F8E77CB5044640784225012808D88F
:10EDD000A078FEF745FC20B120781225012802D04A
:10EDE00090B128467CBDFEF710FE20B1A088002817
:10EDF000F7D08028F5D8FEF70FFE60B160780028C4
:10EE0000EFD02078012808D006F07EF9044606F0FD
:10EE100009FE00287FD00C207CBDFEF762FC10B9F3
:10EE2000FEF7F1FD90B306F0CDFF0028F3D1FEF719
:10EE3000D6FBA0F57F41FF39EDD1FEF7D6FCA688C1
:10EE400042F210704643A079FEF79CFDFEF7CDFD1F
:10EE5000F8B10022062101A801F002F9040058D0FF
:10EE6000F7480021846020460AF01EF92046FEF78C
:10EE7000EDFEF44D04F13000AA89E989C2830184D2
:10EE8000FEF7CCFD60B1288A01210DE0FFE71220DA
:10EE90007CBD3146002006F0FEFD88B3FFDF44E074
:10EEA000FEF7BEFD0146288A06F090FE0146A062EC
:10EEB0000022204606F02BF9FEF7B0FD38B9FEF728
:10EEC000AFFD0246214601200AF0E3FAD0B1DD4A47
:10EED0002146163201200AF0DEFAE87A0090AB7A79
:10EEE000EA89A989208801F0A5F900B1FFDF20880F
:10EEF00006F019F83146204606F0CDFD00B1FFDFDF
:10EF000013E008E00621BDF8040001F0E9F800B1C3
:10EF1000FFDF09207CBD44B1208806F005F8208879
:10EF2000062101F0DDF800B1FFDF00207CBD0021EB
:10EF300048E770B50D46062101F0C0F8040003D083
:10EF400094F8930110B10AE0022070BD94F87D009E
:10EF5000142801D0152802D194F8E00108B10C2042
:10EF600070BD1022294604F5CA70FEF7E2F90120AF
:10EF700084F89301002070BD10B5062101F09EF8C1
:10EF800018B190F8931111B107E0022013E790F83F
:10EF90007D10142903D0152901D00C200BE7022184
:10EFA00080F89311002006E72DE9FC410D464BF651
:10EFB00080321221954213D895B1694600F051F97B
:10EFC00000280CD1019EB41C703627882A46394689
:10EFD00030460AF02AF82088B842F6D10020CDE564
:10EFE0000846CBE51CB504460088694600F039F9AF
:10EFF000002808D10199A378084691F82C20703197
:10F000009A4201D10C201CBD7F220A728A72002212
:10F01000CA72E17880F82D10217980F82E10A1783D
:10F0200080F82C1010461CBD1CB50C46694600F03B
:10F0300018F9002806D1019890F88C0000B1012041
:10F04000207000201CBD7CB50D461446694600F0BA
:10F0500008F9002805D1019890F82C00012801D06A
:10F060000C207CBD019890F87810297090F87900F8
:10F07000207000207CBD70B50D461646062101F0BB
:10F080001DF818B381880124C388428804EB410429
:10F09000AC4217D842F210746343A4106243B3FB2E
:10F0A000F2F2521E94B24FF4FA72944200D914460E
:10F0B000A54200D22C46491C641CB4FBF1F24A4321
:10F0C000521E91B290F8CC211AB901E0022070BD15
:10F0D00001843180002070BD10B50C46062100F07F
:10F0E000EDFF48B180F8FF4024B190F8FD1009B160
:10F0F00006F083FD00205EE602205CE6017899B10F
:10F10000417889B141881B290ED381881B290BD3F3
:10F11000C188022908D34B490268283941F8322FA7
:10F1200040684860002070471220704710B506F014
:10F130001EFD00203FE610B506F01CFD00203AE65B
:10F1400070B514460A46064600250121104606F011
:10F150003DFD002800D8284605460121304600F034
:10F160004EF806460121002000F049F8311801222E
:10F1700096318D4206D901F19600691AB1FBF0F083
:10F18000401C82B22280002070BD10B5044600F001
:10F1900050F808B10C200EE6601C09F08FFE2078B4
:10F1A00000F00100FEF7BAFA002004E610B50446AC
:10F1B000062000F021FF08B10C20FCE52078C007F4
:10F1C00010D00022607811460BF062F808B11220CE
:10F1D000F1E5A06808F073FD6078616808F078FDDB
:10F1E0000020E8E5002008F06AFD00210846F5E768
:10F1F00018B1022801D0012070470020704710B5D7
:10F20000012904D0022905D0FFDF2046D3E5C00044
:10F21000503001E080002C3084B2F6E710B506F0E3
:10F22000D1FD20B1FEF755FA08B10120C3E5002059
:10F23000C1E510B506F0C6FD002800D00120BAE5F2
:10F240007000002090060020416891F82C0191F890
:10F250008C1021B918B1042801D00120704700207A
:10F26000704710B50C46062100F028FF606018B109
:10F270000120207000209EE502209CE5416891F865
:10F28000FD20002A05D0002281F8FD20406806F00C
:10F29000B4BC704708B54FF6FF70ADF8000006E04B
:10F2A0000621BDF8000000F01BFF00B1FFDF0021C8
:10F2B0006846FFF73AF90028F2D008BD70B5144649
:10F2C0000546012200F00EF9002806D12146284605
:10F2D000BDE87040002200F005B970BDFB2803D8DE
:10F2E00040F64800814201D9112070470020704744
:10F2F0001B38E12806D2B1F5A47F03D344F2902055
:10F30000814201D912207047002070471FB58E49F5
:10F31000897ECA0702D10278192A0AD08A0702D444
:10F320000278182A24D0490739D40178122933D019
:10F3300035E04088ADF8000002A9FFF792FF00B168
:10F34000FFDF039810F8601F8DF8021040788DF8E9
:10F3500003000020ADF8040001B9FFDF9DF80300B1
:10F3600000B9FFDF6846FFF7A7F9D8B1FFDF19E062
:10F370004088ADF8000040F64800FB21ADF80400DD
:10F38000ADF80800ADF80210ADF806106846FFF7BA
:10F390006DFA38B1FFDF05E0007BC00702D0002026
:10F3A00004B008E50120FBE7F8B50646508914468D
:10F3B0000F4640B1B0F5004F05D20022A0781146AB
:10F3C0000AF066FF08B11220F8BDB86E394607F1A1
:10F3D000700530B1A07891F86E20904201D00C20D9
:10F3E000F8BD012081F86F00A07881F86E00606898
:10F3F00041F8680F608988802089A884002087F8F8
:10F400006F0020886946FFF715FCA88CBDF8001036
:10F41000081A00B2002804DD39463046FFF7F8FB31
:10F42000DDE70020F8BD38B504460078EF2841D864
:10F430006088ADF80000009800F061F888B361883A
:10F44000080708D4D4E90120824233D8202A31D3D6
:10F45000B0F5804F2ED8207B18B307282AD8607BC0
:10F4600028B1012803D0022801D0032822D14A075D
:10F4700003D4022801D0032805D1A07B08B10128BC
:10F4800018D1480707D4607D28B1012803D002288D
:10F4900001D003280ED1C806E07D03D5012809D18B
:10F4A00004E007E0012801D0032803D1E07E18B171
:10F4B000012801D0122038BD002038BD70B50C469F
:10F4C0000546FF2904D8FEF7A9FA18B11F2C01D967
:10F4D000122070BD2846FEF7C3F808B1002070BDA9
:10F4E000422070BD0AB1012200E00222024202D194
:10F4F000880802D109B1002070471120704780B2FE
:10F50000C1060BD401071CD481064FEAC07101D596
:10F51000B9B900E099B1800713D410E0410610D4C6
:10F5200081060ED4C1074FEA807104D0002902DBA6
:10F53000400704D405E0010703D4400701D40120AB
:10F5400070470020704700009006002030B5058805
:10F5500025F4004421448CB24FF4004194420AD275
:10F56000121B92B21B339A4201D2A94307E005F461
:10F570000041214303E0A21A92B2A9431143018042
:10F5800030BD0844083050434A31084480B27047C7
:10F5900070B51D4616460B46044629463046049A69
:10F5A000FFF7EFFF0646B34200D2FFDF282200211B
:10F5B0002046FDF7E8FE4FF6FF70A082283EB0B26D
:10F5C00065776080B0F5004F00D9FFDF618805F1F5
:10F5D0003C00814200D2FFDF60880835401B343890
:10F5E00080B220801B2800D21B2020800020A07722
:10F5F00070BD8161886170472DE9F05F0D46C1885B
:10F60000044600F12809008921F4004620F400484E
:10F6100000F063FB10B10020BDE8F09F4FF0000A3E
:10F620004FF0010BB0450CD9617FA8EB0600401AE2
:10F630000838854219DC09EB06000021058041806D
:10F640001AE06088617F801B471A083F0DD41B2F8A
:10F6500000DAFFDFBD4201DC294600E0B9B2681ADA
:10F660000204120C04D0424502DD84F817A0D2E750
:10F6700009EB06000180428084F817B0CCE770B532
:10F68000044600F12802C088E37D20F400402BB13D
:10F6900010440288438813448B4201D2002070BD7D
:10F6A00000258A4202D30180458008E0891A0904B6
:10F6B000090C418003D0A01D00F01FFB08E0637F10
:10F6C00000880833184481B26288A01DFFF73EFF0E
:10F6D000E575012070BD70B5034600F12804C588AA
:10F6E000808820F400462644A84202D100201882D7
:10F6F00070BD98893588A84206D3401B75882D1A9D
:10F700002044ADB2C01E05E02C1AA5B25C7F204497
:10F710003044401D0C88AC4200D90D809C8924B136
:10F72000002414700988198270BD0124F9E770B5AE
:10F73000044600F12801808820F400404518208A02
:10F74000002825D0A189084480B2A08129886A8830
:10F750001144814200D2FFDF2888698800260844CE
:10F76000A189884212D1A069807F2871698819B166
:10F77000201D00F0C2FA08E0637F2888083318448F
:10F7800081B26288201DFFF7E1FEA681268201205A
:10F7900070BD2DE9F041418987880026044600F1BB
:10F7A0002805B94219D004F10A0800BF21F400402D
:10F7B0002844418819B1404600F09FFA08E0637F71
:10F7C00000880833184481B262884046FFF7BEFEC5
:10F7D000761C6189B6B2B942E8D13046BDE8F08105
:10F7E0002DE9F04104460B4627892830A68827F4E6
:10F7F0000041B4F80A8001440D46B74201D100200F
:10F80000ECE70AB1481D106023B1627F691D1846FC
:10F81000FDF78FFD2E88698804F1080021B18A194F
:10F8200096B200F06AFA06E0637F6288083399199D
:10F8300089B2FFF78BFE474501D1208960813046B0
:10F84000CCE78188C088814201D101207047002027
:10F85000704701898088814201D1012070470020D2
:10F86000704770B58588C38800F1280425F40042EC
:10F8700023F4004114449D421AD08389058A5E19FD
:10F8800025886388EC18A64214D313B18B4211D398
:10F890000EE0437F08325C192244408892B2801AFD
:10F8A00080B22333984201D211B103E08A4201D1E0
:10F8B000002070BD012070BD2DE9F0478846C18849
:10F8C0000446008921F4004604F1280720F400458D
:10F8D00007EB060900F001FA002178BBB54204D914
:10F8E000627FA81B801A002503E06088627F801B6E
:10F8F000801A083823D4E28962B1B9F80020B9F837
:10F9000002303BB1E81A2177404518DBE0893844E2
:10F91000801A09E0801A217740450ADB607FE1897F
:10F920000830304439440844C01EA4F81280BDE8B1
:10F93000F087454503DB01202077E7E7FFE7618299
:10F940000020F4E72DE9F74F044600F12805C088B0
:10F95000884620F4004A608A05EB0A0608B1404553
:10F9600002D20020BDE8FE8FE08978B13788B6F872
:10F97000029007EB0901884200D0FFDF207F4FF0A3
:10F98000000B50EA090106D088B33BE00027A07FB6
:10F99000B9463071F2E7E18959B1607F29440830F6
:10F9A00050440844B4F81F1020F8031D94F82110A7
:10F9B0008170E28907EB080002EB0801E1813080E9
:10F9C000A6F802B002985F4650B1637F30880833D2
:10F9D000184481B26288A01DFFF7B8FDE78121E0DD
:10F9E000607FE18908305044294408442DE0FFE756
:10F9F000E089B4F81F102844C01B20F8031D94F8B8
:10FA00002110817009EB0800E28981B202EB080045
:10FA1000E081378071800298A0B1A01D00F06DF9DF
:10FA2000A4F80EB0A07F401CA077A07D08B1E088AC
:10FA3000A08284F816B000BFA4F812B084F817B002
:10FA400001208FE7E0892844C01B30F8031DA4F88B
:10FA50001F10807884F82100EEE710B5818800F14E
:10FA6000280321F400442344848AC288A14212D08E
:10FA7000914210D0818971B9826972B11046FFF745
:10FA8000E8FE50B91089283220F40040104419795A
:10FA90000079884201D1002010BD184610BD00F148
:10FAA0002803407F08300844C01E1060088808B949
:10FAB000DB1E136008884988084480B270472DE92E
:10FAC000F04100F12806407F1C460830904643185C
:10FAD00008884D88069ADB1EA0B1C01C80B29042F7
:10FAE00014D9801AA04200DB204687B298183A4603
:10FAF0004146FDF7F1FB002816D1E01B84B2B84463
:10FB0000002005E0ED1CADB2F61EE8E7101A80B249
:10FB10000119A94206D8304422464146BDE8F041C9
:10FB2000FDF7DABB4FF0FF3058E62DE9F04100F168
:10FB30002804407F1E460830904643180025088858
:10FB40004F88069ADB1E90B1C01C80B2904212D939
:10FB5000801AB04200DB304685B299182A464046EA
:10FB6000FDF7E7FB701B86B2A844002005E0FF1CF0
:10FB7000BFB2E41EEAE7101A80B28119B94206D872
:10FB8000211832464046FDF7D4FBA81985B2284615
:10FB900024E62DE9F04100F12804407F1E4608309C
:10FBA00090464318002508884F88069ADB1E90B1BE
:10FBB000C01C80B2904212D9801AB04200DB30469D
:10FBC00085B298182A464146FDF7B3FB701B86B2F2
:10FBD000A844002005E0FF1CBFB2E41EEAE7101AAB
:10FBE00080B28119B94206D8204432464146FDF719
:10FBF000A0FBA81985B22846F0E5401D704710B556
:10FC0000044600F12801C288808820F4004319448A
:10FC1000904206D0A28922B9228A12B9A28A9042C1
:10FC200001D1002010BD0888498831B1201D00F0A5
:10FC300064F800202082012010BD637F62880833B1
:10FC4000184481B2201DFFF781FCF2E70021C18139
:10FC500001774182C1758175704703881380C2891D
:10FC600042B1C28822F4004300F128021A440A601B
:10FC7000C08970470020704710B50446808AA0F5FF
:10FC80007F41FF3900D0FFDFE088A082E08900B12A
:10FC90000120A07510BD4FF6FF7181820021817592
:10FCA000704710B50446808AA0F57F41FF3900D126
:10FCB000FFDFA07D28B9A088A18A884201D1002059
:10FCC00010BD012010BD8188828A914201D1807DC2
:10FCD00008B1002070470120704720F4004221F451
:10FCE00000439A4207D100F4004001F400418842E9
:10FCF00001D0012070470020704730B504460088CD
:10FD00000D4620F40040A84200D2FFDF21884FF4C6
:10FD1000004088432843208030BD70B50C00054664
:10FD200009D0082C00D2FFDF1DB1A1B2286800F075
:10FD300044F8201D70BD0DB100202860002070BD6A
:10FD40000021026803E093881268194489B2002AEE
:10FD5000F9D100F032B870B500260D4604460829E6
:10FD600000D2FFDF206808B91EE0044620688188C1
:10FD7000A94202D001680029F7D181880646A9422C
:10FD800001D100680DE005F1080293B2002299420A
:10FD900009D32844491B02608180216809682160D9
:10FDA0000160206000E00026304670BD00230B603B
:10FDB0008A8002680A600160704700234360021D68
:10FDC000018102607047F0B50F46018840881546F2
:10FDD0000C181E46AC4200D3641B3044A84200D924
:10FDE000FFDFA019A84200D9FFDF3819F0BD2DE9C7
:10FDF000F041884606460188408815460C181F4683
:10FE0000AC4200D3641B3844A84200D9FFDFE0199C
:10FE1000A84200D9FFDF70883844708008EB0400E6
:10FE2000BDE8F0812DE9F041054600881E461746E1
:10FE3000841B8846BC4200D33C442C8068883044F4
:10FE4000B84200D9FFDFA019B84200D9FFDF6888A7
:10FE50003044688008EB0400E2E72DE9F0410688B1
:10FE60001D460446701980B2174688462080B84265
:10FE700001D3C01B20806088A84200D2FFDF701928
:10FE8000B84200D9FFDF6088401B608008EB0600A5
:10FE9000C6E730B50D460188CC18944200D3A41AA9
:10FEA0004088984200D8FFDF281930BD2DE9F04185
:10FEB000BF4D04469046A8780E46A04200D8FFDF0A
:10FEC00005EB8607786A50F8240000B1FFDFB868B8
:10FED000002816D0304600F032F90146B868FFF726
:10FEE0003AFF05000CD0786A072E40F8245000D362
:10FEF000FFDFB0484246294650F826302046984752
:10FF00002846BDE8F0812DE9F84305000C46009530
:10FF100024D00026E81C20F00300A84200D0FFDF18
:10FF2000DFF88C820027314688F8007088F801409D
:10FF300088F8024088F8034088F8044088F80540B3
:10FF400088F80640684600F003F900204246009910
:10FF5000C91C21F00301009116B10FE00126D9E779
:10FF600002EB80035962002106E000BFD3F824C0F1
:10FF70004CF82170491CC9B2A142F7D30099401C2A
:10FF800001EB8401C0B200910728E0D3481BBDE813
:10FF9000F88310B50446F1F774F908B1102010BDCC
:10FFA0002078834A618802EB800092780EE0436AF1
:10FFB00053F8213043B14A1C6280A180406A50F856
:10FFC0002100A060002010BD491C89B28A42EED8F1
:10FFD0006180052010BD70B505460C460846F1F756
:10FFE00050F908B1102070BD072D01D3072070BD56
:10FFF00025700020608070BD0EB56946FFF7EBFFED
:020000040001F9
:1000000000B1FFDF6846FFF7C4FF08B100200EBD56
:1000100001200EBD10B50446072800D3FFDF644859
:10002000005D10BD3EB5054600246946FFF7D3FFCD
:1000300018B1FFDF01E0641CE4B26846FFF7A9FFD6
:100040000028F8D02846FFF7E5FF001BC0B23EBDF0
:1000500057498978814201D9C0B27047FF20704763
:100060002DE9F04106291BD1514C00273B464FF6A4
:10007000FF7604EB810514F801C00AE0DC19D5F81D
:1000800024E0A4B25EF824E0BEF1000F04D05B1CB3
:100090009BB29C45F2D8344604802046B44201D13C
:1000A00000202EE7BDE8F04100E7A0F57F43FF3BCD
:1000B00001D0072901D300207047F7E6A0F57F4261
:1000C000FF3A0BD0072909D2394A9378834205D9E0
:1000D00002EB8101496A51F8200070470020704707
:1000E0002DE9F04104460D46A4F57F4143F202009C
:1000F000FF3902D0072D01D3072002E72C494FF02A
:1001000000088A78A242F8D901EB8506726A52F893
:100110002470002FF1D0274839461C3050F8252094
:1001200020469047716A284641F8248000F007F87D
:1001300002463946B068FFF739FE0020E1E61D4966
:10014000383131F810004FF6FC71C01C0840704780
:100150002DE9F843164E8846054600242868C01C41
:1001600020F0030028602046FFF7E9FF315D484397
:10017000B8F1000F01D0002200E02A680146009289
:1001800032B100274FEA0D00FFF7C7FD1FB106E0AF
:1001900001270020F8E706EB8401009A8A602968AD
:1001A000641C0844E4B22860072CD7D3EFE60000B3
:1001B000AC060020D4B1010070B50E461D461146B4
:1001C00000F0D5F804462946304600F0D9F820441E
:1001D000001D70BD2DE9F04190460D4604004FF022
:1001E000000610D00027E01C20F00300A04200D041
:1001F000FFDFE5B141460020FFF78FFD0C3000EB3B
:10020000850617B113E00127EDE7624F04F10C00FA
:10021000AA003C602572606000EB85002060002130
:100220006068FDF7B0F841463868FFF776FD304664
:10023000BDE8F0812DE9FF4F564C804681B0206823
:100240009A46934600B9FFDF2068027A424503D9F7
:10025000416851F8280020B143F2020005B0BDE822
:10026000F08F5146029800F082F886B258460E99F7
:1002700000F086F885B27019001D87B22068A1468B
:1002800039460068FFF767FD04001FD067802580AE
:100290002946201D0E9D07465A4601230095FFF76B
:1002A00077F92088314638440123029ACDF800A01E
:1002B000FFF76EF92088C1193846FFF79AF9D9F887
:1002C00000004168002041F82840C7E70420C5E746
:1002D00070B5304C0546206800B9FFDF2068017A10
:1002E000A9420ED9426852F8251051B1002342F8B4
:1002F00025304A880068FFF759FD216800200A7AF6
:1003000008E043F2020070BD4B6853F8203033B967
:10031000401CC0B28242F7D80868FFF711FD0020E8
:1003200070BD70B51B4E05460024306800B9FFDF74
:100330003068017AA94204D9406850F8250000B11C
:10034000041D204670BD70B5124E0546002430686D
:1003500000B9FFDF3068017AA94206D9406850F839
:10036000251011B131F8040B4418204670BD10B5AA
:100370000A460121FFF705F9C01C20F0030010BD5B
:1003800010B50A460121FFF7FCF8C01C20F003005D
:1003900010BD00007C00002070B50446C2F11005BD
:1003A0002819FCF7C6FF15F0FF0109D0491ECAB293
:1003B0008020A0542046BDE870400021FCF7E3BF38
:1003C00070BD30B505E05B1EDBB2CC5CD55C6C402B
:1003D000C454002BF7D130BD10B5002409E00B78D0
:1003E000521E44EA430300F8013B11F8013BD2B22C
:1003F000DC09002AF3D110BD2DE9F04389B01E4677
:10040000DDE9107990460D00044622D002460846E8
:10041000F949FEF71EFB102221463846FFF7DCFFA4
:10042000E07B000606D5F44A394610231032084610
:10043000FFF7C7FF102239464846FFF7CDFFF87B8C
:10044000000606D5EC4A4946102310320846FFF74D
:10045000B8FF102200212046FCF795FF0DE0103E6A
:10046000B6B208EB0601102322466846FFF7A9FF43
:10047000224628466946FEF7ECFA102EEFD818D02F
:10048000F2B241466846FFF787FF10234A466946A5
:1004900004A8FFF796FF1023224604A96846FFF739
:1004A00090FF224628466946FEF7D3FA09B0BDE818
:1004B000F08310233A464146EAE770B59CB01E46E9
:1004C0000546134620980C468DF808002022194650
:1004D0000DF10900FCF72DFF202221460DF1290026
:1004E000FCF727FF17A913A8CDE90001412302AAB1
:1004F00031462846FFF780FF1CB070BD2DE9FF4F45
:100500009FB014AEDDE92D5410AFBB49CDE90076A4
:10051000202320311AA8FFF76FFF4FF000088DF855
:1005200008804FF001098DF8099054F8010FCDF8BB
:100530000A00A088ADF80E0014F8010C1022C0F3D8
:1005400040008DF8100055F8010FCDF81100A88873
:10055000ADF8150015F8010C2C99C0F340008DF88A
:10056000170006A88246FCF7E4FE0AA8834610227C
:100570002299FCF7DEFEA0483523083802AA40681D
:100580008DF83C80CDE900760E901AA91F98FFF7F0
:1005900033FF8DF808808DF809902068CDF80A00A7
:1005A000A088ADF80E0014F8010C1022C0F3400032
:1005B0008DF810002868CDF81100A888ADF8150056
:1005C00015F8010C2C99C0F340008DF81700504627
:1005D000FCF7AFFE584610222299FCF7AAFE864887
:1005E0003523083802AA40688DF83C90CDE90076A2
:1005F0000E901AA92098FFF7FFFE23B0BDE8F08FF8
:10060000F0B59BB00C460546DDE922101E461746A4
:10061000DDE92032D0F801C0CDF808C0B0F805C03F
:10062000ADF80CC00078C0F340008DF80E00D1F892
:100630000100CDF80F00B1F80500ADF813000878FF
:100640001946C0F340008DF815001088ADF816006B
:1006500090788DF818000DF119001022FCF769FE52
:100660000DF1290010223146FCF763FE0DF139002F
:1006700010223946FCF75DFE17A913A8CDE9000149
:10068000412302AA21462846FFF7B6FE1BB0F0BD63
:10069000F0B5A3B017460D4604461E46102202A828
:1006A0002899FCF746FE06A820223946FCF741FEB1
:1006B0000EA820222946FCF73CFE1EA91AA8CDE967
:1006C0000001502302AA314616A8FFF795FE16989E
:1006D000206023B0F0BDF0B589B00446DDE90E0717
:1006E0000D463978109EC1F340018DF80010317825
:1006F0009446C1F340018DF801101968CDF802103D
:100700009988ADF8061099798DF808100168CDF830
:1007100009108188ADF80D1080798DF80F00102335
:100720006A46614604A8FFF74CFE2246284604A903
:10073000FEF78FF9D6F801000090B6F80500ADF885
:100740000400D7F80100CDF80600B7F80500ADF8B1
:100750000A000020039010236A46214604A8FFF7F0
:1007600030FE2246284604A9FEF773F909B0F0BD11
:100770001FB51C6800945B6801931368029352686C
:100780000392024608466946FEF763F91FBD10B59D
:1007900088B00446106804905068059000200690C8
:1007A000079008466A4604A9FEF753F9BDF8000011
:1007B000208008B010BD1FB51288ADF800201A883F
:1007C000ADF80220002201920292039202460846EE
:1007D0006946FEF73EF91FBD7FB5074B1446054637
:1007E000083B9A1C6846FFF7E6FF22466946284602
:1007F000FFF7CDFF7FBD000022B2010070B50446B7
:1008000000780E46012813D0052802D0092813D1FC
:100810000EE0A06861690578042003F07FFA052DD9
:100820000AD0782300220420616903F0CDF903E0A7
:100830000420616903F072FA31462046BDE8704039
:1008400001F08AB810B500F12D03C2799C78411DE2
:10085000144064F30102C271D2070DD04A795C7969
:1008600022404A710A791B791A400A718278C97844
:100870008A4200D9817010BD00224A71F5E74178A3
:10088000012900D00C21017070472DE9F04F93B081
:100890004FF0000B0C690D468DF820B00978012649
:1008A0000C2017464FF00D084FF0110A4FF00809C1
:1008B0001B2975D2DFE811F01B00C40207031F03D8
:1008C0005E037103A303B803F9031A0462049504D9
:1008D000A204EF042D05370555056005F30536061E
:1008E000390668068406FE062207EB06F00614B1F8
:1008F00020781D282AD0D5F808805FEA08004FD05C
:1009000001208DF82000686A02220D908DF82420C5
:100910000A208DF82500A8690A90A8880028EED042
:1009200098F8001091B10F2910D27DD2DFE801F0C4
:100930007C1349DEFCFBFAF9F8F738089CF6F50061
:1009400002282DD124B120780C2801D00026F0E314
:100950008DF82020CBE10420696A03F0DFF9A88834
:100960000728EED1204600F0F2FF022809D02046E9
:1009700000F0EDFF032807D9204600F0E8FF072824
:1009800002D20120207004E0002CB8D02078012889
:10099000D7D198F80400C11F0A2902D30A2061E0C8
:1009A000C4E1A070D8F80010E162B8F80410218604
:1009B00098F8060084F83200012028700320207087
:1009C00044E00728BDD1002C99D020780D28B8D15B
:1009D00098F8031094F82F20C1F3C000C2F3C002AE
:1009E000104201D0062000E00720890707D198F8BF
:1009F00005100142D2D198F806100142CED194F8E8
:100A0000312098F8051020EA02021142C6D194F86C
:100A1000322098F8061090430142BFD198F80400A4
:100A2000C11F0A29BAD200E008E2617D81427CD868
:100A3000D8F800106160B8F80410218198F8060019
:100A4000A072012028700E20207003208DF8200055
:100A5000686A0D9004F12D000990601D0A900F3016
:100A60000B9022E12875FCE3412891D1204600F04B
:100A70006EFF042802D1E078C00704D1204600F0C0
:100A800066FF0F2884D1A88CD5F80C8080B24FF077
:100A9000400BE669FFF745FC324641465B464E4651
:100AA000CDF80090FFF741F80B208DF82000686A20
:100AB0000D90E0690990002108A8FFF79FFE2078BB
:100AC000042806D0A07D58B1012809D003280AD0F7
:100AD0004AE305202070032028708DF82060CEE1C5
:100AE00084F800A032E712202070EAE11128BCD17E
:100AF000204600F02CFF042802D1E078C00719D06E
:100B0000204600F024FF062805D1E078C00711D167
:100B1000A07D02280ED0204608E0CCE084E072E1FF
:100B200051E124E103E1E9E019E0B0E100F00FFF59
:100B300011289AD1102208F1010104F13C00FCF7C0
:100B4000F8FB607801286ED012202070E078C00792
:100B500060D0A07D0028C8D00128C6D05AE0112856
:100B600090D1204600F0F3FE082804D0204600F083
:100B7000EEFE132886D104F16C00102208F1010169
:100B80000646FCF7D6FB207808280DD014202070EC
:100B9000E178C8070DD0A07D02280AD06278022A29
:100BA00004D00328A1D035E00920F0E708B10128DE
:100BB00037D1C80713D0A07D02281DD00020009097
:100BC000D4E9062133460EA8FFF777FC10220EA9C0
:100BD00004F13C00FCF780FBC8B1042042E7D4E9F3
:100BE0000912201D8DE8070004F12C0332460EA8DF
:100BF000616BFFF770FDE9E7606BC1F34401491ECB
:100C00000068C84000F0010040F08000D7E720787D
:100C1000092806D185F800908DF8209036E32870D9
:100C2000EFE30920FBE79EE1112899D1204600F06F
:100C30008EFE0A2802D1E078C00704D1204600F0D9
:100C400086FE15288CD104F13C00102208F1010128
:100C50000646FCF76EFB20780A2816D01620207076
:100C6000D4E90932606B611D8DE80F0004F15C036B
:100C700004F16C0247310EA8FFF7C2FC10220EA946
:100C80003046FCF729FB18B1F9E20B20207073E223
:100C90002046FFF7D7FDA078216AC0F110020B189B
:100CA00000211846FCF76FFB26E3394608A8FFF73A
:100CB000A5FD06463CE20228B7D1204600F047FEDB
:100CC000042804D3204600F042FE082809D3204619
:100CD00000F03DFE0E2829D3204600F038FE1228F1
:100CE00024D2A07D0228A0D10E208DF82000686AB1
:100CF0000D9098F801008DF82400F5E3022894D1B6
:100D0000204600F024FE002810D0204600F01FFEF0
:100D10000128F9D0204600F01AFE0C28F4D0042057
:100D20008DF8240098F801008DF8250060E2112864
:100D3000FCD1002CFAD020781728F7D16178606AAE
:100D4000022912D05FF0000101EB4101182606EBE9
:100D5000C1011022405808F10101FCF7EAFA042011
:100D6000696A00F0E7FD2670F0E50121ECE70B2849
:100D7000DCD1002CDAD020781828D7D16078616ACD
:100D800002281CD05FF0000000EB4002102000EBB6
:100D9000C2000958B8F8010008806078616A02282A
:100DA0000FD0002000EB4002142000EBC2000958D5
:100DB000404650F8032F0A604068486039E001203F
:100DC000E2E70120EEE71128B0D1002CAED0207868
:100DD0001928ABD16178606A022912D05FF0000156
:100DE00001EB41011C2202EBC1011022405808F125
:100DF0000101FCF79EFA0420696A00F09BFD1A20AD
:100E0000B6E00121ECE7082890D1002C8ED02078A4
:100E10001A288BD1606A98F80120017862F34701A3
:100E20000170616AD8F8022041F8012FB8F8060075
:100E300088800420696A00F07DFD90E2072011E6B9
:100E40003878012894D1182204F114007968FCF74D
:100E500070FAE079C10894F82F0001EAD001E07837
:100E600061F30000E070217D002974D1217803290D
:100E700009D0C00725D0032028708DF82090686A1B
:100E80000D90412008E3607DA178884201D90620B9
:100E9000E8E502262671E179204621F0E001E171C2
:100EA000617A21F0F0016172A17A21F0F001A17262
:100EB000FFF7C8FC2E708DF82090686A0D9007200F
:100EC000EAE20420ABE6387805289DD18DF82000B1
:100ED000686A0D90B8680A900720ADF824000A9857
:100EE0008DF830B06168016021898180A17A8171BB
:100EF00004202070F8E23978052985D18DF820107A
:100F0000696A0D91391D09AE0EC986E80E004121AE
:100F1000ADF824108DF830B01070A88CD7F80C8084
:100F200080B24026A769FFF70EFA41463A4633469B
:100F3000C846CDF80090FEF72CFE002108A8FFF768
:100F40005DFCE07820F03E00801CE07020780528F1
:100F500002D00F200CE04AE1A07D20B1012802D090
:100F6000032802D002E10720BEE584F80080EDE40A
:100F70002070EBE4102104F15C0002F0E8FB606BF0
:100F8000B0BBA07D18B1012801D00520FDE00620EE
:100F90002870F8486063A063C2E23878022894D1D0
:100FA000387908B12875B7E3A07D022802D003285C
:100FB00005D022E0B8680028F5D060631CE06078B6
:100FC000012806D0A07994F82E10012805D0E94810
:100FD00006E0A17994F82E00F7E7B8680028E2D07F
:100FE0006063E078C00701D0012902D0E14803E046
:100FF00003E0F8680028D6D0A06306200FE68DF83D
:101000002090696A0D91E1784846C90709D0617856
:10101000022903D1A17D29B1012903D0A17D032992
:1010200000D00720287033E138780528BBD120781C
:1010300007281ED084F800A005208DF82000686ADB
:101040000D90B8680A90ADF824A08DF830B0032157
:101050000170E178CA070FD0A27D022A1AD00021C0
:101060000091D4E9061204F15C03401CFFF725FA55
:101070006BE384F80090DFE7D4E90923211D8DE8B4
:101080000E0004F12C0304F15C02401C616BFFF7BD
:1010900022FB5AE3626BC1F34401491E1268CA4045
:1010A00002F0010141F08001DAE738780528BDD16E
:1010B0008DF82000686A0D90B8680A90ADF824A0F9
:1010C0008DF830B0042100F8011B102204F15C01FE
:1010D000FCF72FF9002108A8FFF790FB20780928DA
:1010E00001D0132044E70A2020709AE5E078C10778
:1010F00042D0A17D012902D0022927D038E06178B1
:1011000008A8012916D004F16C010091D4E9061257
:1011100004F15C03001DFFF7BBFA0A2028700326C8
:101120008DF82080686A0D90002108A8FFF766FB03
:10113000E1E2C7E204F15C010091D4E9062104F187
:101140006C03001DFFF7A4FA0026E9E7C0F3440191
:1011500014290DD24FF0006101EBB0104FEAB060DE
:10116000E0706078012801D01020BDE40620FFE681
:10117000607801283FF4B6AC0A2050E5E178C90751
:1011800008D0A17D012903D10B202870042030E074
:1011900028702EE00E2028706078616B012818D02E
:1011A00004F15C0304F16C020EA8FFF7E1FA20469B
:1011B000FFF748FBA0780EAEC0F1100230440021CA
:1011C000FCF7E1F806208DF82000686A09960D907A
:1011D0009BE004F16C0304F15C020EA8FFF7C8FA6F
:1011E000E8E73978022903D139790029D0D0297567
:1011F00092E28DF82000686A0D9056E5387807284D
:10120000F6D1D4E909216078012808D004F16C00F6
:10121000CDE90002029105D104F16C0304E004F170
:101220005C00F5E704F15C0304F14C007A680646C3
:10123000216AFFF763F96078012822D1A078216A3A
:10124000C0F110020B1800211846FCF79CF8D4E9F5
:101250000923606B04F12D018DE80F0004F15C039C
:1012600000E05BE204F16C0231460EA8FFF7C8F91A
:1012700010220EA904F13C00FCF72EF808B10B2057
:10128000ACE485F8008000BF8DF82090686A0D906E
:101290008DF824A009E538780528A9D18DF820001B
:1012A000686A0D90B8680A90ADF824A08DF830B047
:1012B00080F80080617801291AD0D4E9092104F16D
:1012C0002D03A66B03910096CDE9013204F16C0366
:1012D00004F15C0204F14C01401CFFF791F900217C
:1012E00008A8FFF78BFA6078012805D015203FE6A3
:1012F000D4E90912631DE4E70E20287006208DF85A
:101300002000686ACDF824B00D90A0788DF82800F0
:10131000CBE438780328C0D1E079C00770D00F2023
:101320002870072065E7387804286BD11422391D0E
:1013300004F11400FBF7FDFF616A208CA1F809009D
:10134000616AA078C871E179626A01F003011172E3
:10135000616A627A0A73616AA07A81F824001620B1
:101360005DE485F800A08DF82090696A50460D91E3
:1013700092E0000022B201003878052842D1B86816
:10138000A8616178606A022901D0012100E0002192
:1013900001EB4101142606EBC1014058082102F07F
:1013A000D6F96178606A022901D0012100E00021AC
:1013B00001EB410106EBC101425802A8E169FFF7C8
:1013C0000BFA6078626A022801D0012000E0002058
:1013D00000EB4001102000EBC1000223105802A9CD
:1013E0000932FEF7EEFF626AFD4B0EA80932A169D1
:1013F000FFF7E1F96178606A022904D0012103E076
:1014000044E18DE0BFE0002101EB4101182606EB2D
:10141000C101A27840580EA9FBF78BFF6178606A82
:10142000022901D0012100E0002101EB410106EB7E
:10143000C1014158A0780B18C0F1100200211846D4
:10144000FBF7A1FF05208DF82000686A0D90A869C0
:101450000A90ADF824A08DF830B0062101706278B2
:10146000616A022A01D0012200E0002202EB42025E
:1014700006EBC202401C89581022FBF75AFF0021DC
:1014800008A8FFF7BBF91220C5F818B028708DF82E
:101490002090686A0D900B208DF8240005E43878C0
:1014A000052870D18DF82000686A0D90B8680A9000
:1014B0000B20ADF824000A98072101706178626A58
:1014C000022901D0012100E0002101EB410310219C
:1014D00001EBC30151580988A0F801106178626AD4
:1014E000022902D0012101E02FE1002101EB41039B
:1014F000142101EBC30151580A6840F8032F4968D1
:10150000416059E01920287001208DF8300074E600
:10151000162028708DF830B0002108A8FFF76EF96A
:10152000032617E114202870AEE6387805282AD162
:101530008DF82000686A0D90B8680A90ADF824A074
:101540008DF830B080F800906278616A4E46022AC9
:1015500001D0012200E0002202EB42021C2303EB37
:10156000C202401C89581022FBF7E3FE002108A8A4
:10157000FFF744F9152028708DF82060686A0D90F7
:101580008DF8246039E680E0387805287DD18DF823
:101590002000686A0D90B8680A90ADF8249009217F
:1015A00001706169097849084170616951F8012F3A
:1015B000C0F802208988C18020781C28A8D1A1E722
:1015C000E078C00702D04FF0060C01E04FF0070CA6
:1015D000607802280AD000BF4FF0000000EB040141
:1015E00001F1090105D04FF0010004E04FF00100C6
:1015F000F4E74FF000000B78204413EA0C030B7063
:1016000010F8092F02EA0C02027004D14FF01B0CF3
:1016100084F800C0D2B394F801C0BCF1010F00D02F
:101620009BB990F800C0E0465FEACC7C04D028F07B
:1016300001060670102606E05FEA887C05D528F0D2
:101640000206067013262E70032694F801C0BCF122
:10165000020F00D092B991F800C05FEACC7804D0B4
:101660002CF001060E70172106E05FEA8C7805D594
:101670002CF002060E701921217000260078D0BBD4
:10168000CAB3C3BB1C20207035E012E002E03878FA
:10169000062841D11A2015E4207801283CD00C28D6
:1016A0003AD02046FFF7EBF809208DF82000686A51
:1016B0000D9031E03878052805D0062038700326D3
:1016C0001820287046E005208DF82000696A0D91E9
:1016D000B9680A910221ADF8241001218DF830106B
:1016E0000A990870287D4870394608A8FFF786F8DF
:1016F000064618202870012E0ED02BE001208DF810
:101700002000686A0D9003208DF82400287D8DF854
:10171000250085F814B012E0287D80B11D202070CE
:10172000172028708DF82090686A0D9002208DF89F
:101730002400394608A8FFF761F806460AE00CB114
:10174000FE2020709DF8200020B1002108A8FFF79E
:1017500055F80CE413B03046BDE8F08F2DE9F043A6
:1017600087B00C464E6900218DF8041001202578C1
:10177000034602274FF007094FF0050C85B1012DF4
:1017800053D0022D39D1FE2030708DF80030606AC0
:10179000059003208DF80400207E8DF8050063E09D
:1017A0002179012925D002292DD0032928D0042907
:1017B00023D1B17D022920D131780D1F042D04D30E
:1017C0000A3D032D01D31D2917D12189022914D3E4
:1017D0008DF80470237020899DF80410884201E080
:1017E0001AB2010018D208208DF80000606A059036
:1017F00057E070780128EBD0052007B0BDE8F083F2
:101800001D203070E4E771780229F5D131780C2978
:10181000F3D18DF80490DDE7083402F804CB94E8A6
:101820000B0082E80B000320E7E71578052DE4D1D3
:101830008DF800C0656A0595956802958DF81010C1
:1018400094F80480B8F1010F13D0B8F1020F2DD035
:10185000B8F1030F1CD0B8F1040FCED1ADF804706D
:101860000E202870207E687000216846FEF7C6FFB3
:101870000CE0ADF804700B202870207E002100F0F1
:101880001F0068706846FEF7B9FF37700020B4E7A4
:10189000ADF804708DF8103085F800C0207E6870B7
:1018A000277011466846FEF7A9FFA6E7ADF8049039
:1018B0002B70207F6870607F00F00100A870A07F0F
:1018C00000F01F00E870E27F2A71C0071CD094F876
:1018D000200000F00700687194F8210000F0070074
:1018E000A87100216846FEF789FF2868F062A88881
:1018F0003086A87986F83200A0694078707528791A
:10190000B0700D203070C1E7A9716971E9E700B5C9
:1019100087B004280CD101208DF800008DF8040058
:10192000002005918DF8050001466846FEF766FF28
:1019300007B000BD70B50C46054602F0EFF9214630
:101940002846BDE870407823002202F03DB908B176
:10195000007870470C20704770B50C0005784FF088
:1019600000010CD021702146F1F757FC694821781D
:10197000405D884201D1032070BD022070BDF1F7A7
:101980004CFC002070BD0279012A05D000220A70AB
:101990004B78012B02D003E0042070470A758A615E
:1019A00002799300521C0271C15003207047F0B5B8
:1019B00087B00F4605460124287905EB800050F8D2
:1019C000046C7078411E02290AD252493A460839FD
:1019D00001EB8000314650F8043C28469847044605
:1019E0000CB1012C11D12879401E10F0FF00287194
:1019F00001D00324E0E70A208DF80000706A05900A
:101A0000002101966846FFF7A7FF032CD4D007B04A
:101A10002046F0BD70B515460A46044629461046D4
:101A2000FFF7C5FF064674B12078FE280BD1207C55
:101A300030B100202870294604F10C00FFF7B7FFF1
:101A40002046FEF71CFF304670BD704770B50E464D
:101A500004467C220021FBF796FC0225012E03D0D0
:101A6000022E04D0052070BD0120607000E065707A
:101A70002046FEF704FFA575002070BD28B1027C4A
:101A80001AB10A4600F10C01C4E70120704710B5F5
:101A9000044686B0042002F041F92078FE2806D0E2
:101AA00000208DF8000069462046FFF7E7FF06B0EA
:101AB00010BD7CB50E4600218DF804104178012937
:101AC00003D0022903D0002405E0046900E0446942
:101AD0000CB1217C89B16D4601462846FFF753FFC2
:101AE000032809D1324629462046FFF793FF9DF887
:101AF0000410002900D004207CBD04F10C05EBE7A4
:101B000030B40C460146034A204630BC024B0C3A26
:101B1000FEF751BE60B201001AB2010070B50D4669
:101B2000040012D08DB1220100212846FBF72BFCC6
:101B3000102255492846FBF7FCFB53480121083881
:101B4000018044804560002070BD012070BD70B5EB
:101B50004D4E00240546083E10E07068AA7B00EB5D
:101B60000410817B914208D1C17BEA7B914204D170
:101B70000C222946FBF7B0FB30B1641C308884424C
:101B8000EBDB4FF0FF3070BD204670BD70B50D46E9
:101B9000060006D02DB1FFF7DAFF002803DB401C5A
:101BA00014E0102070BD384C083C20886288411C2D
:101BB000914201D9042070BD6168102201EB001030
:101BC0003146FBF7B6FB2088401C2080287000209F
:101BD00070BD2D480838008870472B49083908889F
:101BE000012802D0401E08800020704770B51446BE
:101BF0000D0018D0BCB10021A170022802D010281D
:101C000011D105E0288870B10121A170108008E091
:101C10002846FFF79CFF002805DB401CA070A88920
:101C20002080002070BD012070BD70B505461446AF
:101C30000E000BD000203070A878012808D005D9FC
:101C40001149A1F108010A8890420AD9012070BD0A
:101C500024B1287820702888000A5070022008706B
:101C60000FE064B14968102201EB001120461039E1
:101C7000FBF75FFB287820732888000A6073102028
:101C80003070002070BD0000880000202DE9F04178
:101C900090460C4607460025C2EB4811FE48072F28
:101CA00000EB410607D2DFE807F007070707040447
:101CB0000400012500E0FFDF06F81470002D13D0AA
:101CC000F5487C3000EB880191F827001F2803D0ED
:101CD00006EB4000447001E081F8264006EB440228
:101CE0001F20507081F82740BDE8F081F0B51F46F5
:101CF00014460E4605461F2A00D1FFDFE648C7EB13
:101D0000471100EB410CE4490CEB44007C3101EB42
:101D100087021F2E07D00CEB460140784B784870A5
:101D200018461F210AE092F82530407882F82500F5
:101D3000F6E701460CEB410005704078A142F8D16E
:101D400092F827401F2C03D00CEB4404637001E091
:101D500082F826300CEB41041F23637082F82710B1
:101D6000F0BD30B50D46CD4B44190022181A72EB68
:101D7000020100D2FFDFCA48854200DDFFDFC8480C
:101D80004042854200DAFFDFC448401C844207DA43
:101D9000002C01DB204630BDC048401C201830BD5F
:101DA000BE48C043FAE710B504460168407ABD4A10
:101DB00052F82020114450B10220084420F07F4006
:101DC000F8F759FD94F90810BDE81040C9E7042060
:101DD000F3E72DE9F047B04E7C3696F82D50DFF84A
:101DE000B89206EB850090F8264036E0C5EB451129
:101DF00009EB41074FF0070817F81400012806D037
:101E000004282ED005282ED0062800D0FFDF01F0B0
:101E100045F9014607EB4400427806EB850080F85F
:101E2000262090F82720A24202D11F2280F82720E6
:101E3000084601F03EF92A4621460120FFF726FF19
:101E40009948414600EB041002682046904796F8F6
:101E50002D5006EB850090F826401F2CC6D1BDE81A
:101E6000F087022000E003208046D0E710B58A4CBE
:101E70001F217C3484F8251084F8261084F827105C
:101E8000002084F8280084F82D0084F82E10411ECC
:101E9000A16044F8100B2074607420736073A07309
:101EA0008249E07720750870487000217A4A103C1A
:101EB00002F81100491CC9B21F29F9D30120F8F713
:101EC000CAFB0020F8F7C7FB012084F82200F9F7CD
:101ED00037F87748F9F749F8744CA41E2070754814
:101EE000F9F743F86070BDE81040F8F741BB10B552
:101EF000F8F763FB6D4CA41E2078F9F74FF8607873
:101F0000F9F74CF8BDE8104001F000B91F20704708
:101F10000020F8F779BB70B5054601240E46AC40A9
:101F20005AB1FFF7F5FF0146634800EBC500C0F862
:101F30001015C0F81465614801E06048001D046098
:101F400070BD2DE9F34F544D00247C3505EB810A1B
:101F500089B09AF825001F2823D0611E02915249AA
:101F6000009401EB0017391D03AB07C983E8070094
:101F700005F11400A0460189ADF81C10807A8DF897
:101F80001E009DF81500C8B10226464951F82040B0
:101F90000399A219114421F07F41019184B10221DA
:101FA0000FE00120F8F757FB0020F8F754FBF8F793
:101FB00022FB01F0ABF885F82F40A9E00426E4E706
:101FC00000218DF81810022801D0012820D1039893
:101FD00001190998081A801C9DF81C1020F07F40F8
:101FE00001B10221353181420BD203208DF8150059
:101FF0000398C4F13201401A20F07F40322403904C
:102000000CE095F8240018B901F063FA002863D0B9
:10201000322C03D214B101F06DF801E001F076F832
:10202000224A107818B393465278039B121B002162
:102030009DF81840994601281AD0032818D000208E
:102040008DF81E00002A04DD981A039001208DF8F7
:1020500018009DF81C0000B102210398184A20F0D6
:102060007F40039003AB099801F05CF810B110E0D9
:102070000120E5E79DF81D0018B99BF80000032832
:1020800029D08DF81C80CDF80C908DF818408DF873
:102090001E809DF8180015E0DC080020FF7F841EDC
:1020A0000020A10770B20100EC0600209A00002079
:1020B000773A0100D31D010000F0014004F5014012
:1020C000FFFF3F0058B103980123811900221846F1
:1020D000F8F714FB06E000200BB0BDE8F08F0120FC
:1020E000F8F7B9FA97F90C20012300200199F8F7C5
:1020F00005FBF87BC00701D0F8F7E9FB012085F864
:102100002F008AF8288020226946FE48FBF711F943
:102110000120E1E72DE9F05FDFF8E883064608EBF0
:10212000860090F825501F2D21D0A8F17C01C6EB28
:1021300046102C4601EB4007A1F5F879DFF8C8B34B
:1021400005E0A24607EB4A0044781F2C0AD0F8F7B6
:1021500020FB09EB04135A4601211B1D00F0E2FF8E
:102160000028EED0AC4202D0334652461EE0E7488B
:1021700008B1AFF30080F8F70CFB98F82F206AB194
:10218000D8F80C20411C891A0902CA1701EB126108
:102190000912002902DD0020BDE8F09F3146FFF75B
:1021A000D0FE08B10120F7E733462A461F2104205C
:1021B000FFF79CFDEFE72DE9F041D24C2569F8F7D8
:1021C000E8FA401B0002C11700EB1160001200D4B6
:1021D000FFDF94F8220000B1FFDF012784F82270AE
:1021E00094F82E001F2800D1FFDF94F82E601F20E6
:1021F00084F82E00002584F82F5084F8205084F8AD
:102200002150C34825600078022835D0032833D0F8
:1022100000202077A068401C05D04FF0FF30A06060
:102220000120F8F718FA0020F8F715FAF8F711FB73
:10223000F8F709FBF8F7DFF908F0C6F8B5480560CC
:1022400005604FF0E0214FF40040B846C1F880022D
:10225000F0F7B5FE94F82D703846FFF75BFF0028C5
:10226000FAD0A849C7EB47107C3901EB400010F8C1
:102270001600022802D006E00120CAE73A4631469D
:102280000620FFF703FD84F8238004EB870090F815
:1022900026001F2804D09E48801E4078F8F784FE50
:1022A000207F002803D0F8F7C4FA257765771BE56F
:1022B000944910B591F82D20924B0024C2EB4211A5
:1022C0007C3B03EB410100BF11F814302BB1641CBF
:1022D000E4B21F2CF8D31F2010BD8F4901EB04116D
:1022E00008600020C87321460120FFF7CFFC20467C
:1022F00010BD10B5012801D0032800D181B3814A57
:1023000092F82D307F4C0022C3EB43137C3C04EB4E
:10231000430300BF13F812400CB1082010BD521C3B
:10232000D2B21F2AF6D37A4A48B1022807D0072929
:1023300017D2DFE801F01606080A0C0E1000002183
:102340000AE01B2108E03A2106E0582104E0772149
:1023500002E0962100E0B52151701070002010BD00
:10236000FFE70720FBE76A4810B54078F8F783FAE3
:1023700080B2F4E710B51F2815D2624991F82D20DC
:10238000C2EB4213A1F17C0202EB430414F81030BB
:102390004BB191F82D30C3EB431302EB430212F81B
:1023A0001020012A01D00020D9E791F82D20014604
:1023B0000020FFF76BFC0120D1E710B5F8F7E9F931
:1023C000BDE81040F8F757BA2DE9F0410E464D4FE1
:1023D00001781F257C3FC3EB43130C4607EB4303F7
:1023E00003E0254603EB45046478944202D01F2C99
:1023F000F7D108E01F2C06D0A14206D103EB410122
:102400004978017007E000206EE403EB440003EB21
:10241000450140784870414F7EB127B1002140F21C
:102420002D40AFF300803078A04206D127B10021C3
:102430004FF48660AFF30080357027B1002140F281
:102440003540AFF3008001204EE410B542680B68C0
:102450009A1A1202D41702EB1462121216D4497A95
:1024600091B1427A82B92E4A006852F8211012685E
:1024700019441044001D891C081A0002C11700EB02
:1024800011600012322801DB012068E7002066E7B6
:102490002DE9F0478146204EC1EB411006F5F87159
:1024A0009846144601EB400713E000BF06EB041505
:1024B000291D4846FFF7C9FF68B988F80040A97B85
:1024C00099F80A00814201D80020C8E407EB4400D3
:1024D00044781F2CEAD10120C1E42DE9F04782465F
:1024E00008480E4600EB8600DFF82C8090F8254067
:1024F0001F201070C1EB46109946154608F5F8717B
:1025000010E0000058090020FFFF3F00000000001D
:102510009A00002000F50040EC06002000000000BA
:1025200070B2010001EB40070BE000BF08EB0410A4
:102530005146001DFFF789FF28B107EB44002C70BE
:1025400044781F2CF2D1297889F800104B46224696
:1025500031465046BDE8F0479AE72DE9FC410E466A
:1025600007460024FE4D08E09DF8000005EB001032
:102570008168384600F0EAFD01246B4601AA314625
:102580003846FFF7AAFF0028EED02046BDE8FC81C0
:1025900070B50446C0EB44110125F248A54300EB99
:1025A0004101C5EB451200EB42003E22FAF7C1FEA5
:1025B000ED4E26B100214FF49360AFF30080E9485F
:1025C0007C3000EB850100EB8400D0F82500C1F8D9
:1025D000250026B1002140F29C40AFF30080284640
:1025E00070BD8A4203D003460520FFF77FBB1F2939
:1025F00008D0DC4AC0EB401002EB400000EB410089
:1026000040787047D7497C3101EB800090F8250075
:102610007047D34901EB0010001DFFF7C4BB7CB528
:102620001D46134604460E4600F108022146184690
:10263000F8F72EF994F908000F2804DD1F382072EE
:102640002068401C206096B10220C84951F826102D
:10265000461820686946801B20F07F40206094F96E
:1026600008002844C01C1F2803DA012009E00420C8
:10267000EBE701AAF8F70CF99DF8040010B10098F7
:10268000401C00900099206831440844C01C20F090
:102690007F4060607CBDFEB50C46064609786079D7
:1026A000907220791F461546507279B12179002227
:1026B0002846A368FFF7B3FFAA4928467C3191F862
:1026C0002E201F2A0AD00969491D0DE0D4E90223F2
:1026D000217903B02846BDE8F040A0E7A449497835
:1026E000052900D20521314421F07F4100F02EFD63
:1026F00039462846FFF731FFD4E90232217968468E
:10270000FFF78DFF2B4600213046019A00F00AFDAD
:10271000002806D103B031462846BDE8F04000F05D
:1027200015BDFEBD2DE9FE4F814600F0CBFC38B152
:102730005FF0000799F8000020B10020BDE8FE8F8F
:102740000127F7E7874D884C4FF0000A7C3524B10C
:10275000002140F2FF40AFF3008095F82D8085F80E
:1027600023A0002624B1002140F20450AFF30080E2
:102770001FB94046FFF70CFF804624B1002140F20C
:102780000C50AFF30080F8F704F843466A46494618
:10279000FFF781FF24B1002140F21250AFF3008017
:1027A00095F82E001F280CD029690098401A0002C5
:1027B000C21700EB1260001203D5684600F0C6FC99
:1027C000012624B1002140F21C50AFF3008095F89F
:1027D00023000028BBD124B1002140F22250AFF3E6
:1027E0000080F7F7D6FF6B46624A002100F09AFCA2
:1027F0000028A3D027B941466846FFF7AEFE06433E
:1028000026B16846FFF7CFFAC9F8080024B10021C5
:1028100040F23550AFF3008001208FE72DE9F04FF3
:1028200089B08B46824600F04DFC4E4C7C3428B378
:102830009BF80000002710B1012800D0FFDF4A4DAF
:1028400025B1002140F2F750AFF300804449012048
:1028500001EB0A18A94607905FEA090604D0002197
:1028600040F2FF50AFF30080079800F022FC94F88C
:102870002D50002084F8230067B119E094F82E0051
:1028800001271F2800D1FFDF9BF800000028D6D0C9
:10289000FFDFD4E72846FFF77BFE054626B100217F
:1028A00040F20960AFF3008094F823000028D3D1F0
:1028B00026B1002140F21360AFF30080F7F769FF03
:1028C0002B4602AA59460790FFF7E5FE98F80F003D
:1028D0005FEA060900F001008DF8130004D0002122
:1028E00040F21D60AFF300803B462A4602A9CDF8B6
:1028F00000A0079800F035FC064604EB850090F830
:1029000028000090B9F1000F04D0002140F22460AB
:10291000AFF3008000F0C2FB0790B9F1000F04D0C4
:10292000002140F22A60AFF3008094F823000028D1
:1029300092D1B9F1000F04D0002140F23260AFF320
:1029400000800DF1080C9CE80E00C8E90112C8F8DF
:102950000C30BEB35FEA090612D000210CE0000083
:10296000EC060020DC0800200000000070B201002E
:102970009A000020FFFF3F0040F23F60AFF300806D
:102980000098B84312D094F82E001F280ED126B11B
:10299000002140F24460AFF300802846FFF7BAFB05
:1029A00020B99BF80000D8B3012849D0B9F1000F35
:1029B00004D0002140F26160AFF30080284600F0AF
:1029C00066FB01265FEA090504D0002140F26A6037
:1029D000AFF30080079800F06CFB25B1002140F2B6
:1029E0006E60AFF300808EB194F82D0004EB800090
:1029F00090F826001F2809D025B1002140F275600B
:102A0000AFF30080F9484078F8F7CEFA25B10021FD
:102A100040F27A60AFF3008009B03046BDE8F08F35
:102A2000FFE7B9F1000F04D0002140F24C60AFF392
:102A3000008094F82D2051460420FFF727F9C0E7C5
:102A4000002E3FF409AF002140F25760AFF3008041
:102A500002E72DE9F84FE64D814695F82D004FF03D
:102A60000008E44C4FF0010B474624B100214FF41D
:102A7000D160AFF30080584600F01BFB85F823704F
:102A800024B1002140F28D60AFF3008095F82D0055
:102A9000FFF77EFD064695F8230028B1002CE4D010
:102AA000002140F293604DE024B1002140F2976094
:102AB000AFF30080CE49C6EB46107C3901EB4001F4
:102AC00011F81900032856D1334605EB830A4A460C
:102AD0009AF82500904201D1012000E000200090EA
:102AE0000AF125000021FFF76FFC01460098014222
:102AF00003D001228AF82820AF77E1B324B1002166
:102B000040F29C60AFF30080324649460120FFF757
:102B1000BDF89AF828A024B1002140F2A760AFF3D5
:102B2000008000F0BBFA834624B1002140F2AC6083
:102B3000AFF3008095F8230038B1002C95D0002128
:102B40004FF4D660AFF300808FE7BAF1000F07D0E3
:102B500095F82E001F2803D13046FFF7DBFAE0B1CD
:102B600024B1002140F2C460AFF30080304600F091
:102B70008EFA4FF0010824B1002140F2CD60AFF38E
:102B80000080584600F095FA24B1002140F2D1604F
:102B9000AFF300804046BDE8F88F002CF1D0002153
:102BA00040F2BF60AFF30080E6E70120F7F72CBDED
:102BB0008E48007870472DE9F0418D4C94F82E0036
:102BC0001F2821D194F82D6004EB860797F8255033
:102BD0001F2D00D1FFDF8649C6EB46107C3901EB83
:102BE000400000EB4500407807F8250F0120F87001
:102BF00084F82300294684F82E50324602202234DD
:102C0000FFF744F8002020701EE42DE9F0417A4ED1
:102C1000774C012538B1012821D0022879D003282A
:102C20007DD0FFDF10E400F065FAFFF7C4FF207EDF
:102C300000B1FFDF84F821500020F7F70CFDA168F8
:102C4000481C04D0012300221846F7F757FD14F85A
:102C50002E0F217806EB01110A68012154E0FFF7DD
:102C6000AAFF0120F7F7F7FC94F8210050B1A06803
:102C7000401C07D014F82E0F217806EB01110A68CA
:102C8000062141E0207EDFF86481002708F1020878
:102C9000012803D002281ED0FFDFB5E7A777F7F79A
:102CA000C8FD98F80000032801D165772577607D7D
:102CB000524951F8200094F8201051B948B1616888
:102CC0000123091A00221846F7F718FD0220207682
:102CD0009AE7277698E784F8205000F00BFAA07F57
:102CE00050B198F8010061680123091A00221846C2
:102CF000F7F704FD257600E0277614F82E0F2178EB
:102D000006EB01110A680021BDE8F041104700E020
:102D100005E036480078BDE8F041F8F745B9FFF71F
:102D20004AFF14F82E0F217806EB01110A680521DD
:102D3000EAE710B52E4C94F82E001F2800D1FFDFD3
:102D400014F82E0F21782C4A02EB01110A68BDE815
:102D50001040042110477CB5254C054694F82E0000
:102D60001F2800D1FFDFA068401C00D0FFDF94F8CF
:102D70002E00214901AA01EB0010694690F90C00D0
:102D80002844F7F785FD9DF904000F2801DD012097
:102D900000E00020009908446168084420F07F4169
:102DA000A16094F82100002807D002B00123BDE8FB
:102DB000704000221846F7F7A1BC7CBD30B5104A20
:102DC0000B1A541CB3EB940F1ED3451AB5EB940F9A
:102DD0001AD3934203D9101A43185B1C14E095428E
:102DE00010D9511A0844401C43420DE098000020BD
:102DF0005809002000000000EC06002070B201001D
:102E0000FF7F841EFFDF0023184630BD0123002210
:102E100001460220F7F772BC0220F7F71CBCF7F757
:102E2000B8BC2DE9FE4FF24C05468A4694F82E00B8
:102E30001F2800D1FFDFEE4E94F82E10A04620464A
:102E4000A6F51B7202EB01141F218DF8001090F8FB
:102E50002D10376900EB8101D8F8000091F825901A
:102E6000284402AA01A90C36F7F712FD9DF90800C3
:102E7000002802DD0198401C0190A0680199642D92
:102E8000084453D3DB4B00225B1B72EB02014DD392
:102E90006168411A21F07F41B1F5800F46D220F0E0
:102EA0007F40706086F80AA098F82D1044466B4663
:102EB0004A463046FFF7ECFAB8B3A068401C10D081
:102EC000F7F767FCA168081A0002C11700EB116050
:102ED000001202282CDD0120F7F7BDFB4FF0FF3078
:102EE000A06094F82D009DF800201F210F34FFF7FB
:102EF00078FBA17FBE4AC1EB41117C3A02EB410154
:102F0000E27F01EB4201487054F80F0C284444F86A
:102F10000F0C012020759DF800001F2803D0B64833
:102F20004078F8F741F8012008E401E0002005E4CA
:102F30007760FBE72DE9F047AD4C074694F82D008C
:102F4000A4F17C06C0EB401006EB400010F817001F
:102F500000B9FFDF94F82D50A046A84C24B1002101
:102F600040F6E800AFF30080C5EB451040F6F409E9
:102F700040F6FD0A06EB400616F81700012819D0A6
:102F8000042811D005280FD006280DD01CB100212F
:102F90004846AFF3008007F0EBFE002CECD0002198
:102FA0005046AFF30080E7E72A4639460120FEF796
:102FB0006DFEF2E74FF0010A4FF00009454624B1DB
:102FC000002140F60410AFF30080504600F071F885
:102FD00085F8239024B1002140F60910AFF300805A
:102FE00095F82D00FFF7D4FA064695F8230028B18E
:102FF000002CE4D0002140F60F101FE024B1002186
:1030000040F61310AFF3008005EB860000F12701B6
:1030100033463A462630FFF7D7F924B1002140F66F
:103020001710AFF3008000F039F8824695F82300BE
:1030300038B1002CC3D0002140F61D10AFF3008042
:10304000BDE785F82D60012085F82300504600F08B
:1030500030F8002C04D0002140F62A10AFF3008095
:10306000BDE8F08730B5044661480D4690F82D0064
:103070005F49C0EB40107C3901EB400010F81400B0
:1030800000B9FFDF5E4800EB0410C57330BD58493E
:1030900081F82D00012081F82300704710B55948B0
:1030A00008B1AFF30080EFF3108000F0010072B6BA
:1030B00010BD10B5002804D1534808B1AFF300800B
:1030C00062B610BD51480068C005C00D10D0103860
:1030D00040B2002804DB00F1E02090F8000405E095
:1030E00000F00F0000F1E02090F8140D4009704747
:1030F0000820704710B53E4C94F82400002804D1F5
:10310000F7F746FC012084F8240010BD10B5384CB8
:1031100094F82400002804D0F7F763FC002084F81A
:10312000240010BD10B51C685B68241A181A24F01E
:103130007F4420F07F40A14206D8B4F5800F03D22F
:10314000904201D8012010BD002010BDD0E900320E
:10315000D21A21F07F43114421F07F41C0E90031B0
:1031600070472DE9FC418446214815460F46C2EBC5
:1031700045117C38089C00EB410616F81400012824
:1031800004D0022802D00020BDE8FC813B46204A42
:1031900001216046FFF7C6FFF0B101AB6A46294640
:1031A0003846FFF79AF9B8B19DF804209DF8001051
:1031B0002846FFF716FA06EB440148709DF8000018
:1031C0001F280DD006EB400044702A4621460320FC
:1031D000FEF75CFD0120D7E72A4621460420F7E7E9
:1031E0000348012100EB850000F8254FC170ECE792
:1031F00058090020FF1FA1079800002000000000D0
:10320000EC060020000000000000000004ED00E0DB
:10321000FFFF3F002DE9F041044680074FF0000515
:103220004FF001060CD56B480560066000F0DEF932
:1032300020B16948016841F48061016024F0020412
:10324000E0044FF0FF3705D564484660C0F80873C6
:1032500024F48054600003D56148056024F0804464
:10326000E0050FD55F48C0F80052C0F808735E490A
:103270000D60091D0D605C4A04210C32116006616D
:1032800024F48074A00409D558484660C0F8005260
:10329000C0F808735648056024F40054C4F3803025
:1032A000C4F3C031884200D0FFDF14F4404F14D083
:1032B00050484660C0F808734F488660C0F8005216
:1032C000C0F808734D490D600A1D16608660C0F88D
:1032D00008730D60166024F4404420050AD5484860
:1032E00046608660C0F80873C0F8487345480560BA
:1032F00024F4006407F042F84348044200D0FFDFA2
:10330000BDE8F081F0B50022202501234FEA020438
:1033100020FA02F1C9072DD051B2002910DB00BFFD
:103320004FEA51174FEA870701F01F0607F1E02720
:1033300003FA06F6C7F88061BFF34F8FBFF36F8FB4
:103340000CDB00BF4FEA51174FEA870701F01F0659
:1033500007F1E02703FA06F6C7F8806204DB01F103
:10336000E02181F8004405E001F00F0101F1E021C6
:1033700081F8144D02F10102AA42C9D3F0BD10B583
:10338000224C20600846F7F71CFC2068FFF742FF3C
:103390002068FFF7B7FF06F031FC00F088F906F06F
:1033A000EDFF06F02CFFF7F7CBFDBDE8104006F06F
:1033B000D9BC10B5154C2068FFF72CFF2068FFF72B
:1033C000A1FF06F0DBFFF7F7FBFC0020206010BD3B
:1033D0000A207047FC1F00403C17004000C000401E
:1033E00004E50140008000400485004000D000401A
:1033F00004D5004000E0004000F0004000F500402F
:1034000000B0004008B50040FEFF0FFD9C0000200A
:1034100070B526490A680AB30022154601244B6894
:103420005B1C4B600C2B00D34D600E7904FA06F345
:103430000E681E420FD0EFF3108212F0010272B636
:1034400000D001220C689C430C6002B962B6496846
:103450000160002070BD521C0C2AE0D3052070BD15
:103460004FF0E0214FF48000C1F800027047EFF305
:10347000108111F0010F72B64FF0010202FA00F252
:103480000A48036842EA0302026000D162B6E7E735
:1034900006480021016041607047012181400348D6
:1034A0000068084000D0012070470000A000002004
:1034B00001208107086070470121880741600021D1
:1034C000C0F80011184801707047174901200870B2
:1034D00070474FF08040D0F80001012803D0124817
:1034E0000078002800D00120704710480068C0070D
:1034F00000D0012070470D480C300068C00700D094
:10350000012070470948143000687047074910319E
:103510000A68D20306D5096801F00301814201D18E
:103520000120704700207047A800002008040040D8
:103530004FF08050D0F830010A2801D000207047A9
:103540000120704700B5FFF7F3FF20B14FF0805026
:10355000D0F8340108B1002000BD012000BD4FF0BB
:103560008050D0F83001062803D0401C01D0002044
:103570007047012070474FF08050D0F830010D287F
:1035800001D000207047012070474FF08050D0F8E4
:103590003001082801D000207047012070474FF00B
:1035A0008050D0F83001102801D000207047012051
:1035B000704700B5FFF7F3FF30B9FFF7DCFF18B92C
:1035C000FFF7E3FF002800D0012000BD00B5FFF7A2
:1035D000C6FF38B14FF08050D0F83401062803D32D
:1035E000401C01D0002000BD012000BD00B5FFF748
:1035F000B6FF48B14FF08050D0F83401062803D30D
:10360000401C01D0012000BD002000BD0021017040
:10361000084670470146002008707047EFF310819C
:1036200001F0010172B60278012A01D0012200E006
:1036300000220123037001B962B60AB1002070476D
:103640004FF400507047E9E7EFF3108111F0010FDC
:1036500072B64FF00002027000D162B600207047CF
:10366000F2E700002DE9F04115460E46044600271A
:1036700000F0EBF8A84215D3002341200FE000BF73
:1036800094F84220A25CF25494F84210491CB1FB19
:10369000F0F200FB12115B1C84F84210DBB2AB426B
:1036A000EED3012700F0DDF83846BDE8F08172491D
:1036B00010B5802081F800047049002081F8420094
:1036C00081F84100433181F8420081F841004331E3
:1036D00081F8420081F841006948FFF797FF684888
:1036E000401CFFF793FFF7F7B3FBBDE8104000F075
:1036F000B8B840207047614800F0A7B80A460146B4
:103700005E48AFE7402070475C48433000F09DB80A
:103710000A46014659484330A4E740210170002081
:10372000704710B504465548863000F08EF820707A
:10373000002010BD0A460146504810B58630FFF7FC
:1037400091FF08B1002010BD42F2070010BD70B516
:103750000C460646412900D9FFDF4A480068103868
:1037600040B200F054F8C5B20D2000F050F8C0B2DD
:10377000854201D3012504E0002502E00DB1F7F7F1
:10378000AAFB224631463D48FFF76CFF0028F5D0E2
:1037900070BD2DE9F0413A4F0025064617F10407A8
:1037A00057F82540204600F041F810B36D1CEDB2EB
:1037B000032DF5D33148433000F038F8002825D0E8
:1037C0002E4800F033F8002820D02C48863000F036
:1037D0002DF800281AD0F7F754FB2948FFF71EFFF1
:1037E000B0F5005F00D0FFDFBDE8F0412448FFF7EF
:1037F0002BBF94F841004121265414F8410F401C7E
:10380000B0FBF1F201FB12002070D3E74DE7002876
:1038100004DB00F1E02090F8000405E000F00F0068
:1038200000F1E02090F8140D4009704710F8411F96
:103830004122491CB1FBF2F302FB13114078814293
:1038400001D1012070470020704710F8411F4078D7
:10385000814201D3081A02E0C0F141000844C0B21D
:10386000704710B50648FFF7D9FE002803D1BDE820
:103870001040F7F7F1BA10BD0DE000E08809002014
:10388000AC00002004ED00E070B5154D2878401C18
:10389000C4B26878844202D000F0DBFA2C7070BDAC
:1038A0002DE9F0410E4C4FF0E02600BF00F0C6FAC3
:1038B00007F05EFA40BF20BF677820786070D6F8C6
:1038C0000052EDF759FD854305D1D6F8040210B931
:1038D0002078B842EAD000F0ACFA0020BDE8F081D0
:1038E000BC0000202DE9F04101264FF0E022310319
:1038F0004FF000084046C2F88011BFF34F8FBFF36E
:103900006F8F204CC4F800010C2000F02EF81E4DE3
:103910002868C04340F30017286840F01000286072
:10392000C4F8046326607F1C02E000BF07F020FAA1
:10393000D4F800010028F9D01FB9286820F0100041
:103940002860124805686660C4F80863C4F80081FE
:103950000C2000F00AF82846BDE8F08110B50446B6
:10396000FFF7C0FF2060002010BD002809DB00F039
:103970001F02012191404009800000F1E020C0F8C1
:103980008012704700C0004010ED00E008C5004004
:103990002DE9F047FF4C0646FF21A06800EB061218
:1039A00011702178FF2910D04FF0080909EB01119F
:1039B00009EB06174158C05900F0F4F9002807DD5B
:1039C000A168207801EB061108702670BDE8F08729
:1039D00094F8008045460DE0A06809EB05114158B8
:1039E000C05900F0DFF9002806DCA068A84600EB0B
:1039F00008100578FF2DEFD1A06800EB061100EB51
:103A000008100D700670E1E7F0B5E24B04460020A7
:103A100001259A680C269B780CE000BF05EB001787
:103A2000D75DA74204D106EB0017D7598F4204D0C7
:103A3000401CC0B28342F1D8FF20F0BD70B5FFF743
:103A4000EEF9D44C08252278A16805EB02128958BA
:103A500000F0A8F9012808DD2178A06805EB011124
:103A60004058BDE87040FFF7D1B9FFF7A1F8BDE8B5
:103A70007040F7F799BA2DE9F041C64C2578FFF769
:103A8000CEF9FF2D6ED04FF00808A26808EB05169E
:103A9000915900F087F90228A06801DD80595DE0A6
:103AA00000EB051109782170022101EB0511425C40
:103AB0005AB1521E4254815901F5800121F07F41D3
:103AC00081512846FFF764FF34E00423012203EB11
:103AD000051302EB051250F803C0875CBCF1000F20
:103AE00010D0BCF5007F10D9CCF3080250F806C006
:103AF0000CEB423C2CF07F4C40F806C0C3589A1A9D
:103B0000520A09E0FF2181540AE0825902EB4C324B
:103B100022F07F428251002242542846FFF738FFAC
:103B20000C21A06801EB05114158E06850F82720EE
:103B3000384690472078FF2814D0FFF770F9227894
:103B4000A16808EB02124546895800F02BF90128BC
:103B500093DD2178A06805EB01114058BDE8F041E4
:103B6000FFF754B9BDE8F081F0B51D4614460E4686
:103B70000746FF2B00D3FFDFA00700D0FFDF8548FB
:103B8000FF210022C0E90247C57006710170427032
:103B900082701046012204E002EB0013401CE15445
:103BA000C0B2A842F8D3F0BD70B57A4C064665782D
:103BB0002079854200D3FFDFE06840F82560607817
:103BC000401C6070284670BD2DE9FF5F1D468B4686
:103BD0000746FF24FFF723F9DFF8B891064699F866
:103BE0000100B84200D8FFDF00214FF001084FF07C
:103BF0000C0A99F80220D9F808000EE008EB01132E
:103C0000C35CFF2B0ED0BB4205D10AEB011350F869
:103C100003C0DC450CD0491CC9B28A42EED8FF2C47
:103C200002D00DE00C46F6E799F803108A4203D162
:103C3000FF2004B0BDE8F09F1446521C89F8022012
:103C400008EB04110AEB0412475440F802B00421B7
:103C5000029B0022012B01EB04110CD040F8012043
:103C60004FF4007808234FF0020C454513D9E905BD
:103C7000C90D02D002E04550F2E7414606EB413261
:103C800003EB041322F07F42C250691A0CEB0412BA
:103C9000490A81540BE005B9012506EB453103EBD8
:103CA000041321F07F41C1500CEB0411425499F8E8
:103CB00000502046FFF76CFE99F80000A84201D0A2
:103CC000FFF7BCFE3846B4E770B50C460546FFF773
:103CD000A6F8064621462846FFF796FE0446FF282A
:103CE0001AD02C4D082101EB0411A8684158304628
:103CF00000F058F800F58050C11700EBD140401398
:103D00000221AA6801EB0411515C09B100EB4120CA
:103D1000002800DC012070BD002070BD2DE9F047B7
:103D200088468146FFF770FE0746FF281BD0194DD5
:103D30002E78A8683146344605E0BC4206D02646B7
:103D400000EB06121478FF2CF7D10CE0FF2C0AD000
:103D5000A6420CD100EB011000782870FF2804D097
:103D6000FFF76CFE03E0002030E6FFF755F8414610
:103D70004846FFF7A9FF0123A968024603EB041395
:103D8000FF20C854A878401EB84200D1A87001EBAB
:103D9000041001E0540A002001EB061100780870BD
:103DA000104613E6081A0002C11700EB116000125A
:103DB0007047000010B5202000F07FF8202000F0B0
:103DC0008DF84D49202081F80004EDF7D3FA4B49D6
:103DD00008604B48D0F8041341F00101C0F8041307
:103DE000D0F8041341F08071C0F804134249012057
:103DF0001C39C1F8000110BD10B5202000F05DF89D
:103E00003E480021C8380160001D01603D4A481E3F
:103E100010603B4AC2F80803384B1960C2F8000131
:103E2000C2F8600138490860BDE81040202000F069
:103E300055B834493548091F08607047314933483F
:103E4000086070472D48C8380160001D521E02608E
:103E500070472C4901200860BFF34F8F70472DE950
:103E6000F0412849D0F8188028480860244CD4F83C
:103E700000010025244E6F1E28B14046EDF7D4F90D
:103E800040B9002111E0D4F8600198B14046EDF747
:103E9000CBF948B1C4F80051C4F860513760BDE8AF
:103EA000F041202000F01AB831684046BDE8F041EA
:103EB00006F068BFFFDFBDE8F08100280DDB00F0F1
:103EC0001F02012191404009800000F1E020C0F86C
:103ED0008011BFF34F8FBFF36F8F7047002809DB4E
:103EE00000F01F02012191404009800000F1E02014
:103EF000C0F880127047000020E000E0C8060240D1
:103F000000000240180502400004024001000001C8
:103F1000454800210170417010218170704770B5D3
:103F2000054616460C460220F3F7F2FB3E490120F7
:103F3000F61E08703D4806603C4808380560001FC2
:103F4000046070BD10B50220F3F7E2FB3649012092
:103F5000087000F051F836494FF40000086010BDB9
:103F600010B5314C207888B131494FF40000091D5B
:103F7000086000F04AF8002120B1012060702D484F
:103F8000006801E061701020A0702170BDE8104051
:103F90000020F3F7BDBB244810B5017859B126487D
:103FA000D0F8000128B100F030F8002800D001203E
:103FB00010BD022010BD407810BD10B5C824641E8D
:103FC000E4B2FFF7E8FF022803D0012800D0002068
:103FD00010BD002CF3D1FFDFF9E7134810B50178CD
:103FE00041B100F012F818B112480068C0B210BD1B
:103FF000102010BD807810BD0F480021C0F80011BE
:10400000C0F80411C0F8081170470B48D0F800112F
:1040100029B1D0F8041111B1D0F8080108B100207D
:104020007047012070470000BE00002010F50040DE
:1040300004F5014000F4004000F000404748002132
:1040400001704170704770B5064614460D46012058
:10405000F3F75EFB42480660001D0460001D05602A
:1040600070BD70B53D4901250D7040EA02413C4AE2
:1040700041F08071121F11603A4C0026C4F80461AF
:10408000394A4FF04071116058B1012800D0FFDF6C
:10409000C4F80062256034494FF00070091F0860C1
:1040A00070BDC4F80052256070BD2C48017871B114
:1040B0002D4A4FF0407111602A49D1F804210021A6
:1040C0001AB12A4A1268427000E041700170002063
:1040D000F3F71EBB2148017841B12248D0F8040112
:1040E000002802D021480068C0B27047407870476D
:1040F0002DE9F04700282AD01848007800B9FFDFE2
:10410000184DD5F80401002821D10227C5F8047301
:10411000174C2068C04340F30016206840F01000A0
:1041200020604FF400484FF0E029761C04E000BF07
:10413000C9F8808206F01CFED5F804010028F7D0EB
:104140001EB9206820F010002060C5F80873BDE893
:10415000F08704490120886070470000C1000020FA
:1041600008F5004000F0004008F5014000F4004070
:1041700010ED00E010B541F6A474012802D0022829
:1041800002D0FFDF204610BD41F2883010BD38B5A7
:10419000FE4D0024C5F80041C5F80C41C5F810419A
:1041A000C5F80441C5F81441C5F81841FFF70EFAE7
:1041B00008B1C5F82841F6480068009038BD70B5D0
:1041C000F44D00246C702C7000F0D2FD85F8254071
:1041D000EC620922002105F11800AC63F9F7D3F86D
:1041E000ED49601E0860091D0860091D0C60091D6D
:1041F0000860091D0C60091D0860091D0860091D83
:104200000860091D0860091D0860091D0860091D76
:104210000860091D0860091D086070BDDF4800B511
:10422000016801F00F01032905D0006800F00F00BC
:10423000042802D0FFDF012000BD022000BD00B530
:10424000012802D0022800D0FFDF002000BD00B509
:10425000012802D0022802D0FFDF282000BD18204C
:1042600000BD10B5CB4902681839CA4C0A634268D0
:104270004A63007A81F83800207E50B1207FF9F738
:10428000C0F8A07E08B1012100E00021207FF9F7ED
:10429000ADF8607E00280CD0607FF9F7B2F8E07EC0
:1042A00008B1012100E00021607FBDE81040F9F76E
:1042B0009DB810BD00F063BD10B500F060FDB348BF
:1042C000D0F80001002800D0FFDF10BD70B501203C
:1042D00000F030FDB2480025056001260660FFF7BA
:1042E00085F9B04C18B1206840F480602060FFF779
:1042F00036F928B12068AC4920F0770008432060E7
:10430000FFF764F938B1A748001D016821F47F4127
:1043100041F4B0510160A349A4483C310860FFF763
:1043200055F99C4C60B19D490220503184F8210020
:104330000860A0499E48086095481030091F086031
:104340004FF01020806C411C05D094497C310A68E4
:1043500060F317420A60914940F25B6028310860BF
:10436000091F40F203100860081F06608B490320F4
:1043700008608C48EC38066094F8211011B14FF4B5
:10438000C02100E08C498B4A41F46021943A1160CD
:104390008749884A091F083211607D490839121F70
:1043A0001160016821F440710160016841F480717D
:1043B0000160012000F0CFFC74491020C1F8040313
:1043C00084F83150E56270BD76483830016821F0DC
:1043D000010141F08071016070476E4A0368183A2C
:1043E000C2F81A308088D0836A48017270476948E1
:1043F00090F825007047674A517010707047F0B50B
:104400000546840061488B882044C0F820360B782C
:10441000D1F8011043EA0121C0F8001605F10800A7
:104420000127604C07FA00F6FC3C52B1012A00D08B
:10443000FFDF2068304320602068AF4038432060B1
:10444000F0BD2068B043F6E706F0E8B8514890F8B0
:1044500032007047514AC1781432116000684F49E8
:1044600000020C3108607047252807D0262807D0A5
:10447000272807D00A2807D8042206E0022107E0EF
:104480001A2105E0502103E0062202EB4001C9B2E7
:10449000424A083A116041494431086070473D483A
:1044A000817A012917D0022914D1417E002911D027
:1044B000827F0121C37F01FA02F299400A433D49FC
:1044C00094390A6090F820003C4A002102EB8000F9
:1044D000C0F810157047017EE8E72DE9F0472D4C34
:1044E000A17A01290BD0022975D1627E002A72D0EF
:1044F000012906D0677FE17E59B101260AE0227EBC
:10450000F4E7277FA17E09B1012600E000261121F2
:1045100001E000262421DFF898804FF0010AA8F17D
:104520004408C8F84CA0DFF898904518D9F8000066
:10453000A84200D3FFDF0021C8F84C11C9F8005091
:10454000380286F0010140EA015040F0031294F86D
:1045500020101A4800EB8103C3F8102500EB8101FD
:10456000A27F184800EBC203C3F81415164DC3F818
:104570001055E37F00EBC300C0F814150449083957
:10458000C0F810150AFA02F120E024E00010004003
:10459000181100407C0A0020000E00401015004059
:1045A000FC1F00403C170040880000802C00008960
:1045B000448000409CF5014000000404006000407D
:1045C0004C85004000F001404C8100400AFA03F0A5
:1045D0000143F9480160BDE8F0872DE9F0410E463E
:1045E000F64907460320C1F80002F54C94F8210073
:1045F00010B14FF4C02000E0F248EF4D2860304683
:1046000006F036F817B1012F0FD017E0FEF7DEFFE6
:1046100010B1304600F0C9FB0120A072A06B40F43D
:104620008010A0634FF4801007E00220A072A06BFE
:1046300040F40010A0634FF400102860F6F744F92E
:104640003146BDE8F04148E72DE9F05FDB4C074615
:1046500003200E469346C4F80002D94D95F8210078
:1046600010B14FF4C02100E0D649DFF84C93C9F8EF
:104670000010104605F0FCFFDFF83C834FF0010A04
:1046800008F1A808A7B3012F3ED0FFDFCE4806608F
:10469000C949CE48A4310860A86B40F40020A86343
:1046A000D4F800721025C4F808530020C4F80002A2
:1046B000C1494FF48028091DC1F8008004F5007439
:1046C000FFF765FD2760C9F80080C4F80451E903CD
:1046D000C9F80010BE49C1F84CA0BB48001D0068D5
:1046E000B04200D3FFDF59463046BDE8F05FF4E644
:1046F000FFE7FEF76BFF10B1584600F056FBC8F815
:10470000004085F80AA0C1E7AC49091DC8F80010AF
:104710000220A872BAE72DE9F041A94C064690465E
:1047200094F831000F46002500B9FFDF16B1012EC5
:1047300012D01DE094F83100012806D094F8302002
:104740004146384605F0A2FF10E094F8301042468A
:10475000384605F0DCFF09E094F8310094F8301099
:1047600001284246384609D005F0F8FFE16A4518AD
:10477000424629463046BDE8F04165E705F0A8FF0E
:10478000F4E708B5FF208DF800008C480021C0F840
:1047900010110121016104E09DF80010491E8DF8FF
:1047A00000109DF8001019B1D0F810110029F3D0B5
:1047B0009DF80000002800D1FFDF08BD2DE9F04181
:1047C0007E4CD4F8000220F00307D4F804034FF025
:1047D0001008C0F30016C4F808830025C4F800527E
:1047E000774890F8210010B14FF4C02000E07548E0
:1047F000714940F46020091D0860FFF750FEFFF783
:10480000C0FFC4F81051FEF7E1FE08B1C4F828510A
:1048100000F0AEFAC4F80072002E01D0C4F8048390
:10482000BDE8F081ADE700686A4920F07F4008608C
:10483000704710B5012000F07DFABDE8104001205E
:1048400000F089BA01465E4818221838F8F771BDA1
:104850004FF0E0210220C1F8000170475E49087066
:1048600070475C4938390860704770B50546F6F7FF
:104870002BF8534C2844E16A884200D8FFDF01201E
:104880002074F6F721F82844606194F8211041B1B2
:10489000084460614948D0F8001241F04001C0F876
:1048A00000124B490020C1F8440147496069091FC3
:1048B0000860BDE8704000F0A2BA70B5404C0646F2
:1048C00002200D462074FFF7A9FC024694F831003F
:1048D00094F8301001281BD0304605F081FF60614C
:1048E00094F8210048B16169084460613348D0F808
:1048F000001241F04001C0F8001235490020C1F813
:1049000044016169E06A08442F49091F086070BDCD
:104910002B46304605F037FFE1E727494FF480008A
:10492000091D08602648816B21F480018163002104
:10493000017470472A4A10B502EBC002274BC2F837
:104940001035C2F81415012181401B4801601C4834
:10495000826B0A43826310BD1D4801214160C16022
:104960000021C0F844111848001F01601448C162BA
:10497000704710B50446FEF729FE10B1104880F8C4
:1049800021401448243004600C48D0F8001241F053
:104990004001C0F8001210BD084810B5D0F8001250
:1049A00021F04001C0F80012FEF710FE0949243141
:1049B00000B10220086010BD04F501400010004065
:1049C0007C0A002000000404488500404881004023
:1049D000008000403C150040C3000020041100404E
:1049E00000F00140F948D0F8001221F01001C0F8A1
:1049F0000012012181617047F4480021C0F81C11A8
:104A0000D0F8001241F01001C0F800127047EF49D1
:104A100008B5D1F81C21012A01D0002008BDEC4ABC
:104A2000126802F07F02524202700020C1F81C019D
:104A3000E84800680090012008BDF0B517460C005A
:104A4000064600D1FFDFE44DE0072F7302D0012CB2
:104A500000D0FFDF46B102206872EC72012802D05C
:104A6000022800D0FFDFF0BD0120F5E770B5DA4C79
:104A70000021E27A930703D5830701D5430713D4B6
:104A8000D30605D594F8333013B194F835305BB1C3
:104A9000130702D594F8243033B9520702D594F89D
:104AA00025200AB1C00700D00121607A012518B184
:104AB000A1B1BDE8704081E694F8210010B14FF437
:104AC000C02000E0C548C6490860C048D0F80012C0
:104AD00021F00301C0F80012E57270BD012803D077
:104AE000022808D0FFDF70BD00F042F9A5729621C0
:104AF000227B002006E000F03BF90220A072227B1E
:104B000096210120BDE8704005E62DE9F05FDFF851
:104B1000D4B29BF80000042800D3FFDFB248D0F8DD
:104B20004C0108B1FFF7BBFCAB4CAD49A06B086072
:104B30004FF00008C4F8388000F06BF9DFF8AC9251
:104B40000546D9F80010A16294F8210008B1081AAE
:104B5000A062A648001F0068E062FFF75FFB84F8D0
:104B60003000A07ADFF868A2012184F83100AAF1B0
:104B7000440A022808D1607830B1DAF800201278AF
:104B800002402078904310D084F82480924EA807E9
:104B9000A6F1180605D5F5F797FEA16A081A31693E
:104BA0008847E80704D0002709E084F82410EDE7DF
:104BB000A80701D5012702E0280707D50227F5F746
:104BC00083FEE16A7269081A394690479BF8000033
:104BD000C0071CD1DAF800005746007800F00F003B
:104BE000072812D239680622A01C0931F8F774FB95
:104BF00038B9207A39680978B0EBD11F01D101208A
:104C000000E0002084F8250001E084F82580284693
:104C1000FFF72CFFE80701D030682FE0A80726D562
:104C200068071ED4FEF7D2FCD8B9FEF7DFFCC0B986
:104C30006748F4380168001F0068C0F3425CC0F3A5
:104C4000006700F00F03C0F30312C0F3032047B165
:104C50000BB102B128B921B1BCF1030F01D245F06B
:104C6000040545F380007168401C884709E0280767
:104C700001D5B06802E0E80602D5F068804700E0A0
:104C8000FFDFA07A02281BD1207C002818D0564ACA
:104C9000C2F8448102280FD0012800D0FFDFE16A6A
:104CA0006069884200D8FFDFD4F81410C9F80010FA
:104CB000BDE8F05F00F0A3B86169E06A0144F5E780
:104CC000BDE8F09F70B5054641F2643441F66A06CE
:104CD000022806D0012D12D0022D0CD0FFDF304665
:104CE00070BDFEF72FFC0028F6D1FEF738FC002837
:104CF000F2D141F6583441F29A00204470BD42F698
:104D0000CE3070BD324808300168032904D00068F5
:104D1000022801D000207047012070472C4808303D
:104D200001680B2904D000680A2801D000207047D0
:104D30000120704700280DDB00F01F020121914087
:104D40004009800000F1E020C0F88011BFF34F8FD0
:104D5000BFF36F8F7047002809DB00F01F020121AD
:104D600091404009800000F1E020C0F880127047B7
:104D700019480021417281720121C172704730B51A
:104D800000240546012902D002290BD0FFDF184874
:104D900004430F4834380460164805430C48303843
:104DA000056030BD4FF08074F1E7094A4032116868
:104DB00053060228D3F820031ED0C0F3062000BFFC
:104DC00021F4FE4141EA00201060704700100040CD
:104DD000481500401C1100407C0A0020000004041B
:104DE00008F50140C30000200080004044850040D9
:104DF0000801100000000302C0F30660E0E7354838
:104E0000816B41F48001816333494FF48000086075
:104E1000DBE7F8B52F4C314E0020217C19B1D6F8D4
:104E20004411012907D00023A27A2D49012A04D078
:104E3000022A0AD019E00123F6E7D1F80C01012873
:104E400001D0002011E008200FE0D1F80C0101286A
:104E500006D0002223480068012803D0042002E085
:104E60000222F7E7002010431843D1F81021012A4D
:104E70002ED0002505431C48026812F0FF0F03D016
:104E8000D1F81421012A00D0002284F832200068D1
:104E900010F0FF0F03D0D1F81801012800D0002036
:104EA00084F833000F481030006884F83400FFF7AE
:104EB00072F8012800D0002084F83500FFF767F968
:104EC0000020C6F844010948006800902846F8BD53
:104ED0001025CFE77C0A002004F501400080004047
:104EE0000010004000140040401600404481004083
:104EF00010B5444822220021F8F745FA4148002421
:104F0000017821F010010170012104F04DFC3D49B0
:104F10004FF6FF70263981F8224088843A4908808C
:104F2000488010BDE4E7704700F05FB83549016084
:104F30007047354908807047324926398A8CA2F576
:104F40007F43FF3B02D00021016008E091F822205E
:104F50002C492639012A02D0016001207047002027
:104F600070472848263810F8221F012908D001214F
:104F7000017025482349263900888884012070471C
:104F8000002070472049488070471E491E4B263933
:104F90008A8C5B889A4205D191F8222012B1016077
:104FA00001207047002070471648174A2638818C28
:104FB0005288914209D14FF6FF71818410F8221F67
:104FC00019B10021017001207047002070470D4881
:104FD0000D4A2638818C5288914204D190F82200E3
:104FE00008B10020704701207047064926398A8C95
:104FF000824205D1002081F822004FF6FF7088849C
:1050000070470000DE0A0020C400002070473D4ABF
:10501000012338B1012804D1137008689060888892
:105020009081704753700868C2F802008888D08069
:105030007047344A10B1012807D00EE0507860B1B3
:10504000D2F802000860D08804E0107828B1906897
:1050500008609089888001207047002070472949A6
:1050600010B1012802D005E0487800E0087808B1C6
:10507000012070470020704730B50C4605468DB0C2
:105080004FF0030104F1030012B1FEF741FB01E010
:10509000FEF75DFB60790D2220F0C00040F040007B
:1050A0006071002104A8F8F76EF9E0788DF81F0010
:1050B00020798DF81E0060798DF81D001022294698
:1050C0006846F8F736F9684604F036FE9DF82F007A
:1050D00020709DF82E0060709DF82D00A0700DB01E
:1050E00030BD10B5002904464FF0060102D0FEF78E
:1050F0000FFB01E0FEF72BFB607920F0C000607130
:1051000010BD0000C8000020FE48406870472DE92F
:10511000F0410E46074601461446012004F011FDF9
:10512000054697F86500FFF725F84AF2B1210844D3
:105130004FF47A71B0FBF1F1788840F2712250435C
:10514000C1EB4000041BA4F2663402F0BBFD00B1C9
:105150001E3CAE4201D2284600E03046A04204D2B6
:10516000AE4201D22C4600E034467C62BDE8F081BC
:1051700030B502460020002914D0A2FB01104C0AD1
:1051800044EAC054400A641C40F100000021D4F1FC
:10519000FF3240F2A175814100D2FFDF04F5F464D3
:1051A000B4FBF5F030BD2DE9FF4F8BB0044690F80D
:1051B00065008A460990DDE90D1008430890D24841
:1051C0000026007800F004FE054694F88C0100F0FB
:1051D000FFFD284480B2009094F87D000D2804D093
:1051E000002007900D9810B131E00120F9E794F804
:1051F0002C0103282BD1079848B3B4F8AE115145C0
:1052000025D1D4F83401C4F82001608840F2E2418D
:105210004843C4F82401B4F87A01B4F806110844EC
:10522000C4F82801204602F057FDB4F8B201E0822C
:1052300094F8B0016075B4F8B4016080B4F8B601B8
:10524000A080B4F8B801E080022084F82C01D4F8E2
:1052500084010590D4F880010390B4F80681B4F875
:105260007811D4F8740106900D9820B194F840019B
:1052700000287DD108E004F580700290743004901D
:1052800004F5B075001D07E004F5AA700290001D3A
:10529000049004F5A275001D0A90B4F87020AAEBE2
:1052A00002000FFA80F9AAEB010007B2002F05DA1D
:1052B000D4F87001069001204F46089092484FF0B4
:1052C000000B007970B3F5F7A1FC58B3B4F81801DE
:1052D000022827D394F82C01022823D094F8430104
:1052E00000BB94F88C0100F073FD00F5C86080B23B
:1052F000009094F82C01012845D0608840F2E241EA
:1053000048430099FFF734FF08EB0901CA1BD4F8A2
:10531000341180B2431A02FB03BBC4F834010120EC
:1053200084F8430194F82C0100286DD001287DD029
:1053300002287CD003287BD0FFDF00BFA6EB0B0147
:105340000698FCF70EFD0499012640F271220860D0
:105350000A990020A1F800A028702E710498006816
:10536000A8606088D4F834115043C1EB400000E0DD
:10537000BFE16549A0F23630C861896981427DD9B3
:10538000029908607BE194F88000032833D0012162
:10539000002004F0CDF8E18A40F27122514300EB85
:1053A00041000190D4F82401B8340099FFF7E0FEE1
:1053B000A16E226F431AA066DDE9001002FB03BB59
:1053C000FFF7D6FEA16FA067421A34F8B60C40F280
:1053D000E241484393440099FFF7CAFE08EB0901F4
:1053E000226FC91B8A1AE16F521E431A02FB03BBCC
:1053F000E067B83C93E7E08A40F27122D4F82411C8
:10540000504301EB4000CCE7039800B9FFDF0121D6
:10541000002004F08DF80646E08A40F271214843EE
:1054200006EB40000099FFF7A3FE02E0C0E058E061
:10543000DDE0C4F83001608840F2E2414843009961
:10544000FFF796FEC4F8340182B22046A16AFFF746
:105450005EFE14F8650FFEF7F2FE4FF47A7800F264
:10546000E140B0FBF8F1039801EB00092078FEF76A
:10547000E6FE07462078FEF77DFE00E0FDE03844BA
:105480004AF2AB310144B1FBF8F134F84F0C40F271
:105490007122504306EB4000411AD4F8CB0040F291
:1054A000E2430A1A02EB0906227814F8501C11FB99
:1054B00003F1203E00F0B9FC1349801C886114F808
:1054C0006509FEF7BCFE00F2E140B0FBF8F103987D
:1054D0000844301A40F2F6218842BFF42FAFFFDFB4
:1054E0002CE7E08A40F27122D4F82411504301EBFA
:1054F00040000099FFF73CFEC4F83001608840F29C
:10550000E24103E0000B0020D8000020484300994E
:10551000FFF72EFEC4F8340182B22046A16AFFF7DD
:10552000F6FDB8F1000F21D10E98F8B194F865603E
:105530003046FEF71FFE4AF2B12101444FF47A7063
:10554000B1FBF0F0D4F8301140F271230144E08A4D
:10555000D4F82421584302EB4000471A3046FEF7A6
:1055600076FE0599081A3E18203E0AE0E08A40F2CD
:105570007122D4F82411504301EB4000D4F83011CB
:10558000461AD4F82821D4F82011D4F8300140F27A
:10559000E24301FB020094F86520617D11FB03F1F9
:1055A00000F043FCF9498861012084F82C01C5E62C
:1055B000608840F271225043D4F83411D4F8282185
:1055C000C1EB40067E4308EB0900801AD4F8207135
:1055D000D4F83031401E07FB023200FB012094F862
:1055E0006520617D40F2E24311FB03F140E06088F9
:1055F00040F27122D4F834115043C1EB400694F8C4
:105600007C007E43242803D094F87D0024280AD10E
:10561000B4F8AE11AAEB010000B2002803DB94F845
:10562000B10100B109900898D8B1B8F1000F18D1B4
:10563000059808B1039800B9FFDF94F86500FEF7FC
:1056400099FD4AF2B12101444FF47A70B1FBF0F0B8
:10565000361A94F86500FEF7FAFD0599081A064413
:10566000203ED4F8341108EB090048430021099A80
:1056700000F0DBFBC549886160E602980160029892
:10568000616A0068084400F5D370E86002F01AFB14
:1056900010B1E8681E30E8606E71B4F8F010A1EB4C
:1056A0000A0000B2002801DD032068710798002875
:1056B0000E9822D0C0B100BFB4F81811B1B3B4F83D
:1056C0001A0100BFA4F81A0194F81C21401C42439F
:1056D0008A4209D26879401E002805DD6E71B4F84F
:1056E0001A01401CA4F81A010D9830B394F8400137
:1056F000F8B102200FB0BDE8F08F0028DCD194F89B
:105700002C010028F0D0608840F27122D4F83411C6
:105710005043C1EB4001284603F04EFE0004000C4C
:10572000E2D0189901B108800120E3E7FFE70020EB
:10573000C8E794F87C01FDF78CF994F87C012946C0
:1057400000F059FB20B10D9880F0010084F8410170
:105750000020CFE77CB50446FCF72FFE0146D4F8C5
:105760007001FDF72BFB214600F076FB94F87D10CD
:105770000D290AD0B4F87020B4F83E1113189942DC
:1057800006DB491CA4F83E1106E0B4F83E010CE02B
:10579000401C1044A4F83E0194F8420140B9B4F80A
:1057A0003E01B4F8F410884202D1401CA4F83E0136
:1057B000B4F87A0101AE401CA4F87A01B4F89A005A
:1057C000B4F89810401AB4F87010401E084485B21E
:1057D00009E000231A4620460096FFF7E4FCD0B10A
:1057E00001282ED0FFDFB4F83E11681A00B200285D
:1057F000EFDA082084F88D00012084F88C00204620
:1058000001F0F5FE204600F0F8FA60484079BDE866
:105810007C40F5F7C9BBA06E002811D0B4F83E015A
:10582000B4F89420801A01B2002909DD34F86C0F15
:105830000144491E91FBF0F189B201FB0020208553
:105840007CBDB4F83E01BDF804100844A4F83E0144
:10585000C9E770B54E4C607A08B1002070BD94F86D
:10586000300030B1616B606A884202D9F8F70CFBF6
:10587000F3E7A06AC8B1F7F725FF0546F7F7F9FE89
:10588000284442F210714618FCF797FD0546294658
:10589000E06AFDF793FAE562A16A8219914202D2A9
:1058A0000120A062E2E7081AA062012070BD70B575
:1058B000374C012500202575207494F8300004F140
:1058C000100650B14FF47A71A069FCF74AFAA06152
:1058D0000021304603F070FD10E0002000F00DFBC9
:1058E0000546F7F7EFFE05442946A069FCF739FAAB
:1058F000A0612946304603F05FFD451C208C411C09
:105900000A2901D228442084606828B1208C401CD8
:105910000A2801D3022000E003206075FFF799FFF9
:1059200038B1207B314600F066FA002800D1FFDF55
:1059300070BD00F0DAFA15484079BDE87040F5F71F
:1059400033BB38B50025044680F82C51A0F87851B7
:105950002B462A4629460095FFF725FC00B1FFDFBC
:10596000C4F828510120C4F8205184F82C01A4F86F
:105970003E51A4F83C5184F8425134F8700F401E57
:1059800024F8B80B0020A4F8525038BDD8000020ED
:10599000000B002010B530B1F749012807D00228CC
:1059A0000BD0FFDF10BDBDE8104000F0EABA486A36
:1059B000BDE81040002100F0B5BA002081F83000A9
:1059C000FCF7F9FBED484079BDE81040F5F7ECBA7B
:1059D0002DE9F0410646E8480F460178E74D0329D6
:1059E00009D1017BB14206D1406868613846BDE803
:1059F000F04100F0EEBA304600F0F3F90621FAF774
:105A00005DFB040000D1FFDF304600F0EAF9218899
:105A1000884200D0FFDF214638466C61BDE8F04186
:105A200000F027BA10B5D44C207848B1012060723C
:105A3000F8F74CFA2078032804D0207A002800D008
:105A40000C2010BD207BFDF704F8207BFDF772FAD7
:105A5000207BFCF78FFC00B9FFDF0020207010BD19
:105A600010B5FFF7DFFF00F0F1FAC348002180F81E
:105A70003010C172084610BDC049487100208870BE
:105A800001220A7048700A71C870BB490870E7E7C4
:105A9000BA49087070472DE9F047B74C07460E46E3
:105AA000207800284BD1B648FCF702FC20731F2851
:105AB00045D04FF00309676084F8009000256572B7
:105AC000257287B1012107F58E70FDF740FE062093
:105AD000FAF7A0FA97F81C11B1FBF0F200FB1210D4
:105AE000401C87F81C01FCF73EFC40F2F65188424E
:105AF00000D2084600F23F101FFA80F8F7F7B9FD10
:105B0000E061F7F7DFFD0127E0B1A772FCF755FC74
:105B10008246002000F0F1F900EB08015046FCF746
:105B200020F9A061C4E90A6A277584F815909249A2
:105B30002574207B103100F05EF990B910E00C2044
:105B4000BDE8F087FCF739FC4146FCF70AF9A06193
:105B5000A57284F83070A6F28B566663A562E3E7FF
:105B6000FFDF25840020F8F7B1F90020E8E783493A
:105B7000487070478149087170472DE9F0417F4CAA
:105B80000746E088401CE080D4E902516078D7F8ED
:105B9000806120B13246284603F036FC0546A068F5
:105BA000854205D02169281A08442061FDF7D3F801
:105BB000A560AE4205D897F82C01012801D0E07805
:105BC00010B10020BDE8F0810120FBE710B50446CC
:105BD0000846FEF7CFFA4AF2B12108444FF47A7131
:105BE000B0FBF1F040F2E2414C4300F23630844227
:105BF00001D9201A10BD002010BD7CB5044600203C
:105C000084F8400194F8FE0000283FD194F82C015C
:105C100003283BD1FCF7D1FB0146D4F87001FDF716
:105C2000CDF8002832DD214600F016F9411CB4F809
:105C300070000144A4F83C11B4F83C11B4F8F4200D
:105C4000511A09B2002921DD012184F84211B4F86A
:105C50009A10B4F8982001AE891A491E084485B2FA
:105C60000EE00096B4F83C11002301222046FFF715
:105C70009AFA00280AD0012809D0022806D0FFDFAE
:105C8000B4F83C01281A00B20028EADA7CBDB4F866
:105C90003C01BDF804100844A4F83C01F0E738B515
:105CA00000250446012902D13448C07868B1042097
:105CB00084F82C01FCF77FFAA4F87A51B4F870004C
:105CC000A4F83E0184F842515FE60095B4F8F41060
:105CD000012300222046FFF766FA0028EAD0FFDF02
:105CE000E8E710B5062916D2DFE801F00509030C34
:105CF0000C0D002100E00121BDE81040CFE7032199
:105D000080F82C1110BDB0F834118AB2816ABDE858
:105D10001040FFF7FCB9FFDF10BD70B5174CA1783C
:105D2000022916D1E188002913D16569C5F88401DB
:105D300095F86500FEF78BFAD5F88411081AA1686A
:105D40000144A160E1680844E060BDE8704000F0F3
:105D5000A9B970BD70B5054608488478022C11D0E9
:105D6000054C243401B34FF47A7601290ED0022970
:105D700010D0FFDF70BD0000000B0020D800002015
:105D8000D1590100446904F5C074EBE71846FEF7E9
:105D900056FA02E01046FEF795FF00F2E140B0FB34
:105DA000F6F0281A2060E5E72560E3E7FE4810B525
:105DB000007808B1002010BD0620FAF71DF980F028
:105DC000010010BDF8480078002800D0012070477D
:105DD00010B504460C2800D3FFDFF44830F8140057
:105DE00010BD10B504461F2800D3FFDFEE48383041
:105DF00030F8140010BDFCF711BD70B5044600204A
:105E000084F82C0194F87C514FF6FF761F2D00D3B7
:105E1000FFDFE548383020F8156094F87C01FCF786
:105E2000A9FA1F2084F87C01A4E770B505460C464A
:105E300016461046FEF79EF94AF2B12108444FF487
:105E40007A71B0FBF1F000EB450004443046FEF7F8
:105E5000FEF9204460308DE7002809D0D1F83421C4
:105E6000498840F271235943C2EB4101B0FBF1F084
:105E700070472DE9F04101250226CD4F0C46082838
:105E800031D2DFE800F0040E161611301A23204636
:105E900000F0ADF9204600F064F984F84051BE707E
:105EA00090E601F00AFF01E0FEF72FFE84F8405172
:105EB00088E62046BDE8F0414CE4FEF7B3FCFEF76F
:105EC00024FE4FF0E020C0F880627BE694F82C01BD
:105ED000042800D0FFDF2046FFF78FFF7879BDE868
:105EE000F041F5F761B8FFDF6CE610B5AE4C207BF2
:105EF000FCF740FA0020207010BD08B500284FF0D4
:105F00000101684602D0FDF703FC01E0FDF7F6FB56
:105F10009DF8000042F210710002B0FBF1F201FBAB
:105F2000120008BD2DE9F0419F4C0746002084F87F
:105F30003000A669E07220700120207201216068A3
:105F400003F0B2F86068C0F87061257B80F87C517E
:105F5000C0F88071C0F8746106881F2D00D3FFDF80
:105F60009148383020F815606068FFF7EAFC00B10E
:105F7000FFDFFCF720F98E484079BDE8F041F5F7E6
:105F800013B870B5884C0025A07A18B10120FFF72E
:105F9000B4FF0546F7F796FB4119A069FBF7E1FE50
:105FA000A061002525740320607501202075607AAA
:105FB00030B97D49207B1031FFF71DFF00B9FFDFAD
:105FC0002584FCF7F8F87A484079BDE87040F4F78A
:105FD000EBBF70B5744D04462878032800D0FFDF6E
:105FE000082C31D2DFE804F0040E2A2A2630302DA6
:105FF00000206862F7F77CFD00B1FFDF6C490320E9
:106000008870B7E6F7F735FBE9690446A14206D286
:10601000601A0421FCF705FFEC6108B906E0E861AD
:10602000F7F7B1FE0028ECD0FFDFA3E6BDE8704033
:106030000020AFE4BDE87040FEF767BDBDE87040EA
:1060400035E4BDE8704050E7FFDF93E6FEB5584CFD
:106050000120E0704FF6FF750CE00621FAF72EF8EC
:10606000060000D1FFDF96F87C01FCF763FF3046A5
:10607000FFF7C3FE69460620F9F7ADFF50B1FFDF19
:1060800008E0029830B190F82C1119B10088A842AC
:10609000E3D104E06846F9F77CFF0028F1D0002046
:1060A000E070FEBD2DE9F0474148446994F8431182
:1060B000002955D094F82C11032951D194F86590FA
:1060C0000078FFF785FE054694F88C01FFF780FE07
:1060D000284486B294F88C01FFF77AFE00F5C86078
:1060E0001FFA80F84846FEF7B2F8D4F884110D1A6A
:1060F0004846FEF73FF84FF47A7A00F2E730B0FBFB
:10610000FAF02D1A4846FEF7A2F8D4F800110F1A3B
:106110004846FEF72FF84AF2B1210144B1FBFAF0EC
:106120003A1AA2F160007043B0FBF8F1292000EBAD
:1061300052006031A0EB510200EB5100AA4201D89D
:10614000854201D3F4F714FE608840F2E2414843EF
:106150003146FFF70DF8C4F83401002084F84301FC
:10616000EEE470B50446FCF7FEF8054694F86500C9
:10617000FEF700F84AF2B12108444FF47A71B0FBFF
:10618000F1F0D4F8341140F2712201446088504398
:10619000C1EB4006303EB72D00D8B725214601207F
:1061A00003F0CFFC284405E0000B002088B201007A
:1061B000D8000020351A21460120A5F21B3503F036
:1061C000C0FC616A9C30814201D9081A00E00020BD
:1061D0002C49A842CD6000D328468860D4F86C01D1
:1061E000A0F5D3700861BDE87040FCF7B4BD10B5F0
:1061F000044624490020C4F88001C880C4F8840102
:1062000094F8410138B9FCF7D8F8D4F84C11FCF7F0
:10621000D5FD002813DCB4F83E11B4F870008142BB
:1062200001D1B4F8F410081AA4F8F600A4F870101C
:10623000D4F86801C4F84C01C4F870011CE0B4F84B
:106240003C01B4F87010401AA4F8F600B4F83C0110
:10625000A4F87000D4F84C01C4F86801C4F87001C7
:10626000D4F85401C4F80001D4F85801C4F87401FA
:10627000B4F85C01A4F878012046BDE8104001F0B4
:1062800006BC0000D80000202DE9F0410E4604466F
:1062900003F06FFB0546204603F06DFB044603F058
:1062A000FDF8FB4F010015D0386990F864208A4250
:1062B00010D090F8C4311BB190F8C63123421FD0E2
:1062C0002EB990F85D30234201D18A4218D890F857
:1062D000C401A8B1284603F0E1F870B1396991F81A
:1062E0006520824209D091F8C40118B191F8C70124
:1062F000284205D091F8C40110B10120BDE8F08119
:106300000020FBE730B5E24C85B0E06900285ED0A4
:10631000142200216846F7F736F8206990F86500E6
:10632000FDF728FF4FF47A7100F5FA70B0FBF1F534
:10633000206990F86500FDF78AFF2844ADF8060053
:1063400020690188ADF80010B0F87010ADF80410A5
:106350004188ADF8021090F8A60130B1A069C11CC7
:10636000039103F01FFA8DF81000206990F8A50141
:106370008DF80800E169684688472069002180F8A7
:10638000A61180F8A5110399002920D090F8A41136
:1063900000291CD190F87C10272918D09DF81010E6
:1063A000039A002913D013780124FF2B11D0072B57
:1063B0000DD102290BD15178FF2908D180F8A441D1
:1063C0000399C0F8A8119DF8101080F8A71105B026
:1063D00030BD1B29F2D9FAE770B5AD4C206990F8B1
:1063E0007D001B2800D0FFDF2069002580F8A75022
:1063F00090F8D80100B1FFDF206990F8A81041B1F2
:1064000080F8A8500188A0F8DC1180F8DA510C213E
:1064100008E00188A0F8DC1180F8DA51012180F849
:10642000DE110B2180F8D8110088F9F77AFFF9F70F
:1064300023FC2079F4F7B8FD206980F87D5070BD09
:1064400070B5934CA07980072CD5A078002829D16D
:1064500062692046D37801690D2B01F170005FD08D
:106460000DDCA3F102034FF001050B2B19D2DFE87D
:1064700003F01A1844506127182C183A6400152BA1
:106480006FD008DC112B4BD0122B5AD0132B62D0BB
:10649000142B06D166E0162B71D0172B70D0FF2B72
:1064A0006FD0FFDF70BD91F87F200123194602F005
:1064B00038FF0028F6D12169082081F87F0070BDDF
:1064C0001079BDE8704001F0A2BC91F87E00C007D1
:1064D00000D1FFDF01F05AFC206910F87E1F21F087
:1064E0000101017070BD91F87D00102800D0FFDF20
:1064F0002069112180F8A75008E091F87D00142848
:1065000000D0FFDF2069152180F8A75080F87D10AA
:1065100070BD91F87D00152800D0FFDF172005E041
:1065200091F87D00152800D0FFDF1920216981F83E
:106530007D0070BDBDE870404EE7BDE8704001F0E1
:106540003ABC91F87C200123002102F0EAFE00B958
:10655000FFDF0E200FE011F87E0F20F0040008701E
:106560001DE00FE091F87C200123002102F0D9FE0C
:1065700000B9FFDF1C20216981F87C0070BD12E0AA
:106580001BE022E091F87E00C0F30110012800D04A
:10659000FFDF206910F87E1F21F010010170BDE8B7
:1065A000704001F0F3BB91F87C200123002102F040
:1065B000B8FE00B9FFDF1F20DDE791F87D0021283C
:1065C00001D000B1FFDF2220B0E7BDE8704001F04C
:1065D000E9BB2F48016991F87E20130702D50121FC
:1065E0008170704742F0080281F87E208069C0788F
:1065F00081F8E10001F0C1BB10B5254C21690A8882
:10660000A1F81A2281F8180291F8640001F0A9FBA0
:10661000216981F81C0291F8650001F0A2FB216953
:1066200081F81D02012081F81602002081F8C401C2
:106630002079BDE81040F4F7B7BC10B5144C052123
:106640002069FFF74EFB206990F85A10012908D005
:1066500000F5F77103F048FA2079BDE81040F4F72F
:10666000A3BC022180F85A1010BD10B5084C0123BC
:106670000921206990F87C20703002F052FE48B168
:106680002169002001F8960F087301F81A0C10BD5B
:10669000F80000200120A070F9E770B5FE4D01233D
:1066A00029462869896990F87C2009790E2A01D148
:1066B000122903D000241C2A03D004E0BDE8704056
:1066C000D3E7142902D0202A07D008E080F87C40C4
:1066D00080F8A240BDE87040AFE7162906D0262A10
:1066E00001D1162902D0172909D00CE000F87C4FFF
:1066F00080F82640407821280CD01A2017E090F826
:106700007D20222A07D0EA69002A03D0FF2901D17F
:1067100080F8A63132E780F87D4001F037FB286928
:1067200080F8974090F8C4010028F3D00020BDE81D
:10673000704061E72DE9F843D74C206990F87C1050
:10674000202909D05FF0000790F87D10222905D09C
:106750007FB300F17C0503E00127F5E700F17D053B
:1067600010F8B01F41F004010170A06903F007F9AF
:106770004FF00108002608B33946A069FFF784FDF1
:10678000E0B16A46A169206902F096FE90B3A06963
:1067900003F0F3F82169A1F8AE01B1F8701001F02F
:1067A000C6FA40B32069282180F88D1080F88C80CB
:1067B00048E0FFE70220A070BDE8F883206990F868
:1067C000C40110B11E20FFF717FFAFB1A069216906
:1067D000C07881F8E20008FA00F1C1F3006000B966
:1067E000FFDF20690A2180F87C1090F8A20040B9F0
:1067F000FFDF06E009E01AE02E7001F0C7FAFFF7AC
:10680000E8FE206980F89760D6E7206990F8C40117
:1068100018B10020FFF7F0FE2E70206900F17D0115
:1068200080F897608D420DD180F87D600AE0206984
:106830009DF8001080F8B0119DF8011080F8B1119A
:1068400024202870206900F17D018D4203D1BDE82C
:10685000F84301F09BBA80F8A260ADE770B58E4CAA
:1068600001230B21206990F87D20703002F059FD42
:10687000202650BB20690123002190F87D20703034
:1068800002F04FFD0125F0B1206990F87C0024282A
:106890001BD0A06903F063F8C8B1206990F8B0106C
:1068A00041F0040180F8B010A1694A7902F00702B2
:1068B00080F85D20097901F0070180F85C1090F8FC
:1068C000C5311BBB06E0A57058E6A67056E6BDE8CC
:1068D00070407EE690F8C431C3B900F164035E787D
:1068E0008E4205D11978914202D180F897500DE07F
:1068F00000F504710D7002884A8090F85C200A71DE
:1069000090F85D0048712079F4F74EFB2169212051
:1069100081F87D00BDE8704001F02FBAF8B55E4CFB
:10692000206990F87E0010F0300F04D0A07840F07D
:106930000100A070F8BDA06902F0FAFF50B3A06991
:1069400002F0F0FF0746A06902F0F0FF0646A069DA
:1069500002F0E6FF0546A06902F0E6FF0146009757
:10696000206933462A46303003F046F8A079800784
:1069700003D56069C07814280FD0216991F87C0094
:106980001C280AD091F85A0001280ED091F8BB01BA
:1069900058B907E0BDE8F8401BE62169012081F8FD
:1069A0005A0002E091F8BA0130B1206910F87E1F58
:1069B00041F0100101700EE091F87E0001F5FE72C9
:1069C00040F0200081F87E0031F8300B03F080F8B1
:1069D0002079F4F7E9FABDE8F84001F0CEB970B5D6
:1069E0002D4C206990F87E10890707D590F87C20FF
:1069F00001230821703002F094FCE8B1206990F87E
:106A0000AA00800712D4A06902F073FF216981F8FF
:106A1000AB00A06930F8052FA1F8AC204088A1F8A0
:106A2000AE0011F8AA0F40F002000870206990F83B
:106A3000AA10C90703D00FE00120A0709EE590F8CE
:106A40007E00800700D5FFDF206910F87E1F41F02F
:106A50000201017001F091F92069002590F87C1085
:106A6000062906D180F87C5080F8A2502079F4F7EE
:106A70009BFA206990F8AC110429DFD180F8AC5161
:106A80002079F4F791FA206990F87C100029D5D18B
:106A900080F8A25072E50000F800002070B5FE4CAE
:106AA00001230021206990F87D20703002F039FC2C
:106AB000012578B9206990F87D20122A0AD0012397
:106AC0000521703002F02DFC10B10820A07055E5B2
:106AD000A57053E5206990F8A80008B901F04DF9B8
:106AE0002169A06901F5847102F0F1FE2169A069B4
:106AF000D83102F0F2FE206990F8E00100B1FFDF2A
:106B000021690888A1F8E20101F5F271A06902F09B
:106B1000D6FE2169A06901F5F67102F0D5FE206963
:106B200080F8E051142180F87D102079BDE8704094
:106B3000F4F73ABA70B5D84C01230021206990F8D7
:106B40007D20703002F0EDFB0125A8B1A06902F0B4
:106B50008CFE98B1A0692169B0F80D00A1F8AE01D2
:106B6000B1F8701001F0E3F858B12069282180F8DD
:106B70008D1080F88C5001E5A570FFE4BDE87040F1
:106B800027E5A0692169027981F8B021B0F80520D4
:106B9000A1F8B22102F060FE2169A1F8B401A06958
:106BA00002F05DFE2169A1F8B601A06902F05AFE6B
:106BB0002169A1F8B8010D2081F87D00DEE47CB5E3
:106BC000B54CA079C00738D0A06901230521C5784C
:106BD000206990F87D20703002F0A3FB68B1AD1EF3
:106BE0000A2D06D2DFE805F00909050509090505A2
:106BF0000909A07840F00800A070A07800281CD1F6
:106C0000A06902F0FFFD00287AD0A0690226C578AD
:106C10001DB1012D01D0162D18D1206990F87C00EE
:106C200002F067FB90B1206990F87C101F290DD00D
:106C3000202903D0162D16D0A6707CBD262180F801
:106C40007C10162D02D02A20FFF7D6FC0C2D58D030
:106C50000CDC0C2D54D2DFE805F033301D44A7A71F
:106C6000479E57A736392020A0707CBD0120152DE6
:106C700075D008DC112D73D0122D69D0132D64D07E
:106C8000142D3DD178E0162D7CD0182D7DD0FF2D10
:106C900036D183E020690123194690F87F207030B7
:106CA00002F03FFBF8B9A06902F007FE216981F804
:106CB0009201072081F87F0078E001F044F975E047
:106CC000FFF738FF72E001F01EF96FE0206990F8DD
:106CD0007D10112901D0A67068E0122180F87D1086
:106CE00064E0FFF7DBFE61E0206990F87D00172883
:106CF000F1D101F04BF821691B2081F87D0055E0AE
:106D000052E0FFF76CFE51E0206990F87E00C0076A
:106D100003D0A07840F001001FE06946A06902F0AE
:106D2000EAFD9DF8000000F02501206900F8B01F81
:106D30009DF8011001F04101417001F01EF8206939
:106D400010F87E1F41F0010114E0FFF78EFC2DE0EA
:106D5000216991F87E10490705D5A07026E00EE064
:106D600016E00FE011E001F008F8206910F87E1F2E
:106D700041F00401017019E0FFF7D0FD16E001F0C9
:106D80008AF813E0FFF76AFD10E0FFF7D3FC0DE08F
:106D900001F060F80AE0FFF780FC07E0E16919B153
:106DA000216981F8A60101E0FFF713FC2069F0E9F1
:106DB0003012491C42F10002C0E900127CBD70B5DE
:106DC000354CA07900074AD5A078002847D1206922
:106DD00090F8E400FE2800D1FFDF2069FE210025A5
:106DE00080F8E41090F87D10192906D180F8A7509A
:106DF00000F0CCFF206980F87D50206990F87C106D
:106E00001F2902D0272921D119E090F87D0002F036
:106E100070FA78B120692621012380F87C1090F85F
:106E20007D200B21703002F07CFA78B92A20FFF720
:106E3000E3FB0BE02169202081F87C0006E00121C2
:106E400080F8A51180F87C5080F8A250206990F855
:106E50007F10082903D10221217080F8E41059E441
:106E600010B50D4C216991F8B0210AB991F8642050
:106E700081F8642091F8B1210AB991F8652081F870
:106E8000652010B10020FFF7B7FB206902F0D4FDA8
:106E9000002809D0206901E0F8000020BDE810407A
:106EA00000F5F77102F020BE10BD70B5FC4C06462F
:106EB0000D46206990F8E400FE2800D0FFDF22692B
:106EC000002082F8E46015B1A2F8A40022E422F8C0
:106ED0009E0F012010711DE470B5F14C01230021BB
:106EE000206990F87C20703002F01BFA002869D0ED
:106EF000206990F8BA1111B190F8BB1139B190F82E
:106F0000C41100295DD090F8C51111B359E090F873
:106F10007D1024291BD090F87C10242917D0002341
:106F200000F5D87200F5DD7102F058FD21690020EE
:106F300081F8BA0101461420FFF7B7FF216901F17A
:106F40003000C28A21F8E62F408B48803FE00123C1
:106F5000E6E790F87D2001230B21703002F0E1F983
:106F600078BB206990F8640000F0FBFE05462069BC
:106F700090F8650000F0F5FE0646206990F8C6110D
:106F8000284600F0E0FE50B1206990F8C711304665
:106F900000F0D9FE18B10020FFF72EFB11E02069A8
:106FA0000123032190F87D20703002F0BAF940B936
:106FB00020690123022190F87D20703002F0B1F9A0
:106FC00008B1002080E400211620FFF76EFF0120A9
:106FD0007AE410B5F0BBB24C206990F87E10CA0775
:106FE00002D00121092051E08A070AD501210C2095
:106FF000FFF75BFF206910F8AA1F41F00101017043
:1070000046E04A0702D5012113203FE00A0705D5D3
:1070100010F8E11F41710121072037E011F0300F16
:107020003AD090F8BB11A9B990F8BA11D9B190F83B
:107030007D1024292ED090F87C1024292AD00023FA
:1070400000F5D87200F5DD7102F0C8FC216911F875
:107050007E0F00E020E020F0200040F010000870DB
:10706000002081F83C01206990F87E10C90613D5F4
:1070700002F0E2FCFFF7E1FA216901F13000C28A77
:1070800021F8E62F408B488001211520FFF70DFFE6
:10709000012010BD0123D3E7002010BD70B5804C46
:1070A000206990F8E410FE2978D1A178002975D1E3
:1070B00090F87F2001231946703002F032F9002841
:1070C0006CD1206990F8901149B10021A0F89C1072
:1070D00090F8911180F8E610002102205BE090F812
:1070E0007D2001230421703002F01BF90546FFF7D3
:1070F00070FF002852D1284600F089FF00284DD1AA
:1071000020690123002190F87C20703002F009F9F9
:1071100078B120690123042190F87D20703002F0BD
:1071200000F930B9206990F8960010B100211220C2
:1071300031E0206990F87C200A2A0DD0002D2DD155
:1071400001230021703002F0ECF878B1206990F84A
:10715000AC1104290AD105E010F8E21F01710021E9
:10716000072018E090F8AA00800718D0FFF7B4FEB7
:10717000002813D120690123002190F87C20703071
:1071800002F0CFF8002809D0206990F8A401002867
:1071900004D00021FF20BDE8704086E609E0002110
:1071A0000C20FFF782FE206910F8AA1F41F00101B0
:1071B000017043E43EB505466846FDF7BDFE00B9E3
:1071C000FFDF222200210098F6F7DDF80321009866
:1071D00002F0FFFA0098017821F0100101702946B1
:1071E00002F01DFB2E4C0D2D40D00BDCA5F102054D
:1071F0000B2D19D2DFE805F01F184719191F185673
:1072000018192400152D5ED008DC112D25D0122D63
:107210000BD0132D09D0142D06D154E0162D29D0F2
:10722000172D69D0FF2D73D0FFDFFDF79AFE0028E0
:1072300000D1FFDF3EBD2169009891F8E61017E00C
:10724000E26800981178017191884171090A817191
:107250005188C171090A0172E7E70321009802F021
:10726000A6FB0621009802F0A6FBDEE700980621A7
:107270000171DAE70098216991F8C621027191F84D
:10728000C7114171D1E72169009801F5887102F0B9
:1072900028FB21690098DC3102F028FBC5E70000DB
:1072A000F8000020F849D1E90001CDE90101206989
:1072B00001A990F8B00000F025008DF804000098B6
:1072C00002F048FBB1E72069B0F84810009802F0DE
:1072D00017FB2069B0F8E810009802F015FB206950
:1072E000B0F84410009802F013FB2069B0F8E610E3
:1072F000009802F011FB98E7216991F8C401002879
:107300000098B9D111F8642F02714978B9E7FFE705
:10731000206990F8A721D0F8A811009802F08DFA02
:1073200083E7DA4810B5006990F8821041B990F807
:107330007D2001230621703001F0F3FF002800D0EA
:10734000012010BD70B5D14D286990F8801039B179
:10735000012905D0022906D0032904D0FFDF0AE461
:10736000B0F8F41037E090F87F10082936D0B0F864
:107370009810B0F89A2000248B1C9A4206D3511A18
:10738000891E0C04240C01D0641EA4B290F896103F
:1073900039B190F87C2001230921703001F0C1FF40
:1073A00040B3FFF7BEFF78B129690020B1F8902003
:1073B000B1F88E108B1C9A4203D3501A801E00D055
:1073C000401EA04200D284B20CB1641EA4B228694F
:1073D000B0F8F4102144A0F8F01040E5B0F898108F
:1073E0000329BDD330F8701F428D1144491CA0F809
:1073F000801034E50024EAE770B50C4605464FF4EA
:10740000087200212046F5F7BEFF258027E5F8F732
:107410005FBF2DE9F0410D4607460621F8F74EFE05
:10742000041E3ED094F8CC010026B8B16E7007203F
:1074300028700DE0268484F8CC61D4F8CE01C5F81C
:107440000200D4F8D201C5F80600B4F8D60168816C
:1074500094F8CC010028EDD1AE70B6E094F8D801D4
:1074600090B394F8D8010B2813D00C2801D0FFDF7B
:10747000ABE02088F8F755FF0746F8F712FC78B91B
:107480006E700C20287094F8DA01A8702088A8800B
:1074900014E02088F8F745FF0746F8F702FC10B122
:1074A0000020BDE8F0816E700B20287094F8DA019E
:1074B000A8702088A88094F8DE01A87184F8D861AB
:1074C0003846F8F7E8FB80E0FFE794F80E0230B1A9
:1074D0006E700E20287084F80E626F8075E094F84C
:1074E000E00180B16E700820287020886880D4F890
:1074F000E4116960D4F8E811A960B4F8EC01A8813E
:1075000084F8E06161E094F8080270B16E701620B2
:10751000287005E084F80862D4F80A02C5F8020071
:1075200094F808020028F5D14FE094F8EE01B0B1CC
:107530006E70122028700DE084F8EE61D4F8F0012E
:10754000C5F80200D4F8F401C5F80600D4F8F80133
:10755000C5F80A0094F8EE010028EDD135E094F862
:10756000FC0180B16E701820287084F8FC61D4F89A
:10757000FE01C5F80200D4F80202C5F80600B4F80E
:107580000602688121E094F8100240B119202870A9
:1075900084F81062D4F81202C5F8020015E094F8DD
:1075A000160200283FF47DAF6E701320287008E0AB
:1075B00084F81662D4F81802C5F80200B4F81C0268
:1075C000E88094F816020028F2D1012069E72F48DC
:1075D0000021C16101620846704730B52B4D0C4651
:1075E000E860FFF7F4FF00B1FFDF2C7130BD002130
:1075F00080F87C1080F87D1080F8801090F8FE10E4
:1076000009B1022100E00321FEF76BBB2DE9F04137
:107610001E4C0546206909B1002104E0B0F80611AE
:10762000B0F8F6201144A0F8061190F8901139B97D
:1076300090F87F2001231946703001F072FE30B1BE
:10764000206930F89C1FB0F85A201144018020694D
:1076500090F8A23033B1B0F89E10B0F8F620114483
:10766000A0F89E1090F9A670002F06DDB0F8A410C7
:10767000B0F8F6201144A0F8A41001213D263DB138
:1076800080F88D6018E00000A0B20100F800002032
:107690002278022A0AD0012A11D0A2782AB380F8CF
:1076A0008C1012F0140F0DD01E2113E090F8E6207C
:1076B000062A3CD016223AE080F88C1044E090F87C
:1076C000922134E0110702D580F88D603CE09106EC
:1076D00003D5232180F88D1036E0900700D1FFDF1D
:1076E00021692A2081F88D002AE02BB1B0F89E2074
:1076F000B0F8A0309A4210D2002F05DDB0F8A420D7
:10770000B0F8A0309A4208D2B0F89C30B0F89A2075
:10771000934204D390F890310BB1222207E090F805
:1077200080303BB1B0F89830934209D3082280F8FA
:107730008D20C1E7B0F89820062A01D33E22F6E753
:10774000206990F88C1019B12069BDE8F0414EE72E
:10775000BDE8F0410021FEF7C4BA2DE9F047FF4C27
:1077600081460D4620690088F8F7EDFD060000D13E
:10777000FFDFA0782843A070A0794FF000058006B5
:10778000206904D5A0F8985080F8045103E030F83F
:10779000981F491C0180FFF7C4FD012740B3E08812
:1077A000000506D5206990F8821011B1A0F88E501E
:1077B0001EE02069B0F88E10491C89B2A0F88E1026
:1077C000B0F890208A4201D3531A00E00023B4F8A5
:1077D00008C00CF1050C634501D880F89670914201
:1077E00006D3A0F88E5080F80E722079F3F7DCFBF8
:1077F000A0794FF0020810F0600F0ED0206990F8C9
:10780000801011B1032908D102E080F8807001E0F6
:1078100080F880800121FEF764FA206990F88010DA
:10782000012904D1E188C90501D580F88080B9F12A
:10783000000F71D1E188890502D5A0F8185104E044
:10784000B0F81811491CA0F8181100F0A7FBFEF7BA
:1078500059FDFFF723FC00F0B2FD0028206902D09B
:10786000A0F8F85003E030F8F81F491C018000F040
:10787000A9FD38B1206990F80411022907D8491CE4
:1078800080F80411206990F80401022804D92069C5
:1078900020F8F85F4580057320690123002190F8E6
:1078A0007D20703001F03DFD20B9206990F87D0009
:1078B0000C286AD120690123002190F87C207030C7
:1078C00001F02FFD48B320690123002190F87F20AB
:1078D000703001F026FD00B3206990F88010022975
:1078E00053D190F80401C0B93046F7F7AAFFA0B110
:1078F000216991F8E400FE2847D1B1F8F20001288F
:1079000043D981F8FD70B1F89A20B1F89800931E20
:10791000984203DB012004E043E036E0101A401EE9
:1079200080B2B1F8F82023899A4201D3012202E003
:107930009A1A521C92B2904200D91046012801D1E5
:1079400081F8FD5091F86F206AB98A6E5AB1B1F88A
:107950009420B1F87030D21A12B2002A03DD90429E
:1079600000DB104680B291F8892192B1B1F8FA207B
:10797000B1F88A118A4201D3012102E0891A491C17
:1079800089B2884205D9084603E02169012081F8BF
:10799000FD502169B1F870201044A1F8F400FFF700
:1079A000D1FCE088C0F340214846FFF72FFE206954
:1079B00080F8FE50BDE8F047FDF7F6BA6749024689
:1079C0008878CB78184312D10846006942B189798A
:1079D000090703D590F87F00082808D001207047D8
:1079E000B0F84C10028E914201D8FEF7C6B80020C4
:1079F000704770B5594C05460E46E0882843E08034
:107A0000A80703D5E80700D0FFDF6661EA074FF05B
:107A100000014FF001001AD0A661F278062A02D0C8
:107A20000B2A14D10AE0226992F87D30172B0ED16F
:107A30000023E2E92E3302F8370C08E0226992F8BD
:107A40007D30112B03D182F8811082F8A800AA079B
:107A500018D56269D278052A02D00B2A12D10AE021
:107A6000216991F87D20152A0CD10022E1E930220C
:107A700001F83E0C06E0206990F87D20102A01D123
:107A800080F88210280601D50820E07067E42DE90F
:107A9000F84F324C00254FF00108E580A570E570E5
:107AA0004146257061F3070220619246814680F8C5
:107AB000FE800088F8F747FC070000D1FFDF20694F
:107AC0000088FDF736FA20690088FDF75BFA206927
:107AD000B0F8F21071B190F8E410FE290FD190F8CF
:107AE000901189B190F87F2001231946703001F080
:107AF00018FC78B1206990F8E400FE2804D02069D1
:107B000090F8E400FFF756FB206990F8FF1089B168
:107B1000258118E02069A0F89C5090F8911180F818
:107B2000E61000210220FFF7C0F9206980F8FD501F
:107B30000220E7E790F8CC1119B9018C82889142B4
:107B400000D881882181B0F8F610491E8EB2B0F8B5
:107B5000F8103144A0F8F81002E00000F80000200E
:107B600090F8FC1021B1A0F8FA5080F8FC5004E025
:107B7000B0F8FA103144A0F8FA1030F8981F3144E8
:107B80000180FFF7CEFB20B1206930F88E1F314411
:107B900001802069B0F8F210012902D8491CA0F830
:107BA000F2100EB180F8045190F8FD10A1B1B0F8B8
:107BB000F800218988420FD23846F7F742FE58B1C3
:107BC000206990F8891139B1B0F8FA10B0F88A013B
:107BD000814201D300F0F9FB206980F8FD5090F854
:107BE0007D100B2901D00C2916D1B0F87020B0F807
:107BF000AE31D21A12B2002A0EDBD0F8B011816079
:107C000090F8B4110173032101F04EFA206980F855
:107C10007D5080F8B28026E0242910D1B0F8701091
:107C2000B0F8AE21891A09B2002908DB90F8C40126
:107C3000FFF716F9206900F87D5F857613E090F86C
:107C40007C10242901D025290DD1B0F87010B0F88E
:107C5000AE01081A00B2002805DB0120FFF700F989
:107C6000206980F87C5020690146B0F8F620703019
:107C700001F0C8FA206990F8891109B1A0F8FA500A
:107C8000F6480090F64BF74A4946504600F0DEFAB7
:107C9000216A11B16078FCF74DFE206901230521AE
:107CA00090F87D20703001F03CFB002803D0BDE847
:107CB000F84F00F038BABDE8F88F00F045BBEA494C
:107CC000C8617047E848C069002800D001207047AB
:107CD000E54A50701162704710B50446B0F8B421FF
:107CE0004388B0F8B611B0F8B8019A4205D1A3881C
:107CF000994202D1E38898420FD02388A4F8D0316A
:107D0000A4F8D221A4F8D411A4F8D601012084F853
:107D1000CC01D5480079F3F747F90221204601F05C
:107D2000C3F9002004F87D0F0320E07010BD401A55
:107D300000B247F6FE71884201DC002801DC012018
:107D4000704700207047012802D0022805D102E0C8
:107D5000012904D001E0022901D000207047012050
:107D6000704710B5012804D0022804D0FFDF204658
:107D700010BD0124FBE70224F9E7BB48002100699C
:107D800020F8A41F8178491C81707047B64800B55F
:107D9000016911F8A60F401E40B20870002800DAF1
:107DA000FFDF00BDB0482721006980F87C1000216A
:107DB00080F8A411704710B5AB4C206990F8AC1155
:107DC000042916D190F87C2001230021703001F0A5
:107DD000A8FA00B9FFDF206990F8AA10890703D438
:107DE000062180F87C1004E0002180F8A21080F8C1
:107DF000AC11206990F87E00800707D5FFF7C6FF19
:107E0000206910F87E1F21F00201017010BD964913
:107E100010B5096991F87C200A2A09D191F8E2206D
:107E2000824205D1002081F87C0081F8A20010BDBB
:107E300091F87E20130706D522F0080081F87E0015
:107E4000BDE81040A2E7FF2801D0FFDF10BDBDE86C
:107E50001040A7E710B5844C206910F8B01F41F01E
:107E600004010170A06901F0A4FD162806D1206963
:107E700090F87C00202802D0262805D010BDA069EB
:107E800001F09BFDFEF7B8FB2169002081F87C0022
:107E900081F8A20010BDF8B5734C01230A212069B6
:107EA00090F87C20703001F03CFA38B3A06901F002
:107EB0003FFDC8B1A06901F035FD0746A06901F09A
:107EC00035FD0646A06901F02BFD0546A06901F0CD
:107ED0002BFD01460097206933462A46303001F0D9
:107EE0008BFD206901F0A8FD2169002081F8A20026
:107EF00081F87C00BDE8F840FEF79FBBA07840F019
:107F00000100A070F8BD10B5574C01230021206975
:107F100090F87D20703001F004FA30B1FFF72DFFAA
:107F20002169102081F87D0010BD20690123052101
:107F300090F87D20703001F0F4F908B1082000E0DD
:107F40000120A07010BD70B5474C012300212069AD
:107F500090F87D20703001F0E4F9012588B1A06926
:107F600001F0A8FC2169A1F8AE01B1F87010FFF78B
:107F7000DEFE40B12069282180F88D1080F88C50F9
:107F800084E5A57082E52169A06901F5D87101F049
:107F90008CFC21690B2081F87D0077E510B5FEF798
:107FA0000EFFFEF70CFE304CA079400708D5A078F4
:107FB00030B9206990F87F00072801D10120207096
:107FC000FEF73EFAA079C00609D5A07838B9206935
:107FD00090F87D100B2902D10C2180F87D10E078FB
:107FE00000070ED520690123052190F87D2070300F
:107FF00001F097F930B10820A0702169002081F8C4
:10800000D80110BDBDE81040002000F016BB10B52F
:10801000154C216991F87D2040B3102A06D0142A0E
:1080200007D0152A23D01B2A35D123E001210B20AC
:1080300022E0FBF769FB0C2820D32069082100F51A
:108040008870FBF765FB28B120690421DC30FBF761
:108050005FFB00B9FFDF012104200DE05B77010029
:10806000BD790100F3790100F800002008E000F07C
:1080700017F803E001210620FEF717FF012010BDCD
:10808000212A08D191F8970038B991F8C40110B1AC
:1080900091F8C50108B1002010BD01211720EBE7C0
:1080A00070B5184C0025206990F8931101290AD069
:1080B000022925D190F8A810A9B1062180F8E61070
:1080C0000121022017E090F8D811002918D100F101
:1080D000C80300F58471002200F5CA7001F0C1F8F0
:1080E0000121052007E090F8B000400701D51120DC
:1080F00000E00D200121FEF7D8FE206980F89351A1
:10810000C4E40000F8000020F9480078002800D0FE
:108110000C20704710B50446FFF7F6FF00B1FFDFF3
:10812000F348047210BDF2490120C871704770B560
:108130000C460546082B01D0194600E004211046E4
:1081400001F075F9844200D220460DB1001D80B2C5
:10815000C0B270BD70B5E64934314C6804F17005A9
:1081600060B1628F218F94F86530A87CFFF7DFFF44
:1081700094F86510BDE87040FCF79EB8FF2094F8B5
:108180006410F7E72DE9F0478146D9483430446858
:10819000002004F17005628F218F94F86530FFF79D
:1081A000C6FFD34F0646D34878620120FFF7D2FFBF
:1081B000A87C4FF0000840B305F15801CE4891E883
:1081C0000E1000F1080A8AE80E10A96EC0F82110FE
:1081D000E96EC0F82510FE38FCF743FBC6480121C4
:1081E00008300176D5E91412C0E90412A0F58372B3
:1081F000796AFBF728FF94F8650000F0A7FB0246B8
:1082000031460120FBF72DFF04E0786AFCF729FBDB
:10821000FBF74BFFB9F1000F03D141469620FCF765
:108220004CFB94F8642001210020FCF706FC94F834
:108230002C00012801D1FCF7DFFB02203870FCF78D
:1082400061FD002800D0FFDFBDE8F0872DE9F04395
:10825000A74D87B0804628780E9F1C461646894653
:1082600010B90EB104B107B9FFDFEF61C5E90564CC
:108270000020C5E90D89E871A871E870A87028711F
:108280009B4F6871A8813437E8817E68344636F8A0
:10829000700BF8F758F8E8622088F8F742F828637E
:1082A000FCF714F894F96700FCF7CEF804F112001B
:1082B000FCF7B9FA04F10E00FCF7CCF80120FCF74A
:1082C000CDFA18228D496846F5F733F88C480490AA
:1082D0006846FCF7B7FAF07EFCF7C6F8FCF7B8FA88
:1082E00094F86F0078B9A06E68B1B08C318888427C
:1082F00009D1B4F86C1001220844B08494F86E00DF
:10830000A16EF9F708FE628F218F94F86530B07C7A
:10831000FFF70DFF94F865402146FBF7CDFF786825
:1083200090F8880108B1FCF74FF821460120FCF7CE
:1083300054F97868D0F80001FCF797FA0120FFF7AC
:1083400021FF07B0BDE8F083694800B50078022836
:1083500000D0FFDF00BD664810B534304468FCF73C
:10836000FBFAFCF7DAFAFCF729FAFCF762FAFBF7FA
:108370009CFE94F82C00012801D1FCF733FB94F803
:108380006F0038B9A06E28B1002294F86E00114633
:10839000F9F7C1FD564CE08900F0E2FAE269A179F3
:1083A000A07890470020207010BD514810B500788B
:1083B000022800D0FFDFBDE81040CCE7CBE74C48F7
:1083C000007970474A48C078704749490120487190
:1083D00070472DE9FC474648454E3430A0F114075C
:1083E00044684FF0000A254694F875004FF00108E4
:1083F000703458B3012868D002286AD0032876D098
:10840000FFDF316AB1460826087820F008000870BE
:10841000A37906EAC303184320F004000870E37947
:10842000042606EA8303184320F0100008706779D9
:10843000D9F82C00F7F715FA0646FCF7C8FD022F0D
:1084400067D0012F65D0032F66D068E000F094FA62
:10845000AA8E0146104600F0EAFF298E814200D222
:1084600008464C21ADF8040048533846FCF78DFD12
:1084700048B14FF48060316A00F077FA03206071F0
:1084800084F80380BDE76A4601A9F06A00F05CFA4F
:10849000306210B194F8371029B13846FCF746FD28
:1084A00084F80580ADE79DF8001031B9A0F800A070
:1084B00080F802A0012101F08CF9BDF80410306AA7
:1084C00001F07DFA022060719BE73846FCF72EFD33
:1084D00097E7B5F84C00ADF804006A4601A9F06AC8
:1084E00000F032FA306200288BD1FFDF89E709E023
:1084F0001C010020780B0020780D0020A8B201009C
:108500001B5D01003846FCF740FD0028BAD1FFDFB3
:1085100077E7B04301D002E00EB1012100E0002175
:10852000D9F820004E46027842EA01110170617CC0
:1085300051B36179012927D004F15801F7488EC958
:1085400000F1080989E88E00A16EC0F82110E16EE3
:10855000C0F82510FE38FCF784F9F048083080F8A0
:1085600018A0D4E91212C0E90412A0F58371326A8E
:10857000FBF769FD95F8640000F0E8F90246FB217D
:108580000020FBF76EFD03E0FCF76BF9FBF78DFDB8
:10859000012195F865200846FCF74FFA86F804801B
:1085A000316A0A8832828978B17486F80080FCF7D3
:1085B000B5FB002800D0FFDFBDE8FC8770B5D84CC4
:1085C000054639B9012D05D1E078401CC0B2E070F4
:1085D000012820D8A16928468847E0B16179D148AF
:1085E00031B1012D04D1417811B90178C90612D5F4
:1085F000A17981B98DB9CA4910310978CA0602D466
:108600000078C00607D5A08928B9A06A28B9608972
:1086100018B1C80601D4012070BD002070BD10B58E
:10862000BF4CA06A00B9FFDF6289D4E90910D21CEF
:10863000F4F77FFEA06A606210BD2DE9F0470600E6
:10864000B748B74D00F134004468686A04F170041B
:10865000477801D0012E03D1296B02F0EDF8687044
:1086600068784FF000084FF0010938B1012816D0A2
:1086700002282FD0032844D0FFDFE5E5012E30D0BB
:10868000FFF7CDFF39460122286BF7F75BF926E0AB
:1086900084F8078030E000BF84F807902CE0012EBA
:1086A00008D0FFF7BCFF39460022286BF7F74AF9DC
:1086B000022EE2D0D4E91401401C41F10001C4E9CA
:1086C0001401E079012802D084F80790BCE584F811
:1086D0000780B9E5012E04D0286BF7F7B7FA022E10
:1086E000CBD0D4E91401401C41F10001C4E91401CC
:1086F000E0790128D0D1CBE7287ABDE8F047F2F73E
:1087000053BC012EB9D0286BF7F7A0FAF4E770B587
:108710008349834A343100264C68516A01257034FC
:108720000B7803F00303012B14D0022B12D0032B80
:1087300003D0907940F0040023E0A570D08940F484
:108740000060D081012000F010F91CE0E67170BDDE
:10875000E57170BD4978B1B1D38943F40063D38129
:10876000936A002BF5D0FB2908D8D17921B1BDE857
:108770007040802000F0F4B8057070BD907940F032
:108780001000907170BDE0790128E1D1DEE770B58D
:108790006348634D3430446828787034012800D031
:1087A000FFDFA07838B10020A0700146042000F05F
:1087B000DCF801202071296A0878C043800705D1C0
:1087C000A889400502D5022000F0CFF80121002041
:1087D000FFF7F4FE10B1BDE87040BCE5BDE87040A5
:1087E0000020CFE42DE9F84F4D4F4D4C3437002693
:1087F0007D6882468DF8006020787035022800D0B0
:10880000FFDFE08940F40070E0810020FFF7A2FC68
:10881000A87CBAF1000F5BD0FBF76AFCFBF75AFCAF
:108820004FF0010968B9A87C58B1606A417841B13C
:108830000078E979C0F3C000884202D184F8029040
:1088400059E0606A4178618121B1206BF7F734F813
:10885000A06200E0A662E089B84640F02000E08116
:10886000E670786800F17007064690F82C00012841
:1088700016D1FCF7B7F83946304600F010FD78B154
:10888000D8F804003188A0F80A12397A80F80C125E
:10889000797A80F80D1280F80892207AF2F784FB3A
:1088A000606AA9790078C0F38000884205D000F0A2
:1088B00094F8E08940F48070E081606AE97900789A
:1088C000C0F3C00088420AD16846FFF720FF06E0E7
:1088D00008B1FBF73EFCE08940F04000E0815146E2
:1088E0000120FFF76BFE00289DF8000007D010B1B3
:1088F0000020FFF7A2FEFFF72EFDBDE8F88F10B1B4
:108900000120FFF79AFEFFF764FD9DF800000028A4
:10891000F3D00220FFF791FEEFE70000780D002072
:108920001C010020780B002070B5064654480D4607
:108930004468FBF773FC034694F8642029463046EC
:10894000BDE87040FDF706BAF6F7C5BE00B50128D0
:1089500002D0022802D0FFDF002000BD012000BDB0
:10896000474A0021343A52691047454A343A9389BC
:108970000343938152691047414810B5446804F19C
:108980007001087B24280ED0497B24290BD01F2896
:108990000CD020280AD0222912D094F86400042890
:1089A00000D1082010BD94F8B01106E0222907D0AC
:1089B00094F8C60100F04FF8014694F8640008E00E
:1089C00094F8C60114F85D1F084000F044F8014611
:1089D000E079BDE8104000F048B870B52848446818
:1089E00094F875007034002832D0022810D1244D3C
:1089F000343DE86AF6F79BFE00B9FFDFD4E91201C7
:108A0000401C41F10001C4E91201287AF2F7CCFAC6
:108A100000256571207920B1257100211020FFF714
:108A2000A4FFE07878B1E570FCF7BEFA00B9FFDF8B
:108A300000210820FFF799FFD4E91201401C41F101
:108A40000001C4E91201A079012802D00120A0711F
:108A500070BDA57170BDC10701D0012070478007AE
:108A600001D50220704700207047002904D001285A
:108A700003D0012901D00220704701207047000077
:108A8000500100202DE9F0410F4606460024FE4D1E
:108A90000FE000BF05EBC40090F85311B14206D1BE
:108AA0000622394600F5AA70F4F716FC38B1641CAA
:108AB000E4B22878A042EDD81020BDE8F08120462D
:108AC000FBE7F0B50746F04816460478621C0270D2
:108AD00000EBC4050868C5F854018888A5F858015A
:108AE000102C00D3FFDF85F8537185F85A612046BA
:108AF000F0BD70B5054600F017FA10281CD1E24C05
:108B00002078401EC0B22070A84215D004EBC002ED
:108B100004EBC50102F58070D2F85321C1F853214E
:108B2000D0F85700C1F85701207800F0FDF910285F
:108B300002D0204480F8035170BD2DE9F047D24C9B
:108B40000646A719A078401EC5B2A57097F8038104
:108B5000AE422AD004EB051A04EB06190AF1030110
:108B600009F103001022F4F7E4FB0AF1830109F193
:108B700083001022F4F7DDFB601905EB450290F845
:108B8000031187F8031106EB460104EB420204EBE4
:108B90004101D2F80B31C1F80B31B2F80F21A1F825
:108BA0000F2190F83B0187F83B0104EBC80090F8D7
:108BB0005A01C00703D14046BDE8F04799E7BDE838
:108BC000F087B1498A78824203D9084490F843017A
:108BD00070470020704710B540F2D3120021AA4818
:108BE000F4F7D1FB0822FF21A848F4F7CCFBA748F3
:108BF00000210C38417081704FF46171818010BD8B
:108C000070B50D460646FFF73DFF9F4C102807D074
:108C100004EBC00191F85A11C90701D0012070BDC1
:108C20006178082910D2102808D004EBC000012177
:108C300080F85A116078401C6070EFE701222946E5
:108C40003046FFF73EFFF5E7002070BD70B58E4D52
:108C50002878401E44B20AE005EBC40090F85A019F
:108C6000C00702D0E0B200F070F9641E64B2002CBC
:108C7000F2DA864900200C39887070BD82498A7802
:108C8000824203D901EB0010C01C704700207047DE
:108C90002DE9F047984691460C460546FFF7F2FE4F
:108CA0000646102805D000F03FF9102801D0122008
:108CB00085E7754FB87808282AD2102E05D10022F2
:108CC00021462846FFF7FDFE0646BC781022601CB0
:108CD000B87007EB0415E81C494600F0B5FA05F139
:108CE00083001022414600F0AFFA1021404600F008
:108CF0009CFA3C44102184F84301484604F59674DC
:108D000000F093FAE07704F8296C0020E07356E74E
:108D1000072054E75C4810B58078401E44B204E058
:108D2000E0B2FFF70AFF641E64B2002CF8DA10BD4F
:108D300056490C394870704754480C384078704791
:108D400040B14AF2B811884204D850490C398880A1
:108D500001207047002070474C480C3880887047CD
:108D600010B5FFF78FFE102803D000F0DDF81028B3
:108D700000D1082010BD44498A78824203D901EB12
:108D8000001083307047002070473F4B10B59C782F
:108D900084420FD9184490F8030103EBC00090F807
:108DA00053310B70D0F854111160B0F85801908015
:108DB000012010BD002010BD334A114491F8032159
:108DC00032490C390A700268C1F80620808848814F
:108DD000704770B52D4B0C3B5B7873B12A4B9C7878
:108DE0005CB1451821460AB1D81C01E02648833001
:108DF0002A46FBF794F8012070BD002070BD10B525
:108E0000FBF7DBF818B1BDE81040FBF7E6B8FF2030
:108E100010BD1D498A78824209D9084490F803019F
:108E200001EBC00090F85A0100F0010070470020EB
:108E300070472DE9F04100242546134E2CE02846CA
:108E400000F072F88046FFF719FF06EBC50797F8A8
:108E50005A11C9071ED060B1B8F1100F05D006EB4A
:108E6000080191F83B11012903D0102100F0DDF930
:108E700080B10649204601F80480641C97F853210C
:108E800007F5AA71E4B203E0A80D002064010020F8
:108E9000FBF7B5FA6D1CEDB23078A842CFD80CE6DE
:108EA000012296E72E4A01EB410102EB41010268E3
:108EB000C1F80B218088A1F80F01704701461022EC
:108EC000284800F0C1B92748704725498A7882426E
:108ED00003D9084490F83B0108B1002070470120F5
:108EE00070472DE9F0410E460746154606213046EB
:108EF00000F09BF91A4C58B1002004E02118401CE6
:108F000081F83B51C0B2A1788142F7D80120D4E565
:108F100031463846FFF724FF082803D0204480F864
:108F20003B51F3E70020C8E50D4910B5034600208A
:108F30008A7806E00C1894F803419C4204D0401C47
:108F4000C0B28242F6D8102010BD05494A78521EA0
:108F50004A7001EBC001002281F85A21C9E50000E6
:108F6000A80D00207B0F002000F00101400800F058
:108F700001021144400800F001021144400800F0D1
:108F800001021144400800F001021144400800F0C1
:108F900001021144400800F00102114401EB5000AD
:108FA000704710B500240485848DDB004C43B3FB6F
:108FB000F2F394FBF2F45B1C84859BB203FB02F496
:108FC0004385B4F5C84F01DD5B1E43854FF4FA437A
:108FD000B3FBF2F35B1C0386438C02EBC3035B1E03
:108FE000B3FBF2F30384C38B4B43B3FBF2F1C183B6
:108FF00010BD70B50546087B0E4600F01F000873D3
:109000000020687604463019007AFFF7ADFF291971
:10901000641C0875697EE4B208446876052CF2D3B6
:10902000C0B2252800D9FFDF70BD0023C38342846E
:1090300001EBC202521EB2FBF1F101847047F0B5A0
:109040006FF01F02010C02EA90261F25A1F5AA402D
:1090500054380DD0A1F5AA40553809D0A1F52850B3
:10906000AA3805D0A1F52A40AA3801D0012000E095
:10907000002000221346144682EA0107FF431F43E3
:109080007F1C0FD006F00107520842EAC73205F0F4
:1090900001075B0876086D08641C43EAC733162C89
:1090A000EAD3F0BD0020F0BD2DE9F04101260446D1
:1090B000002500F1700751B1012974D0022971D047
:1090C00003296CD101463846BDE8F04191E7802282
:1090D00000213846F4F757F9BD71FD713D737D737A
:1090E000FD733D747D71BD76FD76212087F84000CB
:1090F000412087F84100FE2087F8740027887022FD
:1091000000212046F4F73FF9278084F8646084F852
:109110006560282084F8660004F1300000210746CD
:1091200000F071FC1B21F9833984A4F85210A4F8D3
:1091300054104FF4A470A4F85600A4F858006673B5
:109140004FF448606080A4F8F050A4F8F250A4F8FE
:10915000F450A4F8F650A4F8F850A4F8FA5084F8A3
:10916000FD5084F8FF50A4F8065184F80451A4F887
:109170001851A4F81A5184F8BA5184F8BB5184F8F4
:10918000C45184F8C55184F8895184F8905184F809
:10919000935184F8AC51C4F8A451C4F8A851BDE867
:1091A000F08100E025E0A4F8065184F8FE506188C3
:1091B000FE480A460844B0FBF1F0A4F890004BF6D4
:1091C0008030A4F89200E3883846FFF7EAFE214693
:1091D0003846FFF70EFFFAF7F9F920B1D4F80E0080
:1091E000FFF72DFF10B184F88851D8E784F8886123
:1091F000D5E74188B4F8B831B4F8B4213846BDE8B1
:10920000F041CEE6437E0BB1252B01D912207047E9
:109210002AB14B7B2BB1012B05D01F2070470020BA
:10922000704700F0EEB900F092B910B500231A466D
:1092300003E0845C2343521CD2B28A42F9D30BB1BF
:10924000002010BD012010BD30B5134606E0CC183B
:10925000D51A14F8014C5B1E4455DBB2002BF6D135
:1092600030BD70B50E468CB0144601461D46102226
:109270006846FFF7E9FF1022314604A8FFF7E4FF34
:10928000684600F059FD08A94FF0100228461CB1AD
:10929000FFF7DAFF0CB070BDF4F74BF8FAE738B51A
:1092A00005460C466846FBF7B2FB002820D09DF926
:1092B00000002072E17E617294F90A100022411AC6
:1092C00000D5494295F82D308B4210DCFF2B0ED093
:1092D000E17A491CC9B2E17295F82E30994202D860
:1092E000A17A7F2903D1A0720020E07201221046EA
:1092F00038BD0C2813D00B2811D00D280FD01F28F3
:109300000DD020280BD0212809D0222807D02328CF
:1093100005D0242803D0262801D000207047012042
:10932000704710B5A2F10F030C2941D2DFE801F01C
:1093300006080D1215181C40243E272EAAB337E04C
:10934000072A37D0082A35D032E00C2A32D00B2A2F
:1093500030D02DE00D2A2DD02AE00C2B2AD927E081
:10936000103A0B2A26D923E0032B23D990F8380092
:10937000F0B11B2A1ED91BE0062A1BD018E01C2ABC
:1093800018D01D2A16D01E2A14D011E01F2A11D081
:10939000202A0FD0212A0DD0222A0BD0232A09D02F
:1093A000242A07D0262A05D002E003E00E2A01D0A5
:1093B000002010BD012010BD2DE9F0410C460546EE
:1093C00040F23577866805E0F8F7F7FF3946F8F799
:1093D000C8FCA8602846F9F7A5F90028F4D08CB19C
:1093E0003046A968F9F7EAFC00280BDD2044401E4E
:1093F000B0FBF4F707FB04F13046F8F7B2FCA860C5
:109400003846CCE60020CAE670B5044690420BD23E
:10941000101B642800D2642025188D4205D8042131
:10942000F9F7FFFC08B1284670BD204670BD11F069
:109430000C0F19D04A074FF41671002A03DA00BF47
:109440004FF0100201E04FF0400201DA4FF09601B8
:1094500001F5BC71A0EB0103884202D993FBF2F045
:1094600000E0002080B27047022904D06FF00D01A7
:1094700001EBD000F6E76FF00E0101EB9000F1E791
:109480000844184498300AB1042100E0002108443F
:10949000704701207047106808667047C10701D007
:1094A00001207047810701D502207047400701D590
:1094B00008207047002070472DE9F0410546164608
:1094C00088460124084600F054FA0746404600F05A
:1094D00052FA0346FFF7E2FF02463846FFF7DEFF87
:1094E00052EA000100D10024990700D10022B907F7
:1094F00000D1002095F86410914200D10022327012
:1095000095F86510814200D10020707072B968B979
:10951000404600F032FAB5F87010401A00B247F633
:10952000FE71884201DC002800DC0024204636E67B
:1095300010B540F6C4125410012903D0022902D0FC
:10954000FFDF02E008B1104610BD204610BDF0B5A7
:109550000C7C8B7BCD7B5C404B7C02886B4044EA6F
:109560000324467E62400023D5B2120A95FAA5F57F
:1095700092FAA2F22D0E120E45EA022202EB02121C
:109580005B1C2244DBB292B2032BEDD36240252355
:10959000B2FBF3F403FB142301EBD304837603F053
:1095A00007070125247A05FA07F701E0FFDB05002C
:1095B0003C4201D0C3761AE05643320C521CD2B260
:1095C000002403191B7D934213D300230E19367A0E
:1095D00005FA03F73E4201D0521ED2B222B15B1C03
:1095E000DBB2082BF4D306E003EBC401C176002004
:1095F000F0BDD21AD2B2641CE4B2052CE1D31F2014
:10960000F0BDF0B5837E0C7E012504FB02322523DC
:10961000B2FBF3F403FB142201EBD204827602F0D6
:109620000703247A05FA03F31C4201D0C2761EE038
:10963000437EB2FBF3F403FB1422521CD2B200238C
:10964000C418247D944214D30024CE1896F80860E0
:1096500005FA04F73E4201D0521ED2B222B1641C78
:10966000E4B2082CF4D306E004EBC301C176002079
:10967000F0BD121BD2B25B1CDBB2052BE0D31F2066
:10968000F0BD000030B50546007801F00F0220F073
:109690000F0010432870092912D2DFE801F00507F6
:1096A00005070509050B0F0006240BE00C2409E053
:1096B000222407E001240020E87003E00E2401E0EA
:1096C0000024FFDF6C7030BD007800F00F007047A1
:1096D0000A6840F8032F8988818070470A6840F83B
:1096E000092F8988818070470278402322F0400248
:1096F00003EA81110A4302707047027822F0800267
:1097000042EAC1120270704770B514460E46054613
:109710001F2A00D9FFDF2246314605F10900F3F781
:1097200008FEA41D6C7070BD70B514460E4605464B
:109730001F2A00D9FFDF2246314605F10900F3F761
:10974000F8FDA41D6C7070BD30B5017801F00F01FB
:10975000032920D0052921D14578B0F81910B0F897
:109760001B40B0F81730827D222D17D1062915D362
:109770004FF44865A94211D8B4F5FA7F0ED26AB108
:10978000082A0BD88A4209D28B4207D8B0F81D00AC
:10979000A84205D902E040780C2801D0002030BD55
:1097A000012030BD4078704700B5027801F0030316
:1097B00022F003021A430270012905D0022903D0C6
:1097C000032903D0FFDF00BD002100E0012141702B
:1097D00000BD00B5027801F0030322F003021A4332
:1097E0000270012905D0022903D0032903D0FFDF2D
:1097F00000BD002100E00121417000BD007800F0B3
:1098000003007047417841B1C078192803D2704AEB
:10981000105C884201D1012070470020704730B5AC
:1098200001240546C170192902D26948445C02E04E
:10983000FF2900D0FFDF6C7030BD70B514460E46B6
:1098400005461B2A00D9FFDF6C7022463146E81C12
:10985000BDE87040F3F76DBDB0F807007047B0F891
:1098600009007047B0F80B00704770B5B0F80720DA
:10987000B0F80940B0F805300179951F40F67A46F6
:10988000B54210D8B4F5FA7F0DD261B108290AD8D3
:10989000914208D2934206D8B0F80B00B0F5486F59
:1098A00001D8012070BD002070BD42680A60007AB6
:1098B00008717047B0F80900704700797047426836
:1098C0000A6080684860704780890880704750F857
:1098D0000E2F0A60406848607047D0F81600086094
:1098E00070470A6842604968816070470968C160D2
:1098F00070470079704742680A6080684860704726
:109900000171090A417170478171090AC17170477B
:109910000172090A417270478172090AC172704767
:1099200080887047C08870470089704740897047B9
:1099300001891B290CD341894FF4A472914207D3AA
:1099400081881B2904D3C088904201D3012070472D
:10995000002070470A684260496881607047017959
:10996000490704D04079400701D00120704700200A
:1099700070470079704740797047C08870470CB5D0
:1099800014A2D2E90012CDE900120179407901F068
:10999000070269461DF80220012A04D800F00700DA
:1099A000085C012801D900200CBD01200CBD01710B
:1099B000704700797047417170474079704730B502
:1099C0000C460546FB2900D9FFDF6C7030BD000056
:1099D000C0B20100000101020102020310B58C882F
:1099E0000A894B88C988A0F84430A0F84810A0F82C
:1099F0004640A0F84A2010BD10B5029C8181C2816A
:109A00000382448210BD1B2202838282C281828132
:109A100042800281028042848284828300290AD1AA
:109A20004FF4A4714183C18241820182C18041818E
:109A30008180C18401857047F0B5B0F84830818FCE
:109A4000458EC48E8B4200D30B46B0F84A10B0F856
:109A50004020914200D20A464386C286068F478F35
:109A600000F130019E4200D21E46974200D21746B6
:109A70000E814F81AB4201D1A24201D0012400E00E
:109A80000024B0F84420C38F068E858E9A4200D3FE
:109A90001A46B0F84670B0F842309F4200D23B46BA
:109AA00090F85A70022F08D1964200D232469D4259
:109AB00000D22B46002780F85A700A808B80B24271
:109AC00001D1AB4201D0012000E000202043F0BDD5
:109AD000508088899080C889D080088A1081488AFF
:109AE000508101201070704770B502884A80048E42
:109AF0008C80838ECB80428E0A81C58E4D81B0F8DA
:109B00005660AE420BD1B0F85250954207D1B0F832
:109B100058509D4203D1B0F85430A34201D00123E4
:109B200000E000230B73A0F852204A89A0F85620C9
:109B30008A88A0F85420CA88A0F85820012008700C
:109B400070BD70B50C46088E91F8641000F016F8E0
:109B5000A18E0546A94200D20D46208F94F86510CB
:109B600000F00CF8618F814200D208460146284679
:109B7000BDE8704000221346FFF782BC11F00C0FC5
:109B800004D04FF4747101EB801006E0022902D07A
:109B9000C000703001E080003C3080B270470000AF
:109BA0002DE9F0410C4612490D68114A114908325D
:109BB0001160A0F12001312901D301200CE04128DE
:109BC00010D040CC0C4F94E80E0007EB8000241F0F
:109BD00050F8807C3046B84720600548001D05607D
:109BE000BDE8F081204601F0B9F8F5E7062070479E
:109BF0001005024001000001DCB2010010B555481B
:109C0000F9F704FD00B1FFDF5248401CF9F7FEFCF4
:109C1000002800D0FFDF10BD2DE9F14F4E4E82B07D
:109C2000D6F800B001274B48F9F7F8FCDFF824819B
:109C300020B9002708F10100F9F706FD474C00257F
:109C40004FF0030901206060C4F80051C4F80451CA
:109C5000029931602060DFF808A11BE0DAF800000B
:109C6000C00617D50E2000F068F8EFF3108010F052
:109C7000010072B600D001200090C4F80493D4F81B
:109C8000000120B9D4F8040108B901F071F8009876
:109C900000B962B6D4F8000118B9D4F8040100285C
:109CA000DCD0D4F804010028CCD137B1C6F800B01C
:109CB00008F10100F9F7B2FC11E008F10100F9F731
:109CC000ADFC0028B6D1C4F80893C4F80451C4F818
:109CD00000510E2000F031F81E48F9F7B5FC0020C5
:109CE000BDE8FE8F2DE9F0438DB00D4606460024F9
:109CF0000DF110090DF1200818E000BF04EB440736
:109D0000102255F827106846F3F713FB05EB870779
:109D1000102248467968F3F70CFB6846FFF77CFF92
:109D200010224146B868F3F704FB641CB442E5DB3B
:109D30000DB00020BDE8F0836EE7002809DB00F0DD
:109D40001F02012191404009800000F1E020C0F88D
:109D5000801270476C01002004E5004000E00040E4
:109D600010ED00E0B64900200870704770B5B54DA1
:109D700001232B60B44B1C68002CFCD0002407E0AE
:109D80000E6806601E68002EFCD0001D091D641CB4
:109D90009442F5D30020286018680028FCD070BDDC
:109DA00070B5A74E0446A94D3078022800D0FFDFD9
:109DB000AC4200D3FFDF7169A548012903D847F2FF
:109DC0003052944201DD03224271491C7161291B0A
:109DD000C1609F49707800F030F9002800D1FFDFA2
:109DE00070BD70B5964C0D466178884200D0FFDF9B
:109DF000964E082D4BD2DFE805F04A041E2D4A4A44
:109E00004A382078022800D0FFDF03202070A07895
:109E1000012801D020B108E0A06800F041FD04E075
:109E200004F1080007C8FFF7A1FF05202070BDE876
:109E30007040F8F7C0B9F8F7C0FA01466068F8F763
:109E4000BDFFB04202D2616902290BD30320F9F7AA
:109E50000EFB12E0F8F7B1FA01466068F8F7AEFFC2
:109E6000B042F3D2BDE870409AE7207802280AD0C9
:109E7000052806D0FFDF04202070BDE8704000F008
:109E8000D2B8022000E00320F9F7F1FAF3E7FFDF90
:109E900070BD70B50546F8F790FA694C606020789F
:109EA000012800D0FFDF6A490120087000200871F6
:109EB00004208D6048716548C86002202070607879
:109EC00000F0BBF8002800D1FFDF70BD10B55C4C7E
:109ED000207838B90220F9F7E0FA18B90320F9F729
:109EE000DCFA08B1112010BD5A48F8F7E1F96070AA
:109EF0001F2804D0012020700020606110BD0320C5
:109F000010BD2DE9F0471446054600EB84000E46CF
:109F1000A0F1040800F0D7FC07464FF0805001691B
:109F20004F4306EB8401091FB14201D2012100E039
:109F3000002189461CB10069B4EB900F02D90920B9
:109F4000BDE8F0872846E7F76FF990B9A84510D328
:109F5000BD4205D2B84503D245EA0600800701D0CC
:109F60001020EDE73046E7F75FF910B9B9F1000FBF
:109F700001D00F20E4E7384838490068884205D00E
:109F8000224631462846FFF7F1FE1AE0FFF79EFF12
:109F90000028D5D12A4800218560C0E9036481707A
:109FA000F9F7DDFA08B12E4801E04AF2F870604393
:109FB0004FF47A7100F2E730B0FBF1F01830FFF7A0
:109FC00068FF0020BCE770B505464FF0805004697B
:109FD0006C432046E7F728F908B10F2070BD00F068
:109FE00072FCA84201D8102070BD1B481B490068B4
:109FF000884203D0204600F053FC10E0FFF766FFD4
:10A000000028F1D10E48012184608170F9F7A7FA88
:10A0100008B1144800E014481830FFF73AFF002058
:10A0200070BD00F053BE10B5054C6078F8F7A2F98A
:10A0300000B9FFDF0020207010BDF8F7EFBB000073
:10A040007001002004E5014000E40140105C0C00B8
:10A050008C0F0020E39D010058000020BEBAFECA0C
:10A0600050280500645E0100A85B01007149096881
:10A070000160002070476F4908600020704701218F
:10A080008A0720B1012804D042F20400704791678A
:10A0900000E0D1670020704767490120086042F264
:10A0A0000600704708B50423634A1907103230B11F
:10A0B000C1F80433106840F0010010600BE0106834
:10A0C00020F001001060C1F808330020C1F8080139
:10A0D0005A4800680090002008BD011F0B2909D8CC
:10A0E000554910310A6822F01E0242EA4000086019
:10A0F0000020704742F205007047000100F18040E7
:10A10000C0F8041900207047000100F18040C0F839
:10A11000081900207047000100F18040D0F80009C4
:10A12000086000207047012801D907207047444A81
:10A1300052F8200002680A4302600020704701289C
:10A1400001D9072070473E4A52F8200002688A432E
:10A15000026000207047012801D907207047384A63
:10A1600052F820000068086000207047020035495E
:10A170004FF0000003D0012A01D0072070470A6089
:10A18000704708B54FF40072510510B1C1F80423AF
:10A1900008E0C1F808230020C1F8240127481C303A
:10A1A00000680090002008BD08B58022D10510B1DC
:10A1B000C1F8042308E0C1F808230020C1F81C01FD
:10A1C0001E48143000680090002008BD08B54FF408
:10A1D0008072910510B1C1F8042308E0C1F808238A
:10A1E0000020C1F8200115481830006800900020B8
:10A1F00008BD10493831096801600020704770B50A
:10A200004FF080450024C5F80841F9F7B4F910B9BA
:10A21000F9F7BBF928B1C5F82441C5F81C41C5F8C8
:10A2200020414FF0E020802180F800140121C0F887
:10A23000001170BD0004004000050040080100400E
:10A24000A0B30100780500406249634B0A68634986
:10A250009A42096801D1C1F31001016000207047E2
:10A260005C495D4B0A685D49091D9A4201D1C0F302
:10A2700010000860002070475649574B0A6857493C
:10A2800008319A4201D1C0F31000086000207047E5
:10A2900030B5504B504D1C6842F20803AC4202D01E
:10A2A000142802D203E0112801D3184630BDC300A0
:10A2B0004B481844C0F81015C0F81425002030BDD4
:10A2C0004449454B0A6842F209019A4202D00628E5
:10A2D00002D203E0042801D308467047404A012116
:10A2E00042F83010002070473A493B4B0A6842F26E
:10A2F00009019A4202D0062802D203E0042801D3C1
:10A3000008467047364A012102EBC0004160002038
:10A31000704770B52F4A304E314C156842F2090330
:10A3200004EB8002B54204D0062804D2C2F800181B
:10A3300007E0042801D3184670BDC1F31000C2F82D
:10A340000008002070BD70B5224A234E244C1568C9
:10A3500042F2090304EB8002B54204D0062804D27D
:10A36000D2F8000807E0042801D3184670BDD2F8DF
:10A370000008C0F310000860002070BD174910B538
:10A380000831184808601120154A002102EBC0036B
:10A39000C3F81015C3F81415401C1428F6D3002078
:10A3A00006E0042804D302EB8003C3F8001807E09A
:10A3B00002EB8003D3F80048C4F31004C3F800484C
:10A3C000401C0628EDD310BD04490648083108603A
:10A3D0007047000058000020BEBAFECA00F50140D8
:10A3E00000F001400000FEFF814B1B6803B198475D
:10A3F000BFF34F8F7F4801687F4A01F4E06111434A
:10A400000160BFF34F8F00BFFDE710B5EFF3108081
:10A4100010F0010F72B601D0012400E0002400F01A
:10A42000DDF850B1E6F7A4FFF7F761FDF8F7C1FFDB
:10A43000F9F7E2FC71490020086004B962B6002017
:10A4400010BD2DE9F0410C460546EFF3108010F0E9
:10A45000010F72B601D0012600E0002600F0BEF820
:10A4600020B106B962B60820BDE8F08100F006FD13
:10A47000E6F782FF0246002001234709BF0007F1EB
:10A48000E02700F01F01D7F80071CF40F9071BD07B
:10A49000202803D222FA00F1C90727D141B20029AE
:10A4A00004DB01F1E02191F8001405E001F00F0157
:10A4B00001F1E02191F8141D4909082916D203FA87
:10A4C00001F717F0EC0F11D0401C6428D5D3F9F731
:10A4D00071FC4B4A4B490020F9F7B4FC47494A4804
:10A4E00008602046E6F7A7FE60B904E006B962B648
:10A4F00041F20100B8E73E4804602DB12846E6F776
:10A50000E7FE18B1102428E0404D19E02878022811
:10A5100002D94FF4805420E007240028687801D045
:10A52000D8B908E0C8B1202817D8A878212814D8AD
:10A53000012812D001E0A87878B9E8780B280CD867
:10A54000E6F71AFF2946F8F71AFFF7F78FFC00F035
:10A55000EDF92846E6F7DAFE044606B962B61CB104
:10A56000FFF753FF20467FE700207DE710B5044644
:10A5700000F034F800B101202070002010BD244903
:10A5800008600020704770B50C4622490D682149CB
:10A59000214E08310E60102807D011280CD0122847
:10A5A0000FD0132811D0012013E0D4E90001FFF7E8
:10A5B00048FF354620600DE0FFF727FF00252060AB
:10A5C00008E02068FFF7D2FF03E011492068086027
:10A5D000002020600F48001D056070BD07480A4933
:10A5E0000068884201D101207047002070470000B8
:10A5F000880100200CED00E00400FA05580000205E
:10A600004810002000000020BEBAFECAA8B3010016
:10A6100004000020100502400100000100B585493A
:10A6200010F1080F19D00CDC10F1280F1DD010F11B
:10A63000140F18D010F1100F13D010F10C0F08D117
:10A640000DE010F1040F06D080B103280ED00428CD
:10A650000CD0FFDF00BDFC2008E0F82006E0F4206D
:10A6600004E0F02002E0EC2000E0D820086000BD0B
:10A67000704900B5091D012803D0022803D0FFDF6F
:10A6800000BD032000E00420086000BD2DE9F0417A
:10A6900005460C4617461046F9F76CFD4FF47A76DE
:10A6A000022C10D0012C10D040F63401441838464A
:10A6B000F9F7C5FD204449F679710844B0FBF6F07E
:10A6C000281ABDE8F0813146F0E74FF4C861EDE7A4
:10A6D00070B505460C460846FAF7F4FA022C10D07D
:10A6E000012C11D04FF4AF5149F6CA62511A0844F7
:10A6F0004FF47A7100F2E140B0FBF1F0281A801EAD
:10A7000070BD40F24C41EFE740F63401ECE770B524
:10A71000064615460C460846FAF7D4FA4FF47A7105
:10A7200040F63402022D11D0012D11D01346022C17
:10A7300011D0012C01D04FF4AF529A1A104449F6AF
:10A74000FC621044B0FBF1F0301A70BD0B46EEE72E
:10A750004FF4C863EBE740F24C42EEE770B50446B5
:10A760000E460846F9F706FD05463046F9F767FD3F
:10A7700028444AF2AB3108444FF47A71B0FBF1F04F
:10A78000201A801E70BD2DE9F04106461D460C467C
:10A790001746104600F045F806EB4601C1EBC6111E
:10A7A00000EBC100022C15D0012C16D04FF4AF5194
:10A7B00046182046FAF786FA301A4FF47A7100F6F6
:10A7C000B730B0FBF1F43846F9F741FD2044284496
:10A7D000401D76E740F24C41EAE740F63401E7E7F6
:10A7E00070B5044615460E460846F9F7C3FC04EB5F
:10A7F0004401C1EBC411C0EBC1043046F9F71FFDA1
:10A80000241A284600F00DF820444FF47A7100F61F
:10A81000B730B0FBF1F42846F9F719FD2044401D8C
:10A8200070BD082803D0042801D0F9F7A3BC4EF668
:10A83000283070470C150040F0B585B00C46054631
:10A84000FEF7DCFF07466E78204603A96A46F5F757
:10A8500004FA81198EB258B1012F02D0032005B03D
:10A86000F0BD204604AA0399F5F719F9049D01E00B
:10A87000022F0FD1ED1C042E0FD32888BDF8001035
:10A88000001D80B2884201D8864202D14FF00000FC
:10A89000E5E702D34FF00200E1E74FF00100DEE709
:10A8A0000B4A022111600B490B68002BFCD0084BAE
:10A8B0001B1D186008680028FCD000201060086884
:10A8C0000028FCD070474FF080504069704700006E
:10A8D00004E5014000E4014002000B464FF0000097
:10A8E000014620D0012A04D0022A04D0032A0DD127
:10A8F00003E0012002E0022015E00320072B05D22F
:10A90000DFE803F00406080A0C0E10000720704769
:10A91000012108E0022106E0032104E0042102E015
:10A92000052100E00621F7F7E4BC0000E24805211C
:10A9300081700021017041707047E0490A78012A56
:10A9400005D0CA681044C8604038F8F704BA8A686D
:10A9500010448860F8E7002819D00378D849D94A0C
:10A9600013B1012B0ED011E00379012B00D06BB98C
:10A9700043790BB1012B09D18368643B8B4205D22B
:10A98000C0680EE00379012B02D00BB100207047A4
:10A9900043790BB1012BF9D1C368643B8B42F5D2EB
:10A9A00080689042F2D801207047C44901220A70A1
:10A9B000027972B100220A71427962B104224A71AD
:10A9C000826852328A60C068C860BB4902208870C1
:10A9D00070470322EFE70322F1E770B5B74D044655
:10A9E00000202870207988B100202871607978B122
:10A9F0000420B14E6871A168F068F7F7B2F9A86059
:10AA0000E0685230E8600320B07070BD0120ECE7D0
:10AA10000320EEE72DE9F04105460226F8F7C5F8D8
:10AA2000006800B1FFDFA44C01273DB12878B8B120
:10AA3000012805D0022811D0032814D027710DE079
:10AA40006868C82808D30421F8F7EBF920B16868D2
:10AA5000FFF773FF012603E0002601E000F014F980
:10AA60003046BDE8F08120780028F7D16868FFF70C
:10AA700072FF0028E2D06868017879B1A0780428D4
:10AA800000D0FFDF01216868FFF7A7FF8B49E0785E
:10AA900000F003F90028E1D1FFDFDFE7FFF785FFD2
:10AAA0006770DBE72DE9F041834C0F46E17888427F
:10AAB00000D0FFDF00250126082F7DD2DFE807F058
:10AAC000040B28283D434F57A0780328C9D00228FB
:10AAD000C7D0FFDFC5E7A078032802D0022800D046
:10AAE000FFDF0420A07025712078B8BB0020FFF79D
:10AAF00024FF72480178012906D08068E06000F0E8
:10AB0000F9F82061002023E0E078F7F782FDF5E70F
:10AB1000A078032802D0022800D0FFDF207880BB75
:10AB2000022F08D05FF00500F8F7A1FCA0780328F9
:10AB300040D0A57095E70420F6E7A078042800D05F
:10AB4000FFDF022004E0A078042800D0FFDF01200E
:10AB5000A1688847FFF75EFF054633E003E0A07871
:10AB6000042800D0FFDFBDE8F04100F08DB8A078E8
:10AB7000042804D0617809B1022800D0FFDF2078D2
:10AB800018B1BDE8F04100F08AB8207920B1062064
:10AB9000F8F76DFC25710DE0607840B14749E07829
:10ABA00000F07BF800B9FFDF65705AE704E007208A
:10ABB000F8F75DFCA67054E7FFDF52E73DB1012DC9
:10ABC00003D0FFDF022DF9D14BE70420C0E70320BB
:10ABD000BEE770B5050004D0374CA078052806D133
:10ABE00001E0102070BD0820F8F757FC08B11120D3
:10ABF00070BD3548F7F75CFBE0701F2806D00121D7
:10AC0000F8F730FA0020A560A07070BD032070BD79
:10AC1000294810B5017809B1112010BD81780529A6
:10AC200006D0012906D029B101210170002010BDF4
:10AC30000F2010BD00F033F8F8E770B51E4C054644
:10AC4000A07808B1012809D155B12846FFF783FE45
:10AC500040B1287840B1A078012809D00F2070BDFC
:10AC6000102070BD072070BD2846FFF79EFE03E050
:10AC700000212846FFF7B1FE1049E07800F00DF8FA
:10AC800000B9FFDF002070BD0B4810B5006900F06F
:10AC900029F8BDE81040F7F78EBAF7F7BFBD0648B0
:10ACA00010B5C078F7F766FB00B9FFDF0820F8F7AA
:10ACB000DEFBBDE8104039E68C0100209C0F00202F
:10ACC0003D860100FF1FA107A5AA010010B5134C86
:10ACD0002060201D0160114810300260001D0360DB
:10ACE000002010BD0E490A6848F202139A4302433D
:10ACF0000A6070470A4A116848F2021301EA030029
:10AD0000994311607047054B02465B421020134483
:10AD1000FC2B01D8116000207047000000060040A5
:10AD2000C806024070477047704700001EF0040FCD
:10AD30000CBFEFF30880EFF30980014A10470000D1
:10AD40005F3E010001B41EB400B5F8F7A9FD01B4DF
:10AD50000198864601BC01B01EBD0000826903490E
:10AD600081614FF0010010447047000045AD0100C3
:10AD70000FF20C0000F10000694641F8080C20BFFA
:10AD800070470000FEDF18490978F9B904207146C0
:10AD900008421BD10699154A914217DC06990229EF
:10ADA00014DB02394878DF2810D10878FE2807D054
:10ADB000FF280BD14FF001004FF000020C4B184759
:10ADC00041F201000099019A094B1847094B002BE9
:10ADD00002D01B68DB6818474FF0FF3071464FF018
:10ADE0000002034B1847000028ED00E000C00100FE
:10ADF000E9A3010004000020174818497047FFF735
:10AE0000FBFFE6F7CBF900BD1548164909688842F3
:10AE100003D1154A13605B68184700BD20BFFDE7EA
:10AE20000F4810490968884210D1104B18684FF03C
:10AE3000FF318842F2D080F308884FF02021884209
:10AE400004DD0B48026803210A4302600948804779
:10AE500009488047FFDF0000B00F0020B00F00203E
:10AE600000100000000000200400002000C00100CD
:10AE700014090040DD2F000009AE0100F0B4404687
:10AE8000494652465B460FB402A0013001B5064860
:10AE9000004700BF01BC86460FBC804689469246EB
:10AEA0009B46F0BC70470000091100000420714669
:10AEB000084202D0EFF3098101E0EFF308818869CD
:10AEC00002380078102813DB20280FDB2C280BDB3E
:10AED0000A4A12680A4B9A4203D1602804DB094AE5
:10AEE0001047022008607047074A1047074A10477A
:10AEF000074A12682C3212681047000058000020E0
:10AF0000BEBAFECA7D130000A19B010087A5010007
:10AF1000040000200D4B0E4908470E4B0C49084712
:10AF20000D4B0B4908470D4B094908470C4B084985
:10AF300008470C4B064908470B4B054908470B4B84
:10AF4000034908470A4B02490847000019AC0000B2
:10AF500059B00000A52F00000BA8000099A7000021
:10AF6000A1AE0000991300004D7700001DB0000055
:10AF70002DAD01005F8200000784000065850000A0
:10AF8000C98500000386000037860000698600003E
:10AF90009986000021870000478300008985000012
:10AFA00013120000C12100000B2200006F220000DC
:10AFB000F522000011240000D32400000525000024
:10AFC000E3250000CB2600001F270000A12700007A
:10AFD000C1270000B92D0000DD2D0000FD2C000070
:10AFE000592D00000F2E0000A32E00002F3D000061
:10AFF000093E00003D4100003D420000B342000018
:10B000001D4300008143000017120000754400003A
:10B01000E1440000E3270000E927000017120000C8
:10B02000171200001712000017120000F32700008B
:10B030002B280000A12800001712000017120000A2
:10B040002D22000087290000A9290000F529000011
:10B05000131200001312000013120000131200005C
:10B06000EF5200007553000091530000AD530000F3
:10B070003B550000D7530000E1530000235400006B
:10B0800045540000215500006355000013120000D4
:10B0900013120000676E0000876E0000916E0000C2
:10B0A000CB6E0000F96E0000E96F000077700000C1
:10B0B0008B700000D9700000EF71000095730000E4
:10B0C000BD740000E95D0000D5740000131200009B
:10B0D00013120000A1A0000003A200005DA2000066
:10B0E000D7A2000083A30000100110013A02000063
:10B0F0001A0200040506000007000000FFFFFFFF22
:10B100000000FFFFE39C0000BF1C0000934E000006
:10B11000335E0000E97A000000000000A17D00001D
:10B120007D7D00008F7D0000000002000000000017
:10B13000000200000000000000010000000000000C
:10B14000136C0000F36B0000616C00007152000092
:10B150003352000053520000219400003994000043
:10B160004396000041370000816C000000000000A1
:10B17000B16C0000BF5200000000000000000000A1
:10B18000000000002395000000000000C13700000F
:10B19000555555D6BE898E0000006406640C6412B5
:10B1A00000000803AC055008000054044408340CA7
:10B1B00075DF0000DDE00000D7DE000073DF000077
:10B1C0001B5D0100ABE1000000000000480800002A
:10B1D0004808000051350000513500009B21000057
:10B1E000439B0000B7600000A34D0000F97301000D
:10B1F0008135000081350000BF210000D59B000093
:10B200003F610000174E00000F74010070017001D3
:10B21000400038005C002400200200000300656C40
:10B220007462000000000000000000000000000048
:10B230000000870000000000000000000000000087
:10B240000000BE83605ADB0B376038A5F5AA9183F6
:10B25000886C0000010000008B0801005D170100F0
:10B2600000000001020603040500000007000000C2
:10B2700000000000060000000A000000320000008C
:10B2800073000000B4000000F401FA0096006400AE
:10B290004B0032001E0014000A00050002000100ED
:10B2A0000041000000000000AB830100E5870100C1
:10B2B0008F870100BD830100000000002989010083
:10B2C0000C0802170D010102090901010602091803
:10B2D00018030101090903030500000049A2010048
:10B2E00061A2010079A2010091A20100C1A20100A6
:10B2F000E9A2010013A3010047A30100C79F0100B9
:10B30000039F010023A0010007AD01000D360100DD
:10B310001D360100493601001B37010023370100AB
:10B32000353701007FA0010099A001006DA0010048
:10B3300077A00100A5A00100DBA00100ED9B0100AA
:10B34000FBA0010009A1010017A1010027A1010034
:10B350003FA1010057A101006DA10100ED9B01007B
:10B3600000000000B7A900000DAA000023AA0000F9
:10B37000D9A80100199C0100E59C0100D3AB010094
:10B3800011AC01003BAC0100113401005D3901003A
:10B3900083A10100A9A10100CDA10100F3A1010039
:10B3A0001C0500402005004000100200CCB3010045
:10B3B00008000020980100004411000000B40100C2
:10B3C000A0010020100E00008011000001150545AD
:10B3D000481000200519A40500203601000100884E
:10B3E0003720FB349B5F80041F8000100D9DCB092C
:10B3F0000020880900200E0A0020024810000000EA
:10C0000000000220357C03005D7C03005F7C0300A0
:10C01000617C0300637C0300657C0300000000007A
:10C02000000000000000000000000000677C03002A
:10C03000697C0300000000006B7C03006D7C030042
:10C040006F7C0300DDCD0200D57A0300997A0300EE
:10C05000AD7A03006F7C0300A5620300AD500300BE
:10C060004976030051760300597603006F7C030084
:10C070006F7C03006F7C03006F7C03006F7C030008
:10C080006F7C0300118603006F7C03006F7C03004C
:10C090006F7C03006F7C030035BD03006F7C0300E1
:10C0A0006F7C03006F7C03006176030069760300F8
:10C0B0006F7C03006F7C03000000000000000000A4
:10C0C0006F7C03006F7C03006F7C0300C17A030068
:10C0D0006F7C03006F7C03006F7C03006F7C0300A8
:10C0E000FD7A0300000000000000000000000000D6
:10C0F000000000006F7C030000000000E97A0300EC
:10C10000000000000000000000000000000000002F
:10C11000000000000000000000000000000000001F
:10C12000000000000000000000000000000000000F
:10C1300000000000000000000000000000000000FF
:10C1400000000000000000000000000000000000EF
:10C1500000000000000000000000000000000000DF
:10C1600000000000000000000000000000000000CF
:10C1700000000000000000000000000000000000BF
:10C1800000000000000000000000000000000000AF
:10C19000000000000000000000000000000000009F
:10C1A000000000000000000000000000000000008F
:10C1B000000000000000000000000000000000007F
:10C1C000000000000000000000000000000000006F
:10C1D000000000000000000000000000000000005F
:10C1E000000000000000000000000000000000004F
:10C1F000000000000000000000000000000000003F
:10C200002DE9F04F85B003910778A7F10903042BBE
:10C21000044607F07F0200F10100F5D9202AF3D08F
:10C220002B2F04BF677804462D2F75D09FED427BDE
:10C230008DED007B4FF000084FF000099FB34FF0E9
:10C24000000C25464FF0000ADFF8FCB0644619E008
:10C2500026F098F980468946304626F029F942466C
:10C260004B4625F0D9FF5246804689465B46DDE9BC
:10C2700000013CB326F0B0FACDE90001A44615F860
:10C28000017F7FB1A7F13006092E52465B4640463A
:10C290004946DDD9CCB92E2F17D115F8017F0124DD
:10C2A000002FEFD12C4642464B46DDE9000126F037
:10C2B00069F980468946039B404649461C6005B0A3
:10C2C000BDE8F08F4FF0010CD9E72C46BCF1000F10
:10C2D00029D042464B46DDE9000126F053F907F02C
:10C2E000DF07452F80468946E5D10399681C0A225D
:10C2F00025F060FF14490246002026F0A3FC024608
:10C300000B464046494626F03DF980468946404660
:10C31000494605B0BDE8F08F9FED097B67788DED4C
:10C32000007B013486E7DFF824904FF00008404698
:10C33000494605B0BDE8F08F000000000000F03F66
:10C34000000000000000F0BF000024400000F87F63
:10C350002DE9F0470023144600228046894626F046
:10C3600083FB28B109F1004399462D232370013442
:10C37000002200234046494626F06CFB28B13022BB
:10C38000002322706370BDE8F0874046494623F0E1
:10C3900049FC26F0A7FB73A3D3E9002307464946CF
:10C3A000404626F061FB00284ED170A3D3E900235C
:10C3B0004046494626F076FB002845D10E2F07F16E
:10C3C000010540F3B980A7F10E063246002062490C
:10C3D00026F038FC02460B464046494626F0FCF95A
:10C3E00000225E4B25F018FF26F068FC002DA7F117
:10C3F0000F0E4FF0010C4DDD594FDFF8788101220F
:10C4000045F6F3294FF02E0A494508BF40454FF045
:10C4100030030AD3B0EB080061EB0901494508BFBE
:10C42000404503F10103F5D2DBB2237050EA01036A
:10C4300004F101084AD1954252DD0132102A4FD051
:10C44000444677E90289DFE7002F33DB3A460020D4
:10C45000414926F0F7FB02460B464046494626F086
:10C46000BBF93BA3D3E9002380468946012500267A
:10C470004046494626F086F80022384B25F0CCFE8F
:10C4800026F01CFC002DBC464FF0FF3E37464FF017
:10C490000006B1DC234630224FF02E0803F8022BB1
:10C4A00084F80180FC4345D01C4403F8012BA342CF
:10C4B000FBD1A1E77A420020274926F0C3FB0246C0
:10C4C0000B464046494626F05DF8CAE7954202F120
:10C4D000010204BF84F801A004F10208102AAFD1C0
:10C4E0006EB14246302102F8011BC2F101037344D0
:10C4F0004344002BF7DC2EEAEE7301339844BCF181
:10C50000010F12D0BCF1000F4FF0650388F8003026
:10C51000C5BF2B2388F8013008F1010108F10201A1
:10C520006046BDE8F04711F0C7B8002388F8003036
:10C53000BDE8F0871C465FE7C7F10E020020064900
:10C5400026F080FB3E4602460B46012790E700BFDF
:10C550000000901EC4BCD642000024400000E03F12
:10C56000483904008DEDB5A0F7C6B03E50EFE2D6D5
:10C57000E41A4B4400407A1070B54FF0FF3005F0DC
:10C580008BFE04466FF07F4005F086FE064620468F
:10C5900025F07EFF00220C4B25F0F4FF04463046C8
:10C5A0000D4625F075FF06A3D3E9002326F014F904
:10C5B00002460B462046294625F02EFE70BD00BFE0
:10C5C0000000E0DFFFFF6F430000F03D00000000CF
:10C5D0002DE9F843036B044618680D4625F07AFFF1
:10C5E000064668680F4668B325F062FF23F01AFB21
:10C5F000236B95ED037AD3ED007A77EE677A804668
:10C60000894617EE900A25F065FF42464B4625F015
:10C61000B9FF10A3D3E9002326F0DEF83B463246EB
:10C6200025F0FAFD26F0A6FA07EE900AF5EEC07A9C
:10C63000F1EE10FA4FF0000354BFC4ED137AE36437
:10C64000BDE8F88300200249D0E700BFAFF30080C7
:10C650000000F03F333333333333FF3F000000003B
:10C660004389DA0700F10B822DE9F04F43F0010313
:10C670004FF080424381D2F80034BD4A9BB005465A
:10C680000B92002B00F0EA81136801331360002441
:10C69000092217A905F5D060CDE917448DF864404B
:10C6A0001BF0D4F805F1B8031E460A930EF010FCF7
:10C6B000214628460EF0ECFF3046AE4C11F0EAFA67
:10C6C00004F1F00654F8043F184613B11B681B68C8
:10C6D0009847A642F6D1284609F0D2FBA64B0A9EFF
:10C6E0000024CDE9133413AB93E8030010238DE845
:10C6F00003002246029340F2FD312B4630460EF0F5
:10C7000073FF9E4BCDE9153415AB93E80300C023AE
:10C710008DE80300029364222B4640F2FD3130463F
:10C720000EF062FF6889964BA0216022802640F4BB
:10C73000C040E024688183F8094383F80A13402449
:10C7400083F81A2383F81B2383F8071383F81C1339
:10C7500083F8216383F8222305F6540283F80163EA
:10C7600005F5F9601646079283F8024383F80643FD
:10C770000AF0E4F88349304614F0ECFB824907469E
:10C78000304614F0E7FB2B68804A5B6809909342BF
:10C7900040F07181642011F0B3FC0B9B4FF0000A54
:10C7A0001B68089305F10C0B0FF2B419D9E9008945
:10C7B00054465B465646A3469A46089B032B00F018
:10C7C000938005F6141014F0D9FA002840F0A280E6
:10C7D000002F00F0DD80FF233246214605F6B4002D
:10C7E00017F016FA2B685B681420684A934240F0F1
:10C7F0008D8011F085FC0134E4B2052C0BF1010BA6
:10C8000002D1731CDEB20024BBF1190F00F091803D
:10C81000002FD2D05B49079814F0D0FC384626F0A0
:10C82000E9FB099826F0E6FB0B9A0023136009F058
:10C8300071FB01460DA817F06DFD1AF0A1FF4246ED
:10C840004B46CDE9040126F0E5F90FA8114617F093
:10C850004DFD42464B46DDE9040126F0DBF9424638
:10C860004B4626F0D7F910AB1146184617F03EFD9F
:10C870003DA3D3E90023DDE9040126F0CBF901460D
:10C8800011A817F033FD10AA11A912A817F0D0FDB6
:10C890000FAA12A90EA817F0CBFD12A817F006FDDB
:10C8A00011A817F003FD10A817F000FD0FA817F04E
:10C8B000FDFC079A01230DA9CDE9002350460A9BF0
:10C8C0000EAA0DF015FF0EA817F0F0FC0DA817F03A
:10C8D000EDFC05F6141205F6A40150460DF0CEFC51
:10C8E000089B032B7FF46DAFBBF1180F25DCFF23F2
:10C8F0003246214605F6B40017F08AF92B68234A20
:10C900005B6893424FF00A003FF473AF014628463C
:10C91000984770E705F6381014F030FA00283FF415
:10C9200057AFBBF1180F7FF756AF002F7FF453AF0F
:10C9300005E0002F3FF472AF6CE7002FD7D1099BC1
:10C9400053B3FF233246214605F6B40017F060F9D1
:10C95000089A2B68032A14BF14200A205B6844E756
:10C9600000CA9A3B00000000000064A7B3B6E00DC7
:10C9700030200020A03A0020C9B10200B5B1020069
:10C9800000E100E0944B0400E44B040065B10200B8
:10C99000099B002B7FF41FAF09F0BCFA01460DA8DC
:10C9A00017F0B8FC1AF0ECFE39A3D3E900230646D1
:10C9B0000F4626F02FF90FA8114617F097FC34A365
:10C9C000D3E900233046394626F024F930A3D3E9D1
:10C9D000002326F01FF910A8114617F087FC2EA39C
:10C9E000D3E900233046394626F014F9014611A850
:10C9F00017F07CFC10AA11A912A817F019FD0FAAB4
:10CA000012A90EA817F014FD12A817F04FFC11A8D8
:10CA100017F04CFC10A817F049FC0FA817F046FCC3
:10CA20000024079B00930EAA0A9B01940DA950466F
:10CA30000DF05EFE0EA817F039FC0DA817F036FCBD
:10CA40000EF08CFB2B68104A5B6893420CD10A20D5
:10CA500011F056FB20461BB0BDE8F08F4FF47A7002
:10CA6000136011F0CBFE12E628460A2198472046B3
:10CA70001BB0BDE8F08F6421284698478DE6034837
:10CA8000704700BFAFF3008065B1020016FCFFFFE6
:10CA900000CA9A3B00000000000064A7B3B6E00D96
:10CAA0002DE9F04F2DED028B044683B0C06825F0D0
:10CAB000FFFC80462069894625F0FAFC82466069C1
:10CAC0008B4625F0F5FC024601F1004306460F4671
:10CAD0004046494622F05AFF26F04CF8E0620546EF
:10CAE00022F00CFE0190284622F0BCFD019B054679
:10CAF000184625F0EFFC42464B4625F043FD8046A4
:10CB00002846894625F0E6FC32463B4625F03AFDAC
:10CB100002460B464046494625F07CFB02460B4642
:10CB20005046594622F032FF26F024F8002208EE43
:10CB3000100A00233046394625F0B4FF28B3B5EE7D
:10CB4000C08AF1EE10FA1CDD11A7D7E9006718EED4
:10CB5000100A25F0BFFC02460B463046394625F048
:10CB600059FB32463B4625F057FB26F003F8A062FE
:10CB7000E38843F00203E38003B0BDEC028BBDE821
:10CB8000F08F05A7D7E90067E1E784ED0A8AEFE7B0
:10CB9000EA2E4454FB21F93FEA2E4454FB21F9BF0D
:10CBA00008B512F041F8DFED0C7A07EE100A67EED7
:10CBB000277A17EE900A25F08DFC05A3D3E9002310
:10CBC00025F00AFE25F08EFF08BD00BFAFF3008000
:10CBD000EA2E4454FB2119400000B4430000000039
:10CBE00008B512F02FF8DFED0C7A07EE100A67EEA9
:10CBF000277A17EE900A25F06DFC05A3D3E90023F0
:10CC000025F0EAFD25F06EFF08BD00BFAFF3008000
:10CC1000EA2E4454FB2119400000B44300000000F8
:10CC200070B52DED068B044684B0406CDFED34AA60
:10CC300012F008F80646606C11F0F6FF0222214659
:10CC4000054601A812F01EF9DDED027AB8EEE78A7A
:10CC5000DDED037A3046B8EEE79A22F04FFD0AEE9A
:10CC6000100A304622F0FEFC09EE900A284622F017
:10CC700045FD08EE900A284622F0F4FC68EE287A7A
:10CC80009DED017A06EE900AB8EEC77A67EE8A7AD1
:10CC900029EEC88AE7EE267A69EE288AA9EE0A8A82
:10CCA000E8EEA97A18EE101A17EE900A23F0FEF8B3
:10CCB00007EE900A67EEAA7A17EE900A25F00AFCB2
:10CCC0000DA3D3E9002325F087FD25F053FFDFED09
:10CCD0000D7A07EE100A77EEC77AF5EEC07AF1EE1C
:10CCE00010FA48BF77EEAA7AFDEEE77A17EE900ABF
:10CCF00004B0BDEC068B70BDEA2E4454FB211940F4
:10CD00000000B4430000B44200B585B001220146E2
:10CD100001A812F0B7F8DDED027AF8EEE77A17EE27
:10CD2000901ADDED017AF8EEE77A17EE900A23F01B
:10CD3000BDF8DFED137A07EE100A67EE277A17EEDB
:10CD4000900A25F0C7FB0CA3D3E9002325F044FD8E
:10CD500025F010FF07EE900AF5EEC07AF1EE10FA1A
:10CD600044BF9FED087A77EE877AFDEEE77A17EEFB
:10CD7000900A05B05DF804FBEA2E4454FB210940FB
:10CD8000000034430000B443494A21F00043934279
:10CD90002DE9704304460D4649DC464A93420E464F
:10CDA0000EDC3FA3D3E9002325F036FA0022424BE4
:10CDB00025F078FE00284AD020462946BDE8708339
:10CDC0003E4A934239DCB3F1804F40DD22F038FB1C
:10CDD0002246804689462B462046294625F0D2FB2E
:10CDE0000022354B25F018FA23F0D8FB42464B467B
:10CDF00025F012FA02460B4600202F4925F0ECFCE4
:10CE0000424604460D464B464046494625F004FA44
:10CE100002460B462046294625F0FEF901F0A0FE09
:10CE2000002E08DC01F100431946BDE8708302467C
:10CE30000B4625F0F1F9BDE8708322F001FB01F00B
:10CE40008FFE19A3D3E9002325F0E6F9E8E722468F
:10CE50002B462046294625F095FB804689462046EC
:10CE6000294622F0EDFA002204460D46124B4046B8
:10CE7000494625F0D1F923F091FB00220E4B25F015
:10CE8000CBF902460B464046494625F0A5FC224612
:10CE90002B4625F0C1F900F0A7FAC1E7AFF30080F7
:10CEA0009C7500883CE4377EEF39FAFE422EE63F5F
:10CEB000FFFFEF7FFFFF2F3E0000F03F0000B0417B
:10CEC0002DE9F84FBE4B21F000469E4204460D4628
:10CED0008A460EDDBB4B9E4200F3B18000F0AC8071
:10CEE000BAF1000F40F3EA8099A1D1E90001BDE851
:10CEF000F88FB54B9E4200F3BA80A3F1DE739E42D9
:10CF000040F3A5804FF0FF3B22462B4620462946A2
:10CF100025F038FB02460B468046894625F032FB59
:10CF20008DA3D3E9002306460F4625F02BFB8CA3E7
:10CF3000D3E9002325F070F932463B4625F022FB69
:10CF400089A3D3E9002325F067F932463B4625F053
:10CF500019FB87A3D3E9002325F05EF932463B464F
:10CF600025F010FB84A3D3E9002325F055F93246C0
:10CF70003B4625F007FB82A3D3E9002325F04CF9BB
:10CF800042464B4625F0FEFA7FA3D3E900238046B4
:10CF900089463046394625F0F5FA7DA3D3E90023CA
:10CFA00025F038F932463B4625F0ECFA7AA3D3E96E
:10CFB000002325F02FF932463B4625F0E3FA78A30B
:10CFC000D3E9002325F026F932463B4625F0DAFA6C
:10CFD00075A3D3E9002325F01DF932463B4625F021
:10CFE000D1FA02460B464046494625F015F922463D
:10CFF0002B4625F0C7FABBF1FF3F02460B4661D036
:10D00000724B734E4FEACB0B5B44D3E9002325F000
:10D0100001F922462B4625F0FDF8B34402460B46A3
:10D02000DBE9000125F0F6F8BAF1000F0DDA01F1A5
:10D0300000431946BDE8F88F00283FF451AF22465F
:10D040002B462046294625F0E7F8BDE8F88F58A37F
:10D05000D3E9002325F0E0F800225E4B25F022FD05
:10D0600000283FF44FAF20462946BDE8F88F22F054
:10D07000E7F9594B9E4204460D4629DCA3F550239F
:10D080009E424EDC02460B4625F0C6F80022514B6C
:10D0900025F0C0F8002206460F464FF08043204698
:10D0A000294625F0B9F802460B463046394625F0A8
:10D0B00093FB4FF0000B04460D4625E73EA1D1E956
:10D0C0000001C2E72046294625F0A4F8BDE8F88F04
:10D0D000424B9E421ADC0022414B25F09BF8002275
:10D0E00006460F463E4B2046294625F04BFA0022C5
:10D0F000384B25F091F802460B463046394625F06C
:10D100006BFB4FF0020B04460D46FDE602460B4654
:10D110000020344925F060FB4FF0030B04460D4618
:10D12000F2E600222B4B25F075F8002206460F464A
:10D13000284B2046294625F06FF802460B4630461C
:10D14000394625F049FB4FF0010B04460D46DBE65E
:10D15000182D4454FB21F93F11DA22E33AAD903FF8
:10D16000EB0D76244B7BA93F513DD0A0660DB13F1E
:10D170006E204CC5CD45B73FFF8300922449C23F86
:10D180000D5555555555D53F2F6C6A2C44B4A2BF4B
:10D190009AFDDE522DDEAD3F6D9A74AFF2B0B33F13
:10D1A000711623FEC671BC3FC4EB98999999C93F8B
:10D1B0009C7500883CE4377E182D4454FB21F9BF50
:10D1C000FFFF0F440000F07FFFFFDB3F70390400DA
:10D1D000503904000000F03FFFFFF23FFF7F0340A3
:10D1E0000000F83F0000F0BF2DE9F041C1F30A57FD
:10D1F000A7F2FF35132D02460B460C46884606461D
:10D2000020DC002D4ADB364F2F4101EA070C5CEA97
:10D21000000C1CD030A3D3E9002324F0FDFF002232
:10D22000002325F03FFC48B1002C04DD4FF48013AF
:10D2300043FA05F5A84428EA0704002621463046AB
:10D24000BDE8F081332D06DDB5F5806F38D010468E
:10D250001946BDE8F081A7F213474FF0FF3C2CFAC6
:10D2600007F70742F3D01CA3D3E9002324F0D4FF2F
:10D270000022002325F016FC0028DFD0002C09DD59
:10D28000142D22D00123C5F1340503FA05F5AE199A
:10D2900028BF984426EA07064446CFE70EA3D3E901
:10D2A000002324F0B9FF0022002325F0FBFB002817
:10D2B000C4D0002C0CDB264305D00026094CBDE76A
:10D2C00024F0AAFFC5E73446B8E704F10108E1E716
:10D2D00000264FF00044B1E79C7500883CE4377E9F
:10D2E000FFFF0F000000F03F2DE9F041C1F30A57A6
:10D2F000A7F2FF35132D02460B460C46884606461C
:10D300001DDC002D3CDB364F2F4101EA070C5CEAA7
:10D31000000C19D030A3D3E9002324F07DFF0022B4
:10D32000002325F0BFFBC8B3002C04DA4FF48013B0
:10D3300043FA05F5A84428EA070400262EE0332D19
:10D3400006DDB5F5806F2DD010461946BDE8F08199
:10D35000A7F213474FF0FF3C2CFA07F70742F3D030
:10D360001DA3D3E9002324F057FF0022002325F05A
:10D3700099FB98B1002C21DB26EA070644460DE014
:10D3800015A3D3E9002324F047FF0022002325F052
:10D3900089FB18B1002C08DB0026344621463046B4
:10D3A000BDE8F08124F038FFD0E724F000430D4AB7
:10D3B0001E43002E18BF14460026EFE7142D08D098
:10D3C0000123C5F1340503FA05F5AE1928BF9844C9
:10D3D000D2E704F10108CFE79C7500883CE4377E72
:10D3E000FFFF0F000000F0BF2DE9F04FD84B99422E
:10D3F00087B08046894643DDD64B99420E4600F3FE
:10D40000F480D54B994240F32D819FEDBB7B8DED90
:10D41000047B4FEA215A0446AAF2FF3ACF4BC6F3E7
:10D4200013069E4246F07F5500F3128145F44015E5
:10D43000204629460022CA4B24F0ECFE0022044676
:10D440000D46C84B25F09EF822462B4625F09AF84B
:10D45000A046CDE90201A946CDE90001002E3AD14E
:10D46000002200232046294625F0F4FA002800F087
:10D470001B81BAF1000F40F0858100200021B8E047
:10D48000B94B21F000449C420A460FDD0022B74B05
:10D4900025F0E0FA002800F0AF80002200230020F1
:10D4A000B34925F099F907B0BDE8F08FB14B9C4224
:10D4B00040F3AF80B04B1A449A4240F2D38000222E
:10D4C000A84B25F05FF842464B4625F05BF8CDE9C6
:10D4D00000014FF0000A00224FF0804340464946C9
:10D4E00024F09AFE02460B464046494625F074F960
:10D4F00002460B4606460F4625F044F880A3D3E9C2
:10D50000002304460D4625F03DF87FA3D3E9002310
:10D5100024F082FE22462B4625F034F87CA3D3E982
:10D52000002324F079FE22462B4625F02BF87AA31F
:10D53000D3E9002324F070FE22462B4625F022F882
:10D5400077A3D3E9002324F067FE22462B4625F07B
:10D5500019F875A3D3E9002324F05EFE22462B467A
:10D5600025F010F872A3D3E9002324F055FE2246DB
:10D570002B4625F007F8DDE9002324F04DFE324666
:10D580003B4624F0FFFF04460D46BAF1000F00F0C1
:10D59000A880504624F08CFF67A3D3E9002382467D
:10D5A0008B4624F0EFFF66A3D3E9002306460F461F
:10D5B0005046594624F0E6FFDDE9042324F02CFE12
:10D5C00022462B4624F028FE02460B46DDE90001E8
:10D5D00024F020FE42464B4624F01CFE02460B4639
:10D5E0003046394624F016FE03E002460B4624F08E
:10D5F00013FE07B0BDE8F08F42464B464046494611
:10D6000024F008FE02460B4625F0E6F807B0BDE818
:10D61000F08F0022594B24F0FFFD0022002325F05B
:10D6200041FA10B1564B9C4262DD42464B464046A1
:10D63000494624F0A7FF00224A4B24F0A3FF0246EC
:10D640000B464046494624F0E5FD07B0BDE8F08FA3
:10D6500045F40015C6F5801620462946B6100AF195
:10D66000010AE7E600223E4B4046494624F0D4FD3D
:10D670004FEA215AAAF2FF3ABAF1000F04460D46CA
:10D680000E4640F3BD8042464B4624F0C3FD0246A1
:10D690000B460020324924F0BDFD22462B4625F0E2
:10D6A0009BF8CDE90401B9E627A3D3E9002320467E
:10D6B000294624F067FF02460B460020284924F043
:10D6C000A9FDDDE9022324F05DFF06460F46BAF10D
:10D6D000000F75D102460B462046294624F09AFDDC
:10D6E00087E702460B46DDE9000124F093FDA6E73B
:10D6F000404649467DE700BF0000000000000000F2
:10D7000044523EDF12F1C23F9FC678D0099AC33F10
:10D71000DE03CB966446C73FAF788E1DC571CC3F04
:10D72000599322942449D23F04FA97999999D93F61
:10D73000935555555555E53F0000E0FE422EE63F16
:10D74000763C7935EF39EA3D555555555555E53F08
:10D750007982DA3FFFFFEF7FFFFF3F439DA0060086
:10D760000000F03F0000E03FFFFFEF3F0000F0BF90
:10D77000000050C3FFFF1F3E3C412D4000005043BE
:10D78000FFFF8F3C504624F093FE24A3D3E90023EF
:10D7900006460F4624F0F6FEDDE9042324F03CFDA6
:10D7A00020A3D3E9002304460D463046394624F031
:10D7B000E9FE02460B462046294624F02DFD18E7D7
:10D7C000504624F075FE17A3D3E9002382468B460A
:10D7D00024F0D8FE11A3D3E90023804689465046A1
:10D7E000594624F0CFFEDDE9042324F015FD02465E
:10D7F0000B463046394624F00DFD22462B4674E791
:10D800000022054B24F006FD02460B4640464946E1
:10D8100024F000FD41E700BF0000F03F763C793581
:10D82000EF39EA3D0000E0FE422EE63F0000000036
:10D8300008B522F079F904A3D3E9002324F0CCFF42
:10D8400008BD00BFAFF30080EF39FAFE422EE63F7D
:10D850002DE9F043DFF8B4808BB004460D4600F0AC
:10D8600057FF98F90030013306460F462CD0224668
:10D870002B462046294625F01FF9814620BB20462D
:10D88000294621F0DDFD1FA3D3E9002325F00AF985
:10D89000D0B1194A98F90030CDF820900321CDE994
:10D8A0000445CDE90245CDE9001293B113490020AA
:10D8B000022BCDE9060111D124F024FC22230360C0
:10D8C000089B9BB9DDE90667304639460BB0BDE8D9
:10D8D000F0830B4B4FF06042CDE90623684624F0FD
:10D8E000BDF80028E8D0089B002BEBD024F00AFC00
:10D8F000089B0360E6E700BF585F04000000F07F6C
:10D90000FFFFEF477DF8B98FCE33864032230020EA
:10D910002DE9F043DFF8E4808BB004460D4600F0BB
:10D92000A7FF98F90030013306460F4633D0204652
:10D93000294624F08DF870B32CA3D3E900232046A8
:10D94000294625F0AFF8814650BB2AA3D3E900232E
:10D950002046294625F088F8E8B198F90030204A99
:10D96000CDF82090002000210426022BCDE90445AB
:10D97000CDE902450096CDE90601019229D068461D
:10D9800024F06CF828B3089B1BB124F0BBFB089B68
:10D990000360DDE90667304639460BB0BDE8F08329
:10D9A0000F4A98F90030019203210022CDE9044585
:10D9B000CDE90245009108922BB90A4B4FF0604225
:10D9C000CDE90623DBE708490020022BCDE906015B
:10D9D000D5D124F097FB22230360D4E7AFF3008076
:10D9E000605F0400FFFFEF470000F07FEF39FAFEB1
:10D9F000422E864051302DD5104987C03223002059
:10DA00002DE9F84FC44E21F00043B34204460D46C1
:10DA10000DDD03F1404303F58013034340F0B9806B
:10DA2000002940F3408100200021BDE8F88FBB4E63
:10DA3000B34208DCBA4A934200F3B5809CA1D1E915
:10DA40000001BDE8F88F0029C0F2708102460B4644
:10DA50000020B44924F0DEFB0022B34B24F092FDF9
:10DA600004460D4622F09AFD93A3D3E9002389468C
:10DA700080462946204624F085FD91A3D3E9002362
:10DA800024F0CAFB22462B4624F07CFD8EA3D3E96A
:10DA9000002324F0BFFB22462B4624F073FD8CA309
:10DAA000D3E9002324F0B8FB22462B4624F06AFD7C
:10DAB00089A3D3E9002324F0ADFB22462B4624F0B2
:10DAC00061FD87A3D3E9002324F0A6FB22462B4661
:10DAD00024F058FD84A3D3E9002382468B462046D8
:10DAE000294624F04FFD82A3D3E9002324F092FBC2
:10DAF00022462B4624F046FD7FA3D3E9002324F0E1
:10DB00008BFB22462B4624F03DFD7DA3D3E9002369
:10DB100024F080FB22462B4624F034FD0022814B6A
:10DB200024F07AFB02460B465046594624F054FE38
:10DB300042464B4624F026FD002682468B4632465E
:10DB40004B463046494624F01DFD02460B46204612
:10DB5000294624F05FFB324604460D464B464046BC
:10DB6000494624F059FB02460B462046294624F03C
:10DB700033FE02460B465046594624F04DFB3246D2
:10DB80004B4624F049FB02460B4624F045FBBDE81A
:10DB9000F88F02460B4624F03DFB02460B4624F06C
:10DBA0001BFEBDE8F88F02460B4624F0EBFC42A3B7
:10DBB000D3E9002306460F4624F0E4FC40A3D3E952
:10DBC000002324F029FB32463B4624F0DBFC3EA335
:10DBD000D3E9002324F01EFB32463B4624F0D2FC5E
:10DBE0003BA3D3E9002324F017FB32463B4624F045
:10DBF000C9FC39A3D3E9002324F00CFB32463B4691
:10DC000024F0C0FC36A3D3E9002324F005FB324600
:10DC10003B4624F0B7FC34A3D3E900238046894671
:10DC20003046394624F0AEFC31A3D3E9002324F07A
:10DC3000F1FA32463B4624F0A5FC2FA3D3E900239A
:10DC400024F0EAFA32463B4624F09CFC2CA3D3E9AC
:10DC5000002324F0DFFA32463B4624F093FC0022F6
:10DC6000304B24F0D9FA02460B464046494624F090
:10DC7000B3FD22462B4624F085FC02460B4622A12A
:10DC8000D1E9000124F0C6FA02460B462046294697
:10DC900024F0C0FA02460B4605A1D1E9000124F0A8
:10DCA000B9FABDE8F88F1AA1D1E9000179E700BF00
:10DCB000182D4454FB21F93F09F7FD0DE13D023FCA
:10DCC00088B20175E0EF493F3B8F68B52882A43FD9
:10DCD0005544880E55C1C93F7D6FEB0312D6D43F22
:10DCE000555555555555C53F82922EB1C5B8B33FD0
:10DCF00059018D1B6C06E63FC88A599CE52A0040F5
:10DD00004B2D8A1C273A0340075C143326A6913C0E
:10DD1000182D4454FB210940FFFFEF3FFFFFDF3F79
:10DD20000000603C0000F03F0000E03F00225C4B40
:10DD300024F072FA00225B4B24F024FC40A3D3E9C8
:10DD4000002304460D4624F01DFC3FA3D3E9002325
:10DD500024F062FA22462B4624F014FC3CA3D3E9BB
:10DD6000002324F057FA22462B4624F00BFC3AA35A
:10DD7000D3E9002324F050FA22462B4624F002FC7B
:10DD800037A3D3E9002324F045FA22462B4624F09A
:10DD9000F9FB35A3D3E9002324F03EFA22462B46B3
:10DDA00024F0F0FB804689462046294622F0F6FB07
:10DDB0002FA3D3E9002306460F462046294624F028
:10DDC000E1FB2DA3D3E9002324F024FA22462B46BD
:10DDD00024F0D8FB2AA3D3E9002324F01DFA22461D
:10DDE0002B4624F0CFFB28A3D3E9002324F012FA1A
:10DDF00022462B4624F0C6FB0022294B24F00CFAC5
:10DE000002460B464046494624F0E6FC32463B4675
:10DE100024F0B8FB1EA3D3E9002324F0FBF932461B
:10DE20003B4624F0F9F902460B4624F0F5F9024688
:10DE30000B4619A1D1E9000124F0ECF9B1E600BFCD
:10DE400009F7FD0DE13D023F88B20175E0EF493F62
:10DE50003B8F68B52882A43F5544880E55C1C93F01
:10DE60007D6FEB0312D6D43F555555555555C53FDB
:10DE700082922EB1C5B8B33F59018D1B6C06E63FA7
:10DE8000C88A599CE52A00404B2D8A1C273A03403A
:10DE9000075C143326A6913C182D4454FB210940FD
:10DEA0000000F03F0000E03F414A91422DE9F84375
:10DEB00004460D4637DD3F4A91420B4608DD02F12C
:10DEC000795291423DDD024624F0A6F9BDE8F8837F
:10DED00001F1404202F5801202432ED0B1F1804F91
:10DEE00037DC0022344B24F095F902460B460446F9
:10DEF0000D4624F091F9224606460F462B46204651
:10DF0000294624F03FFB02460B463046394624F0B2
:10DF100083F922F043FB22462B4624F07DF9BDE82D
:10DF2000F843FFF761BA02460B4624F073F9024644
:10DF30000B4624F051FCBDE8F88300200021BDE829
:10DF4000F88300F00DFE18A3D3E9002324F064F950
:10DF5000F1E7024624F016FB0022174B24F05AF991
:10DF600022F01CFB2246804689462B462046294645
:10DF700024F052F9224606460F462B4640464946B3
:10DF800024F04AF902460B4600200B4924F024FCF9
:10DF90000B4602463946304624F03CF9BDE8F843CA
:10DFA00000F0DEBDAFF30080EF39FAFE422EE63F0F
:10DFB000FFFFEF3FFFFFAF410000F03F0000000018
:10DFC0002DE9F04FAE4B21F000479F4287B0044649
:10DFD0000D4611DD07F1404707F5801703463B4327
:10DFE00021D002460B4624F015F902460B4624F0D8
:10DFF000F3FB07B0BDE8F08FA24B9F420E4629DC31
:10E00000B7F1795F80F2468181A3D3E9002324F040
:10E0100003F900229C4B24F045FDD8B12046294647
:10E0200007B0BDE8F08F7CA3D3E9002324F0AAFA5F
:10E030007BA3D3E9002306460F462046294624F059
:10E04000A1FA02460B463046394624F0E5F807B0FF
:10E05000BDE8F08F2046294621F0F2F902460B4632
:10E060000020894924F0D6F80022884B24F08AFA4F
:10E070006DA3D3E9002304460D4624F083FA6CA374
:10E08000D3E9002324F0C8F822462B4624F07AFA7C
:10E0900069A3D3E9002324F0BDF822462B4624F0DF
:10E0A00071FA67A3D3E9002324F0B6F822462B4681
:10E0B00024F068FA64A3D3E9002324F0ABF82246E5
:10E0C0002B4624F05FFA62A3D3E9002324F0A4F8DE
:10E0D00022462B4624F056FA5FA3D3E90023CDE96C
:10E0E00000012046294624F04DFA5DA3D3E9002320
:10E0F00024F090F822462B4624F044FA5AA3D3E9A0
:10E10000002324F089F822462B4624F03BFA58A33A
:10E11000D3E9002324F07EF822462B4624F032FA7D
:10E12000594B002224F078F882468B462046294637
:10E13000CDE902AB22F032FA554B9F428046894628
:10E1400000F3198102460B4624F066F8DDE902234C
:10E15000CDE90401DDE9000124F03EFB02460B4657
:10E16000DDE9040124F00EFA4FF0000ACDE90001C8
:10E1700052464B465046494624F004FA02460B46A6
:10E180002046294624F046F8524604460D464B46A2
:10E190004046494624F040F802460B4620462946B0
:10E1A00024F01AFB02460B4624F036F802460B46D2
:10E1B0001BA1D1E9000124F02DF802460B46DDE950
:10E1C000000124F027F8524604460D464B465046BF
:10E1D000494624F021F802460B4627A1D1E9000167
:10E1E00024F018F802460B462046294624F012F87F
:10E1F00002460B4620A1D1E9000124F00BF8002EC5
:10E200003FF7F7AE01F100431946F2E6AFF30080A5
:10E210009C7500883CE4377E182D4454FB21F93F5F
:10E22000075C143326A6913C09F7FD0DE13D023F42
:10E2300088B20175E0EF493F3B8F68B52882A43F63
:10E240005544880E55C1C93F7D6FEB0312D6D43FAC
:10E25000555555555555C53F82922EB1C5B8B33F5A
:10E2600059018D1B6C06E63FC88A599CE52A00407F
:10E270004B2D8A1C273A0340182D4454FB21E93FBB
:10E28000FFFFEF3FFFFFDF3F0000F03F0000E03FF8
:10E290003233EF3F02460B4624F074F94BA3D3E927
:10E2A000002306460F4624F06DF94AA3D3E9002364
:10E2B00023F0B2FF32463B4624F064F947A3D3E98A
:10E2C000002323F0A7FF32463B4624F05BF945A329
:10E2D000D3E9002323F0A0FF32463B4624F052F955
:10E2E00042A3D3E9002323F095FF32463B4624F0B6
:10E2F00049F940A3D3E9002323F08EFF32463B4681
:10E3000024F040F93DA3D3E90023804689463046F6
:10E31000394624F037F93BA3D3E9002323F07AFFF1
:10E3200032463B4624F02EF938A3D3E9002323F0EC
:10E3300073FF32463B4624F025F936A3D3E9002388
:10E3400023F068FF32463B4624F01CF900221E4BA6
:10E3500023F062FF02460B464046494624F03CFA51
:10E3600022462B4624F00EF922462B4623F054FF7A
:10E3700007B0BDE8F08F52465B46DDE9000124F0AE
:10E380002BFA42464B4624F0FDF842464B4623F01A
:10E3900043FF02460B4623F03FFF07A3D3E90023C8
:10E3A00023F038FF02460B4605A1D1E9000123F016
:10E3B00031FF24E7AFF30080075C143326A6913CBD
:10E3C000182D4454FB21F93F0000F03F09F7FD0DE3
:10E3D000E13D023F88B20175E0EF493F3B8F68B5F0
:10E3E0002882A43F5544880E55C1C93F7D6FEB0379
:10E3F00012D6D43F555555555555C53F82922EB12D
:10E40000C5B8B33F59018D1B6C06E63FC88A599CBD
:10E41000E52A00404B2D8A1C273A034000000000EB
:10E420002DE9F84F1D465342134325F00049DFF80C
:10E43000C8C149EAD3736345144606460F4626D839
:10E44000C0F1000848EA000821F0004A4AEAD878FA
:10E45000E04503468B461AD805F1404808F5801878
:10E4600058EA0208AE4643D04FEAA57808F0020801
:10E470005AEA030348EAD17811D1B8F1020F55D016
:10E48000B8F1030F09D14AA1D1E9000105E03246F4
:10E490003B462046294623F0BFFEBDE8F88F59EAE7
:10E4A000020329D0E1452ED0E24525D0AAEB090987
:10E4B0004FEA2959B9F13C0F3CDC002D3EDA19F145
:10E4C0003C0F3BDA00200021B8F1010F4ED0B8F12B
:10E4D000020F3ED0B8F1000FDFD037A3D3E90023FD
:10E4E00023F098FE36A3D3E9002323F093FED4E76C
:10E4F000BDE8F84FFEF7E4BCBBF1000F12DB32A120
:10E50000D1E90001C9E7CA4534D0B8F1020F0DD0F6
:10E51000B8F1030FB7D0B8F1010F4FF0000036D0BB
:10E520000021BAE72AA1D1E90001B6E724A1D1E987
:10E530000001B2E724A1D1E90001C5E722462B463C
:10E540003046394624F048F920F07AFFFEF7B8FC4F
:10E55000BAE719A3D3E9002323F05CFE02460B4679
:10E5600017A1D1E9000123F055FE96E701F1004320
:10E57000194692E7B8F1020F14D0B8F1030F0DD08D
:10E58000B8F1010F06D014A1D1E9000185E74FF0E1
:10E59000004182E712A1D1E900017EE712A1D1E991
:10E5A00000017AE712A1D1E9000176E7AFF300801C
:10E5B000182D4454FB2109C0075C143326A6A13C46
:10E5C000182D4454FB210940182D4454FB21F93FD8
:10E5D000182D4454FB21F9BF182D4454FB21E93F69
:10E5E000182D4454FB21E9BFD221337F7CD902C0CE
:10E5F000D221337F7CD902400000F07F0000000070
:10E6000043422DE9F047034321F000463C4A46EAE5
:10E61000D373934204460D462AD8964240D0394BD4
:10E620009E428A462EDD384B9E4235463FDD3346BC
:10E630000246314623F0F0FD224606460F462B46A1
:10E6400000202F4923F0E6FD02460B4630463946AE
:10E6500024F0C2F8FEF7C8FE00222C4B23F092FFF4
:10E66000BAF1000F0CDA01F100431946BDE8F0875A
:10E6700002460B4623F0CEFD02460B4624F0ACF8D2
:10E68000BDE8F0871CA3D3E9002323F0C5FD0022D9
:10E69000002324F007FA48B120462946BDE8F08758
:10E6A0000022002324F098F8BDE8F0873546224682
:10E6B0002B462046294623F0AFFD22462B46064630
:10E6C0000F4623F05FFF2246804689462B460020F6
:10E6D0000B4923F09FFD02460B464046494624F075
:10E6E0007BF832463B4623F097FDFEF77DFE002285
:10E6F000064B23F047FFB3E79C7500883CE4377E68
:10E700000000F03FFFFF2F3EFFFFDF3F0000E03F34
:10E710002DE9F8434E4B21F000449C4206460F463B
:10E720001BDC4C4B9C4222DD4B4B9C4254DD4B4B43
:10E730009C4246DD4A4B9C426FDD01339C4269D0CE
:10E7400041A3D3E900231046194623F01BFF0646D8
:10E750000F4630463946BDE8F88302460B4623F0A3
:10E7600011FF06460F4630463946BDE8F88320F0D3
:10E7700067FE01F0F9FE00223A4B8046894623F0FD
:10E780004BFDB4F1725F06460F46ECDB42464B464A
:10E790004046494623F0F6FE32463B4604460D46C7
:10E7A0003046394623F038FD02460B4620462946BE
:10E7B00024F012F800222B4B23F02EFD06460F46C4
:10E7C000D1E720F03DFE00F053F80022264B23F065
:10E7D000D9FE06460F46C6E720F032FE00F048F8A4
:10E7E0000022214B06460F4623F0CCFE324604465B
:10E7F0000D463B4600201C4923F0EEFF02460B4627
:10E800002046294623F008FD06460F463046394685
:10E81000BDE8F883154B984292D83046394620F02F
:10E820000FFE0022104B23F0ADFE00F021F8002275
:10E8300004460D460C4B23F0A5FE22462B4623F042
:10E84000A1FE06460F468EE79C7500883CE4377EA5
:10E85000FFFFEF7F422ED63FFFFF3540412E86401F
:10E86000CD3386400000F03F0000E03F7DF8B98FD7
:10E870002DE9F047B04F21F00042BA4284B004467F
:10E880000D464FEAD17610D9AC4FBA4240F28A8099
:10E89000C1F313030343024640F0F180002E7ED003
:10E8A0000020002104B0BDE8F087A54B9A4200F299
:10E8B000B680A44B9A4240F2D1804FF0000A224623
:10E8C0002B462046294623F05DFE85A3D3E900238D
:10E8D00006460F4623F056FE83A3D3E9002323F018
:10E8E00099FC32463B4623F04DFE81A3D3E9002339
:10E8F00023F092FC32463B4623F044FE7EA3D3E94C
:10E90000002323F087FC32463B4623F03BFE7CA3EA
:10E91000D3E9002323F080FC32463B4623F032FE4D
:10E9200002460B462046294623F074FC02460B465D
:10E9300006460F462046294623F024FE8046894697
:10E94000BAF1000F00F0AB8032463B4600204FF09A
:10E95000804123F05FFC02460B464046494623F0C7
:10E960003BFF02460B46DDE9020123F053FCDDE9E3
:10E97000002323F04FFC0B4602467349002023F08E
:10E9800049FC6FF47F739A4580F2A3800AF57A7A86
:10E9900001EB0A5100224FF0B87323F0F3FD04B0ED
:10E9A000BDE8F08758A3D3E9002324F07BF80028C2
:10E9B0006BD157A3D3E900232046294624F054F80D
:10E9C00000287FF46DAF614953A3D3E9002301EB25
:10E9D000C6062046294623F0D5FDD6E9002323F0BC
:10E9E0001BFC24F07FF8824623F062FD4CA3D3E9A0
:10E9F000002306460F4623F0C5FD02460B4620467F
:10EA0000294623F007FC48A3D3E90023CDE9000100
:10EA10003046394623F0B6FDCDE9020115E04C4BF6
:10EA20009A42D0D84B4BF4002344D3E9002323F07F
:10EA3000F1FB494B234493ED007BCDE900018DEDC3
:10EA4000027BC6F1010AAAEB060ADDE90223DDE931
:10EA5000000123F0DFFB04460D4630E734A3D3E981
:10EA6000002323F0D9FB0022374B24F01BF8A8B376
:10EA7000204629460022344B23F0CEFB8FE70B467D
:10EA800023F0CAFB04B0BDE8F08729A3D3E9002333
:10EA90001046194623F076FD04B0BDE8F0873046F5
:10EAA000394600224FF0804323F0B4FB02460B4668
:10EAB0004046494623F090FE22462B4623F0AAFB0F
:10EAC00002460B460020204923F0A4FB04B0BDE819
:10EAD000F08701EB0A5104B0BDE8F0878246EEE60C
:10EAE000D0A4BE726937663EF16BD2C541BDBB3E54
:10EAF0002CDE25AF6A56113F93BDBE166CC1663F32
:10EB00003E5555555555C53FEF39FAFE422E8640C4
:10EB100051302DD5104987C0FE822B654715F73F30
:10EB20000000E0FE422EE63F763C7935EF39EA3DC3
:10EB30009C7500883CE4377E412E8640FFFFEF7FC6
:10EB4000422ED63FFFFF2F3E0000F03F90390400D9
:10EB5000B1A2F03FA0390400B03904000000000069
:10EB60002DE9F04FB1F5801F85B006460F460B46E4
:10EB700080F2D08021F00042024300F0DA800029C8
:10EB8000C0F2E9800022D64B23F0FCFCD54A0B46AC
:10EB9000934206460F466FF0350E00F3C180C3F373
:10EBA000130505F5152C0CF6647C0CF4801C8CF018
:10EBB0007F5282F440121C1542EA0507A4F2FF348A
:10EBC00074440022C84B3046394604EB1C5423F0F1
:10EBD00021FBAB1CC3F31303022B82468B464FF081
:10EBE000000240F3AF804FF0804323F015FB024654
:10EBF0000B465046594623F0EFFD064620460F4689
:10EC000023F056FC3246CDE902013B4630463946F8
:10EC1000CDE9006723F0B6FC02460B4680468946E4
:10EC200023F0B0FC9AA3D3E9002306460F4623F055
:10EC3000A9FC99A3D3E9002323F0EEFA32463B4620
:10EC400023F0A0FC96A3D3E9002323F0E5FA324693
:10EC50003B4623F097FC94A3D3E9002323F0DCFA8E
:10EC600042464B4623F08EFC91A3D3E90023804615
:10EC700089463046394623F085FC8FA3D3E900232B
:10EC800023F0CAFA32463B4623F07CFC8CA3D3E93E
:10EC9000002323F0C1FA32463B4623F073FC0B46B7
:10ECA00002464946404623F0B7FAA5F5C223C5F50A
:10ECB000D725A3F27A4351351D43002D06460F4652
:10ECC00040F387800022894B5046594623F05AFC76
:10ECD00052465B4623F056FC02460B468046894668
:10ECE0003046394623F098FADDE9002323F04AFC48
:10ECF00006460F46002C40F0818002460B464046F7
:10ED0000494623F087FA02460B465046594623F0FF
:10ED100081FA0BE0734A93424FF0000E7FF73FAF4A
:10ED200032463B463046394623F076FA05B0BDE818
:10ED3000F08F0022002300206D4923F04DFD05B027
:10ED4000BDE8F08F002323F085FE60B1002C7CD15C
:10ED500000200021EAE7024623F05CFA00220023AB
:10ED600023F03AFDE2E758A3D3E900235046594681
:10ED700023F008FC02460B4600205C4923F04AFAC7
:10ED8000524606460F465B465046594623F0FAFB6C
:10ED900002460B463046394623F0F4FB06460F4642
:10EDA0002CB3204623F084FB49A3D3E900238046FB
:10EDB000894623F0E7FB48A3D3E9002304460D4628
:10EDC0004046494623F0DEFB02460B4630463946B4
:10EDD0002CE002460B465046594623F01BFADDE96B
:10EDE000002323F0CFFB06460F46002C47D13246C6
:10EDF0003B465046594623F00DFA97E734A3D3E932
:10EE00000023DDE9020123F0BDFB33A3D3E9002396
:10EE100004460D46DDE9020123F0B4FB32463B46D1
:10EE200023F0FAF902460B464046494623F0F2F930
:10EE300052465B4623F0EEF902460B462046294631
:10EE400023F0E8F905B0BDE8F08F204623F030FB51
:10EE50001FA3D3E9002306460F4623F093FB1EA30E
:10EE6000D3E9002304460D463046394623F08AFB99
:10EE700002460B462046294623F0CEF956E7DDE947
:10EE8000028913A3D3E900234046494691E700BF16
:10EE900044523EDF12F1C23FDE03CB966446C73FC9
:10EEA000599322942449D23F935555555555E53FE2
:10EEB0009FC678D0099AC33FAF788E1DC571CC3FED
:10EEC00004FA97999999D93F555555555555D53FB8
:10EED0000000E0FE422EE63F763C7935EF39EA3D10
:10EEE00000005043FFFFEF7F0000F03F0000E03FD5
:10EEF000000050C300000000B1F5801F2DE9F84369
:10EF000004460D460B4619DA21F00042024359D05F
:10EF100000295FDB00223A4B23F034FB394A0D46CF
:10EF20002B46934204466FF035010CDD22462B46FA
:10EF30002046294623F070F9BDE8F883314A934210
:10EF40004FF00001F2DC1815A0F2FF3008444FEA40
:10EF5000D0794844C3F3130823F0AAFAC9F57F73A4
:10EF6000033348EA035506460F4620462946FFF775
:10EF7000F7FD1DA3D3E90023804689463046394674
:10EF800023F000FB1AA3D3E9002304460D464046B4
:10EF9000494623F0F7FA02460B462046294623F05D
:10EFA0003BF915A3D3E9002304460D463046394604
:10EFB00023F0E8FA02460B462046294623F02CF9B6
:10EFC000BDE8F8830022002300200F4923F004FC51
:10EFD000BDE8F883024623F01DF90022002323F048
:10EFE000FBFBA9E7AFF30080362BF111F3FE593D8F
:10EFF0000EE526157BCBDB3F00609F501344D33FCB
:10F0000000005043FFFFEF7F000050C300000000EE
:10F010002DE9F047CA4B21F000479F4290B080464F
:10F02000894640F38F80C74B9F420C46924626DCB0
:10F030000029B9A3D3E9002340F38F8023F0EAF835
:10F04000C14B9F4204460D4600F04781B4A3D3E96B
:10F05000002323F0DFF802460B46CAE900232046CE
:10F06000294623F0D7F8AEA3D3E9002323F0D2F842
:10F070000125CAE90201284610B0BDE8F087B34B6C
:10F080009F4240F38980B24B9F4200F31C813D15A3
:10F09000A5F21645A7EB055319461F46064623F071
:10F0A00021FD23F005FA8046894642464B4630460C
:10F0B0003946CDE90A8923F0ADF80022A54B23F0AB
:10F0C00061FA8946804623F00DFD23F0F1F90646EA
:10F0D0000F4632463B4640464946CDE90C6723F091
:10F0E00099F800229B4B23F04DFA00220023CDE932
:10F0F0000E0123F0AFFC002800F0608100233046B1
:10F100003946002223F0A6FC002814BF0123022365
:10F11000914A019202212A4600910AA8514600F024
:10F1200087FB002C054614DADAF80420DAF80C30F4
:10F1300002F1004203F100434542CAF80420CAF834
:10F140000C3006E000200021C2E90089C2E902017A
:10F150000025284610B0BDE8F08723F05DF87A4B13
:10F160009F4204460D4600F00B816DA3D3E90023B6
:10F1700023F052F802460B46CAE9002329462046EE
:10F1800023F048F866A3D3E9002323F045F84FF0B5
:10F19000FF35CAE90201DCE720F052F962A3D3E9A6
:10F1A00000238046894623F0EDF900226B4B23F0C3
:10F1B00033F823F097FC054623F07AF956A3D3E9F8
:10F1C0000023CDE9060123F0DDF902460B46404657
:10F1D000494623F01FF852A3D3E90023804689460D
:10F1E000DDE90601CDE9028923F0CCF91F2D0246A5
:10F1F0000B46CDE9042340F3B380DDE90423DDE9C8
:10F20000020123F007F8804689463F15C9F30A53E7
:10F21000FB1A102B40F3B18045A3D3E90023DDE9AD
:10F22000060123F0AFF98046894602460B46DDE928
:10F23000020122F0EFFF02460B46DDE90201CDE9B3
:10F24000082322F0E7FF42464B4622F0E3FF3AA3B1
:10F25000D3E9002380468946DDE9060123F092F9CF
:10F2600042464B4622F0D6FF0B46CDE9040102464A
:10F27000DDE9080122F0CEFFC1F30A53FF1A312F56
:10F280008046894600F39C809DED087BCAE9008991
:10F290008DED027B42464B46DDE9020122F0BAFFCA
:10F2A000DDE9042322F0B6FF002CCAE90201BFF613
:10F2B00050AF09F1004401F100436D42CAE90084F6
:10F2C000CAE9020345E702460B4622F0A3FF0025E8
:10F2D000CAE90201CAE900013BE715A3D3E900230B
:10F2E00022F098FF14A3D3E900230D46044622F030
:10F2F00091FF02460B46CAE900232946204622F028
:10F3000089FF0DA3D3E9002322F084FF0125CAE978
:10F3100002011EE7AFF3008000004054FB21F93FDB
:10F320003163621A61B4D03D83C8C96D305FE43F78
:10F330000000601A61B4D03D7370032E8A19A33B9C
:10F34000FB21E93F7BD90240FB21F93FFB213941F9
:10F35000FFFFEF7F00007041206004000000E03FED
:10F360004046494622F056FF394B6A1E804653F804
:10F370002230BB4289463FF448AFCAE9008989E799
:10F380002BA3D3E9002322F047FF2BA3D3E90023CB
:10F390000D46044622F040FF02460B46CAE9002310
:10F3A0002946204622F036FF23A3D3E9002322F08A
:10F3B00033FF4FF0FF35CAE90201CAE60323A7E68F
:10F3C0001FA3D3E90023DDE9060123F0DBF806469D
:10F3D0000F4602460B46DDE9080122F01BFF80467E
:10F3E000894602460B46DDE90801CDE9028922F093
:10F3F00011FF32463B4622F00DFF13A3D3E9002351
:10F4000006460F46DDE9060123F0BCF832463B46CE
:10F4100022F000FF02460B4640464946CDE9042350
:10F4200022F0F8FE80468946A7E700BFAFF30080D0
:10F430000000601A61B4D03D7370032E8A19A33B9B
:10F440000000002E8A19A33BC14920259A837B39ED
:10F45000A05F040000000000574A2DE9F84F21F09A
:10F460000048904506460F462CDC544B0029B4BF9B
:10F47000534D544D98454FF0000411DC524B9845C4
:10F4800026DC4BA3D3E9002322F0C6FE00224F4B1B
:10F4900023F008FB002840D030463946BDE8F88FFD
:10F4A0004B4B984530DD4B4B984568DD0133984513
:10F4B00062D0304639463EA3D3E9002323F062F8F8
:10F4C000BDE8F88F02460B4622F0A6FEBDE8F88F95
:10F4D0001FF0B6FF01F048F83F4B984506460F462F
:10F4E00023DD0022394B22F097FE02460B463046C0
:10F4F000394623F071F932463B4622F08DFE224612
:10F500002B4623F03FF8E1E71FF09AFFFFF7B0F931
:10F5100022462B4623F036F8D8E7304639461FF00E
:10F520008FFF01F021F806460F4632463B46304633
:10F53000394622F071FE324682468B463B463046C3
:10F54000394623F01FF80022804689461F4B30467B
:10F55000394622F061FE02460B464046494623F0FA
:10F560003BF902460B465046594622F053FE2246CE
:10F570002B4623F007F8A9E7184B984299D8304654
:10F5800039461FF05DFF00220E4B22F0FBFFFFF714
:10F590006FF906460F4602460B462046294622F0E2
:10F5A000F1FF32463B4622F0EDFF8FE7AFF30080DC
:10F5B0003374AC3C1F7BAC7FFFFFEF7FFFFF354018
:10F5C0000000E0BF0000E03FFFFF2F3E0000F03FE3
:10F5D000412E8640CD338640FFFFEF3F7DF8B98F47
:10F5E0002DE9F04F21F00048B8F1795F85B006466B
:10F5F0000F4692469B466BDA23F074FA002800F01F
:10F60000E18032463B463046394622F0BBFF74A3C8
:10F61000D3E9002304460D4622F0B4FF72A3D3E9D8
:10F62000002322F0F9FD22462B4622F0ABFF70A307
:10F63000D3E9002322F0EEFD22462B4622F0A2FF62
:10F640006DA3D3E9002322F0E7FD22462B4622F0EA
:10F6500099FF6BA3D3E9002322F0DCFD22462B4661
:10F6600022F090FF68A3D3E9002322F0D5FD2246C3
:10F670002B4622F087FFCDE900010022664B204691
:10F68000294622F07FFFDDE9002380468946204697
:10F69000294622F077FF524604460D465B46304627
:10F6A000394622F06FFF02460B462046294622F0DB
:10F6B000B1FD02460B464046494622F0ABFD0246EC
:10F6C0000B460020554922F0A5FD05B0BDE8F08F9E
:10F6D00002460B4622F056FF41A3D3E9002304461D
:10F6E0000D4622F04FFF40A3D3E9002322F094FD02
:10F6F00022462B4622F046FF3DA3D3E9002322F009
:10F7000089FD22462B4622F03DFF3BA3D3E900238F
:10F7100022F082FD22462B4622F034FF38A3D3E9A3
:10F72000002322F077FD22462B4622F02BFF36A342
:10F73000D3E9002322F070FD2B46224622F022FF5F
:10F74000374B9845CDE9000197DD364B98453EDCB7
:10F75000A8F500130022002030499046994622F077
:10F7600059FDCDE9020100222B4B2046294622F00B
:10F7700009FF42464B4622F04DFDDDE9002380465D
:10F7800089462046294622F0FDFE524604460D4693
:10F790005B463046394622F0F5FE02460B462046CF
:10F7A000294622F037FD02460B464046494622F0E4
:10F7B00031FD02460B46DDE9020122F02BFD05B0CA
:10F7C000BDE8F08F1549002005B0BDE8F08F9FED32
:10F7D000107B4FF000088DED027BDFF84C90C2E704
:10F7E000D43888BEE9FAA8BDC4B1B4BD9EEE213EAE
:10F7F000AD529C804F7E923E9015CB19A001FA3EEF
:10F800007751C1166CC1563F4C5555555555A53FBE
:10F81000000000000000E73F0000E03F0000F03F74
:10F820003233D33F0000E93F0000D23F0000000028
:10F830002DE9F04FADF5197DBE4CA29EBE4D54F89A
:10F8400026600793D41E85FB0475E417C4EBA5045A
:10F8500024EAE4741D46631CA3EB8303013D02EB21
:10F86000C3030593731904960994019503900B91B2
:10F87000A4EB05071AD43B44002400255E1C0DF1BF
:10F880008008DDF88C9208E059F8270022F010FE7D
:10F890000137B742E8E8020108D0002FF4DA013757
:10F8A00020462946B742E8E80201F6D1049B002B26
:10F8B000079B4FEAC30302932ADB039A20A902EBBA
:10F8C000030801EB0309049B72AA02EBC30B0DF5BD
:10F8D000E07A019B002B4FF000064FF0000711DB90
:10F8E000039C4D4675E90223F4E8020122F04AFE2A
:10F8F00002460B463046394622F08EFC4445064609
:10F900000F46EFD1EAE80267DA4509F10809E0D1CC
:10F91000DDE90204049920448B0082460BA8A3F180
:10F920000802C31808930CAB13440A938B4698AB98
:10F9300003EBCB03BBF1000F53E9284529DD70AB86
:10F9400003EBCB080DF1300900227C4B2046294601
:10F9500022F018FE23F0C6F822F0AAFD0022784B10
:10F9600006460F4622F00EFE02460B46204629466A
:10F9700022F050FC23F0B6F878E9022349F8040B92
:10F980003946304622F048FC70AB984504460D4697
:10F99000DAD1DDF81490204629464A4601F030F8C5
:10F9A00000224FF07F5304460D4622F0EBFDFDF799
:10F9B0009BFC0022634B22F0E5FD02460B462046ED
:10F9C000294622F027FC0D46044623F08BF880469A
:10F9D00022F06EFD0B4602462946204622F01AFC14
:10F9E0004B46002B06460F4640F3E1800BF1FF32F9
:10F9F0000CA9C9F1180351F8225045FA03F101FA94
:10FA000003F30CA8EB1A40F82230C9F1170588441B
:10FA100043FA05F5002D2CDDBBF1000F08F10108BC
:10FA200040F381820C9C002C40F0A780BBF1010FB9
:10FA30000AD00CA9012251F8044F531C002C40F0AD
:10FA40009E809B451A46F6D1059B002B0EDD012BAF
:10FA500000F0D980022B09D10BF1FF320CAB0CA9BD
:10FA600053F82230C3F3150341F82230022D00F081
:10FA7000AF80002200233046394622F0EBFF0028F9
:10FA800000F05382049B0BF1FF394B4510DC0BF166
:10FA900080430CAA013B089802EB8303002253F831
:10FAA0000419834242EA0102F9D1002A40F0B680EB
:10FAB000049B0CAA013B52F82330002B40F0A1809C
:10FAC0000A9A012352F8041901330029FAD05B4441
:10FAD0000BF10109994506934CDC099A079909EB4A
:10FAE000020801EB0B0508F1804802EB030BA39B16
:10FAF00008F1FF3803EB880870AB03EBC909A39B3F
:10FB000020A903EB8B0301EBC505029358F8040F02
:10FB100022F0CEFC0B4601990246002905F1080BA4
:10FB2000C5E900234FF000064FF000071CDB039CE3
:10FB30000CE000BFC0640400ABAAAA2A0000703E1B
:10FB4000000070410000204075E90223F4E8020142
:10FB500022F018FD02460B463046394622F05CFB87
:10FB6000544506460F46EFD1029B9845E9E80267E7
:10FB70005D46CBD1DDF818B0D9E6012300220CA9EF
:10FB8000C4F180749B4541F822400EDD51F82320DA
:10FB900001EB8B0001EB83036FF07F4100E01A68FB
:10FBA0008A1A43F8042B8342F9D101244CE706D189
:10FBB0000BF1FF330CAA52F82350ED152AE700226F
:10FBC0007B4B22F065FF002840F0A381054650E7FB
:10FBD00032463B460020774922F01CFB06460F4682
:10FBE000002C3FF446AF059A7249002000F008FF50
:10FBF00002460B463046394622F00CFB06460F46BD
:10FC000037E7012363E70BF1FF320CAB0CA953F884
:10FC10002230C3F3160341F8223027E70CAB059AD4
:10FC200053F82930183ACDE9068505926BB909F1E8
:10FC30008043013B0CA901EB830353F8041909F13C
:10FC4000FF39183A0029F8D00592059A5949002041
:10FC500000F0D6FEB9F1000F04460D46C0F2C08197
:10FC60004FEAC90370AA02EB030808930CAB03EB3D
:10FC70008906DFF844B14FF0000A08F1080704369E
:10FC800056F8040D22F014FC22462B4622F07AFC92
:10FC90005B4667E9020152462046294622F072FC83
:10FCA0000CAB9E4204460D46EAD148AB0393019348
:10FCB000CDF8149009F10103DDF810900293C346CA
:10FCC0004FF0000AB9F1000FC0F22A81DFF8EC8092
:10FCD0005D4635A3D3E9002300260027002403E076
:10FCE000544510DCF8E80223F5E8020122F04AFC52
:10FCF00002460B463046394622F08EFA0134A145C1
:10FD000006460F46ECDA019BE3E802670193029B8B
:10FD10000AF1010A9A45ABF1080BD3D1A29BDDF899
:10FD20001490032B39D8DFE813F0D9000600060041
:10FD30004D0048AB0393B9F1000F4FF000004FF0B6
:10FD4000000109DB039D05EBC904083474E90223B3
:10FD500022F062FAA542F9D1079B002B40F01E81E8
:10FD60000B9BC3E900010B4603990246D1E9000150
:10FD700022F050FAB9F1000F0CDD4AAD0124013434
:10FD8000F5E8022322F048FAA145F8DA079B002B98
:10FD900040F014810B9BC3E90201069B03F00700AE
:10FDA0000DF5197DBDE8F08F00000040FB21F93F03
:10FDB0000000E03F0000F03F0000703ED839040032
:10FDC00048AB0393B9F1000F40F32781039ACDF8B4
:10FDD00010904FEAC9030193D318D3E900AB09F19E
:10FDE0000053013B02EBC9080293914678E9026790
:10FDF00052465B463046394622F00EFA04460D461E
:10FE000002460B463046394622F004FA52465B461B
:10FE100022F002FAC145A246AB46C8E90201C8E990
:10FE20000045E3D1DDF81090B9F1010F40F3F58002
:10FE3000019B039A02991344C900D3E9006701F1B9
:10FE4000080A019192440DF5947B7AE902893246C1
:10FE50003B464046494622F0DFF904460D4602463D
:10FE60000B464046494622F0D5F932463B4622F041
:10FE7000D3F9D34526462F46CAE90201CAE900450F
:10FE8000E3D1019C039B1034002000211C4403F1AA
:10FE9000100574E9022322F0BFF9A542F9D1039CB1
:10FEA000079ED4E90023D4E90245002E00F08A80A1
:10FEB00003F1004701F100430B99C1E90403069BDC
:10FEC0002646944605F1004403F00700C1E900C747
:10FED000C1E902640DF5197DBDE8F08F089C039D12
:10FEE0000834002000212C4474E9022322F094F904
:10FEF000A542F9D1079B13B101F1004319460B9BB1
:10FF0000C3E90001069B03F007000DF5197DBDE86C
:10FF1000F08FBBF1000F08F1010874DD022581E5C7
:10FF200000260027EFE600248EE5CDE90685059D35
:10FF3000304639466A4200F063FD0022384B0646DF
:10FF40000F4622F0A5FD00B30022364B304639465D
:10FF500022F018FB22F0C6FD044622F0A9FA002286
:10FF60002F4B22F00FFB0B4602463946304622F05B
:10FF700051F922F0B7FD0BF101090CAB183543F82C
:10FF80002B00059543F829405FE63046394622F0BC
:10FF9000A9FD0CABD94643F82B0056E60B9C01F1AA
:10FFA0000043C4E900030B4603990246D1E900016E
:10FFB00022F030F9B9F1000F3FF7DFAE01F1004355
:10FFC0001946E7E60B9EC6E90023069BC6E9040135
:10FFD00003F00700C6E902450DF5197DBDE8F08F75
:10FFE000A29B032B3FF6D9AE01A252F823F000BF2B
:10FFF0000100020033FD010033FD0100C1FD0100DD
:020000040002F8
:100000000020002176E732463B460020064922F0D8
:1000100001F9022506460F462BE5002000213EE7A8
:10002000000070410000703E0000F03F0000000042
:100030002DE9F04F21F00046B6F1795F85B0044616
:100040000D469046994604DA22F04CFD002800F057
:10005000858022462B462046294622F093FA064602
:100060000F4602460B462046294622F08BFA41A352
:10007000D3E9002382468B463046394622F082FA85
:100080003EA3D3E9002322F0C5F832463B4622F0D6
:1000900079FA3CA3D3E9002322F0BEF832463B466E
:1000A00022F070FA39A3D3E9002322F0B3F83246E4
:1000B0003B4622F067FA37A3D3E9002322F0ACF8DD
:1000C0000E9BCDE900019BB30022294B40464946D7
:1000D00022F058FADDE90023CDE9020150465946E5
:1000E00022F050FA02460B46DDE9020122F092F8B6
:1000F00032463B4622F046FA42464B4622F08AF808
:1001000019A3D3E9002306460F465046594622F06C
:1001100039FA02460B463046394622F07DF802464F
:100120000B462046294622F075F805B0BDE8F08F51
:1001300002460B463046394622F024FA0AA3D3E998
:10014000002322F067F852465B4622F01BFA224653
:100150002B4622F061F805B0BDE8F08F2046294615
:1001600005B0BDE8F08F00BF495555555555C53F01
:100170000000E03F7CD5CF5A3AD9E53DEB9C2B8A75
:10018000E6E55A3E7DFEB157E31DC73ED561C11974
:10019000A0012A3FA6F810111111813F00000000B4
:1001A0002DE9F04FC04C21F0004687B0A6428246B0
:1001B0008B460F46CDE900231ADC22F093FC002881
:1001C0003FD1109B524601331343334300F0B781B4
:1001D000109B012B00F0C0815B460020B34922F048
:1001E000FBFA04460D462046294607B0BDE8F08FCD
:1001F000AF4B9E4225DD002909DADDE900452246A4
:1002000005F10043CDE900230BF100418B46524636
:100210005B4685A1D1E9000121F0FCFFDDE9002367
:1002200004460D4682A1D1E9000121F0F3FF9FEDC4
:10023000827B22462B468DED007B21F0EDFF82462E
:100240008B4652465B465046594622F09BF9024681
:100250000B468046894622F095F9424604460D46F3
:100260004B465046594622F08DF975A3D3E9002339
:10027000CDE902012046294622F084F972A3D3E990
:10028000002321F0C9FF22462B4622F07BF970A300
:10029000D3E9002321F0C0FF22462B4622F072F959
:1002A0006DA3D3E9002321F0B7FF22462B4622F0AD
:1002B00069F96BA3D3E9002321F0AEFF22462B4658
:1002C00022F060F968A3D3E9002321F0A5FF42469C
:1002D0004B4622F057F966A3D3E90023CDE9040188
:1002E0002046294622F04EF963A3D3E9002321F0EA
:1002F00093FF22462B4622F045F961A3D3E9002360
:1003000021F08AFF22462B4622F03CF95EA3D3E976
:10031000002321F081FF22462B4622F033F95CA313
:10032000D3E9002321F078FF22462B4622F02AF958
:1003300059A3D3E9002321F06FFF02460B46DDE904
:10034000040121F069FFDDE9022322F01BF9DDE958
:10035000004522462B4621F05FFF42464B4622F0E5
:1003600011F922462B4621F057FF4DA3D3E9002374
:1003700004460D46DDE9020122F004F922462B462F
:1003800021F04AFF0B4602468046894650465946B0
:1003900021F042FF464B9E4204460D4600F38C80FE
:1003A000109B012B3BD002460B4600203F4922F018
:1003B00013FA002406460F462046294652465B465D
:1003C000CDE90067CDE90201009421F023FFDDE9CA
:1003D00000AB02460B464046494621F01BFF524601
:1003E0005B4622F0CFF8524604460D465B46DDE9F7
:1003F000020122F0C7F800222E4B21F00DFF024629
:100400000B462046294621F007FF32463B4622F0A4
:10041000B9F852465B4621F0FFFE04460D462046E1
:10042000294607B0BDE8F08F182D4454FB21E93F61
:10043000075C143326A6813C000000000000000089
:10044000D47ABF74702AFB3EE9A7F0320FB8123F8E
:1004500068108D1AF726303F1583E0FEC8DB573F42
:1004600093846EE9E326823FFE41B31BBAA1AB3F02
:10047000735360DBCB75F3BEA69237A0887E143F22
:100480000165F2F2D844433F280356C9226D6D3FFF
:1004900037D60684F464963F7AFE10111111C13FDD
:1004A000635555555555D53FFFFF2F3E0000F0BF12
:1004B0002794E53F0000F03F109821F0F9FF224615
:1004C000CDE900012B462046294622F05BF8DDE904
:1004D0000023CDE902012046294621F09DFE024677
:1004E0000B46DDE9020122F077F942464B4621F046
:1004F00091FE02460B465046594621F08BFE0246BD
:100500000B4621F089FE02460B46DDE9000121F091
:1005100081FE0446B81700F00200C0F101000D464C
:1005200021F0C6FF02460B462046294622F02AF853
:1005300004460D462046294607B0BDE8F08F5046D8
:1005400059461EF07DFF02460B460020044922F06A
:1005500043F904460D4662E754465D465FE700BF37
:100560000000F03F000000002DE9F04FCC4A21F0E0
:100570000043934285B082468B460C4620D9C94A37
:10058000934200F2D780002C80F2A481ACA3D3E97F
:1005900000235046594621F03FFE0022002322F05E
:1005A00063FA002840F0D180A7A3D3E90023504686
:1005B000594621F0E7FF02460B460020BA4994E174
:1005C000BA4A934200F2E580B94A934240F22E8142
:1005D000002301930022B74B5046594621F0D2FF29
:1005E00006460F4602460B465046594621F0CAFFC2
:1005F00097A3D3E9002304460D4621F0C3FF96A339
:10060000D3E9002321F008FE22462B4621F0BAFF51
:1006100093A3D3E9002321F0FDFD22462B4621F0D0
:10062000B1FF91A3D3E9002321F0F6FD22462B462A
:1006300021F0A8FF8EA3D3E9002321F0EBFD224691
:100640002B4621F09FFF00229B4B21F0E5FD8046C9
:10065000894602460B463046394621F093FF024652
:100660000B460020954921F0D5FD064602460B4673
:100670000F464046494621F0CDFD32468046894628
:100680003B465046594621F07DFF02460B4600206E
:100690008B4921F0BFFD02460B464046494622F0F9
:1006A0009BF822462B4621F06DFF019E02460B4629
:1006B000002E4DD0DDE9026732463B4621F0AAFD0F
:1006C00052465B4621F05EFF32463B4621F0A2FDDA
:1006D0002B46224621F09EFD019B013306460F4624
:1006E00000F02381019B012B7BD0019A531C392BF5
:1006F0004FEA025500F22881019A132A40F35581EE
:10070000019BC3F57F7403340022230521F084FD8F
:1007100002460B465046594621F07CFD0022664BAE
:1007200021F07AFD824605EB010B5046594605B093
:10073000BDE8F08F634A93421BD9C1F3130303430F
:10074000024640F012810029EFDA00205E490DE0F8
:100750005046594621F016FF22462B4621F05AFDFD
:1007600002460B465046594621F054FD05B0BDE8FF
:10077000F08F41A3D3E9002322F094F900283FF43D
:1007800002AF3FA3D3E900231046194621F0FAFE39
:10079000ECE74E4A934200F2EC8000293AA3D3E9F9
:1007A000002339DA21F038FD39A7D7E900674FF087
:1007B000FF3380468946019332463B4640464946D0
:1007C00021F028FD02460B4682468B4640464946AC
:1007D00021F020FD32463B4621F01CFDCDE902010F
:1007E000F8E600223A4B5046594622F03DF90028DF
:1007F00000F0CC805046594600222E4B21F00CFDD3
:1008000002460B463046394621F004FD00224FF0E7
:10081000404321F0B7FEA9E721F0FCFC012380460C
:10082000894601931CA7D7E90067C5E714A3D3E95C
:10083000002321F0F1FC02460B468FE7AFF3008066
:1008400059F3F8C21F6EA501FE822B654715F73FCD
:100850002DC3096EB7FD8ABE3952E686CACFD03E97
:10086000B7DBAA9E19CE143F8555FE19A0015A3F49
:10087000F41011111111A13FEF39FAFE422E8640FA
:100880009C7500883CE4377E0000E0FE422EE63F87
:10089000763C7935EF39EABD763C7935EF39EA3D7A
:1008A00079684340412E86400000E0BF422ED63F8B
:1008B000FFFF8F3C0000E03F0000F03F00000840D9
:1008C00000001840FFFFEF7F0000F0BFB1A2F03F33
:1008D0000000D0BF44A3D3E900235046594621F07D
:1008E00051FE02460B460020414921F095FC22F0C2
:1008F000F9F8019021F0DCFD37A3D3E90023064687
:100900000F4621F03FFE02460B465046594621F065
:1009100081FC33A3D3E9002380468946304639461B
:1009200021F030FE06460F4646E702460B4650468B
:10093000594621F06FFC00222D4B21F023FE0022AE
:100940002B4B21F067FC11E752465B4621F062FC1D
:1009500002460B460020274921F05CFC6B18194623
:100960000022244B21F056FC00E70B4621F054FCFA
:10097000FCE61DA3D3E9002321F004FE002C02466F
:100980000B464FF00000AFDA1B49AEE732463B465C
:100990005046594621F03EFC02460B4621F03CFCF5
:1009A0000022144B21F038FCE0E64FF4001343FA28
:1009B00002F452465B4621F02DFCC4F17F5700261D
:1009C00007F5401702460B463046394621F022FC17
:1009D000A8E600BFAFF300800000E0FE422EE63F35
:1009E000763C7935EF39EA3DFE822B654715F73FB6
:1009F0000000E03F0000F03F0000E0BF000000000A
:100A0000F8B5C1F30A5304460D460E4617460BBB14
:100A100021F00046034633431BD0354B002221F022
:100A2000B1FD344B9F4204460D4635DBC1F30A53FA
:100A30000E46363B3B4440F2FE72934232DC002BC2
:100A400011DD26F0FF4626F4E00646EA035520466F
:100A50002946F8BD40F2FF729342EBD102460B46A5
:100A600021F0DAFBF8BD13F1350F28DA4CF25033E0
:100A70009F4222462B460ADD19A1D1E9000121F04F
:100A800025FB17A3D3E9002321F07CFDF8BD16A1B7
:100A9000D1E9000121F01AFB13A3D3E9002321F0CF
:100AA00071FDF8BD22462B460DA1D1E9000121F0D0
:100AB0000DFB0BA3D3E9002321F064FDF8BD26F064
:100AC000FF4626F4E006363346EA0355204629461B
:100AD0000022094B21F056FDF8BD00BFAFF30080A6
:100AE0009C7500883CE4377E59F3F8C21F6EA5015F
:100AF00000005043B03CFFFF0000903C10B5054C97
:100B0000237833B9044B13B10448AFF300800123B9
:100B1000237010BD20390020000000004066040052
:100B200008B5034B1BB103490348AFF3008008BD70
:100B3000000000002439002040660400154B002B03
:100B400008BF134B9D46A3F5803A00218B460F4604
:100B50001348144A121A22F0AFFA0F4B002B00D0A0
:100B600098470E4B002B00D098470020002104002E
:100B70000D000D48002802D00C4805F05FFB21F065
:100B8000DBFA2000290004F0C7FD21F0C1FA00BF04
:100B9000000008000000022000000000000000002B
:100BA00000240020344400203D62020000000000C8
:100BB0002DE9F04104F000FF1A4CDFF87C801A4F59
:100BC00041F2482304F52065E05803689B68984784
:100BD0000368C8F800003946DB6998472C2022F0EA
:100BE00010FAD8F800104CF25032064612F024FBEE
:100BF0000E4B3A4631461E60284640F2FF3307F05E
:100C000033F80B490B4A016303464FF47A712846C7
:100C1000136007F069F804F6F8100121BDE8F0410F
:100C200004F064BE0025002000E02B46443900207B
:100C300000009642403900203C39002010B5074C96
:100C4000206818B1BDE8104012F052BBFFF7B0FFAA
:100C50002068BDE8104012F04BBB00BF44390020B3
:100C600010B5074C206818B1BDE8104012F052BB17
:100C7000FFF79EFF2068BDE8104012F04BBB00BF9D
:100C80004439002010B5074C206818B1BDE8104069
:100C900012F050BBFFF78CFF2068BDE8104012F047
:100CA00049BB00BF4439002010B5074C206818B17B
:100CB000BDE8104012F000BBFFF77AFF2068BDE8E6
:100CC000104012F0F9BA00BF44390020034A41F243
:100CD00044230146D05812F003BA00BF002500207B
:100CE00008B5064B0146186812F0C2FA07EE900AE2
:100CF000FDEEE77A17EE900A08BD00BF44390020E8
:100D0000014B186812F020BB44390020014B1868D1
:100D100012F026BB44390020014B186812F02CBB9E
:100D20004439002010B50B4B1B682DED028B08EEEB
:100D3000100A63B1084BF8EEC87ABDEC028B186854
:100D4000036817EE901ADB69BDE810401847FFF7FB
:100D50002FFFEFE7443900203C39002010B50F4B3E
:100D60001B682DED028B08EE100AA3B1F8EEC87ACD
:100D70000B4AF5EE407A14680023F1EE10FAA362F4
:100D8000C4ED077A04D1606803689B699847E06105
:100D9000BDEC028B10BDFFF70BFFE7E744390020E5
:100DA0004039002010B52DED028B08EE100AFFF738
:100DB000D5FF064BF8EEC87ABDEC028B18680368C5
:100DC00017EE901ADB69BDE8104018473C39002047
:100DD00010B4054C0A4610230146B4F838055DF8F6
:100DE000044B01F009B900BF0025002008B50348F5
:100DF00015F0ACF9003018BF012008BD302A0020E2
:100E000080F30801014804F05BBD00BFF82E00200C
:100E1000014804F061BD00BFF82E002001460148E2
:100E200004F064BDF82E002008B5064806F0B0FFB7
:100E300050EA010301D1002008BD0348BDE8084085
:100E400004F02ABE002F0020F82E002007EE900AA2
:100E5000F8EEE77A024817EE901A06F079BF00BF65
:100E6000002F0020792810B50C4609D10748A4F1BD
:100E70000101B1FA81F14909BDE8104015F006B948
:100E800003F082FC0028F2D110BD00BF302A002000
:100E900008B501F0A3FDFCF7CBFCBDE8084001F06C
:100EA000F5BA00BF08B501F099FDFCF731FDBDE8CA
:100EB000084001F0EBBA00BF08B501F08FFD1EF04D
:100EC00035FBBDE8084001F0E1BA00BF08B501F00C
:100ED00085FD1EF027FFBDE8084001F0D7BA00BF2E
:100EE00008B501F07BFDFCF7B3FCBDE8084001F05C
:100EF000CDBA00BF08B501F071FD1EF049FDBDE897
:100F0000084001F0C3BA00BF08B501F067FDFBF768
:100F10003BFFBDE8084001F0B9BA00BF08B501F0D9
:100F20005DFD1EF08BFCBDE8084001F0AFBA00BFCC
:100F300010B584B00C46014603A812F037FE00231A
:100F400003A900931A46019403480FF03DFD03A83E
:100F500012F016FE04B010BDE02D002010B50129DE
:100F6000B8BF012182B00C4690B1828882B1012ABB
:100F700017D0811D12B201A813F010FA224601A960
:100F80000C480FF081FD01A813F090F902B010BDDC
:100F9000094807F063FA04EB84000DF0B1F802B0E1
:100FA00010BD01EB8102817902480FF0E3FC02B031
:100FB00010BD00BFE02D0020A42D0020014812F03C
:100FC0001DBE00BFB42D002010B584B00C460146F4
:100FD00003A812F0EBFD0023224603A9CDE900335C
:100FE000044805230FF0BAFD03A812F0C9FD04B0B0
:100FF00010BD00BFE02D002000B585B0014602A85D
:1010000012F0D4FD02A903A812F0C8FD002303A921
:10101000CDE900331A4606480FF0D6FC03A812F0BB
:10102000AFFD02A812F0ACFD05B05DF804FB00BFF7
:10103000E02D002000F060BB0DF062B870B5049E9A
:1010400096420C4624DB15466BB9042A19D0022AB5
:1010500002D110F0010310D001462A46204622F0AA
:1010600007F8002070BD10440D4410F8013D01F850
:10107000013B8D42F9D1002070BD02880A801846DC
:1010800070BD10F00303E7D102680A60184670BD16
:101090000846002122F010F84FF0FF3070BD00BF6D
:1010A0000830704740B1002905DB43688B4202DD00
:1010B0000844007A70470020704700BF30B1002913
:1010C00004DB43688B42C4BF40180272704700BF04
:1010D00040B1002905DB4368994202DA0844007AEE
:1010E00070470020704700BF830704D1030F0CBF77
:1010F0000120002070470120704700BF30B1002957
:1011000004DB43689942BCBF40180272704700BFBD
:10111000F8B5002B20DB00291EDB46688E421BDB66
:101120005468761AE51AB542A8BF3546002D13DB80
:10113000824202F108070C4600F108062A4605D053
:10114000F918301921F094FF0020F8BDF118381972
:1011500021F099FF0020F8BD4FF0FF30F8BD00BF2F
:101160004068704710B4141E10DB4268A2420DDBC9
:1011700033EA230328BF1346121B08309A42204447
:10118000A8BF1A465DF8044B21F096BF5DF8044BEA
:10119000704700BF10B443688B4200F10804184642
:1011A000A8BF084632EA220128BF19461B1A9942F5
:1011B0002044A8BF19465DF8044B01F039B800BFC0
:1011C00070B5002BBCBF43689B1A002A0E4620DB7B
:1011D00044689918A1421CDC91421ADBCBB136F06D
:1011E000004116D05942B14214DAB34212DD083040
:1011F000002E00EB020515DB9C1B2246A919284690
:1012000021F041FF324628190021BDE8704021F04D
:1012100053BF70BD002211464FF0FF33BDE8704050
:10122000FFF7A0BF74429A192946281921F02BFF15
:10123000224628460021BDE8704021F03DBF00BF96
:1012400003460830596800F0F1BF00BF70B505468D
:1012500000206968490000F0C5FF6B68002B14DDB1
:101260000A4EEB1D02465C782411991F345D94717F
:101270005C7804F00F04491B345DD4716C688C42B7
:1012800002F1020203F10103EDDC70BD103A04002B
:10129000002BBCBF43689B1A002A30DB70B4456842
:1012A0009C18AC4229DC944227DB33B331F0004474
:1012B00023D00029B8BF01EB032191FBF3F403FB1A
:1012C0001411002900F10800B8BFC91802441144E4
:1012D0008A42134411D00C4604E08A4204460FD0DF
:1012E00094420AD02046157810F8016B02F8016B81
:1012F00083422570F1D10C46F2E770BC704770470D
:101300000146EDE700B583B04FF0FF3300930023B3
:10131000FFF7FEFE03B05DF804FB00BF10B50C1E26
:101320000EDD4168083002F0A1F91F2C07DC012313
:10133000A34020FA04F4013B444004EA030010BD3A
:10134000002010BD0146002000F072BF03460630A9
:10135000998800F06DBF00BF30B5013A83B00446F4
:101360000D460F2A13D8DFE802F0141408086114A0
:10137000141B1B734A2554675A38184601F0C0FBEA
:10138000012D04DD80B2E20754BF2080208003B02D
:1013900030BD184601F0B4FB002DF8DD2070F6E7F3
:1013A000184601F0ADFB012DF1DDC0F3072360709D
:1013B0002370ECE7184601F039FB032D0090E6DDC1
:1013C0009DF800009DF801109DF802209DF8033063
:1013D0002370E070A1706270D9E7184601F0FEFA40
:1013E000072DCDE90001D2DD0DF1FF3204F1080334
:1013F00012F8011F03F8011D9C42F9D1C7E71846F6
:1014000001F014FB032DC2DDA3070CBF2060206098
:10141000BDE7184601F00CFC032DF5DCB7E71846D4
:1014200001F006FC032D0090CADCB0E7184601F07D
:1014300067FB032DE8DCAAE7184601F0CFFA072D79
:10144000CDE90001A3DD6B4603CB206061609EE720
:10145000184601F055FB032D0090B1DC97E700BF63
:1014600030B4141E07DB456808300A462044291BA7
:1014700030BCFFF771BF30BC704700BF00B5013A08
:1014800085B00F2A00F28880DFE802F01623303D95
:101490004A56595C5F62657174808308009101232C
:1014A00008220DEB0201FFF7C9FDDDE9020100F0A2
:1014B000EDFF05B05DF804FB00910023012202A9B5
:1014C000FFF7BCFD9DF9080001F0D6F805B05DF806
:1014D00004FB00910023012202A9FFF7AFFD9DF854
:1014E000080001F0C9F805B05DF804FB0091002385
:1014F000022202A9FFF7A2FDBDF9080001F0BCF825
:1015000005B05DF804FB00910023022202A9FFF759
:1015100095FDBDF8080001F0AFF805B05DF804FBDB
:1015200000910023042202A9FFF788FD029801F030
:10153000A3F805B05DF804FB01230091BEE7012389
:101540000091C8E700910123D2E700910123DCE775
:1015500000910123E6E700910023042202A9FFF78E
:101560006DFD029801F092F805B05DF804FB009162
:101570000123F2E700910023042202A9FFF75EFD98
:10158000029801F071F805B05DF804FB00910023AA
:1015900086E700910123EFE700208AE7131E09DBAD
:1015A00010B4446808300A461844E11A5DF8044B48
:1015B000FFF764BF002001F05FB800BF054B1A6859
:1015C00010B4146B0023A4461A4619465DF8044B68
:1015D000604700BF9839002030B585B06C4684E87C
:1015E0000F0094E80F000A4C089D84E80F00BDF836
:1015F000020001F041F8074B1A68146B0023014602
:101600001A462846A44605B0BDE83040604700BFF2
:10161000E03800209839002008B502F0B3FCBDE89E
:1016200008400CF003BE00BF08B5064E0546326800
:101630000023146B19461A462846A04714200CF0C4
:101640005FFDF4E79839002010B5034B03600446B2
:1016500013F064FD204610BD2C3A040010B5054B74
:101660000360044613F05AFD204621F0C3FC2046D7
:1016700010BD00BF2C3A04000A460223014601486F
:101680000EF03AB8302C002010B504460CF0AEFA3B
:10169000034638B100200CB144F820301B6A0130F9
:1016A000002BF8D110BD00BF10B5044616F05EF84F
:1016B00003F084FF2046BDE8104004F07BBC00BF6F
:1016C00008B50A48FAF7CCFF01200CF0E3FE40F21F
:1016D0000443984200D808BD01200CF0DBFEBDE8B1
:1016E0000840A0F5806002F0BFB900BF00250020CF
:1016F0000CF09CBD0DF084B850B110B5044602F05A
:1017000033FC2146034A0448BDE810400CF0ECBB12
:10171000704700BF61E202002916020050B110B507
:10172000044602F021FC2146034A0448BDE810406B
:101730000CF0DABB704700BF19160200BD1502009D
:1017400089B280B20CF002BD08B5042004F02CFC74
:101750006FF0004004F0D0FBBDE8084000F08ABD07
:10176000074B10B51C6800F0E3FF4FF0805213697F
:101770001269013B234418445242104010BD00BF7F
:1017800098390020024B1B7803B17047FFF774BFF4
:10179000F4430020024B186800B1406A704700BF54
:1017A000943B0020014B1B6858627047943B00201B
:1017B0002DE9F04FDFF8DC80D8F8003085B0002B41
:1017C00052D00CF013FA0346002857D000241B6AAD
:1017D0000134002BFBD14FEA840A50460CF0BAFECC
:1017E0000190FFF751FFA04239D1002C2FDD019B62
:1017F000A3F10409CA4459F8047F7E6A2EB3043663
:10180000D8F8003034689F4227D03868D7F808B03D
:1018100016F000F8D8F800207568ABEB000097428E
:10182000044407D03868D7F808B015F0F3FFABEBE5
:1018300000000544A54205D954F8040B02F0BEF897
:10184000AC42F9D3B668002EDAD1CA45D3D101989B
:1018500005B0BDE8F04F0CF0A3BE7568EAE74FF4A1
:101860004B70FFF721FFC0E701200CF073FE0390DF
:10187000039805B0BDE8F04F0CF092BE0CF06AFE84
:101880000190FFF701FF0028E1D04FF44B70FFF704
:101890000BFFDCE7943B002010B5074C204609F015
:1018A0001DFD2046054A064921F0A6FB0548BDE876
:1018B000104012F02BB900BF00250020402000206E
:1018C000C9180200E0380020684B03F13C022DE902
:1018D000F0470446C0E9003200F59A50644F654E67
:1018E00004F0C2FD002504F6F81004F047F904F6F0
:1018F000C810C4F8C879A4F8CE590CF053F804F510
:101900001A60C4F8A079A4F8A6590CF04BF804F6B4
:101910006C1010F00BFC584BC4F85C3904F65C10EA
:101920000CF08AFF04F638100FF054F904F6141086
:101930000FF050F904F6A40004F098FC04F64400FB
:1019400006F0FCFA04F6180005F0DCFA04F5F9607C
:1019500004F09CFDC4F8B06704F5F66013F0DEFBFC
:10196000C4F8986704F5F36013F0D8FB04F5E6605B
:1019700015F026FA414BC4F82C3304F54B7604F2EB
:101980002C7012F001FC3046C4F82C73A4F83253CA
:101990000CF008F83A4BC4F8EC3204F53B7010F048
:1019A000BFFD384BC4F8E0302833C4F8E83004F108
:1019B000E00904F5377804F5397600E02E46351F46
:1019C000284612F0E1FBA845F8D1DFF8C0A0283E78
:1019D00004F1FC0846F818AC3C3D304610F0E2FE3D
:1019E00005F1080012F0D0FBA845A6F13C06F1D1A4
:1019F00000254846C4F8E070A4F8E6500BF0D2FF8A
:101A000004F1B8000FF0D0FF04F180000EF05EFC8E
:101A100004F16400A4F86A5067660BF0C3FF04F198
:101A20004C00A4F85250E7640BF0BCFF264604F1CA
:101A30003400658767630BF0B5FF134B46F80C3F26
:101A400004F1200012F032FC04F11C0012F02EFC14
:101A500030466582E7600BF0A5FF201D6581676059
:101A60000BF0A0FF2046BDE8F08700BF304D04001A
:101A7000344F04002C3A0400C0520400904D04007E
:101A80002C5D0400605B0400B44B0400385B040070
:101A90002DE9F84F684B694F694E03F13C02A0F104
:101AA0000408044640E9013208F59A5004F0DCFCD1
:101AB000002504F6F41004F061F804F6C410C4F82C
:101AC000C479A4F8CA590BF06DFF04F69C10C4F851
:101AD0009C79A4F8A2590BF065FF04F6681010F089
:101AE00025FB584BC4F8583904F658100CF0A4FEE6
:101AF00004F634100FF06EF804F511600FF06AF878
:101B000004F50A6004F0B2FB04F5046006F016FA6E
:101B100004F6140005F0F6F904F2C47004F0B6FC03
:101B2000C4F8AC6704F2AC7013F0F8FAC4F8946728
:101B300004F2947013F0F2FA04F22C7015F040F9EC
:101B4000414BC4F8283304F54A7604F5E56012F0F9
:101B50001BFB3046C4F82873A4F82E530BF022FF69
:101B60003A4BC4F8E83204F53A7010F0D9FC384B1F
:101B7000C4F8DC302833C4F8E43004F1DC0904F59F
:101B8000367A04F5387600E02E46351F284612F0E6
:101B9000FBFAAA45F8D1DFF8C0A0283E04F1F80B03
:101BA00046F818AC3C3D304610F0FCFD05F108004D
:101BB00012F0EAFAAB45A6F13C06F1D10025484601
:101BC000C4F8DC70A4F8E2500BF0ECFE04F1B400B1
:101BD0000FF0EAFE04F17C000EF078FB04F16000E7
:101BE000A4F8665027660BF0DDFE04F14800A4F867
:101BF0004E50A7640BF0D6FE264604F13000E58671
:101C000027630BF0CFFE134B46F8083F04F11C008E
:101C100012F04CFB04F1180012F048FB3046E5814D
:101C2000A7600BF0BFFE2046E58027600BF0BAFEF0
:101C30004046BDE8F88F00BF304D0400344F04002B
:101C40002C3A0400C0520400904D04002C5D0400A6
:101C5000605B0400B44B0400385B04002DE9F84FCE
:101C6000694B6A4F6A4E03F13C02A0F10408044636
:101C700040E9013208F59A5004F0F6FB002504F61D
:101C8000F41003F07BFF04F6C410C4F8C479A4F880
:101C9000CA590BF087FE04F69C10C4F89C79A4F88E
:101CA000A2590BF07FFE04F6681010F03FFA594B72
:101CB000C4F8583904F658100CF0BEFD04F6341080
:101CC0000EF088FF04F511600EF084FF04F50A6041
:101CD00004F0CCFA04F5046006F030F904F61400C0
:101CE00005F010F904F2C47004F0D0FBC4F8AC673E
:101CF00004F2AC7013F012FAC4F8946704F2947012
:101D000013F00CFA04F22C7015F05AF8424BC4F898
:101D1000283304F54A7604F5E56012F035FA3046CA
:101D2000C4F82873A4F82E530BF03CFE3B4BC4F8C8
:101D3000E83204F53A7010F0F3FB394BC4F8DC30AC
:101D40002833C4F8E43004F1DC0904F5367A04F5EC
:101D5000387600E02E46351F284612F015FAAA45BF
:101D6000F8D1DFF8C4A0283E04F1F80B46F818AC0F
:101D70003C3D304610F016FD05F1080012F004FA63
:101D8000AB45A6F13C06F1D100254846C4F8DC700D
:101D9000A4F8E2500BF006FE04F1B4000FF004FECC
:101DA00004F17C000EF092FA04F16000A4F8665091
:101DB00027660BF0F7FD04F14800A4F84E50A76425
:101DC0000BF0F0FD264604F13000E58627630BF0AA
:101DD000E9FD144B46F8083F04F11C0012F066FAC6
:101DE00004F1180012F062FA3046E581A7600BF0AA
:101DF000D9FD2046E58027600BF0D4FD404621F058
:101E0000F9F84046BDE8F88F304D0400344F040027
:101E10002C3A0400C0520400904D04002C5D0400D4
:101E2000605B0400B44B0400385B0400694B03F1B1
:101E30003C022DE9F0470446C0E9003200F59A5013
:101E4000654F664E04F010FB002504F6F81003F011
:101E500095FE04F6C810C4F8C879A4F8CE590BF062
:101E6000A1FD04F51A60C4F8A079A4F8A6590BF0F6
:101E700099FD04F66C1010F059F9594BC4F85C390F
:101E800004F65C100CF0D8FC04F638100EF0A2FE3C
:101E900004F614100EF09EFE04F6A40004F0E6F919
:101EA00004F6440006F04AF804F6180005F02AF893
:101EB00004F5F96004F0EAFAC4F8B06704F5F660D6
:101EC00013F02CF9C4F8986704F5F36013F026F9C1
:101ED00004F5E66014F074FF424BC4F82C3304F5AB
:101EE0004B7604F22C7012F04FF93046C4F82C7384
:101EF000A4F832530BF056FD3B4BC4F8EC3204F51A
:101F00003B7010F00DFB394BC4F8E0302833C4F8B7
:101F1000E83004F1E00904F5377804F5397600E09B
:101F20002E46351F284612F02FF9A845F8D1DFF8C4
:101F3000C4A0283E04F1FC0846F818AC3C3D3046ED
:101F400010F030FC05F1080012F01EF9A845A6F1CA
:101F50003C06F1D100254846C4F8E070A4F8E650EC
:101F60000BF020FD04F1B8000FF01EFD04F180001D
:101F70000EF0ACF904F16400A4F86A5067660BF047
:101F800011FD04F14C00A4F85250E7640BF00AFD77
:101F9000264604F13400658767630BF003FD144B9C
:101FA00046F80C3F04F1200012F080F904F11C0007
:101FB00012F07CF930466582E7600BF0F3FC201DDF
:101FC000658167600BF0EEFC204621F013F8204697
:101FD000BDE8F087304D0400344F04002C3A040073
:101FE000C0520400904D04002C5D0400605B0400AE
:101FF000B44B0400385B04002DE9F0414FF0000CB5
:102000008CB04FF0100E1FFA81F887B2CDE900CEE8
:1020100005461C463946174B164602A842460CF0A8
:1020200007FB02A914480FF0A7FB02A80CF01CFB49
:102030000F2DA4B201D1C02C0FD1282020F0E1FF38
:1020400039460546CDE9006442460A4B0CF0F0FAE9
:10205000294609480FF0DCFB28B9304601F084FF1F
:102060000CB0BDE8F08128460CF0FEFA284620F0BE
:10207000C1FFF2E7D9150200B825002008B50EF01F
:1020800027F908BD08B50EF033F920F0404008BD2F
:10209000FFF744BBFFF754BB03F082BFC117FFF744
:1020A00029BB00BF00B585B0D3B28AB281B2684601
:1020B00011F00CFD05B05DF804FB00BF002B08BF5C
:1020C0001023FFF799BF00BF014B5888704700BF2E
:1020D000E0380020014B9868704700BFE0380020CE
:1020E00008B503F017FF4FF0FF31BDE8084000F0DE
:1020F0009DB800BF00B583B00E49684604F05CFB94
:10210000BDF80430A3F51943033B032B10D8DFE8D7
:1021100003F002020D0D0023074A52F823004FF08E
:10212000FF3103B05DF804EB00F080B80123F3E762
:102130000223F1E7C82C00204420002003F0E6BE73
:102140000821014800F074B860000010704700BF1B
:10215000084619B189880630FFF714BB704700BFE5
:1021600008B50FF0C3FD08BD704700BF704700BF42
:10217000014820F06040704700000220012001F07B
:10218000BDBC00BF08B5022001F0B8FC40F293309E
:10219000BDE80840FFF788BA014B1860704700BFE0
:1021A00048390020704700BF0020704780880A30FF
:1021B00080087047063070478088704783888B425C
:1021C00026BF063040180020704700BF032070472C
:1021D00040680B308008704780887047704700BFA8
:1021E000704700BF70B50C1E064603DB3CB90D4DB1
:1021F000284670BD20F09CFF0446002CF7D0E01D5F
:1022000001F0AEFD054608B1074B0360AC8026B176
:1022100031462246A81D20F02BFF2C440023A37139
:10222000284670BD343B0400783A0400FFF7DABF5B
:1022300070B50D1E12DD064605F1080001F090FD97
:10224000044608B1094B0360656004F108002A46A2
:10225000314636B120F00CFF204670BD044C2046BC
:1022600070BD20F029FF204670BD00BFA83A0400D1
:10227000283B0400014B1860704700BF502000202D
:10228000034A044B116803FB00F04840106070479C
:1022900050200020CB5725CA30B40E4D2A68044682
:1022A00021460020930983EAD273534083EA121334
:1022B00083EA92035208534042EAC37202F00103D8
:1022C000490843EA4000EDD18442E9D32A6030BC9A
:1022D000704700BF5020002000487047343B040086
:1022E00000B583B002AB0022ADF8042003F8040D62
:1022F00001211846FFF776FF03B05DF804FB00BF2D
:102300002DE9F0410D4688B11C4B39B198422BD0D4
:102310009D4204460FD12046BDE8F081984221D06D
:102320008688174D0446311D042707E0144CF9B187
:10233000124B9D42EFD0A688AF88F1190020FFF71D
:1023400051FF04F10608831D0446414618463246F3
:1023500020F08EFE3A463044A91D20F089FE20462A
:10236000BDE8F081064CD6E70C462046BDE8F0817A
:10237000042725463E460821E0E700BF343B040021
:10238000883B0400884212D030B48B8882880630A3
:102390009A4228BF1A460531034613F8015B11F82B
:1023A000014FA54205D009D3012030BC7047002061
:1023B00070471C1A9442F0D90020F6E74FF0FF3026
:1023C000F3E700BF80887047002A1ADD10B48488C4
:1023D0000029BCBF631823EAE371631A934206DC49
:1023E000002B03DC08485DF8044B70471A46A142F5
:1023F0003ABF06304018002011465DF8044BFFF745
:10240000F1BE0148704700BF343B040078B371B39C
:102410002DE9F047858822EAE272AA4223D200F130
:10242000060818EB0204A5EB02058F881BD0BD42FD
:1024300019D391F806A001F1060902E0AF42344633
:1024400011D82378534505F1FF3504F10106F5D184
:102450003A464946204620F0FCFD0028EED1A4EB88
:102460000800BDE8F0874FF0FF30BDE8F0874FF07F
:10247000FF30704708B5FFF7C9FF013018BF0120D2
:1024800008BD00BF80F00100704700BF0A1E38B5CC
:1024900011D138B302460B4604460D4620F00CFB22
:1024A000002841D10C2001F05BFC08B11F4B0360F8
:1024B000C0E9014538BDC2F30A54A4F2FF331D2B15
:1024C00012D8142B054618DC0028E3D1A4F2F3340B
:1024D00012FA04F4DED1D002C3F11F0340F0004031
:1024E000D8401AE0012038BD1E2BD3D10028D1D10D
:1024F0000F4B9A42CED10F4838BDA4F2134410FAC4
:1025000004F4C7D1D002C3F11F0140F00040C3F171
:102510003403C84025FA03F31843002AB8BF4042E9
:10252000400040F0010038BD0E2038BDD83A04000C
:102530000000D0C1010000802DE9F04182B00630DA
:1025400001A9F9F75DFE0022002306460F4620F0A0
:1025500081FA60BB27F00045304629464FF0FF3234
:102560001F4B34464FF0010820F0A6FA38B94FF05F
:10257000FF321B4B3046294620F094FAF0B118F098
:10258000FF0F1FD100224FF48013204629464FF041
:10259000010820F091FA38B92046294600224FF46C
:1025A000801320F061FAB0B118F0FF0F0AD1304665
:1025B0003946FFF76BFF02B0BDE8F081804618F0A6
:1025C000FF0FDFD0074F002630463946FFF75EFF8A
:1025D00002B0BDE8F081804618F0FF0FE7D0F1E7C8
:1025E000FFFFEF7F0000F87F08B51FF061FFBDE837
:1025F0000840FFF74BBF00BF01448879400040F01E
:102600000100704720B1002902DB8288914201DB82
:102610000F48704710B582B0FFF7EEFF0E28044652
:102620000DD0C3070ED502A800236410ADF8043006
:10263000012100F8044DFFF7D5FD02B010BD04489C
:1026400002B010BD40F27130FFF72EF8EBE700BF8B
:10265000343B040020B1002902DB8288914201DB77
:102660000E207047FFF7C8BF08B51FF033FFBDE865
:102670000840FFF70BBF00BF4300B0EB630F01D072
:10268000FFF7B2BF43F00100704700BFB0F1804FC9
:1026900008B503D2400040F0010008BD1FF0F8FE6D
:1026A000BDE80840FFF7F2BE002814BF42200A2010
:1026B000704700BF08B5F9F75FFFBDE80840FFF7B6
:1026C000E5BE00BF01FB00F0704700BF90FBF1F0DA
:1026D000704700BF10B50C2001F042FB044608B162
:1026E00002F0DAFC204610BD00897047043002F089
:1026F0006FBC00BF03460A460430198902F048BC8B
:10270000043002F075BC00BF03894268994234BFAF
:1027100052F8210000207047043002F039BC00BF9D
:10272000043002F073BC00BF043002F093BC00BF61
:10273000024B1B68588CC000704700BF98390020BE
:10274000704700BF0020704738B51C4B1B688BB129
:102750005C6AACB1236898422DD08BB1002300E0B5
:1027600072B1023354F823208242F9D101339B0025
:10277000E05838BD124B1C6844F21022944216D027
:102780000D460446FFF7DEFF78B103689C4210D087
:102790005BB1002300E042B1023350F82320A24293
:1027A000F9D101339B00C05838BD284638BD5B685D
:1027B000CEE70423F7E70423DAE700BF98390020C7
:1027C000A0330400406870474160704710B508208E
:1027D00001F0C6FA044608B102F066FC204610BDBE
:1027E00070B50C1E054616460EDB83889C420BDA3C
:1027F00005EB8404E36823B10B2140F2863002F03C
:1028000097FCE660284670BD0A2140F2863002F04F
:102810008FFCEDE7FEF748BF18B1024B984208BFA6
:1028200000207047343B0400003018BF012070477F
:1028300010B5142001F094FA044608B102F03CFCF3
:10284000204610BD10B5044602F040FC002806DB0F
:10285000238AE268984202D252F8200010BD00207C
:1028600010BD00BF2E4B1B682DE9F047DF6ABA6828
:102870003B68824203F1FF3107F1040703D857F8A0
:102880002120824230D2002945DD5B1057F82320F9
:10289000904226D0B0F804904FF0010C00F10508EA
:1028A0000DE034BF03F1010C03F1FF318C4532DC44
:1028B0000CEB01035B1057F82320824211D094885F
:1028C0004C4528BF4C46063226464546144614F869
:1028D00001AB15F801EFF245E3D1A4EB020E76450A
:1028E000F5D21846BDE8F087002914DD5B1057F8D3
:1028F00023209042F5D0012403E057F823208242A0
:10290000EFD090428CBF5C1C03F1FF310B19A14248
:102910004FEA6303F1DA00231846BDE8F08700BFF1
:1029200098390020034B1B680131DB6A53F82110F2
:10293000FFF788BF98390020F8B504460F461646C1
:1029400002F0C4FB011E04F10C0505DB32462846EB
:10295000BDE8F84002F01CBB3A462189201D02F078
:1029600017FB3246218A2846BDE8F84002F010BB2A
:10297000034B1B680131DB6A53F82110FFF7DCBF02
:1029800098390020014B1868704700BF9439002027
:10299000704700BF820708B508D130B1036823F043
:1029A0000103DA78F92A13D1987808BD0028FCD001
:1029B000C3070FD40E280DD042280DD00A280BD003
:1029C000062805D040F22130FEF76EFE042008BD37
:1029D000042008BD022008BD012008BD0E281FD01C
:1029E00010B5044670B915E0FFF7D4FF0346022B7B
:1029F000204612D0032B0DD1FFF79EFD0E28044672
:102A000008D03CB1A3072046EED000F00FF81FF02D
:102A10004FFD10BD0020044910BDD4E9010110BDD7
:102A200000200149704700BF0000F87FC10703463E
:102A300051D4820704D59B0914BF012000207047A0
:102A400000284AD02DE9F041FFF7C8FF21F00045EA
:102A50000F464FF0FF322946274B064604464FF0FB
:102A6000010820F029F840B94FF0FF32224B3046E0
:102A7000294620F017F800B9804618F0FF0F2ED134
:102A800000224FF48013204629464FF0010820F021
:102A900013F840B92046294600224FF480131FF056
:102AA000E3FF00B9804618F0FF0F18D130463946D1
:102AB0001CF0ACFD0022114B1CF0D6FF00220023BD
:102AC00004460D461FF0D0FF60B92046294620F08D
:102AD00031F8BDE8F08140107047002070470020B9
:102AE000BDE8F081204629460022044B1FF094FBEC
:102AF00004460D46E9E700BFFFFFEF7F0000F0410D
:102B0000FFF794BF38B50D46FFF790FF04462846FF
:102B1000FFF78CFF00F01F0004FA00F04300B0EB59
:102B2000630F03D0BDE83840FFF75EBD43F00100FE
:102B300038BD00BF38B50D46FFF778FF044628467C
:102B4000FFF774FF00F01F0044FA00F04300B0EB01
:102B5000630F03D0BDE83840FFF746BD43F00100E6
:102B600038BD00BF38B50D46FFF760FF0446284664
:102B7000FFF75CFF60404300B0EB630F03D0BDE89C
:102B80003840FFF731BD43F0010038BD38B50D4680
:102B9000FFF74CFF04462846FFF748FF2043430059
:102BA000B0EB630F03D0BDE83840FFF71DBD43F025
:102BB000010038BD08B5FFF739FFC0434300B0EB53
:102BC000630F03D0BDE80840FFF70EBD43F00100DE
:102BD00008BD00BF38B50D46FFF728FF044628465C
:102BE000FFF724FF20404300B0EB630F03D0BDE8A4
:102BF0003840FFF7F9BC43F0010038BD38B50D4649
:102C0000FFF714FF04462846FFF710FF00F01F00EF
:102C100024FA00F0B0F1804F03D2400040F00100F0
:102C200038BD1FF035FCBDE83840FFF72FBC00BFB2
:102C30000E2816D008B50346C0B19B0708D0FFF791
:102C4000F5FE07EE900AF8EEE77A17EE900A08BD57
:102C5000FFF7C4FE1FF08EFF07EE900A17EE900AF2
:102C600008BDDFED057A17EE900A7047DFED027AB6
:102C700017EE900A08BD00BF0000C07F70B50E4679
:102C8000FFF7ACFE044630460D46FFF7A7FE0246AE
:102C90000B46204629461FF0BFFABDE87040FFF7FB
:102CA000F5BB00BF70B50E46FFF798FE04463046F0
:102CB0000D46FFF793FE02460B46204629461FF0BD
:102CC000A9FABDE87040FFF7E1BB00BF01F00103C6
:102CD000184203D0C3130133012B12D9D0B50C46CF
:102CE000FFF77CFE064620460F46FFF777FE0246BA
:102CF0000B46304639461FF045FCBDE8D040FFF793
:102D0000C5BBCB130133012BE8D84310481000FB9F
:102D100003F04300B0EB630F02D143F001007047B2
:102D2000FFF762BC032912D0D0B50C46FFF756FE60
:102D3000064620460F46FFF751FE02460B46304638
:102D400039461FF049FDBDE8D040FFF79FBB7047F3
:102D5000F8B50C46C107034603D5E20701D5620862
:102D600011D11846FFF73AFE064620460F46FFF7F8
:102D700035FE0B460246394630461CF075FEBDE86E
:102D8000F840FFF783BBFFF751FE05462046FFF7EB
:102D90004DFE95FBF0F303FB10504300B0EB630FC7
:102DA00003D0BDE8F840FFF71FBC43F00100F8BDB9
:102DB0002DE9F0410C468046FFF710FE06462046FE
:102DC0000F46FFF70BFE04460D46FAF78DFA224632
:102DD0002B461FF03FFE28BB002200233046394619
:102DE0001FF060FE80B900220023304639461FF0F4
:102DF00031FE20B320462946002200231FF034FE76
:102E000028BB4046BDE8F081304639461CF08CFEB8
:102E100022462B461FF0B6FBFAF77AFDBDE8F041DB
:102E2000FFF734BB294620461FF05CFE39460246B8
:102E300030461FF007FFBDE8F041FFF727BB3046E3
:102E400039461CF071FEBDE8F041FFF71FBB0C20B6
:102E500000F086FF08B1034B0360034B0022C0E97A
:102E60000123CFE7D83A04000000F07FC2072DE924
:102E7000F8430C460BD5CB0709D540104C108442C3
:102E800041DB3DD1640044F00100BDE8F883FFF769
:102E9000A5FD064620460F46FFF7A0FD04460D4659
:102EA00002460B46304639461FF0FCFD90B92246DB
:102EB0002B46304639461FF0CDFD28B13046394605
:102EC000BDE8F843FFF7E2BA22462B4634463D46BA
:102ED00016461F46F9F750FB2246804689462B4688
:102EE000304639461FF096F942464B461FF04AFBE2
:102EF00022462B461FF090F9BDE8F843FFF7C6BA0B
:102F0000234604461846001BFFF7C6F92044440038
:102F1000B0EB640F02D144F00100B6E7BDE8F8431E
:102F2000FFF762BB08B5FFF759FD1CF0FDFDBDE8DA
:102F30000840FFF7ABBA00BF08B5FFF74FFD1CF024
:102F400071FEBDE80840FFF7A1BA00BF08B5FFF762
:102F500045FDFAF7C9F9BDE80840FFF797BA00BF89
:102F600008B5FFF73BFDFAF73FF9BDE80840FFF76A
:102F70008DBA00BF08B5FFF731FD1CF047FBBDE877
:102F80000840FFF783BA00BF08B5FFF727FD054BE0
:102F900000221FF041F9FAF7A7F9BDE80840FFF752
:102FA00075BA00BF0000E03F0E280BD00E2909D0F3
:102FB0008842F8B5044618D001F00102104216D03C
:102FC0000020F8BD00207047A288A888A31D904269
:102FD00028BF1046691D1A4612F8014B11F8015F0F
:102FE000A542EDD1D41A8442F6D90120F8BD0D4690
:102FF000FFF7D0FC06462846FFF7CCFC8642DFD11F
:1030000044EA05039B07DBD1032EDDD0022ED7D186
:103010002046FFF7E3FC064628460F46FFF7DEFC96
:103020000B460246394630461FF014FD4FF00103AF
:1030300000B90346D8B2F8BD08B5FFF7B5FF0028C0
:1030400014BF42200A2008BD08B5FFF7ADFF0028D5
:103050000CBF42200A2008BD0E281AD00E29F8B550
:103060000C4614D00628054615D042283FD00A2821
:103070001CD00629034600F09080422C11D00A2C67
:1030800037D09C4210D004F001031D4211D0002023
:10309000F8BD00207047062906D0422C4FF00003EF
:1030A000EDD10322934204D10120F8BD0123062C67
:1030B000E3D12846FFF76EFC06462046FFF76AFC80
:1030C000032E22D003282FD0012E14D0012821D086
:1030D0008642DCD145EA04039B07D8D1032847D0B8
:1030E000022828D0601BB0FA80F04009F8BD032305
:1030F000DDE70122D6E7062D33D0422D4FF0020640
:1031000034D00A2DE2D10125E0E7022813D00328AC
:10311000DCD1DFE7062C4FF0020020D0422C23D078
:103120000A2CD5D10124D3E7022E04D0012EAED132
:10313000062DE2D1ABE72846FFF750FC06462046B5
:103140000F46FFF74BFC02460B46304639461FF050
:1031500081FC4FF0010400B90446E0B2F8BD002440
:10316000B6E702260025B1E70324B1E70325ADE762
:10317000AC4299D0AB88A288A81D9A4228BF1A46B3
:103180000534034613F8011B14F8015F8D427FF4E8
:103190007EAF191A9142F5D986E7002282E700BF77
:1031A000FFF75ABF08B5FFF757FF002814BF4220AA
:1031B0000A2008BD08B5FFF74FFF00280CBF4220CA
:1031C0000A2008BDF8B5078945687FB10E46043D61
:1031D000002402E00134A74208D0314655F8040F1C
:1031E000FFF73AFF0028F5D02046F8BD4FF0FF303A
:1031F000F8BD00BF10B500220446FFF7E3FF011E33
:1032000004DB201D01F002FF012010BD002010BDD5
:1032100038B58307044608D148B1FFF7BBFB032844
:1032200012D0022814D0012038BD0A2801D1002074
:1032300038BD0028FBD00E28F9D00628F7D010F1B1
:10324000FF3018BF012038BD0C4B9C42EBD1EEE79C
:103250002046FFF7C3FB02460B4604460D461FF00F
:103260002BFC0028E3D120462946002200231FF032
:10327000F1FBB0FA80F0400938BD00BF343B0400D8
:10328000422805D00A2801D0FFF7C2BF00207047AE
:10329000012070470E2857D00E2955D0F8B50C469E
:1032A0000546FFF777FB06462046FFF773FB032E24
:1032B0002FD0A5422BD02846FFF790FB064620468C
:1032C0000F46FFF78BFB324604460D463B46304621
:1032D00039461FF0F1FBA0BB22462B46204629466B
:1032E0001FF0EAFB68BB22462B46304639461FF0EA
:1032F000BBFB18BB22462B46304639461FF0D2FB9B
:10330000003018BF0120F8BDD01A81420DD2002034
:10331000F8BD0328CDD1A542F9D0AA88A188AB1D5C
:10332000914228BF114605341A4612F8015B14F881
:10333000010F8542E8D028BF0120E4D24FF0FF30D2
:10334000F8BD6FF00100F8BD6FF00100704700BFDD
:1033500038B501F0010313EA000404D08842ACBF81
:103360000020012038BDFFF795FF831C14BFC00F5C
:10337000204638BD10B501F00104204203D0884238
:1033800007DC422010BDFFF785FF831C01D0002819
:10339000F7DD0A2010BD00BF10B501F00104204286
:1033A00003D0884207DA422010BDFFF773FF831C69
:1033B00001D00028F7DB0A2010BD00BF10B501F0D6
:1033C0000104204203D0884205DB422010BDFFF7F4
:1033D00061FF0028F9DA0A2010BD00BF10B501F026
:1033E0000104204203D0884205DD422010BDFFF7D2
:1033F00051FF0028F9DC0A2010BD00BFF0B591B0E4
:103400000446FFF7C7FA03283DD002280FD005284D
:1034100048D0002C4CD00A2C42D00E2C45D0422C47
:1034200055D02C4B2C48062C08BF18462CE0E3073F
:103430002CD40E2C39D02046FFF7D0FA21F00045CD
:103440000F464FF0FF322946244B06461FF034FB4F
:1034500038B9304629464FF0FF32204B1FF00EFBA3
:1034600040B332463B46304639461FF025FBE0B9B3
:10347000304639466A46F8F76BFF68464FF0FF3131
:10348000FEF7B0FE00E0204611B0F0BD69466010C6
:103490000AF012F968464FF0FF31FEF7A3FEF3E79A
:1034A0000F48F1E70F4811B0F0BD0F4811B0F0BD63
:1034B0000E48E9E700233046394600221FF0D4FACF
:1034C0000B4C0C4B002814BF20461846DCE70A487A
:1034D000DAE700BF883B0400AC3B0400FFFFEF7F4E
:1034E000A03B0400BC3B04006C3B0400183B040000
:1034F000783B04005C3B0400943B040010B5044698
:10350000FFF748FA04280ED164B1A3070AD1236853
:10351000074A23F001035B69934203D02046BDE8CC
:103520001040184710BD2046BDE81040FFF766BFA9
:10353000FD34020008B5FFF72DFA052810D8DFE8A2
:1035400000F0030507090B0D084808BD084808BD31
:10355000084808BD084808BD084808BD084808BD17
:1035600040F22230FEF7A0F8002008BD4C3B0400DA
:10357000083B0400D03B0400F03B0400E03B0400A7
:103580003C3B0400062808D008B5FFF703FABDE865
:10359000084000F57570FEF787B840F2DD30FEF7A1
:1035A00083B800BF4FF46470FEF77EB810B5FEF725
:1035B000F1F80446102000F07FFC226902602061CF
:1035C00010BD00BF38B5FEF7E5F80469054634B113
:1035D00023682B612046BDE8384000F0ADBB40F2C7
:1035E0005330FEF761F8F3E7F0B585B00746FEF714
:1035F000D1F8046906468CB194E80F006D4630613D
:1036000085E80F00204600F097FB084B77611B68A8
:10361000284631469B6B984705B0F0BD3846FFF70A
:103620006DFF40F2E730FEF73FF8E5E798390020FC
:1036300010B5FEF7AFF8446912239C42436101D0F4
:10364000204610BD40F25330FEF72EF8204610BD44
:1036500008B5FEF79FF84369122B05D0FFF7E8FF86
:10366000BDE80840FFF7C0BF08BD00BF79B110B486
:10367000084B094C014410F8012B04FB03F388426A
:1036800083EA0203F7D118465DF8044B7047014BFB
:1036900018467047C59D1C819301000138B5046828
:1036A00034F00304054612D0A30F15D12846E36970
:1036B000984705462DB140F6BE239D4205D9002C02
:1036C00003DB40F24930FDF7EFFF284638BD40F2FA
:1036D0005130FDF7E9FFE9E7C4F39905EAE700BFD8
:1036E000F8B54FF480400AF035FF194C194B1A4DCC
:1036F0001A4E002787611A4F8760D3E901122768A5
:10370000C76000F10807276000F5805401310634D6
:103710003460596043F6F8742968446022449A6022
:1037200079B188420DD30A6872B1904203D20BE09E
:10373000984203D31A461368002BF9D10360106036
:10374000F8BD01602860F8BD13460A46F6E700BFE1
:103750008439002068390020543900205C39002069
:10376000F83F008038B5144B9A881B6892B1551EFB
:1037700053F8251088421AD0023A03EB82032A46F6
:1037800002E0216881420BD0013A511C1C46A3F192
:103790000403F6D14FF45270BDE83840FDF784BF02
:1037A000954204D0044801F09DFB206038BD0248DA
:1037B000BDE8384001F096BB60390020182101486F
:1037C000FEF736BD68390020036823F0010318882E
:1037D0008008704730B338B5C5680446A5B155E9CF
:1037E00001326868A96862605A0F032AC4E90201BD
:1037F00005D040F24930FDF757FF55F8043C43F03F
:10380000004345F8043C38BD50F8043C5A0F032AE5
:1038100009D143F0004344F8043C0020BDE838409F
:10382000FDF7C0BF704740F24930FDF73DFF54F847
:10383000043CEEE738B550F8043CDB070546A0F140
:1038400004041CD4104B1B6873B103F108029442AA
:10385000F9D359680A449442F5D255F8043C43F030
:10386000010345F8043C38BD40F24A30FDF71CFF27
:1038700055F8043C43F0010345F8043C38BD40F2E0
:103880004F30FDF711FFDDE754390020830709D1E0
:1038900040B1030F06D00168114B194202D1CB7819
:1038A000F92B00D070470F4B10B504461B688BB145
:1038B00003F108029442F9D3586802449442F5D2C5
:1038C000094841F00101216022468188BDE810408D
:1038D00001F0F0BA40F24A30FDF7E6FE2168EFE76A
:1038E00003000040543900204C39002000294DD0FD
:1038F0002DE9F84F0F468046DFF89CB0DFF89CA01A
:10390000DFF88C90061F002502E00135AF423BD066
:1039100056F8044FA307F8D1002CF6D0230FF4D0AB
:10392000206810EA0B0FF0D1C378F92BEDD1DAF84B
:10393000003053B103F108018C4203D35A680A44A2
:10394000944207D31B68002BF4D140F24A30FDF7B4
:10395000ABFE2068B9F8041040F001002060224658
:103960000B4801F0A7FAB9F80430642BCDD90C202C
:103970000AF0F0FD0135074A08EB85037D1BC0E91D
:103980000135116801601060BDE8F88F704700BF15
:103990004C390020583900200300004054390020E1
:1039A00038B505684DB104462846FFF743FFA188A6
:1039B0002846BDE83840FFF799BF38BD830709D1D5
:1039C00040B1030F06D00168234B194202D1CB78D6
:1039D000F92B00D07047214B2DE9F04104461B68BC
:1039E000002B33D003F108029442F8D35868024404
:1039F0009442F4D221F0030341F001019B6921605C
:103A00000BB120469847164D164C2F46AB8883B90C
:103A100023681846C3B1D3E90026D3F80880226092
:103A20000AF0BEFD41463046FFF760FFAB88002B31
:103A3000EED0384601F056FA036823F003039B6981
:103A4000002BE3D09847E1E7BDE8F08140F24A302F
:103A5000FDF72AFE2168CDE703000040543900201D
:103A60004C39002058390020F8B505460AF072FD9F
:103A70000446A5F10800830760602ED11B4A1C4F45
:103A8000556891681B4EC31C23F00043014423F08A
:103A90000303013543F00043C2E901513A68A360D2
:103AA000E26004F10803144A31683B6003EB9000C4
:103AB000106079B18C420DD30A68A2B1944203D24E
:103AC00011E09C4203D31A461368002BF9D12360FE
:103AD0001460F8BD21603460F8BD4FF45270FDF7FA
:103AE000E3FD6068CAE713460A46F0E7683900203C
:103AF00084390020543900205C3900202DE9F04F32
:103B0000834B1B780646980783B005D54FF4527057
:103B1000FDF7CAFD7E4B1B787E4A146895887C4A67
:103B200043F0020313706DB104EB850554F8040BE8
:103B300020F0010310F0010F18BF1868FFF73EFFD7
:103B4000A542F3D1744C3046FDF732FE23688BB1A9
:103B5000724B1B685E8D01F0F9FA256805EB86054E
:103B6000861B07D00024013455F8040BFFF726FF0D
:103B7000A642F8D16A4A6B4B16781D683EB1002404
:103B8000013455F8040BFFF719FFA642F8D1664936
:103B9000664A0B68176801330B60654B00221A6098
:103BA000002F00F0B180CDE90022904691467B685D
:103BB000019A07F108059B0805EB83061A44B542F4
:103BC000019248D22B6813F001017DD11A0F062A09
:103BD0007AD0AE4240F28880AA4601E0DAF800309E
:103BE000002B4FEA13720FDBD90714D4062A12D028
:103BF0005A0009D4DB78F92B40F2493001D0FDF7A7
:103C000053FD504601F048F95046FFF747FD0AEBD7
:103C1000800A5645E2D8AAEB05044FEAA40CE04519
:103C20004FEA8C024FF0FF01284642F0004BB8BF2C
:103C3000E046E1441FF040FA042CC5F800B04CDD2A
:103C400000236B60009B002B49D0009B00955D60BA
:103C50005546AE42B6D83F68002FA8D135490198E5
:103C60000B684FEA890202EB091780004FEA8804CB
:103C70007F009BB12E4B1D684FEA590975B12B6827
:103C8000C3F39906B14506D236E02B68C3F3990316
:103C90001E44B14531D36D68002DF6D122494B69E0
:103CA000C1E903246BB193420BD8B84201D3FFF7AB
:103CB00017FD174A137823F00203137003B0BDE811
:103CC000F08F194B5A61F0E723F001032B6028466F
:103CD000FFF7E4FC05EB8005BBE75546B9E7144B5D
:103CE00000951D605546B4E74FF00043B8F1000F52
:103CF0002B60AEDA8846ACE733469944A9EB06035D
:103D000005EB83030B60C9E73C4638463A46C5E7F6
:103D1000F5430020603900209439002098390020B4
:103D2000F6430020803900206839002054390020F3
:103D3000843900205C39002050F8043C5A0F032AD3
:103D400010B5044605D040F24930FDF7ADFC54F8FB
:103D5000043C43F0004344F8043C204610BD00BF3F
:103D60002DE9F84F42F6F823C71C98424FEA97070F
:103D70007CDC444BDFF810A15B68C3F30803002B25
:103D80005ED19AF8003018075AD143F001038AF83F
:103D90000030FDF7FFFC10B14368002B6DD0DFF859
:103DA000ECB0DFF8EC900026DBF80040002C4ED0A1
:103DB0004FF0000803E0A0461C46002B47D040F21D
:103DC00051301EB9D9F80030A34248D3A10701D120
:103DD000230F01D1FDF768FC2568002D40F24B3020
:103DE00001DBFDF761FCC5F39905ED1B002D636850
:103DF000E1DB0AD0AA0042F0004244F8272004EB9D
:103E00008707012D1CBF7B603B46B8F1000F31D006
:103E1000C8F80430002222604BB15B683BB19A07BE
:103E200001D11B0F03D14FF45470FDF73DFC9AF8FC
:103E3000003023F001038AF800302046BDE8F88FF7
:103E400040F29230FDF730FC9AF800309DE736B131
:103E5000012E08D01520FDF727FC0136A4E700202D
:103E6000FFF74CFEF9E7FFF73BFCF6E71620FDF7FE
:103E70001BFC7EE7CBF80030CCE740F24E30FDF77C
:103E800013FC8CE700ED00E0F543002084390020AE
:103E90005C390020033010B520F00304201DFFF72B
:103EA0005FFFE31D23F0804323F0030343F08043CF
:103EB00040F8043B10BD00BF08B538B1FFF7EAFF7A
:103EC00050F8043C43F0005340F8043C08BD00BFE8
:103ED000F8B5214B5B68C3F3080306460F46002B79
:103EE00034D1FDF757FC1D4D1D4AF31B9B102B7061
:103EF00004461760A8B10C20FFF7CCFF50F8043C33
:103F00006268026043F00053A26840F8043CE36832
:103F1000C0E90123E0600023A6602B7063602046A7
:103F2000F8BD1820FFF7B6FF0E4A50F8043C12689F
:103F3000026043F00053122240F8043C0023426127
:103F4000C0E903330446FDF72DFCE4E740F292306C
:103F5000FDF7AAFBC5E700BF00ED00E0F643002037
:103F60008039002094390020830702D108B1030F63
:103F700000D17047024B02469988184600F09ABF5C
:103F8000603900208207034602D108B11B0F00D11F
:103F90007047FFF7E7BB00BF0430FFF701BD00BF6C
:103FA00003460C309988FFF7A1BC00BF4068FFF7BB
:103FB0006DBC00BF10B504460430FFF7F1FC04F1FE
:103FC0000C00BDE81040FFF7EBBC00BF50F8043B0D
:103FD00023F00103198804398908FFF787BC00BF63
:103FE00003207047808880000F308008704700BF32
:103FF00002207047052070470349044A0023C1E9A5
:104000000033C2E900337047603900204C3900208A
:10401000704700BF02207047406810F075BA00BFBB
:10402000704700BF10B50446034B4160084623604B
:1040300010F04CFA204610BD003C040010B50446B8
:1040400082B0406810F02EFA88B1616868460FF0BF
:10405000ADFD694601A810F025F801A80FF0B6FDE6
:10406000606001A80FF08CFD68460FF089FD02B07A
:1040700010BD00BF38B505460820FFF771FE0446A5
:1040800028B1044B45602846236010F01FFA2046F3
:1040900038BD00BF003C0400FFF7ECBFA0F12003D7
:1040A0005E2B10D810B582B0044668460FF066FC4F
:1040B00004EB8400009BA0381844052102B0BDE841
:1040C0001040FEF7B5B80020704700BF10B584B0AF
:1040D0000C46416803A80FF069FD0023624203A962
:1040E000CDE9003303480CF06FFC03A80FF048FD46
:1040F00004B010BDE02D002030B585B00C464168FD
:1041000003A815460FF052FD0023624203A9009355
:10411000019504480CF058FC03A80FF031FD05B0E0
:1041200030BD00BFE02D002043689B8801FB03F1F8
:10413000FFF7CCBF70B584B00E46416802A81546A3
:104140000FF034FD02A903A80FF028FD00246FF042
:10415000FE0033462A4603A9CDE9000405480CF0C9
:10416000FDFC03A80FF00CFD02A80FF009FD04B040
:1041700070BD00BFE02D002010B5044682B0FFF7EF
:104180005DFF616801A80FF011FD01A80FF036FD79
:1041900001A80FF0F5FC02B010BD00BFF0B5074656
:1041A00083B00C4615461E46FFF748FF796801A804
:1041B0000FF0FCFCF3B22AB221B201A80FF028FDE7
:1041C00001A80FF0DDFC03B0F0BD00BF30B583B037
:1041D0000C461546416801A80FF0E8FC21B22AB24E
:1041E00001A80FF02BFD044601A80FF0C9FC24EA3A
:1041F000E47003B030BD00BF43685888704700BF0B
:1042000043689888704700BF002B14BFFF2300232A
:10421000FFF7C4BF08B5FFF7D9FF0028D4BF0020BF
:10422000012008BD43689B8801FB03F1FFF764BFD1
:104230001023FDF7E1BE00BF082870B504460D4607
:104240001AD0A0F10903012B07D92A4621461023D1
:104250000D20BDE87040FDF7CFBE0F4ED6F8DC094B
:1042600003689B6A98470528EFDCD6F8DC090368E9
:1042700008215B6A9847E8E7074ED6F8DC0903682F
:104280009B6A98470228E0DCD6F8DC090368042121
:104290005B6A9847D9E700BF0025002038B5074C76
:1042A0000546D4F8DC090AF0A7FCD4F8DC090AF0CA
:1042B000D7FC401BB0FA80F0400938BD0025002033
:1042C00070B50D461646044600F05EFA50B103681C
:1042D000DB6A98473246294620461023BDE87040E5
:1042E000FDF78ABE70BD00BF0A4610230321FDF70B
:1042F00083BE00BF0A460321FFF7E2BF0A46022140
:10430000FFF7DEBF08B500F03FFA28B10368DB6AAB
:104310009847003018BF012008BD00BF2DE9F843C1
:10432000204CD4F8DC090AF067FC1EF0C1F8804686
:10433000D4F8DC0989460AF067FC1EF0B9F8064695
:10434000D4F8DC090F460AF067FC1EF0B1F84246CB
:1043500004460D464B46404649461EF013F9324688
:10436000804689463B46304639461EF00BF90246E8
:104370000B46404649461DF04FFF224606460F4673
:104380002B46204629461EF0FDF802460B463046D5
:1043900039461DF041FF1BF02BFD1EF0A3FBBDE8CD
:1043A000F88300BF00250020032814D8DFE800F0C0
:1043B0000E090402FFF7B2BF084BD3F8DC090AF07C
:1043C0002BBC064BD3F8DC090AF01EBC034BD3F818
:1043D000DC090AF011BC0020704700BF0025002056
:1043E000014804F03FB800BFA42D0020024BD3F8D1
:1043F000E0090AF075BD00BF00250020014802F069
:104400006BBD00BFC82E002040B1012804D1064B6F
:10441000D3F8DC09F8F7E4BB00207047024BD3F86F
:10442000DC09F8F7BDBB00BF0025002008B5032854
:104430003FD8DFE800F02F2011021F4BD3F8E0092E
:104440000AF096FC1EF034F800221C4B1EF0C4F952
:10445000BDE80840FEF71AB8174BD3F8E0090AF098
:1044600037FD1EF025F8154B00221EF0B5F9BDE80A
:104470000840FEF70BB8104BD3F8E0090AF020FD16
:104480001EF016F80D4B00221EF0A6F9BDE80840FC
:10449000FDF7FCBF084BD3F8E0090AF009FD1EF058
:1044A00007F8064B00221EF097F9BDE80840FDF71B
:1044B000EDBF00200021CBE70025002000408F4009
:1044C000024BD3F8E0090AF091BC00BF00250020A0
:1044D000034BD3F8DC391A680146526A1846104774
:1044E0000025002008B5054BD3F8E0090AF0C4FC0C
:1044F000A0F10100B0FA80F0400908BD00250020BD
:10450000012808B505D0022811D0032808D00020C2
:1045100008BD0A480CF032FC003018BF012008BD6D
:1045200007480DF0EBFB003018BF012008BD05481F
:104530000CF024FC003018BF012008BD142E002010
:104540005C2E0020382E00200AB2FF2301B2014861
:104550000FF05EBBB42D002070B5FF2A82B0054677
:104560000E4604DC002A14460ADC002300E0FF2388
:104570000C4832B229B202B0BDE870400FF048BB1F
:10458000FF2A0CD0084803F04FFE0128E3B2EFD019
:1045900001210548019303F055FD019BE8E713460F
:1045A000E6E700BFB42D0020A42D00200AB20023AE
:1045B00001B201480FF02CBBB42D00200AB201B2A9
:1045C00001480FF03BBB00BFB42D002001480CF0A8
:1045D0005BB900BFE02D0020C1B2014803F032BD3D
:1045E000A42D002008B5024803F01EFE08BD00BF40
:1045F000A42D002001480AF0A5BC00BFA42D002076
:104600000146014803F050BFA42D002010B9034813
:1046100003F0B6BC014803F0CBBD00BFA42D0020C1
:1046200030B583B00C4901A80AF090FC01A80FF046
:10463000CDFA044601A80FF0A3FA0820FFF790FB7B
:10464000054610B12146FFF7EDFC20460FF05CFF58
:10465000284603B030BD00BFA42D00202DE9F04155
:104660000668B3F5807F28BF4FF480730446D6F800
:1046700000800D46002116461F46C0474FF4967035
:104680000AF0BEF8227D094B09481F2A98BF184638
:1046900072B6217D074C01F01F0141EA07513346F4
:1046A0002A46A04762B6BDE8F08100BF0005005071
:1046B00000080050C522002008B1436803B97047C4
:1046C00010B50446084600F05FF8626804F108017E
:1046D0004FF48073BDE81040FFF7C0BF08B14368D6
:1046E00003B9704770B504461546084600F04CF80B
:1046F0002B46626804F10801BDE87040FFF7AEBFC9
:10470000704700BF08B5194A41F25023D05870B124
:104710004FF0FF310EF0DAFA07EE900AFDEEE77A7D
:1047200017EE900A772803DC332803DC002008BD4D
:10473000FF2008BD9FED0E7ADFED0E6AF8EEE77AF6
:1047400077EEC77AFDEEE77A17EE903AC3EB0323D4
:1047500007EE903AB8EEE77AC7EE267AFDEEE77AF2
:1047600017EE900AFF28A8BFFF2008BD00250020F3
:104770000000504200008842704700BF704700BFF1
:10478000704700BF00F092B9722864D00ADC6A2832
:1047900067D012DD6E286AD02EDC6C285FD040DC3A
:1047A0003448704797285ED00FDD9B285DD017DC1A
:1047B00099284CD037DC30487047662837D020DD48
:1047C00068283ED035DC2D487047752835D01EDD71
:1047D00078283ED079282ED077280BD128487047EA
:1047E00040F2E933984230D040F2EA3398421CD08C
:1047F0009C2832D000207047702824D01FDC21482C
:104800007047642809D06528F4D11F487047732881
:1048100005D07428EED11D4870471D4870471D48CB
:1048200070471D4870471D4870471D4870471D4818
:1048300070471D4870471D4870471D4870471D4808
:1048400070471D4870471D4870471D4870471D48F8
:1048500070471D4870471D4870471D4870471D48E8
:1048600070471D4870471D4870471D4870471D48D8
:10487000704700BFE0280020982B002080280020EF
:10488000002A00204029002050280020B8290020BC
:1048900038280020A029002010290020C82B002043
:1048A000502B002068280020B0280020302A00204B
:1048B000D0290020702900209828002058290020A5
:1048C000382B0020B02B0020182A00208829002037
:1048D000F82B0020F8280020C8280020802B00207A
:1048E000E02B002028290020FFF74EBF10B5FFF76E
:1048F0004BFF20B10368BDE810405B68184710BD4E
:1049000010B5FFF741FF20B10368BDE810401B68F8
:10491000184710BD10B5FFF737FF20B10368BDE899
:1049200010405B69184710BD10B5FFF72DFF20B18F
:104930000368BDE81040DB68184710BD10B5FFF7ED
:1049400023FF20B10368BDE810409B6B184710BDE2
:1049500070B50446FFF718FF68B103680D461646A8
:1049600003215B6D98473246294620461023BDE857
:104970007040FDF741BB70BD014B9868704700BFA8
:10498000E038002008B5FFF7FFFE78B1C38804299E
:104990000CBF43F4807323F48073C3800368114613
:1049A0001B6D9847024B984200D008BD002008BDFF
:1049B00011FCFFFF10B5FFF7E7FE48B103681C6963
:1049C0004FF4FA62A44640F2DC53BDE81040604761
:1049D00010BD00BF704700BF10B5FFF7D5FE20B176
:1049E0000368BDE810401B6B184710BD08B5FFF702
:1049F000CBFE034A034B106000221A6008BD00BFC3
:104A00008C39002090390020026870B50D1E0446D4
:104A1000D66802DD0A4A12782AB9204633460021B8
:104A2000BDE870401847521101219140B0472368FA
:104A300004499B6B91FBF5F12046BDE87040184797
:104A40002623002040420F00114B124A1B78FF28FA
:104A500008DC002812DB107073B198B140110121FD
:104A6000814003E0FF2111703BB180210A4B18689F
:104A700010B10A4B1B783BB1704770470021117091
:104A8000002BF9D00021F1E70368DB68184700BF6D
:104A9000F7430020262300208C390020F843002013
:104AA000014B1878704700BF2623002070B50E4DCB
:104AB0002B680C46ABB10D4E014622461846012329
:104AC0003370FFF7A1FF002C0ADD204609F018FB28
:104AD000286818B103680021DB6898470023337009
:104AE00070BD034B2B60E6E78C390020F7430020B4
:104AF000EC37002010B559B101290CBF022100216B
:104B0000FFF742FE48B10368BDE810405B6C1847F0
:104B10000121FFF739FE0028F5D110BD10B5FFF7D0
:104B200033FE0368BDE810405B6D18470146002066
:104B3000FDF77EBB704700BF70B50C4D2C6882B08E
:104B400014B1204602B070BD2C201EF05AFA084B5A
:104B5000002603F1180203F130010096044611F01B
:104B6000E5FE20462C6002B070BD00BF88390020F1
:104B70007029002010B50446FFF7DEFF03682146C8
:104B80001B69BDE81040184770B50C4682B0F0B103
:104B9000054639B16A6863689A4203D040F28D30A5
:104BA000FCF782FDFFF7C8FF03686A685E6905F1DC
:104BB000080134B1154604F108030095B04702B06E
:104BC00070BD254623460095B04702B070BD39B18F
:104BD000FFF7B2FF036865685E6900210A46EAE7ED
:104BE00040F28D30FCF760FDF2E700BF10B50446DF
:104BF000FFF7A2FF036821469B68BDE810401847F5
:104C000070B505460C46FFF797FF03682A46214614
:104C1000DB68BDE8704018472DE9F043134C23686A
:104C200083B007460E4615462BB11A681846136A1C
:104C30009847002323603846FFF7A6FD0746304615
:104C4000FFF7A2FD80462846FFF79EFD81462C20F7
:104C50001EF0D7F900264B464246394600960546D7
:104C600011F064FE256003B0BDE8F08388390020B0
:104C700030B583B00446FFF787FD90F914503C200F
:104C80001EF0BFF9032300932946A2B2012306F0C8
:104C90003DFA03B030BD00BF10B5FFF775FD074CFE
:104CA0000146204600F0E0FE054B1978204681F0D1
:104CB0000101BDE8104000F02BBE00BFF82E00201F
:104CC000F84300200146034B034881F001021A70AB
:104CD00000F01EBEF8430020F82E0020F0B5044678
:104CE00083B0002017460E46FDF7A2FA6100054684
:104CF00000F1080289B200973346034810F0FAFB2E
:104D0000284603B0F0BD00BFB02C002010B582B023
:104D10000C4640004B68009281B204F10802024840
:104D200010F084FB02B010BDB02C00200023C0E9BD
:104D300001337047704700BF0023C0E90133C0E969
:104D400003337047704700BF2DE9F047C4888C4299
:104D500005460E462FD24FEA8408D0F80090002C6A
:104D600039D03F2C35DDB4F5007F3DDB04F580778D
:104D70004FF6FE724FF6FF73974288BF1F46B74249
:104D8000B8BF3746B80009F0E5FB82461CB1424681
:104D900049461EF06DF93A1B920000210AEB08000B
:104DA0001EF08AF9484609F0FBFBC5F800A0EF8029
:104DB000AE80BDE8F08782889142F9D20068521A2D
:104DC00000EB8100920000211EF076F9AE80BDE874
:104DD000F0876700D3E704290F46B8BF0427B8005F
:104DE00009F0B8FB8246D6E7034B08EB0407A3FBA8
:104DF00007377F08C3E700BFABAAAAAA704700BF66
:104E0000704700BF704700BF704700BF704700BFCA
:104E10000B6823F0010370B51B89042B0C46054673
:104E200002D13DB9204670BD40F28530FCF73CFC14
:104E3000002DF7D0E81C8000FEF792FF064608B16F
:104E4000074B0360A368B360AAB2B580920000214B
:104E500006F10C0034461EF02FF9204670BD00BF4D
:104E6000303C040038B502690A4B9A42054603D02B
:104E70004FF46270FCF718FC2888FEF771FF0446B7
:104E800000B105602A880021043A201D1EF014F9A3
:104E9000204638BD014E0200036823F001031B6960
:104EA000184700BF036823F001031B69184700BFC0
:104EB000704700BF4FF6FE7399420AD883888B4231
:104EC00070B5054616460C4604D92B6843F8246095
:104ED00070BD70470131FFF737FF2B6843F824603E
:104EE00070BD00BF83884BB1013B9BB202688380D9
:104EF000002152F8230042F82310704718467047EB
:104F0000C38870B54BB33F2B0FDDB3F5007F2CDBAF
:104F100003F580744FF6FE72944223D8A4B28C42FB
:104F200038BF0C46A34207D370BD5C00A4B28C42CC
:104F300038BF0C46A342F7D20546A000FEF7AAFFF1
:104F4000EB880646E3B9E21A920006EB83000021E3
:104F50001EF0B2F82E60EC8070BD042938BF042129
:104F60000C46E7E74FF6FF74E4E7084A03EB8304D7
:104F7000A2FB0424C4F34F048C4238BF0C46D9E78B
:104F80009A0029681EF074F8EB88DCE7ABAAAAAA9D
:104F900030B5C3888B4283B005460C4609D90368F7
:104FA00043F82120AB889C4224BF0134AC8003B07D
:104FB00030BD4FF6FE739942F9D8013189B20192A2
:104FC000FFF79EFF2B68019A43F82420EAE700BF11
:104FD00038B5C3888B4204468DB201D2AB4201D9A9
:104FE000A58038BD2946FFF78BFFA58038BD00BFDF
:104FF00083884BB1013B9BB202688380002152F849
:10500000230042F82310704718467047F8B583888C
:105010008B421DD905684A1C8F009342044655F8FF
:10502000216005EB070007D8013B9BB20022A3805B
:1050300045F823203046F8BD5A1A02F18042013A61
:10504000391D294492001EF01EF8A3882568EBE75D
:105050000026EFE783888B421CD970B50E461546B3
:10506000591CC28889B28A4204460FD9701C216833
:1050700080009B1B061F9A00084431441EF003F871
:10508000A388226801339551A38070BDFFF738FFD4
:10509000A388EBE7FFF77CBF024A02600022C0E969
:1050A00001227047C03C0400024A026000224260B4
:1050B000704700BF903C0400034A02600022C0E930
:1050C0000122C0E903227047603C04002DE9F04151
:1050D000068945681EB32B68994224D02A460020D1
:1050E00003E052F8044F8C4217D00130B042F8D19F
:1050F000B1F804808F1D002404E00134A6420ED0D4
:1051000055F8043F9A889045F7D1991D4246384694
:105110001DF09FFF0028F0D12046BDE8F0814FF040
:10512000FF30BDE8F0810020F7E700BF704700BF07
:10513000FCF7BABA014B1B68186970479839002010
:10514000014B1B689869704798390020014B1B6818
:10515000188C704798390020014B1B68D86B70473A
:10516000983900200268F8B544F210239A4200D022
:10517000FEE74368194A1968194F91423B6014D001
:105180000646188C174D8000FEF796FE3B68286097
:105190001A8C002192001DF08FFF3C68124B226890
:1051A00029689A420D6006D0FEE740F29F30BDE8C4
:1051B000F840FCF779BAB36822699A42F4D1FCF757
:1051C000C3FA3A680023156B04F140001A461946E9
:1051D000A847BDE8F840FCF78BBA00BF718E3B9240
:1051E0009839002094390020708E3B920148FFF7D7
:1051F000B9BF00BFA033040048B110F0030207D1CB
:10520000036823F00103D978F92903D010467047C9
:10521000002070471889A0F10600B0FA80F040091C
:10522000704700BF70B505460C20FEF799FD044697
:1052300020B1154B03600023C0E901333DB1AB073A
:1052400005D12B6823F00103DA78F92A01D0204632
:1052500070BD0E4A9342FAD12E89002EF7D0204617
:10526000FEF782FE63899E4203D93146201DFFF777
:1052700047FEB2006968268160681DF0F9FE20468D
:10528000FEF780FE204670BDC03C0400603C040078
:1052900038B50D46044608B1830714D040F29B3060
:1052A000FCF702FA29462046FFF710FF051E08DB2F
:1052B0002946201DFFF7AAFE294604F10C00FFF73E
:1052C000A5FE422038BD036823F00103DA78F92AED
:1052D000E4D1024A9342E5D0E0E700BF603C04001D
:1052E000704700BFDFF8D8C02DE9F043C0F3072EA8
:1052F000044603FB0EFE304E30488CFB0E87C4F391
:1053000007454FEAEE7ECEEB671E03FB05F5C1F3C2
:105310000729C1F30748C9B203FB01F786F800E08B
:10532000E4B28CFB05E1ED1703FB04F4C5EB61155A
:1053300075708CFB0415E41703FB09F9C4EB6515C4
:10534000C2F3072EC2F30744D2B203FB08F803FBF3
:105350000EFE03FB04F403FB02F38CFB09214FEA6E
:10536000E972C2EB6112B570F2704FEAE8758CFB1E
:105370000812C5EB62158CFB0712FF17C7EB62170B
:105380008CFB0E124FEAEE7ECEEB621E8CFB0412FB
:105390008CFB03C1E417DB17C4EB6214C3EB61138E
:1053A00035713146777186F806E0F471337209225F
:1053B000BDE8F04312F04ABA9C390020802B00204F
:1053C0001F85EB510022114610461423FFF78ABFB8
:1053D000024601461423FFF785BF00BF10B51048F1
:1053E00082B00AF0D5FC90B10246002301A80C4916
:1053F0000AF070FC0198B0F902100430FCF716FFB7
:10540000044601A80EF052FF204602B010BD01462E
:105410000448FCF70BFF0446204602B010BD00BF55
:10542000302C0020484B040030B5034683B00E4CAE
:10543000B0F904200D4601A8991D0EF0AFFF01A997
:10544000002220460AF02CFA01A80EF02FFF2A466F
:10545000102301210C20FCF7CFFD204600210AF08B
:10546000A7FB03B030BD00BF302C002098B100B5C1
:10547000014683B0B1F9042001A806310EF08EFF79
:1054800001A9022204480AF061F901A80EF00EFFFA
:1054900003B05DF804FB7047302C0020014628B1B2
:1054A00042680348022308310AF026B9704700BF5A
:1054B000302C0020F8B5051E21DD022729460020EA
:1054C000FCF7B6FE044600F10806FEF74DFD3B462C
:1054D000314662680D480AF087FB854209D00146D3
:1054E0003046FCF7A5FE05462046FEF74BFD284654
:1054F000F8BD20462546FEF745FD2846F8BD034881
:105500000AF046FC00270546D8E700BF302C0020F3
:1055100070B50D4614460646FFF736F990B1284699
:10552000FFF732F970B13046FFF72EF906462846EC
:10553000FFF72AF93146024605480AF01FF9054BE4
:1055400001221A7021460248BDE870400AF008B9ED
:10555000302C0020F9430020014601480AF000B930
:10556000302C002038B5094A094B02F1E0042046EE
:10557000A2F1180100251D700AF000F920464FF431
:10558000E131BDE838400AF0EBB800BF502B0020F5
:10559000F9430020014601480AF0C6BB302C002028
:1055A000014601480AF0DABB302C0020024B1B7880
:1055B00003B1704706F016B8F9430020024B1B7880
:1055C00003B1704706F00EB8F943002010B582B061
:1055D000B0F90420811D68460EF0E0FE6A46022301
:1055E00001A809490AF072F90198B0F902100430D3
:1055F000FCF71CFE044601A80EF058FE68460EF0AB
:1056000055FE204602B010BD302C002000B5831D91
:1056100083B0B0F9042069B9194601A80EF0BEFEA6
:1056200001A90C4803F0F6FC01A80EF03FFE03B000
:105630005DF804FB194601A80EF0B0FE01A9012295
:10564000044803F04FFD01A80EF030FE03B05DF8F2
:1056500004FB00BFE8370020014803F075BA00BF23
:10566000E837002070B50E46FDF7B8F9044630461D
:105670000D46FDF7B3F902460B46204629461AF0BF
:1056800085F9BDE87040FCF701BF00BF08B5FDF724
:10569000A5F919F01DFFBDE80840FCF7F7BE00BFF3
:1056A00008B5FDF79BF919F0CFFEBDE80840FCF7FF
:1056B000EDBE00BF08B5FDF791F919F079FEBDE820
:1056C0000840FCF7E3BE00BF08B5FDF787F9F7F720
:1056D000F7FBBDE80840FCF7D9BE00BF08B5FDF7F1
:1056E0007DF91AF001F9BDE80840FCF7CFBE00BF14
:1056F00008B5FDF773F91AF04FF8BDE80840FCF75C
:10570000C5BE00BF08B5FDF769F91AF071FBBDE829
:105710000840FCF7BBBE00BF08B5FBF7D1FFFFF7A1
:1057200065FD002008BD00BF70B50A4A41F2502354
:1057300005460C46D05801210DF0F2FA022D224602
:105740000CBF0221012110231520BDE87040FCF799
:1057500053BC00BF00250020124A41F25023D35809
:10576000E3B181F3080207EE902A9FED0F7A9FEDD7
:105770000F6ADFED0F6AF8EEE77A022867EE877AA4
:10578000184687EE867A77EE267AFDEEE77AF8EE0F
:10579000E77A17EE901A02D00DF008BB70470DF0B3
:1057A000D3BA00BF002500200000884200007F43DC
:1057B00000005042704700BF704700BF024B1B689B
:1057C00003EB4000704700BF98390020704700BFCE
:1057D000704700BF704700BF0048704716FCFFFFCE
:1057E000704700BF704700BF82B070B50C4684B0F0
:1057F00005464968206802AC03C4039908AC481008
:1058000084E80C00CB0745BF2A58029B029CD45861
:105810000AAB2E1893E803008DE8030008AB0CCB0D
:105820003046A04704B0BDE8704002B0704700BFEA
:1058300010B50446D0F8E808036801211B689847B2
:105840000121D4F8E80810F01FFED4F84818D4F865
:10585000E0080FF0B3FA012384F8603810BD00BFF0
:1058600038B50446D0F8E80803680025294684F8CE
:1058700060581B6898472946D4F8E808BDE83840C6
:1058800010F002BE82B038B504A9044681E80C00CD
:10589000D0F84808BDF8125018300CF09FFF18B926
:1058A00025F00205012D05D12046BDE8384002B0A3
:1058B000FFF7BEBF2046BDE8384002B0FFF7D0BFBB
:1058C000FF2906D808B58900083002F00DFA00203B
:1058D00008BD6FF47A70704708B5083002F01AFA04
:1058E0000028B8BF0330801008BD00BFD0F8DC38F6
:1058F00080F862185BB1D0F8682819B911461846CB
:1059000010F01AB911461846012210F0E9B8704794
:10591000D0F8DC3880F863185BB1D0F8642819B986
:105920001146184610F008B911461846002210F02A
:10593000D7B8704770B5044682B038201DF061FBBF
:1059400004F1080513232A46064600931849194B0B
:105950000FF0E4FE0021C4F8DC6830460FF0C6FF0B
:10596000D4F8DC080FF092FE81B2284602F0E2F98A
:105970004FF40041284602F0E7F994F862182046F7
:10598000FFF7B4FF94F863182046FFF7C1FFD4F87F
:10599000D8380BB102B070BD284640F2FF33054A3B
:1059A00004F66C0102F060F9C4F8D80802B070BDCA
:1059B0000010024000442C47044B186810B1D0F886
:1059C000DC3803B17047FFF7B5BF00BFA83900202E
:1059D00010B5044689B3D0F8DC3823B3C388214A14
:1059E00043F001030221C380C2F88410BFF34F8F3C
:1059F000BFF36F8FD0F8DC0810F06CF8D4F868189B
:105A0000D4F8DC0810F098F8D4F86418D4F8DC085E
:105A100010F092F8D4F8DC0810B103689B6998473D
:105A20000023C4F8DC3894F86038DBB284F86138BD
:105A30002046FFF715FF002010BDC388DA0705D503
:105A4000D0F8DC2823F00103C38042B194F8613818
:105A5000002BF0D02046FFF7EBFE002010BDFFF733
:105A600069FFF3E700E100E070B50446D0F8DC0818
:105A700094F86358002384F863380E4618B1D4F8BC
:105A8000641810F059F8C4F8646829462046BDE847
:105A90007040FFF73DBF00BF70B500F108040AF089
:105AA00027FC0646204602F073F90546204602F020
:105AB00075F96DB105F5B5550C35B54208D830B15D
:105AC00000F5B2500830B0428CBF0020012070BDFC
:105AD000012070BD2DE9F04F83B0DDE90C9ABDF8CF
:105AE0003880002B3BD0B9F1000F35D00F2902D1FF
:105AF000B8F1C00F33D1074628201D460E46934605
:105B00001DF07FFA044610300EF000F818202680B1
:105B1000A4F802B01DF075FACDE9009A06466B466E
:105B2000024603CB46F80C5B00233D68D36048F087
:105B300002087360E360506091600E495161C4E9EE
:105B40000833A4F80480A2606B6838462146984761
:105B500040B903B0BDE8F08F1AF0010FC6D16FF461
:105B60007A70F6E7204608F07FFD20461DF042FAE5
:105B70000148EEE7E957020016FCFFFF70B5044646
:105B8000D0F8DC081B4B236048B1D4F868180FF03C
:105B9000D3FFD4F86418D4F8DC080FF0CDFF164B0F
:105BA000C4F8F43803F18402A833C4F80C29C4F80B
:105BB0001439124E002504F512600EF0E5FA04F6D1
:105BC0000C10C4F80C69A4F8125907F0EBFE04F5A8
:105BD0000F6002F087FF04F66C0002F089FC04F10C
:105BE000080001F01DFE20462660E58007F0DAFE81
:105BF000204670BDF83C0400B4480400344F040053
:105C000010B50446FFF7BAFF20461DF0F3F9204611
:105C100010BD00BF2DE9F04F774D05608BB000251A
:105C20000646456004468B4692461F46DDF8509076
:105C300007F048FE714B46F8083B40F2FF32032361
:105C40006F49304601F0A6FD04F66C08012284F885
:105C5000605884F8622884F8632840F6C2314AF616
:105C60004442C4F864B8C4F868A884F8615840464F
:105C700002F074FC159BC4F8E8384146C4F8D858C3
:105C8000C4F8DC58C4F8E078C4F8E49804F50F6070
:105C900002F026FF31462B2204F6F40003F0D6FC76
:105CA000584A1168002900F0A4804046012102F002
:105CB0000DFF0022494638460FF032F81621C4F88D
:105CC000480838460EF094FF00220721D4F848080F
:105CD0004D4D0EF043FD07F0E5FD074650201DF049
:105CE00090F9D4F848183A46064618310DF0DCFD14
:105CF000C4F8546830460DF055FC074648201DF0A6
:105D000080F90A2202233946CDE900323F4A0123B5
:105D100006460DF0B3F9D4F85408C4F84C6803688B
:105D20009B689847804668201DF06BF9384A0192BD
:105D300000261522CDE902264FF08342354B009212
:105D40004146354A07460CF067FF2B68C4F858787F
:105D5000A3B1324AD4F85478CDE9042604AA92E8D3
:105D600003003F894FF0C00C8DE80300324618460F
:105D7000CDF808C039462346FFF7ACFE50201DF091
:105D800040F9D4F84C182522243106460DF08CFD3C
:105D90002B68C4F8506843B30026DFF88080CDF844
:105DA0001880079606AA92E80300C0278DE8030032
:105DB00032461846252123460297FFF78BFED4F87A
:105DC00048082D68314618300CF0FCFCCDE90886F7
:105DD0000AAB024613E9030002978DE8030023464D
:105DE000284640F2FF31FFF775FE20460BB0BDE8B4
:105DF000F08F146059E700BF344F0400F83C0400F2
:105E000000442C47A8390020D03B00200AD7A33DEE
:105E100000005042000082420000AA428558020061
:105E200000487047303D0400BFF34F8F0549064BD3
:105E3000CA6802F4E0621343CB60BFF34F8F00BF28
:105E4000FDE700BF00ED00E00400FA0512DF704737
:105E5000704700BF084608F0D5BC00BF11F090BCE9
:105E6000084608F0CBBC00BF11F098BC024A0349B9
:105E700001601060704700BFB8390020583D040031
:105E800030B583B002AB002103F8011D054618466A
:105E9000FFF7DCFF9DF80730012B1BD0134A144895
:105EA000012313600424C2F80011D2F80031002B42
:105EB000FBD0D2F80835013C43EA0020F3D101239E
:105EC00053602B680B4A9B69934209D108F09AFCF6
:105ED00003B030BD2B68074A9B6905489342F5D053
:105EE00001462846984703B030BD00BF00D00040AF
:105EF000ED5EBC0B555E0200034B1B680BB108F056
:105F000083BC1846704700BFB83900204FF080535B
:105F1000586E704770B4174E174C0FCE89B001AD54
:105F20000FC596E8070003C5002104F8051F4FF0D0
:105F300080532A705E6E0520012501EB810208ABBB
:105F40001A44B6FBF0F300FB1363B3FBF5F31A44FA
:105F5000013112F81C2C04F8012D0529A6EB0306CB
:105F600000EB800005EB8505E7D1034809B070BC64
:105F7000704700BF143D0400AC39002000B583B069
:105F800002A8002300F8013DFFF760FF9DF807001D
:105F9000A0F10100B0FA80F0400903B05DF804FB05
:105FA00008B5FFF741FF00BF014B1860704700BF05
:105FB000B43900202DE9804889B0DFF8709207904D
:105FC00011F0D4FB914A9249924D0023C1F810354B
:105FD00009F10404C2F810354846C2F814351C21F2
:105FE000C2F81835C2F81C35C2F82035C2F824357D
:105FF000C2F828354FF0A043032201F5E071844236
:1060000043F8212009D010F8011F1F2986BF01F095
:106010001F012B464FF0A043EFE77F4B7D4D1C1D2A
:106020001A464FF0A0411523032003F5E073944274
:1060300041F8230009D012F8013F1F2B86BF03F05F
:106040001F0329464FF0A041EFE77348714D152318
:106050004FF0A041012404FA03F38242C1F80C3549
:1060600009D010F8013F1F2B86BF03F01F032946FC
:106070004FF0A041EFE7694B694A1B68126806932D
:10608000DFF890A10592002303934FF0010B059BCD
:10609000002B00F0AF80039A934240F3A9800023C5
:1060A0000493604B01931B244FF0A04800230293FC
:1060B000019B03F1040E029B272B6FDC039B49F627
:1060C0003F42052B49F6404C40F69F73ACBF4FF45E
:1060D0007A6C1346019E504F49F6404265460420B3
:1060E0000441E407CC464FF01C010FD51F2943D8CB
:1060F0004FF0A0440BFA01F1C4F80C1580B13478CC
:106100001CF8011F01380441E407EFD41F2937D8D8
:106110004FF0A0440BFA01F1C4F808150028EED1A5
:106120005DB139781F2986BF01F01F0150464FF03D
:10613000A0400BFA01F1C0F80815002102E001317E
:10614000914212D09942D8F80405F8D138781F2826
:1061500086BF00F01F0054464FF0A04401310BFAF7
:1061600000F09142C4F80C05ECD1764507F1010727
:106170000AD016F8014FB2E701F01F015446B9E703
:1061800001F01F015446C5E7029B0133302B0293F7
:1061900009D0019B1C78029B272B8FDD4FF0FF332A
:1061A0004FF0000C96E7049B591C04292AD00129C2
:1061B00026D0049B012B14BF01230A231A48079AF7
:1061C00092FBF3F380FB0320DA17C2EBA00202EB91
:1061D0008202A3EB4203303305225BB26FF09F00D3
:1061E00012FB0303069A0491D1180191D45C5DE778
:1061F000FFF71AFE0B4B0193059B04931B2453E7F7
:106200006423DBE7039B0133039340E70460004012
:106210000060004000030050403D0400C820002002
:10622000B4390020383D040067666666483D0400C6
:1062300008B50846FBF738FA08BD00BF4FF0FF303D
:10624000704700BF054B186828B10368044ADB6932
:10625000934202D1704711F091BA1847B839002023
:10626000515E02000048704716FCFFFF10B5074B57
:1062700003F1080248330446026040F83C3F0AF04C
:1062800045F9204601F05CFE204610BD783D040033
:10629000A0F13C00FFF7EABF094B10B503F108027B
:1062A00048330446026040F83C3F0AF02FF920468C
:1062B00001F046FE20461CF09DFE204610BD00BFAA
:1062C000783D0400A0F13C00FFF7E6BF2DE9F04166
:1062D000044682B01820154688461CF092FE01261E
:1062E00007461B220C4911F0C3F92B46424639469A
:1062F0002046009601F062FF2A46214604F13C0048
:106300000AF02EF9054B204603F1080248332260BB
:10631000E36302B0BDE8F08100B00140783D0400C5
:10632000F8B54FF4006206464263044656F8640B23
:1063300003680025DF6931460B23B847294684F8F6
:106340008B5084F8805084F8755084F89050102257
:1063500004F181001BF044FF29466064102204F11F
:1063600076001BF03DFF656B2368E06405F5006572
:10637000E5631A68676C126B184690472844874299
:1063800003D3E56C636CAB4201D30020F8BD2068F9
:106390000368DB6A98478542F7D230460E220349EC
:1063A0001CF057FEB0FA80F04009F8BDDC3D040057
:1063B00010B50446C0E901230160042308314FF4FD
:1063C00080720C3005F0DAFC0022012104F1240077
:1063D00007F0D6FF04F198000EF002F80023C4E99C
:1063E0001433A363236223646363E3636364A36579
:1063F000E36484F85C3084F85D302366C4F894303C
:10640000204610BD30B5036ADB078DB0044602D4C8
:10641000FFF786FF90B12D22002168461CF04CFE4C
:106420002068616B03686A461D6A0B23A8472068D1
:10643000E16C03686A461D6A0123A847236A23F0BA
:10644000010323620DB030BD38B500F124040546C8
:10645000204607F09FFF2846FFF7D4FF2046BDE8FF
:10646000384007F0CFBF00BF10B5044698300DF09C
:106470001DFF204610BD00BFC1600020704700BF57
:10648000014B1880704700BFE843002010B5044B53
:10649000036000230446C38007F084FA204610BD41
:1064A000344F040010B5064B036000230446C3803C
:1064B00007F078FA20461CF09DFD204610BD00BF75
:1064C000344F040082B070B50C4684B0054649686C
:1064D000206802AC03C4039908AC481084E80C009F
:1064E000CB0745BF2A58029B029CD4580AAB2E18F2
:1064F00093E803008DE8030008AB0CCB3046A047BF
:1065000004B0BDE8704002B0704700BF10B5006A2B
:1065100084B0026800230093146AE0210DF10F0299
:10652000A04704B010BD00BF2DE9F843154D05602C
:106530000025044645601F4689469046BDF8206008
:1065400007F0C0F910482060C4E90898A7622A46FD
:1065500004F12C00012107F013FFE388256143F4C7
:1065600080430020002143F004036561A561C4E974
:106570001001E563A4F84850A680E3802046BDE8FA
:10658000F88300BF344F0400403E0400C3885B071B
:1065900000D47047FFF7BABF30B5C3885B0783B03C
:1065A00004460D4601D5FFF7B1FF206A2A6801684D
:1065B0005388002400940C6A0432E021A04703B001
:1065C00030BD00BF70B50646486AD0F83C33B0F81D
:1065D00042435B6884B000F54F700D469847B0FAAF
:1065E00080F0C4F300244009A04215D003A8012282
:1065F0000C210DF09FFDEB885B071DD4286A039AE0
:106600000368002100919C6A04320C23E021A0471A
:1066100040B103A80DF0B8FD30460DF085FD3046C1
:1066200004B070BD03A930460DF0A6FD03A80DF01F
:10663000ABFD304604B070BD2846FFF767FFDDE7CD
:1066400070B50C4682B0064668460DF06DFDE388D5
:1066500043F00103E3800125012008F0CFF8214633
:1066600001A8FFF7AFFF01A968460DF095FD01A84D
:106670000DF08AFD009B5A88691CE2B11A79202A24
:106680001DD1E2885B79920601D5392B1FD0312BC1
:1066900011D0022168460DF0FDFDE38823F00103CF
:1066A000E380694630460DF067FD68460DF06CFDED
:1066B000304602B070BD132D0CDC0D46CCE7132A1A
:1066C000E7D059790E4808F025F8C11CE2E701210E
:1066D0000D46C1E70122022101A80DF02BFD019B0F
:1066E0003822202119715A71E38823F00103E380D5
:1066F00001A930460DF040FD01A80DF045FDD4E79D
:10670000F03D0400F0B5164683B00D461F46044622
:106710000DF00AFD314601A80DF02EFD01A9284615
:10672000FFF73AFF00B92FB901A80DF02DFD204663
:1067300003B0F0BD01A80DF027FD294601A8FFF721
:106740007FFF01A920460DF027FD01A80DF01CFDDB
:10675000204603B0F0BD00BF70B582B016460446B7
:1067600001220D46684602210DF0E4FC20460DF0A2
:10677000DBFC009B10225E711A71694601A80DF0C6
:10678000FBFC01A92846FFF707FF064601A80DF00C
:10679000FBFC56B9294601A8FFF752FF01A9204684
:1067A0000DF0FAFC01A80DF0EFFC68460DF0ECFCD2
:1067B000204602B070BD00BF30B5CB889B0783B0C8
:1067C0000C46054606D5A068A38928602846AB80FC
:1067D00003B030BD68460DF0A7FC012201A8214698
:1067E000FFF7BAFF01A968460DF0D6FC01A80DF02D
:1067F000CBFC009BB3F80730A381022201A82146FD
:10680000FFF7AAFF01A968460DF0C6FC01A80DF02C
:10681000BBFC009BB3F807302381022B03D1E38834
:1068200043F02003E3800322214601A8FFF794FFF1
:1068300001A968460DF0B0FC01A80DF0A5FC009A76
:10684000A189B2F80720E388628149F604129142D7
:1068500043F0020016BF23F0040343F0060343F0A5
:106860000203E080E38068460DF08EFCABE700BFDA
:1068700070B584B006460C4601A8012204210DF033
:1068800059FC019A0823012584F001041221D471D6
:1068900011715371957101A90DEB03000DF06CFCA2
:1068A0002B46314602AA03A8FFF72CFF03A80DF0E0
:1068B0006BFC02A80DF068FC01A80DF065FC04B0AB
:1068C00070BD00BF70B5012184B00546FFF7D0FF51
:1068D0000021012007F07AF801A8012204210DF01F
:1068E00029FC019B082201241226072001A91E7100
:1068F0005871DA719C710DEB02000DF03DFC2346DE
:1069000002AA294603A8FFF7FDFE03A80DF03CFCF0
:1069100002A80DF039FC0A2007F070FF686A032115
:1069200000F54F700FF0CEFD4FF0804301A8C3F883
:1069300000450DF029FC04B070BD00BFC388DB0723
:1069400000D5704730B50446406AD0F83C33B0F803
:1069500042535B6883B000F54F709847B0FA80F0FF
:10696000C5F300254009A84213D068460DF0DCFBB2
:1069700001A82146FFF726FE01A968460DF00CFC90
:1069800001A80DF001FC009B5A8822B968460DF061
:10699000FBFB03B030BD1A79112AF7D15A79092AC5
:1069A000F4D19A79012AF1D1DB79032BEED120467B
:1069B000FFF788FFEAE700BFC38870B513F0010452
:1069C00003D0114B00221A6070BD0546406AD0F812
:1069D0003C33B0F842635B6800F54F709847B0FAFB
:1069E00080F0C6F300264009B042EAD0064A136898
:1069F0001D2B02DC0133136070BD28461460BDE816
:106A00007040FFF79BBF00BFBC390020C38819B995
:106A100023F00103C380704743F00103C380704734
:106A200008B507F097FC003018BF012008BD00BF73
:106A30002DE91848044609F04BFCD4E91023821ACA
:106A400061EB0303002B08BFB2F5FA7F06D3E06BBE
:106A50000028CCBF00200120BDE818880020BDE838
:106A6000188800BF2DE9F04F8BB0054699469DF878
:106A7000503004930C460191904609F039FCAB6A02
:106A8000002B00F0008106460F4609F031FC8246DB
:106A90008B467CB1894508BF8045C0F0F280B8EBD9
:106AA0000A0069EB0B01794A00238B4208BF82423E
:106AB00080F0E78028460121FFF7DAFE049B002BD7
:106AC0000CBF01200220002106F080FF08A809F079
:106AD000E1FCCDE90201A86A42690368D2F84815D1
:106AE0000591D2F804130691D2F80413DB69C2F8B9
:106AF0000813C2680792664A934240F0BA80654B19
:106B0000C360DFF8A4A10023AAF80030049B002B87
:106B100000F09C80686A032100F54F700FF0D2FCF2
:106B20005D4B40221A60A86A089A03680221DB6B59
:106B30009847A86A03689B6A9847DDE90223B8F181
:106B40000D0049F1FF31921B63EB0703801B61EBE2
:106B5000070192185B41801A61EB0301089C002633
:106B600000278046894628E04F4508BF464529D280
:106B7000B8EB060269EB070348480021994208BFB9
:106B8000904200D20246A86A036802212244DB6BCD
:106B9000984730BFA86A03689B6C9847041B361956
:106BA000834647F1000709F0A3FBBAF800309BB217
:106BB00000213BB1AAF800105C46019B002BD3D109
:106BC000364AE0E7686A002100F54F700FF07AFC62
:106BD0000499002933D0A86A03681B6B9847A86AF8
:106BE00043690268D3F80413D269C3F8081328492B
:106BF0008A4241D1079AC260059AC3F8482500220B
:106C000000231946104609F055FCAB6A049A5B69EB
:106C1000002A069AC3F804230CBF03200420002195
:106C200006F0D4FE00212846FFF722FE09F050FBB3
:106C3000C5E91001002318460BB0BDE8F08F159B85
:106C4000002BC8D018460FF03DFCC4E7159B002B65
:106C50003FF460AF1B6815985B689847159B1598C3
:106C6000DB8813F4807F0CBF032102210FF02AFC84
:106C700050E70849984744E707999047AB6A5B6932
:106C8000BAE7074BD7E7074BD5E700BF9F86010060
:106C9000796402008164020000E100E0BFBDF0FF02
:106CA00009FCFFFF16FCFFFFE843002070B584B02D
:106CB00004AB0024002563E902450646184609F0A6
:106CC00011FC002501240146DDE902233046CDE90F
:106CD0000045FFF7C7FE04B070BD00BF2DE9F041CD
:106CE000044682B00E46154610309846BDF828700E
:106CF0000CF00CFF2680658018201CF082F908AB90
:106D0000054693E803006A4682E803002E4603CA5C
:106D100046F80C8B0023084AEB6047F002077360CB
:106D200068602046A780A560E360C4E90833A960D5
:106D30006A6102B0BDE8F081C564020010B5104B75
:106D40001C6890B0CCB10F4A04920022059204AAAC
:106D5000034692E8030010228DE80300029240F2FD
:106D6000FF31052206A8FFF7B9FF236806A99B6833
:106D70002046984706A807F077FC10B010BD00BF6A
:106D8000D03B0020C96D020038B50446002007F052
:106D9000E9FA2046FFF7D2FF2046FFF787FF0546B6
:106DA00004F12C0007F042FB284638BD10B504461C
:106DB0002C3007F03BFB002007F0D4FA2046BDE85A
:106DC0001040FFF7BBBF00BF82B08DE80C00BDF8DC
:106DD000002040F2FF339A4201D002B07047BDF864
:106DE0000230052BF9D102B0FFF7E0BF4CDF70474E
:106DF00010B5044B036000230446C38006F0D2FDA7
:106E0000204610BD344F040010B5064B036000232C
:106E10000446C38006F0C6FD20461CF0EBF8204671
:106E200010BD00BF344F040070B5094B036000254E
:106E3000044645600E4606F045FD4FF47A73054A58
:106E40002561E360A680A5602260204670BD00BF7A
:106E5000344F0400643E040010B5C38843F48043FB
:106E6000C38086B0044609F033FAA2680023994231
:106E700008BF904202D2002006B010BD002301934B
:106E8000FFF77CF808BB134B01221A60D3F80021EE
:106E9000002AFBD00022C3F80021D3F80825019274
:106EA00001215960002AB8BF03329210228209F0F2
:106EB0000FFAE368A18818440123A0601A4602A8CB
:106EC0000CF004FE002006B010BD01A8FFF78EFFF5
:106ED000019AE7E700C0004010B50446FFF7BCFF89
:106EE000B4F91000B4F91230C01A10BDFFF7B4BFE6
:106EF000002070470368DB6A184700BFA0F1080054
:106F0000FFF7F8BF094B10B503F1080248330446F8
:106F10000260836018300DF0C9F9054B236000232F
:106F20002046E38006F03EFD204610BDC83E04002A
:106F3000344F04000B4B03F10802483310B50446EC
:106F40000260836018300DF0B1F9074B2360002315
:106F5000E380204606F026FD20461CF04BF8204634
:106F600010BD00BFC83E0400344F0400002070472D
:106F70002DE9F041104D0560002545600446174697
:106F80001E468846BDF8185006F09CFC0B48C4F815
:106F90000C8000F108014830A060C4E9047621604B
:106FA00004F118000DF01CFA40221823A580A262FB
:106FB000E3802046BDE8F081344F0400C83E040061
:106FC0002DE9F04F032B85B082460D461746194632
:106FD00003A8B8BF032101229B460DF0ABF84FF088
:106FE00014094FF0000801216869FFF70FFDE868F8
:106FF0003A6801685388CDF800800C6A0432E421B5
:10700000A047064600285ED13B681B790C2B38D17F
:10701000EB8813F0400F14BF6420142007F070F8C1
:107020002869D0F83C33B0F842435B6800F54F70F4
:107030009847B0FA80F0C4F300244009A04224D05D
:10704000002211464FF0FF3303A80DF0CBF8E8689B
:10705000039A01685388CDF800808C6A0432E421D9
:10706000A0470646B8B9039A3968137909798B4263
:1070700030D0E888800619D5202B0CD15379392BD4
:1070800009D1012007F03CF8CAE70136012007F0DA
:1070900037F8142EC4D1B9F10109A4D16869494661
:1070A000FFF7B4FC50460DF03FF81FE0002BE8D08E
:1070B000202BF0D153799942E3D0002BE1D0B9F1E4
:1070C000010990D1EAE7012007F01AF8B9F10109A6
:1070D00089D1E3E701466869FFF798FC594603A8A0
:1070E0000DF0D8F803A950460DF046F803A80DF0AE
:1070F0004BF8504605B0BDE8F08F00BF2DE9F041D8
:107100000D4684B00646486998461746FFF73EFA92
:10711000EB88DB0611D403AC394620460DF02CF881
:107120004346224629463046FFF74AFF20460DF0E7
:107130002BF8304604B0BDE8F0810122114601A8C9
:107140000CF0F8FF3A68019B1279032A0CBF062263
:1071500003221A7101A902A80DF00EF803210A48B2
:1071600007F0D8FA03AC034602AA29462046FFF7E7
:1071700027FF20460DF008F802A80DF005F801A839
:107180000DF002F8C8E700BF803E0400F0B585B0FE
:10719000044616460F460122082101A81D460CF0A0
:1071A000C9FF20460CF0C0FF46F02060019E05F0AC
:1071B00089FBAD007060284605F084FB01A9B06032
:1071C00002A80CF0D9FF05F1080302AA394603A86A
:1071D000FFF794FF03A920460CF0DEFF03A80CF094
:1071E000D3FF02A80CF0D0FF23685B88082B0FD8D0
:1071F00003A80CF099FF03A920460CF0CDFF03A8CB
:107200000CF0C2FF01A80CF0BFFF204605B0F0BD96
:10721000002220464FF0FF3308210CF0FDFF2368C9
:107220005988204608390DF035F801A80CF0ACFF5C
:10723000204605B0F0BD00BF30B583B00C46014616
:1072400001A81D46FFF7A2FF01994B885BB12046BC
:10725000AA0004311BF00CFF002401A80CF094FFDD
:10726000204603B030BD014CF7E700BF0CFCFFFF28
:10727000A0F10800FFF7E0BF2DE9F04F804685B090
:1072800068464FEA83090D4693460CF04DFFD8F847
:1072900028104945A8BF49460831012201A80CF031
:1072A00049FF09EB050A01A84FF0FF330022FF2137
:1072B0000CF098FF55453DD2002601E0AA4539D98A
:1072C000D8F82830019FA9EB06049C4245F03060B5
:1072D000A8BF1C4605F0F6FA7860204605F0F2FAE1
:1072E00026F003012246B860594407F10C001BF058
:1072F000BFFE04F1080101A80CF0CCFF01A902A80F
:107300000CF03AFF092302AA414603A8FFF7F6FE54
:1073100003A968460CF040FF03A80CF035FF02A853
:107320000CF032FF009B5B8825442644002BC5D11E
:10733000064C00E0002401A80CF026FF68460CF083
:1073400023FF204605B0BDE8F08F00BF0EFCFFFF15
:10735000A0F10800FFF790BF70B5154682B001227A
:1073600004460E46684611460CF0E4FE009B694652
:107370001D7101A80CF000FF2946094807F0CAF961
:1073800001AA034631462046FFF7B8FE01A80CF0DB
:10739000FBFE68460CF0F8FE204602B070BD00BF50
:1073A000803E040010B5C3889B0784B0044609D50D
:1073B000636A00209AB262F30F001B0C63F31F4054
:1073C00004B010BD01A80CF0AFFE072202A82146B0
:1073D000FFF7C2FF02A901A80CF0DEFE02A80CF024
:1073E000D3FE019B5A88B2B90622214602A8FFF7B4
:1073F000B3FF02A901A80CF0CFFE02A80CF0C4FE56
:10740000019B5A881AB901A80CF0BEFED0E75B793F
:1074100084F82630F7E7B3F8050005F065FA062290
:10742000A084214602A8FFF797FF02A901A80CF04B
:10743000B3FE02A80CF0A8FE019B5A88002AE2D0F5
:107440005B79A28C84F8263002FB03F3B3F5F83F96
:1074500005DD4FF4F83393FBF2F284F8262002A8FE
:107460006169FFF7A9F9BDF80830012BE38814D052
:1074700023F0100343F028034022E380A262BDF80A
:107480000C2002F5CD427B3292B2012A98BF43F024
:10749000400343F00203E380B5E7402243F01803C2
:1074A000E380A262EBE700BF2DE9F04788B0064613
:1074B0000D4617460821012201A80CF03BFE02A848
:1074C0000CF032FE03A80CF02FFE04A80CF02CFEEA
:1074D0003046FFF767FFB48C96F826300590B90068
:1074E00001EB050904FB03F3994500F2D680B9FBD3
:1074F000F4F7B5FBF4F304FB07F7B9EB070204FB61
:1075000003FA08BF3F1B554500F0C180A21A04FBD7
:107510001353B2FBF4F104FB1124002B40F08F80D5
:10752000002C7DD1F3881B073ED5BA455ED8544662
:1075300007AD03E0B38C1C44BC4257D844F0406014
:10754000DDF8048005F0BEF9C8F80400204605F017
:10755000B9F901A9C8F8080006A80CF00DFE01232E
:1075600006AA31462846FFF7C9FD294602A80CF0B5
:1075700013FE28460CF008FE06A80CF005FE029B40
:107580005B88002BD6D1464C04A80CF0FDFD03A867
:107590000CF0FAFD02A80CF0F7FD01A80CF0F4FDC8
:1075A000204608B0BDE8F0874AF04060019C05F035
:1075B00089F96060384605F085F901A9A06006A840
:1075C0000CF0DAFD012306AA07A83146FFF796FD65
:1075D00007A902A80CF0E0FD07A80CF0D5FD06A84D
:1075E0000CF0D2FD029B5B88002BCCD0039B5B8808
:1075F000002B36D1049B5C88002CC5D004A907A8B9
:107600000CF0BAFD079A316853880C6A9B0849460A
:1076100004323046A04707A80CF0B6FD0024B3E7BB
:1076200007ADA30828464A463146FFF7AFFD294675
:1076300004A80CF0B1FD28460CF0A6FD72E707ADDA
:107640009B08284652463146FFF7A0FD294603A86D
:107650000CF0A2FD28460CF097FD002C3FF462AF21
:10766000DEE703A907A80CF087FD079A3168538865
:107670000C6A9B08514604323046A04707A80CF01C
:1076800083FD049B5C88002C3FF47EAFB6E7601B53
:10769000384488427FF43AAF44E76FF47A7473E772
:1076A0000EFCFFFF30B5044683B00D46FFF77AFEAF
:1076B000A28C29469208204603B0BDE83040FFF76F
:1076C000F3BE00BFA0F10800FFF7ECBF10B5044601
:1076D00082B0FFF767FEA38C94F8260000FB03F04E
:1076E00002B010BDA0F10800FFF7F0BF10B50446CE
:1076F00082B0FFF757FEA08C02B010BDA0F10800C9
:10770000FFF7F4BF02460020D3680133D36070470F
:107710000B6881601B680846184700BF806800300E
:1077200018BF0120704700BFD0F81408704700BF91
:10773000CB1E012B05D94B1E012B02D96FF47A7099
:1077400070474B1C03EBD3735B10C0F81418C0F8E0
:1077500018380020704700BF00F5016000687047CE
:1077600010B5044B044640F8083B0CF00DFD2046D4
:1077700010BD00BF343F040010B5054B044640F86F
:10778000083B0CF001FD20461BF034FC204610BDE8
:10779000343F0400F0B4214C04600226032400F6B8
:1077A0001C05C0F81448C0F8186800244FF07E5635
:1077B000C0E901442E6000F624054FF0000CC0F82B
:1077C00020480127C5F800C000F503660024002505
:1077D00080F82878C6E90045DE1E00F63807012E3D
:1077E000C7E9004510D95C1E012C0DD992B207EEF5
:1077F000902A00F50162F8EE677A00F60C0311603A
:10780000F0BCC3ED007A70475C1C04EBD4746410C8
:10781000C0F81438C0F81848E8E700BF483F040033
:10782000F8B5104B104E114F036005466C68A4B1BB
:107830006068E26B03686A60DB68984723689B684E
:10784000B34220460BD140F8087B0CF09DFC20464B
:107850001BF0D0FB6C68002CEAD12846F8BD984795
:10786000E4E700BF483F040079770200343F04009A
:1078700038B54B684FF07E520A631A6805460C46CD
:107880001846126905F50165904795ED006A9FED70
:10789000117AD4ED067AD4ED075A6063C7EE276AF1
:1078A000431C03EBD37320F002005B100128A36399
:1078B00085EE867AC4ED096A84ED0A7A02D0002347
:1078C000236238BDBEEE007A67EE877AC4ED087A8F
:1078D00038BD00BF00C07F442DE9F04F2DED048B73
:1078E0008DB00C460291059008F002FD6468CDE968
:1078F0000601002C00F09781029B4FF40072D3F830
:10790000183892FBF3F2029B002A03F10C03049354
:1079100006DD002103EB820243F8041B9A42FBD1EF
:10792000CC4EDFEDCD8A0125A346DBF83470DBF8C1
:107930003C30039347B959460298FFF799FFDBF8AB
:107940003470002F00F0A180029BDBED0A7AD3F89F
:1079500018284FF4007AF5EE407A9AFBF2FA0AF111
:10796000030A03EB8A02F1EE10FA019209D103F542
:10797000016292ED007ADBED076AC6EE877ACBED05
:107980000A7A019B1946049B99427ED99946DBF8F5
:107990000820DBF83830528892FBF3F207EE102A09
:1079A000DBED0B7ADBED0A6A019AB8EEC77AA2EB3F
:1079B000090437EE677AA41087EE268ABDEEC88ADE
:1079C00018EE108AA045A8BFA046B8F1000F34D029
:1079D0004546CA4607EE103A01E09BED0E7ADBF809
:1079E000102056F82730B8EEC77A67EE277AFDEEFA
:1079F000E77A17EE900A1044984706EE900ADBEDFE
:107A0000087A9BED097A9AED006ADBED0C5AF8EEE4
:107A1000E66A013D76EEA77A67EE877AA5EEA76A59
:107A2000AAEC016A9BED0B7ADBED0A7A77EE277AF6
:107A3000CBED0B7AD1D109EB880918EE103A9C42B4
:107A400020DDDBF80C3003B3DBF804100A68013BDF
:107A5000CBF80C3008A81368984708A90BF1080068
:107A60000CF09AFB08A80CF08FFBDBF80820CBED9C
:107A70000B8A131DCBF8103051880B44CBF814300F
:107A8000538813B1019B994581D3DDF80CB0BBF14C
:107A9000000F7FF44AAF029B2C46184693F8281833
:107AA000002D40F0848079B1029BDDE9060103F6E8
:107AB000380283F82848C2E900010123022240F677
:107AC000D63108A80CF002F801224FF4007108A882
:107AD0000CF030FB0299089C9FED607A01F60C02D5
:107AE00001F61C0392ED008AD3ED007AD1F8143828
:107AF0006288D1F8181892FBF1F268EE277A032B0E
:107B000004F10404C7EE879A00F08480012BF6EE9E
:107B1000008A28EE289A00F0978068EE688AB0EE16
:107B2000498A9FED4F9A551E7AB3B8EEC99A4D4EC9
:107B3000049FDDF8088001E0D8F81438F7EC017AEA
:107B4000D8F8202856F82330B0EE497AA7EEA97A63
:107B50002046013DB4EE687AF1EE10FAF0EE477A75
:107B600048BFF0EE687AF4EE487AF1EE10FAC8BF3A
:107B7000F0EE487AFDEEE77A17EE901A1143984737
:107B8000D8F818381C446B1CD6D1029B986803683F
:107B90001B68984708A905980CF0EEFA08A80CF0A5
:107BA000F3FA05980DB0BDEC048BBDE8F08F03F639
:107BB0002403D3ED007AF5EE407AF1EE10FA0ED000
:107BC0004FF40072D0F8183892FBF3F2002A06DD69
:107BD000049B03EB8202E3EC017A9A42FBD1002979
:107BE0007FF472AF0299DDE906450846012301F5ED
:107BF000036280F8283801F63801C2E90045002404
:107C00000025C1E900451A4640F6D63108A80BF018
:107C10005DFF59E7B6EE009A28EE099ADFED0E8A6D
:107C2000BDEEC99A7FE7029B986803681B68984776
:107C300001224FF4007105980CF07CFA05980DB004
:107C4000BDEC048BBDE8F08FBDEEC99ADFED028A72
:107C500069E700BF802000200000000000C07F44D2
:107C600000000000A420002070B505462DED028B19
:107C7000402008EE902A0E4608EE103A1BF0C1F99B
:107C80004022044600211BF017FA2046154B40F80D
:107C9000083B0CF049FAF5EE408AF1EE10FA04BF09
:107CA00005F50163D3ED008A6660B8EEC88A00234B
:107CB00000222146284684ED068AC4ED078AE26246
:107CC000C4E903336361FFF7D3FD33686A685B6817
:107CD000E26330466C6021469847BDEC028B20463B
:107CE00070BD00BF343F0400B1F5806F0DD207EEC8
:107CF000901ADFED076AF8EEE77A00F61C0387EECC
:107D0000A67A002083ED007A70476FF47A7070478E
:107D100000C07F4400F61C00D0ED007A9FED047A8D
:107D200067EE877AFDEEE77A17EE900A704700BF9C
:107D300000C07F4407EE901AF8EE677A00F60C0058
:107D4000C0ED007A00207047C0F82018002070476E
:107D500007EE901AF5EEC07AF1EE10FA10D49FED0E
:107D60000A7AF4EEC77AF1EE10FA09DC9FED077A91
:107D700077EEC77A00F62400C0ED007A0020704745
:107D80006FF47A70704700BF000080440000004428
:107D900000F50360D0E90001704700BF00F638002D
:107DA000D0E90001704700BF29DF704728DF704726
:107DB00012DF7047022802D1014B01221A7070476E
:107DC000FA43002000207047C0687047D0E90230B5
:107DD00000FB03F0704700BF10B544680846111956
:107DE0009A001BF045F9002010BD00BF2DE9F041BD
:107DF00082B002AD4FF0000805F8018D44682846B6
:107E00001E460C441546FFF7D3FF9DF80730A3B17B
:107E10001C4F87F8008002E00A2008F035FB32464C
:107E200029462046FFF7C0FF0028F5D13B78002BFC
:107E3000FCD0002002B0BDE8F081134A0123C2F853
:107E40000435D2F80034002BFBD076B129460E4A17
:107E500005EB8605641A631851F8040B1860D2F814
:107E60000034002BFBD0A942F5D1074A0023C2F809
:107E70000435D2F80034002BFBD0002002B0BDE85E
:107E8000F08100BFFA43002000E00140026805498C
:107E9000D2688A4204D1D0E9022000FB02F0704788
:107EA000104700BFCD7D020070B582B002AB00224A
:107EB00003F8012D4468054618460C44FFF778FF87
:107EC0009DF8073093B1164E327002E00A2008F098
:107ED000DBFAE868B4FBF0F0FFF768FF0028F5D1A3
:107EE0003378002BFCD0002002B070BD0D4A022375
:107EF000C2F80435D2F80034002BFBD00949C2F88F
:107F00000845D1F80034002BFBD00023054AC1F806
:107F10000435D2F80034002BFBD0002002B070BD35
:107F2000FA43002000E0014030B4034D0560C0E991
:107F30000112C36030BC7047703F0400704700BF3F
:107F400010B5C388044A026023F400530446C3807A
:107F500007F00CF8204610BD943F040010B5C3880C
:107F6000064A026023F400530446C38006F0FEFF75
:107F700020461BF03FF8204610BD00BF943F040090
:107F8000F8B5C37D03B9F8BD0446006A0368DB6A2F
:107F90009847206A03681B6B9847E369DA68002AF0
:107FA0001FDD6FF02F051A4F2D1B04F13002002644
:107FB00012F9013B03F5A273A81847F82360E3699F
:107FC000D9688142F4DC00290BDD00255B6953F898
:107FD000250003685B689847E369DA680135AA42BF
:107FE000F4DC9A68002A0BDD00251B6953F8250094
:107FF00003685B689847E3699A680135AA42F4DC34
:10800000E388002223F00203E380E275F8BD00BF9D
:108010000060004008B5034649B9094A12780AB918
:10802000002008BD1B68DB6A9847002008BD026875
:108030000349C37D0B70136B9847002008BD00BF38
:10804000FB4300202DE9F84FC37DD0F81CB0044657
:108050000F4613B1C388DB0748D5DBF80C30002B83
:1080600040DD0123DFF8D890DFF8D880314EDFF80B
:10807000D8E09C4604F1300504F1350100209A1C3B
:108080002B700A70DBF814201258127D03F5A27AC7
:1080900049EA022248F82A20226A11F901AB526902
:1080A00000F5A27B0AF1A20A5A4446F83A2011F9D7
:1080B000012C15F901ABA23206EBC2020EEB8A0AC3
:1080C000C2F804A011F9012C0CFA02F2C6F804253A
:1080D000D4F81CB0DBF80C209A4200F1040003F144
:1080E0000103CCDCE38823F00103E3809BF8083034
:1080F000217B114D206ABA1E012A9CBF0133DBB2DD
:108100006375C3EB03139B000C4A92FBF3F202FB73
:1081100001F1A5FB0131C90BC4E909210368002164
:10812000DB6B9847236A5B690122DA60A775BDE8BB
:10813000F88F00BF00F00140818080800024F400AF
:1081400003000100006000403060004038B5054683
:10815000817DFFF777FFEB699A68002A0CDD002428
:108160001B6953F82400036800219B689847EB695A
:108170009A680134A242F3DCDA68002A0CDD00249C
:108180005B6953F82400036800219B689847EB69FA
:10819000DA680134A242F3DC286A03685B6A984714
:1081A000286A03689B6A98470123EB7538BD00BFB6
:1081B000C37D03B17047FFF7C9BF00BFF8B51546CF
:1081C00004460E46526829689DF8187006F0FAFEBB
:1081D0000021124BE5612662A77523602176E175C7
:1081E0002175E162EB680E4A052B146001DD204623
:1081F000F8BD336830469B6B9847206A03684FF49C
:108200007A51DB6C9847236A064ADA60E37D002BDB
:10821000EDD12046FFF79AFF2046F8BD943F0400B9
:10822000C03900204D840200807D70472DE9F04761
:10823000C269037D916805698B42044680F28F8094
:10824000126952F82300036800211B689847236ACB
:108250005B6901225A60237D607DE169134493FBD1
:10826000F0F200FB1233D8B220758A68934280F294
:108270008B80CE688A69002E02EB430238DD06351A
:108280000023267E107821895778032E03D8DFE853
:1082900006F002463F4C07FB0151085CA17D266AAF
:1082A00011F0FD0F776903F1010302D1002843D0DB
:1082B000FF20A16A03F5A87601FB00F147F826101C
:1082C00000293DD0E11891F92F10890001F180417A
:1082D00001F5C041D1F8100520F48010C1F8100557
:1082E000E169D1E90260984202EB4602C9DC207DD7
:1082F0000B6953F82000036801211B689847236A23
:108300005A690123D360226A52691360BDE8F0877D
:108310006689F71BC04301FB0751085CBEE700FB01
:1083200001116818F943405CB8E76689013E301ACC
:1083300001FB0051C85DB1E703F5A87147F82100C2
:10834000E11891F92F10890001F1804101F5C04138
:10835000D1F8100540F48010C1F81005C0E7D0E94D
:1083600008315B69C288D3F84435890042F00302C2
:10837000C3EB0323B3FBF1F3C3F1FF03C362C2807A
:10838000817DFFF75FFE62E7D4E90802036892008F
:10839000DB6B00219847E369DA68002A26DD4FF09D
:1083A00000086FF02F05274F46462D1B04F13009BA
:1083B00019F9013B03F5A27305EB090A47F823609D
:1083C000D4E908230AF5A87152699B0042F82130CC
:1083D000E3695B6953F80800036801211B6898474B
:1083E000E369DA68524508F10408E1DC1B691868A2
:1083F000036800211B689847E36994F930101B69F2
:1084000010481B68104A1B7D01F5A2711B0243F046
:10841000011340F8213094F9303094F935109B0065
:10842000A23103F1804303F5C24342F8313094F99D
:108430003510236AA2315B6902EBC10244335360F9
:108440005DE700BF0060004000F00140024B18688B
:1084500008B1FFF7EBBE7047C039002010300BF0B9
:10846000CDBB00BF10B5837D04469BB1012B04D06A
:10847000E3889B0709D5E06A10BD03212046FFF77A
:10848000E1FDE38823F00203E380192005F038FEC4
:10849000E06A10BD0221FFF7D5FDE288A37D22F03E
:1084A0000202E280E2E700BF10B5044606F042FD9A
:1084B00040B9217B636A044A03FB01F3A2FB032357
:1084C000DB0BA36210BD00BF81808080C16070475C
:1084D000C068003018BF0120704700BF03207047FC
:1084E000806B07EE900AF8EEE77A17EE900A704775
:1084F0000F4B03F10802383310B50446C0E90023DE
:108500002C300BF041FE04F128000BF03DFE04F18D
:1085100024000BF039FE04F120000BF035FE054B72
:1085200063600023201D638105F03CFA204610BDE6
:10853000CC3F0400344F0400A0F10400FFF7D8BF83
:1085400010B50446FFF7D4FF20461AF053FD20462D
:1085500010BD00BFA0F10400FFF7F2BFF0B5274B3C
:10856000044627482181002583B0C4E900036581C2
:10857000201D174605F0A6F9224B236030336360B7
:108580002A4604F11000012105F0FAFE04F1240648
:1085900001224FF4007104F120000BF0CBFD3046B6
:1085A0000BF0C2FD04F128000BF0BEFD294604F1DA
:1085B0002C0001220BF0BEFD00234FF40071E36597
:1085C00001226164E560C4E90C55A56401A80BF0C3
:1085D000B1FD01A930460BF0DFFD01A80BF0D4FD81
:1085E000094AE263AF424FF000032046C4E9155543
:1085F000C8BFA763A4F8403003B0F0BD344F0400F7
:1086000054530400D43F040000C07F44036B1BB1EB
:10861000438943F004034381704700BF43895B07EC
:1086200070B50446056B5FD4A16A2B46081D002B6C
:1086300066D0503323634A88024493421DD3D1ED60
:10864000037A2063F5EEC07AF1EE10FA0EDB002615
:10865000AD1B18BF0125266304F12C0104F128008D
:108660000BF09AFDC4E91566284670BD04F11000B0
:1086700005F0ECFE0028EADC236B93ED027ADFEDD7
:10868000227A19685A682265B5EEC07AF1EE10FABE
:1086900048BFB1EE477AC7EE276A0020E164A065C3
:1086A00003F13C0504F16001D4ED0E7AF8EEE77AAF
:1086B00067EEA67AFDEEE77AF8EEE76AC4ED157A82
:1086C000DA699861012AB8BF012207EE902AB8EE54
:1086D000E77ADA61C6EE877A14339D42E1EC017ADB
:1086E000EED10025284670BD0023036300F12C0164
:1086F00028300BF051FDA16A236B081D002B98D187
:108700002063034697E700BF00007A4438B50D4662
:108710000446FDF751F92B685B884F2B1AD904F1F9
:10872000100005F037FE294604F128000BF034FD57
:108730002046FFF773FF638913F0010501D0002085
:1087400038BDE068026843F001036381136898470D
:10875000284638BD6FF47A7038BD00BF2DE9F04F60
:108760002DED068B8846D1E9151C8DB008F120034C
:108770009FEDB78ADFEDB7AA9FEDB7AA02900493E9
:10878000002762468A4231D0B8F80A3013F0040359
:108790002CD107938A423FDBB8F80A309B0740F19F
:1087A0001D81079B002BEDD0002F00F04581D8EDF7
:1087B0000F7AB8F84020B6EE007A67EE877A4F4518
:1087C000FCEEE77A17EE903A43EA02039BB203D23B
:1087D00027F8023B4F45FBD3049902980BF0CCFCE1
:1087E00002980DB0BDEC068BBDE8F08F4046FFF758
:1087F00015FFD8F85410B8F80A30002940F08C80E2
:10880000002840F08D805A0700F18C80D8F858205D
:1088100001238A420793BFDA002F00F0E28008AB01
:10882000019308F16003039308F16C0BD8ED136A10
:1088300098ED0E7AD8ED0F8AD8ED147AD8F830304A
:10884000039C019D66EE886AB8EEC77A68EEA78A37
:1088500086EE879A68EEAA8AF0EE4A9AE8EECA9AFD
:108860009E69D869F4EC017A07EE106AB8EEC77A0F
:10887000013867EE277A8642FDEEE77A03F11403AA
:10888000E5EC017A08BF45F8041CA345E8D1DDE911
:1088900008540A9BAC42A8BF2C469C42A8BF1C4669
:1088A00013469C4255DD4F4596D0D8ED177AD8F83F
:1088B0003030FDEEE77AD3E9032017EE901A9047A7
:1088C00007EE900AB8EE677AF0EE696AE8EE876A1A
:1088D000D8F85820B8F84010D8ED177ABCEEE67AF0
:1088E00079EE277A17EE100AF4EEC87A531C084383
:1088F000F1EE10FA27F8020B1A46C8ED177AC8F8FD
:108900005830CEDD77EEC87AF4EEC87AF1EE10FA80
:10891000F8DCC8ED177AC4E713F0040271D008B18F
:10892000C8F8347023F00402A8F80A2001230522B5
:10893000B8F80810C8F8482008A81A460BF0C6F87E
:1089400008F1100005F05EFD01230793D8E9151228
:1089500020E7AB424FF00004BA46CDF8149008D09F
:10896000651C032D2C4630D0019951F82550AB429F
:10897000F6D14FEA840909EB0406D8F83070B1004B
:1089800007EB010EDEE906C6651C0691B44505EB52
:10899000850107EB81014046E3DADEF81460002E22
:1089A00048D0B047D8F83070069BD8F858203B44E0
:1089B0001E461346D6F818C04C4407EB84070CF14A
:1089C0000101032DB9612C46CED1D8F85410DDF841
:1089D0001490994257463FF729AFE2E6002F7FF403
:1089E000E0AED8F8347087B1D8F820300024181DD4
:1089F000C8F834405B888A4200EB0309FFF60FAFEA
:108A0000CFE60792D8F85820C4E608AC0122D8F87F
:108A1000441020460BF08EFB214604980BF0BCFB63
:108A200020460BF0B1FBD8F820301F1DD8E91512F5
:108A30003846DFE7651CBFE708A80BF075FB08A9FF
:108A400004980BF0A9FB08A80BF09EFBC4E600BF3E
:108A5000000080440000803A00000044F0B50C465D
:108A600001F1240685B0314607460BF085FB636BA8
:108A70006D4633B128462146FFF770FE28460BF0BD
:108A800083FB0023636304F1200130460BF084FB79
:108A900021462846FFF762FE28460BF075FBE0688A
:108AA00003681B689847A36C002B02DD013BA3649D
:108AB00013B1384605B0F0BD2189284601230222B2
:108AC0000BF004F8384605B0F0BD00BF438919B972
:108AD00023F002034381704743F002034381704750
:108AE00001607047704700BF002928DD0378303BE4
:108AF000092B26D870B40446642600204FF47A75FA
:108B00004A1E032A05D8DFE802F01315100205FB00
:108B100003000129114606D014F8013F303B092B10
:108B2000EED94FF0FF3070BC704706FB0300F0E752
:108B30001844EEE703EB830300EB4300E9E7002072
:108B400070474FF0FF3070470068FFF75FBD00BF10
:108B500038B5041E0CDB00290ADB480001300D4645
:108B600004F0E2FD641B20440028B8BF404238BD39
:108B70004FF0FF3038BD00BF2DE9F04F87B00C46F5
:108B8000084601210592FFF7AFFF04210390601C06
:108B9000FFF7AAFF04210746601DFFF7A5FF042188
:108BA000064604F10900FFF79FFF0221824604F107
:108BB0000D00FFF799FF0421029004F11200FFF766
:108BC00093FF0421814604F11A00FFF78DFF042171
:108BD000804604F11E00FFF787FF0221049004F194
:108BE0002200FFF781FF0421019004F12400FFF728
:108BF0007BFF0421834604F12800FFF775FF042161
:108C0000054604F12C00FFF76FFF01463046FFF7E1
:108C10009FFF0421064604F13000FFF765FF01467F
:108C20004846FFF795FF0421814604F13400FFF721
:108C30005BFF01463846FFF78BFF0421074604F12E
:108C40003800FFF751FF01464046FFF781FF04213E
:108C5000804604F13C00FFF747FF01465046FFF70E
:108C600077FF0421824604F14000FFF73DFF0146F3
:108C70005846FFF76DFF0421834604F14400FFF7D7
:108C800033FF01462846FFF763FF711C18D0B9F186
:108C9000FF3F15D07A1C13D0B8F1FF3F10D0BAF1C6
:108CA000FF3F0DD0BBF1FF3F0AD0431C08D0039B10
:108CB000059A042B0AD8DFE803F07A77747107006D
:108CC000002007B0BDE8F08F6E4BD36007EE906ACE
:108CD00007EE10AA049BD361F8EEE77AF8EEC76AB4
:108CE000029BC2ED007AC2ED026A122B13D8DFE8B4
:108CF00003F07A7D0A12128F8612776A776A776A92
:108D0000776A776A610007EE909AF8EEE77A5E4B31
:108D1000C2ED087A536140F2FF339F42A8BF1F465D
:108D20009845A8BF984627EAE77728EAE87807EE4B
:108D3000907A07EE108AF8EEE77A9FED546ADFED3D
:108D4000544A544B9362B8EEC77A87EE865A24236E
:108D50001363019B022BC7EE065A86EEA47A07EE38
:108D6000900AF8EEE77A82ED015AC2ED0D5A67EEED
:108D7000277A78D0032B03D0012B66D00120A0E7FF
:108D800007EE10BAFDEEE77AB8EEC77A424BC2EDB5
:108D9000117A82ED127AD363012092E73F4BD360C0
:108DA00094E73F4BD36091E73E4BD3608EE73E4B59
:108DB000D3608BE707EE909AF8EEE77A3B4BC2ED73
:108DC000087A5361A7E73A4B5361029B083B092B92
:108DD000A1D8DFE803F0363632322E2E2A2A262694
:108DE000344B5361F1E7344B536194E707EE909AAB
:108DF000F8EEE77A314BC2ED087A53618BE707EE64
:108E0000909AF8EEE77A2E4BC2ED087A536182E72A
:108E100007EE909AF8EEE77A2A4BC2ED087A536192
:108E200079E7294B1B68136275E7284B1B681362AF
:108E300071E7274B1B6813626DE7264B1B681362B3
:108E400069E7254B1B68136265E707EE10BAFDEE74
:108E5000E77AB8EEC77A214BC2ED117A019882ED1C
:108E6000127AD3632DE707EE10BAFDEEE77AB8EE7B
:108E7000C77A1B4BC2ED117A82ED127AD3630120BF
:108E80001FE700BF41390300E198020000C07F44A2
:108E900000401C46059B02002D9902005D3903002D
:108EA000113903003D39030025390300D1C5010004
:108EB0005D9A0200019A0200B1980200B598020082
:108EC000C5990200899902006420002060200020DA
:108ED000542000205C20002058200020BD9A020071
:108EE000E19A020038B50C460546364920460BF09B
:108EF0008DFA002837D1344920460BF087FA60BB41
:108F0000324920460BF082FA98BB314920460BF0DB
:108F10007DFAA0BB2F4920460BF078FAA0BB2E4962
:108F200020460BF073FAA0BB2C4920460BF06EFADA
:108F3000A0BB2B4920460BF069FAA0BB294920466B
:108F40000BF064FAA0BB284920460BF05FFAA0BBE7
:108F5000214628460BF03CFA03E0244928460BF052
:108F600037FA284638BD224928460BF031FA284600
:108F700038BD204928460BF02BFA284638BD1E493B
:108F800028460BF025FAECE71C4928460BF020FA9E
:108F9000E7E71B4928460BF01BFAE2E71949284688
:108FA0000BF016FADDE7184928460BF011FAD8E75E
:108FB000164928460BF00CFAD3E7154928460BF062
:108FC00007FACEE7F0390020E4390020E839002024
:108FD000C8390020DC390020EC390020FC390020A1
:108FE000F4390020003A0020E0390020083A00203F
:108FF000C43900200C3A0020D8390020F83900206C
:10900000103A0020D0390020CC390020D43900207B
:10901000043A00202DE9F04182B0064668460C462D
:109020000BF0D6F9694601A8FFF75CFF01A92046BD
:109030000BF0DCF901A80BF039F968460BF036F9B2
:109040002568274BB5F90220541CA3FB0413E41A2E
:1090500003EB5404A40904EBC40304EBC303013B76
:109060009A4202D002B0BDE8F08104EB84073F01D0
:109070003946012268460BF05DF8009B0433F4B1D9
:109080002C1D1F44C4F1490801E049342B461A46FF
:109090002146304603F15005FFF76EFD08EB04034F
:1090A00038B1BD420BD0002BEFDD94F848302C2BAB
:1090B000EBD068460BF068F802B0BDE8F081346888
:1090C000694601A80BF058F801A92046FFF71EFBDE
:1090D00001A80BF059F868460BF056F8C2E700BF3C
:1090E0003970E0C030B5036883B004460D46188976
:1090F000114604F079FE294601A80BF069F901A98F
:109100002046FFF787FF01A80BF0D0F804F0EEFF30
:1091100003B030BDF8B5664F664D674C674E684981
:1091200038460BF0F7F82A462146384619F064FF16
:10913000644F654930460BF0EDF82A46214630462B
:1091400019F05AFF614E624938460BF0E3F82A469F
:109150002146384619F050FF5E4F5F4930460BF00C
:10916000D9F82A462146304619F046FF5B4E5C4945
:1091700038460BF0CFF82A462146384619F03CFF16
:10918000584F594930460BF0C5F82A46214630461B
:1091900019F032FF554E564938460BF0BBF82A46B7
:1091A0002146384619F028FF524F534930460BF0FC
:1091B000B1F82A462146304619F01EFF4F4E50495D
:1091C00038460BF0A7F82A462146384619F014FF16
:1091D0004C4F4D4930460BF09DF82A46214630460B
:1091E00019F00AFF494E4A4938460BF093F82A46CF
:1091F0002146384619F000FF464F474930460BF0EC
:1092000089F82A462146304619F0F6FE434E444975
:1092100038460BF07FF82A462146384619F0ECFE16
:10922000404F414930460BF075F82A4621463046FA
:1092300019F0E2FE3D4E3E4938460BF06BF82A46E7
:109240002146384619F0D8FE3A4F3B4930460BF0DC
:1092500061F82A462146304619F0CEFE374E38498D
:1092600038460BF057F82A462146384619F0C4FE16
:10927000344F354930460BF04DF82A4621463046EA
:1092800019F0BAFE314E324938460BF043F82A46FF
:109290002146384619F0B0FE30462E490BF03AF818
:1092A0002A4621463046BDE8F84019F0A5BE00BF69
:1092B000F039002040200020AD420300C4390020D6
:1092C00020400400E439002028400400083A00202F
:1092D00098410400E8390020A04104000C3A002025
:1092E0007C420400C839002084420400D8390020A0
:1092F00060430400DC3900206C430400F83900208E
:1093000000440400EC39002004440400103A00201A
:1093100098440400FC390020A0440400D039002007
:1093200034450400F43900203C450400CC390020C9
:10933000D0450400003A0020D8450400D43900206C
:109340006C460400E039002074460400043A002012
:10935000C0460400C84604006FF47D70704700BF2B
:109360006FF47D70704700BF10B5036804465B6CF6
:109370009847236820465B68BDE81040184700BF47
:109380006FF47D70704700BF6FF47D70704700BF51
:109390006FF47D70704700BFC08800F0050000309A
:1093A00018BF0120704700BFC08800F00A000030DD
:1093B00018BF0120704700BFC08810F0030018BF1D
:1093C00001207047C08800F00C00003018BF012059
:1093D000704700BFC088C0F3802070476FF47D7075
:1093E000704700BF6FF47D70704700BF03684FF493
:1093F0007A729B6B02FB01F1184700BF6FF47D701E
:10940000704700BF6FF47D70704700BF08B50368F8
:10941000DB6B9847024BA3FB0030800908BD00BFFF
:10942000D34D62106FF47D70704700BF6FF47D7094
:10943000704700BF01610020704700BF6FF47D706E
:10944000704700BF6FF47D70704700BF38B5036888
:109450009B6904460D46984778B1236820465B68AF
:109460009847B5FA85F35B09984206D123682946E7
:109470001B6820469847002038BD014838BD00BF12
:1094800012FCFFFF0A717047704700BF704700BFB2
:10949000406B704703684FF47A729B6B02FB01F1DB
:1094A000184700BF006B704701207047806A00308A
:1094B00018BF0120704700BFA0F12000FFF7F6BFE2
:1094C00010B5044619F096FD204610BD2DE9184848
:1094D000C38B026D9907044607D56AB1BDE81888A9
:1094E00023F002039BB2E383226D002AC4BF43F042
:1094F0000203E383BDE8188806F0EAFE236CB0EBB4
:10950000030B61F1000CBCF1000F08BFBBF1650F4C
:10951000E38BE5D29A07E1D4E6E700BFA0F118009B
:10952000FFF7D4BF0B4B10B503F1080103F18C0218
:10953000B03304460160826103622C300AF024FEDD
:10954000054BA361002304F11800E38304F02AFA19
:10955000204610BDAC480400344F040038B50C4B15
:1095600003F1080103F18C02B033044640F8181CE3
:109570000260836014300AF007FE064B236000236C
:109580002046E380A4F1180504F00CFA284638BD03
:10959000AC480400344F040002680849D26B8A4288
:1095A00008B505D1006B064BA3FB0030800908BD50
:1095B0009047034BA3FB0030800908BDA59402002F
:1095C000D34D62100120704738B50E4B03F10801EE
:1095D00003F18C02B033044640F8181C026083602B
:1095E00014300AF0D1FD084B23600023E380A4F17E
:1095F0001805204604F0D6F9284619F0FBFC284649
:1096000038BD00BFAC480400344F04000D4B03F1DB
:10961000080103F18C02B03310B504460160826189
:1096200003622C300AF0B0FD074BA3610023E383F3
:1096300004F1180004F0B6F9204619F0DBFC2046CE
:1096400010BD00BFAC480400344F040070B50446A0
:109650001A4D02811A4B2560022200254FF48070BA
:10966000E0802271A36104F118002575C4E9035557
:10967000E5610E4604F026F9124B666203F108011B
:1096800003F18C02B0332160A261236204F12C004B
:1096900001224FF400710AF04DFDE38BE26A25636D
:1096A0000021043243F4804380206063A562256476
:1096B0002565A264E164E383204670BD4048040050
:1096C000344F0400AC48040010B4C26A131D54881F
:1096D00000293AD01919274C826B836CA4FB0242F3
:1096E00099424FEA121429D9520907EE902AB8EE8E
:1096F000E77A07EE904ADFED205AF8EEE76AB7EE18
:10970000006AD0ED137AF4EEC77AF1EE10FA4CBF8E
:1097100090F8502000221A70D0ED137A836C77EE07
:10972000867A0133F4EEE67AF1EE10FAC8BFF0EE75
:10973000657A8B42C0ED137A8364E2D3D0E90C23BF
:109740005DF8044BC0E90E237047D0E91021521A8E
:1097500007EE902A9FED097AF8EE677A67EE877A2E
:10976000FDEEE77A17EE901AA142D4BF59181919E5
:10977000B1E700BFA38B2EBA0000000078C2B93C4D
:1097800010B5044606F0A4FD236B206403B1636B9F
:10979000236500212046FFF797FFE38BDB0700D509
:1097A00010BDFCF709F904F120018023064A606A24
:1097B000FEF75AFAE38B0168A06243F001030A68DE
:1097C000E383BDE81040104700442C47B1F5806F9B
:1097D0000DD8B1F5007F08B5C8BFC1F580618029FB
:1097E000A8BF80214163FFF7CBFF002008BD6FF4C5
:1097F0007A70704708B5144BA3FB01231A0916238E
:1098000003FB02F303F1160207EE902A06EE903AEC
:10981000B8EE677A07EE901AF8EE666AF8EE677AA5
:1098200037EEC77A77EEE67AB0EEC77AF0EEE77AEF
:10983000F4EEC77AF1EE10FA58BF13460363FFF750
:109840009FFF002008BD00BFA38B2EBA70B50C4649
:1098500082B005460AF068FCE38B9B0716D504F13D
:109860002C06314628460AF097FC01212046FFF7D6
:109870002BFF01224FF4007101A80AF05BFC01A943
:1098800030460AF089FC01A80AF07EFCE36A043342
:10989000A36406F01DFDA36A60641A681846136885
:1098A0009847284602B070BDA1F12001FFF7CEBF56
:1098B000704700BF036B91ED036AD3ED007AD1EDE1
:1098C000026A91ED017A36EE676AF8EEE66AB8EE62
:1098D000C77AC6EE265AE7EE257AC0ED137A7047AE
:1098E000D1ED017ADFED0F6A9FED0F7AF8EEE77A9E
:1098F00038B567EEA67A0446C7EE877A0D4617EEAE
:10990000900A15F0FBFE236B95ED037AD3ED007AF8
:1099100006EE900A37EE677AE7EE267AC4ED137A00
:1099200038BD00BF21C8474000003443F8B50446A5
:109930002DED028B48680D4618F0BAFD15F084FD38
:10994000236BD5ED037A93ED008A77EEC87A06464D
:109950000F4617EE900A18F0BDFD32463B4618F050
:1099600011FE064618EE100A0F4618F0B3FD024627
:109970000B463046394618F04FFC19F0FBF8BDECA9
:10998000028BE064F8BD00BFD1ED017A9FED0C7A47
:10999000F8EEE77A38B567EE877A044617EE900A54
:1099A0000D4615F0ABFE236B95ED037AD3ED007AEF
:1099B00006EE900AE7EE267AC4ED137A38BD00BFB2
:1099C00034FA8E3CD1ED017A9FED0C7AF8EEE77A0D
:1099D00038B567EE877A044617EE900A0D4615F003
:1099E00041FE236B95ED037AD3ED007A06EE900AE3
:1099F000E7EE267AC4ED137A38BD00BF34FA8E3C08
:109A00002DE9F041D1F80C804F68D8F8046097FB3D
:109A1000F6F407EE904AF8EEE77A036B2DED028B31
:109A2000054617EE901A4FF0804093ED008A16F02D
:109A3000B9FAD8F8003007EE900A06FB147428EE45
:109A4000277A03EB8404BDEC028BD4ED007A67EE39
:109A5000877AC5ED137ABDE8F08100BF2DE9F041AA
:109A6000D1E90134D1F80C80026BD8F80470013CC4
:109A7000E41A94FBF7F507EE905AF8EEE77A2DED2D
:109A8000028B064617EE901A4FF0804092ED008A46
:109A900016F088FAD8F8003007EE900A07FB154454
:109AA00028EE277A03EB8404BDEC028BD4ED007A18
:109AB00067EE877AC6ED137ABDE8F0814B684BB14B
:109AC000DB0790ED137AD1ED037A04D567EE877A40
:109AD000C0ED137A7047C7EE276AC0ED136A70476E
:109AE0004B684BB1DB0790ED147AD1ED037A04D5C6
:109AF00067EE877AC0ED147A7047C7EE276AC0ED2B
:109B0000146A7047036B91ED036AD3ED017AD1EDCE
:109B1000026A91ED017A36EE676AF8EEE66AB8EE0F
:109B2000C77AC6EE265AE7EE257AC0ED147A70475A
:109B300072DF704773DF704774DF704776DF7047FE
:109B400077DF704778DF70477ADF70478FDF7047C5
:109B500069DF70471321FFF7F1BF00BF0B68034AAD
:109B60000146D2560320FFF7EBBF00BFBC4A0400FA
:109B7000094B10B5044640F8143B0AF097FB04F17A
:109B800010000AF093FB054B236000232046E3807E
:109B900003F008FF204610BDB44B0400344F04000E
:109BA0002DE91848C3885A0708D41B0701D4BDE81B
:109BB00018880420BDE818480EF032BE044606F0AE
:109BC00087FBA369B0EB030B61F1000CBCF1000F44
:109BD00008BFBBF5FA6F01D2E388E6E7002104482D
:109BE0000FF036FCE38823F004039BB2E380DCE74C
:109BF000559B0200F0B54FF47A748BB004FB02F46D
:109C0000194A1A4E00960AADA2FB04241F2200280E
:109C100025F8242D4FEA542414BF012704271846A1
:109C200000294FF000030993049306942A460CBFC1
:109C30001C4603243146CDF806300593CDE90733A1
:109C4000CDF80A30ADF80E3001238DF825308DF8AF
:109C500010708DF824400EF003FF04AA69460448F2
:109C6000FFF766FF0BB0F0BD5917B7D1203A0020BF
:109C70002723002010B5664C002943D1237898068D
:109C800038D4D9062FD41A0725D458071DD49907DC
:109C900013D4DA070BD45B0603D40EF085FB002047
:109CA00010BD5C4B01211878FFF744FFF5E712F077
:109CB00007F823785B06F0D5F3E7574B4FF40032F3
:109CC0001A602378DA07E6D5F1E7534A012151609B
:109CD0009907DED5F1E7504B4FF000721A602378F8
:109CE0005807D4D5F1E74C4B01221A6023781A07A4
:109CF000CBD5F0E7484B4FF400621A602378D906C1
:109D0000C1D5F0E70EF04AFB0023237011F0F0FFFD
:109D1000237810B943F0010323703F4A126892037D
:109D200048BF43F002033C4A48BF23705268D00743
:109D300048BF43F00403384A48BF237012689101BA
:109D400048BF43F00803344A48BF23701268D20763
:109D500048BF43F01003304A48BF23701268100513
:109D60002C4A48BF43F02003107848BF2370FFF708
:109D7000E3FEB0B1D90719D49A071CD4580726D4EA
:109D800019072FD4DA0639D49C0688D5224B4FF414
:109D90000062C3F88020BFF34F8FBFF36F8F0020A6
:109DA00010BD43F04003D9072370E5D511F068FFDB
:109DB00023789A07E2D5184B4FF40032C3F880207D
:109DC000BFF34F8FBFF36F8F23785807D8D5124B4F
:109DD0000122C3F88420BFF34F8FBFF36F8F237826
:109DE0001907CFD50C4B4FF00072C3F88020BFF39A
:109DF0004F8FBFF36F8F2378DA06C5D5064B01224C
:109E0000C3F88020BFF34F8FBFF36F8F2378BBE77A
:109E1000FC4300202723002000E100E00B4B10B59D
:109E2000044640F8143B0AF041FA04F110000AF02D
:109E30003DFA074B23600023E380204603F0B2FD88
:109E4000204619F0D7F8204610BD00BFB44B0400DF
:109E5000344F040038B500250E4B036004464560BE
:109E600003F030FD0C4B2360A56004F110000AF0F4
:109E7000B7FA04F114000AF0B3FA0123074AE560C7
:109E800084F8203084F82130146012F075F92046EF
:109E900038BD00BF344F0400B44B0400583A0020D2
:109EA000072914D810B50B4C0B48216021460FF040
:109EB000CFFA0A4B1978FF2907D02368084A0120F6
:109EC000D256FFF73DFE002010BD002010BD6FF4FC
:109ED0007A707047702000205D9B020027230020CD
:109EE000BC4A040090F8202022B9C3689B0701D423
:109EF00000F002B8012070472DE9184804460429F3
:109F000021D8DFE801F0322505030D008369D3B1C4
:109F100006F0DEF9E368A061C3F34000BDE81888ED
:109F2000836983B106F0D4F9A369B0EB030B61F147
:109F3000000CBCF1000F08BFBBF5FA6F03D3012181
:109F40002046FFF7CFFFE068C0F34000BDE8188867
:109F5000C3880A2243F00403C380C26002F0ACFC51
:109F6000E068C0F34000BDE818880223C360012008
:109F7000BDE8188810B5044682B010F0AFFD204649
:109F800010F0BAFD2378023B062B18D8DFE803F067
:109F90000B19271717170400237A012B03D1144A32
:109FA0001368013B1360134B186840B190F82030E0
:109FB0002BB9C3689B0702D40321FFF79DFF02B0B2
:109FC00010BD0C4B1B68002BF9D093F82020002A01
:109FD000F5D1DA689207F2D40222DA60EFE702A93B
:109FE000012301F8043D608810F08AFB02B010BD27
:109FF000543A0020583A002010B5044684B001239A
:10A0000002224FF47A71684609F060FD94F821301D
:10A010000BB904B010BD0FF095F90028F9D1034B2E
:10A0200001211878FFF786FD04B010BD272300201A
:10A0300010B50388103B86B0462B33D8DFE803F019
:10A0400043583232325F323232243232323232329A
:10A05000323A3232323232323232323232323232D8
:10A0600032323232323232323232323432323232CE
:10A0700032323232323232323232323232323232C0
:10A080003232323232323400037A5BB92D4B1868E7
:10A0900040B190F820302BB9C3689B0702D402214D
:10A0A000FFF72AFF06B010BD13218088FFF746FD99
:10A0B00006B010BD06A9002321F8103D8088FFF7E7
:10A0C00045FD06B010BD81884FF6FF73994206D05A
:10A0D0001D4B1E4A1B680320D256FFF731FD01239A
:10A0E0001A464FF47A7102A809F0F0FC06B010BDD0
:10A0F000144B18680028D5D0FFF77EFFD2E700F197
:10A100000801062268460AF049F9694601A80AF0E2
:10A110005FF90C4B1C686CB101A902A80AF058F950
:10A1200002A904F110000AF061F9012302A8E3601A
:10A130000AF0BCF801A80AF0B9F868460AF0B6F8C7
:10A1400006B010BD583A002070200020BC4A040020
:10A1500008B50FF0F7F8003018BF012008BD00BFA8
:10A16000F0B5A9B06A220D460DA82849284E18F06E
:10A170007FFF0DA903A809F019FD03A906A809F09E
:10A180000DFD05F13C0701226FF0FE0306A9CDE9A4
:10A19000003238460523642206F0E0FC06A809F0E8
:10A1A000EFFC0FCE06AC0FC496E8070003C4227084
:10A1B0000522114606AB04A809F01CFE002404A9E0
:10A1C00005A809F0EBFC384605A9CDE90044234673
:10A1D000224606F0F9FB05A809F0D2FC2B682146BF
:10A1E0005B6A284698470534052003F089FFFF2C59
:10A1F000F4D14FF47A7003F083FF04A809F0C0FC97
:10A2000003A809F0BDFC29B0F0BD00BF344A04002A
:10A21000A04A04002DE9F84F4FF0805308460F463E
:10A22000D3F864A0FEF71AF910374FF0040B4FF083
:10A2300005084FF00109BAFBF8F308FB13A3B3FBC1
:10A24000F9F35D1C002DAAEB030A08EB880809EB63
:10A2500089090DDD0FFA8BF60024C4F1040212B255
:10A260000134FF233146384609F0D2FCA542F4D12F
:10A270001BF1FF3BDFD2BDE8F88F00BFAB4B2DE9F0
:10A28000F04F1E68DFF8B48233690446002543F0BE
:10A29000080395B0336198F8000084F82050A56158
:10A2A0000E469346FFF748FC2946284610F034FA3C
:10A2B0002946284610F03AFA29463C2205A818F00B
:10A2C000FBFE06F13C074FF0020E4FF0060C05AB0B
:10A2D000C822294601208DF814E08DF817C0039795
:10A2E000FFF788FC012198F80000FFF723FC3846AF
:10A2F00006F0CAFA31462046FFF732FF31462046C3
:10A30000FFF788FF06F11008029504F110074FF0DF
:10A31000FF0994F82020E36812B9980740F1D5802E
:10A3200013F0010A31D1590766D49A0740F1C3806E
:10A3300013F0080A00F0A9807D4904A809F0FAFC8E
:10A3400004A905A809F02AFC0023CDE900331A4628
:10A3500005A9039806F038FB05A809F011FC43F69F
:10A36000982003F0CDFE04A809F00AFC642003F055
:10A37000C7FE40F68D25FBF713FE94F82020E36816
:10A38000002ACAD013F0010ACDD06A4904A809F006
:10A39000D1FC04A905A809F001FC0023CDE9003394
:10A3A0001A4605A9039806F00FFB05A809F0E8FB7B
:10A3B000029B002B40F08F80A9F10409B9F1280F0E
:10A3C00040F38F80B9F1FF0F029BA8BF00230293D7
:10A3D000DBF800305846DB69984728B1E36823F082
:10A3E000010343F00403E36004A809F0C9FBE36838
:10A3F00059074FF0000598D53368FF215B6A304656
:10A4000098472369B3F90230002B76DD002521E05F
:10A41000E3689A076FD4FFF76FFD00286DD14FF402
:10A42000487003F06DFE3046FEF718F894F82030BF
:10A4300004212046FBB9E3689A075CD4FFF75CFD72
:10A4400000285AD1C82003F05BFE2369B3F902301B
:10A45000AB4252DD29B238460AF002F80023014629
:10A460001A46404609F062FD94F820300421204647
:10A470000135002BCCD0E36803F00202002A3AD168
:10A48000642003F03DFE012543E72B4904A809F0B1
:10A4900051FC04A905A809F081FB5346524605A9C1
:10A4A000CDE900AA039806F08FFA05A809F068FB29
:10A4B00004A809F065FB642003F022FE013540F694
:10A4C0008B239D427FF725AF55E704212046FFF7F8
:10A4D00013FDE36824E709F10409B9F1280F3FF7F8
:10A4E00071AF3046FDF7BAFF029BB9F1000FD8BF3C
:10A4F000534602936CE700251AE7E36894F820506E
:10A5000003F00202002DB9D1002A7FF411AF04211B
:10A510002046FFF7F1FC0028ADD14FF47A7003F02C
:10A52000EFFDE36803F00202A8E700BF943B0020C0
:10A530000C4B0400C44A04004C4B040027230020A9
:10A5400030B50446806883B020B10C4906F002FDA6
:10A55000054618B1FBF724FD03B030BD02AA042361
:10A5600002F8015D0549A06806F02EFD284618F0A6
:10A5700041FDFBF715FD03B030BD00BF944B040057
:10A5800090F82000704700BF38B5124B05460024F4
:10A590001878FFF7D1FA85F821400EF0BBFE98B984
:10A5A000EB696BB105F094FEEB69C41A61F100052B
:10A5B000002D08BFB4F5FA7F2CBF0120002038BD64
:10A5C00005F086FEE861EDE7214603480EF040FF06
:10A5D000204638BD27230020559B020020B9034B9D
:10A5E000186808B1FFF7D0BF704700BF583A002085
:10A5F0000238012801D90120704710B5074C2068A6
:10A6000050B1C38843F00803C38002F055F92068B5
:10A61000BDE81040FFF7B8BF012010BD583A002038
:10A62000012808D138B50D4B1D6835B12846BDE865
:10A630003840FFF7A9BF01207047094B044618783E
:10A64000FFF77AFA0EF066FE08B9204638BD2946B3
:10A6500004480EF0FDFE284638BD00BF583A0020E1
:10A6600027230020559B02002DE9704384B010F091
:10A6700085F81E4E30603368002B02DC04B0BDE864
:10A6800070830DF107034FF6FF7003930FF0EEFA9E
:10A690004FF6FF75A842044609D1EFE7039B1B78EC
:10A6A00020465BB10FF0E2FAA8420446E6D002AAC7
:10A6B000012120460FF0AAFC0028EFD005F008FE8B
:10A6C00040F2E73480468946002510F01DF809E085
:10A6D00005F0FEFDB0EB080261EB09039D4208BFE7
:10A6E0009442CBD33368002BF2D1C7E7543A002011
:10A6F0002DE9F04FC588B1B015F480559DF8EC7088
:10A7000002D031B0BDE8F08FCDE900230DF1C008D3
:10A710003A9B8360C0E90655029104460DF0DAFDCC
:10A7200011F0B8FB48F8AC5DDFF824A30EF062F836
:10A7300011F006FA4146012011F030FB04F1140B30
:10A74000DAF8001020A809F0E5FD20A9584609F024
:10A750004DFE20A809F0AAFD0DF12809002F40F0B8
:10A7600027810CAE0EAB11AD4FF0000BCDF838B019
:10A77000C3E901BB62699DF83910022060F3010151
:10A78000101D0F908DF839105188ADF84010412000
:10A7900019465388059AADF84230FFF7D9F940467B
:10A7A00011F046FB5846FFF7CDF903224FF00103A5
:10A7B00062F306134FF0070C10208DF820308DF84F
:10A7C00021C08DF823208DF824208DF822000FF071
:10A7D00039FF08A80FF07CFF91480FF05DFF914A08
:10A7E000ADF82CB04FF4C87348460A92ADF82E303D
:10A7F000FFF7AAF959468C480EF096FF002F40F05B
:10A80000C68007AF30A904234FF6FF7241F8A83D78
:10A81000304600230FF0BAFF0699002914BF3046D6
:10A8200000200FF079FF0699002914BF3046002060
:10A830000FF07CFF069E7D4B2093003620A818BFAA
:10A84000012611F0F3FB7C2018F0DBFBA368019AD2
:10A85000214600F049F9DAF8001020A809F05AFD65
:10A860007349284609F056FD2A4620A9384609F0C2
:10A87000DFFD284609F01AFD20A809F017FD402247
:10A88000002120A818F018FC6A4B186821900123B9
:10A890008DF8BC3010B118F04BFC80B2079BADF8BE
:10A8A0008000181D2390002800F0B88018F040FCAC
:10A8B00083B2009AADF8883010680430259010B14A
:10A8C00018F036FC80B25C4BADF890001868279009
:10A8D00010B118F02DFC80B2584BADF898001868F4
:10A8E000299010B118F024FC80B2554BADF8A000AF
:10A8F00018682B90002800F08F8018F019FC83B2A4
:10A9000020A8ADF8A83011F039FD2046FFF7ACFEC5
:10A910003C220021284618F0CFFB02214FF0040C06
:10A920002B46322230468DF8441031468DF847C010
:10A93000FFF760F906212046FFF7B2FA4FF4A03680
:10A9400000234FF4F021032228460125CDE91433DA
:10A95000CDE91633CDE912618DF85020CDF8449041
:10A960000EF06EFB84F821500FF008FF002804DD84
:10A97000344B29461878FFF7DDF8E38843F4805319
:10A980003846E38009F092FC31B0BDE8F08F0FF05B
:10A99000F5FE032807AF7FF735AF384620AB3246C8
:10A9A00029460FF0DFFFBDF830000FF0D1FF29E797
:10A9B0000CAE2549484609F0ADFC0EAB2349039384
:10A9C000304609F0A7FC039B4A461846594609F051
:10A9D0002FFDDDE9022311AD19462846029309F047
:10A9E00027FD3246294620A809F022FD20A9584615
:10A9F00009F0FCFC20A809F059FC284609F056FC97
:10AA0000029B184609F052FC304609F04FFC4846BC
:10AA100009F04CFC029BA7E6034671E7034648E7B2
:10AA2000759F020008001000403A0020DDA50200DA
:10AA3000A84B0400183A0020143A00206820002097
:10AA40001C3A002027230020A04B0400A44B040044
:10AA50006C20002041F20103984216D00DD944F237
:10AA60000103984206D044F2020398420AD14820DA
:10AA7000F6F71ABE4920F6F717BE012802D1462084
:10AA8000F6F712BE4A20F6F70FBE4720F6F70CBEC7
:10AA90000120704701EB810100EB410070307047ED
:10AAA00082B070B50C4684B005464968206802AC97
:10AAB00003C4039908AC481084E80C00CB0745BFD9
:10AAC0002A58029B029CD4580AAB2E1893E8030024
:10AAD0008DE8030008AB0CCB3046A04704B0BDE8BE
:10AAE000704002B0704700BF2DE9F041044686B0C7
:10AAF000002590461F4602F0DDFB2E492160C4E987
:10AB00000287258284F85450A56504F1700002F094
:10AB10002FFB20462849E56525666566A566E5663E
:10AB200002F0D8FB20464DF61D1102F0E7FB04F1C0
:10AB30005C0614220A2733462946CDE90127204620
:10AB4000009243F6103202F0E9FB2820D4F8088086
:10AB500018F057FA0646103008F0D8FF2923336062
:10AB6000182018F04EFA154ACDE90425074604AA24
:10AB7000034603CA47F80C4BDD607D60586099605E
:10AB8000D8F800200E49F56012205961B360B080FA
:10AB9000C6E90855536840463146984718B92046DB
:10ABA00006B0BDE8F081304603F05EFD304618F097
:10ABB00021FAF4E70C4C0400F44B0400F9AE020057
:10ABC000A1AA0200F0B5037CCA78934285B005467D
:10ABD00029D022D99B1A072BCCBF00240124D4B939
:10ABE000314A2B68128804AE214626F8102D2846DB
:10ABF0001B6998470746284602F00EFC02230146CF
:10AC00003246384602F0BAFA6B7C85F85440043379
:10AC1000DBB26B742B7405B0F0BDD31AF82BD4BF24
:10AC200000240124DBE70A4690F8540001332B741A
:10AC300052F804CF030105F11404E0185768966830
:10AC4000D26844F803C047608660C26095F854300B
:10AC5000012B0FD01ED3032B18D101231A46292113
:10AC6000684608F033FF6B7C002204336B7485F870
:10AC70005420D0E78B784978AA6D1B0443EA01631E
:10AC800013430222AB6585F85420C4E7013385F8ED
:10AC90005430C0E7B1F801305BBA9BB20122AB651A
:10ACA00085F85420B7E700BFE04B0400F0B5036817
:10ACB0004F4A1B690E88934297B004460D4615D142
:10ACC00070300388B34201D017B0F0BD6B89002B00
:10ACD000FAD02A7B022A17D00BD8DAB1012AF3D195
:10ACE00005F10C012046FFF76DFFEDE700219847C5
:10ACF000E7E7EE2A5FD0FF2AE6D16B7B23B1012B79
:10AD0000E2D1FBF74DF9DFE70123292106A808F07E
:10AD1000DDFED9E706A801F099FF364B1A684AB95B
:10AD2000129A3AB19DF84410032903D1324813997D
:10AD3000026019606B7B8DF80530142106A803EBC7
:10AD4000830201FB030316A901EB820252E90E62A2
:10AD5000103303CB330E8DF809608DF80630330CB9
:10AD6000360A25688DF80D208DF807308DF80860BB
:10AD7000130C0026170E120A8DF80C20CDF80E00C9
:10AD8000CDF812108DF80A708DF80B308DF8046034
:10AD90002B693146204698470546204602F03CFB89
:10ADA00001AA01461223284602F0E8F9268284F817
:10ADB0005460A66588E7114B002518688DF81A5075
:10ADC0004FF4F773ADF81830FFF7DAFB23688DF80E
:10ADD0001A0029461B69204698470546204602F07E
:10ADE0001BFB0323014606AA284602F0C7F96BE7BE
:10ADF00095AA02005C3A0020603A0020583A0020F0
:10AE000010B5ADF5627D01A801F086FD4FF46072CA
:10AE1000002102A818F050F9022001230022582135
:10AE2000039003A80A930DF0FDFB00220290C321BA
:10AE30009AA80DF0F7FB40F6FC7399901A6801325E
:10AE400032D04FF080521C6813691C4420464FF4E6
:10AE5000607202A918F0FDF8B0B940F6FC731C68E6
:10AE60004FF4607202A9204618F0F3F848B1214669
:10AE700001A801F053FD02AA214601A8E02301F038
:10AE800083FD0DF5627D10BD214601A801F046FD50
:10AE9000E023214602AA01A801F076FD40F6FC73EA
:10AEA0001B680133D9D10EE04FF010224FF08053D0
:10AEB00094691B691C4420464FF4607202A918F083
:10AEC000C8F80028E0D14FF010239C69C8E700BF04
:10AED00040F6FC731A6801320ABF4FF010231A685B
:10AEE0009A694FF080531B69134493F8A13203B958
:10AEF0007047FFF785BF00BF82B02DE9F04383B0F4
:10AF00000AA90546684681E80C0001F005FDBDF878
:10AF10002A40022C56D0FF2C4BD0012C04D003B079
:10AF2000BDE8F04302B070474C49E86806F012F8FB
:10AF30000746002865D001AE384618F05BF84FF0A0
:10AF40008052AC6D1169B4FBF1F301FB13438BB973
:10AF5000116989080ED02168013108BF201D04D075
:10AF60004AE050F8041B013146D111690133B3EBBB
:10AF7000910FF6D32146684605F11402102301F023
:10AF800003FD4FF601722B68ADF804201B69002108
:10AF9000284698470446284602F03EFA32460146C3
:10AFA0000223204602F0EAF803B0BDE8F04302B005
:10AFB00070472B4B1868FFF7C3FA03B0BDE8F043A6
:10AFC00002B070471023684605F11402A96D01F024
:10AFD000DBFCFFF715FFE868204906F0EFF8214B8E
:10AFE000186810B1012100F053FBFAF7D9FF03B044
:10AFF000BDE8F04302B070472146684601F08EFC80
:10B00000B8E702AE234606F8044D174C1349E8682A
:10B01000324605F0D9FF2368002B8DD0134AD2F8B1
:10B020000090994588D24FF08058A9F1040309F6A1
:10B03000FC7101E08B4207D053F8042F0132F9D0A4
:10B040004946684601F06AFCD8F81030226823F0BF
:10B05000030399449145E8D36EE700BFE44B040035
:10B06000583A0020B83900205C3A0020603A0020AD
:10B0700010B5074B036003F1740103F1A402044609
:10B0800081614262183005F0A5FD204610BD00BF69
:10B09000484C040010B5074A40F8182C02F174041B
:10B0A00002F1A4010460C160A0F1180405F092FD52
:10B0B000204610BD484C040010B5084B036003F156
:10B0C000740103F1A402044681614262183005F064
:10B0D00081FD204617F08EFF204610BD484C04002D
:10B0E00010B5094A40F8182C02F1740402F1A401C9
:10B0F000C1600460A0F1180405F06CFD204617F053
:10B1000079FF204610BD00BF484C0400F0B583B065
:10B1100016469DF82050CAB21F4631460123044608
:10B120000AF08AFF012D04F1180003D0032D14BF8B
:10B130000025022500213B4632460091019521461B
:10B1400005F06CFE044B236003F174022046A43327
:10B15000A261636203B0F0BD484C040042DF704757
:10B16000704700BF084602F0CBBF00BF82B070B589
:10B170000C4684B005464968206802AC03C40399B4
:10B1800008AC481084E80C00CB0745BF2A58029B46
:10B19000029CD4580AAB2E1893E803008DE80300F4
:10B1A00008AB0CCB3046A04704B0BDE8704002B0FD
:10B1B000704700BF82B08DE80C0000F6F810002147
:10B1C00002B0FAF7A5BB00BF82B010B502A981E8B2
:10B1D0000C00BDF80A30062B3ED00FD9152B22D01B
:10B1E00040F6B932934227D1BDE8104041F25023D6
:10B1F0004FF0FF31C05802B007F068BD032B21D1DA
:10B200000446002100F6141005F02EFE04F6381056
:10B21000002105F029FE04F65C10BDE81040012174
:10B2200002B006F0C9BEBDE8104041F25023012132
:10B23000C05802B007F074BD0D2B05D0BDE810401A
:10B2400002B07047052BF9D1BDE81040D0F8DC09F9
:10B25000036802B01B6B1847BDE81040D0F8E00946
:10B26000036802B09B6A184738B500F5F9640546D3
:10B270002046FBF7D5FB40B105F10C00FEF768FF57
:10B2800038B92046FBF7D4FB50B9BDE838400CF084
:10B2900075BA2046FBF78AFDBDE838400CF06EBA5F
:10B2A0002046FBF771FD0028EFD138BD064A136830
:10B2B000591E11603BB9054A116821B141891360DB
:10B2C00021F4005343817047742000203020002077
:10B2D000A0F10400FFF7EABF704700BF2DE9F04F6F
:10B2E00089B00446FAF7C2FDB64B4FF00008C4E936
:10B2F0000138201D02F0E6FAB34B236004F10C077D
:10B300003C33636004F134063846FEF7A3FD04F1D4
:10B310004C05276330460922AC490CF0A9F904F129
:10B32000640728460A22AA490CF0A2F938461A22D4
:10B33000A8490CF09DF942463146012304F18000F2
:10B3400005F026F804F1E00304F1B800039306F0D9
:10B350007FFBDDF80C80222304F53B7B2946404629
:10B360005B2209F0A3FA04F54B75394612225846C0
:10B370000BF04EFF04F5E66741465A46284604F5B1
:10B38000F368049700F0E4F9934B384604F5CA6279
:10B3900004F5C7610BF076FD04F5B56204F5B26102
:10B3A000404602F067F904F5A06204F5A36104F5D4
:10B3B000F66002F05FF9282704F5F96318462A467B
:10B3C000059341463346009781462A26FBF7ACF8A1
:10B3D00004F6180241464B461046069200962A464D
:10B3E000FBF7C6FD40F6F87304F644051A6801320F
:10B3F0000ABF4FF01023196859694FF0805304F6C3
:10B40000540618691B6900EB4000091A01222846FE
:10B41000FCF78AFD294630460022079605F070FDAC
:10B4200004F5C462C4F87028D4F81027C4F874284E
:10B43000D4F81427C4F87828D4F81827C4F87C283E
:10B4400004F5B867D4F81C27C4F8607804F5BB6627
:10B4500004F5C161052304F6A40A04F5BE60C4F82E
:10B460006468C4F86C18C4F880285C49D4F82027B4
:10B47000C4F8680804F5066504F6740704F688063F
:10B48000C4F88428C4F88838C4F88C38C4F89038D4
:10B49000C4F89438C4F8A018504631460722C4F8BE
:10B4A0009858C4F89C78FAF711FF4FF0000901236F
:10B4B0001A46CDE9009904F56C7104F6141005F0F4
:10B4C000ADFCCDE900990123022204F5886104F660
:10B4D000381005F0A3FC03230222012104F65C10BE
:10B4E00006F0C8FD5A4640F6AC5304F5A66104F6D2
:10B4F0006C1006F039FE092104F51A6001F012FC07
:10B50000082104F6C810FBF78FFC404600F084FCCD
:10B51000C4F8DC09404600F063FD079BD4F8DC2941
:10B52000009301465346C4F8E00904F6E41001F024
:10B530007BF904F5A96A04F5AC6004F5AF61CDE9C7
:10B540000010039B524604F54E7104F6F810FAF70A
:10B5500061FBDDE90432069904F59A50FAF728FFF9
:10B56000B4F83635A4F80A9043F4006304F5CD69C5
:10B57000A4F8363548460AF0A9FC022148460AF0EC
:10B5800073FBB4F86E36164923F480734046A4F872
:10B590006E3609F093FD55F8040B01210AF074FF93
:10B5A000AF42F8D155F8040B01210AF06DFFAE420D
:10B5B000F8D1504601210AF067FF204609B0BDE8E6
:10B5C000F08F00BF344F0400304D04000090004065
:10B5D00000A0004000A0014000200040F44C040006
:10B5E000801A0600704700BF2DE9F04F83B0DDE9F7
:10B5F0000C9ABDF83880002B3BD0B9F1000F35D044
:10B600000F2902D1B8F1C00F33D1074628201D46BB
:10B610000E46934617F0F5FC0446103008F076FA13
:10B6200018202680A4F802B017F0EBFCCDE9009AB0
:10B6300006466B46024603CB46F80C5B00233D688A
:10B64000D36048F002087360E360506091600E4977
:10B650005161C4E90833A4F80480A2606B683846DD
:10B660002146984740B903B0BDE8F08F1AF0010FAA
:10B67000C6D16FF47A70F6E7204602F0F5FF204657
:10B6800017F0B8FC0148EEE76DB1020016FCFFFFB1
:10B6900070B5002486B04FF48053802205460E46D4
:10B6A00002A821460094FCF73FFC012302A80E4AA1
:10B6B00001A9FCF791FB019B73B101236A460A497A
:10B6C00002A8FCF793FB05F59A50FAF7BDFE02A815
:10B6D000FCF734FC06B070BD002EF4D102A8FCF7D4
:10B6E0002DFC06B070BD00BFF04C0400A0F10400BA
:10B6F000F0F7B6BF10B5084B0360044600F5806054
:10B7000008F042FD054B236000232046E38002F051
:10B7100049F9204610BD00BF904D0400344F04008D
:10B72000094B10B50446036000F5806008F02CFD5D
:10B73000064B23600023E380204602F033F92046C5
:10B7400017F058FC204610BD904D0400344F040003
:10B750002DE9F04FD04B03600026044687B04660C9
:10B76000CDE9021202F0AEF82046CC4B40F80C3B7B
:10B770000222032364210AF05FFC03231A46652199
:10B7800004F124000AF058FC03230422662104F18A
:10B790003C000AF051FC03232322672104F15400EA
:10B7A0000AF04AFC04F16C0B04F184031D461C22D0
:10B7B0000323682158460AF03FFC04F19C08284600
:10B7C00003230E226921009504F1B40A0AF034FC27
:10B7D000032325226A2140460AF02EFC03230B2274
:10B7E0006B2150460AF028FC03230A226C2104F145
:10B7F000CC000AF021FC04F1FC00054603230922D9
:10B800006D2104F1E4000AF017FC04F58A7728465C
:10B8100003231E226E2101950AF00EFC38460323F5
:10B8200017226F210AF008FC03230C22702104F573
:10B8300096700AF001FC03231122712104F5A27015
:10B840000AF0FAFB03230122722104F5AE700AF01C
:10B85000F3FB03230D22732104F5BA700AF0ECFB0D
:10B8600003231D22742104F5C6700AF0E5FB04F5DC
:10B87000DE7903232222752104F5D2700AF0DCFB65
:10B8800004F5EA7503231F22762148460AF0D4FB0B
:10B8900003231A22772128460AF0CEFB0323202215
:10B8A000782104F5F6700AF0C7FB032324227921DE
:10B8B00004F501700AF0C0FB324603237A2104F537
:10B8C00007700AF0B9FB032314227B2104F50D70E5
:10B8D0000AF0B2FB03230522862104F513700AF057
:10B8E000ABFB032310227C2104F519700AF0A4FBA2
:10B8F000032308227D2104F51F700AF09DFB03231A
:10B9000015227E2104F525700AF096FB03231622EA
:10B910007F2104F52B700AF08FFB03230F22802177
:10B9200004F531700AF088FB03231822812104F505
:10B9300037700AF081FB03231322822104F53D7046
:10B940000AF07AFB01230622832104F543700AF0F2
:10B9500073FB01232822842104F549700AF06CFB53
:10B9600003231922852104F54F700AF065FB032398
:10B970000722972104F555700AF05EFB032321226C
:10B98000982104F55B700AF057FB03231B229921D1
:10B9900004F561700AF050FB032327229A2104F575
:10B9A00067700AF049FB032329229B2104F56D707F
:10B9B0000AF042FB26229C21032304F573700AF04F
:10B9C0003BFB04F580660198009BC4F8F403C4F8BF
:10B9D000F833C4F8FC73C4F8E4B3C4F8E8A3C4F8BB
:10B9E000EC93C4F8F083304608F09EFB2C4A029991
:10B9F0002C4B11602922A260039A1A6013272B682E
:10BA000028465B6C00219847A3680137BB4205F1CB
:10BA10001805F4DCD4F8E403036800215B6C984754
:10BA2000D4F8E803036800215B6C9847D4F8EC0372
:10BA3000036800215B6C9847D4F8F0030368002189
:10BA40005B6C9847D4F8F403036800215B6C98475B
:10BA5000D4F8F803036800215B6C9847D4F8FC0322
:10BA6000036800215B6C9847A1680122013105A899
:10BA700008F060FB05A9304608F08EFB05A808F029
:10BA800083FBA268D4F800341344204600221A71C4
:10BA900007B0BDE8F08F00BF344F0400904D0400A4
:10BAA000C03C0020BC3C00202DE9F8438268D0F85F
:10BAB000003413441A7942F001021A718368002B92
:10BAC00044DD00250646DFF88890A84600F10C0406
:10BAD00013E0D3F8003703F44033B3F5003F06D149
:10BAE000D6F800342B441A7942F008021A71B36870
:10BAF0000135AB4204F1180428DDD6F80034277D67
:10BB00002B44204683F804802368DB69984707F0BC
:10BB10001F020028EBD1202F34BF4FF0A0434B462B
:10BB200003EB8203D3F8002702F44032B2F5403F22
:10BB3000CFD1D6F800342B4401351A7942F00402F3
:10BB40001A71B368AB4204F11804D6DCBDE8F8837F
:10BB500000030050F8B58168D0F800341E4A0B4449
:10BB6000197921F0010119718368D2F80473D2F8B0
:10BB70000413C2F80813002B2ADD064600F10C045A
:10BB800000250FE011F0080320464FF0020104BF2A
:10BB9000204619460AF096FCB3680135AB4204F121
:10BBA000180415DD23682046DB6998470028F3D187
:10BBB000D6F800342B4419794B07E3D520460321EE
:10BBC0000AF080FCB3680135AB4204F11804E9DCEB
:10BBD000014BC3F80473F8BD006000402DE9F04F3D
:10BBE000324C8568D4F804B3D4F80463C4F808630D
:10BBF000002D83B045DD99460092884606460446EE
:10BC00004FF0000A06E0B3680AF1010A534504F157
:10BC1000180436DDE36894F82070DB6904F10C0544
:10BC2000284698470028EED1E36828461B6A9847C3
:10BC30000028E8D0638A13F400712BD0B8F1000F0C
:10BC4000E1D0009A6AB31F2F07F01F07184A07F5C3
:10BC5000E07198BF4FF0A042019252F8211011F408
:10BC6000403FD0D113F4807F28460CBF032102212E
:10BC70000AF028FC0123019A03FA07F7C2F820759D
:10BC8000C1E70A4B0022C3F87C21C3F804B303B018
:10BC9000BDE8F08FB9F1000FB5D028460AF012FCCC
:10BCA000B1E7284600990AF00DFCACE700600040BF
:10BCB0000003005010B50446062918D8DFE801F04B
:10BCC0002B35465757041900002A54D08368002B9F
:10BCD0000DDD03EB430300EBC303418A8C0500F148
:10BCE000180002D51168013111609842F5D1002089
:10BCF00010BD8268002AFADD02EB420200EBC202AC
:10BD0000438A990544BF23F400734382183082426A
:10BD1000F6D10020ECE7FFF7C7FE012220461146CE
:10BD20000023FFF75BFF002010BD8268D0F80034CD
:10BD300013441B79DA0701D4FFF7B6FE012320462E
:10BD400019460022FFF74AFF002010BDD0F800344A
:10BD5000826813441B79DB0701D4FFF7A5FE01239A
:10BD600020461A461946FFF739FF002010BDFFF79D
:10BD7000F1FE002010BD6FF47A7010BD10B50446BE
:10BD800003EB43002160C4E902230121800002F09B
:10BD900027FC002360602382204610BD704700BF4F
:10BDA000064B1B68834203D01A681846D36A1847AB
:10BDB00010B53220FAF7FEF8014810BD6C3A0020A9
:10BDC00016FCFFFF064B1B68834203D01A68184617
:10BDD000136B184710B53220FAF7ECF8014810BD84
:10BDE0006C3A002016FCFFFF10B5034B03600446BD
:10BDF00002F038FF204610BDB44D040010B5054BCD
:10BE00000360044602F02EFF204617F0F3F82046A8
:10BE100010BD00BFB44D04002DE9F041404C236833
:10BE200013F0010382B007464FD03E4C2368DB0776
:10BE30003DD53D4D2B7823B13C4C206802B0BDE888
:10BE4000F0813B4E072002F0D9FC30460AF03EF864
:10BE50000221304609F008FFF38823F48073322171
:10BE60003846F38005F058FB002836D1442017F0FF
:10BE7000C8F8052206462F492C4C02F01DFD2E4B1A
:10BE800033604C20266017F0BCF806222949804612
:10BE900000F09CF8294BC3F800804046216802F06E
:10BEA000EFFF206801232B7002B0BDE8F08103236F
:10BEB000192285211E480AF0BFF80123204A214992
:10BEC0001B48236017F098F8B3E701221146194880
:10BED00007F078FD01232360A7E7502017F091F8C1
:10BEE00032230522CDE900323946124B0F4C32463F
:10BEF000804605F0F7FA5420C4F8008017F081F866
:10BF00004FF0060C3C23CDE9003C3246094B394644
:10BF1000804605F0DFFB094BC3F80080BDE700BF9A
:10BF2000643A0020683A0020FD4300206C3A00206B
:10BF3000783A0020703A0020B44D0400903A002076
:10BF4000402000209DBD020010B5044617F052F8B5
:10BF5000204610BD064B1B68834203D01A68184662
:10BF6000D369184710B53320FAF724F8014810BDFB
:10BF7000903A002016FCFFFF064B1B68834203D05B
:10BF80001A681846936A184710B53320FAF712F862
:10BF9000014810BD903A002016FCFFFF10B5034B7E
:10BFA0000360044602F0B6FF204610BDF44D0400C5
:10BFB00010B5054B0360044602F0ACFF204617F0B5
:10BFC00019F8204610BD00BFF44D040010B504461A
:10BFD00002F0A2FE014B2360204610BDF44D040088
:10BFE00008B5FFF719FF014B186808BD903A00200B
:10BFF00082B070B50C4684B005464968206802AC32
:10C0000003C4039908AC481084E80C00CB0745BF73
:10C010002A58029B029CD4580AAB2E1893E80300BE
:10C020008DE8030008AB0CCB3046A04704B0BDE858
:10C03000704002B0704700BFF0B44B6845680468B8
:10C040000F688668EB1A06EE903AE71BF8EEE66A90
:10C0500007EE907A8B68F8EEE77A66EEA66AF31A36
:10C06000E7EEA76A012A07EE903AF8EEE77AE7EEE4
:10C07000A76A35DD02EB420201EB8207B0EE666A89
:10C080000C3FD1E90303EB1A07EE903A201AF8EEC1
:10C09000E77A07EE100A4A69B8EEC77A67EEA77A20
:10C0A000B21AE7EE077A0C3107EE102AB8EEC77A1B
:10C0B000E7EE077AF4EE667AF1EE10FAF4EE467ADD
:10C0C00048BFF0EE676AF1EE10FAC8BFB0EE676ADB
:10C0D0008F42D6D176EE667AF0BC17EE900A7047A2
:10C0E000B0EE666A76EE667AF0BC17EE900A70479C
:10C0F0002DE9F0472DED088B84B004AC04E90E0067
:10C10000159A039E00234FF480619A428146DDE92F
:10C110000187C0E9003383608361C0E90311416195
:10C1200040F3D080149DDFED778A02EB420205EBED
:10C13000820A2C46D4E90013FB1A07EE903AA8EBCA
:10C140000101F8EEE77A07EE101AA268B8EEC77A96
:10C1500067EEA77AB21AE7EE077A0C3407EE102AD8
:10C16000B8EEC77AE7EE077AF5EE407AF1EE10FA0C
:10C17000B1EEE78A00F1B180FDEEC87AF8EEE77A19
:10C18000F4EE687AF1EE10FAC8BFF0EE678AA245C5
:10C19000D0D1DFED5C9AB7EE00BAB0EE69AAF0EE4E
:10C1A00069AAB0EE699AD5E90012B81A07EE900AAA
:10C1B000A8EB010006EE900AF8EEE77AAB6867EEAE
:10C1C000A77AF8EEE66AF01A07EE100AE6EEA67A0B
:10C1D000B8EEC77AE7EE077AF5EE407AF1EE10FA9C
:10C1E000B1EEE78A7ED4A1EB0801D21B9B1B0C3574
:10C1F00007EE101AB8EEC76A07EE102AC8EE887A62
:10C20000F8EEC76A07EE103AB8EEC77AC6EE085ADB
:10C2100086EE886AC7EE086A77EECB7AF0EEE55ACA
:10C22000F4EE497AF1EE10FAB0EEC66AB0EEE67AB4
:10C23000C8BFB0EE679AAC42E5EEA7AAA6EE27AA61
:10C24000E7EE279AAFD16AEE0A7ABDEEE87AEAEE17
:10C25000AA7A17EE103AE9EEA97AF5EE407AF1EEF5
:10C2600010FAB1EEE78A45D44846C9E90087C9F813
:10C270000860C9F81830CAEE886A8AEE087A89EE32
:10C28000886AF7EE007AF0EE675AE9EE265AF0EE89
:10C29000656AF0EE675AE9EE075AE9EE067AB0EE03
:10C2A000657AFEEECB6ABEEECB7AFEEECB7AC9EDB6
:10C2B000036A89ED047AC9ED057A04B0BDEC088BF8
:10C2C000BDE8F087DFED0F9AB0EE69AAF0EE69AA3B
:10C2D000B0EE699AB0EE698AC6E717EE900A13F0DD
:10C2E000F7FF49E717EE900A13F0F2FFD5E90012C5
:10C2F000AB6878E717EE900A8DED007A13F0E8FF4F
:10C30000009BB1E7000000002DE9F04F8BB0131E39
:10C310008346019100937ADD03EB430000230A4634
:10C3200001EB80001C461946D2E9007695680C3274
:10C3300082423C4431442B44F6D1009A94FBF2F003
:10C34000059091FBF2F193FBF2F3059ACBF80830DC
:10C35000CBE900215846DDE90021FFF76DFE0023FF
:10C36000CDE9033305EE900A02930DF11C086FF03E
:10C37000C7096FF0C70A6FF0C7079BE8070088E896
:10C380000700DDE90745099E4C443E445544DDE97C
:10C3900000214046CDE907450996FFF74DFE07EE1F
:10C3A000900AF4EEE57AF1EE10FA07F1C80704D529
:10C3B000CDE9035605EE900A0294B7F5C87FDCD1AB
:10C3C0000AF1C80ABAF5C87FD5D109F1C809B9F58B
:10C3D000C87FCED1059B029A93420AD0039A029B52
:10C3E000CBF80420049ACBF80030CBF80820059352
:10C3F000BDE7DBF80430039A9342EFD1DBF8083055
:10C40000049A9342EAD158460BB0BDE8F08F00235E
:10C410001946059399E700BFF0B587B003AC054610
:10C420000E4617462046FFF76FFFCDE90067284606
:10C4300094E80E00FFF75CFE284607B0F0BD00BF91
:10C4400082B02DE9F04FEDB076A98346642081E8F3
:10C450000C0002F0D3F90522114610A807F062FC87
:10C46000BD4911A807F066FC21AB6CA900229A60B7
:10C47000C3E900220C338B42F9D1DBF808008DF8B8
:10C4800064200368B54E9B6ACDE91322CDE91522DD
:10C49000CDE9172298470B90DBF808000368FF21CD
:10C4A0005B6A9847DBF808003C3004F0EDF943F68E
:10C4B0008C420023079204939A460693CDF814B059
:10C4C0009B46079B43F68C4293420DF1640900F0B2
:10C4D000AE80A34A9342C0F2AA80079BA3F16402F4
:10C4E00014B2002B00F0DA80049B0F2B00F0D680F2
:10C4F000079BCDE9074306999A4B059D2831A3FB7D
:10C500000132C820920900FB1212D3B26868069368
:10C5100002F072FB0446686802F076FB14F52A7F8D
:10C52000C0F2A18014F1C80FC0F2B080B4F52A7F28
:10C5300000F30D81C82C40F31F81032310F52A7FDF
:10C5400009931F4680F2968000230A93984610A80C
:10C5500007F054FB814D13AC05E04C4505F1020595
:10C560000ED014F801BFBBF1010FF6D16A7829781B
:10C57000FF2310A807F04CFB4C4505F10205F0D154
:10C58000069BDDE9091210A807F042FB089B002B6F
:10C5900002DB049B0F2B08D9059B986800230093AE
:10C5A00010301A4610A907F02BFC00231C460DF191
:10C5B000300B04E00134192C2BD016F814309F42B4
:10C5C000F8D106EB44035B784345F3D10AEB4A0309
:10C5D00021A901EB830513AB5846195D01294FF0E2
:10C5E0000002E7D0059B196802F04CFC9BE80700AD
:10C5F00013AB85E80700049D4FF001021A55013581
:10C6000001340AF1010AEBB2192C5FFA8AFA049399
:10C61000D3D1642002F0F2F8BAF1180F47D8079B83
:10C620009DF84CB043F68C4293427FF452AF059C88
:10C63000A068FBF713FFA0684B4900F13C041AA85F
:10C6400007F068FE78221AA9204604F0FFF91AA81C
:10C6500007F02CFE43F68C4343F62842CDE907232E
:10C660000023049347E7002309931F4610F52A7F10
:10C67000FFF66AAF10F1C80F0CDBB0F52A7F62DC61
:10C68000C82875DD03230A93984660E701230993C0
:10C690001F46EBE701230A93984658E7059B9868E5
:10C6A000079B08933C3004F0EFF8079423E75246C9
:10C6B00021A91AA8DDF814B0FFF7AEFE1DAB0FCB11
:10C6C000DBF800408DE80F001AAB20460ECB02F0DD
:10C6D000BDFBDBF80C0020B11AAA1C23234904F08F
:10C6E00073FCDBF80800FBF7B9FEDBF8083011A992
:10C6F00012A803F13C0407F051FA002340F2DC5287
:10C70000CDE9003212A91A46204604F00DF912A80C
:10C7100007F036FA4FF47A7002F070F8DBF8080090
:10C72000FBF79CFEDBF808000B9903685B6A9847EF
:10C7300011A807F025FA10A807F022FA6DB0BDE89D
:10C74000F04F02B0704704230A939846FFE6042393
:10C7500009931F468AE700BF244E0400904E040050
:10C76000D18AFFFF1F85EB516C4E0400844E0400FC
:10C7700002230A939846EAE6022309931F4675E7C7
:10C780002DE9F04F83B0DDE90C9ABDF83880002B1D
:10C790003BD0B9F1000F35D00F2902D1B8F1C00F4D
:10C7A00033D1074628201D460E46934616F029FC35
:10C7B0000446103007F0AAF918202680A4F802B029
:10C7C00016F01FFCCDE9009A06466B46024603CBE5
:10C7D00046F80C5B00233D68D36048F002087360A4
:10C7E000E360506091600E495161C4E90833A4F8D8
:10C7F0000480A2606B6838462146984740B903B070
:10C80000BDE8F08F1AF0010FC6D16FF47A70F6E729
:10C81000204601F029FF204616F0ECFB0148EEE728
:10C82000F1BF020016FCFFFFF0B58DB00446129870
:10C83000C4E90012C4E902301C4904F08BFBE8B1E2
:10C840000646074656F8100FD4F800E07168B26843
:10C85000F3680DF1140C65460FC530697169B26952
:10C8600007C50CAB13E90F008DE80F0070469CE87C
:10C870000E0002F0EBFA384616F0BCFB0C4B1B68BE
:10C8800083B10C4A05920022069205AA92E80300A1
:10C89000C0228DE803000292184603222346062197
:10C8A000FFF76EFF20460DB0F0BD00BF844E0400C0
:10C8B000D03B002041C40200C38843F48043C380BE
:10C8C000704700BF82B0C0F30761C0F30742C0F3F6
:10C8D00007238DF807008DF804108DF805208DF8DA
:10C8E0000630019802B0704782B0C0F307238DF87C
:10C8F00007008DF80630BDF8060002B0704700BF93
:10C9000029DF704728DF7047022802D1014B01223E
:10C910001A707047FE430020704700BF70B50C4688
:10C92000F9F72CFB98B1164D00232B704FF0805671
:10C9300002E00A2003F0A8FD3069B4FBF0F0FFF735
:10C94000E1FF0028F5D12B78002BFCD070BD0D4AFB
:10C950000223C2F80435D2F80034002BFBD0094979
:10C96000C2F80845D1F80034002BFBD00023054A5B
:10C97000C1F80435D2F80034002BFBD070BD00BFE5
:10C98000FE43002000E00140F8B50D4614461E4667
:10C99000F9F7F4FA88B11A4F00233B7002E00A203D
:10C9A00003F072FD324621462846FFF7A9FF002812
:10C9B000F5D13B78002BFCD0F8BD124A0123C2F818
:10C9C0000435D2F80034002BFBD0002E0EDD211FE1
:10C9D0000C4A01EB8606281F51F8043F40F8043F3B
:10C9E000D2F80034002BFBD0B142F5D1054A002328
:10C9F000C2F80435D2F80034002BFBD0F8BD00BFDC
:10CA0000FE43002000E00140F0B50B4687B09A6875
:10CA1000496804461868DB6802AD0FC59DF80860D8
:10CA2000032E3CD84FF08053BDF80A201D699DF8B5
:10CA30000930039F022B05FB02F51FD006AB13E95B
:10CA400003006A4682E80300731EDBB203EB830C2B
:10CA50004FEA8C0C03CA0CF1100E03EB830304EBBA
:10CA6000830304EB0E0C2F4444F80E00CCF80410A2
:10CA700000201E719D60DF6007B0F0BD04980021AA
:10CA800002E00131642902D0435C002BF9D100227D
:10CA90000BF0C8FD0023CDE900036A46D4E76FF42C
:10CAA0007A70E9E72DE9F04F604A614C614B4FF035
:10CAB000805122440C69D21A85B0B2FBF4F304FB16
:10CAC00013230192002B00F0AD800C691444E41A8A
:10CAD00040F6F8734FF080511A680F6901320ABFAF
:10CAE0004FF010231E685E694FF080531B69A6EB60
:10CAF0008306A6427DD98046DFF848A1DFF848B119
:10CB000008E054F8103C5B4576D027F003031C4442
:10CB1000A6426ED9CDF80CA0039B2268DB439A4253
:10CB2000EFD16368444A9342EBD1A368434A9342EE
:10CB3000E7D102F14E42E368A2F5A512A2F64F2218
:10CB40009342DED198F80020032A1CD002EB820128
:10CB5000531C08EB8101DBB200264FF4E035032BB8
:10CB60008E60CD6088F800300E715DD003EB8301DC
:10CB700008EB810102328D60D2B20120019DCD60AF
:10CB800088F80020087140F6F8714FF0805308686B
:10CB90001F691D6901300ABF4FF0102308685869EA
:10CBA0004FF08053032A1E6911D002EB820108EB7B
:10CBB0008101A0EB8600019BB3FBF5F3013205FB7D
:10CBC000037302268B60C86088F800200E7122462D
:10CBD000234652F8101F5268C8F82820C8F82410BD
:10CBE00053F8182F5B68C8F83C30C8F83820C8F8EC
:10CBF000304005B0BDE8F08F54F8043C104A934231
:10CC000083D114F8083C002B3FF47FAFA4F120053A
:10CC1000A5EB031929464046103DFFF7F5FE4D45AB
:10CC2000F8D172E7019C53E71A46ACE77023002065
:10CC3000D066040040200020C615A841C49866C9EB
:10CC40009DD7B1C18F71C46DFE307F59034600225C
:10CC500010B503F8102B044600F14C0103F80C2C1E
:10CC60001A605A6043E9022214338B42F6D12046FF
:10CC7000FFF718FF204610BD10B5044B03600023DA
:10CC80000446C38000F08EFE204610BD344F0400E1
:10CC900010B5064B036000230446C38000F082FEFB
:10CCA000204616F0A7F9204610BD00BF344F0400FF
:10CCB000F0B51B4F85B0054600F118062C6974B11C
:10CCC000E278012A0DD0022A05F1200021D100F0DE
:10CCD000FFF92B69A3420AD01C46002CF0D105B005
:10CCE000F0BD304600F0CAF92B69A342F4D102220C
:10CCF000C7F88020BFF34F8FBFF36F8F2969EB7A9E
:10CD0000496A2961013BEB7220463A6016F072F9DC
:10CD1000D4E701230A21684606F0D8FED9E700BF10
:10CD200000E100E070B5114B03600025044645604A
:10CD30000E4600F0C7FD20460D4B40F8183B21463B
:10CD400000F098F9214604F1200000F0BDF9094BEC
:10CD5000A57207210622E57221726272A680E58023
:10CD6000C4E9035565611C60204670BD344F040062
:10CD7000D44E0400943A002038B543694BB3C27ACC
:10CD8000032A23D8C288D2074CBFC268124A9A62CB
:10CD900004462C2016F035F92C220021054616F009
:10CDA0008BF9636900225A6222690AB90BE01A46BC
:10CDB000536A002BFBD163695362E37A65610133E7
:10CDC000E372002038BD63692361F6E76FF47B707E
:10CDD00038BD6FF47A7038BD16FCFFFF38B5194BBB
:10CDE000D3F8002122B100210122C3F800119A607A
:10CDF000144BD3F80C217AB1134C0021C3F80C1159
:10CE00002068D3F80054C288012D02F0010204D03A
:10CE10009AB90C4B01229A6038BDD3F848350AB153
:10CE20005B42C360FFF7A8FF2268064B5269C3F854
:10CE30000425044B01229A60EEE7024BC1600122F7
:10CE40009A60E9E700100040943A0020F8B5C388E2
:10CE5000DB0701D50020F8BD0446F9F78FF800285C
:10CE60006DD16569002D61D04FF080430022012112
:10CE7000C3F800211A461960D2F80031002BFBD00C
:10CE8000637A304A304DD35CC5F80C35227AC5F848
:10CE900008252E4B0022C5F81025C5F81C35A67AAA
:10CEA000F9F76CF800283DD0274BDFF8B0C0284FC9
:10CEB000284D002001210826C3F82C050222C3F8C2
:10CEC0003015C3F81465C3F818C54FF6FF7CC3F8D6
:10CED0003425C3F83CC5C3F838751827C3F8547512
:10CEE0006769C3F80475C3F80463C5F880212A6034
:10CEF000D3F8002242F01002C3F80022C3F8000168
:10CF00001A465960D2F80031002BFBD0E38843F475
:10CF1000804343F0010300200121C2F80C0191601D
:10CF2000E380F8BDA672C5F82465BDE72C2016F095
:10CF300068F829462C2216F0BFF8606194E706488D
:10CF4000F8BD00BFC44E0400001000407469627553
:10CF50002110010000E100E016FCFFFF20000402A8
:10CF600010B50446F9F70AF8F8B9E38813F001039D
:10CF700001D1184610BD0E4B0222C3F88020BFF32A
:10CF80004F8FBFF36F8F0B4B0121C3F810011A466F
:10CF90001961D2F81031002BFBD0E38823F48043D1
:10CFA00023F00103E380002010BD034810BD00BF43
:10CFB00000E100E00010004016FCFFFF70B50546E0
:10CFC0000C46F8F7DBFF002836D1EB8844B113F0AC
:10CFD00001041FD1194A1068C0F3400070B970BD38
:10CFE00013F0040120D113F00200F8D0134A23F00B
:10CFF00002030224EB801460084670BD43F0020374
:10D000000221EB80C2F88010BFF34F8FBFF36F8F08
:10D01000204670BD06462846FFF7A2FFEB8843F086
:10D0200004033046EB8070BD23F00403EB802846F8
:10D03000FFF70CFF204670BD014870BD00E100E025
:10D0400016FCFFFF0346006988B1094930B4022489
:10D05000C1F88040BFF34F8FBFF36F8F1D69DA7A3D
:10D060006D6A1D61013ADA720C6030BC704770471E
:10D0700000E100E00022C0E90012704710B504464C
:10D0800084B00068FFF7DEFF002343626268B2B13C
:10D09000516A09B915E011464A6A0133002AFAD1EA
:10D0A000032B08DC486201231A460921684606F072
:10D0B0000DFD04B010BD15F09DFF04B010BD606003
:10D0C000F1E71146EEE700BF0022416002707047B1
:10D0D00038B504464068FFF7B5FF012305462370C5
:10D0E000043006F01DFD002328462370BDE83840BB
:10D0F00015F080BF10B50446006807F005FA204619
:10D1000010BD00BFF8B522EAE275044605F10C0037
:10D110001F460E4601F01EFA206007F01DFA236834
:10D120001D72226857603EB120682A463146093098
:10D13000BDE8F84015F09CBFF8BD00BF10B5074C26
:10D140000023204619460122FFF7DCFF2046044A4F
:10D150000449BDE8104015F04FBF00BF983A0020C9
:10D1600040200020F5D00200ACDF7047AEDF7047F2
:10D170000022028102604260704700BFF0B54FF6A6
:10D18000FF7487B0A142ADF8063032D00389DB07C7
:10D19000054616460C4600880FD4BDF8063002AA94
:10D1A000ADF808300146002320460396ADF80A305A
:10D1B000FFF7DAFF184607B0F0BD02AA01230027E7
:10D1C0000DF1060CADF808001146204605968DF8C5
:10D1D0000A30ADF80C70CDF810C0FFF7C7FF00287B
:10D1E000E8D00499BDF806300988994201D0288812
:10D1F000D6E7002007B0F0BDA8DF7047B0DF70476A
:10D2000062DF7047704700BF8B79012B05D0022B7E
:10D2100002D10368DB6A1847704703689B6A1847A6
:10D220000368034A9B68934200D170470631184750
:10D2300005D2020070B50B88502B044631D01AD8A5
:10D24000102B26D0112B14D10368194DDA69AA428C
:10D250002BD100252E4605E023681B6998472368DB
:10D2600006810135DB6820469847A84229462046BA
:10D27000F2DC012070BD512B06D0532BF9D103688D
:10D280001B6B9847012070BD03685B6A98470120BB
:10D2900070BD0368064A9B699342EAD09847012013
:10D2A00070BD03681B6A9847F9E790472368D0E789
:10D2B00005D2020010B5064B03600023044603713B
:10D2C000C38000F0B9F9214600F0C4F9204610BD32
:10D2D000F84E040010B584B010310DF1FF330DF19C
:10D2E0000F0411F8012D03F8012FA342F9D1011DFC
:10D2F0006846FFF785FF04B010BD00BF00B583B0DE
:10D300000379ADF80410821D01A901208DF80630C3
:10D31000FFF772FF03B05DF804FB00BF2DE9F04793
:10D3200088B00546BDF84060BDF84470BDF848407F
:10D33000924688461E2200210DF10200994615F002
:10D34000BBFEBB1B18BF01232A79ADF800A0E10783
:10D35000ADF804708DF80C30ADF80660CDF808908B
:10D360008DF8022005D59DF80D3043F002038DF8AD
:10D370000D30A20705D59DF80D3043F004038DF85C
:10D380000D30630705D59DF80D3043F008038DF887
:10D390000D30270705D59DF80D3043F010038DF8AB
:10D3A0000D30E60605D59DF80D3043F020038DF8CD
:10D3B0000D30A00605D59DF80D3043F040038DF8E3
:10D3C0000D30610605D59DF80D3043F001038DF851
:10D3D0000D30E20544BF01238DF80F30A30544BF93
:10D3E00001238DF810302B68EC881A690120022384
:10D3F00041468DF811308DF812308DF813308DF8CC
:10D400001400284690476946024620460CF04CF826
:10D4100008B0BDE8F08700BF00B58DB001A80BF0E3
:10D42000BBFF019B23B1BDF808000DB05DF804FB04
:10D430004FF6FF700DB05DF804FB00BF03682DE9E7
:10D44000F041DB6806460D4690469847071E1BDDF7
:10D4500000240BE04388AB421ED08388AB4221D02E
:10D46000C388AB4224D00134A7420DD03368214693
:10D470001B69304698470388AB42EBD1012388F8FB
:10D4800000302046BDE8F08100234FF0FF3488F8DB
:10D4900000302046BDE8F081022388F800302046A5
:10D4A000BDE8F081032388F800302046BDE8F08114
:10D4B000042388F800302046BDE8F08130B583B001
:10D4C0000C460DF10702C9880546FFF7B7FF011E9C
:10D4D00008DB9DF807202B68032A05D01B680B4A40
:10D4E00093420ED103B030BD228A022AF6D11B69C5
:10D4F00028469847E17CA27C2B6842EA01220281FF
:10D50000ECE7A11D2846984703B030BD05D20200C4
:10D51000F0B58BB00C460DF1070209890746FFF7FD
:10D520008DFF002819DB9DF80730E6890122934220
:10D530008DF8082013D09DF80E20A088ADF810605B
:10D54000002363F3000202A98DF80E20ADF80C3021
:10D55000ADF812300593FFF751FE0BB0F0BD3A68FD
:10D560001F4952682089ADF81A6000258A428DF85B
:10D570001C308DF81D30ADF818000895ADF824501A
:10D5800015D12A462F4629469DF80E50ADF80C10AD
:10D5900063F30005A088ADF8106002A9ADF8127021
:10D5A00005928DF80E50FFF729FE0BB0F0BD3846FE
:10D5B00006A990479DF81C304BB99DF81D30BDF869
:10D5C0001A60BDF82470089A4FF48171DCE729468F
:10D5D0009DF81D30BDF81A60BDF82470089AD3E795
:10D5E00005D2020000B583B009890DF10702FFF7EB
:10D5F00025FF03B05DF804FBF8B50E4C26689EB11C
:10D600003368002B0FDD07463546002402E03368FF
:10D61000A34208DD55F8040F036839465B69984753
:10D6200001340028F3D1F8BD542015F0EAFC206045
:10D630000660F8BD9C3A002010B5054C206800B18A
:10D6400010BD542015F0DDFC00232060036010BDE8
:10D650009C3A002038B50368132B04460D4603DDC1
:10D660001420F8F7A7FC236804EB8302013355600C
:10D67000236038BD10B50023044607F02FFE024B8F
:10D680002360204610BD00BF2C3A040088B110B5BD
:10D69000044615F04DFD01382044844207D223781A
:10D6A000027804F8012B00F801398442F7D30020F6
:10D6B00010BD6FF47A707047F8B549B380EAE07432
:10D6C000C4EBE0744F1E0025DFF84CC000E01D469F
:10D6D0008CFB0423E217C2EBA30202EB8203C4EB30
:10D6E00043033033564207F8013F14466B1C002EAB
:10D6F000EDD1002801EB030203DA2D220235CA54D2
:10D700004A19002308461370FFF7C0FF3046F8BDE2
:10D710006FF47A76FAE700BF67666666014B1860B9
:10D7200000207047A03A0020002821DD30B4124DBF
:10D73000124B2A68002A00F1FF3408BF1A4621461E
:10D740000020930983EAD273534083EA121383EAD9
:10D7500092035208534042EAC37202F0010349089F
:10D7600043EA4000EDD1A042E9D82A6030BC7047BE
:10D770006FF47A70704700BFA03A0020A10D0C0032
:10D780000A4B036010B40A4C0023C380224602E017
:10D7900001333C2B06D052F8041B8842F8D10022FA
:10D7A00044F823205DF8044B704700BF344F040059
:10D7B000A43A00200048704716FCFFFF10B504464D
:10D7C0000A4B0B4823600023E380024602E001334A
:10D7D0003C2B06D052F8041B8C42F8D1002240F8B2
:10D7E0002320204615F006FC204610BD344F0400CF
:10D7F000A43A0020013908B503290AD8DFE801F06E
:10D800000B0B02020368084ADB68934201D0002137
:10D810009847002008BD0368034ADB689342F8D0AC
:10D8200001219847F5E700BF6562020070B584B03A
:10D8300004AC04E90F00BDF80230012B18D0022B14
:10D8400014D1154C154E04F1F00501E0AC420DD099
:10D8500054F8040F0028F9D0C3885B04F6D5036898
:10D860009B68B342F2D09847AC42F1D104B070BD8E
:10D87000094C0B4E04F1F00501E0A542F6D054F836
:10D88000040F0028F9D0C3889A04F6D503685B68B2
:10D89000B342F2D09847F0E7A03A0020E5570200E3
:10D8A000E157020010B5064C20884FF6E853984225
:10D8B00003D91520F3F7F8FE2088431C238010BD00
:10D8C000222300202DE9F041314C82B02246002372
:10D8D00002E001333C2B05D052F8041B0029F8D19B
:10D8E00044F823002B4C237813F001030BD12A4D6D
:10D8F0002A6842B10093102201234FF47A6000217C
:10D9000002F006FD10B102B0BDE8F0812820D5F884
:10D910000080224E15F075FBC02300930122204B9E
:10D920001021074600F06CFED8F800305B68B34267
:10D9300022D1384600F098FE384615F05BFB2820CF
:10D940002F6815F05EFBC02300930222144B0F21B9
:10D95000054600F055FE3B685B68B34212D128468D
:10D9600000F082FE284615F045FB237843F00103C2
:10D97000237002B0BDE8F081404639469847002840
:10D98000DDD0D6E73846294698470028EDD0E6E7AF
:10D99000A43A0020FF430020D03B0020B5D702006E
:10D9A0002DD8020010B4084C0023224602E00133B7
:10D9B0003C2B06D052F8041B8142F8D1002244F8D7
:10D9C00023205DF8044B7047A43A0020062816D89F
:10D9D000F8B50123834013F0580F0E4605460FD0CB
:10D9E000104CA4F1F00754F8043D3246294618467D
:10D9F00013B11B681B699847BC42F4D1F8BD70474E
:10DA000013F0270FFAD0084C04F1F00754F8043F44
:10DA100032462946184613B11B681B699847A7422E
:10DA2000F4D1F8BD943B0020A03A0020084600F055
:10DA300067BB00BF0048704716FCFFFF10B50446E7
:10DA400009F094FEE3696BB1A2699A61A3690BB115
:10DA5000E269DA610023C4E906336361BDE810407E
:10DA600009F076BED4E905321A60EFE738B50D4605
:10DA7000044609F07BFE2A6865610AB90AE01A4685
:10DA80009369002BFBD19461C4E90632BDE83840AC
:10DA900009F05EBEC4E906222C60BDE8384009F0FA
:10DAA00057BE00BF2DE9F04184B004AC04E90F007B
:10DAB000114B1C68DDE902014FF47A72002315F066
:10DAC000A9F8B4B1DFF8348006460F46E268A569CC
:10DAD00000239F4208BF964208D3636920460BB1DA
:10DAE000FFF7ACFF20464146FFF7C0FF2C46002D54
:10DAF000ECD104B0BDE8F0819C3B0020A43B0020A9
:10DB00002DE9F04FDFF8E08093B0D8F8005004AC76
:10DB100084E80F00002D32D02F4BBDF810401A685A
:10DB2000BDF81260AAB12D4F4FF0000A40F2FE3549
:10DB300040F2FF39D368D2F818B0190CAC429BB24E
:10DB400088B21FD0002B33D09C4231D05A46002AD5
:10DB5000F0D1A4F2FE33012B11D9D8F80050204B9C
:10DB600010273246214608A8009700F049FD2B688F
:10DB70001C4A9B6893422AD108A800F075FD13B097
:10DB8000BDE8F08F4B45DDD109B1B042DED1BAF12D
:10DB9000000FDBD1536923B110460392FFF74EFF0C
:10DBA000039A10463946FFF761FF4FF0010ACDE7AF
:10DBB00009B1B042CAD1536923B110460392FFF7AD
:10DBC0003DFF039A10463946FFF750FFBEE728464F
:10DBD00008A99847D0E700BFB43B0020A43B002031
:10DBE00001DB020035DA0200983B0020014B186887
:10DBF000704700BFA83B002038B509F0B7FD164BB1
:10DC00001C68D4B1636913B12046FFF717FF09F010
:10DC10009FFD002323616362256809F0EDFD014645
:10DC2000284609F0F5FD09F0A1FD0C4B1A682262A7
:10DC30001C6009F08DFD204638BD282015F0E1F963
:10DC400028220021044615F037FA09F0D9FD0023F7
:10DC5000C4E90003A360DAE7AC3B0020A83B002046
:10DC600038B50A4B1C682369DB0707D5084D2868BF
:10DC700030B1636A4362002363620446204638BDC4
:10DC8000FFF7BAFF28600028F8D0F2E7943B0020A5
:10DC9000A03B00202DE9F041464D2A7812F0010406
:10DCA00082B002D002B0BDE8F081434E434F3060F5
:10DCB000FFF7A2FF424B43491860FFF7D7FEFFF77B
:10DCC0009BFF3860D0F8008009F096FD011F4046A8
:10DCD00009F09CFD3B683C49186809F095FD3768E0
:10DCE000002F4ED0282015F08CF9C0232246009337
:10DCF00040F2FF31354B364C804600F081FC3B68EA
:10DD00005B68A34244D1404600F0AEFC404615F0AB
:10DD100071F92820D6F8008015F073F9C02300931C
:10DD200000222A4B40F2FE31074600F069FCD8F889
:10DD300000305B68A34237D1384600F095FC384686
:10DD400015F058F900230F22002100934FF47A6058
:10DD5000012302F0DDFA2820376815F052F9C023BC
:10DD6000009301221B4B0F21064600F049FC3B6843
:10DD70005B68A34212D1304600F076FC304615F0C5
:10DD800039F92B7843F001032B7002B0BDE8F08124
:10DD90003846414698470028BBD0B4E7384631465C
:10DDA00098470028EDD0E6E74046394698470028D6
:10DDB000C8D0C1E700440020983B0020B03B0020C1
:10DDC000943B0020A43B00203DE3020001DB020065
:10DDD000B5D70200A5DA0200024B187800F0010066
:10DDE000704700BF00440020F0B51F4F3B6883B070
:10DDF000002B37D01D4B1B78DB0733D50E4604466E
:10DE0000FFF72EFF436944EA06420546C2600BB1A4
:10DE1000FFF714FE28461649FFF728FEA4F2FE334A
:10DE2000012B16D928203F6815F0EBF8C0233246A5
:10DE3000009321460F4B054600F0E2FB3B680E4A7B
:10DE40005B68934208D1284600F00EFC284615F086
:10DE5000D1F8002003B0F0BD384629469847002885
:10DE6000F7D0F0E70548F5E7983B00200044002094
:10DE7000B43B002001DB0200B5D7020016FCFFFF17
:10DE80002DE9F04128B321B30546984617460E46C2
:10DE9000FFF7B2FE0446E0B132463B462946006831
:10DEA00009F0C0FC256809F0A7FC011F284609F00D
:10DEB000ADFC0A4B0A492068B8F1000F18BF19469B
:10DEC00009F0A2FC20460749FFF7D0FD2046BDE837
:10DED000F08100242046BDE8F08100BF15E3020078
:10DEE00041E20200A43B0020074B1B7813F0010322
:10DEF00008D010B4144601230A4621465DF8044BAD
:10DF0000FFF7BEBF1846704700440020024B186858
:10DF1000B0FA80F040097047A43B002030B50F4DA7
:10DF20002B789A0785B004D50D4B1B6873B105B0EB
:10DF300030BD43F00204022201230F2168462C70F9
:10DF400005F0C4FD064B1B68002BF0D12B7823F0A5
:10DF500002032B70F8F776F905B030BD00440020BD
:10DF6000A43B00202DE9F0415A4D2C682369D907C4
:10DF700037D4594E594F3268396812B36069B0428C
:10DF800000F089802A6091421CD0944252D08C4289
:10DF900052D0534B62699A424ED0206809F03AFC45
:10DFA000064609F039FCD4E90131361ACB1A9E42F3
:10DFB0002F6860D82068BB683A68BDE8F04109F076
:10DFC000A7BD29601B0745D52C60FFF7A7FF336865
:10DFD000002BFAD09C422B602CD039688B42D6D1D2
:10DFE0003BE0404E2068326843F00203236113692E
:10DFF000146843F00403136109F012FC0146204643
:10E0000009F006FC3768386809F004FC044609F09A
:10E0100003FCD7E90123241A9B1A9C4241D8336898
:10E020009968186809F0B5FD2B681A6900219207F4
:10E0300031600AD4BDE8F0812A6800219368126833
:10E040000846BDE8F04109F063BD1868BDE8F0413D
:10E0500009F0D9BD2B689C42ECD01E6809F0CCFBBE
:10E06000011F304609F0D2FB3B681F49186809F0D0
:10E07000CBFB39688BE72C6009F0CEFB606820365B
:10E0800026F01F0618BB304600F064FA3118C4E9C8
:10E0900001012F608EE7A069002818BF02462A60A0
:10E0A00071E7D5F800802F6009F0B6FB786820345E
:10E0B00024F01F0440B9204600F04CFA0444C7E99C
:10E0C0000104C5F80080AAE700F06AFAF3E700F05F
:10E0D00067FAD8E7943B0020A43B0020B03B002027
:10E0E000AC3B0020A03B00203DE30200034B1B782B
:10E0F000DB0701D5FFF736BF704700BF00440020A3
:10E1000070B5104D2A78D20714D50446FFF7A8FD44
:10E11000064602F0DDF873692044F06013B1304622
:10E12000FFF78CFC30460849FFF7A0FC2B78DB0793
:10E1300004D470BDBDE8704000F060BBBDE8704025
:10E14000FFF710BF004400209C3B002000B583B0C7
:10E15000FFF74AFE18B9074B1B78DB0702D403B060
:10E160005DF804FB0190FFF7FDFE019803B05DF838
:10E1700004FB00BF0044002038B5284D28684369DF
:10E1800013B1FFF75BFC2868254C2146FFF76EFCB6
:10E1900024684CB1A369002223B11C460132A36953
:10E1A000002BFAD1032A22DC2B6800221A611C689A
:10E1B00009F022FB0146204609F02AFB09F0D6FAB5
:10E1C000184B29681A688A4225D04AB1136A9942C5
:10E1D0001DD02BB11A6A91421AD01346002BF9D1E7
:10E1E00009F0B6FA104B1B78DB070CD438BDE26996
:10E1F0002068936100F0D4F9606800F0D1F92046FE
:10E2000000F0CEF9D0E7BDE83840FFF7ABBE1346CB
:10E210000A6A1A62E4E7126A1A60E1E7943B002096
:10E22000AC3B0020A83B002000440020034B1B789F
:10E23000DB0701D5FFF7A0BF704700BF00440020F7
:10E2400010B50C468047A047044B1B78DB0700D471
:10E2500010BDBDE81040FFF78FBF00BF0044002095
:10E26000034B1B78DB0700D47047FFF785BF00BF67
:10E2700000440020002842D02DE9F041DFF89080D2
:10E2800098F80030DC0782B032D51E4F3B680A4652
:10E2900019694907054601D15C6A44B12846012342
:10E2A0001949FFF7EDFD002002B0BDE8F0811868C4
:10E2B000019209F090FC3968019A0B6913F002068B
:10E2C00018D143F0010310460B61A8473B68186959
:10E2D0005E6220F0010210F004001A61E4D098F8A8
:10E2E000000010F00100DFD0FFF746FF3046DBE70B
:10E2F0000648D9E723F003030B612046D4E76FF407
:10E300007A707047943B002061E2020016FCFFFF28
:10E310000044002038B50346144610460D46984781
:10E320002046A847044B1B78DB0700D438BDBDE866
:10E330003840FFF721BF00BF0044002008B5044C5F
:10E34000FFF7ECFD2378DB07FAD5FFF70BFEF7E7C5
:10E3500000440020024B1878C0F38000704700BFD3
:10E3600000440020054A137818B923F00403137001
:10E37000704743F004031370704700BF004400204F
:10E3800010B40024C460C0E9001102725DF8044BAF
:10E39000704700BFF8B5194D2B78DA0700D4F8BDE7
:10E3A000044609F0E3F92668013E266009F0D0F939
:10E3B000002EF4DAFFF754FC436907460BB1FFF770
:10E3C0003DFB04F10C013846FFF750FB09F0CEF994
:10E3D00023689E4208DD7B6913B13846FFF72EFBA8
:10E3E00038460749FFF742FB09F0B2F92B78DB0703
:10E3F000D5D5BDE8F840FFF7B5BD00BF004400200B
:10E40000A43B0020036810B5C4680133036054B115
:10E41000636913B12046FFF711FB20460249BDE8AE
:10E420001040FFF723BB10BDA43B0020C36810B50C
:10E4300004462BB12046FFF7E5FFE368002BF9D136
:10E44000237A0BB96368236010BD00BF0068002801
:10E45000B4BF404200207047F8B50C4C05460E464C
:10E46000277809F083F90A4A731B02EBC7019B085E
:10E4700043F0004342F837504E602B60237801335D
:10E48000237009F065F90020F8BD00BF02440020A8
:10E49000B83B0020064B1B78834207D9054B03EBA2
:10E4A000C00253F830305068C01A704700207047DF
:10E4B00002440020B83B0020F8B583074FEA9006DD
:10E4C0003BD188B10D4609F051F9D5E90045771CDB
:10E4D000A54206D92368002B07DB04EB8304A54281
:10E4E000F8D809F035F90020F8BD23F00043990071
:10E4F00054F82320002A04EB01000DDB0EE022F08B
:10E500000042134443F00042226054F82320990053
:10E51000002A04EB010001DA8542F0D89F4201D9BC
:10E520000C44D5E702369E4209D3236823F000430A
:10E53000236009F00DF9201DF8BD0136C2E704EB98
:10E540008606B542F1D9DB1B43F0004346F8043C94
:10E550002760EEE738B5044640B10C4D2B783BB14F
:10E5600020460B49FFF7A8FF044658B1204638BDA6
:10E570000849094A086809491370FFF76DFF01232C
:10E580002B70EDE71420F3F78FF8EFE7014400203C
:10E59000B83B0020D02000200244002000F80120D9
:10E5A000A0B10E4B1A6882420DD25B6883420AD931
:10E5B00050F8043C002B10B5044608DD43F000433E
:10E5C00044F8043C10BD1E20F3F76EB870471E20BF
:10E5D000F3F76AF854F8043CF0E700BFB83B0020BA
:10E5E00038B501FB00F52846FFF7B4FF044628B113
:10E5F00001232A460360002114F05EFD204638BD49
:10E600002DE9F04104461030884617461E46BDF8F5
:10E61000185005F07BFA0020E060C4E90800A4F877
:10E6200000806780A660A5802046BDE8F08100BF1D
:10E630002DE9F843BDF82450089E04461030894661
:10E6400090461F4645F0010505F060FA0020C4E938
:10E650000800A4F80090A580A4F80280C4E902761E
:10E660002046BDE8F88300BF83889B0710B50446A9
:10E6700002D5806814F0BEFC204610BD82B070B593
:10E6800086B00AA981E80C00036A4BB31C696CB11F
:10E69000012200E01C4623690132002BFAD1092A2D
:10E6A00005DD06B0BDE8704002B070471C460AABFD
:10E6B0000FCB02AD85E80F00182014F0A2FC06ABCA
:10E6C000064613E9030095E80C008DE80300304688
:10E6D00005F042FA266106B0BDE8704002B070470E
:10E6E00004460FC902AD85E80F00182014F089FC1C
:10E6F00006AB064613E9030095E80C008DE803001D
:10E70000304605F029FA266206B0BDE8704002B036
:10E71000704700BFD0E9002303F10053013B10B460
:10E7200002EBC304A24210D852F8333099420CD8FD
:10E73000A21A22F007022346A21A03E053F8080D9A
:10E74000814202D893421C46F8D160685DF8044BC0
:10E75000704700BFD0E9002303F10050013802EBFD
:10E76000C0039A4252F8300016D8814215D89A1A3E
:10E7700022F0070210B49A1A03E053F8080D814200
:10E7800006D893421C46F8D118685DF8044B7047D0
:10E7900020685DF8044B704770477047D0E900234C
:10E7A00003F10050013802EBC0039A4252F83000E6
:10E7B0001FD881421DD89A1A22F007029A1A934252
:10E7C000184615D010B453F8084DA14206D893420C
:10E7D00018460BD053F8084DA142F8D900685DF8EF
:10E7E000044B081AB0FA80F0400970471868F6E741
:10E7F0001868081AB0FA80F04009704701F044BE6A
:10E8000001F012BEFEF78ABFFEF78EBF38B5044690
:10E81000074B036000254560FFF754F8E388054A7D
:10E82000258143F480532260E380204638BD00BF39
:10E83000344F0400584F040010B5044B036000230C
:10E840000446C380FFF7AEF8204610BD344F0400E5
:10E8500000897047807A704738B503688172044632
:10E86000DB6A98472368074A9B6A9342054603D1AF
:10E87000A07AA072284638BD20469847A072284644
:10E8800038BD00BF55E8020038B503680181044671
:10E89000DB6A98472368074A1B6A9342054603D1FF
:10E8A00020892081284638BD204698472081284667
:10E8B00038BD00BF51E80200F8B504460025154BED
:10E8C000036045600E461746FEF7FCFF94F83630AD
:10E8D00066624FF00112C4E90E22022103F0F9032F
:10E8E00065F3C3030C4E2563142084F84050A172D5
:10E8F0002081E560C4E90455C4E906552562A78076
:10E90000E580A586A4F8425084F83630266020467B
:10E91000F8BD00BF344F0400804F0400C16811F5FA
:10E92000C87FF0B480F2848090F8363013F0020390
:10E9300040F08680046914F5C87F66DA90F83620C6
:10E9400012F0040269D1456915F5C87F31DA90F8F3
:10E95000362012F0080234D0B2FA82F390F8366012
:10E9600090F840205B0963F3C30680F83660032A01
:10E9700008D80132D2B2012A80F8402000F08B8002
:10E98000042A77D0B0F8423090F8366001339BB259
:10E9900016F00107A0F8423062D01D2B17D90023D2
:10E9A0006FF3000680F83660A0F8423080F84030FF
:10E9B0000DE0B5F5C87F04DD90F8362012F00802AE
:10E9C000CAD090F84020002BD1D1002ADAD104FB24
:10E9D00004F301FB0133334A05FB053393423CD971
:10E9E00011F5487F51DBB1F5487F51DC14F5487FC4
:10E9F00054DBB4F5487F3BDC15F5487F50DBB5F5BB
:10EA0000487FD4BF0020062028E0B4F5C87F9ADDF7
:10EA100090F8362012F0040295D1B2FA82F390F801
:10EA200036205B0963F3820280F8362001238AE7EF
:10EA3000B1F5C87F0FDD90F8363013F002030AD12C
:10EA400090F83620B3FA83F35B0963F3410280F850
:10EA5000362001236EE700236CE70720F0BC7047E7
:10EA6000092BB4D9013A80F84020A0F84270AEE7F3
:10EA70000120F3E790F83630002243F0010380F8DC
:10EA80003630A0F842200B20E8E70320F0BC7047A6
:10EA90000420F0BC7047A0F8422098E70220DDE790
:10EAA0000520DBE7FF700200D0E9033230B502FB3E
:10EAB00002F2456903FB032305FB0535B5F5800F1D
:10EAC00085B0044616D9038F002B4DD0B5F5100F35
:10EAD00025D8012384F831302046FFF71FFF0B288B
:10EAE00014D0A38E834231D00023A08684F8303026
:10EAF00005B030BD90F83130042B56D90023C0E961
:10EB00000E332046FFF70AFF0B28EAD16086024643
:10EB100001230D21684604F0D9FF05B030BD638F95
:10EB2000002B39D0B5F1107FD3D9A38F5BB3B5F1EA
:10EB3000806FCED9E38F002BCBD101230A220D2188
:10EB4000684604F0C3FF0123E387C2E794F830303E
:10EB5000628E042B14D80133DBB2904284F830303B
:10EB6000C6D0052BD2D0C3E701230C220D21684665
:10EB700004F0ACFF0123B5F5100F2387A9D9CEE728
:10EB80009042C3D1B4E7012309220D21684604F065
:10EB90009DFF0123A387CAE7012308220D216846B0
:10EBA00004F094FF01236387BCE70133DBB291E7F4
:10EBB00030B5D0E908218BB002AD009200F1180306
:10EBC00004460CCB284604F04FFF95E80700E38885
:10EBD00004F10C0523F0020385E80700E3802046DA
:10EBE000FFF762FF0123A1881A4606A804F06EFF12
:10EBF00000200BB030BD00BF10B5036804461B6B8E
:10EC00009847E06810BD00BF10B5036804461B6B51
:10EC10009847206910BD00BF10B5036804461B6B00
:10EC20009847606910BD00BF036810B504461B6BB0
:10EC30009847E3889B0702D42046EDF731FFA06A8E
:10EC400010BD00BF036810B504461B6B9847E388EE
:10EC50009B0702D42046EDF723FFE06A10BD00BFFA
:10EC6000408E704710B5044B036000230446C380F8
:10EC7000FEF798FE204610BD344F0400008970470F
:10EC8000F0B50446416BA26BE36B2769656900F13F
:10EC90003406C068D71B5D1BD4E90723081AA16995
:10ECA00002FB07F201FB00F1881292128BB0C4E95B
:10ECB0000D0203FB05F39B12216CE36302AD00938D
:10ECC00096E80C00284604F0CFFE95E807000123E3
:10ECD00004F1280585E80700A1881A4606A804F073
:10ECE000F5FE00200BB0F0BD38B503680181044685
:10ECF000DB6998472368074A5B6A9342054603D15C
:10ED000020892081284638BD204698472081284602
:10ED100038BD00BF7DEC02002DE9F041124B0360CD
:10ED200000250446456088461746104EFEF7CAFD8A
:10ED30004FF4806314204FF480512081C4F8408048
:10ED4000C4E903556561C4E90955C4E90B55C4E933
:10ED50000D55E5636564A7802660E180C4E906334C
:10ED600023622046BDE8F081344F0400C04F040008
:10ED70002DE9F843036804469B6A9847A06A13F09C
:10ED800097FB8046E06A894613F092FB0646206BAB
:10ED90000F4613F08DFB424604460D464B46404657
:10EDA000494613F0EFFB3246804689463B463046E3
:10EDB000394613F0E7FB02460B464046494613F03E
:10EDC0002BFA224606460F462B462046294613F0CC
:10EDD000D9FB02460B463046394613F01DFA11F0B6
:10EDE00007F813F07FFEBDE8F88300BF30B5C58893
:10EDF00015F0040585B023D1036804469B6A984743
:10EE0000E388E56023F002034FF4806243F00403DB
:10EE1000E380C4E9062222620123C4E90455656245
:10EE20000322A188684604F051FEE388054813F0E8
:10EE3000020F23F00403E38018BF002005B030BDAB
:10EE40000148FBE714FCFFFF15FCFFFF84B070B422
:10EE500004AC84E80E0006460FCC06F10C050FC585
:10EE600094E80700F38843F0020385E80700F38085
:10EE700070BC04B0704700BFC08800F0020070474B
:10EE80004164704770B50B6882B005460C46084671
:10EE90009B6A16469847D4E90F31019600933434A3
:10EEA000284694E80C0004F095FD284602B070BD99
:10EEB00010B5036804469B6A9847A06A10BD00BF5E
:10EEC00010B5036804469B6A9847E06A10BD00BF0E
:10EED00010B5036804469B6A9847206B10BD00BFBD
:10EEE000C288510711D4930710B504460AD5636C44
:10EEF00020461BB1BDE81040EDF792BEBDE81040C2
:10EF0000EDF702BFFFF772FFF1E70148704700BF5E
:10EF100015FCFFFF10B5044B036000230446C380BB
:10EF2000FEF740FD204610BD344F040000897047B5
:10EF300040897047FF299ABF017300206FF47A70EF
:10EF4000704700BF007B7047704700BF10B50A894B
:10EF50004C8982B00023CDE9002410311A460446C2
:10EF600005F05AF8204602B010BD00BF10B5074B9F
:10EF7000044640F8103B04F003FE054B23600023D9
:10EF80002046E380FEF70EFD204610BDF84F04003A
:10EF9000344F0400094B10B5044640F8103B04F010
:10EFA000EFFD074B23600023E3802046FEF7FAFCC9
:10EFB000204614F01FF8204610BD00BFF84F040093
:10EFC000344F0400F8B50C4D05600025044645603B
:10EFD0000E4615461F46FEF775FC2046074B40F8C7
:10EFE000103B2AB231B204F09DFEFF222273A780AB
:10EFF000268165812046F8BD344F0400F84F040097
:10F000006FF47D70704700BF6FF47D70704700BF74
:10F010006FF47D70704700BF6FF47D70704700BF64
:10F0200010B584B004AB046803F8012D00220092EF
:10F03000246A1A460123A04704B010BD10B584B05D
:10F0400004688DF80C20002200928DF80D30246A9F
:10F05000022303AAA04704B010BD00BF10B50123CE
:10F0600084B00468CDE900330DF10F03E46AA047D2
:10F0700008B99DF80F0004B010BD00BFF0B585B011
:10F0800004469DF82C508DF80F201F4602680E464E
:10F0900085B101230093156A0DF10F02A84738B915
:10F0A000236800909D6A0A9B3A4631462046A8474D
:10F0B00005B0F0BDD3699DF80F209847EFE700BF7A
:10F0C0002DE9F84F9DF82870002A3CD0002B3ADD3E
:10F0D00088460168DFF874901E468B684B4582466F
:10F0E000144628D10D69DFF868B05D451BD1264470
:10F0F00005E00134A6420AD0DAF800301D695D450A
:10F10000F7D0217850460134A847A642F4D117B170
:10F110000020BDE8F88FDAF80030DB684B450ED1EF
:10F120003846BDE8F88F5FFA88F15046A847DAF80C
:10F1300000301D69DBE79847DAF80010D2E7504647
:10F1400098473846E5E76FF47A70E2E711F002007D
:10F1500019F002002DE9F04F83B09DF83090002A9D
:10F160005AD0002B984657DD05689246AB682C4A6A
:10F17000934206463DD12B692A4FBB4241D1B8F19B
:10F18000010F1BD0A8F102080AEB080B0AF1FF34AB
:10F1900005E00B2004F8010FA3450BD035686D691D
:10F1A000BD42F6D000213046A847C0B204F8010F96
:10F1B000A345F3D108F101083568C2446B69BB422D
:10F1C00012D10B208AF80000B9F1000F03D0002003
:10F1D00003B0BDE8F08F3368114ADB68934217D162
:10F1E000484603B0BDE8F08F012130469847C0B2D1
:10F1F000E8E70191984735680A4F2B690199BB42AE
:10F20000BDD041F00101C9B2304698473568B6E734
:10F21000304698474846DBE76FF47A70D8E700BF7E
:10F2200011F0020019F00200024A0260002202718D
:10F2300042717047385004006FF47D70704700BF12
:10F24000407970474171704719B30B68934214D0ED
:10F2500070B50E461446054623B11A680E49126E63
:10F260008A420CD134B123680C4ADB6D93420BD136
:10F2700000232B713460002070BD002070471846B9
:10F280009047002CEFD1F5E7294600222046984709
:10F29000F0E76FF47A707047899402008594020059
:10F2A0000EB42DE9F04787B00FAB054653F8046B59
:10F2B0000093317849B125290CD02B6801369B6920
:10F2C0002846984731780029F5D107B0BDE8F047C6
:10F2D00003B07047009B7178D3F80090632903F165
:10F2E0000403009306F102067ED015D9732969D074
:10F2F000782964D0642941D02B683F219B69284636
:10F3000098472B683F219B69284698472B683F21E7
:10F310009B6928469847CCE725294BD05829EBD143
:10F320004FF000081C2708244FF0000A10E0B8F145
:10F33000000F3CD003F157012B6828469B69984782
:10F340004FF0010A013C14F0FF04A7F10407B0D00C
:10F3500029FA07F303F00F0303F13002392AD1B27F
:10F36000E5DC302AE8D130212846BAF1000F01D17E
:10F37000012CE7D12B689B699847E3E7002301A99B
:10F380004846CDE90133CDE903330593FEF794F9FF
:10F390009DF8041000298CD00DF105042B68284637
:10F3A0009B69984714F8011B0029F7D181E703F105
:10F3B0003701C1E72B6828469B69984779E74FF0EA
:10F3C0000108AFE799F8001009F1010900293FF49D
:10F3D00070AF2B6828469B69984799F8001009F18F
:10F3E00001090029F5D164E72B685FFA89F19B696F
:10F3F000284698475DE700BFC389DB0600D4704705
:10F4000010B5044684B0818901230422684604F0C3
:10F410005DFBE38923F01003E38104B010BD00BF5E
:10F42000A0F10800FFF7E8BFC3895B073DD52DE9D0
:10F43000F0418369B3F90270002F84B00E4605468F
:10F4400015DD00F11808002401E0A7420FD021B219
:10F45000404605F005F8B04204F10104F5D101235E
:10F460001A46A989684604F031FBA742EFD1EB8C1C
:10F4700095F82410288D5A1C92FBF1F301FB1323FD
:10F480009BB2984212D0EA8C296A92B28E54EA69F1
:10F49000EB84002A02DBEB8C9A4210D0EB8943F01C
:10F4A0001003EB8104B0BDE8F0817047A989012306
:10F4B0000322684604F00AFB04B0BDE8F0814FF077
:10F4C000FF33EB6102220123A989684604F0FEFAAA
:10F4D000E4E700BFC3891B0700D4704730B5838EB3
:10F4E000C16A02689BB20446C95C926985B09047C4
:10F4F000A58E94F83020618E6B1C93FBF2F502FB15
:10F500001535ADB2A94202D0A58605B030BD0123A4
:10F51000022240F2FF31684604F0D8FA2368012144
:10F520009B6820469847EFE72DE9F047B2F1000AC3
:10F53000054629DD9946408E01F1FF38002608E096
:10F54000EB6A18F8012F1A540136B2456C86204632
:10F550001BD095F83070AA8E431C93FBF7F407FB81
:10F560001434A4B29442EBD12B6801215B68284685
:10F570009847B9F1020F1FD0B9F1010F0DD0B9F1C1
:10F58000000F02D0688EDBE700262B6828465B68F8
:10F59000012198473046BDE8F087688E06E095F86F
:10F5A0003030AA8E03449B1A002BC9DDAB8E9842E3
:10F5B000F5D3AB8EC31AF7E7494640F2FF30FEF7AA
:10F5C000C5FD688EBCE700BFC3895A0770B5044605
:10F5D00007D5036800219B689847206AFEF7E0FF83
:10F5E000E38994F8240023F004039DB2E581FEF73B
:10F5F000B1FF206260B12368002645F004055B6816
:10F60000E581E6842685204631469847304670BD20
:10F610006FF47B7070BD00BF38B5C3891A0705460B
:10F6200007D5036801219B689847E86AFEF7B8FF91
:10F63000EB8995F8300023F008039CB2EC81FEF7CB
:10F6400089FFE86230B1002044F00804EC8168864C
:10F65000A88638BD6FF47B7038BD00BF2DE9F04738
:10F660000446224D25602248A060002504F10800D0
:10F6700025716571E5608846174699469DF82060BA
:10F68000BDF824A0FEF71EF91A4AC4F8108002F152
:10F69000080340322360A260676104F1180004F09F
:10F6A0009FFE09F101094FF0FF330136E361E58464
:10F6B000424604F1100184F8249084F83060A4F8E4
:10F6C0000CA02562E56225856586A5862046FFF7A4
:10F6D000BBFD3A4604F114012046FFF7B5FDE3896E
:10F6E00043F48043E3812046BDE8F0877450040072
:10F6F000344F0400785004002DE9F041C789BC075D
:10F700001DD4002A1DDDE1B1984647F00203C381F4
:10F710003B07044615460E460BD543462A4631465E
:10F720002046FFF701FFE38923F00203E381BDE8F0
:10F73000F081FFF771FF0028EFD0BDE8F0810248AB
:10F74000F5E76FF47A70F2E70DFCFFFF10B40C6878
:10F750001346211DB4F902205DF8044BFFF7CCBF1E
:10F7600038B50B1E07DB1D460368DB680446984767
:10F7700000B9A56338BD6FF47A7038BDC38913F042
:10F78000030F60D143F0030370B50446C3811546EF
:10F790000E460A4600F11001FFF756FD2A4604F115
:10F7A00014012046FFF750FDA28E638E93423DD395
:10F7B000A28E9B1A2268002B926804DD012120464C
:10F7C000904723689A680021204690472B681F4A7B
:10F7D0005B6C934233D123682A4631461B6920462D
:10F7E0009847236800215B6820469847A28E638E65
:10F7F000934221D294F83020A18E13445B1A002B3F
:10F8000004DD236801215B6820469847A56B002D25
:10F8100006DB23682946DB682046984700B9A563C4
:10F82000E38923F00303E381002070BD94F83020C6
:10F83000A18E13445B1ABDE7A28E9B1ADFE702215B
:10F8400028469847C7E70248704700BF2594020042
:10F850000DFCFFFF012A20D0022A38B50AD0C38C44
:10F8600090F82420194491FBF2F302FB1311C161BB
:10F87000002038BD05460C4680891146FEF7B4FAD3
:10F88000E98C95F82420214491FBF2F302FB13113B
:10F89000E961FEF72BFC002038BD6FF47A707047E9
:10F8A000012A0FD038B514460546183004F09EFDE5
:10F8B000022C01D0002038BDA8890121FEF746FCAA
:10F8C000002038BD6FF47A70704700BF2DE9F04F0B
:10F8D00087B0CE8900AFF507C7E9013060D474075F
:10F8E0008946154640F1D780B9F828A0B9F82630E6
:10F8F00046F001069A45A9F80E6058D02B68D9F851
:10F900002010B3F902205646731C002A11F8068015
:10F91000FB602ADD4FF0000B4FF0FF340FFA8BF144
:10F92000284604F09DFD2A68B2F902200BF1010B74
:10F93000404508BF34465A45F0DC99F82430F96850
:10F94000B9F8268091FBF3F61FFA88F803FB161628
:10F95000B04500F0A880601C54D1D9F82010731C69
:10F96000002A11F80680FB60D4DC99F82430F8688E
:10F97000B9F8268090FBF3F61FFA88F803FB160609
:10F98000B045C1D17B68012B00F094807B68022BCD
:10F9900013D0B9F80E60B86826F00106A9F80E6019
:10F9A00004F01EFDB8681C37BD46BDE8F08F7B68CB
:10F9B000012B00F0BA80022BEDD1294607F114008B
:10F9C00004F006FD07F1140102224846FFF768FF24
:10F9D00007F1140004F06AFCB9F8264014F1FF3472
:10F9E00002D299F82440013C07F1140004F0F8FC1D
:10F9F00007F1140109F1180004F0F8FC07F11400F4
:10FA000004F054FC002CB9F80E60C4DB99F82450C3
:10FA10005445BABFA5EB0A0BA344A4EB0A0B0BF1A8
:10FA2000080323F00703E846ADEB030D0021684609
:10FA30000BF10102A4B213F03FFBA2456946D9F8CD
:10FA400020000FD00DF1FF320AF1010C9CFBF5F301
:10FA500005FB13C310F80AC002F801CF1FFA83FA9E
:10FA60005445F1D1B9F82830B86801335B4426F029
:10FA7000010693FBF5F205FB1235A9F80E600FFAAB
:10FA80008BF2A9F8285004F089FCC546B8681C37E9
:10FA9000BD46BDE8F08F0846FFF796FD002837D138
:10FAA000B9F80E6020E77B68012B29D1611CA9D130
:10FAB000D9F82010B9F826309845FBD008F1010399
:10FAC000002A11F80860FB6027DD4FF0000B4FF0B3
:10FAD000FF340FFA8BF1284604F0C2FC2A68B2F911
:10FAE00002200BF1010BB04208BF44465A45F0DC3E
:10FAF00099F82430F96891FBF3F803FB1818D5E75F
:10FB00007B68022B7FF47EAF631C7FF47BAF54E7EE
:10FB10000146B86804F0EAFBB8E799F82430F868C1
:10FB200090FBF3F803FB1808C4E72B68D9F8201002
:10FB3000B3F90220D046BDE7C3895B0710B5044680
:10FB400005D5E38C208DC01A18BF012010BDFFF72A
:10FB50003BFD0028F5D010BD38B50446F9B10129A8
:10FB60000D4610D12046FFF7E7FF0028FAD0238D7D
:10FB7000226A94F82410D05C013393FBF1F201FB6C
:10FB80001233238538BD0229F1D1FFF7D5FF0028B4
:10FB9000EDD12A4601212046FFF75CFEE7E7FFF79B
:10FBA000CBFF0028E3D1014838BD00BF0CFCFFFFAC
:10FBB00038B5C389DA0712D443F001025B07044663
:10FBC0000D46C28102D4FFF7FFFC38B92946204612
:10FBD000FFF7C2FFE38923F00103E38138BD014849
:10FBE00038BD00BF0DFCFFFFB0F80EC01CF0010FC8
:10FBF0002DE9F0416AD198461CF0040F4CF0010346
:10FC0000064617460D46C3812BD0B8F1000F11D11F
:10FC1000002F59DD013D444604E00134A74205F8B8
:10FC2000010F17D000213046FFF796FF10F57D7FBA
:10FC3000F3D10FE0B8F1010F1CD1002F44DD6C1E91
:10FC4000E51901213046FFF787FF04F8010FAC42A8
:10FC5000F7D13C46F38923F00103F3812046BDE848
:10FC6000F081FFF7B1FC04460028F7D1B8F1000F8E
:10FC7000CED0DFE7B8F1020F26D1F38C318D994257
:10FC800085BF96F82430F28CF38C9B185B1A9F4248
:10FC90000DDDF38C994285BFF28C96F82430F38CFD
:10FCA0009B18591A791A02223046FFF7D3FD002F0C
:10FCB0000ADD6C1EE51902213046FFF74DFF04F8FE
:10FCC000010FAC42F7D1C4E70024C3E7004CC5E7FD
:10FCD0000DFCFFFF2DE9F0411446083222F0070227
:10FCE00000AFADEB020D0E469846621C00210546A2
:10FCF000684613F0E1F94346224669463046FFF76D
:10FD000073FF002808DD02B26946284604F046FB6E
:10FD10002846BD46BDE8F081284604F061FB284630
:10FD2000BD46BDE8F08100BFC389DA0712D4FF29C0
:10FD300018BF013110B543F00103044618BFC9B222
:10FD4000C38180F82410FFF73FFCE38923F001030F
:10FD5000E38110BD004870470DFCFFFFC3899A077F
:10FD600012D4FF2918BF013110B543F00203044635
:10FD700018BFC9B2C38180F83010FFF74DFCE3898A
:10FD800023F00203E38110BD004870470DFCFFFF24
:10FD900090F82400704700BF828E438E934237BF95
:10FDA00090F83020808E808E9B18181A704700BF04
:10FDB0000A4B10B503F10802403304460260836029
:10FDC000183004F073FA064BA360002304F1080016
:10FDD000E381FDF7E7FD204610BD00BF7850040029
:10FDE000344F040008B5C06803681B6B98470020B7
:10FDF00008BD00BF08B5C06803689B6A984700202B
:10FE000008BD00BF2DE9D84704469246994607F041
:10FE1000ADFCE66894F8118034683046A36CE76B5B
:10FE200098474B465246002B08BF0A2A38BF0A2281
:10FE3000024441463046B847BDE8D84707F088BC81
:10FE400070B5044607F092FCE06803689B6C984725
:10FE5000D4E90151D4E908236060401B1518084417
:10FE600043F10006B0F57A7FC4E90856A0600CD3D0
:10FE7000D4E906230132A0F57A7043F10003B0F50E
:10FE80007A7FF7D2C4E90623A060BDE8704007F08E
:10FE90005FBC00BF2DE9F84F1646426BBDF82880C5
:10FEA000BDF82C909DF830A0002A10DDC46A1F46D2
:10FEB000238A83B104F11803002102E033F8085CBF
:10FEC0004DB1013191421C4603F11803F6D16FF494
:10FED0007B70BDE8F88F0546FFF7B2FFD5E9082330
:10FEE00012EB060B43EB070CBAF1000F22D10020F6
:10FEF00001460D9BA4F81080C4E90001C4E902BCCE
:10FF0000A4F81290636107F031FC296B39B1D4E990
:10FF10000223D1E902018B4208BF824205D22C6341
:10FF200032463B462846FFF76DFF07F011FC0020E4
:10FF3000BDE8F88F30463946DBE700BF2DE9F00316
:10FF4000456BC36A00218D4201631EDD0A461C8A8F
:10FF5000013254B139B1D3E90267D1E902894F4581
:10FF600008BF464501D203631946AA4203F11803AC
:10FF7000EDD151B1036A8A68D21A0A2AB8BF0A229F
:10FF8000D317BDE8F003FFF73DBFBDE8F0037047AE
:10FF90002DE9F04F83468BB059B1C468067C2368C5
:10FFA00020469A6CDD6B9047394A31460244204620
:10FFB000A8475846FFF744FFDBF83420DBF82C4015
:10FFC000002A49DD0025AA461CE0D4E9006756EA6C
:10FFD0000701628A46D1DBF830000021A04221826D
:10FFE00047D001210291CDE90089194606A803F006
:10FFF0007DFDDBF834200AF1010A0135AA4204F143
:020000040003F7
:10000000180426DD238A002BF7D0D4E90201DBE9AE
:100010000889894508BF8045CDE90401D5D26369C7
:10002000DB07EAD5FEF796F960B1DBE90801194E66
:10003000D4E9022336184FF000074F41BB4208BFF6
:10004000B24219D3DBF834200135AA4204F1180476
:10005000D8DCBAF1000FB1D15846FFF76FFF0BB0F3
:10006000BDE8F08FDDE9040180197941C4E902019E
:10007000B7E7CBF83010B4E70123CDE900010293D4
:10008000052240F2FF3106A803F030FDDAE700BF99
:1000900080969800A0860100074B1B6853B1197C1D
:1000A000084110F00101184601D1FFF771BF01218D
:1000B000FFF76EBF704700BFC43B0020426BC36AAE
:1000C00002EB420203EBC20293424FF0000025D242
:1000D000198AF9B15969C9071CD5D0B1F0B4D0E972
:1000E0000245D3E90267AF4208BFA64238BF1846AF
:1000F00018339A420BD9198A0029F9D05969CC07CB
:10010000F6D50028EBD1184618339A42F3D8F0BC44
:100110007047184618339A42DAD87047704700BFC4
:100120002DE9784804460D4607F020FBE068036897
:100130009B6C9847636860600646D4E90801A26832
:10014000F31A10EB030B134441F1000CB3F57A7F63
:10015000C4E908BCA3600CD3D4E906010130A3F5BF
:100160007A7341F10001B3F57A7FF7D2C4E9060151
:10017000A360E06803681B6B984707F0E9FA002367
:10018000C5E90063D4E90801BDE878882DE9F84F96
:10019000DDE90A890446154607F0E8FA58EA09033A
:1001A00030D0D4E9082312EB080043EB0901C4E97D
:1001B00008014FF47A7200234046494612F02AFDA6
:1001C000D4E9066716EB000A47EB010BC4E906AB5E
:1001D000404649464FF47A72002312F01BFDA36893
:1001E0001A44B2F57A7FA2600BD31AF1010AA2F584
:1001F0007A724BF1000BB2F57A7FF6D2C4E906AB06
:10020000A26065602046FFF71BFED4E90889636B96
:10021000E56A03EB430305EBC30C18F10A0A4FF040
:10022000000349F1000B6545236314D333E05B45BC
:1002300008BF524501D2C5E902AB236B3BB1D3E9FC
:100240000201D5E902238B4208BF824200D2256316
:100250001835AC451FD92B8A002BF9D0D5E900679A
:1002600056EA0701D5E90223E1D012EB060843EB79
:100270000709D94508BFD04502D3DEE78046894645
:1002800016EB080047EB0901594508BF5045F5D367
:10029000C5E90289D1E7E06803689B6C9847054689
:1002A000E068094A0368217CDB6B2A449847236B8A
:1002B00033B1E068617C036805F10A02DB6B9847A3
:1002C000BDE8F84F07F044BA80969800704700BF29
:1002D000064B10B51C682CB12046FFF7B1FDD4E9E0
:1002E000060110BD0020002110BD00BFC43B00204E
:1002F000064B10B51C682CB12046FFF7A1FDD4E9D0
:10030000080110BD0020002110BD00BFC43B00202B
:1003100070B50A4C266884B076B11D4614460B466B
:100320000246012108980390CDE90045304602912C
:10033000FFF7B0FD04B070BD0148FBE7C43B0020EF
:1003400016FCFFFF70B50E4D2C68B4B12046FFF7C8
:1003500077FD0C4B266A42F2107098472C682046B5
:10036000FFF76EFD236A0849053B9B1B42F21072A2
:100370000020B2FBF3F30B6070BD044870BD00BFFA
:10038000C43B002079200020C03B002016FCFFFF6A
:10039000F8B50D46437416460A231E4A1E490160ED
:1003A00004464363C56006740121F0201460FEF723
:1003B00017F92B68194FDA69E062002100202163E8
:1003C000BA424FF00001C4E90601C4E908011AD19C
:1003D000134AEA603146134ADB6B28469847E068C7
:1003E00003685B6A9847E068036800229B6CA26020
:1003F0009847E36860601A681846936A9847FFF761
:10040000A1FF2046F8BD284605499047E5682B68BE
:10041000E0E700BFC43B0020DC5004007964020028
:1004200099000300809698002DE9F843124D2E683C
:1004300006B3124B04461868A8B93046FFF700FD12
:10044000D6E9086716EB040847F100092C68204636
:10045000FFF7F6FCD4E908234B4508BF4245F5D326
:100460000020BDE8F88304FB00F0054B984700200E
:10047000BDE8F8830348F4E7C43B0020C03B0020FC
:100480007920002016FCFFFF4FF47A7303FB00F085
:10049000FFF7CABF064B1B681BB101461846FFF7A2
:1004A0003FBE00220023C0E90023194610467047D2
:1004B000C43B002070B5094C266882B05EB114467A
:1004C0001D4602460B463046CDE90045FFF75EFE6D
:1004D000002002B070BD0248FBE700BFC43B002013
:1004E00016FCFFFF084B1B685BB110B504461846AD
:1004F000FFF7E4FD20B1D0E90223C4E90023012085
:1005000010BD1846704700BFC43B0020C3880D4A89
:1005100023F4005310B504460260C3802C3003F06E
:100520002FFB04F1240003F0C1FE04F11C0003F0D2
:10053000BDFE054B236000232046E380FDF732FA21
:10054000204610BDEC500400344F040010B50446A2
:10055000FFF7DCFF204612F04DFD204610BD00BF26
:10056000F8B50025164B0360044645600F46164655
:10057000FDF7A8F9134B2360A76004F10C0003F00A
:10058000F5F904F11C0003F02BFF04F1240003F043
:1005900027FF04F12C0003F0FBFA4FF4405384F8DA
:1005A000225084F83250A6802575E5822583258463
:1005B0002585258684F83350E3802046F8BD00BFAA
:1005C000344F0400EC50040000B5012385B081884D
:1005D0001A46684603F07AFA012368461A4640F242
:1005E000FE3103F073FA05B05DF804FB2DE9F84322
:1005F000044680680121103003F0DEFC94F92230BB
:10060000042B06DCE269B4F92010B2F902208A4218
:100610001ADCA06801335DB284F822500368DB69FC
:1006200098470130854201D0BDE8F883E369002294
:1006300084F82220B3F90210B4F92030994236DD53
:1006400001332384BDE8F88304F11C0003F008FFA4
:1006500004F10C050146284603F09AF9064660B3FA
:10066000A06894F922700268C7F1040301279F4033
:10067000D3699847354600F1FF38A068FFB25FFAAA
:1006800088F805366FEA050915F8013B3B4204D1AD
:10069000AE42F9D194F92230BCE709EB05021030E3
:1006A00012B2FF23414603F0B3FAA068F0E72275C7
:1006B0002046BDE8F843FFF787BF2846202103F016
:1006C00067F90646CCE700BF38B50446436AB4F97B
:1006D0002810B3F9023080688B4200F110050FDC5E
:1006E000202100231A46284603F020FC626AB4F950
:1006F0002830B2F902209A4208DB0133238538BD45
:1007000004F1240003F0ACFE0146EAE70023237560
:100710002046BDE83840FFF757BF00BF10B504467C
:10072000806882B0103003F069FAA068B4F9302014
:100730000023103004F12C01009303F061FB50B949
:1007400094F833303BB100232046237502B0BDE856
:100750001040FFF739BF94F93230002BF3D0218ECF
:1007600001220B44238684F8332002B010BD00BF61
:1007700030B504468068B4F93050036883B0DB6953
:100780009847E36A94F932105B88CB1A1844854283
:100790000DDC94F8333053B1237D062B2ED000238B
:1007A0002046237503B0BDE83040FFF70DBFB4F914
:1007B0003020A068002A00F1100010DC0023009314
:1007C00004F12C0103F01CFB94F932307BB1218E33
:1007D00001220B44238684F8332003B030BD494204
:1007E00003F0EAFBA068B4F930201030E6E7237587
:1007F0002046FFF7E9FE94F93230E8E7A0681030B0
:1008000003F0FCF9CBE700BF037D0022022B10B5FB
:10081000044602831CD0237D032B1ED0237D042B92
:1008200021D0237D052B06D0237D062B03D0237DED
:10083000072B06D010BD2046FFF79AFF237D072B1C
:10084000F8D1002323752046BDE81040FFF7BCBE59
:10085000FFF7CCFE237D032BE0D12046FFF734FFCA
:10086000237D042BDDD12046FFF758FFD9E700BFD9
:10087000037D33B1038BC18A04339BB29942038356
:1008800000D97047FFF7C0BF10B5037D84B00446A0
:1008900073B1012300220275A1881A46684603F04D
:1008A00015F9012368461A4640F2FF3103F00EF9AC
:1008B000A068103003F0A2F904B010BD10B50121FA
:1008C00004460720FDF742FC064B984205D010BDB8
:1008D000237D012BFBD006F051FF237D002BF7D1A8
:1008E00010BD00BF16FCFFFF38B5151E16DB037DDB
:1008F00013B1037D012B0FD1044680680023103013
:100900001A4603F013FB2DB100200723E582208354
:10091000237538BD284638BD024838BD6FF47A705B
:1009200038BD00BF12FCFFFF70B582B0079D002DDF
:100930001BDB047D14B1047D012C14D1069E0446FA
:100940008068F6B21BB212B21030009603F058FA6B
:1009500035B100200723E5822083237502B070BDE6
:10096000284602B070BD0248F8E76FF47A70F5E7E8
:1009700012FCFFFFF8B5151E21DB037D0F46044670
:100980003BB909E0012140F2FF30FDF7DFFB237D99
:1009900013B1237D012BF5D1237D03F0FF0663B94D
:1009A00039462A462046FFF79FFF25B12046FFF72C
:1009B00085FF3046F8BD2846F8BD0248F8BD6FF403
:1009C0007A70F8BD11FCFFFF2DE9F04385B00D9E54
:1009D000002E36DB9846037D17468946044673B1E0
:1009E000037D012B03D10AE0257D012D07D00121D4
:1009F00040F2FF30FDF7AAFB257D002DF4D1237DC9
:100A000003F0FF05DBB9494603A803F0C7F80C9BC8
:100A10000093019643463A4603A92046FFF784FF18
:100A200003A803F0ADF836B12046FFF747FF28468C
:100A300005B0BDE8F083304605B0BDE8F08302485C
:100A4000F6E76FF47A70F3E711FCFFFF70B5161E3E
:100A500014DD037D13B1037D012B0DD10025044668
:100A600080F8225005841C3003F0C0FC022325834B
:100A70002846E682237570BD024870BD6FF47A7017
:100A800070BD00BF12FCFFFFF0B5161E83B026DD5F
:100A9000037D0F4604463BB909E0012140F2FF30D7
:100AA000FDF754FB237D13B1237D012BF5D1237D6D
:100AB00003F0FF058BB9394601A803F089FC3246E3
:100AC00001A92046FFF7C2FF01A803F0EFFB204673
:100AD000FFF7F4FE284603B0F0BD0248FBE76FF4D1
:100AE0007A70F8E711FCFFFFF0B583B0171E089E7F
:100AF0002FDD047DFCB916F1FF0F0446C3F100059C
:100B00001ED036B284F83250268604F12C0003F051
:100B100065F8099B002D18BF3D46002B07F1FF32F9
:100B20000CBF052306230020E5822283237584F869
:100B3000330003B0F0BD047D012CDCD00648F8E79B
:100B4000806801910368DB699847461936B20199BC
:100B5000D8E76FF47A70ECE712FCFFFF2DE9F04163
:100B6000161E84B031DD1F46037D8846044673B1EE
:100B7000037D012B03D10AE0207D012807D001214C
:100B800040F2FF30FDF7E2FA207D0028F4D1237D0A
:100B900003F0FF05BBB9414603A802F0FFFF0B9B22
:100BA00001930A9B009332463B4603A92046FFF778
:100BB0009BFF03A802F0E4FF2046FFF77FFE2846D4
:100BC00004B0BDE8F0810248FAE76FF47A70F7E705
:100BD00011FCFFFF10B5054B03F108023833044642
:100BE0000260C360FDF728FE204610BD08510400D6
:100BF00010B5074B03F10802383304460260C360A6
:100C0000FDF71AFE204612F0F5F9204610BD00BF90
:100C100008510400C28838B5047C22F40052002533
:100C2000C280CD6014B103689B699847002038BD2D
:100C3000A0F10C00FFF7EEBFC388DB0400D47047BF
:100C40002DE93048036888B05B6A04469847227EE5
:100C5000E38878B10B2A04D80132D2B2082A22766E
:100C60000ED9D9071ED503F00305012D2CD008B0ED
:100C7000BDE8308832B1013AD2B2082A2276F0D8E3
:100C8000012AF0D8DA07EED523F00303E38002222D
:100C90000123A188684602F019FF657E012D2CD042
:100CA000E388E0E743F001020123E280A1881A46CD
:100CB00004A802F00BFF238901332381FFF708FB0F
:100CC000227EE3886061DBE7FFF702FB6369B0EB3C
:100CD000030B61F1000C002340F2DB52634508BFB7
:100CE0005A45C4D2E288A18842F00202E2802B4633
:100CF000052204A802F0EAFEB9E7FFF7E9FA636902
:100D0000B0EB030B61F1000CBCF1000F08BFBBF5A9
:100D10007A7F2B462CBF04220322A18804A802F06C
:100D2000D5FEBDE710B5044684B0E9B9C269D288E2
:100D3000930502D4002004B010BD03685B6A984795
:100D40000028F7D0E288A188012342F001020320A5
:100D5000E28020761A46684602F0B8FE012323811D
:100D6000FFF7B6FA6061E5E7C288002122F00302CE
:100D7000C28001810176002004B010BDC16938B580
:100D8000CB6800F10C05AB421CD0044623B11A68B5
:100D9000184612689047E169A27ECB88CD60012A8F
:100DA0000CBF43F4807323F48073CB800B680A4A32
:100DB0005B6C93420AD1E08840F40050E08000F080
:100DC000010038BDC08800F0010038BD084694F825
:100DD00020109847EFE700BF2594020070B5054644
:100DE00000F10C0630460121FEF72CFAE8690A4AA8
:100DF00003685B6893420CD16FF47D73AC7EE41A98
:100E0000B4FA84F4304664090021FEF71BFA204648
:100E100070BD98470346F1E7619302002DE9F8435E
:100E200004460D4690461F469DF820609DF824908C
:100E3000FDF7ECFC0B48E561002100F108053830B6
:100E4000E06084F82090A4F804806776A676256098
:100E500021746174616121762046FFF78FFF20467F
:100E6000BDE8F883085104004176704710B5044688
:100E7000806830B14FF480720021BDE8104012F05C
:100E80001BB94FF48070FDF765FB4FF48072A060D2
:100E90000021BDE8104012F00FB900BFF0B50446C4
:100EA00040682268036885B000256E461F6900957A
:100EB000022301953146B847104B009A9A4219D047
:100EC0002046CDE90035FFF7D1FF96E8030002ABDD
:100ED00083E8030003CBA36818605960D4E90010CD
:100EE00003689B699847D4E90102036821685C693B
:100EF0004023A047019805B0F0BD00BFA10D0C0034
:100F0000F8B50023161E836004460D4641600B6849
:100F10000FDB08461B6898472B6807469B682846E6
:100F2000984706FB007020602046FFF7B7FF204679
:100F3000F8BD08465B6898472B6807469B682846BB
:100F4000984706FB107020602046FFF7A7FF204659
:100F5000F8BD00BF2DE9F0478A468146FFF79EFFA6
:100F6000804638B33020D9F8004012F04AF83022D9
:100F70000021064612F0A0F8B8F1000F04F10804B1
:100F800015DD002502E00135A84517D0D9F8040089
:100F9000036822461F6931460C23B8473146504644
:100FA00012F0BCF830340028EDD1A84506D0304608
:100FB000BDE8F08706463046BDE8F087304612F0BF
:100FC00019F80026F3E700BF2DE9F04F0546C3B03E
:100FD00008460C4692461F4612F0AAF800F1010995
:100FE000B9F1100F00F2E180202F00F2DE802146DF
:100FF0002846FFF7AFFF064660B13A46514610302B
:1010000012F027F880463046B8F1000F00F0A480B7
:1010100011F0F0FF4A46214606A812F029F8514681
:101020003A460AA812F024F82846D5F800A0FFF79F
:1010300035FF30228046002112A812F03DF82846E4
:10104000FFF714FFB8F1000F0AF1080640F3AB8078
:10105000002701970DF1A8090DF1D80B6868036806
:1010600032461C6912A90C23A04706A912A812F047
:1010700055F8A6EB0A0E002874D14F4ACDE9022894
:1010800002AB03CBAB680DF1180C18605960BCE8DB
:101090000F001EAC0FC4BCE80F000FC49CE80F008B
:1010A00084E80F00AB681EAC9E44A446BCE80F0069
:1010B000CC45CEF80000CEF80410CEF80820CEF8CB
:1010C0000C3064460EF1100EEFD10123019301376D
:1010D000B84506F13006C1D108EB4804019BA400D5
:1010E000A71C3BBBB8F1050F62D0334A08F10103DE
:1010F000CDE9042304AB03CBAB6806AC18605960A0
:101100000FCC36AE0FC60FCC0FC694E80F0086E8A2
:101110000F00AC680DF1D80C04EB870442AF6646B3
:101120000FCEBE4220606160A260E360B44604F16D
:101130001004F4D1D5E9001003689B699847D5E9FC
:101140000102036829685C694023A0474FF000084A
:10115000404643B0BDE8F08F11F04CFF404643B02D
:10116000BDE8F08F0DF1480CBCE80F004C460FC4F1
:10117000BCE80F000FC49CE80F0084E80F00AB68C8
:101180004C469E44A446BCE80F00DC45CEF8000067
:10119000CEF80410CEF80820CEF80C3064460EF1DC
:1011A000100EEFD193E702279FE76FF47A78D5E727
:1011B0006FF47B78D2E700BFA10D0C002DE9F04F52
:1011C000A1B089460546FFF769FE002800F0868039
:1011D00080463022002108A82E6811F06DFF2846B5
:1011E000FFF744FE3E4ACDE9022802AB03CBAB68D1
:1011F000B8F1000F06F108061860596061DD00279C
:101200000192BB464FF0020A10E0019A08F1FF3349
:10121000CDE9042304AB03CB0137AB68B8451860B4
:1012200059604FF0010B06F1300632D06868036850
:1012300008A91C6932460C23A047494608A811F0AA
:101240006DFF0028E1D00DF1200CBCE80F0014ACBC
:101250000FC4BCE80F000FC49CE80F0084E80F0027
:10126000AC680DF1500C04EB8A04E646BEE80F00B2
:10127000E36020AB9E4520606160A260F44604F10B
:101280001004F2D10137B8450AF10C0A06F1300614
:10129000CCD1BBF1000F14D0D5E9001003689B69D5
:1012A0009847D5E90102036829685C6908EB48089A
:1012B0004FEA88030233A0470023184621B0BDE857
:1012C000F08F074BAA68CDE9063806AB03CB054B78
:1012D00010601846516021B0BDE8F08F014BECE77B
:1012E000A10D0C000CFCFFFF03681B6B184700BF2F
:1012F00001892DE9F0414FF47A76044606FB01F1AD
:101300002148FDF727FA214AA17A0346A2FB0323CD
:101310009B0923811E48FDF71DFA656CA072E388C6
:101320002A68B4F84C80576A13F4807320D1414680
:1013300028462022B84728BB606CB4F84C100368DC
:1013400022225D6A1023A847E0B9656CA17A2B6858
:101350000F485E6AB4F84C40FDF7DCF960F07F039B
:10136000DBB2214628462322B04758B9BDE8F081B8
:101370002189054806FB01F1FDF7CCF940F0070390
:10138000DBB2D4E70348F1E74C510400D34D6210BF
:10139000445104000EFCFFFF10B5034B03600446EC
:1013A000FDF760FC204610BDC451040010B5054B8C
:1013B00003600446FDF756FC204611F01BFE204654
:1013C00010BD00BFC451040008B50246C38819B15E
:1013D000D9050AD4002008BD9905FBD523F4007374
:1013E00043F48043D380002008BD016823F4824386
:1013F00043F40073C380CB6A9847002008BD00BF48
:10140000F0B5C388DA0585B005462BD4026843F4ED
:101410008243C380D36A98470126304FA86C036883
:10142000C4885B68BB42C4F3002416D10020844208
:101430004FF027020DD0686C95F84C1003681B6BB9
:10144000984710F008040FD1002EE7D1204605B0D0
:10145000F0BD002EE2D13446F8E79847B0FA80F0AC
:101460004009E4E70026D8E7686CB5F84C1003683B
:1014700006220124CDE90024A822DC6A02ABA047A1
:10148000044608B1164CE1E7BDF90820BDF90A3061
:10149000BDF90C60A87A2968002AB8BF1F32002B5A
:1014A000B8BF1F33002EB8BF1F36761152115B1123
:1014B000ADF80820ADF80A3010FB02F210FB03F380
:1014C00010FB06F05B4240422862C5E90632ADF8E7
:1014D0000C604B6B28469847B8E700BF6193020049
:1014E0000EFCFFFFF8B504460F4616461946BDF838
:1014F0001C20BDF81850FDF7DFF9064A6764002389
:10150000A664A4F84C502260E3802046FFF7F0FE6A
:101510002046F8BDC451040008B50368C9B21B6B6E
:101520000F229847A0F13300B0FA80F0400908BDBF
:1015300003689B6A184700BF018938B54FF47A7574
:10154000044605FB01F11548FDF704F9144A03466A
:10155000A2FB03239B0999B205FB01F123810F48EC
:10156000FDF7D8F8E288B4F85010C3B2A06CD205E9
:10157000026858BF43F00303556A6022A84758B970
:10158000A06CE3880268B4F85010546AC3F30023D7
:101590006222A04700B938BD024838BDFC510400A2
:1015A000D34D62100EFCFFFF10B5034B03600446E1
:1015B000FDF7B0FC204610BD2C52040010B5054BC1
:1015C00003600446FDF7A6FC204611F013FD2046FB
:1015D00010BD00BF2C52040008B50246C38819B1E3
:1015E000D9050AD4002008BD9905FBD523F4007362
:1015F00043F48043D380002008BD016823F4824374
:1016000043F40073C380CB699847002008BD00BF36
:10161000F0B5C388DA0585B005462BD4026843F4DB
:101620008243C380D36998470126284FE86C03683A
:10163000C4885B68BB42C4F3002416D100208442F6
:101640004FF067020DD0A86C95F8501003681B6B23
:10165000984710F008040FD1002EE7D1204605B0BE
:10166000F0BD002EE2D13446F8E79847B0FA80F09A
:101670004009E4E70026D8E7A86CB5F850100368E5
:1016800006220124CDE90024E822DC6A02ABA0474F
:10169000044608B10E4CE1E7BDF90830BDF80A0078
:1016A000BDF80C102A6803EB8303C3EB03135B0044
:1016B000AB634FF66A7310FB03F011FB03F368632F
:1016C000EB632846D36A9847C8E700BF61930200DE
:1016D0000EFCFFFFF8B504460F4616461946BDF846
:1016E0001C20BDF81850FDF717FB054BA4F850500F
:1016F000C4E9127623602046FFF71EFF2046F8BD9E
:101700002C52040082B08DE80C00014802B07047F2
:1017100016FCFFFF002070470029806905DD08B92D
:1017200004E010B10139406AFBD17047704700BF37
:1017300082B070B50C4684B005464968206802AC9A
:1017400003C4039908AC481084E80C00CB0745BFDC
:101750002A58029B029CD4580AAB2E1893E8030027
:101760008DE8030008AB0CCB3046A04704B0BDE8C1
:10177000704002B0704700BF002943D02DE9F0410E
:101780008469002C3BD00D460646DFF88080002798
:1017900005E0A268AB689A420DD0646ADCB1AA8801
:1017A000A38853409907F8D49207F2D5A968A06896
:1017B00002F0EEFEA8B12B88BBB96B88DBB9B36829
:1017C0000BB120469847A38843EA0803A380646AC4
:1017D0000137002CE3D1002FC8BF20460FDDBDE844
:1017E000F081AB889B07D8D4D3E722889A42D4D122
:1017F0006B88002BE3D062889A42CED1DFE76FF48A
:101800007A70ECE76FF47A70704700BF0080FFFFDA
:10181000002971D0F0B5846985B00D4606463CB903
:1018200066E0A388980708D5914219D0646A14B37A
:10183000AB8821682A689F07F3D49142F6D1A26849
:10184000AB689A42F2D1EA68E3689A42EED1A38883
:101850001A0402D5C3F30E03A380294805B0F0BDD6
:10186000A968A06802F094FE0028DFD0EA68E36867
:101870009A42DBD1EBE7D6F818C02A88BCF1000FFA
:101880002ED06046634600E00B461C88944211D27D
:10189000596A18460029F7D163451DD0596A696213
:1018A0005D62012340F2FD31684602F00FF900202D
:1018B00005B0F0BD1ED16F885988B94204D319E034
:1018C0004888B842E8D20B46596A0029E4D0088813
:1018D000A042F5D06345E1D119888A4202D26B62F9
:1018E000B561DEE7DAD1588869888842D6D9F6E74B
:1018F0000A88F5E70346CFE76FF47A70704700BFB8
:1019000016FCFFFF2DE9F04183885F0782B0064691
:1019100003D59D062DD4DC0638D443F00403B380F0
:1019200006F1100506F1180815E0F368009395E834
:101930000F00A047B388DA0618D5346AB4B194E82A
:101940000F00276985E80F002046376211F052FB2F
:10195000FCF7CCFBB388B46898070DD4D907E4D45E
:1019600095E80F00A047B388DA06E6D423F0040315
:10197000B38002B0BDE8F08198E8030095E80C0060
:101980008DE80300204602F0EBFDD3E700F11803D9
:1019900093E803008DE8030006F110030CCB3046FA
:1019A000FCF76CFEE5E700BF70B51C4B8CB003F193
:1019B0000802283304460260C36006A802F0A6F8B5
:1019C0000F231820029311F01CFB0025144A0092EB
:1019D000064601956A46034603CA46F80C4B114A6F
:1019E000DD60049375605A6158609960204602A9D1
:1019F0001223ADF80C300595CDE90A55FFF7BCFE72
:101A000002A8FCF731FE084B658204F10C00E3608C
:101A1000FBF7C8FF20460CB070BD00BF7452040035
:101A2000A51C030031170300344F0400A0F10C0083
:101A3000FFF7BABF10B50446FFF7B6FF204611F016
:101A4000D9FA204610BD00BFA0F10C00FFF7F2BF8D
:101A5000F0B5254B254A02600025044683B0C0E955
:101A6000025305610C30FBF72DFF214B236003F17E
:101A70002002E260A561C4E90755E584282011F041
:101A8000C0FA0646103002F041F81A4B33601820B5
:101A900011F0B7FA184ACDE9002507466A46034611
:101AA00003CA47F80C4B154ADD604FF0C20C7D604D
:101AB00058609960204631465A61C6E90235C6E948
:101AC0000855A6F804C0FFF7A3FE30B90C4B1A68FE
:101AD00002B91C60204603B0F0BD3046FCF7C4FDDF
:101AE000304611F087FAF1E7344F040064520400E5
:101AF0007C5204000F000200A51C030031170300F4
:101B0000D03B002038B5044605F030FEE5692DB124
:101B10002B69E36133B1E38C013BE38405F018FEEC
:101B2000284638BD2362F6E72DE9F04184690CB3FD
:101B3000A388656A00271A0480463E4606D42646D6
:101B400095B12C46A388656A1A04F8D55B07F6D4CC
:101B50006EB17562656A2046FCF786FD2046013746
:101B600011F048FA002DECD13846BDE8F081C8F8F4
:101B70001850F0E727463846BDE8F0812DE9F041DE
:101B80008469002C44D016460D46DFF88C8001276E
:101B90000CE0A38803F0C003A3F1C003B3FA83F3FE
:101BA0005B09B34215D00027646A4CB323882988A7
:101BB000994201D0002BF7D163886A889A4201D0FC
:101BC000002BF1D1FCF708F90028E2D10123B34240
:101BD000E9D1B4F804E01EF4004FE4D195E80F0019
:101BE00004F1100C1EF0400F8CE80F0002D1FCF73E
:101BF000F3F840B92046FFF785FE646A002CD5D182
:101C00003846BDE8F08121464046FCF733FBCBE780
:101C100001273846BDE8F08105190300F0B501221F
:101C200087B00446066A0D46FFF7A8FF10B9E38C9B
:101C3000092B01D907B0F0BD95E80F0002AD85E88A
:101C40000F00182011F0DDF906AB074613E9030079
:101C500095E80C008DE80300384601F07DFF05F0A3
:101C600085FD66B133693B6137613B695BB1E38CEC
:101C70000133E38407B0BDE8F04005F069BDE369D6
:101C80003B61E761F2E72762F1E700BF82B008B588
:101C900002A9C1E90023FFF7C1FFBDE80840002009
:101CA00002B0704782B038B5054604A981E80C003F
:101CB000FFF73AFF2846FFF725FF90B1044604E0FE
:101CC0002846FFF71FFF044658B100222146284648
:101CD000FFF754FF204611F08DF9FCF717F90028A3
:101CE000EED1BDE8384002B0704700BF024B188803
:101CF000421C1A80704700BF24230020C08800F0D7
:101D00000300A0F10300B0FA80F04009704700BF63
:101D100082B070B50C4684B005464968206802ACB4
:101D200003C4039908AC481084E80C00CB0745BFF6
:101D30002A58029B029CD4580AAB2E1893E8030041
:101D40008DE8030008AB0CCB3046A04704B0BDE8DB
:101D5000704002B0704700BF10B5034B03600446EB
:101D6000FCF76AFD204610BDC052040010B5054BBB
:101D700003600446FCF760FD204611F03BF9204665
:101D800010BD00BFC052040082B070B588B00CA96D
:101D900081E80C004289BDF83050BDF832309542E0
:101DA00004460BD0022B27D0052B00F08680012B98
:101DB00078D008B0BDE8704002B070478189022B2E
:101DC0000E461AD0052B5AD0012BF2D1C3888D4272
:101DD00043F00103C38068D0A9426AD003F0020334
:101DE000002BE6D001231A46A18804A801F06EFE5C
:101DF000238901332381DCE71646B24217D0A1893B
:101E0000B14265D0954267D0A3899D42194600F042
:101E10009C80A17B012900F0C1809D4200F0AE8032
:101E20009542C6D1E38823F01003E380C1E7E3883D
:101E300003F00103002BE5D001230222A1886846AC
:101E400001F044FE63899D4200F09080A289A18840
:101E5000AA4250D00123032204A801F037FE628970
:101E6000B24203D1E38843F01003E380A389B34275
:101E700000F08F80954266D09D429AD168E0C38879
:101E80008D4243F00403C3801AD0A9421CD003F052
:101E90000803002B8DD0A1880123052204A801F09E
:101EA00015FE86E78689B54203D1E38843F0020335
:101EB000E380E38803F0010392E78689B54203D10A
:101EC000E38843F00803E380E38803F00403E0E7DA
:101ED000E38803F00203ADE7E088C6061FD5A389B7
:101EE00020F0010189B29D42E18028D02A4621F0EC
:101EF0000401E18091E7E28802F008000028A9D0FF
:101F0000B34238D0A389B342A4D102F00802002A18
:101F1000A0D00123042204A801F0D8FD9FE7A37BF1
:101F2000012B3ED100F00403002B37D00123042203
:101F3000294604A801F0CAFD6289A3899AE720F026
:101F4000030189B2D2E7E088CAE7E38898062BD577
:101F5000E38823F0020189B29542E1802AD023F080
:101F60000A039BB223F02003E38022E7E288A188E2
:101F700002F00400C2E702F00402C8E7E18821F0A1
:101F800008039BB29542E38004BF21F018039BB283
:101F9000E8E7E18841F02001E1806BE701230322BB
:101FA000C6E7A1890B4665E7A07B0128FAD103F0BB
:101FB0000803B9E72B469AE7817370472DE9F04F84
:101FC00083B0DDE90C9ABDF83870002B40D0B9F130
:101FD000000F3AD00F2901D1C02F39D180462820D7
:101FE0001D460E46934611F00CF80446103001F0E1
:101FF0008DFD18202680A4F802B011F002F8CDE97A
:10200000009A06466B46024603CB46F80C5B00235B
:10201000D8F80050D360E3607360506091606D68E1
:1020200011491248A26047F002078D42A780C4E917
:10203000083350610FD12046FCF716FB204610F004
:10204000D9FF0B4803B0BDE8F08F1AF0010FC1D1E2
:102050006FF47A70F6E740462146A8470028EAD197
:1020600003B0BDE8F08F00BFB5D70200111D03001B
:1020700016FCFFFF2DE9F0471C4F044688B0884648
:1020800016461D46FCF7C2FB3A681949A580002593
:10209000A4F80A80A6812160A57312B3DFF854A0CA
:1020A000CDE904A504AB93E803004FF0C0098DE827
:1020B0000300234641461046CDF808902A46FFF714
:1020C0007DFFCDE906A508AB13E903003F68CDF815
:1020D00008908DE803002A46234638463146FFF72C
:1020E0006DFF204608B0BDE8F08700BFD03B002060
:1020F000C0520400891D0300C3889A0610B5044627
:1021000008D4406A03682146DB699847E38843F0B6
:102110002003E380DB0606D4D4E90A309842B4BF3A
:102120000020012010BD002010BD00BF10B50446E6
:10213000406A074B026803F1080138332160E3600D
:102140002146136A98472046FEF744FD204610BDFD
:10215000E052040010B50446FFF7E8FF204610F0F7
:1021600049FF204610BD00BFF0B50C8983B00025A3
:102170001E46174601232246CDE900550446FEF7C8
:102180004DFE0C4B676203F13002C4E90A6523601F
:10219000E2602046FFF7B0FFAE4207DAE388A562AF
:1021A00043F010034FF4FA72E380E262204603B07A
:1021B000F0BD00BFE852040038B5054600F10C043C
:1021C00020460121FDF73EF8E8690A4A03685B688A
:1021D000934207D120466FF47D750021FDF732F858
:1021E000284638BD9847002105462046FDF72AF8C5
:1021F000284638BD6193020070B5054600F10C0415
:1022000020460E460121FDF71DF8E869094A0368DA
:102210001B68934205D120460021BDE87040FDF7C0
:1022200011B83146984720460021BDE87040FDF7BF
:1022300009B800BF59930200F0B41D4DC6884A008A
:1022400085FB0234D317C3EB6414F3061FD5836AEE
:102250004BBB6222164FC56A02FB01F187FB0132BC
:10226000CB17C3EB62132344013DC0E90A3565B9BE
:1022700003EB830287FB0217D217C2EB671202330C
:1022800026F010061344C6808362F0BC70476222B9
:1022900002FB01F185FB0123C917C1EB6313234442
:1022A000C362F0BC70479942B8BF1946D1E700BF7E
:1022B0001F85EB5110B50446FEF7ACFC606A03685D
:1022C00021461B6A9847E38823F02003E38000201F
:1022D00010BD00BFA0F10C00FFF7ECBF30B4456BA0
:1022E000002D0DDD836899420ED000F10802002315
:1022F00003E052F8044F8C4207D001339D42F8D1DD
:102300006FF47A7030BC70470023AA1C023350F877
:10231000222040F82320013D4563002030BC704757
:1023200082B070B50C4684B005464968206802AC9E
:1023300003C4039908AC481084E80C00CB0745BFE0
:102340002A58029B029CD4580AAB2E1893E803002B
:102350008DE8030008AB0CCB3046A04704B0BDE8C5
:10236000704002B0704700BF38B5446B0A2C1DD0D6
:10237000002C0DDD8368994215D000F1080200237E
:1023800003E052F8045F8D420DD001339C42F8D136
:102390000346A21C013440F8221008465C63FFF794
:1023A0000BFF002038BD6FF47A7038BD6FF47B707E
:1023B00038BD00BF82B02DE9F04708A981E80C00C4
:1023C000426B002A804619DD314F051D002401268D
:1023D00003E0A24283F8306010DD55F8043FD8696D
:1023E0000168896CB94204F10104F2D08847D8F839
:1023F00034202B68A24283F83060EEDC0120FCF729
:10240000FDF9D8F83000DFF88CA003681B6853454D
:1024100036D10026D8F83420B146002A26DD002423
:10242000274608F1040502E00134A24219DD55F8FF
:10243000040F90F83030002BF6D0FFF7BDFE0128D6
:10244000286802D0836AB34204DC80F830903146B9
:10245000FFF7F2FED8F834200134A24207F1010759
:10246000E5DC164417B1B6F57A7FD6DDD8F8300032
:1024700003681B68534506D1BDE8F04702B07047BA
:1024800001219847C5E7BDE8F047002102B0184791
:102490002D9402005993020070B5074B036000258C
:1024A000044645600E46FBF70DFA044BA680C4E9CE
:1024B0000C552360204670BD344F040024530400A3
:1024C0002DE9F041044682B00E461546103098467C
:1024D000BDF8287001F01AFB26806580182010F0E6
:1024E00090FD08AB054693E803006A4682E80300C6
:1024F0002E4603CA46F80C8B0023084AEB6047F0CF
:102500000207736068602046A780A560E360C4E9A5
:102510000833A9606A6102B0BDE8F081212303009D
:1025200070B5174A174B1568036090B00446C5B1E3
:1025300001222423CDE9043204AB93E80300A388ED
:1025400010268DE803000296194606A82346FFF7D9
:10255000B7FF2B680C4A9B6893420CD106A8FCF786
:1025600083F80A4B236000232046E380FBF71AFA26
:10257000204610B070BD284606A99847EEE700BF78
:10258000D03B00202453040035DA0200344F04000D
:1025900010B50446FFF7C4FF204610F02BFD20467F
:1025A00010BD00BF00207047704700BF704700BFDC
:1025B000002070470048704716FCFFFF002070475E
:1025C000002070470048704716FCFFFF0346006A72
:1025D000D9610268191D5368184700BFC0690030EF
:1025E00018BF0120704700BF006A03681B691847C5
:1025F0000023C361704700BF82B010B5C1690024D9
:10260000846102AC84E80C0029B10B6804461B68A5
:1026100008469847A061BDE8104002B0704700BF6F
:10262000006A10B103689B6918470020704700BF1B
:10263000006A10B10368DB6918470020704700BFCB
:1026400010B5044601F070FD204610BD82B070B593
:102650000C4684B005464968206802AC03C403995F
:1026600008AC481084E80C00CB0745BF2A58029BF1
:10267000029CD4580AAB2E1893E803008DE803009F
:1026800008AB0CCB3046A04704B0BDE8704002B0A8
:10269000704700BF30B54B69012B85B00C4605462D
:1026A00006D94A89012340F2FF31684601F00EFA4B
:1026B000637C002262613BB1216A0B6828461B687B
:1026C0009847284605B030BD237404F10C01284614
:1026D00001F052FD284605B030BD00BF10B543697A
:1026E000032B84B0044603D80133042B436124D068
:1026F000637CDBB9237C0BB1A36943BB216A0B6804
:1027000068461B689847694604F10C0001F044FDD7
:10271000684601F039FD012368462374228940F29E
:10272000FF3101F0D3F9A06904B010BDE069B8B180
:1027300003681B68984704B010BD4289002AD7D0AF
:10274000012340F2FF31684601F0C0F9D0E70123D0
:10275000228940F2FF31684601F0B8F9A069EAE742
:102760000048E8E712FCFFFFA0F10400FFF7B6BF46
:1027700038B50B4B03F1080234330446C0E900239B
:102780000C300D4601F0D0FC0023012004226074BF
:10279000256262612374A361A360E361204638BDB2
:1027A0007453040010B5064B03F108023433044699
:1027B000C0E900230C3001F0E7FC204610BD00BF4B
:1027C0007453040010B50446408910B911B16181F9
:1027D000084610BDFFF78AFA608110BD40690328E2
:1027E0008CBF002001207047417439B92DE9F041B8
:1027F000058982B01DB102B0BDE8F0817047044682
:10280000FFF774FA1D4B20811F688046002FF2D01D
:10281000282010F0F6FB0646103001F077F940F260
:10282000FF3318203380A6F8028010F0EAFB144A28
:10283000CDE9002584466A46034603CA4CF80C4B92
:10284000DD60CCF80450586099603A680D49F56035
:1028500012205961B360B080C6E908555368384604
:10286000314698470028C6D03046FBF7FDFE30467B
:1028700002B0BDE8F04110F0BDBB00BFD03B00206E
:10288000F92503004D26030010B5054B054A83606A
:10289000002304460260C380FBF784F8204610BD85
:1028A000E8530400344F040010B5074B074A836017
:1028B000002304460260C380FBF774F8204610F042
:1028C00099FB204610BD00BFE8530400344F0400BC
:1028D0002DE9F04F2DED0A8B90F82C308BB005468A
:1028E000002B00F03E81E9680B6805A81B6898473B
:1028F000E868059A036804321B690092984730F033
:10290000040380460AD0082800F047814FF4807302
:10291000AB6101239FEDA49A029305E08023AB6194
:102920000223B7EE009A0293059B029A5B8893FB01
:10293000F2F30193002B00F0BD80AE69B342C0F208
:10294000B9809FED9AAADFED9A9A9FED9ABADFEDD2
:102950009ABADFED9AAA9FED9ACA009B1E449E4246
:1029600040F2B180DFF86092DDF808A09B4647F6A0
:10297000FE770024584659F8283098478442B8BF5B
:1029800004B2D3448742C8BF07B25E45F2D8E41B05
:1029900004EBD47444F34F034FF0000B039508EE9F
:1029A000103A3546009C029EDA46204659F82830F7
:1029B00098473444C01BA5420BF1010B00FB00AA51
:1029C000F3D89AFBFBF00FF073FD039D0DF010FAA6
:1029D00010F0D0F8F8EEC87A95ED097A67EE897AAA
:1029E00008EE900AC7EE8A6A66EE877AC7EEA97A81
:1029F00017EE900A0DF05CFA07EE100AF3EE047A77
:102A000067EE277A95ED0A7AB4EEE77AF1EE10FADE
:102A10006FDD85ED077AAB69019995F85020C91AE9
:102A200001910099012A1944009140F2B28005F108
:102A300054042046FBF70AFD002802DD2046FBF780
:102A4000F5FCEB889A0708D495ED077AD5ED047A62
:102A5000B4EEE77AF1EE10FA62DC5B0708D495ED8C
:102A6000077AD5ED057AB4EEE77AF1EE10FA64D480
:102A700095F83C30002B48D0D5ED107AF4EEE87A8A
:102A8000F1EE10FA01D5C5ED108ADFED4E7AF4EEC5
:102A9000E78AF1EE10FA17DDAB6B00210133C5E9CF
:102AA0000D13012285F83C20019B1BB1AE699E42AB
:102AB0007FF753AF05A801F067FB00200BB0BDEC1A
:102AC0000A8BBDE8F08FFFDEAB6B023B0B2B06D809
:102AD000D5ED107AF4EECC7AF1EE10FA3ADA6B6BAF
:102AE000C5ED10AA002201336B6385F83C20AA6370
:102AF000DAE7F0EEE76AF4EE4B6AF1EE10FA88BF1F
:102B0000F0EE477AC5ED077A85E7F4EEEB8AF1EE51
:102B100010FAD9DD6B6B132BD6DDC5ED108ABBE740
:102B200001230222A98806A800F0D0FFEB8823F039
:102B3000040343F00203EB809AE701231A46A988B5
:102B400006A800F0C3FFEB8823F0020343F0040360
:102B5000EB808DE701230822A98806A800F0B6FFC4
:102B6000BDE7FDF7B5FBD5E91223821A61EB03033C
:102B7000002B08BF4B2AFFF4B6AE05F15400FBF75B
:102B800065FC00287FF4AFAE85F85000A0F2EE306F
:102B900094E7013285F850208CE74023AB61042391
:102BA0009FED069A0293BFE60000804300FEFF46B9
:102BB000ACC5A737FFFF7F7F00004843000000003F
:102BC000000096430000C84280200020A0F10800C9
:102BD000FFF77EBEDFED0C7A9FED0C7A30EE670AD0
:102BE00020EE070AB5EEC00AF1EE10FA09D4DFEDC7
:102BF000087AB4EE670AF1EE10FAC8BFB0EE670AC1
:102C000070479FED040A704700000C42B1137B40EF
:102C100000007F43000000002DE9F84F294D2DED05
:102C2000028B05600025456004468B461746984692
:102C3000DDF830A09DED0D8ABDF838909DF83C6020
:102C4000FAF740FE204A226002F1280329462A466C
:102C5000A360C4F80CB004F15400FBF791FBE288C8
:102C6000A4F8049001250021802342F00102C4F859
:102C70001480276184ED0A8AC4F824A0E161A3616D
:102C8000E280256384F82D509EB984F82C600023DF
:102C900084F85030BDEC028B002000220021C4E9F2
:102CA000120122642046C4E90D3384F83C30BDE8AB
:102CB000F88FE068036804F108015B68984784F8BE
:102CC0002C50E4E7344F0400C053040038B50446E8
:102CD000C06803689B680D46984728B9E068036898
:102CE00004F108015B68984794F85030012B11D922
:102CF000FDF7EEFA6A1C08BF256BE369022DC4E9F3
:102D0000120105D100EE103AFFF764FF10EE103A01
:102D1000184638BD04F15400FBF73CFBE8E700BF60
:102D200080F82C1001B9704710B50446C0680368DC
:102D30009B68984700B110BDE068036804F1080182
:102D40005B68BDE81040184708B5036B022B07EE1F
:102D5000901A07D19FED136A9FED137AC7EE866A2A
:102D600076EE877A90ED047AB4EE677AF1EE10FA97
:102D70000CD090ED057AC388C0ED047AB4EEE77A02
:102D800023F00203F1EE10FAC38001DC002008BD3D
:102D9000B7EE007A77EEC77A17EE901A00F006F8D1
:102DA000002008BDB1137B4000000C4208B5036B46
:102DB000022B07EE901A07D19FED136A9FED137A4D
:102DC000C7EE866A76EE877A90ED057AB4EE677A7A
:102DD000F1EE10FA0CD090ED047AC388C0ED057ABC
:102DE000B4EEE77A23F00403F1EE10FAC38001D4C5
:102DF000002008BDB7EE007A77EE877A17EE901ABA
:102E0000FFF7A2FF002008BDB1137B4000000C4279
:102E10000078704790F90000704700BF0088704745
:102E2000B0F90000704700BF0068000A704700BF9B
:102E300000680012704700BF006870470068704764
:102E40000170704701807047018070470A120B14AF
:102E50000170427083707047016070470160704775
:102E600010B50446806800B110BD206A03681B6974
:102E70009847A06010BD00BFA0F10400FFF7F0BFAD
:102E800008299ABF816000206FF47A70704700BFF4
:102E9000A0F10400FFF7F4BF006A03689B691847BC
:102EA000A0F10400FFF7F8BF006A0368DB69184768
:102EB000A0F10400FFF7F8BF002070472DE9F04FA4
:102EC0002DED028BD1ED057A89B00C46FDEEE77A47
:102ED0000490CDED037A01F027F9206A03681B699D
:102EE0009847A36882460BB9A0600346216A013364
:102EF0000A6803EBD3735B101268019306A890472E
:102F0000A368069A0AF1010808EBD87801334FEA62
:102F1000680803EBD373B8EB630FB2F8029099FB28
:102F2000F8F900F09180019B09FB03F31946012297
:102F300007A8059301F0FEF807A9049801F02CF901
:102F400007A801F021F9049B069D1E68B9F1000F46
:102F500005F1040506F104067FDD0027DFF808B15E
:102F600002975BF82A2028469047019B217F024662
:102F70000137304645441E4421B1029B134402935D
:102F8000039BD21A07EE902AB8EEE77AD4ED047AC2
:102F9000A268334B67EE277A53F82220A369FDEE2F
:102FA000E77A17EE901A19439047B945D9D1237F94
:102FB00073B3DDED027A637FB8EEE77A07EE909A9D
:102FC000F8EEE77A87EE278AD3B160690FF082FACC
:102FD0000022244B0FF0D6FA064618EE100A0F46D0
:102FE0000FF078FA00221F4B0FF0CCFA02460B4686
:102FF000304639460FF010F90FF0BCFD08EE100A0C
:10300000E26884ED058A012363777AB90123A37707
:10301000DDE90441204601F03DF906A801F0B4F8CD
:10302000204609B0BDEC028BBDE8F08FFDEEC87AFA
:10303000039917EE903A5B1A002BB8BF5B429A4295
:10304000E6DD0123A377E3E706A9049801F0A4F8DD
:10305000019B09FB03F3059375E700230293A6E7A1
:10306000A42000200000E03F80200020A1F1040106
:10307000FFF724BF01707047002070472DE9F84327
:10308000164FDDE908850E4607F124010446C0E924
:1030900000710662011D24301F469146FFF768FB50
:1030A0000023B8F1080F4FF0000198BFC4F8088062
:1030B000C4F810902777E5606161A36163775FB121
:1030C000B5FA85F35B093268A37730465368214629
:1030D00098472046BDE8F8830123F4E7F453040041
:1030E00001610020704700BF2430FFF7F7BA00BF2E
:1030F00001627047006A003018BF0120704700BFAE
:1031000000230362704700BF406A03681B691847C9
:10311000406A03685B69184730B58B69012B83B03F
:1031200005461AD10C46C968A1B101A801F024F8DE
:10313000E368206A5B68E36010B103681B68984726
:1031400001A9284601F018F801A801F01DF8284649
:1031500003B030BDA36AA161E36000F0E5FF28463B
:1031600003B030BD70B58369022B82B04BD1416A88
:103170000B6804461B6868469847606A03689B6949
:103180009847E06101A800F0CFFF01A9684601F06F
:1031900013F8054601A845B100F0F6FF0024684683
:1031A00000F0F2FF204602B070BD009B5B88012B4F
:1031B000F2D900F0E9FFD4E904329A4205D3A36AB8
:1031C000A561E3606FF47B74E9E7694601A800F04C
:1031D000D3FF08200FF015FF064600F0A5FF01A958
:1031E000304600F0D9FF01A8756000F0CDFFA3685C
:1031F000756053B15E603368A6605A886369134492
:1032000063610024CBE7024CCCE7A662F3E700BF82
:1032100012FCFFFFA0F10400FFF7A4BFD0ED077A76
:10322000F5EE407AF1EE10FA02D017EE900A7047F0
:10323000406A03689B69184770B50C4D044605F158
:10324000080020600868616200230026343522618E
:1032500065604268E6610846A361A362C4E902337F
:1032600063612362211D9047204670BD38540400DD
:1032700008B502682DED028B1369D0ED058A08EEC2
:10328000101A984707EE900AF8EEE77AB7EE007A40
:1032900077EE877AB6EE007AF8EEE88A67EE877AFC
:1032A000B8EE488A88EEA77AC7EE087ABDEC028BA2
:1032B00017EE900A08BD00BF836970B50646846AA0
:1032C00013B10023C46083614CB16568204600F0EF
:1032D0005BFF20462C460FF08DFE002CF5D100231D
:1032E0000022F2617361C6E90233B36270BD00BFB0
:1032F000836910B504461BB10022836A8261C360F2
:103300002046FFF7D9FFA0690223C01A18BF012089
:10331000A36110BD08B583690BB1836AC360036AFA
:10332000012282611BB11A68184613689847012070
:1033300008BD00BF034680699A6ADA600021401A1E
:10334000996118BF0120704710B504460020FAF7B4
:10335000D7FEA069A0F10100B0FA80F0400910BDCD
:1033600010B504460020FAF7CBFEA069A0F10200D8
:10337000B0FA80F0400910BD10B504460020FAF7FD
:10338000BFFEA069B0FA80F0400910BD704700BFD1
:103390004369C269013343611AB1136810461B685F
:1033A00018470148704700BF12FCFFFFA0F104005E
:1033B000FFF7EEBFC069003018BF0120704700BFA3
:1033C0008368586A03681B69184700BF8368586A96
:1033D00003685B69184700BF00F1240300F14C0249
:1033E00053F8040F78B110B4C4698C4208D09342EA
:1033F0000DD053F8040F0028F9D0C4698C42F6D1DF
:103400005DF8044B70479342EAD1002070470020DA
:103410005DF8044B704700BF10B504460FF0EAFD9D
:10342000204610BD10B58468C16184B001231A46DE
:103430002189684600F04AFB04B010BD00B58368DE
:1034400085B00022C261198902220123684600F07A
:103450003DFB05B05DF804FB094B10B503F1080214
:103460002C330446C0E900230C3000F08DFE054BE0
:1034700063600023201D6381FAF794FA204610BD93
:1034800070540400344F0400A0F10400FFF7E4BFBF
:103490000B4B03F108022C3310B50446C0E900239E
:1034A0000C3000F071FE074B636000236381201D28
:1034B000FAF778FA20460FF09DFD204610BD00BFB8
:1034C00070540400344F0400A0F10400FFF7E0BF83
:1034D000F0B583B001F10C04054601A80E4600F0DA
:1034E00023FE01A9204600F067FE074601A800F070
:1034F0004BFE5FB1716A0B6801A81B68984701A970
:10350000204600F049FE01A800F03EFE2146284674
:1035100000F032FE284603B0F0BD00BFF0B5002336
:1035200085B00546036200F1240400F14C06012732
:1035300054F8043F18464BB11B689B6A984728B95A
:103540002B6A2A7E01332B62D2B12F76B442EFD19F
:103550002C6A0CB92B7ED3B9684600F0E5FD6946AC
:1035600005F10C0000F018FE684600F00DFE2989F8
:10357000684601230A2200F0A9FA094805B0F0BD07
:10358000012303222989684600F0A0FADDE7012320
:1035900004222989684600F099FA2C76DCE700BFFE
:1035A00012FCFFFF70B500F12403002453F8045F00
:1035B00025B101340A2CF9D1002070BD0646202027
:1035C0000FF01FFD0A34F369084A46F8240001335E
:1035D000002102F134048660C561C0E9055505612A
:1035E000C0E90024C160F36170BD00BFC054040095
:1035F00010B583682DED028B0446C160586A0368DC
:103600009B6908EE101A984707EE900AF4EEC87A04
:10361000F1EE10FA04D418EE100ABDEC028B10BDC6
:10362000A368586A036818EE101ADB69984707EE1A
:10363000900AF4EEC87AF1EE10FAECD5A368BDEC6E
:10364000028B586A0368BDE810409B69184700BFA9
:1036500010B500F12402002352F8044F8C4204D02C
:1036600001330A2BF8D1002010BDC2690A330024AF
:10367000013A40F82340C26149B10B68064A5B6ACF
:103680009342084605D10FF0B5FC012010BD012082
:1036900010BD9847012010BD19340300D0ED037A06
:1036A000F5EE407AF1EE10FA02D017EE900A70476C
:1036B0008368586A03689B69184700BF2DE9F04F7B
:1036C0002DED028B0C4689B089680590486A0693F7
:1036D00001688969154698468847A36894ED038A6E
:1036E00008EE900A586A03681B699847FDEEE87A6D
:1036F0002F6817EE902AFDEEC87A451C17EE904A07
:1037000005EBD575131B6D107E8896FBF5F692FBC5
:10371000F6F493FBF4F4341B04FB05F243468346B2
:103720000292002B53D0029B149A9342A8BF1346D7
:103730003601002B96FBF4F20492069A029307F1ED
:103740000407039260DD0792DFF8D480DFF8D4A08D
:10375000079E0024002C2246B8BF04F10F0212116C
:1037600005FB02F2B81858F82B3001929847019ADD
:1037700058F82B308146501938449847B0EB09036C
:1037800048BF0F33D4F1000C0CF00F0C04F00F0104
:103790004FEA231358BFCCF10001304601FB0391DF
:1037A0005AF82B309847049A039B2E441444029AEB
:1037B000F31A9A42CEDC0799059800F0CDFC069BDF
:1037C000CBB1059809B0BDEC028BBDE8F08F104677
:1037D0009046FAF7BFFE360196FBF4F30493434696
:1037E000002B079007F104070390ADDC029A0799BC
:1037F000059800F0B1FC0798FAF7D2FE059809B0D9
:10380000BDEC028BBDE8F08F029ADDE9050100F006
:10381000A3FC059809B0BDEC028BBDE8F08F00BF9A
:1038200080200020A420002070B50C462DED028BD6
:103830008968A3690A6884B001330026A3616661C0
:103840000546536802A8984794ED038AB5EE408A6E
:10385000F1EE10FA0BD0A368586A03689B69984789
:1038600007EE900AB4EEE78AF1EE10FA0BDB02A93C
:10387000284600F081FC02A800F086FC284604B02F
:10388000BDEC028B70BD02A903A800F075FC4FF0DF
:10389000FF30009033462846214603AAFFF70EFF6B
:1038A00003A800F071FCE6E7F8B50446154B16488E
:1038B00020600025C4E90135201D0E461746FAF7A1
:1038C00001F8124B23602433636004F10C0000F014
:1038D0002BFC66622781E5612562257604F12403CD
:1038E00004F14C0043F8045F8342FBD13368304657
:1038F0005B682146984700220023C4E90423204640
:10390000F8BD00BF344F0400B453040078540400E1
:10391000B1F5007FA4BFC1F57F710331490088B2C2
:10392000704700BFC1F58063B3F5007FB8BF19468B
:10393000014B33F811007047F854040088B2704707
:1039400028B180B211FB00F0C0F30900704741F6C6
:10395000EF6011FB00F0C0F309007047B1F5007F84
:1039600040F2FF30A8BF0020704700BF024A126833
:1039700002607E2242607047C8200020034A03464E
:1039800092E8030083E8030018467047C83B002014
:10399000A1F120035E2B07D8006805236FF09F027A
:1039A00013FB01210844704700207047034A044B71
:1039B00012681A607E225A60704700BFC82000203B
:1039C000C83B002010B40170427043605DF8044BA6
:1039D000704700BF82B030B402AC84E80C000D46E2
:1039E000034694E807009DF8144083E80700B4B14B
:1039F000687818B149425242C3E901126A68022A42
:103A000011D0032A2AD0012A22D0012C15D0022C51
:103A100005D1D3E9011249425242C3E9011230BC37
:103A2000184602B07047D3E90012012CC1F1000121
:103A3000C2F10002C3E90012E9D130BCD3E90010A1
:103A40009A68186052421846C3E9011202B07047E2
:103A5000D3E90021524219605A60D6E7D3E9001237
:103A6000524259601A60D0E782B010B582B004ACFF
:103A700084E80C000B78069C019304AB0CCB0094FB
:103A80000446FFF7A7FF204602B0BDE8104002B091
:103A9000704700BF30B50B4B1C6883B024B122685F
:103AA000094B15689D4201D103B030BD00F10802F9
:103AB000034692E803008DE8030020460CCBA8479C
:103AC00003B030BDD03B00200517030038B501809E
:103AD000428004461D46FCF70BFCC4E9020115B107
:103AE0002046FFF7D7FF204638BD00BFD0B5DDE93F
:103AF00004679DF8183001800446C0E902674280DF
:103B00000BB1FFF7C7FF2046D0BD00BF10B50023A3
:103B100003600446FCF7ECFBC4E90201204610BD3B
:103B200030B50B4B1C6883B024B12268094B156873
:103B30009D4201D103B030BD00F10802034692E876
:103B400003008DE8030020460CCBA84703B030BD2E
:103B5000D03B00200517030082B038B5002504A92A
:103B60000560044681E80C00FCF7C2FB04AB0FCBF8
:103B7000256184E80F002046BDE8384002B0704758
:103B800010B50446006800F0BFFC204610BD00BF21
:103B9000014B0360704700BFD85A040010B50446BB
:103BA0000868206000F092FC204610BD10B5044665
:103BB00029B10160084600F089FC204610BD024B87
:103BC0000360204610BD00BFD85A04000346024AD5
:103BD00000681A60704700BFD85A040038B5044620
:103BE0000B680068984206D00D4600F08DFC2868EE
:103BF000206000F06BFC204638BD00BF00684388A1
:103C000082880021063002FB03F20FF055BA00BF94
:103C100030B400684488A1420DDA8588AA420ADAE5
:103C2000002908DB002A06DB084404FB020200200E
:103C3000937130BC70476FF47A70FAE70368588864
:103C4000814211DA10B49C88A2420ADA002908DB0A
:103C5000002A06DB0B4400FB023398795DF8044B25
:103C600070476FF47A70F9E76FF47A70704700BFAD
:103C70002DE9F047B1F1000A21DD1D46FBB10468D2
:103C8000A788B4F802809742A8BF1746D045A8BFBE
:103C9000D046002F814604F106040DDD002629469A
:103CA000204642460FF0E4F9D9F8003001365B882F
:103CB000BE4255441C44F2D10020BDE8F0876FF4A9
:103CC0007A70FAE72DE9F0410F1E19DB002A17DBA5
:103CD0000446062007FB02001E461546FAF73AFC8A
:103CE000206000F039FC23685F8023689D805EB10E
:103CF00033462A4639462046BDE8F041FFF7B8BFB3
:103D0000074B0360BDE8F081206843888288314614
:103D100002FB03F20630BDE8F0410FF0CDB900BF61
:103D2000D85A040010B500230446FFF7CBFF204605
:103D300010BD00BF2DE9F041054684B000294FD0E9
:103D40000A780C46002A51D000218C460F460E46B8
:103D5000234607E00A2A39D00EB10137002613F8AE
:103D6000012F42B1A2F130000928F3D813F8012F36
:103D70000126002AF6D109B20FFA8CF20023284658
:103D8000FFF7A0FF2F6823780637DBB101AE32467C
:103D90004FF0000804E002F8013B14F8013F8BB13A
:103DA000A3F130010929F6D9B24282F80080F4D992
:103DB00030460FF04AF907F8010B14F8013F32467C
:103DC000002BEDD1284604B0BDE8F08106B10137E3
:103DD000B942B8BF394600270CF1010C3E46BEE798
:103DE000034B0360284604B0BDE8F0811146C5E7E7
:103DF000D85A040010B50446FFF764FF204610BDF2
:103E00002DE9F84F05689DF82840B5F802C06245D5
:103E10004FDAB5F804E073454BDAD1F800B0BBF8DF
:103E2000029002EB0907002F43DDBBF804A003EB6F
:103E30000A08B8F1000F3CDD002A55DBACEB0207A5
:103E40004F45A8BF4F46002B0BF1060660DBAEEBDB
:103E50000308D045A8BFD04622EAE27205F1060960
:103E60000BB10CFB032291443CB3B8F1000F20DDF1
:103E70004FF0000E724607F1FF3A002F0FDD731E60
:103E80004C4606EB0A0C13F8015F0DB125700132A8
:103E90009C4504F10104F6D10568D1F800B0BBF8E7
:103EA00002406B880EF1010EF04526449944E4D19E
:103EB00000E000221046BDE8F88FB8F1000FF8DDF1
:103EC0000D4682463A46314648460FF0D1F82A68F8
:103ED000DAF8003052885B880134A04516449944D2
:103EE000F0D107FB08F2E5E76745A8BF6746002B5E
:103EF0000BF1060612DAF045A8BFF046C2F1000C3D
:103F000009FB13C31E4422EAE27205F10609AAE77F
:103F1000F045A8BFF0464FF0000CF1E7AEEB030808
:103F2000D045A8BFD046B61A96E700BF2DE9F043AA
:103F3000804683B0684691461D460C46FFF71EFD3D
:103F4000D8F800305A88914533DA9B889D4230DAA0
:103F50001F2C2ED9019B9C422BDC21466846FFF783
:103F600017FD4FF0100E07462B1A053007EB030C18
:103F70000021D8F80040658801EB0906B5420EDD46
:103F8000A288624534444EFA01F208DD3E780CFB0B
:103F90000544164214BF4FF0FF320022A2710131D6
:103FA0000529E6D10137B842E0D1002003B0BDE8D1
:103FB000F0836FF47A70F9E72DE9F04103680D1E84
:103FC0005F8826DDBD4203F1060480469A8817DA31
:103FD0009AB17F1B002661193A4620460FF048F837
:103FE0002A46E01900210FF067F8D8F800305A8807
:103FF0009B8801369E421444EDDB0020BDE8F08131
:1040000007FB02F2204600210FF056F80020BDE821
:10401000F0816FF47A70F1E72DE9F84F00AFD1F835
:104020000090BE6AB9F80240F96A02EB0608A045A2
:104030001D468246194432DAB8F1000FD8BFA046B7
:10404000B9F80460B14202DA0029C8BF0E4608FB85
:1040500006F3073323F0070304FB0522ADEB030D42
:1040600009F10604AE421444EB460DDD6B464246B0
:10407000214618460EF0FCFF0135B9F80220034630
:10408000AE4233441444F2D150465B4632B20FFA8A
:1040900088F1FFF717FE5046BD46BDE8F88FA046F1
:1040A000CEE700BF10B5096804468B1DB1F90420A6
:1040B000B1F90210FFF706FE204610BD10B5064B01
:1040C000064C1846236000F001FA2046044A0549D0
:1040D000BDE810400EF090BFD85A0400D43B002039
:1040E00040200020813B0300F8B50546101D144612
:1040F0001F460E46FAF72EFA286000F02DFA2B68BC
:104100005C802EB128683146043022460EF0B0FFA4
:10411000012F00D0F8BD2868224604300021BDE8F8
:10412000F8400EF0C9BF00BF014B0360704700BFED
:10413000E05A0400002910B5044606DD13460A467D
:104140000021FFF7D1FF204610BD024B036020463F
:1041500010BD00BFE05A0400002A10B5044604DD7B
:104160000023FFF7C1FF204610BD024B036020462D
:1041700010BD00BFE05A040010B504460868206076
:1041800000F0A4F9204610BD10B50446006800F008
:10419000BBF9204610BD00BF38B504460B68006867
:1041A000984206D00D4600F0AFF92868206000F074
:1041B0008DF9204638BD00BF0068096888420ED0DE
:1041C00008B543884A889A4201D0002008BD0431CE
:1041D00004300EF03EFFB0FA80F0400908BD012027
:1041E000704700BF38B5151E13DB04686288A8B29B
:1041F00090420ED833EA230328BF1346521B9A423B
:1042000004F10404A8BF1A4660190EF055FF0020FF
:1042100038BD6FF47A7038BD002B70B50D4602DAE8
:1042200003685B889B1A002A21DB0468668899185A
:10423000B1421CDC91421ADBCBB135F0004116D003
:104240005942A94214DAAB4212DD0434002D04EBCA
:10425000020612DB5C1B2246711930460EF013FF7A
:104260002A4630190021BDE870400EF025BF70BD10
:104270000021BDE87040FFF7B5BF6C425A193146C6
:1042800030190EF000FF224630460021BDE8704094
:104290000EF012BF002906DB03685A888A4202DB4F
:1042A0005980002070476FF47A70704710B504464B
:1042B000006800F029F9204610BD00BF70B5054622
:1042C000501D14460E46FAF745F9286000F044F9EF
:1042D0002B685C8028682246314604300EF0C8FE08
:1042E0002B681C440023237170BD00BF10B50B4622
:1042F00084B0044601A91846F9F7DEF901A80EF0CA
:1043000017FF01A902462046FFF7D8FF204604B058
:1043100010BD00BF38B5054611B10B780C461BB96E
:10432000064B2B60284638BD08460EF001FF21469B
:1043300002462846FFF7C2FF284638BDE45A04006B
:10434000F8B517460A683B68B2F90250B3F9023073
:104350001D440446681D0E46FAF7FCF8206000F084
:10436000FBF823685D8031682068B1F902200430D1
:1043700004310EF07DFE326823683968B2F902001C
:10438000B1F902200433184404310EF071FE2368A1
:104390001D4400232B712046F8BD00BF70B50546B3
:1043A00049B10B780C4633B1084616460EF0C0FEF4
:1043B000B3B2834203D9054B2B60284670BD284613
:1043C00032462146FFF77AFF284670BDE45A0400C2
:1043D00010B504460868206000F078F8204610BD4B
:1043E000014B0360704700BFE45A040038B504462F
:1043F0000B680068984206D00D4600F085F82868E2
:10440000206000F063F8204638BD00BF08B50068A2
:10441000096843884A889A4201D0002008BD0431C7
:1044200004300EF07BFEB0FA80F0400908BD00BFFA
:1044300070B513680D685E8804465EB16D881DB165
:10444000FFF77EFF204670BD0360184600F03EF87F
:10445000204670BD0560284600F038F8204670BD43
:10446000002907DB0368B3F902208A4202DD0B440E
:10447000187970470020704710B5064B064C184657
:10448000236000F023F82046044A0549BDE81040A7
:104490000EF0B2BDE45A0400D83B002040200020BA
:1044A000AD42030008B503884FF6FF729BB29342FA
:1044B0000AD0012B01D0DB0704D41E20EDF7F4F85D
:1044C000002008BD002008BD012008BD03884FF66C
:1044D000FF729BB2934215D0012B10B504460DD04C
:1044E000DB070BD5BFF35B8FD4E85F3F0233C4E833
:1044F000523F002AF8D1BFF35B8F10BD1E20EDF7AD
:10450000D3F8EFE7704700BF03884FF6FF729BB206
:10451000934218D0012B10B5044610D0DB070ED5FE
:10452000BFF35B8FD4E85F3F9A1EC4E8512F002988
:10453000F8D1BFF35B8F9BB2032B05D010BD1E20BB
:10454000EDF7B2F8ECE770472046BDE8104000F008
:1045500001B800BFFAF724B803230380704700BFF7
:1045600082B070B582B0044608A906A880E80C00A5
:1045700003C9266865698DE8030006AB0CCB30469D
:10458000211DA84702B0BDE8704002B0704700BFCF
:1045900008B502680B689A4201D0002008BD0431BA
:1045A000102204300EF055FDB0FA80F0400908BD2D
:1045B000042070470429024808BF0020704700BF4C
:1045C00016FCFFFF436805481B6990FBF3F007EEFC
:1045D000900AF8EEE77A17EE900A704740420F0013
:1045E000837C43F020038374704700BF807CC0F35A
:1045F0004010704710B508310446FFF7BDFD204656
:1046000010BD00BF184B03F128022DE9F04106460A
:104610000360826000F5FE7700F5017500E0254635
:104620002C1F2046FFF7B0FDA742F8D1DFF84080ED
:10463000283D06F11C0745F8188C3C3C2846FEF73F
:10464000B1F804F10800FFF79FFDA742A5F13C0572
:10465000F1D1064B336000233046F380F9F7A2F91D
:104660003046BDE8F08100BF605B0400344F0400B9
:10467000385B0400084B094A0321C3F80815D2F837
:104680000034DB07FBD40123936090F80832002B41
:10469000FBD10120704700BF00F0014000700040D6
:1046A000194B03F128022DE9F041064603608260B0
:1046B00000F5FE7700F5017500E025462C1F204629
:1046C000FFF762FDA742F8D1DFF84480283D06F1EC
:1046D0001C0745F8188C3C3C2846FEF763F804F1AB
:1046E0000800FFF751FDA742A5F13C05F1D1074BAA
:1046F00033600023F3803046F9F754F930460EF06A
:1047000079FC3046BDE8F081605B0400344F040062
:10471000385B0400104B70B50446C0E9003104F169
:10472000180508301646FFF7FFFC21462846FEF71D
:104730001FF8A368E6745B88E381022200234FF42C
:10474000007128462182A374A2821946A381FEF734
:104750004BF8204670BD00BF385B0400072914D811
:10476000032A12D810B4C37C01751B0103F18043E6
:1047700042F4805403F5E043427544EA01210020ED
:10478000C3F818155DF8044B70476FF47A707047E2
:1047900010B5898A04460022FFF7CCFC20464FF072
:1047A000FF3300228821FFF71DFD204610BD00BF0A
:1047B00038B504468069036800219B6B9847A0695F
:1047C00003684FF47A51DB6C98472269A17D07EEAC
:1047D000902A01290B46F8EE677AB8BF012303EB54
:1047E0008303B3EE007AB2FBF3F3FF2B67EE877A15
:1047F0002FD9802300225B1002F10102FBD1012995
:104800003AD92649072AC1F8F4352BDD9FED247AE1
:1048100067EE877A4FF48072C4F80422A069FDEE37
:10482000E77A03680021DB6B17EE902A9847A369AB
:104830001C4A5B691C48012103F5A0740225C3F8DA
:104840000012C2F80855C2F81845C2F81C05D96014
:1048500038BD5B10CED101291DD910490122C1F804
:10486000F435D9E7012303FA02F207EE102AB8EE75
:10487000C77AC7EE877ACFE70123934007EE103A55
:10488000B8EEC77AC7EE877A04490123C1F8F42548
:10489000C4F80432C2E71A46F6E700BF00700040D1
:1048A0000000803B00F00140047000402DE9F0471B
:1048B000504D0560002582B0456004460E46914685
:1048C0009A46F8F7FFFF4C4AA66102F1080330321E
:1048D0002360A26021462A462573657304F11C00FB
:1048E000FFF718FF214604F158000122FFF712FFDD
:1048F000214604F194000222FFF70CFF214604F147
:10490000D0000322FFF706FF214604F5867004223B
:10491000FFF700FF214604F5A4700522FFF7FAFE19
:10492000214604F5C2700622FFF7F4FE04F5FE7777
:104930000722214604F5E070FFF7ECFE04F500764F
:104940003846FFF7F1FB3046FFF7EEFB4FF001086A
:104950004FF40073A382214601A8A4F804A0C4F870
:104960001090A57584F80852C4F80482FFF710FF70
:1049700001A93846FFF710FC01A8FFF705FC214606
:1049800001A8FFF705FF01A93046FFF705FC01A8C4
:10499000FFF7FAFB194E1A4BE57580271C60C6F825
:1049A0008070BFF34F8FBFF36F8F164B164AC3F85B
:1049B00000550320C3F8F00514492320C3F804036D
:1049C000C2F808852046C2F81015C2F81435FFF762
:1049D000EFFE86F80753C6F880713760A069036858
:1049E0005B6A9847A06903681B6B9847204602B032
:1049F000BDE8F087344F0400585B040000E100E09C
:104A0000DC3B00200070004000F0014004710040D9
:104A1000F0B5514D51492B68514C524A85B0012691
:104A200000930B68019323680293002313601768B7
:104A30001660009A2A60019A0A60029A2260A1F226
:104A4000446103222324C1F800351F46C1F8F02534
:104A50008E46C1F804431A469C468375064617E005
:104A6000CFB2877596F8313096F82F1096F830400F
:104A700043F480530EEB011143EA0423082AC1F8E2
:104A8000183506F13C06C5F81025C5F814C51CD02C
:104A900013019C1A00EB840403F1804594F82E4026
:104AA00014F0100407F1010105F5E04502F10102DF
:104AB00003F18043D4D103F5E043082AC3F810453D
:104AC00006F13C06C3F81445E2D117B9384605B0E3
:104AD000F0BD254D04460126C5F80065FFF768FEC8
:104AE000E77D7F3704EB870703A82146FFF750FED9
:104AF00003A93846FFF750FB03A8FFF745FBD4F89E
:104B00000422A17DE07DA38AB24001FB02F204EB06
:104B1000800093FBF2F702FB17329B1AD0F8FC21BE
:104B2000124801F1004103EBD373013904323341E0
:104B30000327C5F82C26C5F8303602EB41022E605B
:104B400048F68801C0F8047584F808621388994211
:104B5000FCD0012005B0F0BD407600404476004016
:104B600048760040FC7F00400070004000F00140AB
:104B700008B5034689B190F8083203F0FF011BBB6A
:104B8000184B194A197013681849DB0903F0010022
:104B9000DB0708701CD4002008BD144A12785AB9EB
:104BA000104A1278002AF6D093F80822002AF2D18F
:104BB0001846FFF72DFFEEE70B4A80211160094AE6
:104BC0001278002AF0D1E6E7FFF754FD0146D7E757
:104BD0008023C2F88030BFF34F8FBFF36F8F002068
:104BE00008BD00BF0444002000E100E003440020B1
:104BF00090F8082238B5044612B90161002038BD8A
:104C00000D46FFF737FD25610028F7D094F80832EC
:104C1000002BF3D12046FFF7FBFEEFE707EE901ADB
:104C20009FED0E7AC7EE277A10B5044640680369F7
:104C3000FDEEE77A17EE901A994201DAFFF7D8FFF6
:104C40002368074A9B699342204603D1BDE8104080
:104C5000FFF7B8BCBDE81040184700BF00247449F6
:104C6000C545030038B50D460446FFF75DFA02F06E
:104C70007DFDEB7D7F3305EB83012046FFF78CFA4A
:104C800002F066FD204638BD30B5837C13F0100479
:104C900083B002D1204603B030BD044601A861684C
:104CA000FFF7E0FF0023E57C1B481A4602F15101A3
:104CB0000901415801B10133954202F1010228D0A6
:104CC000082AF3D1154B01990A1D48F68800D55AD8
:104CD0008542134412D065684988AD7D0A449A42E2
:104CE0004FEA450502D805E09A4203D92B441988BA
:104CF0008142F9D15B1BB3F90030A381A48901A8DB
:104D000024B2FFF741FA24EAE474A4B2204603B0C7
:104D100030BD013B5B00D6E7007000402EF8FFFF7E
:104D2000F8B50E460446097D22481546F9F736FDCA
:104D3000C8B1317D1F48F9F7EDFC471EA5B13D0113
:104D4000EB1B04EB830393F82E30DB0613D533689B
:104D5000194ADB6D934222D10023ED1B237304EB30
:104D6000850404F11C00F8BD3D01ED1B04EB850436
:104D700004F11C00F8BD94F80832B3B9EB1B04EB46
:104D8000830393F82E2042F0100283F82E2094F82B
:104D90000832002BDBD12046FFF73AFED7E730463A
:104DA000002204F108019847DFE72046FFF762FC84
:104DB000E4E700BFE85A040085940200D9B138B591
:104DC0008B7CDB060DD490F8083205460C467BB987
:104DD000A37C43F01003A37495F8083203F0FF049A
:104DE0000BB1002038BD2846FFF712FE204638BD23
:104DF000FFF740FCECE76FF47A70704738B50C466B
:104E00000546097D1B48F9F7C9FC80B3217D194887
:104E1000F9F780FC0138C0EB001005EB800494F832
:104E20002E30DB060BD595F8083203F0FF0043B9AE
:104E300094F82E3003F0EF0384F82E3038BD0020B4
:104E400038BD2846FFF716FC94F82E3003F0EF0328
:104E500084F82E300028F2D095F8083203F0FF04D1
:104E6000002BECD12846FFF7D3FD204638BD6FF468
:104E70007A7038BDE85A040070B5002205460E4627
:104E8000FFF74EFF38B1044631462846FFF7B6FF1C
:104E9000A37CDB06FCD42B7B1BB12B6828469B69CB
:104EA0009847002070BD00BFA0F10800FFF7E4BFE5
:104EB0002DE9F04F847CE40685B057D50C68B4F832
:104EC00002804FEA6808904550DD043404EB48083E
:104ED00004EB420700E0A846A8F10205EC1B6410B1
:104EE00094FBF3F603FB1644002CF4D1B5F9002033
:104EF0008281827C920639D5012B06464ED0B0F9CC
:104F00000E1080680A1DB84500EB020BB0F802A035
:104F10002CD95D0006F10803A146019307E0B6F91C
:104F20000E3053451CD0B84520D9B6F90E10514566
:104F300004F101041DD0B7F9003099440E9B9C4246
:104F40002F44ECD199FBF4F4ABF80040F389023321
:104F50001BB2002453450BF1020BF381A146E2D1B1
:104F600006F11800FDF7BAFBB845DED805B0BDE87C
:104F7000F08F0122B6F9101003A8FFF7DBF803A9A0
:104F80000198FFF709F903A8FFF7FEF8B2680023BC
:104F9000F381B2F802A002F1040BCCE70830FFF76E
:104FA000FBF8B3685B88F38106F11800FDF796FB08
:104FB000DCE700BF2DE9F0433B4BD3F8042185B07B
:104FC00005461AB9D3F81431002B42D095F8178052
:104FD000354F08F1010303F00103EB75D7F83416E0
:104FE00008F17F0805EB8808490040460024FFF7D8
:104FF00051F9264605F11C0902E00134082C1DD0A8
:1050000004F151031B01FB58002BF6D0414603A8C5
:10501000FFF7B2F8D5F80422AB7D0092C4EB041080
:10502000324609EB800003A9FFF742FF013403A8D1
:10503000FFF7AAF8082C06F10106E1D11A4BD3F8C4
:10504000042112B10022C3F80421174BD3F8142114
:105050001ABB154ED6F80031E3B1EC7D013404F0F3
:10506000010404F17F07294605EB870703A87E3476
:10507000FFF78EFB05EB840503A93846FFF78CF894
:1050800003A8FFF781F86B6800220433C6F82C36BA
:10509000C6F8002105B0BDE8F0830022C3F8142152
:1050A00085F80822D5E700BF00700040024B186861
:1050B00008B1FFF77FBF7047DC3B0020154A43690A
:1050C000914218D9144A914221D9013210B44FF0BB
:1050D000C86000249142C3F80045C3F8240503D1F9
:1050E0004FF0C462C3F8242506220020C3F800252F
:1050F0005DF8044B70474FF0CC720021C3F80015E7
:10510000C3F824250622C3F80025002070474FF07D
:105110008062F2E78FD003007F1A0600704700BF5D
:1051200010B504460DF066FF204610BDF0B585B001
:1051300004AC066804F8012D9DF82C7000972246F7
:105140001F46366A012305460C46B04738B92B681E
:10515000009021463A469C6A0A9B2846A04705B023
:10516000F0BD00BFC3688B4210B5044606D003698A
:105170008B4203D0237953B9002010BD236800224D
:10518000DB6B1146204698472379002BF4D0236827
:10519000054A9B6B9342204603D10DF02BFF002064
:1051A00010BD9847E8E700BF21510300C368002BFA
:1051B0003AD00369002B37D01A6870B50446012134
:1051C000184613689847E068036801211B689847F0
:1051D0000420F9F715FB0025E068036802219B68AD
:1051E0009847014608BB206903681B68984704205C
:1051F000F9F706FB2069036801211B680D449847F5
:105200000420F9F7FDFA092DE6D1E06803680021D2
:105210001B6898470420F9F7F3FAE0680368012156
:105220001B68BDE8704018477047002DEDD170BD78
:1052300038B5044615460A4600F10C01FAF704F8A1
:105240002A4604F110012046F9F7FEFF6269E3687F
:105250000025C2F80055F3B12369E3B101212046CE
:10526000F9F7F0FF0621E06801F0F2F80621206965
:1052700001F0EEF82046FFF799FFE068036802218D
:105280009B6898472069036802219B6898472946D4
:105290002046F9F7D7FF0A20F9F7B2FAD4E9042338
:1052A0009AB1107DE268AAB1147DC3F808054FF0E9
:1052B000CC710622C3F80C450A20C3F82415C3F8A4
:1052C0000025F9F79DFA002038BDE2684FF0FF3065
:1052D000002AE9D14FF0FF34E7E700BFF8B50446F4
:1052E0001D4617460E46F9F79FFF0022104B23601C
:1052F000C4E9022222615DB1284602F0EDFA606144
:1053000060B13A4631462046FFF792FF2046F8BD8D
:10531000012002F003FB60610028F2D15A20ECF773
:10532000C3F93A4631462046FFF782FF2046F8BDD2
:10533000945B04002DE9F04143698EB282B09A5922
:105340000546002A61D1D3F82441002C36D14FF014
:105350000108334F10E0D3F8482592B9632C54DC90
:105360000A20F9F74DFA6B699A59002A4DD1D3F802
:1053700024211ABBBC4221D0D3F850210134002A89
:10538000E9D1632CECDDD3F860213AB1D3F80022E7
:10539000D10503D5D3F84821002A32D0D3F86021B3
:1053A000002ADDD0D3F800229205D9D5D3F8042104
:1053B000002AD5D1C3F814801446D1E7D3F8C42409
:1053C000C3F8C4240022C3F82421D3F82421019275
:1053D00001220199134C1A625A6101E0013C16D076
:1053E0000A20F9F70DFA6B69D3F80431002BF5D0D8
:1053F0000D4CA86808B1F9F703FA204602B0BDE8E1
:10540000F081C3F81C801446AAE70024F1E72B685A
:105410002A69DB6BE968044C28469847E9E700BF36
:1054200041420F00A08601000EFCFFFF70B44469EA
:10543000C1F34701C4F888150021C4F8041189B0EC
:10544000D4F804610696069EC4F82411D4F82461A9
:105450000596059EC4F86011D4F860610496049E18
:10546000C4F85C11D4F85C610396039EC4F8501133
:10547000D4F850610296029EC4F84C11D4F84C61E5
:105480009DF830500196019EC4F84425C4F8483573
:1054900075B14FF480720123C4F80022A360D4F8E0
:1054A0004821DAB94FF4A47109B070BCFFF742BFCC
:1054B0004FF400720123C4F80022A360D4F84821FD
:1054C000A2B12362C4F84851D4F848310793079B2E
:1054D0004FF4827109B070BCFFF72CBF2362C4F88F
:1054E0004811D4F848310793079BDBE74FF48271EA
:1054F000DAE700BF70B54469C1F34701C4F8881505
:105500000021C4F8041188B0D4F804610696069E00
:10551000C4F82411D4F824610596059EC4F86011DE
:10552000D4F860610496049EC4F85C11D4F85C6100
:105530000396039EC4F85011D4F850610296029E5F
:10554000C4F84C11D4F84C619DF830500196019E7E
:10555000C4F83425C4F83835B5B94FF48052012366
:10556000C4F800222360D4F8482132B12362C4F881
:105570004851D4F848310793079B4FF4827108B023
:10558000BDE87040FFF7D6BE01232360D4F8482160
:1055900092B94FF4AE710446FFF7CCFE08B108B0E3
:1055A00070BD6369012220464FF4A471DA6108B02E
:1055B000BDE87040FFF7BEBE2362C4F84811D4F8BE
:1055C00048310793079BE4E70E4B03F12C0103F1ED
:1055D000380270B5C0E902120546036000F12C06DE
:1055E00000F13404043C2046FEF7CEFDA642F9D17A
:1055F000054B2B6000232846EB80F8F7D3F92846AB
:1056000070BD00BFDC5B0400344F040070B544691A
:105610000D7D00234FF0FF3604EB83020133D2F8F7
:105620006015A94208BFC2F86065042BF4D1037C61
:1056300013B103689B699847002070BDA0F10C006E
:10564000FFF7E4BF0F4B03F12C0103F1380270B5F3
:10565000C0E902120546036000F12C0600F1340493
:10566000043C2046FEF790FDA642F9D1064B2B6084
:105670000023EB802846F8F795F928460DF0BAFC90
:10568000284670BDDC5B0400344F04004369D3F846
:10569000080570479FED1F7A07EE901AC7EE277A2C
:1056A00010B4B0EE677ABEEECE7A17EE101AB1F5EE
:1056B000004F29DB0023013341FA03F2B2F5004F1A
:1056C000F9DA072B04DD144B5DF8044B18467047DC
:1056D0001C4612FA03F348BF0F331B1107EE903A32
:1056E000DFED0C6A4169F8EEE77A002386EEA77ACF
:1056F000C1F80C45C1F808255DF8044BC0ED097AE6
:1057000080ED087A18467047002417EE102A2346C9
:10571000DFE700BF0024744900407AC42DE9F84354
:10572000494D05600025456004460F4616469846DB
:10573000BDF82090F8F7C6F84448676100F12C02E4
:1057400000F13803C4E9022320602574657404F174
:105750002C00FEF7E9FC04F13000FEF7E5FC63697C
:105760003B4F66630126A4F80490E56165762585C4
:105770002576A676E676C3F800554FF08023C7E974
:105780000033C7E9023341462046FFF783FF6369D0
:10579000304AC3F804550227042030219342C3F84D
:1057A0001075C3F84855C3F82855C3F84C55C3F8CD
:1057B0002C55A676E676C3F81465C3F80002C3F844
:1057C000041320D0244A93422FD0244A93420CD071
:1057D000606B016801224D68227604F10801C3F86C
:1057E0000025A8472046BDE8F8831D4A1D4B926856
:1057F0001D49C2F8C81004221C49C3F884215A600C
:1058000063698C60E4E7194A154B14609A6818497B
:10581000C2F8B010A3F540634FF08052C3F8802166
:105820001A6063690C4A9342CFD10D4A0D4B9268BE
:105830001049C2F8C41002220C49C3F884215A60EE
:1058400063694C60C1E700BF344F0400DC5B0400B7
:10585000E03B002000C00140001002400020024058
:1058600000ED00E000E100E0C55A0300F03B00203D
:10587000A55A0300B55A030007EE901AFEEECE7A41
:1058800010B417EE901AB1F5004F23DB002201325D
:1058900041FA02F3B3F5004FF9DA072A1FDC144688
:1058A0004169DFED106AC1F80C45C1F80835934035
:1058B00048BF0F331B1107EE903AF8EEE77A00234A
:1058C00086EEA77AC0ED097A80ED087A18465DF871
:1058D000044B7047002417EE903A2246E0E76FF43D
:1058E0007A73F3E700247449406A704743690020E3
:1058F000C3F81015704700BFC2768176436939B985
:105900003022C3F81415C3F80012C3F808237047F7
:10591000012004213022C3F81405C3F80012C3F893
:105920000423704770B590F92930044682B0C069ED
:105930006BB1626901235360D2F80431002BFBD0B4
:10594000002565762585D0B9002002B070BD0D46D2
:10595000F0B9A37E002BF7D0637E002BF4D0E37E5A
:10596000002BF1D163691C4903EB45150822012383
:10597000C5F82015C5F8242584F82930E5E7236803
:105980000138E061DB6920469847284602B070BDC7
:10599000616B0B6805F10B061B6801A804EB86061A
:1059A000984701A93046FEF7F7FB01A8FEF7ECFB8C
:1059B00004EB85026369D16AE26903EB45150B1DAF
:1059C000C5F820354988531E49100120C5F8241513
:1059D000E36102B070BD00BFE03B002038B5C36991
:1059E000817E01330446C36119B1637E63B1002037
:1059F00038BDFFF797FFC8B1636901229A60A37EA3
:105A0000002BF2D1002038BD0125657694F82810CE
:105A10002046FFF787FF94F828302B442B4084F86A
:105A200028303BB9636901229A60E0E7E37E002BEE
:105A3000E5D0E1E7E3691BB900236376002038BDB8
:105A400029462046FFF76EFF94F82830013303F013
:105A5000010384F82830002BEED1E3E7A0F1080021
:105A6000FFF7BCBF38B54369D3F81021044672B9BB
:105A7000D3F8143103B938BD002584F8285001212A
:105A80002046FFF74FFF6369C3F8145138BD012367
:105A900080F828300021FFF745FF63690022C3F832
:105AA0001021E5E7024B186808B1FFF7DBBF70472C
:105AB000F03B0020024B586808B1FFF7D3BF704796
:105AC000F03B0020024B986808B1FFF7CBBF70474E
:105AD000F03B0020426900230376C2F8003570478E
:105AE000032A26DC70B502F5AC7642690B7D52F8CC
:105AF00026209A421BD00B680C4605461B6E0846B2
:105B00009847236800211B68204698476A692368E4
:105B1000217D42F82610204605F10C01DB6D0022A4
:105B20009847E38843F00803E380002070BD00201D
:105B300070BD6FF47A70704703681B6A184700BF26
:105B4000F8B5C7688F4208D0054616460C4617B10F
:105B500003681B6E98472671EC60F8BD10B50368AA
:105B600004465B6C9847236820465B68BDE810409C
:105B7000184700BFF0B40479A40728D5002922DB18
:105B8000002A20DD002B1EDDB4294FF47A74A8BF53
:105B9000B42104FB01F10F4F05680F4E2D6B8908EE
:105BA000A7FB017102EBD277A3EB670304FB03F3BE
:105BB000890802FB013286FB0231D2172B46C2EB69
:105BC000A111F0BC18476FF47A70F0BC704703481D
:105BD000FBE700BF176CC116D34D621016FCFFFF28
:105BE000C08800F00500003018BF0120704700BFDA
:105BF000037D0B4A1F2B98BF4FF0A04203F01F03F9
:105C0000D2F81415012202FA03F30B4206D1C08820
:105C100000F00A00003018BF01207047104670479E
:105C200000030050C08810F0030018BF0120704727
:105C3000C08800F00C00003018BF0120704700BF82
:105C400003684FF47A729B6B02FB01F1184700BFA7
:105C500008B50368DB6B9847024BA3FB0030800953
:105C600008BD00BFD34D6210027D0F4B202A38BF04
:105C70004FF0A04302F01F0203EB82030129D3F887
:105C80000027417122F00C0207D0022908BF42F020
:105C90000C02C3F800270020704742F00402C3F84A
:105CA00000270020704700BF00030050D0F81035D7
:105CB00021EA0301C0F81815704700BFD0F810356D
:105CC0001940C0F81815704738B503799A071ED5E2
:105CD000C3885B07044602D403681B6E98470D4BCC
:105CE0001868A0B101222146FFF71AF8054670B1E5
:105CF000E06810B1F9F7A4FA18B9E38843F0040397
:105D0000E3802846FEF7C0FFC0F30F1038BD0248FD
:105D100038BD00BFC03C002016FCFFFF70B52DED64
:105D2000028BC38882B01B07019137D51C4D1D4CD7
:105D3000286808EE101AFFF7A9FCF8EE487A08EE7A
:105D4000900A17EE901A2868FFF796FDF8EEE88A99
:105D500004F108062388286807EE103AB8EE478A4F
:105D6000FFF794FC07EE900AB8EEE77A27EE087A80
:105D7000C7EE287AFCEEE77A17EE903A24F8023B59
:105D8000B442E7D1084B074918680822012309F0FB
:105D9000F7FA002002B0BDEC028B70BD0348F9E7B2
:105DA000C43C0020C83C0020D03C002016FCFFFF73
:105DB00038B5027D1B4B202A38BF4FF0A04302F0BC
:105DC0001F020125D3F8144505FA02F2144224D12A
:105DD0000D460446D1B9C3F80C2518461146FFF705
:105DE0006DFF217D0F4B202938BF4FF0A043D3F822
:105DF0001435134213D0236820461B6E984723683E
:105E000029461B6820469847002038BDC3F808255E
:105E100018461146FFF74AFFE3E7002038BD024865
:105E200038BD00BF0003005012FCFFFF38B5C38827
:105E30009B0704460D4614D5C06810B1F9F700FA67
:105E400078B1227D012302F01F018B408DB31E49E2
:105E50001F2A8CBF0A464FF0A0420020C2F8083526
:105E600038BD236820461B6E9847217D164B20299C
:105E700001F01F004FF0010238BF4FF0A0438240F5
:105E8000A5B9C3F80C2520290F4BE28838BF4FF085
:105E9000A04303EB800342F00202D3F8001741F065
:105EA0000101C3F800170020E28038BDC3F80825BF
:105EB000E9E705491F2A8CBF0A464FF0A04200209F
:105EC000C2F80C3538BD00BF00030050C388DB07A3
:105ED00070B5044616D5C06810B1F9F7B1F988B1AC
:105EE000237D2049202B38BF4FF0A0410122D1F85B
:105EF000101503F01F0302FA03F30B4214BF104600
:105F0000002070BD2368174D1B6E20469847237DE7
:105F1000E0882168202B03F01F0234BF4FF0A0431C
:105F20002B4603EB820340F00102D3F800074E6CCE
:105F3000617920F00300C3F80007E2802046B047F3
:105F4000237D202B38BF4FF0A0450122D5F8101536
:105F500003F01F0302FA03F30B4214BF10460020A4
:105F600070BD00BF0003005008B5C3881B070AD5E9
:105F7000064B1868FFF7B8FC07EE900AFCEEE77ACC
:105F800017EE900A08BD024808BD00BFC43C0020BF
:105F900016FCFFFF38B50368234A9B6A9342044608
:105FA0001DD1C588C5F38025C5B9E06810B1F9F7E2
:105FB00047F9B8B1227D1D4BE1881F2A98BF4FF0E9
:105FC000A04302F01F0203EB820301F43062D3F816
:105FD000001721F44031C3F80017E28038BD98471C
:105FE0000546E1E7E068E388026843F480631268ED
:105FF000E380214690470E4BE1681B680BB103F12B
:106000000C05A942227D02D00023E360D3E7094BAF
:10601000FF25181D13F9011B914208BF03F8015C0D
:106020009842F7D1F0E700BFD5930200000300507B
:10603000C43C0020CC20002070B5044615464FF427
:1060400080760E482371012200232F2D2181257592
:10605000E68020606271C4E9033302D93220EBF795
:1060600023FB074A0749084B42F825404FF00045FB
:106070004022C1F804531A60204670BD205C040021
:10608000FC3B00200060004000E100E00379DB07FA
:1060900055D5F0B5C388DA0683B00D46044603D55E
:1060A000C3F3C023994223D0236820461B6E984730
:1060B000012D23682ED05B68204698472368242052
:1060C000DE6D0CF09EFF002322890746CDE90033E8
:1060D00021460123FAF7A2FE07F10C010122204616
:1060E000B047E38823F400639BB243F01103E380DD
:1060F000012DE0680AD038B150F80C3CDB690C384F
:1061000003B0BDE8F04018470368FFDE0028F3D174
:106110000368FFDE3420DE6D0CF073FF094A40F6A1
:10612000AC53074612682146FCF71EF82A4607F1D1
:106130000C012046B047E38843F40063D5E70248EA
:10614000704700BFBC3C002016FCFFFFC188C1F3B4
:10615000C021FFF79BBF00BF10B5044684B00A46BC
:10616000002368462189FDF7B1FCE3684BB1029A30
:10617000D96ADA626846521A0023CDE90223FDF794
:10618000CFFC04B010BD00BF10B5C388590684B061
:10619000044609D49A060DD41B0603D523690BB116
:1061A0000120984704B010BD0521FFF7D5FFE38813
:1061B0009A06F1D50123022221896846FDF786FC63
:1061C000E388E9E710B5C388590684B0044609D4CA
:1061D0009A060DD41B0603D523690BB100209847FE
:1061E00004B010BD0421FFF7B7FFE3889A06F1D58C
:1061F0000123032221896846FDF768FCE388E9E76B
:106200002DE9F04BD0F8204584B0054674B3DFF893
:1062100090800E4601274FF01F0BB4FA84FCABEBC5
:106220000C03991907FA03F258F8219024EA0204A2
:10623000B9F1000F18D0B9F8062012F0E00F05EB05
:1062400083030FD0D3F8002782F48032C3F80027ED
:10625000D3F8003713F4803F48461CD0FFF794FF73
:10626000B9F80620930508D4002CD4D14FF0FF33A1
:10627000C5F8203504B0BDE8F08BF8F76BF80028BE
:10628000F2D00123052240F2FF316846FDF71EFCE3
:10629000002CC0D1EAE7FFF795FFB9F80620E1E747
:1062A000FC3B002008B5094BD3F87C2102B908BD9E
:1062B0000021C3F87C114FF0A040FFF7A1FF20217F
:1062C0000348BDE80840FFF79BBF00BF00600040E7
:1062D00000030050C38813F0E00F70B504460D466C
:1062E00040D05A060ED423F0E003022D9BB218D002
:1062F000032D22D0012DE38004BF43F08003E3800F
:10630000002070BD032D11D0E068036821461B6892
:106310009847E388002223F0E003022D9BB2E2605D
:10632000E8D143F02003E380002070BD23F0E003B8
:1063300043F04003E380002070BD43F04003E3805E
:1063400030200CF05EFE2146054608F0DFFDF9F72F
:10635000CFFF2368E86229462046DB6D012298477B
:10636000002070BD03685B689847237D114A1F2B8E
:1063700098BF4FF0A04203F01F0302EB8301D1F856
:10638000006726F44036C1F8006758B1D1F800071D
:1063900040F44030C1F8000701219940E388C2F879
:1063A00020159EE7D1F8000740F40030C1F800073F
:1063B000F2E700BF0003005000B583B0042920D8E5
:1063C000DFE801F0100A0A0A03000368DB6A984755
:1063D000002003B05DF804FBFFF77CFF002003B052
:1063E0005DF804FBC38803F0F0031BB9084603B053
:1063F0005DF804FB036801911B6E984701990846FC
:10640000E7E76FF47A70E4E738B5036804465B6841
:106410000D469847E3885B0605D52946E068BDE848
:10642000384008F001BE2368084A5B6D93424FF084
:106430000301204607D1FFF74DFF2946E068BDE87C
:10644000384008F0F1BD9847E7E700BFB9630300A3
:10645000072913D8027D0B4B202A38BF4FF0A043E9
:1064600002F01F0203EB82030020D3F8002722F47E
:10647000E06242EA0121C3F8001770476FF47A70B6
:10648000704700BF0003005010B4037D0C4A002980
:106490000CBF00244FF440741F2B03F01F018CBF6E
:1064A00013464FF0A04303EB81030020D3F80027ED
:1064B00022F4E0622243C3F800275DF8044B7047E2
:1064C00000030050027D0B4B202A38BF4FF0A04341
:1064D00002F01F0203EB8203D3F8002722F44032BC
:1064E000C3F80027D3F8002742EA0141C3F8001798
:1064F000704700BF00030050F0B5154C236883B00F
:10650000CBB1144D2E6816B1002003B0F0BD382079
:106510000CF077FD2268104B1049132407460094B5
:10652000FFF7FCF83846314601222F60FFF7E4F907
:10653000002003B0F0BD40200CF063FD054608F0DC
:10654000E3FE28460321256008F086FED9E700BF58
:10655000D03C0020C43C00200000484200C0014064
:1065600003799B0760D5B1F5806F5FD2C3881A07A6
:106570002DE9F04105460E4602D403681B6E98478C
:106580002C4F297D3A464FF0FF34002312F9010BBE
:10659000884208BF1C460133042BF7D1631C2FD05F
:1065A000DFF8A880E86810B1F8F74AFE18B9EB8860
:1065B00043F00803EB80D8F800001F4DFFF766F8A2
:1065C00007EE906ADFED1D6A1D4AB8EEE77AF7EE36
:1065D000007AE7EE667A2946012307EE100AB8EE44
:1065E000C77A106867EE877A0822FDEEE77A17EE21
:1065F000906A25F8146008F0C3FE0020BDE8F08121
:106600002846FFF779FF0F4BDFF840801C78297D83
:10661000D8F80000013404F0030422463955294615
:106620001C70FFF75DFABDE7074870476FF47A709A
:10663000704700BFCC200020C83C00200000803AFA
:10664000D03C00202823002016FCFFFFC43C002083
:1066500070B5174D2DED028B044608EE101AFFF7AA
:106660004BFF2868FFF740F9DFED127A07EE100ABA
:10667000B4EE677AF1EE10FA04D0286817EE901A9B
:10668000FFF7FAF8DFED0C7A9FED0A7A2368B8EE8F
:10669000488A204628EE278ADB68C8EE077ABDECD8
:1066A000028BBDE87040FDEEE77A17EE901A1847AE
:1066B000C43C002000409C46000080441F4B026AFE
:1066C0009A4220D01E4B994209D94FF000414369AC
:1066D0008B4202D000234161837600207047194B22
:1066E00099421FD8184B99421FD8184B99421FD86E
:1066F000174B99421FD8174B99428CBF4FF08061BE
:106700004FF00071E3E7144B994202D94FF0A051CA
:10671000DDE7A3F57403A3F510539942D2D94FF0E6
:106720002061D4E74FF08041D1E74FF00051CEE730
:106730004FF08051CBE74FF00061C8E700F0024016
:10674000FF117A00FF083D007F841E003F420F00CA
:106750001FA107008FD00300FF47E801082A4FF070
:1067600000034176837614BF6FF47A701846704741
:10677000704700BF10B504460CF03CFC204610BD2D
:10678000036AD3F8182182B100B50022C3F818219A
:1067900087B0D3F81811436A0191019933B142626D
:1067A000806A984707B05DF804FB70470123032215
:1067B000182102A8FDF78AF9F4E700BF70B501219E
:1067C00004468176F8F73EFD236AA0680021C3F8ED
:1067D0000015002873D003681B689847A068627E84
:1067E0000368012A5B6C8CBF022101219847A368D2
:1067F000E0681D7D002867D003685B689847E06803
:10680000627E0368012A5B6C8CBF022101219847DC
:10681000E36820691E7D617E00285BD00368012942
:1068200094BF002101211B6898472369617E187D70
:10683000236A6269C3F808050139C9B20229C3F89D
:106840000C55C3F81065C3F824259CBF264A52F89E
:10685000211094F9182088BF00210025C3F8541591
:1068600042200721AA42C3F8C055C3F80403C3F865
:10687000001532DB02F1604202F56142E02382F84A
:10688000003394F91830002B13DB5909603103F001
:106890001F030122154802FA03F340F8213094F94E
:1068A0001830002B05DB03F01F015B098A4040F81C
:1068B000232020460121BDE87040F8F7C3BCE06802
:1068C0004FF0FF35002897D12069617E4FF0FF36E9
:1068D0000028A3D14FF0FF30AAE7054B02F00F02CA
:1068E0001344E0221A76CCE78C5C040000E100E05F
:1068F000FCEC00E070B5044616460A4600F10801BB
:106900001D46F8F7A1FC324604F10C012046F8F7C9
:106910009BFC2A4604F1100100252046F8F794FC60
:106920002046A576FFF74AFF284670BD38B50446D5
:106930000498174DA1600021C4E90323256021714B
:106940006171C8B100F0C8FF2062D8B101F038F819
:1069500063692076B3F1805F1CBF4FF080536361A1
:1069600000220023A276206A6376636222460949E8
:1069700001F05AF8204638BD042000F0CFFF206215
:106980000028E3D15A20EAF78FFE206ADEE700BF35
:10699000A05C0400816703002DE9F047847E82B08B
:1069A00005468A46DDE90A87164699462CB3B6F5B0
:1069B000803F35D2B8F5803F32D22C6A0020C4F82F
:1069C00044A5C4F84865C4F83495C4F83885C4F8BB
:1069D0001801D4F818310193019BC4F85005C4F88C
:1069E00040056FB1012240230C996F62A9622261B8
:1069F000C4F8043302B0BDE8F087FFF7DFFED6E746
:106A000003211820F7F7F0F92B6A012140221961C0
:106A1000C3F80423F7F76AFB384602B0BDE8F087F5
:106A20006FF47A70E6E700BFF0B585B0B2F5803F4D
:106A3000144606460F469C460A9D02D2B5F5803F95
:106A400009D363462246394630460A9505B0BDE86B
:106A5000F04008F0BBB900240095CDE90144FFF7F0
:106A60009BFF05B0F0BD00BF2DE9F041DDE90664F4
:106A7000DDF82080C4B1B2F5803F07468C4615464C
:106A80009E4602D2B6F5803F0AD3CDE90748069666
:106A900073462A4638466146BDE8F04108F0C2B95F
:106AA000BDE8F041FFF778BF6FF47A70BDE8F08180
:106AB00030B585B000250122C17600F11C0300F13C
:106AC0001B01CDE9015500920446FFF765FFA8427E
:106AD000ACBF207F014805B030BD00BF0AFCFFFFFE
:106AE00021B9436E4FF40472C3F8082300207047A5
:106AF000B1F5614F43D00FD9B1F5612F2AD0234BA7
:106B0000994219D0B1F5613F2BD0436E4FF0EB7233
:106B10000020C3F82425704747F61223994227D056
:106B2000B1F5164F0FD0B1F5165FEED1436E184A8E
:106B3000C3F8242500207047436E4FF08052002098
:106B4000C3F824257047436E4FF41D020020C3F89C
:106B500024257047436E4FF070620020C3F824254F
:106B60007047436E4FF06C720020C3F824257047C5
:106B7000436E4FF400020020C3F824257047436E93
:106B80004FF46B020020C3F82425704740420F00E9
:106B90000050270070B504460E4615462046F9F70A
:106BA000FBF80028FADC94F83C3003F0FF00002BDF
:106BB000F4D1636E317D2A7DC3F80C15C3F814251A
:106BC00070BD00BF0021F8F7C7BF00BF70B5044615
:106BD00084B0B9B9C3895A073DD5636E04F1440145
:106BE0002022C3F83415C3F83825636E4FF40472BD
:106BF00000212164C3F80423636E01221A6000207F
:106C000004B070BD01290D46F9D190F83C30002B3D
:106C1000F5D1F9F7C1F80028F1D0A08EA38E94F831
:106C20003060E16A5A1C92FBF6F306FB13239BB219
:106C300082B22068A3868369895C20469847A38E28
:106C4000628E9A42DBD12B46022240F2FF31684627
:106C5000FCF73CFFD3E7F8F7B7FCE3895B07BCD44C
:106C6000002004B070BD00BF10B584B004468DF89C
:106C7000071002E094F83C301BB100F063FD0028DF
:106C8000F8D000F05FFD70B1636E0022C3F82021E0
:106C9000D3F82011636E03910399C3F85821D3F8F8
:106CA00058310293029B626E01230DF1070184F8B3
:106CB0003C30C2F84415C2F84835626E936000F06B
:106CC00041FDA0B1636E00E099B9D3F82021D3F85B
:106CD0005811002AF8D061B90122DA60626ED2F848
:106CE0005831002BFBD00020002384F83C3004B046
:106CF00010BD0148F8E700BF09FCFFFF70B504466E
:106D0000406E0E4600F05CFE05461EB1E18911F0B2
:106D1000200125D0002D14DA236800215B6820466D
:106D200098472046F9F738F8002804DD2368012148
:106D30005B6820469847A16B2046F8F711FD0020BC
:106D400070BD6B099B0003F1604303F5614305F0DF
:106D50001F05012202FA05F5C3F880511D60DBE72B
:106D60002368134A9B6893421ED1636E4FF40472EA
:106D7000C3F808232046F9F70FF80028FADC94F846
:106D80003C30002BF6D1002DD9DB6B0920330122DA
:106D9000084905F01F0502FA05F541F82350BFF335
:106DA0004F8FBFF36F8FCAE720469847E2E700BFD7
:106DB000E16A030000E100E0A0F10800FFF79EBFD8
:106DC00010B5244B426E036023493C338360C2F804
:106DD000081382B00446406E00F0F2FD00280DDB7F
:106DE0004309203301221D4900F01F0002FA00F080
:106DF00041F82300BFF34F8FBFF36F8F626ED2F85D
:106E0000003223F02003C2F80032626E0123536087
:106E1000626E0021C2F85811D2F85811626E0191C9
:106E20000199D360626ED2F85831002BFBD0002359
:106E3000C2F80035636E4FF0FF32C3F80C25C3F87B
:106E40001425606E00F08EFD2046F8F7B1FF204655
:106E500002B010BDCC5C04001403420000E100E06D
:106E6000A0F10800FFF7ACBF10B50446FFF7A8FF7C
:106E700020460CF0BFF8204610BD00BFA0F108006E
:106E8000FFF7F2BFF0B514248BB00C25CDE9004517
:106E90001F462346154604460E46F8F7DFFB514BC6
:106EA000236000223C3384F83C20A36062662264A5
:106EB000002F00F08A80384600F00EFD6066002842
:106EC00000F08A804FF0EB73C0F82435636E002227
:106ED000C3F86C252046F8F75FFF0028FADC94F829
:106EE0003C3003F0FF02002BF4D1636E307D297D2E
:106EF000C3F80C05C3F81415636E3B48C3F80821AA
:106F0000D3F80811636E09910999C3F81021D3F8D9
:106F10001011636E08910899C3F82021D3F820114D
:106F2000636E07910799C3F82421D3F82411636E87
:106F300006910699C3F84421D3F84411636E059174
:106F40000599C3F85821D3F85811636E0491049938
:106F5000C3F84C21D3F84C31626E0393039BD2F8F3
:106F60000032224943F02003C2F80032636EC3F8B6
:106F70000403606E224600F057FD606E00F020FDB5
:106F800000281BDB43099B0000F1604103F16043D3
:106F900003F5614301F5614100F01F00012202FA8F
:106FA00000F0202581F80053C3F880011860636E5B
:106FB00008222046C3F800250BB0F0BD0C4B00F0B2
:106FC0000F00034420221A76F1E7102000F0A6FCFF
:106FD000606600287FF476AF5A20EAF765FB606EA2
:106FE00070E700BFCC5C040014034A003D7003004E
:106FF000FCEC00E030B5436ED3F83C55026CAA427D
:1070000083B0044606DA0022C3F80821D3F8083119
:107010000193019B236C9D420BDD236C5A1C23447E
:10702000226493F844102046F8F7FEF9236CAB4233
:10703000F3DB0023236403B030BD00BF70B5456EA1
:10704000D5F8083188B00446D3B1036C1F2B17DC88
:10705000002602E0236C1F2B12DCC5F80861D5F86E
:1070600008310193019B236C5A1C2344226493F83A
:1070700044102046F8F7D8F9D5F80831002BE9D1AB
:10708000D5F81031002B3AD1D5F84C3173B100232B
:10709000C5F84C31D5F84C31626E0393202104F1D0
:1070A00044030398C2F83435C2F83815D5F82431B2
:1070B00053B10023C5F82431D5F824310493049B3F
:1070C000D5F88034C5F88034D5F8443133B1002385
:1070D000C5F84431D5F844310593059BD5F82031E6
:1070E000C3B9D5F8583143B10023C5F85831D5F8A4
:1070F00058210792079A84F83C3008B070BD0023ED
:10710000C5F81031D5F8103102932046029BFFF7E5
:1071100071FFB9E70023C5F82031D5F82021069288
:10712000069A84F83C302046F8F736FE002802DC48
:107130000123EB60D5E72046F8F7CCF9D1E700BF93
:1071400010B5034B03600446FBF7EAF9204610BD77
:107150002C5D040010B5054B03600446FBF7E0F915
:1071600020460BF047FF204610BD00BF2C5D0400F9
:1071700010B50446D4E90E2352694FF47A50002B1F
:10718000D2F84415C2F8440522DA1B4A616B00208C
:10719000C2F81005013393FBF1F201FB1233E363F4
:1071A00000F0E4FAD4E90E2352690121002BD160EA
:1071B0000ADB0233104A54F82330DB691B7D1B02C3
:1071C00043F00113C2F81035BDE8104000F0C0BA1A
:1071D000023354F82300FBF72FF8E36B064A616B88
:1071E0000020C2F81005002BD4D10129D2D14FF0D4
:1071F000FF33E363D4E700BF00600040034B18682F
:1072000008B1436B03B97047FFF7B2BFD43C00200D
:1072100070B50E4611460446FBF73EF933681C4A2A
:107220001C49146000259B6BA6632160E563294619
:1072300030469847A06B184E03684FF47A51DB6CC8
:107240009847A06B03682946DB6B144D4FF47A52C4
:107250009847A06B124B01684269C3F82055CD696D
:107260004432C3F82425B5424FF00402C3F8042584
:1072700009D10C4BC3604B6A9847A06B03689B6AAB
:107280009847204670BD0749A847A06B0168F2E700
:10729000D43C00202C5D04007964020000610040B1
:1072A00000F00140FD71030038B50D460446FBF7C0
:1072B0005BF828460021FAF79FFF636B012B01D092
:1072C000002038BDA06B03685B6B9847002038BD79
:1072D00038B50D460446FBF701F828460021FAF7B9
:1072E0008BFF636B13B9024AC2F81035002038BD1A
:1072F00000600040007A704790F910304901002B7F
:10730000C9B207DB03F1604303F56143002083F852
:1073100000137047034A03F00F031A44002011764C
:10732000704700BFFCEC00E090F91030002B11DB3F
:107330005A0910B460320A4C03F01F03012101FA0C
:1073400003F344F8223043695DF8044B0122002026
:107350001A607047436901221A600020704700BF1D
:1073600000E100E090F91030002B07DB03F01F0074
:1073700001225B090249824041F823200020704726
:1073800000E100E010B5036804461B6B9847636991
:1073900001225A6000201A6110BD00BF90F9103020
:1073A000002B0DDB5A0920320121064803F01F0390
:1073B00001FA03F340F82230BFF34F8FBFF36F8F12
:1073C0000020704700E100E0012902D006D3022925
:1073D00002D14369C3F804150020704743690022B5
:1073E000C3F8042500207047437A013B99420FDC23
:1073F00010B44FF48033446901F5A87003FA01F129
:1074000044F820200020C4F804135DF8044B7047B2
:107410006FF47A70704700BF437A013B994211DCE8
:1074200030B4446904EB81054FF48033D5F840054E
:1074300003FA01F10244C5F840250020C4F8041302
:1074400030BC70476FF47A70704700BF437A013BDD
:10745000994208DC42694FF4803303FA01F1C2F823
:107460000813002070476FF47A707047032907D81B
:10747000DFE801F01710090243690322C3F8082569
:1074800001720020704743690222C3F80825017287
:107490000020704743690022C3F8082501720020CC
:1074A000704743690122C3F8082501720020704724
:1074B00010B5044B036000230446C380F6F772FA4C
:1074C000204610BD344F040010B5064B0360002366
:1074D0000446C380F6F766FA20460BF08BFD204683
:1074E00010BD00BF344F040010B5034629B190F918
:1074F0001020002A0CDA002010BDC288D107FAD56E
:10750000196822F00102DA808B6A9847002010BDCA
:107510005409084951F8241002F01F0221FA02F21E
:10752000D407E8D5C288016842F00102C2800B6B23
:107530009847E0E700E100E038B590F91030002B03
:10754000044611DA0025236820461B6B98476269C0
:107550000123D360D368002BFCD11DB123682046E2
:107560009B6A9847002038BD5909044A52F82150B7
:1075700003F01F03DD4005F00105E4E700E100E052
:10758000B1F57A5F14D830B4002201254FF47A5453
:1075900005FA02F3B4FBF3F3994205D3436930BC17
:1075A0000020C3F8102570470132092AF0D1F5E711
:1075B0006FF47A70704700BF70B590F9105003688F
:1075C000002D04461B6B07DA984763690122DA64D1
:1075D000D3F84C65304670BD69090A4A52F82160FB
:1075E0009847636905F01F05012226FA05F5DA645C
:1075F000D3F84C65EB07EDD5236820469B6A984786
:10760000304670BD00E100E00E4BF0B453F820703E
:10761000B7B100237E6918469C46012506EB83021C
:1076200005FA03F4D2F84011013319B12043C0B276
:10763000C2F840C1042BF1D1FB680BB1F0BC184774
:10764000F0BC7047D83C00200020FFF7DDBF00BF32
:107650000120FFF7D9BF00BF0220FFF7D5BF00BF51
:107660000320FFF7D1BF00BF0420FFF7CDBF00BF4D
:10767000F8B52D4B03600026466004460D461746BC
:10768000F6F720F929492A48277403238D42E6603A
:107690006561206063723CD0264A954230D002F585
:1076A0008032954237D1244A204642F82340FFF7E2
:1076B00075FE94F9103062690121002B516011614F
:1076C00020DB03F1604303F56143402283F800238C
:1076D00001231A464FF47A51092B02FA03F003F101
:1076E000010504D0B1FBF0F0B0F57A7F1AD86169DA
:1076F0000322C1F810352046C1F808252272F8BDD2
:107700000223D0E70D4A03F00F031A4440231376F7
:10771000DEE70123C7E70A4B9D4208BF0423C2D01E
:107720003346C0E72B46D7E7344F040000900040B3
:107730005C5D040000A00040D83C0020FCEC00E0B0
:1077400000B00140014B93F9000070470544002050
:10775000054A1378013B5BB2002B01DD13707047C3
:107760000023137062B670470544002072B6024AC7
:1077700013780133137070470544002020BF704711
:107780004FF0805130B44C6E086E0022234642EA1E
:1077900000042046194630BC704700BFBFF34F8F2E
:1077A0000549064BCA6802F4E0621343CB60BFF39D
:1077B0004F8F00BFFDE700BF00ED00E00400FA05B9
:1077C000704700BF08B50B4B0122C3F840250221CA
:1077D0000022930003F1A0430132202AC3F80017CE
:1077E000C3F8001AF5D1FFF7EBFFBDE80840E9F751
:1077F000A5B900BF00E0014000487047000002202A
:107800004020F6F7A7BE00BF816370474163704711
:10781000C1637047C06B7047EFF30880704700BFCB
:10782000406B7047C0E900128360704710B5054B8C
:10783000054C1846A1684FF480720BF019FCA0604B
:1078400010BD00BF0024002000ED00E02DE9F0474E
:107850001D4D2C6882B081460F4690466CB11B4E80
:10786000494620460022FEF73BF930684246394639
:1078700002B0BDE8F04700F0ADBA2C200BF0C1FB20
:10788000124E824600F074FA3820C6F800A00BF0C1
:10789000B8FB4FF0130C0E4BCDF800C08246326897
:1078A0000C49FDF73BFF224650460121C5F800A0D8
:1078B000FEF722F821462868FEF718F804492868E0
:1078C000FDF7E8FE2C68CBE7F43C0020F03C0020FC
:1078D0000050434900200240F0B40E4F0E4E3C6869
:1078E0000523012505FA03F2224203EB430103F1CC
:1078F000FF3303D156F82110814205D05A1CF1D133
:1079000000210846F0BC704722433A600846F0BCAC
:10791000704700BFF83C0020B45D0400F0B40F4F86
:10792000DFF83CC03C6862460523012505FA03F1F7
:10793000214202D1566C304207D1013B591CA2F1C1
:107940000C02F3D10020F0BC704703EB430321434A
:107950005CF823003960F0BC704700BFF83C0020A1
:10796000B45D0400144B98421ED003F5E0439842E6
:107970001CD0A3F5343398421AD003F5043398424F
:1079800018D0B0F1402F06D0A3F50033984208BFBD
:10799000002001D070470120084901220B68824075
:1079A00023EA02030B6070470520F5E70420F3E7A4
:1079B0000320F1E70220EFE700800240F83C0020BE
:1079C00008B5174B984218D0B0F1402F1ED003F5E0
:1079D000003398421CD0A3F5043398421AD003F523
:1079E0003433984218D0A3F5E043984216D05A2079
:1079F000E9F75AFE4FF0FF3008BD0023094A03EBB8
:107A0000430302EB830393F9040008BD0123F5E768
:107A10000223F3E70323F1E70423EFE70523EDE770
:107A200000300040B45D040038B5184B98420D4654
:107A3000144620D0B0F1402F1FD003F500339842F8
:107A40001DD0A3F5043398421BD003F5343398427C
:107A500019D0A3F5E043984208BF052304D05A206B
:107A6000E9F722FE4FF0FF33094A0A4842F8235053
:107A700040F8234038BD0023F6E70123F4E7022352
:107A8000F2E70323F0E70423EEE700BF00300040F5
:107A9000FC3C0020143D0020024A034B10681B6888
:107AA000184700BF143D0020FC3C0020024A034B55
:107AB00050685B68184700BF143D0020FC3C002064
:107AC000024A034B90689B68184700BF143D002092
:107AD000FC3C0020024A034BD068DB68184700BF1B
:107AE000143D0020FC3C0020024A034B10691B6936
:107AF000184700BF143D0020FC3C0020024A034B05
:107B000050695B69184700BF143D0020FC3C002011
:107B1000002815D0006041608260C3600461456147
:107B20008661C761444604624C464462544684629E
:107B30005C46C462644604636E464663744684636E
:107B4000002906D0C46B043C043925680D60B4429A
:107B5000F9D1946BA646566BB546002B06D0D46B74
:107B6000043C043B1D682560B442F9D1146BA44663
:107B7000D46AA346946AA246546AA146146AA046EF
:107B8000D769966955691469D36851681068926815
:107B90007047006041608260C36004614561866136
:107BA000C761444604624C464462544684625C4663
:107BB000C462644604636E46466374468463C46B61
:107BC000043C043925680D60B442F9D1C76986695F
:107BD000456904697047006041608260C360046168
:107BE00045618661C761444604624C46446254461E
:107BF00084625C46C462644604636C4644637446B3
:107C0000846304697047846BA646446BA546046B85
:107C1000A446C46AA346846AA246446AA146046A8A
:107C2000A046C769866945690469C36882680068B7
:107C3000416870470649074A074B9B1A03DD043B1E
:107C4000C858D050FBDC00F0DBF8FFF7BBFD0000AC
:107C5000D06604004020002000240020FEE7FEE75C
:107C6000FEE7FEE7FEE7FEE7FEE7FEE7FEE7FEE7EC
:107C700041617047012070472DE9F84FCB684C688F
:107C800003F164060746A6424FF0010288462146EA
:107C9000B8BF2646FCF74EFAD7F80090B9F8024074
:107CA00004344C4409F1040294425ED9D8F810C05F
:107CB0004FF4004E634648F2050A2AE0D8F80C104B
:107CC00001F132009842A3F1320101F007058B4621
:107CD00021DB0029B8BFA3F12B0BD8F808004942DB
:107CE0004FEAEB0B01F0070158BF4D4210F80B10A3
:107CF000C5F1070541FA05F515F0010F48F20C0131
:107D000008BF51461180023201339442C8F8103046
:107D100009D9312BD2DCA2F800E0023201339442BF
:107D2000C8F81030F5D8A4EB0904053C0CF1010C9F
:107D30000CEB5404B44205DB98F8183073B938469C
:107D4000BDE8F88FD8F8140003681B689847D8F886
:107D50001030B342F0DA3846BDE8F88F08F11C0065
:107D6000F6F750FB3846BDE8F88FD8F81040E1E749
:107D700038B50546094B45F81C3B04460121002255
:107D80002846F6F7FDFA00224FF480732846626118
:107D90006360F6F7FFFA204638BD00BF045E0400BA
:107DA00038B5456975B1002A0CDD04462868A16024
:107DB000D20000212376E2600368216128469847BB
:107DC000237E03B938BD04F11C00BDE83840F6F746
:107DD000E1BA00BF0123FFF7E3BF00BFBFF34F8F3E
:107DE0000549064BCA6802F4E0621343CB60BFF357
:107DF0004F8F00BFFDE700BF00ED00E00400FA0573
:107E000008B57F4B1A68511C28D07E4B0D2A1B6881
:107E100000F09A807A4A12680D2A40D07A4AD2F845
:107E2000883043F47003C2F88830BFF34F8FBFF33C
:107E30006F8F4FF01023D3F80C22D20700F1BF80D0
:107E4000D3F80022002AC0F29480D3F80432002B29
:107E5000C0F28F806D4B6E4A1A6008BD6D4A6E4B42
:107E600012781B680D2AC3F3031310D1012B6DD9AF
:107E7000684A694B12781B680D2AC3F3031306D1B5
:107E8000012B19D95E4B1A68501C40F0B680614A2C
:107E9000614B12781B680D2AC3F30313BED1012B6B
:107EA000BCD84FF08043D3F80024D10744BF6FF013
:107EB0000102C3F80024B1E74FF08052574BD2F8CB
:107EC0000414C3F82015D2F80814C3F82415D2F806
:107ED0000C14C3F82815D2F81014C3F82C15D2F8D6
:107EE0001414C3F83015D2F81814C3F83415D2F8A6
:107EF0001C14C3F84015D2F82014C3F84415D2F866
:107F00002414C3F84815D2F82814C3F84C15D2F835
:107F10002C14C3F85015D2F83014C3F85415D2F805
:107F20003414C3F86015D2F83814C3F86415D2F8C5
:107F30003C14C3F86815D2F84014C3F86C15D2F895
:107F40004424C3F870259DE7012B0CD82C4A4FF030
:107F5000804312680021C3F80C11C3F81011C3F854
:107F60003815531C84D0274B0D2A1B687FF452AF61
:107F700086E72B4A0123C2F80435D2F80034002BDF
:107F8000FBD04FF010231221254AC3F80012D2F87B
:107F90000034002BFBD04FF010231221204AC3F8ED
:107FA0000412D2F80034002BFBD000231C49C2F885
:107FB0000435D1F80034002BFBD0FFF70FFF184B2E
:107FC0000122C3F80425D3F80024002AFBD04FF087
:107FD0001021134BD1F80C2222F00102C1F80C221F
:107FE000D3F80024002AFBD000210D4AC3F8041561
:107FF000D2F80034002BFBD0DFE704331B680BE71B
:10800000300100103401001000ED00E0D420002009
:108010000090D003E00F00F0E80F00F000C0004037
:1080200000E00140D0E90223D1E90201994208BFF2
:1080300090422CBF01200020704700BF2DE930483E
:108040000C4800F0CFFA0C4B0C49D3E90023D1E9DE
:10805000004512EB000B43F1000CAC4508BFA345F3
:108060005846614603D21BF180704CF10001BDE817
:10807000308800BFD8200020F0380020F8380020D9
:1080800030B583B005460C460B4801A900F07CFBD7
:1080900070B10570446001A9074800F07FFB08B982
:1080A00003B030BD054800F0A1FA002003B030BD98
:1080B000042003B030BD00BF883D0020D820002040
:1080C0001B4B1B782DE9304823B118B1037F03F017
:1080D000FF041BB900242046BDE830880546FFF7A1
:1080E000ADFFD5E90223994208BF90421BD32B690B
:1080F000BBB1D5E90530984729690029EAD02B7F23
:1081000003F0FF04002BE5D0D5E9022312EB010BAD
:1081100043F1000CC5E902BC2946064800F0EEFB1D
:10812000D9E72B77E5E72946024800F0E7FBD2E7DD
:1081300006440020285E04002DE9F04F83B08346FA
:1081400000F024FA40B15B49D1E9002312F18074B8
:1081500043F10005C1E900450021584600F030FA1E
:10816000554C30B1236823B12068FFF7A9FF0023E5
:1081700023600121584600F023FA20B1FFF75EFF8B
:108180004E4BC3E9000101A94D4800F017FB08B3AD
:108190004C4E4D4F4A4D0378012B6CD073D3022BBC
:1081A0000ED130464FF0000800F0BCFB30B180F833
:1081B0001C80304600F0B6FB0028F8D101233B704C
:1081C00001A9284600F004FB01A9284600F0F6FAB0
:1081D0000028E0D1DFF8EC80DFF8F090DFF8F0A0C5
:1081E00003E00D2838D000232360404600F0A0FBB8
:1081F0002368002858D05BB12368D0E90201D3E995
:108200000223994208BF90421FD223681B7F3BBBC9
:10821000404600F087FBD0E902670546FFF70EFFF6
:10822000361A67EB0107012E77F1000310DB564584
:108230001BD8AA684FF496030021484600F026F99F
:108240000028CED1236843B3256003B0BDE8F08F8A
:108250000021484600F0AAF92846FFF731FFC2E79F
:108260002168404600F04AFBD2E7484600F0BAF9E0
:1082700000EB0A02DEE741682368994211D03046DC
:1082800000F05AFB9CE741680B7F002B98D101233B
:108290000B77304600F032FB92E7584600F0CCF8FE
:1082A000D2E7002323608BE7002BCED1584600F0A5
:1082B000C7F8CAE7F0380020983D0020F8380020C1
:1082C000883D0020285E040006440020D8200020BD
:1082D000FFFFB40010B5134B13491B68134882B05D
:1082E00058220193082300F015FA044610B12046E5
:1082F00002B010BD0E4A0F4801A900F05BF8044619
:108300000028F4D101210B4800F038F90123194667
:10831000094A084800F098F8084B012220461A70D4
:1083200002B010BD245E0400303D0020883D0020D6
:1083300039810300D8200020FFFF7F000644002081
:108340004AB1A1F101010368B1FA81F14909C3E918
:108350000412002070470720704700BF037F0BB155
:10836000002070472DE93048826104460D46FFF732
:1083700065FE236910EB050B41F1000CC4E902BC5A
:1083800003B1256121460020BDE83048FFF778BEE3
:108390000023014603770120FFF772BE014800F079
:1083A0004FB800BFD8200020014800F045B800BFFA
:1083B000D8200020F0B444791C4D1D4FE600AB19C5
:1083C00047F824201B7973BB03680A88C3F8082583
:1083D0008A7890F904305201002BD1B2DFB21CDB55
:1083E0005A09920002F1604203F1604302F56142D2
:1083F00007F01F074FF0010C03F561430CFA07F774
:1084000083F80013C2F880711760AB19012245F898
:1084100034001A710020F0BC7047064B07F00F07BC
:108420003B441976F1E70820F0BC70479C3D0020E2
:10843000A43D0020FCEC00E0036801221A607047B4
:10844000036801225A60704770B48C0004F5A07470
:108450000068A4B24FF480358D400026C0F8085360
:10846000C0F84853065183B00459019401F5A8712E
:1084700022F07F42019C40F82120C0F844530BB108
:10848000C0F8045303B070BC704700BF2DE9F04F33
:1084900004684FEA81084FF480358D4004EB080CE6
:1084A00008F5A076C4F84853B6B2C4F8085381461C
:1084B0000F464FF0000AD4F80415DCF84005CCF85C
:1084C000401544F806A085B0401A20F07F40A1591D
:1084D000029101289B4622F07F42029B0ED1264B3F
:1084E000019243F001034FF480609847D9F80040AF
:1084F000019A44F806A0A3590393039BD4F804659A
:10850000C4F84453931B23F07F43012B18D107F584
:10851000A877194B013244F8272043F001034FF4A8
:1085200080609847D9F80040D4F804359E421FD1A6
:108530000020C4F84453C4F8045305B0BDE8F08FDC
:10854000A044531EC8F84025D4F80415CBF1FF1BF6
:108550005B1A0BF57F4B23F07F439B4508D3002B21
:10856000E6D10132C8F84025D4F804359942DFD06D
:108570000D2005B0BDE8F08FD0380400036802225A
:10858000C3F8442309B1C3F8042370470368D3F840
:10859000040150B1002282B0C3F80421D3F80431A1
:1085A0000193019B012002B07047704702684FF4AD
:1085B000803303FA01F1C2F84813C2F80813704778
:1085C000890001F5A07189B20368585840B10022B2
:1085D0005A5082B05B580193019B012002B0704752
:1085E000704700BF0368D3F80405704790F9043062
:1085F000002B09DB5A09403203F01F030121034815
:1086000001FA03F340F82230704700BF00E100E0B8
:10861000024A034B10681B68184700BF9C3D0020AE
:10862000A43D0020BAB11268D243C1B130B40144B4
:108630000C4C4D1E013810F8013F082153405A08D8
:10864000DB0748BF624001391346F8D18542F2D1B9
:10865000D04330BC70474FF0FF320029E6D1D04301
:10866000704700BF2083B8ED10B483B050E8013FDD
:108670009CB2B0F80EC06444B0F80CC0644528BF8A
:10868000A4EB0C04B0F808C0644502BFBFF32F8F01
:10869000002208E0C4EA030440E8014CBCF1000FEA
:1086A000E4D14FF001028DF803200193019B9DF866
:1086B00003000B6003B05DF8044B704710B483B047
:1086C00050E8023F1FFAA3F4B0F806C0644502BFA9
:1086D000BFF32F8F002211E0B0F80EC06444B0F851
:1086E0000CC0644528BFA4EB0C04C3EA044440E872
:1086F000024CBCF1000FE3D14FF001028DF80320D2
:108700000193019B9DF803000B6003B05DF8044BDF
:10871000704700BF99B110B4B2FBF3F403FB14240B
:10872000A4B244B9C0E9001484608281C3812046A8
:108730005DF8044B704709205DF8044B70470E202C
:10874000704700BF82B050E8022FC188B2EB324FB1
:108750004FF0000317BF92B241EA014142EA0141E2
:1087600004E04268B2EB324F08BF012340E8021236
:10877000002AE8D18DF807309DF80730002B0CBF98
:108780001120002002B0704738B50446FFF76CFF97
:1087900010B10B882068184438BD00BF0A884B8888
:1087A0009A4201D00020704750E8012FC2EA0242ED
:1087B00040E80123002BF7D10120704738B504466B
:1087C000FFF77CFF10B14B882068184438BD00BF0C
:1087D0000A884B889A4201D00020704750E8022F47
:1087E000C2EA224240E80223002BF7D10120704761
:1087F00033DF7047064A074B10B5002414701C6025
:10880000BFF35F8F0449054800F062F8204610BDB1
:1088100008440020B03D0020345E0400A83D002044
:108820002DE9F041244E05460121304604F0FCFFBD
:10883000BFF35F8FD8B9042D2BD0204B1A789AB98B
:108840001F4C012225701A701E4F7B688BB1B846F1
:1088500005E0404600F046F87B6853B125781B6878
:10886000284698470028F4D1BFF35F8F3060BDE8F9
:10887000F0812378023B012B0ED903F0FBF9C0B93C
:108880004FF080430122C3F80025BFF34F8F20BF74
:10889000FDE70B4C2578D7E7BFF34F8F0A490B4B09
:1088A000CA6802F4E0621343CB60BFF34F8F00BF8E
:1088B000FDE7FFF79DFFE3E7B03D002008440020FF
:1088C00007440020A83D002000ED00E00400FA0568
:1088D000D1E900329342C0E9001304BF0023436092
:1088E000704700BF436843B10268D2E901210B44DD
:1088F0009342436004BF00234360704770B54468EF
:10890000064620680D4618B908E02468206828B19A
:10891000B368294698470028F7D120682860256069
:1089200070BD00BF4368186808B102681A607047DC
:1089300043681868704700BF4068036873B18B4292
:1089400003D107E0814204D0034618680028F9D11A
:10895000704718460B68036001207047184670473F
:108960006DDF704779DF70477DDF704764DF7047E8
:108970002DE9F04F83B004880C9EBDF83490B6F812
:1089800000A0002C39D09846002317468B46054698
:108990001C4603E02A880134A24224DD6A6852F8AA
:1089A0002400019000220DF1030101A8FFF7DEFF72
:1089B00020BB9DF80320BA42ECD13288D11903B311
:1089C00049452BDC42440DF1030101A80123FFF7C7
:1089D000CDFF98B931889DF803200A4432802A8857
:1089E0000134A242DADC43B13388013BA3EB0A0332
:1089F0009BB2FF2B12D808F80A30002003B0BDE864
:108A0000F08F02310132894592B207DB328008F8DB
:108A100002B03288013292B23280D3E70C2003B028
:108A2000BDE8F08F2DE9F04182B01746089CBDF8F3
:108A3000245000940195022206469846FFF798FFBD
:108A400010B102B0BDE8F0814346394630461022ED
:108A5000CDE9084502B0BDE8F041FFF789BF00BF8E
:108A60002DE9F04790F82D3017881446002286B083
:108A700005460E462280002B40F0FC80AB78002B90
:108A800040F0FE80EA78A2B12388D91CB94200F2F6
:108A9000F3800221F154238801339BB2012123800A
:108AA000F15423880B449BB22380F25423880B4457
:108AB00023806B68B3B12288D11CB94200F2DC80FC
:108AC000022093F90010B054238801339BB20A228C
:108AD0002380F254238801339BB22380F1542388EE
:108AE000013323802B89002B40F01B812B8A002B24
:108AF00040F024812B8B002B40F02D812B6A002B22
:108B000044D02288911DB94200F2B6801988052907
:108B100040F203816FF4486801EB080080B24FF225
:108B20007D3C604540F2F9805888052840F2F58088
:108B30006FF4486E86441FFA8EFEE64540F2ED80E3
:108B40004FF6FF7C614504D0604502D0814200F2BF
:108B5000E4800521B1542288013292B21221228090
:108B6000B1542288013292B222801988B154324421
:108B7000090A51702288023292B222805B88B35473
:108B800032441B0A53702388023323806B6A002B04
:108B90002FD09988B4F800C0881C0CF1020202445E
:108BA000BA4269D8FE2867D8033106F80C1022882B
:108BB000013292B2FF212280B1542288013292B256
:108BC00022801988B1543244090A51702088023039
:108BD00080B220809A8862B199680393002900F0DE
:108BE0009C8030440AF044FA039B9A8823881344FB
:108BF000238095F82C30002B40F08A8028780028BC
:108C00003BD02B88012B00F08880228802F1020CD7
:108C1000BC4531D8012804D16B78023313449F42FC
:108C20002AD3BB1E9B1A06A99BB221F8083D06EB6E
:108C30000C00FFF799FE00BB2978BDF8102002292F
:108C400000F0E18068789042C0F0D8809342C0F094
:108C5000D5800921FE2A0FD82388501CF054238880
:108C600001339BB22380F154238801331A442280BC
:108C7000002002E0082F23D80C2006B0BDE8F087C2
:108C800023880433BB42F7D804A8FFF76BFE002803
:108C9000F3D12388BDF810200321F1542388013338
:108CA0009BB219212380F154238801339BB2F11820
:108CB0002380F254120A4A70238802332380E1E6AB
:108CC00004A8FFF74DFE0028D7D123889DF8102077
:108CD0000821F154238801339BB21B212380F154D6
:108CE000238806A901339BB251F8070D2380F05069
:108CF000334489889980238806339BB212F0FE02A0
:108D000018BF01222380F254238801332380B5E663
:108D1000D5F82880B8F1000F2AD1072006B0BDE8A9
:108D2000F087CDE9004733460622022105F108000D
:108D3000FFF778FE00283FF4D9AE9EE7CDE9004763
:108D400033460722032105F11000FFF76BFE0028D0
:108D50003FF4D0AE91E7CDE9004733461522142108
:108D600005F11800FFF75EFE00283FF4C7AE84E768
:108D7000B8F804300233FE2B3FF67EAF4FF0000907
:108D80004FF0160A22880133B354238801339BB273
:108D9000238006F803A0238801339BB22380B8F810
:108DA0000020F2543344120A5A702088023080B2F4
:108DB0002080B8F8043030441A465BB1D8F8083047
:108DC0001946002BA9D00AF053F9B8F804202388DB
:108DD0001344238009F1010995F82C305FFA89F9D1
:108DE0004B4509EB49087FF609AFAB6A03EB8808EE
:108DF000B8F804300233FE2BC4D93DE7012906D070
:108E00001A46082126E79342BFF423AFF8E78342CE
:108E1000F6D3024608211DE775DF704776DF7047FD
:108E20007ADF70477BDF704730B51D4B1A8884B2FC
:108E3000A24283B001D003B030BD1A4D187A297B0D
:108E400088420FD32A7C00211972E2B96B69002B8A
:108E5000F1D00022ADF806408DF8042001A8984713
:108E600003B030BD104603F10A01FFF7D5FF28B16A
:108E70001128E0D0AB69002BF1D1DCE71A7A01327E
:108E80001A7203B030BD3B212046FFF7C7FF30F018
:108E90000803DBD0AB69002BD8D09847D6E700BFDA
:108EA000D03D0020B43D002070B54B7A82B0024620
:108EB0007BB90F4C0E7A4868D4E90153002E0CBFE1
:108EC00029461946FFF74AFA08B1A3696BB902B0FF
:108ED00070BD074B5B6900200872002BF7D00121A1
:108EE000ADF806208DF8041001A8984702B070BDB7
:108EF000B43D00208388B3F5FA7F28BF6FF4F97280
:108F000030B428BF9D1804884A8838BF0025944291
:108F10000DD8408890420AD38888A84207D303F22C
:108F2000F313834234BF0020012030BC704700207F
:108F300030BC70470288112A70B503462FD01BD968
:108F4000122A07D0502A04D13A4CC188E2899142B2
:108F500036D070BD384C828825889542F9D100F111
:108F6000080104F10A00FFF7C5FF60722146284698
:108F7000BDE87040FFF798BF102AEAD1C27B012AF2
:108F8000E7D12D4C21884FF6FF7291422FD0294B0B
:108F90009B69002BDDD00420BDE870401847264CAB
:108FA000828823889A42D4D16068FFF7F1F918B11A
:108FB000204B9B6903B198474FF6FF73238070BD28
:108FC000028A022AC5D11C4D82882E889642C0D1C1
:108FD000123000F061FA30BB6868FFF7D9F9002859
:108FE000B7D0A369002BB4D0BDE870401847134A2E
:108FF0008588258003CA04F10A02C4F80E1003F123
:1090000010010023C4F80A0023721046FFF772FF14
:10901000084B6072DB89002B9BD121462846BDE8B6
:109020007040FFF741BF29463046BDE87040FFF76A
:109030003BBF00BFB43D0020D03D0020E43D0020F8
:1090400000282FD0F8B5054606460FCD164F3C46F2
:109050000FC4844695E80700144B3B6084E8070082
:10906000BCF1000F18D06046FFF7DAFE98B93268FD
:109070001068516803C30E4B0E490F4A18464FF64D
:10908000FF7440F8041F1C800021FFF759F90028E5
:1090900014BF03200020F8BD1846FFF7C3FE0028C8
:1090A000E9D0F8BD0E207047B43D0020E43D00201B
:1090B000D03D002000390020298E0300F0B583B098
:1090C0000190A1B1019D7DB100240E4617462546B1
:1090D000214601A804F064FB394610B1A0B2B047A4
:1090E00001350134142CF3D1284603B0F0BD0D46F0
:1090F000284603B0F0BD00BF0146014804F050BB54
:10910000F03D002070B582B006460191019D6DB121
:1091100000242546214601A804F042FB18B106EBC5
:10912000450301359C800134142CF3D13046356061
:1091300002B070BD2DE9F0470388B0F80480103B01
:109140008CB007460A2B1BD8DFE803F02F281A1A29
:109150001A1A1A1A1A1D0600047A38482409032C10
:1091600041464BD804F012FB032C49D04146344809
:1091700004F00CFB022C47D04146324804F006FBB9
:109180000CB0BDE8F087037A002BF9D1437A2B4865
:109190001B0741464FD404F0F9FAF1E741462A484B
:1091A00004F0F4FA0CB0BDE8F087284EB3680CA8C0
:1091B000DB4340F8303D716804F058FB009901A88A
:1091C000FFF7A0FF019B83B10DF106097C3609EB87
:1091D000430A39F8025F1E4C20462946043404F045
:1091E000D5FAA642F8D1D145F3D1B8F1130F12D96F
:1091F000042003F0A5F90CB0BDE8F08704F0ACFA48
:1092000041460F4804F0A8FA41460E4804F0A4FA7B
:109210000CB0BDE8F08741460B4804F09DFA41468A
:109220000B4804F099FAFB7B012BA9D04146094871
:1092300004F092FAA4E704F08FFAA1E7043E0020BC
:10924000003E0020FC3D0020F43D0020EC3D0020CD
:10925000F03D0020F83D0020132801D90020704780
:10926000FFF74ABF132801D900207047FFF744BF1A
:10927000132801D90020704710B50446FFF73CFFC2
:1092800008B9002010BD2146034804F089FA0028DF
:1092900014BF0220012010BDF43D0020132801D985
:1092A0000020704710B50446FFF726FF08B90020DC
:1092B00010BD21460248BDE8104004F071BA00BF5D
:1092C000FC3D0020132801D90020704710B504464A
:1092D000FFF712FF08B9002010BD21460248BDE883
:1092E000104004F05DBA00BF003E0020132801D9F1
:1092F0000020704710B50446FFF7FEFE08B90020B5
:1093000010BD21460248BDE8104004F049BA00BF34
:10931000043E002070B50A4B82B002AE9B6846F84E
:10932000043D00252C462146304604F039FA01342C
:1093300000B10135142CF6D1284602B070BD00BF33
:10934000EC3D002070B50E4A82B0D36802A8DB4322
:1093500040F8083D02AE916804F088FA009B46F898
:10936000043D00252C462146304604F019FA01340C
:1093700000B10135142CF6D1284602B070BD00BFF3
:10938000EC3D002010B5034B04465968FFF7BAFEC8
:10939000204610BDEC3D002010B5094982B0CA68D6
:1093A00002ABD24343F8042D04468968184604F002
:1093B0005DFA20460199FFF7A5FE204602B010BDD8
:1093C000EC3D002008B51821024804F0F3F9C0B2C2
:1093D00008BD00BFEC3D002070B50C4C0546204692
:1093E0000E4604F0DDF908B1132D01D9002070BD3F
:1093F0002846FFF781FE0028F8D0F01D04EB80001E
:109400002946BDE8704004F0CBB900BFEC3D002018
:10941000F8B50E4C0546204617460E4604F0C0F936
:1094200008B1132D00D9F8BD2846FFF765FE0028C6
:10943000F9D0F01D04EB800029461FB9BDE8F840C3
:1094400004F0A4B9BDE8F84004F086B9EC3D002072
:10945000034B9B680A4601461846FFF72FBE00BF24
:10946000EC3D0020F8B50A4C05460E46204629463C
:10947000174604F095F900B9F8BD063504EB8504EC
:109480003A4660683146BDE8F840FFF717BE00BFB6
:10949000EC3D0020AADF7047007800F00100704723
:1094A0000078C0F34000704770B58C7890B01346D8
:1094B000002C40F0AF8001228DF80E204A7C0C88F1
:1094C000ADF80C40013A00248DF80240ADF80040A0
:1094D000042A09D8DFE812F00500C600CA00CE0051
:1094E000C20011228DF800208C7C013C042C09D88C
:1094F000DFE814F00500C800CC00B000C400112261
:109500008DF80120CD7B9DF802400A7C0E7B65F32F
:10951000C3040D7D62F30414002D4A7B14BF0225A1
:10952000012566F3000465F3420412F0300F4FF09A
:1095300000058DF80240CDE90955CDE90B55CDE97F
:109540000D550F9569D10022CDE906224D7B089279
:109550008C688A7B8DF824508DF8252003AD8A888D
:10956000CDF814D00495ADF81C201CB1CA8808941D
:10957000ADF818208C69002C2FD000268DF80660DD
:10958000ADF804602688227BADF82C606688ADF8C3
:109590002E6001AD66680A96013A0D95042A28D816
:1095A000DFE802F024948488900011228DF80520D1
:1095B000A67A9DF80650E27A66F3C30562F30415B5
:1095C000A27B267A002A2C4666F3000414BF0222EE
:1095D000012262F342048DF80640CA6902B10C927E
:1095E00009A904AAFFF756FF10B070BD11228DF82B
:1095F0000420627B013A042ADAD801A555F822F04A
:10960000AB9503009D960300A59603009596030075
:10961000BD9603008DF80E4050E7CA7CADF80850A7
:10962000013A8DF80A50042A07D8DFE802F0035FF8
:109630005B57530011228DF809209DF80A2002ACD7
:109640000E94012464F3420211248DF80A208DF84F
:10965000084078E712228DF8012053E722228DF886
:10966000002041E721228DF800203DE731228DF8CE
:10967000002039E712228DF8002035E722228DF8EC
:1096800001203FE721228DF801203BE731228DF8B0
:10969000012037E712228DF8052089E721228DF875
:1096A000052085E731228DF8052081E731228DF8EC
:1096B00004209EE712228DF804209AE722228DF8DA
:1096C000052075E722228DF8042092E721228DF8EB
:1096D00004208EE722228DF80920AEE712228DF8B1
:1096E0000920AAE731228DF80920A6E721228DF86A
:1096F0000920A2E790DF7047A5DF7047B5DF70470C
:1097000010B5002384B004466A46184602A9ADF895
:109710000840ADF80A4003930093ADF80430FFF71A
:10972000E9FF04B010BD00BF08B90E20704730B487
:1097300003464FF017151B240020172219611D60E6
:1097400041F61B311C71DA801A819872D8729981A6
:1097500030BC70478388C3B930B50288232A83B0F0
:109760000C4613D036D93A2A18D0552A3FD0242A8D
:109770005ED0A37A3BB1E1880020FFF7BDFF10B9AE
:109780000123A072E37203B030BD7047007A0B7BF7
:10979000984228BF1846FFF7B3FFEAE74289C98815
:1097A00025698A4228BF0A46172A38BF1722228114
:1097B00065B1E17A51B140F67721ADF80010ADF80E
:1097C0000230ADF8042069462046A8470023E37222
:1097D000A372D8E7102A3FD0112ACAD1172241F626
:1097E0001B31A372E372E2802281A181CBE7C288A0
:1097F000C988A372172A38BF17228A4228BF0A468F
:1098000018462281FFF77AFFE37A002BB1D1226953
:10981000002AAED02189ADF8023040F67720ADF8AD
:109820000000ADF80410204669469047A37AA1E7EE
:109830000A69017A6173002A9BD04DF67A20ADF84F
:109840000430ADF802308DF80410ADF80000694620
:1098500020469047A37A8DE7C37B08790873012BD4
:109860000CBF2188C988238908BFE1808B4204D3BB
:10987000637B8342BFF47DAF8DE70020FFF73CFFA1
:1098800018B90123E372207BF2E7112809BF0123F5
:10989000207B207BA372EBE72DE9F041DFF8988075
:1098A00000238AB04FF6FF7088F80030CDE900330E
:1098B00000F0E8FC4FF6FF76B0421FD0044648F2B5
:1098C000096707E000F070FC204600F0DBFCB042C6
:1098D000044613D0A4F58045ADB228466A4602A9D5
:1098E00003F088FEB8422046ECD0284603F0F2FD93
:1098F00048F207629042034603D043B90AB0BDE87C
:10990000F081012388F800300AB0BDE8F081002220
:109910000721079305A84FF6FF73CDE90522CDE98E
:109920000822ADF818408DF81410ADF8163000F08C
:1099300065FA0AB0BDE8F0810944002010B58389BA
:10994000047886B003F5804300229BB2611ECDE906
:109950000122CDE90322ADF808300592042913D87D
:10996000DFE801F03232321903004368002B55D191
:1099700013238DF804304FF6FF7301A8ADF80830BB
:10998000ADF8063000F03AFA2D4C23780BB1FFF712
:1099900083FF06B010BD43F6FE729342F4D8C2892D
:1099A000002AF1D14268002A42D00B2303928DF89D
:1099B0000430234C01224FF6FF7301A82270ADF84A
:1099C000063000F01BFAE0E743F6FE729342C189CD
:1099D0001ED8D0E90132A4F10304B4FA84F4640976
:1099E0008DF80C108DF80D400492E3B99DF81430F9
:1099F000082243F001038DF814308DF804204FF64F
:109A0000FF7301A8ADF806300D4C00F0F7F9BCE784
:109A100001F580439BB29342DBD9B5E7142203934F
:109A20008DF80420A7E7092205938DF80420E6E7C6
:109A300018460A238DF8043000F0B6FBB9E700BFE2
:109A40000944002010B5A1F5804182B0A0F5804006
:109A5000002489B26B4680B2CDE9004403F08EFD4C
:109A6000A04214BF0520204602B010BD30B51848F2
:109A700089B003F063FB30BB03F078FB0546F0B917
:109A800000F072FBCDE903550DE005A803F0C2FC20
:109A9000019B9C8804F58044A4B205A803F0E4FC73
:109AA000204600F069FB05A903AA4CF2070003F069
:109AB00081FD01A90028E8D0284609B030BD8625DF
:109AC000284609B030BD0325284609B030BD00BF87
:109AD0003D990300F0B5FF2887B004D8012906D0CE
:109AE0000C1F052C03D90725284607B0F0BD1646E4
:109AF00003AA1F460C46FFF7A5FFE0B901A903A87A
:109B000003F088FC0546B0B9019BB4705B883380D4
:109B10000299A7B13A6870689C00A24228BF224609
:109B2000164609F0A5FAB4420BD803A803F09CFC32
:109B3000284607B0F0BD0525284607B0F0BD716086
:109B4000F3E70C25F8E700BF024B0022C3E900222F
:109B5000704700BF683E0020012804D0031F052B7A
:109B600001D90120704770B5044686B0A0F5804049
:109B700016460D4680B203A90D4A03F01BFD10B135
:109B8000002006B070BD01A903A803F043FC002823
:109B9000F6D1DDE9012193885288328003F58043B4
:109BA000B470716003A82B8003F05EFC0120E8E72D
:109BB000683E0020F0B5FF2887B005D88C78012CCE
:109BC00006D0231F052B03D90724204607B0F0BD7C
:109BD0000B46A4F5804621465C681B88ADF8026000
:109BE000A0F58047154603AAADF80070CDE9014302
:109BF000FFF728FF052813D0694603A803F062FC8D
:109C0000044648F206639C421AD00FD948F2076313
:109C10009C4203D048F20D639C420FD11124D4E73B
:109C2000694603A803F04AFC0446EAE734B9002D6C
:109C3000CBD0294603A803F0FDFCC6E70324C4E704
:109C40008624C2E74FF6FF7000F096BAFF2806D8C8
:109C500008B500F097FAFFF71FFE002008BD0720A7
:109C6000704700BF00F0B4BA00F0BCBA00F0E2BA2E
:109C700000F008BB00F00CBB70B41D4E054600227E
:109C800002EB4203980036F82330AB4205D0013294
:109C9000042AF5D1002070BC7047304483788B4291
:109CA0001ED0531C042BF5D05800C41836F824409D
:109CB000AC420ED002EB420206EB820202E0948933
:109CC000AC4205D00133042B02F10C02F7D1E1E7DD
:109CD0005800184406EB80001A4683788B42E0D186
:109CE000837A9B07DDD14368002BDAD170BC7047C3
:109CF000C03F002070B5037A05465BB10D4E0024CD
:109D0000697A2144C9B2304601F060F82B7A0134F7
:109D1000A342F5D8AB7A002203F0FD03FF204FF6F3
:109D2000FF716FF3000368722A72AB722980A97009
:109D30006A6070BDB03F002010B582B08278417A71
:109D4000044600232B48CDE900338DF8022001F0B2
:109D500023F8002839D0237AA178019003EB8303FC
:109D60009B004A1EADF800308DF80210072A08D873
:109D7000DFE802F01E070707071E042E1423ADF8C4
:109D800000306946221D2088FFF714FF07280DD0F8
:109D900012D9112822D0862817D1A37A164A03F0A7
:109DA000FD0343F001030121A372117002B010BD45
:109DB0000123ADF80030E4E738B9A37A60F341033A
:109DC00060F30003A37202B010BD032002B010BD07
:109DD000838809339B08ADF80030D2E7A37A064A9E
:109DE00043F002036FF3000301210020A3721170FE
:109DF00002B010BDB03F00200A4400202DE9F0471A
:109E0000444EC168044686B03746334600205A683F
:109E1000914203F10C0375D001300428F7D10020E2
:109E20002378092B19D0132B69D0082B5FD04FF062
:109E30000008204600F0EEFA204601F08DFDDFF824
:109E4000D890204604F050FB204604F01DF999F804
:109E500000307BB906B0BDE8F087637A002BE6D10D
:109E6000002854D0827ADFF8B090436042F00202BA
:109E700098468272002489F800404FF0010A63007E
:109E80001A1907EB8202927A91072DD4D20727D5AF
:109E900089F800A0B8F1000F22D023449D0070196A
:109EA000FFF74AFFE0B17B5BADF8083086284FF63C
:109EB000FF73ADF8063016BF03900623072301A8F1
:109EC0008DF8043000F0A6FA01A801F045FD01A8C4
:109ED00004F00AFB01A804F0D7F806B0BDE8F0874B
:109EE0000134042CCBD1B5E789F800A0D5E7657A19
:109EF000002D9CD158B1FFF7FDFEA84699E74FF021
:109F0000010896E700EB400007EB800088E78046F9
:109F10008FE700BFC03F00200A440020F0B5174E75
:109F2000002183B033460D464FF6FF74FF2701EB47
:109F3000410206EB82021C809C705F72907A0131B4
:109F400000F0FD006FF300000429907203F10C0390
:109F500003F8045C43F8085CE9D15023CDE9001311
:109F60004FF4A072064B0749074800F0C7FE0028CF
:109F700014BF0320002003B0F0BD00BFC03F00208D
:109F8000F03F0020703E0020B03F0020F8B51E4F8B
:109F90000646002505EB45039A0037F82330B34207
:109FA00005F101040AD0042C2546F3D13046FFF711
:109FB0004DFE10B1072818BF0320F8BD3A44917830
:109FC0003046FFF759FE08B1FFF794FE042C2346F4
:109FD000ECD06200111937F82110B1420ED005EB18
:109FE000450507EB850202E09189B14205D00133B6
:109FF000042B02F10C02F7D1D8E75A001A441D468F
:10A0000007EB82025C1CDAE7C03F00200023FFF769
:10A0100061BD00BF83B32DE9F041CD1F012D0C467A
:10A0200025D8551E032D22D807461E461546FFF794
:10A0300023FE804688B3037AAB421BD198F80910FF
:10A04000FF291FD0002788F80850254800F0A4FEFB
:10A0500068B305EB85031B019BB29B083380B4708A
:10A0600070600FB1082C09D00020BDE8F0810720F6
:10A07000BDE8F0810F20FBE70E2070479B00063BF8
:10A080008380F1E72946164800F04EFEFF2801467E
:10A0900088F809000FD00127D5E7FF214FF6FF70A0
:10A0A000FFF7EAFD804620B107808470C6E70320F1
:10A0B000DEE71120DCE798F80A3088F8020003F0A8
:10A0C000FD0300226FF300034FF6FF7188F80A309A
:10A0D000A8F8001088F80820C8F804201120C7E765
:10A0E000B03F002008B5FFF7C7FD18B1FFF702FE2B
:10A0F000002008BD052008BDCB1F012B01D907207A
:10A10000704770B50646104615460C46FFF7AAFD87
:10A1100050B130462146FFF7AFFD38B1058084705D
:10A12000BDE87040FFF708BE072070BD052070BD78
:10A130004FF6FF73984210B509D0FF2804460FD898
:10A140000846214603F012FB50B9204610BD0846D0
:10A150004FF4807103F02EFB80B2B0F5807FF5D113
:10A160004FF6FF7010BD00BF40220021014808F0EB
:10A17000A3BF00BFF43F00200149FFF7D9BF00BFD4
:10A18000F43F00204FF6FF72904209D010B5054908
:10A190000446FFF7CDFF201AB0FA80F0400910BD49
:10A1A0000020704714400020FF2800D9704710B5E8
:10A1B00001460446044803F0E9FA21460348BDE895
:10A1C000104003F0E3BA00BFF43F00201440002029
:10A1D000FF2801D9002070470146014803F0E0BA8A
:10A1E000F43F0020FF2801D90020704701460148B4
:10A1F00003F0D6BA1440002038B54FF6FF739842EA
:10A200000D4615D0013084B2FF2C04D90CE09CB26D
:10A21000B4F5807F08D02146284603F0C1FA631CBC
:10A220000028F4D0204638BD4FF6FF74204638BDD4
:10A230000024F0E7F8B51149FFF7DEFF4FF6FF7590
:10A24000A84217D0FF28044612D80D4EA6F12007C9
:10A2500007E02046FFF7D0FFA84204460AD0FF2CB3
:10A2600006D82146304603F09BFA39460028F0D143
:10A270002046F8BD4FF6FF742046F8BDF43F00209D
:10A28000144000200149FFF7B7BF00BF1440002071
:10A2900070B50024064E25462146304603F080FA6C
:10A2A0000134B4F5807F0544F6D1284670BD00BF67
:10A2B000F43F0020074B1A7802B9704710B50446E6
:10A2C00004F0D8FC204601F0A3FB2046BDE8104076
:10A2D00003F0BCBF0C44002010B504462046FFF735
:10A2E000C5FC0446FFF7C0FC0028F7D1204610BD8E
:10A2F00010B582B0002401926A460094FFF7EAFB91
:10A3000002B010BD2DE9F04F87B083464FF6FF70C5
:10A310008A4601929946FFF7A9FC00250421CDE960
:10A32000031503AB04AA062102AE04460295059666
:10A33000FFF7D0FB07283FD04FF6FF77B8464FF026
:10A34000FF3660B1052814D12046FFF78FFC03AB20
:10A3500004AA06210446FFF7BDFB0028F2D1029BA8
:10A36000AB4224BFA0461D46B3423CBF1E46274613
:10A37000EAE74FF6FF739C421AD1A04520D0A742CE
:10A380000CBF05200020BBF1000F01D0ABF800800E
:10A39000BAF1000F01D0CAF80050019B03B11F8031
:10A3A000B9F1000F05D0C9F8006007B0BDE8F08F23
:10A3B000032007B0BDE8F08F052007B0BDE8F08F9F
:10A3C0000520E0E70F4B70B51C7814B90E4B1C70DC
:10A3D00070BD0E4D0E4E0023294630461A46FFF73B
:10A3E00091FF052805D0B0FA80F4074B64091C7072
:10A3F00070BD00232B60044B4FF6FF7232801C703F
:10A4000070BD00BF0C4400200E44002034400020EA
:10A41000EA4300202DE9F041054686B0808804F02B
:10A42000EBFA2B786880083B032B3BD8DFE803F07E
:10A43000283D1702654A664E11783378002940F0AE
:10A440008A804BB1634F002457F824302846984740
:10A45000337801349C42F7DB06B0BDE8F0815B4CF9
:10A460002378002B37D15C4B1B78DBB15B4BAA8880
:10A470001B889A4216D1564EFFF7A4FF3378E0E7C7
:10A480006B7A2BBB56490A681AB1E868824200F021
:10A490009480514B1B782BB1504BAA881B889A4251
:10A4A00000F086804A4E3378CBE7494E6A7A33789B
:10A4B000002AC6D14A4801680029C2D0EC68A142EE
:10A4C000BFD1484C02602168EA6001392160B8E7D9
:10A4D000012BE7D1DDE74FF6FF70FFF7C7FB4FF623
:10A4E000FF7398420646BED1FFF7C2FBB042BAD115
:10A4F000374E327800230DF104080C2101932370AC
:10A50000C8E90133C8E90333ADF80800ADF8060027
:10A510008DF804109AB12F4F1C4657F82430284666
:10A520009847337801349C42F7DB43B1002457F855
:10A53000243040469847337801349C42F7DB264B61
:10A540001B78002B88D0254AAB8812889A4283D189
:10A55000FFF738FF80E70DF1040800240D21019476
:10A560001470C8F80440C8E903444FF6FF728DF830
:10A570000410A968ADF80820ADF806200391002B5F
:10A580003FF46AAF134F57F8243028469847337882
:10A5900001349C42F7DB002B3FF45EAF002457F8F8
:10A5A000243040469847337801349C42F7DB53E728
:10A5B0002B7A062B7FF476AF5DE7084A044EA88815
:10A5C0000B60EB60108033783BE700BF0B4400204A
:10A5D0000D440020384000200E440020EA430020B3
:10A5E000444000203440002078B1F8B5074E33785D
:10A5F00053B1074F0546002457F8243028469847A2
:10A60000337801349C42F7DBF8BD70470D440020DD
:10A6100038400020F8B5074E337853B1064F054651
:10A62000002457F8243028469847337801349C4258
:10A63000F7DBF8BD0D44002038400020FFF7EABFEB
:10A64000FFF7E8BF38B5FFF711FAD0B9FFF766FC9E
:10A65000B8B901F0A5F9A0B900F078FC88B903F009
:10A6600079FD70B903F04CFF58B9074A074C084907
:10A67000084B10604FF6FF750122258008701A7094
:10A6800038BD032038BD00BF44400020EA4300200D
:10A690000E4400200C4400200A4B1B787BB10A4A70
:10A6A0001378022B09D810B4591C084C117044F8C7
:10A6B000230000205DF8044B7047042070470820F9
:10A6C000704700BF0C4400200D440020384000209B
:10A6D000034B1B780BB101F0B5B90820704700BFE0
:10A6E0000C44002008B5054B1B782BB101F0CCF9C8
:10A6F000082808BF112008BD082008BD0C44002010
:10A7000009B101F0BFB97047024B1B7803B970471C
:10A7100003F060BE0C440020034B1B780BB104F027
:10A7200003BA0820704700BF0C440020034B1B787D
:10A730000BB104F08FB90820704700BF0C44002013
:10A74000034B1B780BB101F05BB80820704700BFCA
:10A750000C440020084B1B7843B151B110B50C4696
:10A7600004F0D8F800232080184610BD08231846AE
:10A7700070470E23184670470C440020024B18788F
:10A7800000B97047FFF776BA0C4400202DE9F04F6E
:10A79000614C94F8008089B0B8F1000F00F09F8000
:10A7A000894600294CD08246002849D014460A68C0
:10A7B0000192002A00F09A80072B00F297804FF652
:10A7C000FF750027AC420F6000F09B80002203F071
:10A7D000020117460492CDE905220792009103F089
:10A7E000010203F00401CDF80C80CDF808A003F0BD
:10A7F0000305884692467DB1002306AA072120461C
:10A800000793FFF767F9052827D0D0B9BAF1000FF1
:10A8100041D1009B002B6DD1B8F1000F5CD1029AA1
:10A8200022F81740019A7B1C9A421F4602D93A4BE4
:10A830001B784BB9C9F80070002009B0BDE8F08F53
:10A840000E2009B0BDE8F08F2046FFF745FD4FF61A
:10A85000FF7398420446CED1ECE7BAF1000F42D123
:10A86000009B002B49D1B8F1000FE0D0DDF80CB00F
:10A87000002304AA092120460593FFF72BF9052898
:10A88000D5D00028DDD1059B1B68002BCFD0BBF1B4
:10A89000000FCCD1C3E78346079B5A7C12F0FC0F14
:10A8A000009A13D0002ADED0DDF80CB003F11001BD
:10A8B00001E09942D7D013F8012F002AF9D0B8F15E
:10A8C000000FD5D1BBF1000FB1D1A8E7002AEDD11F
:10A8D000B8F1000FF6D0CBE74FF0000BC8E7082027
:10A8E00009B0BDE8F08FDDF80CB0D5E7072009B05E
:10A8F000BDE8F08F079BD346D8E7079BDDF80CB087
:10A90000D4E720460093FFF7E7FCA8420446009BEB
:10A910007FF45CAF90E700BF0C44002000B50B4B08
:10A9200083B01B785022019243B159B10A4601AB62
:10A930000721FFF7DDFC03B05DF804FB082003B03E
:10A940005DF804FB0E2003B05DF804FB0C4400200E
:10A95000034B1B780BB104F061B80820704700BFAF
:10A960000C44002010B4054C24781CB15DF8044B55
:10A97000FFF7C8BC08205DF8044B70470C4400206A
:10A98000354B1B78002B38D02DE9F041334B344D3B
:10A99000064693E8030088B02B7801AC84E80300F6
:10A9A00013B3DFF8C880D8F8005015BB2D4B2E4FDD
:10A9B0001A883B68B24224D05A1C20D00133214669
:10A9C00030462A4A3B60FFF7F5F898B13B68002211
:10A9D000013B11283B60C8F800200AD0862809D026
:10A9E000072818BF032005E0FFF7ECFC2B78002BAD
:10A9F000D7D1112008B0BDE8F0810820704713209E
:10AA0000F8E7002BDAD008233046194C0795CDE93A
:10AA10000355CDE905558DF80C3003F0EDFF9DF899
:10AA20001C302278ADF80E0065F300030621ADF866
:10AA300010608DF8155006958DF81C308DF81410A7
:10AA400042B10C4E56F8253003A8984723780135BB
:10AA50009D42F7DB0020CDE70C440020405E04005F
:10AA60000E440020EA4300203440002044400020EF
:10AA70000D4400203840002076DF704710B50446B2
:10AA800082B059B901A9FFF75BFE43F2020290427E
:10AA900000D0B0B99DF804309B0710D400212046A7
:10AAA000FFF720FE58B1112809D00D2810D00B282F
:10AAB00005D043F20202904201D001F041FD02B004
:10AAC00010BD01F03DFD9DF804309B07F7D4E5E78C
:10AAD00020461321FFF7D0FFF1E700BF017839B11D
:10AAE000072900D0704780680028FBD001F028BDFE
:10AAF0004088FFF7C3BF00BF2DE9F041037886B05F
:10AB00000446142B1BD8DFE803F00B1A4C1A1A1A50
:10AB10006A1A1D1A1D1A1A1A1A1A1A1A1A235C000E
:10AB20008088FFF72DFF862868D0112866D013286B
:10AB300003D8584BC340DB0701D401F001FD06B038
:10AB4000BDE8F081544B01221A7006B0BDE8F081D7
:10AB5000524B534A1C68504B524F002504F10808D1
:10AB600015701D704FF6FF76624202F0070204F086
:10AB7000070358BF5342013437F81320B24201A8EB
:10AB80000AD0029527F813600195CDE90355059584
:10AB9000ADF80820FFF7B0FFA045E5D106B0BDE84D
:10ABA000F081037A012BCAD800238288059301A87B
:10ABB000CDE90133CDE90333ADF80820FFF79CFF61
:10ABC000BDE78368364948F20D6200209342087061
:10ABD00002D0B3F5064FB2D100F066F8AFE7304CC3
:10ABE0002378002BABD12C4D2B78E3B102F09CFCE9
:10ABF000B0B148F207629042A1D09EE72749294AA6
:10AC00000B68A08822F8130001335A4202F00702B1
:10AC100003F0070358BF53420B6000F045F88EE77E
:10AC2000012323708BE701A802F00EFD30BBBDF8B5
:10AC30000A30002B14BF012300232B70D6D1002330
:10AC400001AA19461846FFF78DFE064628B1431F94
:10AC5000012B7FF674AF30466FE7BDF80400FFF7B5
:10AC600077FE064608B101F06BFC0122731F934288
:10AC70002A707FF664AF002EB8D0ECE701F060FCDC
:10AC8000BDF80A30002B14BF012300232B707FF482
:10AC900056AFD4E7C1000800292300204840002017
:10ACA0000F440020E020002000B587B000230622DA
:10ACB00001A8CDE90133CDE9033305938DF80420D4
:10ACC000FFF71AFF07B05DF804FB00BF42685AB1F6
:10ACD000FF2938B50D4606D00446BFF35F8F1046F6
:10ACE00002F05EFD08B938BD70476068BFF35F8F42
:10ACF0002946BDE8384002F049BD00BF70B4DDE927
:10AD0000034570B169B163B105FB04F6964208D8FA
:10AD10003CB135B1C0E90245C0E9001370BC002068
:10AD20007047072070BC7047F8B5002830D0036822
:10AD300006466BB3406858B3B3684BB300250F4663
:10AD4000FF2429460EE0FF2C19BF2B1B01330123E2
:10AD50002C469F421DD00135B368EDB29D42294675
:10AD600016D2706802F002FDBFF35F8F0028EAD0B0
:10AD7000FF2C0BD0AC4209D23368214630460BB1D0
:10AD8000FFF7A4FF0134E4B2AC42F5D1FF24E2E7BF
:10AD9000FF242046F8BD00BFA8B102689AB14268FE
:10ADA0008AB1FF2938B50D460BD00446BFF35F8F3B
:10ADB000104602F0F5FC20B1E368206803FB0500B3
:10ADC00038BD002038BD0020704700BF18B10368AF
:10ADD0000BB1FFF77BBF70477EDF70477FDF7047A7
:10ADE00086DF704710B50446408803F093FDA080CD
:10ADF0002046BDE8104000F06FBD00BF00B587B031
:10AE0000002304220193ADF806000DEB0200CDE90A
:10AE10000233CDE904338DF80420FFF7E3FF07B0D8
:10AE20005DF804FB30B50E4D87B0002403948DF817
:10AE30000C10ADF80E2029780194224603250494C5
:10AE4000ADF806008DF81030029405948DF804508A
:10AE5000FEF7DEFA01A8FFF7C5FF07B030BD00BF5F
:10AE60002B23002030B5134B0A1C87B018BF0122DA
:10AE70000C4619780546FEF7CBFA0F4BA4F10102F8
:10AE8000B2FA82F2197828465209FEF7C1FA002375
:10AE9000012201A801930393ADF806508DF80C40F0
:10AEA0000293CDE904338DF80420FFF79BFF07B030
:10AEB00030BD00BF2D2300202C230020F0B51D4BFA
:10AEC00087B00D46197816460446FEF785FA38B95C
:10AED000014633462A462046FFF7A4FF07B0F0BDDF
:10AEE000154B20461978FEF777FA04F58073002891
:10AEF0004FF0070198B214BF01270227FFF7F2F8BD
:10AF000078B105280DD00023CDE901330390CDE9B8
:10AF1000043301A80723ADF806408DF80430FFF78D
:10AF200061FF33462A4639462046FFF77BFF07B0CC
:10AF3000F0BD00BF2D2300202C230020024B0A78F7
:10AF40001978FEF765BA00BF2A230020F8B5184C1F
:10AF50002378182B28D0174D2B78182B20D0164E7D
:10AF60003378182B18D0154F3B78182B10D0237836
:10AF7000182B0BD02B78182B08D03378182B05D032
:10AF80003B78182B0CBF03200020F8BD0320F8BD30
:10AF9000FEF718FA3870EAE7FEF714FA3070E2E7C5
:10AFA000FEF710FA2870DAE7FEF70CFA2070D2E705
:10AFB0002B2300202D2300202C2300202A230020D7
:10AFC0002DE9F0418AB00E4617460546FEF74AF9CC
:10AFD00020220446002102A808F06EF8012C10D0AF
:10AFE00054B1002E6AD1852102AB28460022FFF71A
:10AFF000F5FE0AB0BDE8F08143F202000AB0BDE8F8
:10B00000F081DFF8D080002298F800102846FEF783
:10B01000FFF9002E5AD0284603F07CFC4FF6FF7350
:10B02000984229D13378DA0758BF002139D505F580
:10B03000807080B26B4601220721FEF7EBFF1128DA
:10B04000D7D000283ED101465022019808F034F8AC
:10B0500001991F4A0B4601F1180C03F8344B28469E
:10B0600005974F1C11310293CDE906C7099203F0F1
:10B0700067FC48BB014617E098F800102846FEF729
:10B08000ABF90028CED12846FFF7B8FE98F800109B
:10B090002846FEF7A1F90028C4D13378DB0715D480
:10B0A00085210B4B05970993012C9DD102AB3246AC
:10B0B0002846FFF793FE0AB0BDE8F081284603F06A
:10B0C00029FCAFE7032094E7082092E78521EDE70C
:10B0D0004C4000202A23002038B50C460546FEF7D8
:10B0E000C1F801280AD13CB121462846FFF774FE79
:10B0F000042808BF112038BD204638BD43F20200A5
:10B1000038BD00BF2DE9F0470388113B88B00446E5
:10B11000092B2ED8DFE803F0522D05682D2D2D2D9B
:10B12000A1308088FEF79EF8012811D1227AA588E7
:10B13000BA4B12F0010F08BF0226024618BF0126C3
:10B1400028461978FEF764F931462846FFF78AFE4B
:10B1500034F8041F0434002303A805220594CDE924
:10B160000333CDE90633ADF80E108DF80C20FFF750
:10B1700039FE08B0BDE8F087A94B80881978FEF742
:10B180002BF905460028F4D1A088FEF787F800289F
:10B1900000F0DA80A14BA08819782A46FEF738F92A
:10B1A000A388ADF80E3003A802238DF814508DF853
:10B1B00015508DF80C30FFF715FEDAE7037A858815
:10B1C000964A3D2B284641F23D03117814BF4FF4B7
:10B1D00088541C46FEF700F90028CAD021462846AC
:10B1E0000022FFF76BFEC4E700F11006304603F0C3
:10B1F000DFFB4FF6FF7398420546074678D00146BD
:10B20000A08803F001FCA788844B384619780122F6
:10B21000FEF7FEF838460021FFF724FE284601AA73
:10B220000721FEF7F3FE002875D0002500231A46FB
:10B230002946A088FFF7D4FD08289AD0002840F0BE
:10B240008B80A37EDB0794D5002D92D1A0882B465E
:10B2500041F20602FFF7E6FD8BE7704B057A19789D
:10B26000868875B1427A304602F00304FEF7B4F8DE
:10B2700000283FF47EAF224629463046FFF71EFEE7
:10B2800077E72A463046FEF7C3F8637A13F00403E3
:10B290004CD006F58077BFB2384601AB01220721BA
:10B2A000FEF7B8FE804600285CD003AF072338467F
:10B2B0000395CDF814808DF80C30ADF80E60049530
:10B2C000CDE90655FFF78EFD637AA1888DF81550FC
:10B2D00013F0040F0CBF0222012202233846ADF8FE
:10B2E0000E108DF814208DF80C30FFF77BFD40E731
:10B2F000A08803F00FFBB4F80480484B054619788A
:10B3000040460122FEF784F840460021FFF7AAFDDF
:10B31000BD428AD082E7A37ED90786D5029D95F8E3
:10B320004430DA0740F1B98034357FE7A288ADF8C0
:10B330000E2003A802228DF815308DF80C208DF810
:10B340001420FFF74FFD14E701460123A08841F2C6
:10B350000602FFF767FD0CE70590A188002303A80C
:10B360000722FCE6304603F0D5FA4FF6FF73984209
:10B37000054681461DD0C14638462A460721FEF7BC
:10B38000BBFE034600284FD1637AA288ADF80E2099
:10B3900013F0040F0CBF022101210222012303A894
:10B3A0008DF814108DF80C208DF81530FFF71AFD6C
:10B3B000DFE60146029803F08DFA484505468246CD
:10B3C0005FD0DFF860A00146304603F01DFB9AF81D
:10B3D00000103046FEF700F881460028CBD13046F9
:10B3E000FFF70CFD9AF800103046FDF7F5FF002836
:10B3F000C2D1637AA1888DF8150013F0040F0CBF39
:10B4000002220122022303A8ADF80E108DF81420A9
:10B410008DF80C30FFF7E6FCABE600BF2B230020D5
:10B420002D2300202A230020862803AF3ED04FF092
:10B430000008384605930723CDE90388CDE906883F
:10B440008DF80C30ADF80E60FFF7CCFC637AA18864
:10B450008DF8158013F0040F0CBF02220122022385
:10B460003846ADF80E108DF814208DF80C30FFF72B
:10B47000B9FCB9F1000F3FF47CAE284603F0CEFAD8
:10B4800077E6FEF7DFFB5045054632D029463046C9
:10B4900003F0BAFA4FF001096EE7314605F14600B4
:10B4A00003F06CFA00287FF43FAFBEE60023384675
:10B4B0000622CDE90333CDE9053307938DF80C203F
:10B4C000ADF80E60FFF78EFC637AA288ADF80E200F
:10B4D00013F0040F0CBF0221012102220123384680
:10B4E0008DF814108DF80C208DF81530FFF77AFCCC
:10B4F0003FE603AF042307223846CDE903880593CE
:10B50000ADF80E60CDE906888DF80C20FFF76AFCD7
:10B51000637AA1888DF81580DAE600BF28B3027837
:10B5200002F08203802B1ED0C2F30213042B1AD820
:10B5300002F0F203322B16D0437881788B4212D876
:10B54000062B10D910290ED8C17810B411F00404BC
:10B5500005D10379580702D40B43190706D50020FB
:10B560005DF8044B704700207047704703F00300FC
:10B57000D30703D5003018BF0120F1E7B0FA80F0FF
:10B580004009EDE731F0080323D0112921D070B52F
:10B590008AB000230D29064615460C46CDE9053331
:10B5A000CDE90733099315D003F0B4F90723ADF8BB
:10B5B0001660ADF8180005AD8DF814300FCD6E464D
:10B5C0000FC62B68336068460294FFF70DF80AB087
:10B5D00070BD704703F09EF90323ADF81660ADF817
:10B5E000180005AC8DF814300FCC6E460FC62368DA
:10B5F00033607DB12B7813F0010F0CBF02220122C2
:10B6000041F2011368468DF80820ADF80A30FEF7C4
:10B61000EBFFDCE70222F3E72DE9F043244B8FB088
:10B620000025CDE90A551B68099309AC07468946F0
:10B6300094E807000DF1040888E807003846C4E9DB
:10B640000355C4E90155099503F064F90523ADF8E4
:10B650002800ADF826708DF824300FCC04AE0FC64C
:10B660002368336004A8CDF81890CDF81C80FEF74D
:10B67000BBFF104B01991A683846FFF7A1FC0E4B2F
:10B68000A0F11102B2FA82F2044619783846520942
:10B69000FDF7BEFE094B2A4619783846FDF7B8FE7D
:10B6A00021463846019AFFF76DFF0FB0BDE8F083E1
:10B6B000984000208C4000203123002030230020BF
:10B6C0000021FFF7A9BF00BF2DE9F04706468EB065
:10B6D000904699460D4600294DD1384B0A911B687A
:10B6E00009930B9109AC94E807000DF1040A8AE86C
:10B6F00007003046C4E90355C4E90155099503F034
:10B7000009F90527ADF82800ADF826608DF82470FA
:10B710000FCC0DF1100CACE80F002368CDF81CA085
:10B7200004A8CCF80030FEF75FFF254BDDF804A03D
:10B730001B785BB3424651463046FFF7CDFC1128DB
:10B740000446204B27D0002219783046FDF760FED2
:10B750000B2C19D012D8BCB1082C15D00327B9F185
:10B76000000F04D0524621463046FFF70BFF384603
:10B770000EB0BDE8F0874FF0000ADBE70D2C03D0D8
:10B7800043F202039C42E9D12746E8E79DF80D30D9
:10B79000002BCFD1EBE7197801223046FDF738FEB8
:10B7A000094B2A4619783046FDF732FE074B4246D0
:10B7B00019783046FDF72CFE0027D0E7984000208E
:10B7C00010440020302300202F2300202E230020AF
:10B7D000094B70B519780446FDF7FEFD074B054689
:10B7E00019782046FDF7F8FD2A4601460123204638
:10B7F000BDE87040FFF768BF2E2300202F230020F4
:10B8000000293AD0F0B583B005460C46FDF730FD6F
:10B81000064670B3284603F07DF8A6F102062378A9
:10B82000B6FA86F64FF6FF72821A4FEA561618BF1E
:10B83000012266F3000362F3C30323700746284620
:10B84000FDF72CFD237860F3410323702846FDF7B4
:10B8500039FD237860F3820323702846FDF746FD07
:10B8600068B10120237860F304130020237003B033
:10B87000F0BD43F2020003B0F0BD0E207047284631
:10B88000FDF70CFD0028EDD038466A460721FEF78B
:10B89000BDFB20B9019B93F84430DB07E1D40020C5
:10B8A000E0E700BF10B582B002ABE02203F8042D40
:10B8B0000C461946FFF7A4FF22789DF8041030B912
:10B8C00032EA01030CBF0120002002B010BD0023AA
:10B8D000184602B010BD00BF30B50378052B83B009
:10B8E000044614D0122B04D02046FEF77DFE03B090
:10B8F00030BD184B40881A687AB1FDF7CFFC01467D
:10B9000068B960880A460123FFF7DEFEECE781682C
:10B910004088FFF781FE03B030BD0121F3E7227AB2
:10B9200060880025C2F340012B4661F38203C2F315
:10B93000000161F3C303C2F3800202A962F304139E
:10B9400001F8043DFFF7AEFF80F00102D2B22946B4
:10B950006088D8E79840002008B50378083BDBB240
:10B960000B2B06D8012202FA03F340F60F02134212
:10B9700000D108BD064B074918780022FDF772FD7B
:10B98000054B064918780022BDE80840FDF76ABD5E
:10B9900031230020C1B6030030230020D1B70300BB
:10B9A00010B5174C2378182B0DD0164C2378182B74
:10B9B00010D0154C2378182B13D0144C2378182B47
:10B9C00016D0002010BDFDF7FDFC20700D4C237833
:10B9D000182BEED1FDF7F6FC20700B4C2378182BBA
:10B9E000EBD1FDF7EFFC2070084C2378182BE8D141
:10B9F000FDF7E8FC1828207008BF0320E1D110BD36
:10BA0000302300202E2300202F230020312300206C
:10BA100008B5FFF777FB074B074918780022FDF7B9
:10BA200021FD064B064918780022BDE80840FDF7C5
:10BA300019BD00BF31230020C1B603003023002010
:10BA4000D1B7030010B5044670B1FFF767FD88B1A8
:10BA5000094B2068186021790848094A19710121A9
:10BA600003601170002010BD0449054A08600121DF
:10BA7000117010BD072010BD90400020984000209C
:10BA800010440020FFF75ABA00230A461946FFF770
:10BA90001BBE00BF10DF704711DF704710B582B0CA
:10BAA00004460C496846FCF713FF019B2BB90DE0D7
:10BAB0006846FCF717FF019B43B1D3E900212046FC
:10BAC00090470028F4D1112002B010BD002002B030
:10BAD00010BD00BF4C5E040010B582B00446094999
:10BAE0006846FCF7F5FE019B4BB1D3E900212046E7
:10BAF00090476846FCF7F6FE019B002BF5D102B09B
:10BB000010BD00BF645E04000B4991F81623EC23BE
:10BB100052091341DB070BD5084B9A6822B11A680A
:10BB200042F480021A6070474FF480030B60704744
:10BB300042F2020000F004BD00E100E024440020D5
:10BB4000F0B51B4D2C7883B01CBB1A4F0126204644
:10BB50003E70FFF7A3FF112818D02046FFF7BCFF67
:10BB600002A8154B00F8054D1B68019300F0F8FC86
:10BB7000124901A8FFF78EFFB0FA80F304465B0973
:10BB80009DF803002B7000F011FD34B1204603B086
:10BB9000F0BD0824204603B0F0BD094B3C701C707A
:10BBA000FFF7B2FF3046FFF797FF204603B0F0BD26
:10BBB0001244002011440020485E040055AA0200EF
:10BBC00013440020F0B51F4D2B7883B083B30123BD
:10BBD0001D4E18463370FFF761FF112824D0022054
:10BBE000FFF77AFF02A8002700F8017D00F0B8FCFB
:10BBF000FFF752FF04469DF807002F7000F0D6FCB7
:10BC00009CB9124B34709A68B2B9114B4FF4800250
:10BC1000C3F88020BFF34F8FBFF36F8F0320FFF770
:10BC20005BFF204603B0F0BD0024204603B0F0BD0A
:10BC30000824204603B0F0BD1A6822F480021A607E
:10BC4000ECE700BF124400201144002024440020EF
:10BC500000E100E0054B1B7833B1054B1B780BB9B5
:10BC6000FFF76EBFFFF7AEBF0820704711440020FA
:10BC700012440020014B1878704700BF1244002086
:10BC80000B4B1B7873B10B4B9A6862B90A4B4FF49C
:10BC90008002C3F88020BFF34F8FBFF36F8F074B35
:10BCA00001221A7070471A6822F480021A60F6E7BF
:10BCB000124400202444002000E100E0134400204E
:10BCC00010B5084C237813B1074B1B7803B910BD8E
:10BCD000064B4FF48002C3F80021FFF715FF002345
:10BCE000237010BD134400201244002000E100E046
:10BCF000034B1B7813B1034B187870470120704732
:10BD0000124400201344002000B583B0684608495F
:10BD1000FCF7DEFD019B43B1D3E900209047684664
:10BD2000FCF7E0FD019B002BF6D103B05DF804FBAE
:10BD3000585E0400FFF7E8BF60DF704769DF7047B7
:10BD400061DF7047134B1B781BB330B5124D91B0B8
:10BD500034240DF1020103A8ADF80240FFF7F0FF13
:10BD600088B9294601A8FCF7B3FD029B002BF0D04F
:10BD7000D3E9002103A8904701A8FCF7B3FD029B7B
:10BD8000002BF5D1E5E7052801D000F0D9FB11B073
:10BD900030BD704714440020705E0400002942D07A
:10BDA00070B584B00023214A0A60CDE901330C4606
:10BDB000012501A98DF804000626202003938DF8A3
:10BDC0000650ADF80860FFF7B9FF01A9226801939A
:10BDD0004020CDE902338DF80550FFF7AFFF01A9F0
:10BDE0002268039328460425CDE901338DF80450D9
:10BDF000FFF7A4FF0DEB0501226802934FF4E46501
:10BE0000A12003930195FFF799FF2268019301A9EF
:10BE10000124A020CDE902338DF80440FFF78EFF06
:10BE2000184604B070BD0E20704700BF40200020AF
:10BE300008B5FFF781FF10B9014B01221A7008BD48
:10BE4000144400204BDF704710B5114C84B001A89A
:10BE5000FFF7F8FFA8B9214602A8FCF739FD039BBC
:10BE6000002BF4D0D3E900210198904702A8FCF7F9
:10BE700039FD039B002BF5D101A8FFF7E3FF002854
:10BE8000E9D0052801D000F05BFB04B010BD00BF75
:10BE90007C5E040000207047A8DF7047ADDF70476C
:10BEA000AEDF7047B0DF704762DF70473CDF70473E
:10BEB0003DDF7047704700BFF8B10388112B17D0E2
:10BEC00010D9F0B5512B89B0044618D0532B07D1A7
:10BED000314DC288EB889A4202D12B7E002B44D18F
:10BEE00009B0F0BD102B09D12B4B82889A80704786
:10BEF000294B81889A88914233D070477047264DEC
:10BF00008388A8889842EBD1A379022BE8D12189B4
:10BF1000EA889142E4D1A27B043A022AE0D90026C1
:10BF200001AF02AA69890293CDE90466CDE90666EC
:10BF30008DF810300397FFF7B1FFF0B140F2FD1319
:10BF4000ADF8143004A9A888FFF7ACFF1128F9D088
:10BF5000BDF81430002BC3D104F1080000F046F9FD
:10BF6000BEE74FF6FF729A80704700F0C9F90028CB
:10BF7000B6D06B6902209847B2E73846FDF790FAD1
:10BF80000028DBD09DF81630ADF8146043F00103B3
:10BF90008DF81630D6E700BF9C40002030B5144B1A
:10BFA00087B0DA888DF8050002248DF8061098888D
:10BFB000ADF8082000230321CDF80A302025ADF884
:10BFC0000E300DEB040201ABADF8021002A98DF8A2
:10BFD00004508DF80A40CDE90423FFF761FF20B932
:10BFE000BDF80230032B18BF0C2007B030BD00BFD6
:10BFF0009C40002010B54FF0FF310020FFF758FFA4
:10C00000044608B1204610BDB121FFF74FFF04469A
:10C010000028F7D1044B01205B6998470220FCF708
:10C02000FFFB204610BD00BF9C40002030B51A4BDE
:10C0300005460FCB87B002AC84E80F004DB32A68E9
:10C04000164B4FF6FF7000215A6198801976EAB1BD
:10C05000124800F083F808B107B030BD06A94FF6CA
:10C06000596321F8143D012318460D4A8DF8063016
:10C07000FFF712FF0028EFD120460849FFF714FF11
:10C080000028E9D1054800F087F8E5E7054A5A613C
:10C09000DEE70E2007B030BD885E04009C40002023
:10C0A0009E400020B5BE0300B2DF70474FF0020C87
:10C0B00000DF704710B50E4C2368BBB11A7EAAB1E1
:10C0C0000278082A0AD0092A10D1FFF793FF68B135
:10C0D000236802205B69BDE810401847027A012AF4
:10C0E00004D11A69013A1A61002AEED010BD00BFCE
:10C0F0002044002017490B6853B34B6843B370B515
:10C10000083198470828044621D0134D2B6888B180
:10C1100000221A765A7606210120FFF73FFF18B158
:10C120002B6803205B6998472B6802205B69BDE898
:10C13000704018470121587619760846FFF72EFF00
:10C1400028B12B6803205B6998472B681C7670BD6B
:10C15000704700BFF840002020440020034620B173
:10C16000034A04481360FEF797BA0E20704700BFD9
:10C1700020440020B5C0030008B501F0B1FD00B1B6
:10C1800008BD0448FFF792FF0028F9D1BDE8084038
:10C1900001F0B6BDF840002030B589B004461E223B
:10C1A00000210DF1020006F087FF2246608812F898
:10C1B000063B8DF80230042528240123ADF80050F9
:10C1C0008DF80D406946022417258DF810308DF842
:10C1D0000C308DF81130ADF804508DF813408DF807
:10C1E0001240FDF761F909B030BD00BF2DE9F04202
:10C1F000047B012C96B01FD13E4D2F68797E0646F8
:10C2000059BB02A8502206F057FFB88801A9FEF7D3
:10C21000A1FA48B9BDF804004FF6FF73984265D003
:10C2200002A9FEF77BFB18B31128347B1ED00F2820
:10C2300014BF0421072101E02E4D02212046FFF703
:10C24000ADFE18B12B6803205B6998472B6802206C
:10C250005B69984716B0BDE8F08220460621FFF7DB
:10C260009DFE0028F6D01128347BE0D10621E5E7B9
:10C270000DF1580C204F5CF84F0DDCF80410DCF881
:10C280000820DCF80C30BCF814900FC70DF13C0E00
:10C29000DCF810003860BEE80F009CF816C087F884
:10C2A00006C007F1080CA7F80490ACE80F009EE860
:10C2B000070016AB8CE80700082223F8522D2A68E5
:10C2C00007F1240190881A462346FFF7EDFE002867
:10C2D000AAD10A49A7F1140051F8083B9847002851
:10C2E000A2D12B685C7616B0BDE8F082347B0721C2
:10C2F000A4E700BF20440020BC400020F8400020FC
:10C3000010B5064C236800205B6998472468FDF748
:10C31000BFFF206102F08CF9002010BD20440020F6
:10C32000A8DF7047F0B5074689B014461E460D4693
:10C33000E9B114B9204600F003F91E2200210DF1E5
:10C34000020006F0B9FE0C4B0E9A1888ADF800708A
:10C3500002236946ADF80440ADF8064002958DF819
:10C3600011608DF80D30FDF79FF809B0F0BD08465B
:10C3700000F0E6F8DDE700BFEC43002070B586B0C2
:10C3800006A941F60A0321F80C3D01230446624A3E
:10C390008DF80E301846FFF7C3FF0546002869D117
:10C3A0002288002A69D12289002A40F08D80228AC1
:10C3B000002A40F09680228B002A40F09F80228C39
:10C3C000002A69D1228D002A72D1236B1BB3D3E9D5
:10C3D0000021160A100C8DF81410110E8DF8116042
:10C3E0008DF810208DF812008DF8131099684B4AC3
:10C3F00094F83C308DF81510080A0E0C00928DF858
:10C400001600082204A942F623208DF81760FFF7D2
:10C4100089FF00283CD1616B51B141480A7994F8F9
:10C420003C300968009042F62A20FFF77BFF78BB7A
:10C43000A26BFAB113788DF8103053888DF8113053
:10C440001B0A8DF8123093888DF813301B0A8DF873
:10C45000143094F83C30D488324A0092250A0722DE
:10C4600004A942F650208DF816508DF81540FFF7BC
:10C4700059FF0546284606B070BD2B4894F83C305D
:10C480006168009042F62920FFF74CFF00288AD00F
:10C490000546284606B070BD244894F83C30616AD1
:10C4A000009042F62620FFF73DFF00288AD0EFE7F4
:10C4B0001F4894F83C30E16A009042F62820FFF7CC
:10C4C00031FF002881D0E3E71A4894F83C30E16856
:10C4D000009042F62420FFF725FF00283FF467AFC5
:10C4E000D6E7154894F83C306169009042F6252063
:10C4F000FFF718FF00283FF45EAFC9E70F4894F834
:10C500003C30E169009042F62720FFF70BFF00283E
:10C510003FF455AF0546BCE7EC4300204441002002
:10C520002C4100202441002014410020044100201F
:10C530003C4100201C410020344100200C410020DF
:10C5400000B585B000230390194601AA44F201000A
:10C55000CDE90133EEF77EFA05B05DF804FB00BFCC
:10C5600070B4EFF3108472B60D4B9A68AAB90D49F6
:10C570000D4E01259D60D1F8805035401D60C1F8F9
:10C580008060D1F884505D604FF0FF33C1F8843093
:10C59000027004B962B670BC704701230370F8E7FB
:10C5A0002444002000E100E0FC06FFBD094B9A682E
:10C5B0007AB170B910B4EFF3108172B6064A1C68F4
:10C5C00014605C685460986001B962B65DF8044B11
:10C5D000704770472444002000E100E070B50A4C29
:10C5E0000A48626886885388016882B00333002055
:10C5F0009BB2009003259B0001EB86010448257047
:10C6000001F078F902B070BD704100203C4200207A
:10C610005C230020014608B50548FCF7B5F8002268
:10C62000026042608260C26002614261826108BD54
:10C63000284200201D4B0A6800EB800003EB8003BA
:10C640005B6803F5805072B35388033302EB8302B7
:10C65000824217D21368013314D05388033302EB9C
:10C66000830398420ED330B44FF6FF759488AC42E2
:10C670000AD0148844B19468013405D001200A60BE
:10C6800030BC704700207047984209D91A680132BF
:10C690001A4605D05C88033403EB84039842E5D244
:10C6A000002030BC704703F10802D1E78841002028
:10C6B000F0B5426883B01AB11F4BDC68A2421FD2AA
:10C6C00000270E4605460F800197002005E0019BDC
:10C6D0002A689C6894420DD0308801A9FFF7AAFF10
:10C6E0000028F4D1338801339BB23380002BEBD088
:10C6F00003B0F0BD114A6B6013892B8103B0F0BD0C
:10C700001B699A42DCD812F00303D9D10B4C05897E
:10C710002489A542D4D105689468A542D0D108489F
:10C720004068824206D900F58050824202D20B80D6
:10C730000120DDE71846DBE75C2300207041002084
:10C74000884100202DE9F0419C8854B9DFF86480CD
:10C7500017460E4605461C4698F8000058B10123BE
:10C76000A38048F20960BDE8F08186B1198832885B
:10C7700091420CD0A0882146FFF75CFF80B123686E
:10C78000002DF2D099882A889142EED0F2E708492C
:10C790009A6809893981C7E900230020BDE8F08142
:10C7A000A388206001339BB2A380002BD4D0D8E7AC
:10C7B000704100208841002030B40E4C0E4A63883E
:10C7C00003EB830302EB8302D3685BB10B4B0C4892
:10C7D0001968022205259A8025700023012230BCA9
:10C7E00001F0BCB80425516825700548012230BC11
:10C7F00001F0B4B870410020884100203C42002084
:10C800005C23002008B5074B191D5888FFF712FF5D
:10C8100018B9BDE80840FFF7CFBFBDE80840FFF7F3
:10C82000DDBE00BF704100202DE9F04FDFF88083AE
:10C83000DFF880A3DFF880B3DFF880938BB0054684
:10C84000D8F80040002C00F0898023785A1E052A71
:10C8500060D8DFE802F05237371C1C03002D40F08F
:10C86000B88099F80B2099F80030002A00F0378141
:10C87000013B89F80B50062B00F2A482DFE813F08D
:10C8800034038C02AF01C401A2028F027202002D98
:10C8900040F01C812779012F00F05581C0F02C81D8
:10C8A00005AE022F0595C6E90255356140F09E8020
:10C8B0002846023B0690042B35D8DFE803F07E6A59
:10C8C0005E579300A68AA07D002D40F0E080B7005F
:10C8D000AD4DB91905EB8101B1F808C04A6802EB0A
:10C8E0008C02062800F2D282DFE810F01702C201A3
:10C8F000D301E801FC019101B701002D40F0BB809C
:10C900002279032A00F29580DFE812F0A9005A018B
:10C910009E007300002305AEC6E9033348F20E62A1
:10C92000B36005930692994C04F1100554F8043B4A
:10C93000304603B19847A542F8D1514600255846E4
:10C94000C8F80050FBF744FF0121914800F0B2FF06
:10C9500000287FF475AF0BB0BDE8F08F5146584604
:10C96000FBF72CFF0446C8F800006EE7E388ADF83B
:10C97000203004238DF81430D5E70323E188228981
:10C980008DF81430E3680793ADF82010ADF822203D
:10C99000C9E7A37D2289A088E168ADF82020A3F132
:10C9A0000603B3FA83F35B0902228DF82430ADF855
:10C9B000220007918DF81420B5E701232189A28870
:10C9C0008DF81430E3680793ADF82010ADF82220FD
:10C9D000A9E705AE0023B3600593C6E903334FF41E
:10C9E0000643069305238DF814309CE748F20E6049
:10C9F0005FE7684E684A31686848634D00272771D1
:10CA00000823009700F076FFB9F802303468B18847
:10CA100003EB830305EB830205F82370536833604F
:10CA2000022354601181B380002894D0D8F80040CC
:10CA300023785B4905AE00224A600592C6E90222CE
:10CA4000326148F20D6034E7524A544811680023BD
:10CA5000237102249480012200F080FFE4E74D4B13
:10CA6000504A19684D48012323710023009308237D
:10CA700000F040FFD8E705AE494A00235360059314
:10CA8000C6E9023333614FF4064306934BE70228AD
:10CA9000E28876D9B7003C4DB81905EB8000D11C6F
:10CAA000B0F808C0614401813E4405EB8605C2F53B
:10CAB0007F42698905AEFD320A4400216A81B16076
:10CAC0000591C6E903114FF40640F2E605AE0022D7
:10CAD000B2600592C6E903224FF40640E9E6072B4F
:10CAE00000F2C081DFE813F07701BE01BE014D0105
:10CAF000AD013E013E01A701022305AE2371304680
:10CB0000E36805930DF1120106950795FFF7D0FD37
:10CB1000002800F01D810699234A8B88E3800B884A
:10CB200023811E4800950423BDF8124000F0E2FE68
:10CB3000002840F0D481144B04EB840403EB8404FC
:10CB40000123237407E7164B1B78002B00F0F380BA
:10CB500005AE164B32462946A01DFFF7F3FD00280F
:10CB600000F0C58148F20963104A9842C2E90055B5
:10CB70003DD1C6E90055C6E90255356128462378FE
:10CB800097E6014DB7008FE788410020584100200B
:10CB9000384200203C4200209C5E04005C230020C0
:10CBA00068410020A45E0400985E04004842002012
:10CBB000844100207C410020284200207041002058
:10CBC000B44D2B78022B40F0778100236968B24A7C
:10CBD0000093B2482B70082300F08CFE24E7FFF787
:10CBE000FDFC00283FF4B7AED8F8004005AE0022A7
:10CBF00041F61D5123783261C6E90022C6E90222BE
:10CC0000884208BF104654E6FFF7D6FDE9E7A44B7B
:10CC1000A44A1B8803934FF0060C0023516884F844
:10CC200016C0A14A00939D48042300F063FE00282B
:10CC300000F04D81A27DE388022A48F20D600FD8F2
:10CC40003E4405EB8605C3F57F436A89D8F800406A
:10CC5000FD3313446B8105AEC9E7E38841F61D50EF
:10CC6000B91905EB8101DA1C0C8922440A81E7E736
:10CC7000032B0CBF052306230020A375111D009074
:10CC8000042304F10802854800F034FE0028D1D1C5
:10CC900061E623698148002B14BF032301234FF071
:10CCA000000CA37502F108010423CDF800C004F1C3
:10CCB0000C0200F01FFE0028BCD14CE6E388774848
:10CCC0004FF0010C84F816C04FF0000C02F10C017B
:10CCD0009B002269CDF800C000F00CFE00283FF454
:10CCE0003AAEA7E76F4BA0690392186000226C4927
:10CCF0005A601846FFF7DCFC039A002800F009810F
:10CD00000223A37511460423002200926348E2180F
:10CD100000F0F0FD00288DD11DE602230020A37550
:10CD2000042311460090E2185C4800F0E3FD00285F
:10CD30003FF411AE7EE75D4B0595C3E9005505AEA6
:10CD4000237848F20160C6E90155C6E90355B0E50C
:10CD500048F209600023C6E90033C6E902333361B3
:10CD60002378A6E5524B534A19684C480023009398
:10CD70000724C9F80430082389F8004000F0BAFD00
:10CD80002FE74B4AD9F804109388498803330B44A2
:10CD90000221938089F80010FFF734FD21E7B9F8EC
:10CDA00002203C4D9300134405EB83050023696882
:10CDB000394A009306240823384889F8004000F0D7
:10CDC00099FD0EE705AE0023B3600593C6E9033372
:10CDD00048F20E6305E62F4DB9F808202B78013292
:10CDE000B3FA83F300215B09A9F80820012289F82E
:10CDF0000A30A9F8021089F80B1089F800204BB10D
:10CE0000244DEB68002289F80A201BB92A7C002AED
:10CE100040F0898005AED8F800400020706089F8A5
:10CE20000000A9F80200C9F804000590C6E9020054
:10CE3000306123783DE5012389F8003099F80A3004
:10CE4000DDE7B9F80220134D19489300991805EB56
:10CE5000810104684F6886884C60022407600E8157
:10CE60008480A0E7013B062BACD801A252F823F046
:10CE7000E9CE030099CD0300DFCB030009CC03000A
:10CE8000C5CD03009FCD030065CD0300E38848F2C4
:10CE90000E60E5E6884100209C5E04005C230020D3
:10CEA000EE4300204C410020985E040048420020E0
:10CEB0003C420020A45E04001D4A05AE012313700D
:10CEC000002353600593C6E902333361DDE5039B1C
:10CED00003EB830B05EB8B0501232B743BE5D8F8A3
:10CEE000004048F20D6035E799F80A3087E7114CA9
:10CEF00000950699104A1148A488042300F0FAFC12
:10CF00000028ECD10E4B04EB840403EB840427745B
:10CF100021E505AE0590C6E90100C6E903002378C6
:10CF200048F20960C5E4A9F80230FFF76BFC58E647
:10CF30006841002048420020985E04005C230020E5
:10CF4000884100204068FFF76FBC00BF08B5012191
:10CF5000044800F097FC00B108BDBDE80840FFF7A9
:10CF600063BC00BF384200202DE9F0474E4C2478C6
:10CF700082B0002C4FD0002969D00D884FF6FF7485
:10CF8000A54243D04C88002C40D04C68A40763D104
:10CF9000002A45D0B2F800905788804601A81E4666
:10CFA0000C46FFF737FB054600285DD06368036138
:10CFB0004FF0000A0670A0F8149080F816A0012126
:10CFC0003A4800F06BFC22886388AB80032EE8604F
:10CFD0002A81EF8058D0A5F80AA001A93448FBF7B0
:10CFE000DDFBB8F1000F0BD0324AEB681289C8F8AC
:10CFF00000300023A8F80820C8F8043088F80A3068
:10D00000FFF7A4FF002002B0BDE8F08748F20360FC
:10D0100002B0BDE8F08748F2016002B0BDE8F087D9
:10D020000F89FA1C92B240F2FE34A24219D8224D66
:10D030002E78B6BBB5F80AC02C8964441444A4B257
:10D04000B4F5806F2DD862446A81B146A5E748F2F5
:10D05000046002B0BDE8F08748F2026002B0BDE8AB
:10D06000F08748F20860D3E7134B09EB890903EB1B
:10D070008909C7F57F47B9F80A30FD371F44A9F879
:10D080000A7048F20760C3E7D8F80030AB610422A9
:10D09000AA750DEB0201A5F80AA00548FBF77EFB77
:10D0A000A2E748F20660B3E7684100208041002013
:10D0B0002842002070410020884100208368F0B59C
:10D0C00001334FF002040C8015D01B4F00F5805542
:10D0D0004FF6FF7608304FF0010CB0F802E00EF189
:10D0E000030400EB8404A54206D20AB101231370A5
:10D0F0004FF480630B80F0BD8388B34216D0038861
:10D10000A3B183685C1C11D03C689C4200D23B6098
:10D110000B88033373440B804388033300EB830095
:10D120008542E8D903680133D7D1F0BD002AEFD09A
:10D1300082F800C0ECE700BF8041002038B5094B01
:10D140001A68042A0AD01D68074C024601211846B5
:10D1500044F8252000F0A2FB002038BD48F20B6007
:10D1600038BD00BF44420020584100202DE9F04F57
:10D170009B4C89B022780023CDE90333CDE90533F8
:10D18000079372B1974C04F1100554F8043B03A8BF
:10D1900003B19847A542F8D10025284609B0BDE85B
:10D1A000F08F201D02F0FF0600F090FB07460028DC
:10D1B000F2D140F6F8731B685D1C00F09D804FF0C3
:10D1C000805211695269DFF848828749C8F81030E7
:10D1D0004046A3F500530022C8F80C3000F082FB53
:10D1E00005460028D9D11C238C2280498048FBF7B2
:10D1F00091FAA9464FF0020BAA46D8F80C3019EB69
:10D20000030C59F803204CD07A4B9A4200F08280EC
:10D2100001324BD078480AEB8A0300EB83020321EA
:10D220000BF1FF3B0AF1010A00F823101FFA8BFBF8
:10D230001FFA8AFAC2F804C009F58059B9F5005FEF
:10D24000DBD1BBF1010F62D9FFB2022F5FD0062FF5
:10D2500000F09180002F5AD002A8FFF7DBF90028D8
:10D2600000F0BA800123013F03700A2F09D8DFE8DC
:10D2700007F0120812080F080F0815061500022300
:10D28000037102A95A48FBF789FAFFF75FFE84E7AA
:10D2900001230371F5E700230371F2E70323037110
:10D2A000EFE7531C02D0534B9A42B3D10CF1040365
:10D2B0000CF580511A68013203F10403AAD1994296
:10D2C000F8D14E4B1A68002A7ED04B4ADFF838E17D
:10D2D0000AEB8A0302EB830110460222C1F804C064
:10D2E0000A8100F823200AF10101AEF802A01FFA1A
:10D2F00081FA47F001079FE7414B4FF080521B68CE
:10D3000011695269581C08BF02FB01F35BE748F240
:10D310000A6542E7DCF804303A498B423AD00131E1
:10D320008B42BED1002E55D0374A344BA2F802A012
:10D33000314A196801910AEB8A0E02EB8E01084608
:10D34000022102F82E1002460AF1010A01985060EB
:10D3500011811FFA8AFA604600222C49C3F800C0E6
:10D360000193FFF7ABFE019B9B88022B14BF0823A0
:10D3700004231F4360E71B4D01220023227005F1A7
:10D380001006636055F8043B03A803B19847B54203
:10D39000F8D101E70AEB8A0217489300002100F850
:10D3A00022100146184403F1100208330A44C0F861
:10D3B00004C0194460460AF1010AFFF77FFE47F0F6
:10D3C00002071FFA8AFA37E70222C3F800C09A80E0
:10D3D00001268EE7094BBEE748F20765DDE600BF90
:10D3E0006841002058410020B85E04009C410020A4
:10D3F00028420020DEC0ADDE884100203C420020F3
:10D4000014100010FE011EF1704100204042002067
:10D410005C23002010B309B370B582B00C460DF147
:10D4200006010546FFF744F9A0B1BDF806000D4B13
:10D430006E6800EB800003EB800001210C3000F0EF
:10D440002DFA6B6826600C33012200206360AA72FB
:10D4500002B070BD48F2096002B070BD48F20460CD
:10D46000704700BF88410020F0B110B582B00DF1C7
:10D4700006010446FFF71CF990B1BDF806300E4ACC
:10D4800003EB830302EB8303DA6882B1A27A72B101
:10D49000DA680021013A0846DA60A17202B010BDD4
:10D4A00048F2096002B010BD48F20460704748F2CB
:10D4B000056002B010BD00BF884100200223002299
:10D4C000FFF752BD18B103230022FFF74DBD48F20C
:10D4D00004607047124B1B78DBB14FF6FF73984224
:10D4E00014D010B582B0044601A8FFF793F898B1A4
:10D4F0000522012302700371C48001A90948FBF7CA
:10D500004DF9FFF723FD002002B010BD48F2036083
:10D51000704748F20160704748F2076002B010BDE2
:10D520006841002028420020114B1B78A3B100B5B0
:10D5300083B001A8FFF76EF8A0B10623037001A91C
:10D540000C48FBF72BF90C4B1A7842B9FFF7FEFC9D
:10D55000002003B05DF804FB48F20160704701222F
:10D56000DA72F3E748F2076003B05DF804FB00BF2E
:10D5700068410020284200207041002010B50C4C6A
:10D5800082B0ADF806002078ADF8041060B13AB171
:10D5900033B101A90DF10600FFF7D4F802B010BDB8
:10D5A00048F2046002B010BD48F2016002B010BD44
:10D5B0006841002000B50E4B83B01B78ADF8060023
:10D5C00083B151B14AB1134600200A460DF106015C
:10D5D000FFF7B8F803B05DF804FB48F2046003B04D
:10D5E0005DF804FB48F2016003B05DF804FB00BF86
:10D5F0006841002000B50E4B83B01B78ADF80600E3
:10D6000083B151B14AB113460DF106000A4600211B
:10D61000FFF798F803B05DF804FB48F2046003B02C
:10D620005DF804FB48F2016003B05DF804FB00BF45
:10D630006841002020B119B103680B6000207047D9
:10D6400048F20460704700BF3F4B1B78002B6ED040
:10D6500000286FD0F0B43D490025C0F80250C0F852
:10D660000650C0F80A504E890B894C68C0F80E501D
:10D67000334402229BB202801CB1354A2568954290
:10D680005BD001220280CD680289418847893244FB
:10D690000D4486890281C3F5806189B2A268458004
:10D6A0008E423B4438BF81810132438104F5805171
:10D6B00004F108032BD06289033203EB820291420A
:10D6C0001BD34FF6FF759A88AA4223D01A880AB353
:10D6D0009A6801321ED08288013282805A880332D1
:10D6E00003EB8203994212D91A6801320FD05A888B
:10D6F000033203EB82029142E5D2C489C288CB1A7D
:10D7000004EBA30301320121C381C2800174002014
:10D71000F0BC7047C488C2890134C4805C8803327D
:10D720002244C2815A88033203EB8203DAE748F2CB
:10D730000160704748F2046070476568054A2A44F2
:10D74000012AA0D99DE700BF684100208841002040
:10D75000DEC0ADDE02FEE10E01F01F024B09012129
:10D7600000EB8300914000F075B800BF10B50123B5
:10D7700001F01F04490900EB810003FA04F100F0F5
:10D780005DF8E04000F0010010BD00BF01F01F0295
:10D7900001234909934000EB8100D94300F066B8AA
:10D7A0004B0901F01F0150F82300C84000F00100B0
:10D7B000704700BF2DE9F84301F1FF384FEA5813D5
:10D7C00000F104080F46064608EB830804460025CE
:10D7D00023686FEA030999FAA9F9B9FA89F9B9F145
:10D7E000200F18D0A9444F450CD814E02368DB4320
:10D7F00093FAA3F3B3FA83F3202B05EB03090AD0C2
:10D800004F4508D949463046FFF7B0FF0028EDD113
:10D810004846BDE8F8830434444505F12005D7D1D6
:10D82000B9464846BDE8F88350E8002F0B4640E86B
:10D83000003C9CF0000FF7D11046704750E8002FD5
:10D8400042EA010340E8003C9CF0000FF6D110468C
:10D85000704700BF50E8003F43EA010240E8002C57
:10D860009CF0000FF6D11046704700BF50E8003F13
:10D8700003EA010240E8002C9CF0000FF6D11046AC
:10D88000704700BF50E8002F02EB010340E8003C66
:10D890009CF0000FF6D11046704700BF50E8003FE3
:10D8A00003EB010240E8002C9CF0000FF6D110467B
:10D8B000704700BF50E8003FA3EB010240E8002C96
:10D8C0009CF0000FF6D11046704700BF012350E8CE
:10D8D00000CF4CEA030240E8002191F0000FF6D19E
:10D8E0006046704720B119B101600B6811461847B6
:10D8F0000E20704750B32DE9F0414AB3D0F800E054
:10D90000BEF1000F27D01D4673B14768D7F80480D9
:10D91000B3FBF8F708FB173737B942EA0104A4074D
:10D9200005D01020BDE8F0810920BDE8F081C46871
:10D93000A142F6D301F1FF3C04696544A542F0D849
:10D94000DEF80C40A446BDE8F04160470E20704769
:10D950000E20BDE8F0810820BDE8F08100B3D0F8CA
:10D9600000C0F0B5BCF1000F1CD0AAB14768D7F8D1
:10D9700000E00EF1FF370F4210D1C768B9420DD356
:10D980004D1E04690EFB0255A54207D8DCF8104075
:10D99000A446BDE8F04060470920F0BD1020F0BD6E
:10D9A0000E2070470820F0BD29DF704728DF704740
:10D9B00003689A6832B330B50479856887B000236C
:10D9C000019102930093CDE9033305956CB1012CCD
:10D9D00007D1C368416904911B03022102938DF8AA
:10D9E00000106846904707B030BDD0E90314436982
:10D9F000049301258DF80050CDE902416846904717
:10DA000007B030BD704700BF084670470020704720
:10DA1000024B187A003018BF01207047EC420020FA
:10DA2000034B187A0122B0FA80F05A74400970470B
:10DA3000EC42002008B510461A4605F019FB0020FC
:10DA400008BD00BF10B5064B06480024C3E90044DA
:10DA5000C3E902441C61FAF775FE204610BD00BF01
:10DA6000EC420020DC42002010B5094C094B436019
:10DA70002046FFF72BFF40B9FEF7FCF81C2320746B
:10DA80008C2205490548FAF745FE002010BD00BF6D
:10DA9000EC420020AC5E040050420020DC4200203A
:10DAA00038B5254C237AFBB1244B1B681A79022127
:10DAB000217222B3012A0AD1D3E903021044FFF7ED
:10DAC00075FF80B3112802D10123237238BD184697
:10DAD0000321FFF76DFF0023237263601849194883
:10DAE000BDE83840FAF774BE15491648FAF766FEE5
:10DAF000124A034610600028D8D1606038BDD3E9CF
:10DB00000525521BB2F5805F28BF4FF48052D3E940
:10DB100003109208012A38BF012229442844FFF744
:10DB200043FF0028CED1237C002BCFD10220BDE8BB
:10DB3000384000F009B800BFEC4200200443002048
:10DB400000430020DC42002010B5234C237AA3B10F
:10DB5000022B08D1022811D0032804D1E368013335
:10DB6000082B1CD8E360637C1BB1BDE81040FEF7B6
:10DB700071B8BDE81040FFF793BF10BD174B186890
:10DB800003790022E260D3B1012BECD1D0E9043259
:10DB9000013393420361E6D10021217205E00F4A6F
:10DBA00000231068E36023720D21FFF701FF0C4989
:10DBB0000C48FAF70DFE637C002BD6D1D9E7D0E9EB
:10DBC0000523D11AB1F5805F94BF5B1803F580532C
:10DBD0009A428361C7D1DFE7EC4200200443002072
:10DBE00000430020DC420020831E012B00D9704737
:10DBF000FFF7AABF00F0FD03012B00D07047A0F192
:10DC00000100044BB0FA80F04009002218745A74E5
:10DC1000FFF746BFEC42002010B5064C201DFFF771
:10DC200055FE08B9637C03B110BDBDE81040FFF795
:10DC300037BF00BFEC4200202DE9F04383B081469E
:10DC40000D46114801A917469846FAF79DFDB0B157
:10DC5000002401232D0B446001A903710461846138
:10DC6000C560C0F80090C0F8088047610648FAF720
:10DC700095FDFFF7D1FF204603B0BDE8F0830420F7
:10DC800003B0BDE8F08300BFDC4200202DE9F04185
:10DC900082B080460F46104801A916461D46FAF785
:10DCA00073FDA0B10024089B83604460C0F800802D
:10DCB000C0E90367456101A9846104710648FAF768
:10DCC0006DFDFFF7A9FF204602B0BDE8F0810420FA
:10DCD00002B0BDE8F08100BFDC42002013DF7047D6
:10DCE00040F6F8731868421C01D0FFF7F7BF034BEA
:10DCF0001868431CF9D10420704700BF14100010AD
:10DD00000148FFF7EBBF00BF00C00100A0DF704774
:10DD1000A1DF7047ADDF7047B3DF7047B4DF7047F6
:10DD200010B50446408800F0F5FDA0802046BDE80F
:10DD30001040FCF76FBC00BF70B54FF6FF728AB0A1
:10DD400000249042CDE90044CDE902440494ADF8AA
:10DD5000020001D10AB070BD054600F027FC0B2877
:10DD6000064629D00FD911280BD043F2020398425E
:10DD700012D12246144B28461978FBF749FB0AB00A
:10DD800070BD0122F6E738B90E2368468DF80030E1
:10DD9000FFF7C6FF3246EDE70024072305A8CDE9CB
:10DDA00005440796ADF81650CDE908448DF81430B7
:10DDB000FFF7B6FF2246DDE70F2368468DF80030F7
:10DDC000FFF7AEFF2246D5E718440020FFF7B4BFA7
:10DDD0002DE9F0474A4E88B031780546FBF7FCFA4A
:10DDE00010B108B0BDE8F0870446284600F044FCB6
:10DDF000082839D017D8002863D006281DD1284616
:10DE000000F088FD00F054FC00273E4B3A4619789C
:10DE10002846FBF7FDFA224631782846FBF7F8FA48
:10DE200008B0BDE8F08743F20203984215D043F2F0
:10DE30000143984213D011280FD00023CDE90333BA
:10DE40000590CDE9063303A80723ADF80E508DF8F1
:10DE50000C300127FFF764FFD7E70127D5E72846F5
:10DE6000FFF76AFF0127D0E70DF10600FFF754FF27
:10DE7000BDF80630012BC2D9274601230DF1080851
:10DE80004FF0020942F6021A07E0524529D0013349
:10DE9000BDF806209BB29A42B1D9414600221846ED
:10DEA000CDE90398FFF73AFF42F605210028A6D1F5
:10DEB000BDF80820002FE8D1571AB7FA87F77F0975
:10DEC000E5E7CDE90344CDE9054407941023012497
:10DED00003A8ADF80E508DF80C302746FFF720FF51
:10DEE00093E7194603AA01AB28460493FFF712FFF4
:10DEF000002884D1BDF80430002B80D085E700BF16
:10DF00001B4400201A44002010B582B0044600F0E3
:10DF100001FD00236A460921FBF7DCFD052801D03D
:10DF200002B010BD034B204619780122FBF770FAAE
:10DF300002B010BD1644002030B50E4B83B002AACB
:10DF40001B6842F8043D42F6A624002501236946D9
:10DF5000ADF80250ADF800408DF802300446FFF7EE
:10DF6000D5FE28B904491A4620460978FBF750FA2D
:10DF700003B030BDD85E04001544002030B5012147
:10DF800087B005462648FFF74FFCBFF35F8F08B107
:10DF900007B030BD0446284600F0BAFA11280346FF
:10DFA0001BD012D986282ED043F2020290421BD1F8
:10DFB0001C4B224628461978FBF72AFABFF35F8FDD
:10DFC000174B00221A6007B030BD68B915490246E8
:10DFD00009782846FBF71CFADAE7124B284619782D
:10DFE0000122FBF715FAE9E70024CDE904440722F2
:10DFF000CDE9014401A80393ADF806508DF8042043
:10E00000FFF78EFED4E70623CDE9014401A8ADF861
:10E010000650CDE9034405948DF80430F0E700BFC5
:10E02000084300201944002038B5037803B138BDF7
:10E0300004464088FFF780FE6588284600F006FB0E
:10E0400028B10C4B284619780122FBF7E1F96088CA
:10E05000FFF75AFF084B094918780022FBF702FA2C
:10E0600002460028E3D1064B06491878BDE838403F
:10E07000FBF7F8B91A440020194400207DDF0300A3
:10E080001644002039DF0300F0B50378082B83B075
:10E090000ED0294C207829490022FBF7E3F90246EB
:10E0A00020B9274B27491878FBF7DCF903B0F0BDFE
:10E0B000437A0446002BECD1057A072D22D0082D97
:10E0C00031D0012DE5D16A4629468088FBF79EFFB5
:10E0D00006460028DDD1019B1B78002BD9D0A088F3
:10E0E00000F08AFC4FF6FF739842D2D0164F124CC4
:10E0F00039782A46FBF78CF9324638781349FBF712
:10E10000B1F9C7E780880C4C00F076FC4FF6FF733E
:10E1100098420546BED001222178FBF779F92846BE
:10E12000FFF7F2FEB6E70A4A11680129B1D1BFF341
:10E130005F8F014C1360ADE7194400207DDF0300C1
:10E140001644002039DF03001A440020D1DD03000B
:10E15000084300202DE9F843FBF734F91E4C1F4D0E
:10E160002070FBF72FF92870FBF72CF91C4E1D4F80
:10E170003070FBF727F93870FBF724F9DFF870806F
:10E18000DFF8709088F80000FBF71CF989F80000B0
:10E19000FBF718F92378144A182B107019D02B7834
:10E1A000182B16D03378182B13D03B78182B10D09F
:10E1B00098F80030182B0CD099F80030182B08D0A4
:10E1C000182806D0094B00201860BFF35F8FBDE808
:10E1D000F8830320BDE8F883194400201844002088
:10E1E0001A4400201B44002017440020084300204C
:10E1F000164400201544002070B5114B82B0002455
:10E2000022460D4601261978CDF802400923ADF8C3
:10E2100000608DF802300646ADF80640FBF7F8F8CE
:10E22000084B09493046A54208BF1946019100F044
:10E2300071FB22466946FBF7BDFC02B070BD00BF12
:10E2400016440020DC5E0400E05E040070B5038824
:10E250008588353B86B004461F2B23D8DFE803F0C2
:10E260005210222222222222222222222222222270
:10E2700022222222222222222222226722862230C7
:10E28000494E28463178FBF7A7F858B1317800227B
:10E290002846FBF7BDF8E18800296CD0002128460C
:10E2A000FFF7AAFF414C424B424918780022FBF786
:10E2B000D9F8207840490022FBF7D4F806B070BDA9
:10E2C000002611232846CDE90166CDE903668DF8C5
:10E2D0000430ADF80650059600F01CFBADF80800C0
:10E2E00000F0E6F9354B314C197832462846FBF7F9
:10E2F0008FF8284632462178FBF78AF801A8FFF705
:10E300000FFDD0E72E4E28463178FBF765F8002840
:10E31000C8D0002231782846FBF77AF8E288002A34
:10E3200031D028460021FFF767FF204CBBE7037B75
:10E33000012BB7D1827A012AB4D1018942F60213A6
:10E340009942AFD11F4C28462178FBF761F8002293
:10E3500020781D49FBF786F802460028A2D11B4B06
:10E360001B491878114CFBF77DF89CE72846FFF70E
:10E37000E3FC0E4C97E7E389012B90D1217C00311F
:10E3800018BF01218BE7A389012BCAD1E189284657
:10E39000FFF7BEFC0028C4D1034A044C117828467C
:10E3A0001A46FBF735F87EE7174400201A44002090
:10E3B00018440020CDDD0300D1DD03001B44002004
:10E3C00015440020194400207DDF0300164400207E
:10E3D00039DF03002DE9F0418CB000F029F901A8E4
:10E3E000FAF7D0FF019EDFF85480DEB100244FF62B
:10E3F000FF7703E00134A4B2B44213D20CAB03EBB9
:10E40000440333F8285C284600F084FAB842F1D17E
:10E4100001342846012298F80010A4B2FAF7F8FF58
:10E42000B442EBD398F80000034900220CB0BDE8D9
:10E43000F041FBF717B800BFD1DD03001A440020FC
:10E44000AFDF7047B1DF7047B2DF7047B3DF7047AF
:10E4500010B50446808800F0CFFA60802046BDE801
:10E460001040FCF7EBB800BF70B51D4B1D4C93E896
:10E470000300238888B04FF6FF7501AEAB4286E8F3
:10E48000030007D122E02088FBF7F0FBA8420346F7
:10E4900020801BD0184600223146FBF78BFB034639
:10E4A0000028F0D00022218807921128CDE903220C
:10E4B000CDE90522ADF8101008D0862B03A807D0AF
:10E4C000072205938DF80C20FFF7C2FF08B070BD3E
:10E4D00006238DF80C30FFF7BBFF08B070BD00BFFE
:10E4E000E45E0400F0430020044B1A884FF6FF73EB
:10E4F0009A4201D0FFF7B8BF704700BFF043002039
:10E50000024B4FF6FF721A8000207047F043002044
:10E510002DE9F04182B0074600F0FCF94FF6FF7399
:10E5200098423CD0064601244FF003086B46224631
:10E5300008213046FBF76EFD03230546F0B9019A2A
:10E540003846911D42F8048BFFF77EFF01340346E5
:10E550000821D8B10C28304603D1A4B2FBF7C2FD84
:10E56000E4E70821052B18BF1D46FBF7BBFD00287B
:10E5700018BF0325284602B0BDE8F081072814BF64
:10E5800005460C25284602B0BDE8F08132463046EB
:10E59000FBF7B2FD0546284602B0BDE8F08143F224
:10E5A0000205284602B0BDE8F08100BF2DE9F04128
:10E5B00082B0074600F0AEF94FF6FF73984227D1BC
:10E5C0000026354603244FF00108234632462946EB
:10E5D0003846FFF737FF04280AD008280AD00B284E
:10E5E0000AD0B8F1000F08BF0B2002B0BDE8F081DF
:10E5F0001120F6E70020F4E714F0020406D195B1EB
:10E600002646254603244FF00008DEE70124FAE7FA
:10E610006A460821FBF7FAFC0028D1D1019DAE889B
:10E620002C680635CFE7002EDFD02E460324EAE71C
:10E6300008B54FF6FF70FBF719FB034B1880BDE8D8
:10E640000840FFF711BF00BFF043002000B585B0C0
:10E650000DF10703039300F05DF902AA0121FBF716
:10E66000D5FC20B9039B187805B05DF804FB0020A9
:10E6700005B05DF804FB00BF38B50C4B04461846E6
:10E68000FFF7E4FE78B9198843F203054FF6FF72ED
:10E690002046FFF7D5FEA84200D038BD19880131C9
:10E6A00089B21980F2E7032038BD00BFF243002091
:10E6B00010B5074B044693E8030082B06B4683E82D
:10E6C0000300002219462046FBF774FA02B010BD81
:10E6D000EC5E04006EDF70476FDF704746DF704707
:10E6E0002DE9F04F9BB050240394DDE92459002A12
:10E6F0005FD0002B58D000241C6001240194002D11
:10E7000055D0B9F1000F5FD00024C9F800404FF098
:10E71000010B00240DF11808CDE9044800294AD066
:10E72000C1EBC1015F46144602EB010A861E9B46FF
:10E7300025E09DF82910032941D8019959B152F8D3
:10E740003F1D216091889279A180A271DBF80020A1
:10E750000132CBF8002007346FB153F84F2D2A60F7
:10E7600059689A68DB686960AA60EB60D9F8003084
:10E770000133C9F80030544505F110051BD0502273
:10E780000021404604F098FC03AB04AA072136F8A8
:10E79000020FFBF79FF920F002001AAB05281A467A
:10E7A000C7D11BB0BDE8F08F0193002DA9D1AB46B6
:10E7B000AFE70192A3E700201BB0BDE8F08F43F262
:10E7C00002201BB0BDE8F08FCB46A2E7F8B50C4D98
:10E7D0000746002401E0142C0ED02B88BB42A6B2C1
:10E7E00005F10A0504F10104F5D13046FAF734FDCC
:10E7F0000028F0D03046F8BD4FF6FF763046F8BD21
:10E800000C43002090B191B108B50A7803785340C9
:10E8100013F0FE0F08D101310622013004F019FC7B
:10E82000B0FA80F0400908BD002008BD70470846D6
:10E83000704700BF2DE9F0414C1C0E4605462146AD
:10E840000130102205F1110706F1110804F001FC56
:10E8500008BB2B4605F1100101E08B421BD013F8D9
:10E86000012F002AF9D073784BB9214606F1100226
:10E8700001E091420FD011F8013F002BF9D0414641
:10E880003846FFF7BFFF6B7C03F0FE03042B1ED15D
:10E890000120BDE8F08141463846FFF7B3FF6B7CAD
:10E8A00003F0FE03042B0FD00022062B09D0737C4B
:10E8B00003F0FE03042B04D0062B08BF1046BDE86E
:10E8C000F0811046BDE8F0810020BDE8F081012212
:10E8D000EBE700BF70B584B006460D46FBF734F990
:10E8E00002AA0DF106010720FBF736F960B1BDF869
:10E8F0000640AC423046F3D00399FFF79BFF002857
:10E90000EED0204604B070BD4FF6FF74204604B030
:10E9100070BD00BF13280DD810B50446FAF79CFC53
:10E9200028B104EB8403054A32F8130010BD4FF6FA
:10E93000FF7010BD4FF6FF70704700BF0C43002002
:10E94000132816D838B504460D46FAF785FC68B189
:10E95000094A04EB840302EB4303002053F8022F1F
:10E960002A609A889B79AB71AA8038BD43F2020075
:10E9700038BD43F2020070470C43002038B50588CB
:10E980004DB9821C00F10A0412F8013B1BB99442F4
:10E99000FAD1002038BD0B88AB42FAD102310822EF
:10E9A000023004F056FBB0FA80F0400938BD00BFD9
:10E9B00030B585B00546FBF7C7F80CE0039C284648
:10E9C00004F14601FFF7DAFF04F12A0178B928467D
:10E9D000FFF7D4FF58B902AA0DF106010720FBF793
:10E9E000BBF80028EAD14FF6FF7005B030BDBDF886
:10E9F000060005B030BD00BF4FF6FF73984201D04E
:10EA0000FFF7E4BE704700BF132804D800EB800076
:10EA1000014B23F8101070470C43002070B54FF6DF
:10EA2000FF75A84203D1BDE87040FBF7AFBA0446BA
:10EA3000FFF7CCFE06462046FBF7A8FA30B9132EA6
:10EA400004D806EB8606024B23F8165070BD00BFB3
:10EA50000C430020082961D82DE9F0410546CEB0CD
:10EA60000E4600B139B9002211461046FFF734FEB8
:10EA70004EB0BDE8F08120AC5023B82200210CAF8D
:10EA800020460193039704F017FB0DF1AE010DF141
:10EA9000C5020DF19703069107920DF1F3010DF5F3
:10EAA0008572CDE90443CDE9091237AB08930DF225
:10EAB00021130B9305EB460850220021384604F041
:10EAC000FBFA01AB02AA072135F8020BFBF702F8AB
:10EAD00020F002000528CBD07B7C032B20D8DDF86A
:10EAE0003130DDF8352023606260DDF83930DDF843
:10EAF0003D20A360E260DDF84130BDF845109DF88F
:10EB0000472023614545A182A27504F11704D3D1A2
:10EB1000F2B204A80021FFF7DFFDA9E70720704744
:10EB200043F20220A4E700BFF0B5254B00249BB0C0
:10EB3000C3E90044C3E9024408B10D4641B90023CA
:10EB4000204A194618461370FFF7C4FD1BB0F0BDEC
:10EB50000646DFF870C018464A00CFB231468CF83E
:10EB6000007004F085FA382221460CA8039404F0C2
:10EB7000A3FACDE90044294630460CAA03ABFFF7BF
:10EB8000AFFD0028E2D10DF137020DF13E030DF18A
:10EB900045000CAC0494059206930DF15A020DF158
:10EBA00061030790394613AD0DF1530404A8CDE974
:10EBB0000854CDE90A23FFF78DFD1BB0F0BD00BF5F
:10EBC000D44300201C44002030B58DB010300DF12E
:10EBD000FF330DF10F0510F8014D03F8014FAB4263
:10EBE000F9D100230D784C78897806936846CDE9F1
:10EBF00004338DF81C308DF81D108DF81F508DF8E2
:10EC00001E40FFF76BFD9DF82F009DF82E109DF81C
:10EC10002D301070517093700DB030BD30B503467B
:10EC200085B030F8015F33F8042F84789B78ADF815
:10EC30000C20084602AA03A98DF80E30ADF8045046
:10EC40008DF80640FFF7C0FFBDF80420BDF808307E
:10EC50009A4204D0012080F0010005B030BD9DF83B
:10EC600006209DF80A309A42F4D1002080F001007D
:10EC700005B030BD0388102B00D07047F0B5041DDF
:10EC80000FCC91B006AD0FC50FCC0FC59DF81C3051
:10EC900094E8030003F0FE03062B85E8030014D17B
:10ECA000BDF818304849079803EB83035B004FF623
:10ECB000FF74CC52CA18BDF820409DF82210117282
:10ECC000C2F80200D48011B0F0BDFAF73DFF9DF804
:10ECD0001C305B08012B25D9022BE1D107AE01AC1A
:10ECE0000DF1020505E09DF81C3003F0FE03042B36
:10ECF0005DD0224629460720FAF72EFF0028F2D1E0
:10ED0000BDF81830304A0798B488B17903EB830313
:10ED10005B004FF6FF75D5521344C3F80200DC8048
:10ED20001972D0E701AC0DF10205224629460720F1
:10ED3000FAF712FF002844D0029911F1110FF4D014
:10ED40004E7C9DF81C30734013F0FE0F4FF006020E
:10ED500001F112010DF11D00E7D104F07AF900284C
:10ED6000E3D1BDF8021007AEBDF81820164F079882
:10ED700002EB82035B00FD18F952AB1CC5F80200E0
:10ED8000B08898804FF6FF70B5799D7181429AD016
:10ED900000232046ADF80620ADF808108DF80430A9
:10EDA000FBF74EFC2046FFF73FF911B0F0BD02998A
:10EDB00030460131FFF732FF00289AD0BDF802102B
:10EDC000D2E707AE9CE700BF0C4300202DE9F84FC7
:10EDD000DDF828904A45904638BFC846B8F1000F84
:10EDE0001BD09B468A4605461746002406E0A145EF
:10EDF00088BF0BF80400013444450ED02B68A742AD
:10EE000088BF1AF804101E6998BF00212846B04731
:10EE10000028ECDA0248BDE8F88F0020BDE8F88F42
:10EE20000AFCFFFF30B583B00468069D0095646955
:10EE3000A047044A0446DDE90701EFF755F82046EC
:10EE400003B030BD61E2020082B070B50C4684B000
:10EE500005464968206802AC03C4039908AC481011
:10EE600084E80C00CB0745BF2A58029B029CD4586B
:10EE70000AAB2E1893E803008DE8030008AB0CCB17
:10EE80003046A04704B0BDE8704002B0704700BFF4
:10EE900082B0D0B50699C16000F1100400260027A9
:10EEA000C0E9086704A9204681E80C00EFF7BEFA24
:10EEB0002046BDE8D04002B0EFF76CBA82B038B55A
:10EEC000D0E9084504A981E80C0054EA050303D100
:10EED000BDE8384002B070470446F1F709FAD4E9BA
:10EEE00008238B4208BF8242F2D2002304F11005AE
:10EEF00000200021C4E90801E3602846EFF796FAF4
:10EF00002846BDE8384002B0EFF744BA70B5044671
:10EF100000250A4B036000F1100681602A4601219A
:10EF2000304625716571EFF72BFA3046E560E562F2
:10EF300084F82850EFF72EFA204670BD045F0400D5
:10EF40002DE9F041044682B00E4615461030984631
:10EF5000BDF82870F4F7DAFD26806580182004F0EB
:10EF600050F808AB054693E803006A4682E80300C0
:10EF70002E4603CA46F80C8B0023084AEB6047F084
:10EF80000207736068602046A780A560E360C4E95B
:10EF90000833A9606A6102B0BDE8F08149EE030060
:10EFA0002DE9F04385B0BDF838806BB30C9C44B3B9
:10EFB0000F2902D1B8F1C00F26D1064628201C46E1
:10EFC0000D46174604F01DF80CAB814693E803008C
:10EFD0003A468DE803002346CDF808802946484686
:10EFE000FFF7AEFF33680E4A5B6893420FD1484685
:10EFF000EFF73AFB484603F0FDFF0A4805B0BDE8CD
:10F00000F0830D9CE407D3D46FF47A70F6E73046B2
:10F01000494698470028EAD105B0BDE8F08300BF13
:10F02000B5D7020016FCFFFF2DE9F04390F8283019
:10F0300089B004460D469BB1002D4FD1002200231C
:10F04000C4E908230023E36004F11000EFF7A2F9FC
:10F05000E0682F4B002808BF184609B0BDE8F083D0
:10F0600080682C4A03685B6D93424CD12A4B049311
:10F070004FF0000804AACDF81480284FC688B0F8D5
:10F0800008C03B68DFF89C9092E8030016F4807F8C
:10F090004FF0C0068DE803000CBF05220422614634
:10F0A000184602962346FFF77BFF1D4B3A68CDE9D1
:10F0B000063808AB13E9030023468DE803000296E7
:10F0C0001046232142F21072FFF76AFF99F80030D0
:10F0D00063B1012384F82830002DAFD0F1F708F98F
:10F0E000421941EBE573C4E90823ABE700932322FF
:10F0F00042F2107342F210700021F1F709F9012376
:10F1000089F80030E5E703219847A068AEE700BF23
:10F1100011FCFFFF4594020091EE0300D03B00205C
:10F12000BDEE03001D440020F0B52B4B81682B4E33
:10F13000CD88B1F808C0376893B00022CDE9063217
:10F1400006AB80F82820044693E8030015F4807F7E
:10F150004FF010058DE8030014BF0422052223465A
:10F160000295614608A8FFF7EBFE3B681C4D9B68C3
:10F17000AB4228D108A8EFF777FA1A4B0493002383
:10F18000059304AB93E80300366810238DE8030071
:10F19000029342F210722346232108A8FFF7D0FE03
:10F1A00033689B68AB4212D108A8EFF75DFA0021E3
:10F1B00000230020C4E90801E36004F11000EFF728
:10F1C00035F913B0F0BD384608A99847D2E7304664
:10F1D00008A99847E8E700BF91EE0300D03B002064
:10F1E00035DA0200BDEE030090F8283010B5044671
:10F1F0003BB923791BB1236820469B6898470020C0
:10F2000010BDFFF791FFF4E790F82830044A10B5DD
:10F21000044602600BB1FFF787FF204610BD00BF18
:10F22000045F040090F82830054A10B504460260D7
:10F230000BB1FFF779FF204603F0DCFE204610BD3E
:10F24000045F040041627047406A003018BF01202B
:10F25000704700BF4068704741600020704700BFA2
:10F26000F0B58B68CD699D42A8BF1D460C4683B0A2
:10F2700001222946064604F10C0701A8F4F75AFFBB
:10F2800001A93846F4F788FF01A8F4F77DFFE0688C
:10F2900061692A46043003F0EBFE6269E3692A449F
:10F2A0005D1B002D6261E5612BD1236A002BC4BF79
:10F2B00003F1FF33236293B1A3692269E361002B59
:10F2C000626104DD606A03681B689847E36933B1D3
:10F2D00039463046F4F750FF304603B0F0BD236A9C
:10F2E000002BF5D194F82830002BF1D004F12C003C
:10F2F000EFF788F839463046F4F73EFF304603B062
:10F30000F0BDDFDCE4E700BF38B504460C4B40F845
:10F310000C3B04F12C05F4F707FF284600220121DD
:10F32000EFF72EF8002101224FF480732846E463A2
:10F330006162C4E90123EFF72DF8204638BD00BF14
:10F34000185F040070B5456A9DF810608DB1002A01
:10F350000FDD73B1044628682362C4E90411036811
:10F3600084F82860C4E906222846984794F8283093
:10F3700003B970BD04F12C00BDE87040EFF70AB886
:10F3800010B582B000240094FFF7DCFF02B010BD7E
:10F39000024B1868BFF35B8F704700BFE443002047
:10F3A000024B1868BFF35B8F704700BFF02000204E
:10F3B00030B5214A21F00043934287B01BDD1F4A3C
:10F3C000934205DD02460B4602F024FF07B030BD34
:10F3D00002AADFF71DFE00F00303012B11D0022B60
:10F3E00023D0DBB10124DDE90423DDE9020100942F
:10F3F000E0F71EFEEAE700220023E0F7F1F807B08D
:10F4000030BDDDE904450093DDE9020122462B46CB
:10F41000E0F70EFE01F1004107B030BDDDE9042345
:10F42000DDE90201E0F7DCF8D0E7DDE90423DDE9FE
:10F430000201E0F7D5F8EDE7FB21E93FFFFFEF7FA1
:10F4400021F000431946704730B51F4A21F00043B0
:10F45000934287B01CDD1D4A934205DD02460B46F0
:10F4600002F0D8FE07B030BD02AADFF7D1FD00F0F0
:10F4700003000128DDE9042312D002281CD0A0B12A
:10F48000DDE90201E0F7ACF801F1004107B030BD61
:10F490000023009300220023E0F7CAFD07B030BD2F
:10F4A000DDE90201E0F79CF8DCE70124DDE9020177
:10F4B0000094E0F7BDFDD5E70124DDE902010094E9
:10F4C000E0F7B6FDE0E700BFFB21E93FFFFFEF7F7C
:10F4D00030B5144A21F00043934287B019DD124A37
:10F4E000934205DD02460B4602F094FE07B030BDA4
:10F4F00002AADFF78DFD440004F00204C4F1010408
:10F50000DDE90423DDE902010094E0F749FE07B0DC
:10F5100030BD0123009300220023E0F741FE07B035
:10F5200030BD00BFFB21E93FFFFFEF7F334A21F0F1
:10F5300000439342D0B506460F460C460DDD024609
:10F540000B4600202E4903F047F9002F4FF0000230
:10F550002B4B2EDB02F060FED0BD2A4A934207DD22
:10F5600027490020002CF7DA01F100431946D0BDED
:10F57000B3F1725F20DB244A934226DDFFF760FF80
:10F5800002460B4602F048FEE0F7EEFF00224FF085
:10F59000804302F041FE02460B4600204FF08041BE
:10F5A00003F01AF902460B460020154902F032FE1C
:10F5B000D8E702F02FFED0BD0022114B02F02CFE46
:10F5C00032463B4602F0DEFFD0BDFFF739FF002296
:10F5D0004FF0404302F0D6FFE0F7C6FF00224FF0A5
:10F5E0008043064601F1004702F016FE02460B4634
:10F5F0003046394603F0F0F8B4E700BFFFFFEF7F75
:10F600000000F03FFFFF3540FFFFEF3F70B5C1F353
:10F610000A56A6F2FF33132B0A4608DC002B1BDB2D
:10F620000F4C44FA03F3002022EA030170BD332B90
:10F63000044607DDB3F5806FF8D102460B4602F0B1
:10F64000EBFD70BD4FF0FF33A6F2134623FA06F62A
:10F65000114624EA060070BD002002F0004170BD92
:10F66000FFFF0F0000B585B0234A0190019B23F0F6
:10F67000004393421DDDB3F1FF4F08DBDDED017A5E
:10F6800077EEE77A17EE900A05B05DF804FB02A961
:10F6900001F06EFC00F00302012A14D0022A22D0ED
:10F6A000D2B101220399029802F084F907EE900A80
:10F6B000E8E7002101F0B4FD07EE900A17EE900A8A
:10F6C00005B05DF804FB0399029802F073F907EEA8
:10F6D000900AF1EE677AD5E70399029801F0A0FD50
:10F6E00007EE900ACEE70399029801F099FD07EE24
:10F6F000900AF1EE677AC5E7D80F493F00B585B0AB
:10F70000244A0190019B23F0004393421EDDB3F194
:10F71000FF4F08DBDDED017A77EEE77A17EE900A0E
:10F7200005B05DF804FB02A901F022FC00F0030023
:10F73000012816D0022823D0D0B10399029801F0F5
:10F740006FFD07EE900AF1EE677AE7E700220021ED
:10F7500002F030F907EE900A17EE900A05B05DF856
:10F7600004FB0399029801F05BFD07EE900AD5E7D0
:10F7700001220399029802F01DF907EE900ACDE7E5
:10F7800001220399029802F015F907EE900AF1EEB2
:10F79000677AC3E7D80F493F2DE9F043DFF8988037
:10F7A0008BB004460D46DEF72BF998F90030013393
:10F7B00006460F462BD022462B462046294603F00C
:10F7C0007BF9814618BB20462946FFF739FE002207
:10F7D000164B03F067F9D0B1154B1648019301227F
:10F7E000CDF820900092CDE90445CDE9024502F024
:10F7F00037F998F90030022BCDE906010CD06846A4
:10F8000002F02CF940B1089B5BB9DDE90667304690
:10F8100039460BB0BDE8F08302F074FC212303608D
:10F82000F1E702F06FFC089B0360EEE70000F03F99
:10F83000385F0400484B0400322300202DE9F043D8
:10F840008BB004460D46DEF72FFB244B93F9008066
:10F85000B8F1FF3F06460F460ED022462B46204603
:10F86000294603F029F9814630B900221C4B204675
:10F87000294603F0F9F820B9304639460BB0BDE807
:10F88000F0830022002301210091164ECDF8209034
:10F8900010461946CDE90445CDE90245019602F02E
:10F8A0009BFFB8F1020FCDE906010CD0684602F0CB
:10F8B000D5F840B1089B5BB9DDE9066730463946AB
:10F8C0000BB0BDE8F08302F01DFC21230360F1E7DB
:10F8D00002F018FC089B0360EEE700BF3223002013
:10F8E0000000F03F405F04002DE9F043DFF898800E
:10F8F0008BB004460D46DEF763FB98F90030013308
:10F9000006460F462BD022462B462046294603F0BA
:10F91000D3F8814618BB20462946FFF791FD002207
:10F92000164B03F0BFF8D0B1154B164801930122D6
:10F93000CDF820900092CDE90445CDE9024502F0D2
:10F940008FF898F90030022BCDE906010CD06846FB
:10F9500002F084F840B1089B5BB9DDE906673046E8
:10F9600039460BB0BDE8F08302F0CCFB21230360E5
:10F97000F1E702F0C7FB089B0360EEE70000F03FF1
:10F98000485F0400484B040032230020DEF748BDE6
:10F990002DE9F04FDFF8CCA08BB004460D46DEF722
:10F9A0002FFE9AF90030013306460F4637D0224623
:10F9B0002B462046294603F07FF8834678BB204635
:10F9C0002946FFF73DFD0022244B8046894603F07F
:10F9D0005FF820B3404649460022204B03F062F80E
:10F9E0009AF9006060B3CDE90445CDE902450121F3
:10F9F000002200231A4F0091CDF820B0104619467E
:10FA0000019702F0E9FE022ECDE906010CD068460E
:10FA100002F024F840B1089B6BB9DDE90667304677
:10FA200039460BB0BDE8F08F02F06CFB2123036078
:10FA3000089B002BF1D002F065FB089B0360ECE70C
:10FA4000022308900093064FCDE90445CDE9024515
:10FA50002046294600220023D2E700BF0000F03FE5
:10FA6000505F0400322300202DE9F04F8BB01D467B
:10FA700006460F46144600F07FFC294B93F900A080
:10FA8000BAF1FF3F8046894635D022462B462046B4
:10FA9000294603F011F870BB32463B4630463946E2
:10FAA00003F00AF8834630BB002200232046294693
:10FAB00002F0D0FFF8B11B4BCDF820B00122CDE908
:10FAC0000267CDE90445CDE90023BAF1000F17D054
:10FAD000002200231046194602F07EFEBAF1020F02
:10FAE000CDE906010ED102F00DFB21230360089B36
:10FAF00083B9DDE90689404649460BB0BDE8F08F81
:10FB0000CDE90667684601F0A9FF0028EBD0089B05
:10FB1000002BEED002F0F6FA089B0360E9E700BF85
:10FB200032230020645F04002DE9F0438BB00446CB
:10FB30000D46DFF715F8364B93F90060731C8046CD
:10FB400089460DD022462B462046294602F0B4FFB6
:10FB500030B9002200232046294602F0A3FF20B13D
:10FB6000404649460BB0BDE8F0832A4B0890CDE9EA
:10FB70000245CDE904450193DEB9274F4FF06046B9
:10FB80002046294600220023CDE9066702F062FFE5
:10FB9000002835D002230093684601F05FFFB8B11A
:10FBA000089BD3B9DDE90689404649460BB0BDE85C
:10FBB000F0831A4B0022CDE9062320462946002275
:10FBC000002302F047FF68B102239E420093E3D175
:10FBD00002F098FA22230360E2E702F093FA089B0E
:10FBE0000360DFE70123022E00930BD102F08AFAB3
:10FBF000212303600A4801F033FFCDE90601CFE776
:10FC000001230093684601F029FF0028F2D1EDE7B7
:10FC1000322300206C5F0400FFFFEFC70000F0FFFD
:10FC2000484B04002DE9F0438BB004460D46DFF746
:10FC300063F9374B93F90060731C804689460ED0F8
:10FC400022462B462046294602F036FF074630B9A9
:10FC5000002200232046294602F010FF20B940462A
:10FC600049460BB0BDE8F0832A4B0897CDE9024521
:10FC7000CDE904450193DEB9274F4FF06046204699
:10FC8000294600220023CDE9066702F0E3FE0028A2
:10FC900035D002230093684601F0E0FEB8B1089B1E
:10FCA000D3B9DDE90689404649460BB0BDE8F0838B
:10FCB0001A4B0022CDE906232046294600220023C4
:10FCC00002F0C8FE68B102239E420093E3D102F025
:10FCD00019FA22230360E2E702F014FA089B03609A
:10FCE000DFE70123022E00930BD102F00BFA212350
:10FCF00003600B4801F0B4FECDE90601CFE7012314
:10FD00000093684601F0AAFE0028F2D1EDE700BF9B
:10FD100032230020705F0400FFFFEFC70000F0FFF8
:10FD2000484B04002DE9F0432B4E8BB080468946AA
:10FD3000DFF792FB96F90030013304460D4603D0FD
:10FD400001F086FE074620B1204629460BB0BDE8EB
:10FD5000F0834046494601F07BFE0028F4D01F4B5B
:10FD600096F9004008970322CDE90023CDE90489E4
:10FD7000CDE90289404649460022002364B902F0D9
:10FD800091FE4FF06042E8B1154BCDE9062368467D
:10FD900001F064FE68B908E002F084FE002298B128
:10FDA000104B022CCDE90623F1D102F0ABF922234E
:10FDB0000360089B53B9DDE90645204629460BB090
:10FDC000BDE8F083084BE0E7084BEAE702F09AF958
:10FDD000089B0360EFE700BF32230020785F040038
:10FDE000FFFFEF470000F07FFFFFEFC70000F0FFCD
:10FDF0002DE9F04F8BB004460D4600F0CFFB294BA8
:10FE000093F900A0BAF1FF3F06460F4612D02246F2
:10FE10002B462046294602F04FFE834650B94FF04C
:10FE200000084FF000092046294642464B4602F0A2
:10FE30001BFE20B9304639460BB0BDE8F08F0122D9
:10FE4000194BCDF820B00092CDE90445CDE902452B
:10FE50000193BAF1000F17D042464B46404649463F
:10FE600002F0BAFCBAF1020FCDE906010ED102F0A0
:10FE700049F921230360089B73B9DDE90667304621
:10FE800039460BB0BDE8F08FCDE90689684601F030
:10FE9000E5FD0028EFD1EAE702F034F9089B0360A2
:10FEA000EBE700BF32230020805F040000F036BC87
:10FEB00010B52DED028B8AB008EE100A00F0E8FCB8
:10FEC000334B93F90040631C09D0B4EE488AF1EE3D
:10FED00010FA04D6B5EEC08AF1EE10FA03D90AB0D2
:10FEE000BDEC028B10BD2B4B019318EE100A0023C2
:10FEF000089302F0EFFACDE90401CDE90201CCB993
:10FF0000254BB5EE408A4FF06042F1EE10FACDE994
:10FF1000062334D102230093684601F09FFDB0B15F
:10FF2000089BCBB9DDE9060102F024FE0AB0BDEC66
:10FF3000028B10BD194BB5EE408A0022F1EE10FA8B
:10FF4000CDE906230DD102239C420093E4D102F0B7
:10FF5000D9F822230360E3E702F0D4F8089B03609A
:10FF6000E0E70123022C00930BD102F0CBF8212310
:10FF700003600B4801F074FDCDE90601D0E70123D1
:10FF80000093684601F06AFD0028F2D1EDE700BF5A
:10FF900032230020885F0400FFFFEFC70000F0FF5E
:10FFA000484B04002DE9F0432DED048BB34E8BB08C
:10FFB00008EE900A08EE101A00F0E0FC96F90050E6
:10FFC0006B1C044630D0B4EE488AF1EE10FA2BD602
:10FFD000F4EE688AF1EE10FA68D69FEDA99AF4EE75
:10FFE000498AF1EE10FA25D1B4EE498AF1EE10FA01
:10FFF00040F090800123A34A009318EE900A00235A
:020000040004F6
:100000000192089302F066FACDE9020118EE100A97
:1000100002F060FA00220023CDE90401CDE90623B5
:10002000002D60D04FF07E5420460BB0BDEC048B09
:10003000BDE8F08301F0FCFD0546002800F09A8041
:1000400007EE904AF5EE407AF1EE10FAECD118EE98
:10005000900A01F0EDFD0028E6D018EE100A01F03C
:10006000E7FD0028E0D00423864A009318EE900AAA
:1000700000230893019202F02DFACDE9020118EE57
:10008000100A02F027FA96F9003000240025022B0E
:10009000CDE90401CDE9064503D0684601F0DEFC58
:1000A00038BB02F02FF82223036022E0B5EE408A2D
:1000B000F1EE10FAB8D10123724A009318EE900ABB
:1000C00000230192089302F005FACDE9020118EE2F
:1000D000100A02F0FFF96C4B0022022DCDE9040159
:1000E000CDE906239ED0684601F0B8FC002800F058
:1000F0008480089B1BB102F005F8089B0360DDE9D2
:10010000060102F037FD044620460BB0BDEC048B1F
:10011000BDE8F08318EE100A01F08AFD002883D0B4
:10012000B5EEC08AF1EE10FA7FF57EAF0123554A95
:10013000009318EE900A00230893019202F0CAF986
:10014000CDE9020118EE100A02F0C4F996F9003068
:10015000CDE90401002B55D04C490020022BCDE9FC
:10016000060153D101F0CEFF21230360089B002B31
:10017000C5D0C0E718EE900A01F05AFD00283FF400
:100180005FAF18EE100A01F053FD00283FF458AF9E
:1001900018EE900A02F09EF9804618EE100A894681
:1001A00002F098F907EE904AF4EE677AF1EE10FA51
:1001B00096F9007072D6F6EE007A0322314B08955C
:1001C0000092CDE90289CDE90401019328EE278A46
:1001D00017BB2F4BF5EEC08A4FF06042F1EE10FADC
:1001E000CDE9062324D4684601F038FC0028BDD1AF
:1001F00001F088FF22230360B8E701F083FF212389
:10020000036076E700220023CDE90623684601F06B
:1002100025FC0028AAD1A5E71E4BF5EEC08A0022D6
:10022000F1EE10FACDE9062315D4022FE0D0DAE77B
:1002300018EE100A01F062FD07EE900AF4EE487A1B
:10024000F1EE10FA16D0144B96F900704FF06042A0
:10025000CDE90623E9E718EE100A01F04FFD07EE9D
:10026000900AF4EE487AF1EE10FA03D0074B002220
:10027000CDE9062396F90070D7E700BF32230020AE
:1002800000000000905F04000000F03F0000F0FF5D
:10029000FFFFEF470000F07FFFFFEFC701220B4B8E
:1002A00008950092CDE90289CDE904010193002F60
:1002B000A8D0C9EE097A17EE900A02F00BF9022FC6
:1002C000CDE906013FF44EAFA0E700BF905F040008
:1002D00010B52DED028B8AB008EE100A00F098FFE1
:1002E000234B93F90040631C09D0B4EE488AF1EE29
:1002F00010FA04D6B5EEC08AF1EE10FA03D40AB0B3
:10030000BDEC028B10BD01231A4A009318EE100AAF
:1003100000230192089302F0DDF80022CDE90401E8
:10032000CDE902010023ACB11046194602F054FA9F
:10033000022CCDE906010FD101F0E4FE2123036078
:10034000089B7BB9DDE9060102F014FC0AB0BDECA4
:10035000028B10BDCDE90623684601F07FFB002823
:10036000EED1E9E701F0CEFE089B0360EAE700BFAB
:1003700032230020985F04002DE9F04723F0004E5F
:100380005EEA020620D07E4E21F00048B045894644
:100390001ADC564216437B4F4EEAD676BE421446CE
:1003A00012D8F0451D4694468246074601F00046A5
:1003B00012DC0FDB90420DD30ED1734BF60F03EB23
:1003C000C603D3E9000105E002F0DCF802460B4663
:1003D00002F002FABDE8F087B8F5801F3BDB4FEA78
:1003E0002852A2F2FF32BEF5801F80F28F80BEF14C
:1003F000000F40F09F80002C2346644904DD5B0021
:10040000002B01F1FF31FADC614B9A4270DBC9F33A
:10041000130343F480135E4881425BDBC5F313048E
:1004200044F48014501A07E052EA050321D0EB0F80
:1004300003EB42036F0001381A1BA7EB0C05F8B160
:10044000674538BF02F1FF32002AEDDAFA0F02EBFE
:1004500043037F00EFE7B8F1000F5CD1BAF1000F62
:1004600053464A4ABFDD5B00002B02F1FF32FADC43
:10047000B9E7454BF60F03EBC606D6E90001A9E73D
:10048000674538BF02F1FF32002ABCBF3D461A461D
:1004900052EA0503EDD03F48824208DCEB0F03EB44
:1004A0004202824201F1FF314FEA4505F6DD384B49
:1004B00099424EDA5B1A142B54DC01F21E41DD40E6
:1004C00002FA01F142FA03F31E4341EA0502314602
:1004D00010467FE7401A1F2826DC01F21E450EFA5F
:1004E00000FE24FA05F504FA00FC45EA0E0499E73B
:1004F0009F1A1F2F27DC02F21E4308FA07F82AFA78
:1005000003F30AFA07F743EA080384E74FEA2E5198
:10051000A1F2FF3178E71E4A4FEAC8235B00002BA7
:1005200002F1FF32FADC5EE71B4D6D1AAC404FF072
:10053000000C77E716494FEACE235B00002B01F150
:10054000FF31FADC60E7144B9B1A0AFA03F3002729
:1005500061E7A2F58012164301F2FF3346EA035128
:10056000284637E71F2B07DC01F21E4102FA01F192
:1005700025FA03F20A43AAE7074B591A0A41A6E7EC
:10058000FFFFEF7F0000F07FC0390400EDFBFFFFAD
:1005900002FCFFFFFFFF0F00E2FBFFFF5E4A8A4302
:1005A0002DE9F04104460D4600F0958000290B46E8
:1005B0000646844656DD0F1500F0A580C3F31303ED
:1005C000A7F2FF3743F480134FEADC72F80702EB1F
:1005D00043034FEA4C0504D5ED0F05EB43034FEA07
:1005E0008C0500267F10B44616224FF400110CEB48
:1005F000010098424FEAD5744FEA450503DC1B1A07
:1006000000EB010C0E44013A04EB43034FEA5101A5
:10061000EDD11046964620244FF0004209E051D01B
:100620005B00013C03EBD5734FEA52024FEA4505EC
:1006300037D0634502EB0E01F1DD002901EB020E1C
:100640000ADBE046A3EB0C03A94288BF03F1FF33AA
:100650006D1A1044C446E3E7BEF1000FF1DB0CF164
:100660000108EFE721F00042024329D0002942D1DE
:100670000146CA0A153B4905002AFAD012F4801037
:1006800001D044E060465200D40200F1010CF9D5DB
:10069000CCF1200401FA0CFCE1401F1A41EA0203EC
:1006A0008CE72B4321D14408731003F17F53F207E9
:1006B00003F5001348BF44F0004403EB0751204604
:1006C000BDE8F081A942ABD8002901EB020EC3DBE3
:1006D00098460023BCE702460B4601F053FF224632
:1006E0002B4601F099FDBDE8F081411C16BF421C6C
:1006F00001365408D8E7024601F08CFD02460B464D
:1007000002F06AF8DCE71A4631463B46B6E78C460B
:1007100020244FF0FF30BFE70000F07F30B583B0FA
:1007200007EE900A0191019B23F00042B2F1FF4FC6
:1007300017DC20F00041B1F1FF4F054611DCB3F1A9
:100740007E5F3FD09C1704F0020444EAD07481B964
:10075000022C4CD09FED437A032C08BFF0EE477A71
:1007600003E09DED017A77EE277A17EE900A03B049
:1007700030BDF2B1B2F1FF4F29D0B1F1FF4F18D027
:100780008A1AD2153C2A35DC002B36DA3C3234DAB0
:10079000DFED357A012C47D0022C3CD0002CE4D080
:1007A000DFED326A9FED327A77EEA67A77EEC77A7E
:1007B000DBE7DFED307A9FED307A002DB8BFF0EE49
:1007C000477AD2E703B0BDE8304001F04FB9B1F14C
:1007D000FF4F30D0022C0AD0032C39D0DFED277A1E
:1007E0009FED217A012C18BFF0EE477ABDE7DFEDCF
:1007F000207ABAE7DFED1F7ACCE7019807EE100AFE
:10080000C7EE877A17EE900A01F00EFA01F02EF982
:1008100007EE900ABEE7DFED156A9FED157A77EED9
:10082000A67A77EE677AA0E717EE903A03F10043D5
:1008300007EE903A99E7022C10D0032C0BD0DFED95
:10084000107A9FED107A012C18BFF0EE477A8CE7F2
:10085000DFED047A89E7DFED0C7A86E7DFED0B7ACE
:1008600083E700BFDB0F49C0000000002EBDBB3393
:10087000DB0F4940DB0FC93FDB0FC9BF0000008021
:10088000DB0F49BFDB0F493FE4CB16C0E4CB16407A
:1008900000B52DED028B83B00190019830F000433C
:1008A00037D0002842DBB0F1FF4F4EDAB0F5000F31
:1008B00056DADFED2C7A9DED017A67EE277A6FF03C
:1008C000180217EE900AC3157F3B1344DA0F134446
:1008D00007EE903AC2F17F01C0F3160040EAC15022
:1008E000B8EEE78A01F0E6FADFED1F7ADFED1F6A66
:1008F0009FED1F7A06EE100A66EE277AE8EE267A5A
:10090000E8EE077A17EE900A03B0BDEC028B5DF8B3
:1009100004FBDFED186A9FED187AC6EE877A17EEB2
:10092000900A03B0BDEC028B5DF804FBDDED017AAB
:100930009FED117A77EEE76AC6EE877A17EE900A96
:1009400003B0BDEC028B5DF804FBDDED017A77EEC0
:10095000A77A17EE900A03B0BDEC028B5DF804FB9A
:100960000022B0E70000004CD95BDE3EDB275435A7
:1009700080209A3E000000CC000000002DE9F047E6
:1009800031F000462DED028B12D020F00047B7F178
:10099000FF4F804606DDBDEC028B5A48BDE8F047AC
:1009A00001F0A8B9B6F1FF4F08DDB7F17E5FF2D1D3
:1009B0004FF07E50BDEC028BBDE8F08700280C465E
:1009C0002BDB4FF00009B6F1FF4F38D0B6F17E5F58
:1009D0003DD0B4F1804F19D0B4F17C5F05468A4612
:1009E00043D1B8F1000F6FDA01F01EF9B7F1FF4FF4
:1009F00001D0002F3FD1A7F17E5757EA090369D0F4
:100A0000B9F1010FD6D180F00040D3E707EE900A8C
:100A100067EEA77A17EE900ACCE7B6F1974F21DA86
:100A2000B6F17E5F08DBF315C3F1960346FA03F2D5
:100A300002FA03F3B34256D04FF00009C6E7B7F10C
:100A40007E5FB5D03BDD002C28DB0846B2E7002CEA
:100A5000B0DA07EE100AF7EE007AC7EE877A17EEE3
:100A6000900AA7E74FF00209ADE701F0DDF8B7F112
:100A7000FF4F15D0A7B1B7F17E5F11D04FEAD87301
:100A8000013B59EA030233D0B6F19A4F40DD1E4ACA
:100A9000974200F39481002CC0F29781002089E7EF
:100AA000002C07DA07EE100AF7EE007AC7EE877A15
:100AB00017EE900AB8F1000FBFF67CAF9BE7002C51
:100AC000ECDA81F0004075E7BDEC028BBDE8F04741
:100AD00000F09EBB07EE900A77EEE77AC7EEA77AA2
:100AE00017EE900A66E702F00102C2F102096DE713
:100AF00007EE905A77EEE77AC7EEA77A17EE900ADC
:100B000058E700BF484B0400F7FF7F3F0000804BD1
:100B1000B7F5000F80F249815FED047A07EE100A05
:100B200067EE277A6FF0170217EE907AF048F91502
:100B3000C7F316077F398742114447F07E5240F3CE
:100B40003681EC48874240F3B9819FEDEB5A013181
:100B5000A2F50002F0EE453A0020F7EE006A04EE3E
:100B6000902A74EEA67AB7EE007A87EE278A5210A2
:100B700042F0005202F58022024434EEE67ADFEDC4
:100B8000DF8A9FEDDF2A9FEDDF0ADFEDDF0A9FEDB1
:100B9000DF1ADFEDDF1ADFEDDF2A9FEDDF3A27EE08
:100BA000084A07EE902A24EE046ADC4AA6EE282AB8
:100BB00014EE100A104005EE900AA2EE060AB1EEFD
:100BC000652A77EEE66AA2EE277AF0EE607AE0EE2A
:100BD000067A74EEE64AF0EE476AB0EE417AA7EE86
:100BE000867AE2EE246AE7EE061A66EE886A75EE09
:100BF000847A26EE066A67EEA67AF0EE084AE6EEFA
:100C0000217AB0EE646AA5EEA56A07EE101A36EEF8
:100C1000276ADFEDC31A16EE101A114006EE101AFD
:100C200076EE644AB8EEC77AE2EE254A77EEE47AC9
:100C300067EE847AE6EE267AF0EE676AE5EE866A7B
:100C400016EE901A114006EE901AE2EE066A05EED4
:100C5000901A77EEE67A67EEA27AE5EE837A77EE7F
:100C6000A37AF0EE676AE5EEA16A76EE856A76EE23
:100C7000876A16EE901A114006EE901A36EEC77A81
:100C800037EE457AA5EEE17A77EEC77A24F47F64F1
:100C900024F00F0407EE10AA06EE104A67EE877ADA
:100CA00037EE466A07EE104AE6EE267A09F1FF397A
:100CB00059EA030326EE877ABFEE008A77EE876A49
:100CC000B7EE006A16EE900A18BFB0EE468A00280A
:100CD00020F0004340F39480B3F1864F00F3878007
:100CE0007AD0B3F17C5F00F39780002116EE903A42
:100CF00023F47F6323F00F0306EE903A9FED896A99
:100D0000DFED895A9FED893ADFED893A9FED892A17
:100D10009FED894ADFED894A9FED895A36EEC77A01
:100D2000F0EE002A77EEC77A26EE867AA7EEA57A4D
:100D3000F7EE005AF0EE477AA6EE837A27EE076ABE
:100D4000F0EE471AE6EEC31AF0EE636AE6EE026AC8
:100D500077EEE17AA6EE864AE7EE277AE4EE064AD7
:100D6000A4EE865AF0EE456AB0EE475AA6EEC65A91
:100D7000F0EE456A36EEE26A27EE055AC5EE066ADF
:100D800076EEE77A37EEC77A35EEC77A17EE103A85
:100D900003EBC153B3F5000FC0F2A28007EE903A07
:100DA00067EE887A17EE900A04E60022BEE69FED11
:100DB000525A0020F0EE453AF7EE006ACFE6614A5B
:100DC000974248DD002C7FF769AEDFED5F7A67EE72
:100DD000A77A17EE900AEDE59FED5C6A76EEC76A9A
:100DE00037EE866AB4EEE66AF1EE10FA14DD9FED96
:100DF000567A68EE077A67EE877A17EE900AD9E599
:100E0000534A934263DC7FF46CAF76EEC76AF4EE2C
:100E1000E76AF1EE10FA5ADADB154FF400027E3B76
:100E200042FA03F30344C3F3C7524A4C7F3A1441D6
:100E3000C3F3160123EA040306EE903AC2F1170247
:100E400041F4000137EE667A11410028B8BF4942EB
:100E500077EE876A4AE707EE100AF7EE007A77EE38
:100E6000677A9FED296A9FED3C7ADFED3C4ADFED22
:100E70003C5AB1EE675AF5EE006AA5EE266AF6EE28
:100E8000006AE6EE676A27EEA76A66EE866A27EED4
:100E9000667AA7EEA47AF0EE476AE7EEA56A16EE48
:100EA000902A22F47F6222F00F0207EE902AE5EEEC
:100EB000257A06EE902A77EE677AE7E69FED295AC3
:100EC000DFED293A4FF40010F7EE086A47E69FED90
:100ED000277A68EE077A67EE877A17EE900A69E557
:100EE00017EE100A00F072FF07EE900A58E700BFF5
:100EF00071C41C00D6B35D000000000042F1533EF7
:100F000055326C3E05A38B3EABAAAA3EB76DDB3EC5
:100F10009A99193F4F38763FA0C39D3600F0FFFFE6
:100F20000038763F8CBEBF351872313F0072313FBA
:100F30000EEADDB54CBB313355B38A38610B36BB95
:100F4000ABAA2A3E0700803FCAF249713CAA383357
:100F500000001643FFFF7F003BAAB83F70A5EC36A8
:100F600000AAB83F00C0153FDCCFD1356042A20DCA
:100F700070B5994A20F00044944286B06BDD974AE0
:100F8000944206461CDC002824F00F04DFED947A1E
:100F9000944A07EE100A64DD944277EE677A00F017
:100FA000D5809FED917A77EEC76A012077EEE67AD9
:100FB000C1ED006A77EEC77AC1ED017A06B070BD67
:100FC0008A4A94420D4660DDB4F1FF4F80F2B4804E
:100FD000E215863AA4EBC25307EE903ABDEEE77AEB
:100FE000DFED836AB8EEC77A77EEC77A8DED037AC4
:100FF00067EEA67ABDEEE77AB8EEC77A77EEC77AE3
:101000008DED047A67EEA67AF5EE407AF1EE10FAED
:10101000CDED057A40F0CC80B5EE407AF1EE10FAD5
:101020000CBF01230223734901910221009103A8FF
:10103000294600F07FF9002E11DA95ED007AD5ED02
:10104000017AB1EE477AF1EE677A404285ED007A97
:10105000C5ED017A03E0002208604A60002006B076
:1010600070BD944277EE277A00F08F809FED5E7A14
:1010700077EE876A4FF0FF3077EEE67AC1ED006ACF
:1010800077EE877AC1ED017AE9E700F0CDFD9FEDBB
:101090005A6A9FED535ADFED546A07EE100AF6EED6
:1010A000007AE7EE067AFDEEE77AB8EEE76A17EE29
:1010B000900AF1EE465AF0EE477A1F28E5EE857A5F
:1010C00026EE267A54DD77EEC76A16EE903AE415DE
:1010D000C3F3C753E31A082B54DD9FED487ADFEDC5
:1010E000486AB0EE675AA5EE875A77EEC57AE5EE04
:1010F000877AD6EE267A75EE676AB0EE677A16EED4
:10110000903AC3F3C753E41A192C53DCC5ED006AB7
:10111000F0EE457A77EEE67A002E77EEC77AC5EDE7
:10112000017A9CDAF1EE666AF1EE677AC5ED006A43
:10113000C5ED017A404292E707EE900A77EEE77A32
:101140000020C1ED017AC1ED007A88E7DFED2B6A5E
:101150009FED2B7A77EEE67A012077EEC76A77EE7D
:10116000E67AC1ED006A77EEC77AC1ED017A76E7DB
:10117000421E244B53F8223024F0FF029A4277EEAD
:10118000C76AA2D0C5ED006AC4E7DFED1C6A9FED17
:101190001C7A77EEA67A4FF0FF3077EE876A77EE0B
:1011A000E67AC1ED006A77EE877AC1ED017A56E7FB
:1011B000032338E7DFED146ADFED144AF0EE457AD9
:1011C000E5EEA67A35EE677AA5EEA67A96EE247A53
:1011D00077EEC76AD6E700BFD80F493FE3CB16408A
:1011E000800FC93FD00FC93F43443537800F494373
:1011F00000008043A861040084F9223F0044353791
:1012000008A3852E2861040000A3852E32318D2489
:1012100007EE900AF1EEE77A17EE900A704700BFEA
:1012200020F00043B3F1485F06EE100A06EE901A74
:101230002EDAFDEEC67A17EE903A002B5FD026EE3E
:10124000067ADFED343A9FED344ADFED344A9FED04
:10125000345ADFED347ADFED345AA7EE234AE7EE55
:10126000044AA7EE245AE7EE057AE7EE275A65EE20
:10127000875A66EEC66AB6EE006AE7EE256AF7EEB2
:10128000007AD7EE066A77EEE67A17EE900A704794
:1012900026EE067ADFED1F3A9FED1F4ADFED1F4A6B
:1012A0009FED1F5ADFED1F7ADFED1F5A1F4AA7EE91
:1012B000234A9342E4EE074AA4EE875AE5EE077A02
:1012C000E7EE875A65EE875AD3DD194A93421BDC55
:1012D00003F17F4307EE903AB7EE005A35EE675AB6
:1012E00066EEC66AB6EE006AE7EE256AD7EE067AC3
:1012F00077EEE67A75EE677A17EE900A7047F7EEAA
:10130000007A17EE900A7047B6EE075AF5EE027AA9
:10131000E6E700BF4ED747ADF6740F317CF293B4C9
:10132000010DD037610BB6BAABAA2A3D9999993E07
:101330000000483F2DE9F04F2DED048BD7B003F1AD
:10134000FF390293D31E48BF131DBA4C649D05910B
:10135000DB1023EAE37354F82560039303F10108DB
:10136000A2EBC80816EB09028646A3EB090316D4C4
:101370001A449FEDB17A6598511C1AAA002BA4BF9C
:1013800050F8234007EE904A03F10103ACBFF8EE9A
:10139000E77AF0EE477A8B42E2EC017AEED1029BDB
:1013A000002E4FEA83044FEA860A1DDB1AAB181998
:1013B00043AA7346191902EB0A0742ADF446B9F184
:1013C000000FDFED9D7A09DB02466346F3EC016A0C
:1013D00032ED017A8B42E6EE877AF7D1E5EC017ABD
:1013E000BD4200F10400EAD1AAF1080306ADEB18F2
:1013F00004939FED939ADFED918A009605ABB34677
:1014000074449A4442AF76464FEA8B0356AA1A4474
:10141000BBF1000F52ED146A16DD07EB8B02294673
:1014200066EE897AB0EE667AFDEEE77A32ED016A11
:10143000F8EEE77ABA42A7EEE87A77EE866ABDEE72
:10144000C77AA1EC017AEBD1414616EE900A0193DE
:1014500000F0BCFC08EE100AF4EE007A68EE277A81
:1014600017EE900A00F0ECFB07EE100AF2EE007A9D
:10147000A7EE678AB8F1000F019BFDEEC89AF0EE67
:10148000487AB8EEE98A37EEC88A40F3C6800BF195
:10149000FF3CC8F1080255F82C1041FA02F000FA9E
:1014A00002F2891A45F82C1019EE90CA8444C8F14A
:1014B000070209EE90CA41FA02F2002A48DD19EE4D
:1014C000901ABBF1000F01F1010109EE901A40F3EF
:1014D0003682D5F800C0BCF1000F40F09B80BBF114
:1014E000010F20D0AE4601205EF8041F00F1010C70
:1014F000002900F09980E6468C467146CCF5807C48
:101500008B4545F820C00CDD55F821002B4405EB38
:10151000810100E00868C0F1FF0041F8040B994226
:10152000F8D14FF0010CB8F1000F0EDDB8F1010F4A
:1015300000F02E81B8F1020F07D10BF1FF3155F801
:10154000213003F03F0345F82130022A00F00981E1
:10155000B5EE408AF1EE10FA40F08680009B0BF168
:10156000FF3C63450EDC0BF18041013905EB810145
:10157000002051F80439514540EA0300F9D1002810
:1015800040F00F81009B013B55F82330002B40F0C9
:10159000FC80049B4FF0010C53F804290CF1010C62
:1015A000002AF9D0DC440BF1010EE64530DC039B48
:1015B000029A0EEB03015A4403EB0C0B1AAB01F138
:1015C000804103EB8202659B013903EB810107EB4C
:1015D0008E0E03EB8B0B51F8043F9FED177A07EE4D
:1015E000903AF8EEE77A1046B9F1000FE0EC017A94
:1015F00009DB334601E072ED017AF3EC016AA342A4
:10160000A6EEA77AF7D15945AEEC017A0246E2D1AF
:10161000E346F9E60121002070E715D10BF1FF3216
:1016200055F82220121248E7E34560467FF45CAF8C
:101630008C4678E7FC640400000000000000804352
:101640000000803B0000C93FF6EE007AB4EEE78A66
:10165000F1EE10FA80F25D81B5EE408AF1EE10FAFB
:101660004FF000023FF47AAFC8F1000118EE100A03
:101670000192009E00F0AAFB5FED106A019A07EE4E
:10168000100AB4EEE67AF1EE10FAC0F25B815FED7B
:10169000147A67EE277A0BF10103FDEEE77A08F181
:1016A0000808F8EEE77AA7EEE67AFDEEE77ABDEEF7
:1016B000C77A17EE101A45F82B1017EE901A45F856
:1016C000231041464FF07E50CDE9002300F07EFB11
:1016D000019B009A002B07EE100AC0F24A819F007E
:1016E00042A907F1040E5FED2A6A0F44381D05EB8D
:1016F0000E0171ED017AF8EEE77AA94267EE877A7A
:1017000027EE267A60ED017AF3D10DF1B8081FEDCE
:10171000336AC44603F101090025002EC0F204819A
:10172000A24CDFEDA37A3846B0EE467A002103E002
:10173000A94208DCB4EC017AF0EC016A01318E4276
:10174000E6EE877AF4DA01354D45ECEC017AA7F143
:101750000407E2D16499032955D8DFE801F0CAB73C
:10176000B75DF7EE007A37EEC88ABCF1000F3FF4A0
:10177000EFAE17EE900A4146019200F027FB07EE0C
:10178000900A019A38EE678AE2E64FF0010C09E709
:101790000BF1FF3155F8213003F07F0345F821307C
:1017A000D3E655F82C10009E6346A8F108080029DE
:1017B00087D10CF18041013905EB810151F8040911
:1017C000013BA8F108080028F8D07AE7DFED787A25
:1017D000002A40F0BF809DED2E7A0599002BC1EDC7
:1017E000007A77EE677A0BDD2FA80121B0EC017A41
:1017F00001318B4277EE877AF8DA002A40F0B68022
:10180000059BC3ED017A19EE903A03F0070057B03B
:10181000BDEC048BBDE8F08F002B40F3C4809C002E
:1018200056A921440DF1B80803F1804051ED286A12
:10183000013808EB830171ED017A37EEA67A88450D
:1018400077EEC77A81ED007A77EEA67AF0EE476AF6
:10185000C1ED017AEFD1012B40F3A58056AB1C44BA
:101860008000031D54ED286A43442FA973ED017ACB
:1018700037EEA67A994277EEC77A83ED007A77EE53
:10188000A67AF0EE476AC3ED017AEFD10830DFEDBA
:10189000487A08EB000308F1080833ED017A98450F
:1018A00077EE877AF9D1DDED2E6A9DED2F7A2AB198
:1018B000F1EE666AB1EE477AF1EE677A059BC3ED09
:1018C000006A83ED017AC3ED027A9CE7002BFFF6F4
:1018D0007DAF2EA800EB8301DFED357A043131EDC9
:1018E000017A884277EE877AF9D1002A3FF473AF04
:1018F00030E0DFED2F7AC6443EED017AF04577EE19
:10190000877AF9D10AB1F1EE677A059BC3ED007AC7
:1019100079E719EE902ABBF1000F02F1010209EEFE
:10192000902A3ADD0222D4E5DFED217A01354D45DA
:10193000ECEC017AA7F104077FF4EFAE0AE74FF071
:10194000000CF0E5BDEEC77A5B4617EE101A45F8BD
:101950002B10B6E6DDED2E6A0599B1EE677A002B05
:1019600076EEE77A81ED007A3FF73EAFF1EE677AE7
:1019700046E7649903293FF646AF01A050F821F0ED
:1019800091190400CD180400CD18040019180400A2
:10199000DFED077A002AB6D1B7E7F7EE007A37EE27
:1019A000C88A0222D4E5DFED027A7CE7D464040021
:1019B0000000000020F00043B3F1485F07EE900AFA
:1019C00006EE101A04DABDEEE77A17EE103A23B3EA
:1019D00027EEA77A9FED174ADFED174A9FED175ABA
:1019E000DFED175ADFED176AE7EE044A27EE874A64
:1019F000A4EE875AE5EE075AE5EE876A82B166EEF5
:101A0000C46AF6EE005AE6EE256ADFED0F5A96EE4E
:101A1000876AA4EE256A77EEC67A17EE900A7047B9
:101A20009FED0A6AA7EE266AE6EE047A17EE900AA0
:101A3000704700BFD3C92E2F342FD7B21BEF3836D3
:101A4000010D50B98988083CABAA2A3EABAA2ABE30
:101A500041F0004101F58010C00F70470020704731
:101A600000200149704700BF0000F87F38B520F022
:101A70000044B4F1A14F07EE900A05460DDBB4F126
:101A8000FF4F5CDC9FED557ADFED557A0028C8BF2B
:101A9000F0EE477A17EE900A38BD524B9C4261DC5B
:101AA000B4F1445F50DB4FF0FF3327EEA76A9FEDA0
:101AB0004E1A9FED4E2ADFED4E1ADFED4E2A9FEDB6
:101AC0004E3ADFED4E3A9FED4E4ADFED4E4A9FED26
:101AD0004E5A9FED4E7ADFED4E5A66EE066A5A1C5C
:101AE000A6EE812AE6EEA12AA2EE263AE2EEA63A78
:101AF000A3EE264AE3EEA64AA4EE265AA4EEA67A60
:101B0000E5EE265A27EE267AA5EE867A27EE277A84
:101B10003FD04049404A9B001944D1ED006A37EE5E
:101B2000667A134437EE677AD3ED007A77EEC77A98
:101B3000002DB8BFF1EE677A17EE900A38BD77EE48
:101B4000A77A17EE900A38BD9FED347A37EE877A80
:101B5000F7EE006AB4EEE67AF1EE10FAA3DD17EEC6
:101B6000900A38BD00F060F82D4B9C4207EE100A39
:101B700014DCA3F5D0039C4225DCF0EE007AFFEEE6
:101B8000006AE7EE276A002337EE277AC6EE877AE7
:101B90008BE777EEC77A17EE900A38BD214B9C424F
:101BA0000BDCF7EE087AF7EE006AE7EE276A02230D
:101BB00037EE677AC7EE267A77E7FFEE006AC6EE61
:101BC000877A032371E7F7EE007A77EE676A37EEDC
:101BD000277A0123C6EE877A67E700BFDB0FC93F8C
:101BE000DB0FC9BFFFFFDF3ED769853C59DA4B3DAC
:101BF00021A215BD6BF16EBD356B883D95879DBDEE
:101C00006E2EBA3D388EE3BD2549123ECDCC4CBE7A
:101C1000ABAAAA3E1865040008650400CAF249711F
:101C2000FFFF973FFFFF1B4020F00040704700BFC1
:101C300020F00040B0F1FF4FACBF00200120704702
:101C400082B00190019A22F00041CB0D7F3B162B10
:101C500020DC002B10462EDB234919410A4224D0F8
:101C6000DFED227A9DED017A77EE277AF5EEC07AE4
:101C7000F1EE10FA19DD002A04DA4FF4000242FAFC
:101C800003F3184420EA010307EE903A17EE900A96
:101C900002B07047B1F1FF4FDDED017AF6D377EE78
:101CA000A77A17EE900A02B07047DDED017A17EEC1
:101CB000900A02B07047DFED0D7A9DED017A77EE64
:101CC000277AF5EEC07AF1EE10FAEEDD002A02DB9B
:101CD000DFED077ADAE7FFEE007A002918BFB0EEF1
:101CE000677AF0EE477AD1E7FFFF7F00CAF24971C9
:101CF00000000000004870470000C07F10B485B0AD
:101D00000190019A22F00041CB0D7F3B162B2ADC7B
:101D100021B3002B11464FEAD27032DB294A1A4117
:101D200011421BD05208114207D04FF4001421EA8F
:101D3000020244FA03F342EA0301234B03EB80005F
:101D400090ED007A07EE901A77EE277ACDED037AC0
:101D5000DDED037A77EEC77ACDED017A019805B013
:101D60005DF8044B7047B1F1FF4FF7D3DDED017A19
:101D700077EEA77ACDED017A019805B05DF8044BB6
:101D80007047C2F316035B420F495B0A120D03F45E
:101D9000800312051A4301EB800191ED007A07EEF2
:101DA000902A77EE277ACDED037ADDED037A77EE90
:101DB000C77A17EE903A23F0004343EAC0730193C9
:101DC000CCE700BFFFFF7F002865040000B52DEDC4
:101DD000028B83B00190019B33F000421DD0B2F121
:101DE000FF4F0FD2B2F5000F20D3D20D0A44FE2AC6
:101DF0002CDC002A3DDD23F0FF4343EAC25307EE0B
:101E0000903A03E007EE900A77EEA77A17EE900A71
:101E100003B0BDEC028B5DF804FBDDED017A17EE3B
:101E2000900A03B0BDEC028B5DF804FB9DED017AD6
:101E3000DFED1B7A1B4B67EE277A9942CDED017AD5
:101E400010DB019BC3F3C752193ACFE79FED168A07
:101E5000019918EE100A00F041F907EE900A67EEBA
:101E6000887AD3E7DFED117A9DED017A67EE277A64
:101E7000CCE712F1160F06DA4CF250339942E5DC4A
:101E80009FED0A8AE4E7193223F0FF4343EAC25385
:101E90009FED077A07EE903A67EE877AB6E700BFC4
:101EA0000000004CB03CFFFFCAF249716042A20D35
:101EB0000000003330B482B00190019B33F0004247
:101EC00041D0002B4ADBB3F1FF4F54DAB3F5000FDA
:101ED00080F29D80DFED6E7A9DED017A67EE277AC4
:101EE0006FF0180517EE903A6A4AC3F316042244BD
:101EF00002F4000282F07E50DB1504F10F01204352
:101F00007F3B07EE900AC1F316012B44B7EE007A2F
:101F10000F2903EBD25337EEC77A35DCB5EE407AA2
:101F2000F1EE10FA75D1002B00F0AE8007EE903A7A
:101F3000B8EEE77ADFED587ADFED586A67EE277A78
:101F4000E7EE267A05E0DFED566A9FED567AC6EE9B
:101F5000877A17EE900A02B030BC7047DDED017A47
:101F60009FED507A77EEE76AC6EE877A17EE900A11
:101F700002B030BC7047DDED017A77EEA77A17EE3C
:101F8000900A02B030BC7047B0EE006A37EE066AC5
:101F90009FED452ADFED453ADFED454ADFED452A65
:101FA0009FED454ADFED456ADFED457A4549C7EECD
:101FB000065AC4F55712214402F522720A43002A38
:101FC00006EE103A25EEA55AB8EEC63A25EE056A99
:101FD000E6EE023AA6EE224AE3EE864AE4EE067AFE
:101FE000E4EE866A66EE856AE7EE866A3BDDB6EE6B
:101FF000006A27EE066A26EE076A76EE866A66EEC5
:10200000A56A03BB76EE666A77EE667AA1E70025DD
:102010006AE7DFED2D6AF6EE007AE7EE667A67EEA4
:10202000076A67EEA67ADBB106EE903ADFED1A5A40
:102030009FED1A6AF8EEE66AE6EEE57A77EEC77A81
:10204000D6EE867A85E7DFED147ADFED145AE3EEFB
:10205000276A76EE667A77EEC77AD3EE257A78E746
:1020600077EE677A75E777EE667A67EEA57A002BEA
:10207000F6D09FED096ADFED096AE3EE467A77EE66
:10208000C77AD3EE267A64E7DFED067A61E700BF10
:102090000000004C20FB4A00D1F717378071313F18
:1020A000000000CC000000009788173E25333A3E20
:1020B0002549923E4FD01C3E298E633EABAA2A3F53
:1020C000CDCCCC3E305CCFFFABAAAA3E03F00043A0
:1020D00021F0004242EA0301704700BF01F00041D5
:1020E00020F000400843704710B5054C13462CB152
:1020F0000A4601460220AFF3008010BD2046FCE7EF
:1021000000000000014B1868704700BFF420002059
:1021100008B5074B044613B10021AFF30080054B0F
:102120001868836A03B19847204600F061FF00BF3A
:10213000000000003065040070B50D4E0D4CA41B6E
:10214000A4100025A54209D10B4E0C4C01F010F94A
:10215000A41BA4100025A54205D170BD56F825305A
:1021600098470135EEE756F8253098470135F2E7F4
:10217000342300203423002034230020582300205F
:10218000024B0146186800F09FBF00BFF4200020FA
:1021900038B5074C0023054608461146236000F079
:1021A0001FFF431C02D1236803B12B6038BD00BF61
:1021B00030440020084B37B51C68084D236A002BBB
:1021C00008BF2B46009313460A460146204600F0FE
:1021D000B7FF03B030BD00BFF4200020582100201D
:1021E000084B37B51C68084D236A002B08BF2B46E7
:1021F000009313460A460146204601F01CF803B03E
:1022000030BD00BFF42000205821002081F00041A3
:1022100002E000BF83F0004330B54FEA41044FEACB
:10222000430594EA050F08BF90EA020F1FBF54EA66
:10223000000C55EA020C7FEA645C7FEA655C00F002
:10224000E2804FEA5454D4EB5555B8BF6D420CDDD3
:102250002C4480EA020281EA030382EA000083EA56
:10226000010180EA020281EA0303362D88BF30BDF6
:1022700011F0004F4FEA01314FF4801C4CEA11314C
:1022800002D0404261EB410113F0004F4FEA0333AB
:102290004CEA133302D0524263EB430394EA050F36
:1022A00000F0A780A4F10104D5F1200E0DDB02FAA5
:1022B0000EFC22FA05F2801841F1000103FA0EF239
:1022C000801843FA05F359410EE0A5F120050EF1FF
:1022D000200E012A03FA0EFC28BF4CF0020C43FA30
:1022E00005F3C01851EBE37101F0004507D54FF03D
:1022F000000EDCF1000C7EEB00006EEB0101B1F58D
:10230000801F1BD3B1F5001F0CD349085FEA3000D2
:102310004FEA3C0C04F101044FEA445212F5800FDD
:1023200080F09A80BCF1004F08BF5FEA500C50F17A
:10233000000041EB045141EA050130BD5FEA4C0C5D
:10234000404141EB010111F4801FA4F10104E9D1E6
:1023500091F0000F04BF01460020B1FA81F308BFDD
:102360002033A3F10B03B3F120020CDA0C3208DDA9
:1023700002F1140CC2F10C0201FA0CF021FA02F184
:102380000CE002F11402D8BFC2F1200C01FA02F1F4
:1023900020FA0CFCDCBF41EA0C019040E41AA2BF19
:1023A00001EB0451294330BD6FEA04041F3C1CDAE1
:1023B0000C340EDC04F11404C4F1200220FA04F001
:1023C00001FA02F340EA030021FA04F345EA0301AB
:1023D00030BDC4F10C04C4F1200220FA02F001FA6D
:1023E00004F340EA0300294630BD21FA04F02946EF
:1023F00030BD94F0000F83F4801306BF81F4801188
:102400000134013D4EE77FEA645C18BF7FEA655CFA
:1024100029D094EA050F08BF90EA020F05D054EACC
:10242000000C04BF1946104630BD91EA030F1EBFD1
:102430000021002030BD5FEA545C05D140004941D5
:1024400028BF41F0004130BD14F580043CBF01F5C8
:10245000801130BD01F0004545F0FE4141F47001AE
:102460004FF0000030BD7FEA645C1ABF1946104689
:102470007FEA655C1CBF0B46024650EA013406BF8A
:1024800052EA033591EA030F41F4002130BD00BF49
:1024900090F0000F04BF0021704730B54FF4806406
:1024A00004F132044FF000054FF0000150E700BF87
:1024B00090F0000F04BF0021704730B54FF48064E6
:1024C00004F1320410F0004548BF40424FF00001D3
:1024D0003EE700BF42004FEAE2014FEA31014FEA16
:1024E00002701FBF12F07F4393F07F4F81F0605165
:1024F000704732F07F4208BF704793F07F4F04BFB0
:1025000041F40021704730B54FF4607401F000458C
:1025100021F000411CE700BF50EA010208BF7047EC
:1025200030B54FF000050AE050EA010208BF7047DD
:1025300030B511F0004502D5404261EB41014FF446
:10254000806404F132045FEA915C3FF4D8AE4FF04E
:1025500003025FEADC0C18BF03325FEADC0C18BF31
:10256000033202EBDC02C2F1200300FA03FC20FA82
:1025700002F001FA03FE40EA0E0021FA02F11444CF
:10258000BDE600BF70B54FF0FF0C4CF4E06C1CEAE8
:1025900011541DBF1CEA135594EA0C0F95EA0C0F59
:1025A00000F0DEF82C4481EA030621EA4C5123EACC
:1025B0004C5350EA013518BF52EA033541F48011FB
:1025C00043F4801338D0A0FB02CE4FF00005E1FBAE
:1025D00002E506F00042E0FB03E54FF00006E1FBF8
:1025E00003569CF0000F18BF4EF0010EA4F1FF043B
:1025F000B6F5007F64F5407404D25FEA4E0E6D417B
:1026000046EB060642EAC62141EA55514FEAC5208B
:1026100040EA5E504FEACE2EB4F1FD0C88BFBCF507
:10262000E06F1ED8BEF1004F08BF5FEA500E50F1B8
:10263000000041EB045170BD06F0004646EA01017E
:1026400040EA020081EA0301B4EB5C04C2BFD4EBB0
:102650000C0541EA045170BD41F480114FF0000EA9
:10266000013C00F3AB8014F1360FDEBF002001F017
:10267000004170BDC4F10004203C35DA0C341BDC91
:1026800004F11404C4F1200500FA05F320FA04F063
:1026900001FA05F240EA020001F0004221F0004197
:1026A00010EBD37021FA04F642EB06015EEA430E0A
:1026B00008BF20EAD37070BDC4F10C04C4F120053A
:1026C00000FA04F320FA05F001FA04F240EA0200ED
:1026D00001F0004110EBD37041F100015EEA430EBE
:1026E00008BF20EAD37070BDC4F1200500FA05F2DE
:1026F0004EEA020E20FA04F301FA05F243EA02035D
:1027000021FA04F001F0004121FA04F220EA02006B
:1027100000EBD3705EEA430E08BF20EAD37070BDB1
:1027200094F0000F0FD101F00046400041EB010191
:1027300011F4801F08BF013CF7D041EA060195F073
:10274000000F18BF704703F00046520043EB03032D
:1027500013F4801F08BF013DF7D043EA060370471A
:1027600094EA0C0F0CEA135518BF95EA0C0F0CD025
:1027700050EA410618BF52EA4306D1D181EA03016B
:1027800001F000414FF0000070BD50EA410606BF65
:102790001046194652EA430619D094EA0C0F02D1AA
:1027A00050EA013613D195EA0C0F05D152EA0336EF
:1027B0001CBF104619460AD181EA030101F000410D
:1027C00041F0FE4141F470014FF0000070BD41F056
:1027D000FE4141F4780170BD70B54FF0FF0C4CF430
:1027E000E06C1CEA11541DBF1CEA135594EA0C0F4F
:1027F00095EA0C0F00F0A7F8A4EB050481EA030E9C
:1028000052EA03354FEA013100F088804FEA033382
:102810004FF0805545EA131343EA12634FEA022250
:1028200045EA111545EA10654FEA00260EF0004111
:102830009D4208BF964244F1FD0404F5407402D263
:102840005B084FEA3202B61A65EB03055B084FEAF4
:1028500032024FF480104FF4002CB6EB020E75EBF1
:10286000030E22BFB61A754640EA0C005B084FEA19
:102870003202B6EB020E75EB030E22BFB61A754696
:1028800040EA5C005B084FEA3202B6EB020E75EBE1
:10289000030E22BFB61A754640EA9C005B084FEA59
:1028A0003202B6EB020E75EB030E22BFB61A754666
:1028B00040EADC0055EA060E18D04FEA051545EA55
:1028C00016754FEA06164FEAC30343EA52734FEAFE
:1028D000C2025FEA1C1CC0D111F4801F0BD141EA77
:1028E00000014FF000004FF0004CB6E711F4801FDC
:1028F00004BF01430020B4F1FD0C88BFBCF5E06FBC
:102900003FF6AFAEB5EB030C04BFB6EB020C5FEACB
:10291000500C50F1000041EB045170BD0EF0004E20
:102920004EEA113114EB5C04C2BFD4EB0C0541EA52
:10293000045170BD41F480114FF0000E013C90E64F
:1029400045EA060E8DE60CEA135594EA0C0F08BF13
:1029500095EA0C0F3FF43BAF94EA0C0F0AD150EA12
:1029600001347FF434AF95EA0C0F7FF425AF1046A5
:1029700019462CE795EA0C0F06D152EA03353FF4CD
:10298000FDAE1046194622E750EA410618BF52EA4A
:1029900043067FF4C5AE50EA41047FF40DAF52EA1E
:1029A00043057FF4EBAE12E74FF0FF3C06E000BFBB
:1029B0004FF0010C02E000BF4FF0010C4DF804CDC8
:1029C0004FEA410C7FEA6C5C4FEA430C18BF7FEA88
:1029D0006C5C1BD001B050EA410C0CBF52EA430CB6
:1029E00091EA030F02BF90EA020F0020704710F136
:1029F000000F91EA030F58BF994208BF90422CBFC5
:102A0000D8176FEAE37040F0010070474FEA410CBD
:102A10007FEA6C5C02D150EA013C07D14FEA430CDB
:102A20007FEA6C5CD6D152EA033CD3D05DF8040B4C
:102A3000704700BF8446104662468C46194663467E
:102A400000E000BF01B5FFF7B7FF002848BF10F155
:102A5000000F01BD4DF808EDFFF7F4FF0CBF01209A
:102A600000205DF808FB00BF4DF808EDFFF7EAFF16
:102A700034BF012000205DF808FB00BF4DF808EDD1
:102A8000FFF7E0FF94BF012000205DF808FB00BFC6
:102A90004DF808EDFFF7CEFF94BF012000205DF850
:102AA00008FB00BF4DF808EDFFF7C4FF34BF01205D
:102AB00000205DF808FB00BF4FEA410C7FEA6C5C28
:102AC00002D150EA013C0AD14FEA430C7FEA6C5C28
:102AD00002D152EA033C02D14FF0000070474FF0A0
:102AE000010070474FEA410212F5001215D211D5CC
:102AF0006FF47873B3EB625212D94FEAC12343F0FB
:102B0000004343EA505311F0004F23FA02F018BF7C
:102B1000404270474FF00000704750EA013005D145
:102B200011F0004008BF6FF0004070474FF0000008
:102B3000704700BF4A0011D212F5001211D20DD514
:102B40006FF47873B3EB62520ED44FEAC12343F0B3
:102B5000004343EA505323FA02F070474FF000005D
:102B6000704750EA013002D14FF0FF3070474FF00C
:102B7000000070474FEA4102B2F1E04324BFB3F5D1
:102B8000001CDCF1FE5C0DD901F0004C4FEAC002E4
:102B90004CEA5070B2F1004F40EB830008BF20F0C8
:102BA0000100704711F0804F21D113F13872BCBF82
:102BB00001F00040704741F480114FEA5252C2F1D7
:102BC0001802C2F1200C10FA0CF320FA02F018BF20
:102BD00040F001004FEAC1234FEAD32303FA0CFC73
:102BE00040EA0C0023FA02F34FEA4303CCE77FEA02
:102BF000625307D150EA01331EBF4FF0FE4040F44C
:102C00004000704701F0004040F0FE4040F40000FA
:102C1000704700BF53B94AB9002908BF00281CBF3C
:102C20004FF0FF314FF0FF3000F0D0B9ADF1080C9C
:102C30006DE904CE00F064F8DDF804E0DDE902237C
:102C400004B070472DE9F84382EAE274A4EBE27421
:102C50001546E20758BFDFF8609006460F4652BFA0
:102C60004FF0000880468946640832463B463046AD
:102C7000394613D0FFF786FCE30706460F46F3D527
:102C80004046494632463B46FFF77CFC6408804696
:102C9000894632463B4630463946EBD1002D07DAAD
:102CA00042464B4600200449FFF796FD8046894680
:102CB00040464946BDE8F8830000F03FD0B5002209
:102CC0000D4B06460F46FFF75DFCFFF733FF04464A
:102CD000FFF7DEFB0022094BFFF754FC02460B46D0
:102CE00030463946FFF796FAFFF724FF00222346C5
:102CF00010431946D0BD00BF0000F03D0000F04178
:102D00002DE9F047089E04468846002B4BD18A42A5
:102D1000154667D9B2FA82F24AB1C2F1200701FA28
:102D200002F320FA07F7954047EA030894404FEA78
:102D3000154E230CB8FBFEF71FFA85FC0EFB178817
:102D400043EA084307FB0CF1994209D9EB1807F154
:102D5000FF3080F01B81994240F21881023F2B44E2
:102D60005B1AA4B2B3FBFEF00EFB103344EA03443B
:102D700000FB0CFCA44509D92C1900F1FF3380F0AD
:102D80000781A44540F2048102382C4440EA074000
:102D9000A4EB0C0400271EB1D4400023C6E9004375
:102DA0003946BDE8F0878B4209D9002E00F0EB8050
:102DB0000027C6E9000138463946BDE8F087B3FA76
:102DC00083F7002F47D18B4202D3824200F2FA8070
:102DD000841A61EB030301209846002EE0D0C6E977
:102DE0000048DDE702B9FFDEB2FA82F2002A40F0C5
:102DF0008F80491B4FEA154E1FFA85F80127B1FB5A
:102E0000FEFC230C0EFB1C1143EA014308FB0CF1F2
:102E1000994207D9EB180CF1FF3002D2994200F227
:102E2000CD808446591AA3B2B1FBFEF00EFB1014FC
:102E300043EA044408FB00F8A04507D92C1900F127
:102E4000FF3302D2A04500F2B6801846A4EB080476
:102E500040EA0C409FE7C7F1200CBB4022FA0CFE71
:102E60004EEA030E01FA07F420FA0CF521FA0CF3EE
:102E70004FEA1E482543B3FBF8F92C0C08FB193325
:102E80001FFA8EFA44EA034309FB0AF49C4202FA51
:102E900007F200FA07F10BD91EEB030309F1FF302B
:102EA00080F087809C4240F28480A9F1020973443B
:102EB0001B1BADB2B3FBF8F008FB103345EA03442B
:102EC00000FB0AFAA24508D91EEB040400F1FF3307
:102ED0006BD2A24569D90238744440EA0940A0FB8C
:102EE0000289A4EB0A044C45C2464B4654D351D048
:102EF000002E69D0B1EB0A0564EB030404FA0CFC64
:102F0000FD40FC404CEA0505C6E90054002747E7B0
:102F1000C2F1200320FA03F7954001FA02F021FAEA
:102F200003F34FEA154E3843010CB3FBFEF71FFACB
:102F300085F80EFB173341EA034107FB08F38B4288
:102F400004FA02F407D9691807F1FF3C2FD28B422B
:102F50002DD9023F2944CB1A81B2B3FBFEF00EFB00
:102F6000103341EA034100FB08F38B4207D969188B
:102F700000F1FF3C17D28B4215D902382944C91AF7
:102F800040EA07473BE73746304609E70746E7E6AA
:102F90001846FBE64145ABD2B8EB020A69EB0E02DC
:102FA00001381346A4E76046E9E7184695E7674607
:102FB000D1E781467CE702382C4447E7ACF1020CAC
:102FC0002B442FE7384608E73746E9E6704700BF4D
:102FD000024B58221A604FF0FF30704730440020F7
:102FE000024B58221A604FF0FF30704730440020E7
:102FF000FEE700BFEBF7D4BA0B4601461846FFF7D1
:1030000073B810B5002814BF044601242046EBF71E
:10301000A1FA30B9FCF7BCF908B900F00FF8804705
:10302000F4E710BD08B500F004F808B5804700F0DB
:1030300005F808B5FCF7B4F9FFF7F7FF08B5062067
:10304000FFF79EF80120FFF7D3FF0A220021FFF7C8
:10305000B1B830B50024A24201D1002007E0035DE1
:1030600001340D1915F8015CAB42F4D0581B30BD8A
:1030700010B5431E0A44914200D110BD11F8014B16
:1030800003F8014FF7E7884210B501EB020307D8B8
:10309000421E99420AD011F8014B02F8014FF8E79D
:1030A0008342F5D98118D21AD34200D110BD13F84A
:1030B000014D01F8014DF7E702440346934200D168
:1030C000704703F8011BF9E71F2938B504460D4680
:1030D00004D9162303604FF0FF3038BD426C12B1A3
:1030E00052F821304BB9204600F016F82A46014626
:1030F0002046BDE83840FFF74BB8012B0AD0591CD9
:1031000003D1162303600120E7E7002442F825409D
:10311000284698470020E0E7FFF75ABF10F8012B38
:1031200011F8013B012A28BF9A42F7D0D01A704704
:10313000034613F8012B002AFBD1181A01387047F7
:103140002DE9F0478046894692461E460F463D4689
:10315000089815F8014B00F0E8F82044437813F084
:10316000080332D12D2C32D17C78BD1C0122002ED7
:103170005DD0102E09D1302C07D12B7803F0DF035E
:10318000582B4FD16C7810260235002A14BF4FF00F
:1031900000416FF000410027B1FBF6FC384606FB0A
:1031A0001C1EA4F13003092B17D81C46A64223DDB0
:1031B0007B1C07D084451CD301D1A64519DB00FB3D
:1031C0000640012715F8014BEBE72F46BFE72B2CF4
:1031D00004BFBD1C7C781A46C9E7A4F14103192B32
:1031E00001D8373CE2E7A4F16103192B04D8573C1E
:1031F000DCE74FF0FF37E5E77B1C08D12223C8F856
:1032000000300846BAF1000F07D1BDE8F08702B1DF
:103210004042BAF1000FF8D00FB105F1FF39CAF8FA
:103220000090F2E73024002EAFD10826ADE7302C15
:10323000A3D00A26A9E72DE9F047804689469246A1
:103240001E460F463D46089815F8014B00F06DF8F4
:103250002044437813F0080330D12D2C30D17C78F2
:10326000BD1C0121002E5CD0102E09D1302C07D1BD
:103270002B7803F0DF03582B4ED16C7810260235E3
:103280004FF0FF320023B2FBF6F206FB02FC6FEABE
:103290000C0C1846A4F13007092F17D83C46A6425B
:1032A00023DD002B1EDB82421CD301D1A44519DB98
:1032B00000FB0640012315F8014BEBE72F46C1E761
:1032C0002B2C04BFBD1C7C781946CBE7A4F1410729
:1032D000192F01D8373CE2E7A4F16107192F04D870
:1032E000573CDCE74FF0FF33E5E7002B09DA2223F8
:1032F000C8F800304FF0FF30BAF1000F07D1BDE839
:10330000F08701B14042BAF1000FF8D00BB105F1DE
:10331000FF39CAF80090F2E73024002EB0D1082619
:10332000AEE7302CA4D00A26AAE7D0F8EC0070470C
:1033300082B001B901A942B14BB113780B60127888
:10334000101C18BF012002B070471046FBE76FF059
:103350000100F8E749B1FF2A85BF8A2303600A709C
:103360004FF0FF3098BF01207047084670470000BB
:10337000F8B500BFF8BC08BC9E467047F8B500BF62
:10338000F8BC08BC9E46704700000000000000002A
:10339000000000000000000000000000000000002D
:1033A0000108010842424242010801083ED8E98D65
:1033B0003D0C0200610C0200850C0200A90C020009
:1033C000CD0C0200E10C0200010D02000D0D020007
:1033D000190D0200250D02005D0D0200A50D020071
:1033E00061170200BD550200114E02003551020066
:1033F0004151020059510200312702004D51020093
:10340000654E02002D510200FD34020049270200E2
:10341000012B02002D2A0200DD290200312C0200BE
:103420008D24020069260200792602008D26020002
:10343000A926020059300200A92F0200853502009A
:10344000A5350200B5570200B9570200783A0400CA
:10345000A83A0400D83A0400303C0400014E0200AF
:10346000B14E0200CD3F0200C9370200D55702001D
:10347000CD570200D1570200FD3302001132020085
:10348000813202003128020045280200652802002E
:103490002529020039290200712902008523020032
:1034A000D5260200E9260200ED260200F5260200DC
:1034B0000127020009270200192702002127020024
:1034C00029270200C5310200F5310200A54E020095
:1034D000F9510200255202009152020075220200A9
:1034E00081220200D9220200E122020055260200B8
:1034F0000526020001230200C5230200392502002F
:10350000C92302000D240200752402008524020054
:10351000A13102007D2C0200A52C0200CD2C02005E
:10352000252D0200512D0200052B0200FD2B02006B
:10353000352B0200652B02008D2B0200B52B0200FB
:10354000D52B02005133020075330200993302007B
:10355000BD330200DD330200A5310200B5310200A7
:103560003930020049300200B12D0200B5260200B8
:103570006D2E0200252F0200392F02004D2F020070
:10358000612F0200752F0200892F0200C52602005C
:10359000CD260200BD57020031270200412702005C
:1035A00049270200C5270200C9270200CD270200D3
:1035B000E12702001528020019280200292802002C
:1035C0008529020091290200952902003535020063
:1035D000AD350200C5350200E93502003136020082
:1035E00051360200BD370200D5370200D13E02003D
:1035F00019220400692A0400A52A040015220400E7
:10360000D9270400852504006117020075400200D7
:10361000994002009D400200CD400200F9400200A6
:103620002941020035410200794102009D4102001A
:10363000CD410200F94102000142020009420200AC
:103640001542020025420200310F02005D0F020008
:10365000BD0F0200C90F0200F90F02003510020071
:103660003910020031420200394202009D4202003C
:10367000C142020001450200E9420200F542020097
:10368000FD42020005430200A9430200E14302009B
:10369000ED430200FD430200094402002D440200F4
:1036A000C1440200D1440200E54402007D20020032
:1036B000852002009120020095200200992002003E
:1036C0009D200200A5200200BD200200C9200200AA
:1036D000D5200200E1200200F52002003D21020079
:1036E000412102004D21020051210200612102000E
:1036F000692102006D210200712102007D2102007A
:103700008521020099210200A5210200A9210200C1
:103710004945020059450200AD450200BD45020081
:10372000F545020001460200CD450200D9450200E0
:10373000E54502000D460200214602000547020051
:1037400085470200E9480200ED48020001490200F5
:1037500015490200294902003D4902005149020071
:103760007949020085490200B5490200D5490200A5
:10377000D9490200ED490200494A0200A14A02006B
:10378000AD4A0200F54A02001D4B02002D4B02001B
:10379000354B0200DD4C02000D4D0200754B02005E
:1037A000894B0200ED4B0200014C0200194C020053
:1037B000714C0200994C0200C54C0200CD5502002C
:1037C000DD530200295402006D5402009D54020092
:1037D000B55402001155020059550200655502000A
:1037E00095550200A1550200AD550200A11002003E
:1037F000A5100200BD100200D1100200E910020065
:10380000FD100200611402009D150200611102000A
:103810006511020095110200C1110200411202005F
:103820004D12020091120200051302001D13020046
:10383000451302004D130200910E0200A50E020076
:10384000B90E0200CD0E0200E10E0200F50E0200DC
:10385000090F02001D0F0200655602008D5602007E
:10386000A1560200B5560200C9560200DD560200FC
:10387000F156020005570200B9460200DD4602007B
:1038800001470200794702007D470200814702009C
:10389000E1520200E5520200C5530200D15302007A
:1038A0000D56020059560200010E0200110E0200D0
:1038B0001D0E0200290E02004D0E0200D10D020065
:1038C000ED0D0200650E0200295702005957020053
:1038D0000338FDD870470000010000000000000020
:1038E0000A0000000000000064000000000000006A
:1038F000E8030000000000001027000000000000A6
:10390000A08601000000000040420F0000000000FF
:10391000809698000000000000E1F505000000001E
:1039200000CA9A3B0000000000E40B5402000000B3
:1039300000E87648170000000010A5D4E800000059
:1039400000A0724E1809000000407A10F35A0000DF
:103950004FBB610567ACDD3F182D4454FB21E93FA7
:103960009BF681D20B73EF3F182D4454FB21F93F96
:10397000E2652F227F2B7A3C075C143326A6813C1C
:10398000BDCBF07A8807703C075C143326A6913CC7
:10399000000000000000E03F000000000000E0BF69
:1039A0000000E0FE422EE63F0000E0FE422EE6BFB1
:1039B000763C7935EF39EA3D763C7935EF39EABD29
:1039C0000000000000000000000000000000008077
:1039D00000000040FB21F93F000000002D44743E30
:1039E000000000809846F83C0000006051CC783B15
:1039F00000000080831BF0390000004020257A3849
:103A0000000000802282E336000000001DF36935CB
:103A10003031323334353637383961626364656644
:103A200000000000000000000000000065510300DD
:103A3000BD50030011F0020011F0020019F0020065
:103A400019F0020001F0020021F002002D540300E1
:103A50003DF00200F55403002D5103005DF002001B
:103A6000491602005D16020031520300322E30006A
:103A7000322E3200322E5800080003F900000000F8
:103A80000100000000000000E1210200FD340200FE
:103A9000DD210200AD210200B5210200B9210200A2
:103AA000D9210200BD210200080004F90000000035
:103AB0000300000000000000E1210200FD340200CC
:103AC00000000000D1210200000000000000000002
:103AD00000000000000000000C0002F900000000DF
:103AE0000200000000000000E1210200FD3402009D
:103AF00000000000CD2102000000000000000000D6
:103B00000000000000000000783A04000700626F27
:103B10006F6C65616E000000783A04000900756EF4
:103B2000646566696E656400A83A040000000000E0
:103B300000000000783A040000000000783A040019
:103B4000080066756E6374696F6E0000783A040051
:103B50000900756E646566696E656400783A0400F4
:103B60000800496E66696E6974790000783A04004D
:103B700003004E614E000000783A040009002D4910
:103B80006E66696E69747900783A040004006E7597
:103B90006C6C0000783A04000400747275650000D3
:103BA000783A0400050066616C736500783A040099
:103BB00008005B4F626A6563745D0000783A040038
:103BC0000A005B46756E6374696F6E5D00000000ED
:103BD000783A040006006E756D62657200000000A0
:103BE000783A040006006F626A65637400000000A2
:103BF000783A04000600737472696E670000000072
:103C0000080004F9000000000900000000000000A6
:103C1000194002001140020021400200154002003C
:103C20000000000000000000000000000000000094
:103C30000C0005F900000000040000000000000076
:103C40000D4E0200FD4D0200A13F0200E53F0200C3
:103C50000000000000000000000000000000000064
:103C6000140004F90000000008000000000000003B
:103C7000394D0200454D0200B53F0200F53F0200FC
:103C80000000000000000000000000000000000034
:103C9000080004F900000000070000000000000018
:103CA000094E0200054E0200AD3F0200F13F020046
:103CB0000000000000000000000000000000000004
:103CC0000C0004F9000000000600000000000000E5
:103CD0002D4D0200354D0200993F0200E13F0200E8
:103CE00000000000000000000000000000000000D4
:103CF0000000000000000000D9570200E157020058
:103D0000E5570200D1590200F5D702007D5B0200A1
:103D1000015C02007A76677074756F6965617A7606
:103D2000677074756F6965617A76677074000000FA
:103D3000756E6B6E6F776E001B1B000E110000001E
:103D400015160F18130000001C0B1F251E00000085
:103D50000000000000000000695E02002DDA020091
:103D6000615E0200215E02005D5E020031620200BF
:103D7000555E0200515E02000000000000000000DD
:103D8000D9570200E1570200E557020015800200F2
:103D9000F5D702006D620200996202002DEF020069
:103DA00031EF0200A984020045EF0200B181020058
:103DB000817F02004DEF0200C4FFFFFF0000000002
:103DC000D957020071080300E5570200656202003E
:103DD000F5D7020091620200C562020055424954C3
:103DE0005F4C4F475F46535F565F3030320A0000EA
:103DF000F83D04000800000001000000020000007F
:103E000002000000020000000300000002000000A9
:103E10000400000001000000050000000800000090
:103E20000600000001000000070000000100000083
:103E30000800000001000000000000000000000079
:103E4000D9570200E1570200B96902006562020019
:103E5000F5D702008D640200A56402000000000096
:103E600000000000D9570200E1570200ED6E020089
:103E700065620200F5D70200F16D0200096E0200D2
:103E8000883E040008000000010000000C00000053
:103E90000200000005000000030000000200000016
:103EA0000400000001000000050000000100000007
:103EB00006000000020000000700000003000000F0
:103EC00008000000010000000000000000000000E9
:103ED000D9570200E1570200E5570200656202006F
:103EE000F5D70200056F0200356F0200397202003B
:103EF00079720200A5760200F16E0200CD76020012
:103F0000ED760200F56E0200F8FFFFFF00000000F2
:103F10006D6F0200E5760200FD760200FD6E020084
:103F20007172020051730200C576020000000000A9
:103F30000000000005770200617702007977020037
:103F40000000000000000000D97802001177020094
:103F50001D770200AD2503002977020031770200AA
:103F600059770200C1250300000000000000000096
:103F7000C57D02008D7E0200C97D0200CD7D02005C
:103F8000D97D0200ED7D0200A97E02000000000044
:103F900000000000D9570200E1570200E557020077
:103FA00015800200F5D70200417F02005D7F02000C
:103FB0002DEF020031EF0200A984020045EF02005C
:103FC000B1810200817F02004DEF0200000000007D
:103FD000000000005D8A0200CD840200D18402004E
:103FE000AD250300DD840200B5250300E184020055
:103FF000C1250300F184020041850200FCFFFFFFA0
:1040000000000000D9570200E1570200E557020006
:1040100065620200F5D7020039850200558502006D
:10402000676967676C65000030313032333039388A
:10403000383031393030383434303034343030384E
:10404000383831303233303031363031303033334C
:10405000303032343030303030303030303030305A
:104060003030303030303030303030303030303050
:104070002C3131303233323537303038373431311A
:1040800034343030343430303838383033353230FE
:10409000303539303130303333303030313030300A
:1040A000303030303030303030303030303031300F
:1040B0003030303030303030302C333130323332F9
:1040C00037323930323131303534343032383839B2
:1040D00030383838303039313030363330303030B5
:1040E00030303030323430373030303230303030C1
:1040F00030303030303030303330303030303030BD
:1041000030302C3331303233323732393031303293
:104110003035343430323838393038383830303956
:10412000313030363330303030303030303234307F
:104130003730303032303030303030303030303076
:1041400030333030303030303030302C333130326A
:10415000333237323930313134303534343032382B
:104160003839303838383030393130303633303013
:104170003030303030303234303730303032303030
:10418000303030303030303030303330303030302C
:10419000303030300000000068617070790000003D
:1041A00030313032333139393230363639313134D9
:1041B00034303034343030383838303236323030D1
:1041C00032383030303031383030303230353030D5
:1041D00030303030303030303030303030313030DE
:1041E00030303030303030302C30303233323231C9
:1041F000323930323935303834343032343034308A
:10420000383838303030303030303430303032328E
:104210003430303131303030303030303030303098
:104220003030303030303037353030303030303082
:10423000302C303030303032313239303239353064
:104240003934343032343034303838383031343531
:104250003030303430303032323430303131303050
:10426000303030303030303030303030303030304E
:1042700037353030303030303030000068656C6CAD
:104280006F0000003331303233303637333031395C
:1042900037303234343031313837303838383130E3
:1042A00032333031323830303030303030303234F8
:1042B00030303030303030303030303030303030FE
:1042C0003030303030303030303030302C333030EF
:1042D00030303130363430303136303234343030C2
:1042E0003938313038383830303030303132383099
:1042F00030303030313030303430303030303030B9
:1043000030303030303030303030303030303030AD
:1043100030303030302C333130323331303634308D
:10432000323933303234343030393831303838384B
:10433000313032333031323830303030303130306B
:104340003034303030303030303030303030303069
:1043500030303030303030303030303030300000BD
:104360006D7973746572696F757300003430303025
:10437000303233393030333331303034343032341A
:1043800030343038383830343737303030343030FB
:10439000303232343030313130343030303030300F
:1043A0003030303030303030303038303030303005
:1043B000303030302C3430353531323834353338D4
:1043C00035303030343430303434303038383830C0
:1043D00030303030313238303330313035303031C8
:1043E00036303030303030303030303030303030C7
:1043F0003030383530303035303030313500000035
:104400007361640033313032333232323630373018
:104410003830313434303136323430383838313065
:104420003233303132383030303030313030323475
:10443000303030303030303030303030303030307C
:104440003030303030303030303030302C3331306C
:10445000323331363233303933363032343430302F
:104460003933393038383830303030303132383014
:104470003030303031303032343030303030303035
:10448000303030303030303030303030303030302C
:104490003030303030000000736C6964650000001B
:1044A00031303532303233323530323233303234EB
:1044B00034303234303430383838313032333031CF
:1044C00032383031303230303030313130343030D9
:1044D00030303030303030303030303030313030DB
:1044E00030303030303030302C30313032333235C3
:1044F000323030393130303234343030343430309E
:10450000383838313032333031323830313032327D
:104510003430303131303430303030303030303091
:10452000303030303030313030303030303030308A
:1045300030000000736F6172696E67003231303293
:10454000333430303935333039303534343035392F
:104550003939303838383130323330303232303225
:10456000303030343030303230323530303030303E
:104570003030303030303030303230303030303039
:10458000303030302C343032323333373237323708
:1045900033303134343430303434303038383830EB
:1045A00030303030303331303130323434303030FC
:1045B00033303030303030303030303030303030F8
:1045C000303030303030303030303030300000007B
:1045D000737072696E6700003330363539303033AE
:1045E0003731313633313234343030353837303892
:1045F0003838303830373030333430303030303095
:1046000030303234303030303030303030303030A4
:104610003030303030353030303030303030303095
:104620002C3031303233303033373131363331336F
:104630003434303035383730383838313032333040
:104640003033313030303030303030323430303060
:104650003030303030303030303030303030353055
:104660003030303030303030300000007477696ED8
:104670006B6C65003031303138303030373637329E
:1046800032303934343030373536303838383038E5
:1046900035353031323830303030303030303234FF
:1046A000303030303030303030303030303030300A
:1046B00030303030303030303030303000000000BA
:1046C0007961776E0000000032303030303232389D
:1046D00031313333323032343430313530303038B8
:1046E00038383130323330313238303130323431A1
:1046F00030303234303430303033303030303030AD
:1047000030303030303130303030303030303030A8
:104710002C3030353331323532303039313030327F
:104720003434303034343030383838303633363052
:104730003132383031303232343030313130333060
:104740003030303030303030303030303030313068
:104750003030303030303030302C30303832323051
:104760003738343031393030383434303034343014
:10477000303838383036383130303136303030300B
:104780003535303032343030303030303030303019
:104790003030303030303030353030303030303014
:1047A00030302C30303437393037383430313930DC
:1047B00030383434303034343030383838303239BE
:1047C00038303031363030303030303030323430D4
:1047D00030303030303030303030303030303030D9
:1047E00030353030303030303030302C30303332C3
:1047F0003130373834303139303038343430303487
:10480000343030383838303130383030313630307C
:10481000303033333030303830303030303030308A
:104820003030303030303030303035303030303083
:1048300030303030000000000000000000000000B8
:104840005993020061930200699302008193020070
:10485000899302009193020099930200A9930200A8
:10486000B9930200C5930200D5930200DD930200C4
:10487000E5930200ED930200FD930200059402000F
:104880000D940200259402002D940200359402003C
:104890003D940200459402004D940200859402006C
:1048A000899402008D940200C1940200000000006F
:1048B0000000000059930200619302006993020016
:1048C000CD9702008993020091940200999302000F
:1048D000A9930200B9930200C5930200D593020088
:1048E000DD930200E593020095940200F597020023
:1048F000A594020099950200259402002D940200CF
:10490000359402003D940200459402004D9402004B
:104910008594020089940200259502000D960200FC
:10492000CD9402004D980200A9940200AD940200BB
:10493000E8FFFFFF00000000D9570200E157020026
:104940001D95020065620200F5D702005D95020028
:10495000C9950200E0FFFFFF00000000A9980200D7
:10496000A9250300B9940200AD250300C5950200F6
:10497000B5250300BD250300C1250300A44904009B
:104980000C000000D449040006000000EC490400BB
:1049900004000000FC49040007000000184A04005D
:1049A000070000000000803F6D56853F0000903FEB
:1049B0009A99993F0000A03F93A9AA3FA301B43F51
:1049C0000000C03FCDCCCC3F6D56D53F6666E63F7C
:1049D0000000F03F0000803F0000903F0000A03F3B
:1049E000A301B43FCDCCCC3F6666E63F0000803FDC
:1049F0009A99993FA301B43F6D56D53F0000803F7F
:104A00000000903F0000A03F93A9AA3F0000C03FD4
:104A10006D56D53F0000F03F0000803F0000903F02
:104A20009A99993F93A9AA3F0000C03FCDCCCC3FB3
:104A30006666E63FFFFF14000500FFFFFFFFFFFF74
:104A4000FFFFFFFFFFFF00FFFFFF000000FFFFFF72
:104A5000FFFFFFFFFF00FFFFFF000000FF0000005F
:104A60000000FFFF00FFFFFF000000FF000000004C
:104A7000000000000000FFFFFFFFFFFFFF00FFFF3F
:104A8000FF000000FF0000000000FFFFFFFFFFFF2E
:104A9000FFFFFFFFFFFF00FFFFFF000000FF000020
:104AA0000000FFFF00FF00FF00FF00FFFFFF00FF0F
:104AB00000FF00FF0000FFFF00000000D8ECF0F452
:104AC000F8FC0004302C302C3235352C302C300AD8
:104AD000302C3235352C302C302C300A3235352CF8
:104AE0003235352C3235352C3235352C3235350AC8
:104AF000302C3235352C302C302C300A302C302CE8
:104B00003235352C302C300A00000000302C302C8F
:104B1000302C302C300A302C302C302C302C3235CC
:104B2000350A302C302C302C3235352C300A3235C9
:104B3000352C302C3235352C302C300A302C323597
:104B4000352C302C302C300A000000003235352C4A
:104B5000302C302C302C3235350A302C3235352C77
:104B6000302C3235352C300A302C302C3235352C67
:104B7000302C300A302C3235352C302C3235352C57
:104B8000300A3235352C302C302C302C3235350A69
:104B9000000000005265626F6F744D6F6465000025
:104BA000205B00005D000000205632000000000085
:104BB00000000000D9570200E1570200A19B02004B
:104BC000759C0200F5D70200719B02001D9E020039
:104BD00043616C6C696F7065206D696E69000000DF
:104BE00001AA0000666C617368496E636F6D706C3A
:104BF00065746500E97D0000251D470AA062FA1969
:104C000022DFA9A80000000000000000ADAC0200F7
:104C100005D2020005D2020091AA020095AA020064
:104C200035D2020005D2020005D20200BDD4020036
:104C300009D2020011D50200E5D5020021D20200FE
:104C400000000000000000002D5E0300CD5E0300A8
:104C50005D5B030061650300755B0300C95C0300D5
:104C6000E15B0300F15B0300255C0300315C0300A2
:104C7000D59302004D61030051660300415C0300BF
:104C80001D5D0300695F0300515C0300695C030064
:104C90002D9402003594020009640300B9630300F7
:104CA000B15D0300415B0300955F030071B002003A
:104CB000B9B00200E8FFFFFF00000000D957020072
:104CC000390C0300E5570200250D0300F5D702005B
:104CD00095B00200E1B002007D0D0300150C030049
:104CE000DD0D0300DCFFFFFF00000000310C0300BE
:104CF000FFFFFFFF000000010002000300040100AD
:104D00000101010201030104020002010202020387
:104D1000020403000301030203030304040004016B
:104D2000040204030404000000000000000000006E
:104D3000695E020065B10200615E0200215E020050
:104D40005D5E020031620200555E020069B202003F
:104D500061C6010061B10200ADB20200C9180200D3
:104D60002D1E0200FCFFFFFF00000000EDB6020058
:104D7000D1B20200D9B2020065620200F5D702008A
:104D8000911A02005D1C02000000000000000000FB
:104D9000D9570200E1570200E557020065620200A0
:104DA000B5BC0200F5B6020021B702000000000009
:104DB00000000000D9570200E1570200E557020049
:104DC00065620200F5D70200E9BD0200FDBD0200E8
:104DD00089E8020051E8020059E8020055E80200A3
:104DE000A1BD0200C5BD0200B1EB02000000000041
:104DF00000000000D9570200E1570200E557020009
:104E000065620200F5D702009DBF0200B1BF02003B
:104E100055BF0200E9EC02007DEC020079BF020000
:104E200081EC0200302C3235352C302C3235352CCB
:104E3000300A302C3235352C302C3235352C300AB6
:104E4000302C302C302C302C300A3235352C302C94
:104E5000302C302C3235350A302C3235352C323569
:104E6000352C3235352C300A0000000054494C54A2
:104E700020544F2046494C4C2053435245454E2028
:104E800000000000636F6D7061737343616C00001C
:104E90000000010002000300040000010101020102
:104EA00003010401000201020202030204020003E2
:104EB00001030203030304030004010402040304C6
:104EC00004040000D8ECF0F4F8FC0004000000003A
:104ED00000000000D9570200E1570200B1CC0200E7
:104EE000BDCF0200F5D7020079CC020091CC0200C0
:104EF000000000000000000005D2020005D2020000
:104F000005D20200253004002530040035D202000D
:104F100005D2020005D20200BDD4020009D202006F
:104F200011D50200E5D5020021D2020000000000E8
:104F300000000000D9570200E1570200E5570200C7
:104F400065620200F5D7020081D70200BDD70200DA
:104F50000000000000000000D9570200E1570200E5
:104F6000E557020065620200F5D70200000000006C
:104F700000000000253004000000000000000000D8
:104F8000D9570200E1570200E557020065620200AE
:104F9000F5D70200000000000000000089E80200D0
:104FA00051E8020059E8020055E8020025300400EB
:104FB00025300400B1EB02000000000000000000FA
:104FC000D9570200E1570200E5570200656202006E
:104FD000F5D70200000000000000000025300400AA
:104FE000E9EC02007DEC02002530040081EC0200B7
:104FF0000000000000000000D9570200E157020045
:10500000E557020065620200F5D702006DEF02006D
:1050100095EF02002DEF020031EF020035EF0200A4
:1050200045EF020049EF020049EF02004DEF020098
:10503000000000000000000039F2020009F0020048
:1050400011F0020011F0020019F0020019F0020044
:1050500001F0020021F00200C1F002003DF0020068
:1050600055F102007DF002005DF00200000000003A
:105070000000000039F20200000000000000000003
:1050800039F20200253004002530040025300400E8
:1050900025300400F9F30200253004002530040017
:1050A000A1F20200CDF802000000000000000000A4
:1050B000F8FFFFFF00000000D9570200E15702008F
:1050C00021F4020065620200F5D702000000000032
:1050D000000000000000000000000000F5FD0200DC
:1050E000E5FD02000000000000000000D9570200AA
:1050F00071080300E557020065620200F5D702005F
:105100000D0503004D050300000000000000000035
:10511000D9570200390C0300E5570200250D0300A2
:10512000F5D70200D50B0300F10B03007D0D030042
:10513000150C0300DD0D0300F4FFFFFF000000006D
:10514000310C0300545104000400000074510400A9
:105150000900000002000000000000000400000040
:1051600010000000080000002000000010000000F7
:10517000300000006902000080000000E80200002A
:1051800090000000C40900007000000088130000B7
:10519000600000001027000050000000204E0000BA
:1051A00040000000409C000030000000A08601008C
:1051B0002000000040420F0010000000000000002E
:1051C00000000000D9570200E1570200E912030075
:1051D000C9130300F5D7020099130300AD130300B0
:1051E00089E8020051E8020059E8020055E802008F
:1051F000F112030001140300B1EB02000452040099
:1052000004000000102700000C000000204E0000E9
:105210000800000050C3000004000000A086010048
:10522000000000000000000000000000D95702004C
:10523000E157020031150300D9150300F5D702002C
:10524000A9150300BD15030039150300E9EC0200A0
:105250007DEC02001116030081EC0200000000004A
:105260000000000005170300B5D7020035DA020080
:105270001517030000000000000000008D1C030053
:10528000111803007917030019170300A919030067
:10529000351A0300F4FFFFFF00000000D957020099
:1052A000E1570200E557020065620200F5D70200EF
:1052B0002D1A0300491A030000000000000000003E
:1052C000D9570200E1570200E5570200656202006B
:1052D000F5D70200591D03006D1D0300FD1C0300DE
:1052E0000000000000000000D9570200390C030044
:1052F000E5570200250D0300F5D702002D2103001C
:10530000552103007D0D0300B5220300F9200300A1
:10531000F4FFFFFF00000000D522030000000000A2
:1053200000000000D9570200E1570200E5570200D3
:1053300065620200F5D702002125030091250300D4
:1053400069230300DD220300B523030000000000F1
:105350000000000041260300A9250300A525030045
:10536000AD250300B1250300B5250300BD250300CD
:10537000C125030000000000000000009526030086
:10538000CD250300DD250300F1250300E9250300F9
:10539000B52503002126030031260300DD26030086
:1053A000FCFFFFFF00000000692703000000000071
:1053B00000000000C5250300000000000000000000
:1053C000D9570200E1570200E5570200656202006A
:1053D000F5D7020089280300A9280300D12803007B
:1053E000F8FFFFFF00000000CD2B030000000000CD
:1053F00000000000E9300300BD2E0300612E030011
:10540000812E0300992E0300A92E0300B92E03005C
:10541000FCFFFFFF000000006D300300A925030022
:1054200079300300AD250300792E0300912E03008F
:10543000A12E0300B12E03000000000000000000B8
:1054400019310300F1300300F5300300013103008E
:1054500009310300113103001D320300C12503008F
:1054600065310300FCFFFFFF000000001532030060
:1054700000000000000000001D350300D1340300CF
:10548000A535030051360300D93303005934030016
:1054900091340300FCFFFFFF00000000D957020019
:1054A000E1570200E557020065620200F5D70200ED
:1054B00089340300C934030000000000000000002C
:1054C0002938030025340300B53303003D340300BD
:1054D000C1330300CD3303009D360300F1350300D3
:1054E0008D3303001934030091330300FCFFFFFFE9
:1054F00000000000AD3303000000000000000000C9
:10550000000000000000000000000000000001009A
:10551000010001000100020002000200030003007C
:105520000300040004000500050006000600070053
:10553000070008000800090009000A000B000B0022
:105540000C000D000D000E000F00100010001100E7
:1055500012001300140015001600160017001800A2
:1055600019001A001B001C001D001E002000210055
:1055700022002300240025002600280029002A00FC
:105580002B002D002E002F0031003200330035009B
:105590003600380039003A003C003D003F00400032
:1055A000420044004500470048004A004C004D00BE
:1055B0004F005100520054005600570059005B0044
:1055C0005D005F00600062006400660068006A00C1
:1055D0006C006E00700072007400760078007A0033
:1055E0007C007E00800082008400860088008A00A3
:1055F0008D008F0091009300950098009A009C0008
:105600009E00A100A300A500A700AA00AC00AF0067
:10561000B100B300B600B800BB00BD00BF00C200BF
:10562000C400C700C900CC00CE00D100D300D60012
:10563000D800DB00DE00E000E300E500E800EB005E
:10564000ED00F000F300F500F800FB00FD000001A4
:105650000301060108010B010E01110113011601DE
:1056600019011C011F012101240127012A012D011B
:1056700030013301350138013B013E014101440154
:1056800047014A014D0150015301560159015C0186
:105690005F016201650168016B016E0171017401B6
:1056A00077017A017D0180018301860189018C01E6
:1056B0008F019201950198019B019E01A101A40116
:1056C000A801AB01AE01B101B401B701BA01BD013E
:1056D000C001C401C701CA01CD01D001D301D60167
:1056E000D901DD01E001E301E601E901EC01EF018F
:1056F000F201F601F901FC01FF01020205020802B4
:105700000C020F021202150218021B021E022102D5
:10571000250228022B022E023102340237023A02FD
:105720003E024102440247024A024D025002530225
:1057300056025A025D0260026302660269026C024E
:105740006F027202750278027B027E02810284027D
:1057500087028A028D0290029302960299029C02AD
:105760009F02A202A502A802AB02AE02B102B402DD
:10577000B702BA02BD02C002C302C602C902CB020E
:10578000CE02D102D402D702DA02DD02DF02E20247
:10579000E502E802EB02ED02F002F302F602F80283
:1057A000FB02FE0201030303060309030B030E03BE
:1057B00011031303160319031B031E032003230302
:1057C000260328032B032D0330033203350337034D
:1057D0003A033C033F0341034303460348034B039F
:1057E0004D034F0352035403570359035B035D03F7
:1057F000600362036403660369036B036D036F0355
:1058000071037403760378037A037C037E038003B9
:1058100082038403860388038A038C038E03900328
:1058200092039403960398039A039C039E039F0399
:10583000A103A303A503A703A803AA03AC03AD0315
:10584000AF03B103B203B403B603B703B903BA039A
:10585000BC03BE03BF03C103C203C403C503C60325
:10586000C803C903CB03CC03CD03CF03D003D103BB
:10587000D303D403D503D603D803D903DA03DB0358
:10588000DC03DD03DE03E003E103E203E303E403FF
:10589000E503E603E703E803E803E903EA03EB03B0
:1058A000EC03ED03EE03EE03EF03F003F103F1036A
:1058B000F203F303F303F403F503F503F603F6032E
:1058C000F703F703F803F803F903F903FA03FA03FC
:1058D000FB03FB03FB03FC03FC03FC03FD03FD03D1
:1058E000FD03FD03FE03FE03FE03FE03FE03FE03B2
:1058F000FE03FE03FE03FE03FF03FE0300000000A1
:105900000008080800080A4A4000000A5FEA5FEA47
:105910000ED92ED36E19324489330C924C924D0815
:105920000800000004880808040804848488000A29
:10593000448A4000048EC480000000048800000EE9
:10594000C000000000080001224488100C9252524E
:105950004C048C84848E1C824C901E1EC244924C3B
:1059600006CA525FE21FF01EC13E02448ED12E1FB6
:10597000E24488100ED12ED12E0ED12EC4880008FC
:1059800000080000048004880244880482000EC0DD
:105990000EC008048244880ED126C0040ED135B34F
:1059A0006C0C925ED2521C925C925C0ED010100E67
:1059B0001C9252525C1ED01C901E1ED01C90100EC9
:1059C000D013712E12525ED2521C8808081C1FE29E
:1059D00042524C1254981492101010101E113B7524
:1059E000B131113935B3710C9252524C1C925C900A
:1059F000100C92524C861C925C92510ED00C825C20
:105A00001FE4848484125252524C1131312A4411C1
:105A10003135BB7112524C9252112A4484841EC4F7
:105A200088101E0EC808080E10080482410EC242DB
:105A3000424E048A400000000000001F080480005D
:105A400000000ED2524F10101C925C000ED0100EAF
:105A500002424ED24E0C925C900E06C81C88080E74
:105A6000D24EC24C10101C92520800080808024086
:105A700002424C10149814920808080806001B757E
:105A8000B131001C925252000C92524C001C925C9C
:105A900090000ED24EC2000ED010100006C804981E
:105AA00008080EC807001252524F0011312A440054
:105AB000113135BB00124C8C9200112A4498001E03
:105AC000C4881E06C48C8486080808080818080CB8
:105AD000881800000C836000FFFF01000000000038
:105AE000FFFF0000FFFF0000F05A04000800000064
:105AF000020000000100000003000000020000009E
:105B00000400000003000000050000000400000085
:105B10001C000000050000001D0000000600000041
:105B20001E000000070000001F0000000800000029
:105B30000000000000000000F5450300E1450300FF
:105B4000ED450300AD250300B1450300B545030055
:105B5000C54503001D4C03000000000000000000CC
:105B6000D9570200E1570200E5570200714B0300CC
:105B7000F5D7020005460300A1460300794E030055
:105B8000F8FFFFFF00000000A94E03000000000026
:105B90000000000065510300BD50030011F0020039
:105BA00011F0020019F0020019F0020001F00200E9
:105BB00021F002002D5403003DF00200F5540300D3
:105BC0002D5103005DF002001D510300215103001F
:105BD000315203000000000000000000D95702000D
:105BE000E1570200E557020065620200F5D70200A6
:105BF000C955030045560300DD5903000D56030047
:105C0000F8FFFFFF000000005D5A0300F4FFFFFFF4
:105C1000000000003D5603000000000000000000EE
:105C20002D5E0300CD5E03005D5B03006165030034
:105C3000755B0300C95C0300E15B0300F15B0300DB
:105C4000255C0300315C0300D59302004D61030025
:105C500051660300415C03001D5D0300695F0300A2
:105C6000515C0300695C03002D940200359402002E
:105C700009640300B9630300B15D0300415B0300E5
:105C8000955F03009DBD020049BF020002000000B5
:105C900004000000060000000000000000000000FA
:105CA00039F20200F5680300BD6603005D6703007A
:105CB000B16A0300296A0300696A0300716703007F
:105CC00075670300000000000000000039F20200C8
:105CD000CD6B0300E16A0300F16A0300956B0300DA
:105CE000F9F30200696C0300C56B0300A1F2020026
:105CF000CDF80200C16D0300696E0300FD6C030066
:105D0000F8FFFFFF00000000D9570200E157020032
:105D100021F40200B96D0300F5D70200616E0300A3
:105D20007D6E03000000000000000000D957020053
:105D3000E1570200E557020065620200F5D7020054
:105D40004171030055710300A9720300D172030071
:105D5000B52303000000000000000000D957020036
:105D6000E1570200E5570200E9740300F5D702008D
:105D7000B1740300C974030079640200F97203006E
:105D80002973030065730300857303009D7303008B
:105D900039750300C9730300E97303001974030024
:105DA0004D740300B9750300817503006D74030021
:105DB000F572030000300040030000000F000000F7
:105DC00000400040040000000F00000000300240CE
:105DD000230000000C000000002000400200000032
:105DE0001000000000F002402F000000040000003E
:105DF00000800240280000001000000000000000A9
:105E000000000000797C0300717C0300A5250300DD
:105E1000AD250300757C0300B5250300BD250300F7
:105E2000C125030001000600000000002C3D0020F9
:105E3000258003009C660400A066040004000000A6
:105E4000010006003440002000100201B866040082
:105E5000C866040008000000A8660400B8660400D4
:105E600008000000A0660400A86604000800000006
:105E7000446604007C660400080000007C660400A0
:105E80009C6604000800000050EADA308883B89F5E
:105E9000604F15F30000C98E0000FFFFDEC0ADDECD
:105EA000FE011EF1DEC0ADDEFF011EF1001000009C
:105EB000040000000100000069DA030045DA030075
:105EC00035DA03008DDC030039DC030009DA030056
:105ED0000DDA030011DA03000100FFFF00000000EB
:105EE0000100000001000100F45E04000100010057
:105EF000F85E040001000000000000000000000047
:105F000000000000E9F1030009F2030025F203009C
:105F1000000000000000000061F2030045F20300F1
:105F200049F20300AD25030055F2030059F20300C6
:105F3000BD250300C125030061636F7300000000ED
:105F400061636F73680000006173696E0000000098
:105F50006174616E68000000636F73680000000088
:105F600065787000666D6F64000000006C6F6700FC
:105F70006C6F67313000000073696E6800000000CC
:105F800073717274000000006C6F6731306600003E
:105F9000706F776600000000737172746600000015
:105FA000FB21F93FFB2109407CD91240FB2119401C
:105FB0007A6A1F407CD92240BBFD2540FB21294045
:105FC0003A462C407A6A2F405C4731407CD93240B7
:105FD0009C6B3440BBFD3540DB8F3740FB213940A3
:105FE0001BB43A403A463C405AD83D407A6A3F405A
:105FF0004C7E40405C4741406C1042407CD942405E
:106000008CA243409C6B4440AC344540BBFD4540B2
:10601000CBC64640DB8F4740EB584840FB21494008
:1060200083F9A200444E6E00FC291500D1572700C9
:10603000DD34F50062DBC0003C99950041904300DF
:106040006351FE00BBDEAB00B761C5003A6E2400B1
:10605000D24D42004906E00009EA2E001C92D10010
:10606000EB1DFE0029B11C00E83EA700F5358200BB
:1060700044BB2E009CE98400B4267000417E5F0082
:10608000D6913900538339009CF439008B5F84002A
:1060900028F9BD00F81F3B00DEFF97000F980500B0
:1060A000112FEF000A5A8B006D1F6D00CF7E360056
:1060B00009CB2700464FB7009E663F002DEA5F00E0
:1060C000BA277500E5EBC7003D7BF100F739070003
:1060D00092528A00FB6BEA001FB15F00085D8D00E1
:1060E000300356007BFC4600F0AB6B0020BCCF00B9
:1060F00036F49A00E3A91D005E619100081BE600DA
:1061000085996500A0145F008D40680080D8FF006D
:1061100027734D0006063100CA561500C9A8730042
:106120007BE260006B8CC000000FC93F000F49404C
:1061300000CB9640000FC9400053FB4000CB1641F6
:1061400000ED2F41000F49410031624100537B4176
:10615000003A8A4100CB9641005CA34100EDAF417B
:10616000007EBC41000FC94100A0D5410031E24191
:1061700000C2EE410053FB4100F20342003A0A42E2
:106180000083104200CB164200141D42005C2342E3
:1061900000A5294200ED2F4200363642007E3C42E7
:1061A00000C74242000F4942A2000000F90000006F
:1061B000830000006E0000004E000000440000005C
:1061C0001500000029000000FC000000270000006E
:1061D00057000000D1000000F5000000340000006E
:1061E000DD000000C0000000DB00000062000000D5
:1061F00095000000990000003C00000043000000F2
:106200009000000041000000FE000000510000006E
:1062100063000000AB000000DE000000BB000000D7
:10622000C500000061000000B7000000240000006D
:106230006E0000003A000000420000004D00000027
:10624000D2000000E000000006000000490000004D
:106250002E000000EA00000009000000D10000004C
:10626000920000001C000000FE0000001D00000065
:10627000EB0000001C000000B1000000290000003D
:10628000A70000003E000000E800000082000000BF
:1062900035000000F50000002E000000BB000000EB
:1062A0004400000084000000E90000009C000000A1
:1062B0007000000026000000B40000005F00000035
:1062C0007E00000041000000390000009100000045
:1062D000D6000000390000008300000053000000D9
:1062E00039000000F40000009C0000008400000061
:1062F0005F0000008B000000BD000000F9000000FE
:10630000280000003B0000001F000000F800000013
:1063100097000000FF000000DE0000000500000004
:10632000980000000F000000EF0000002F000000A8
:10633000110000008B0000005A0000000A0000005D
:106340006D0000001F0000006D000000360000001E
:106350007E000000CF00000027000000CB000000FE
:1063600009000000B70000004F00000046000000D8
:106370003F000000660000009E0000005F0000007B
:10638000EA0000002D00000075000000270000005A
:10639000BA000000C7000000EB000000E5000000AC
:1063A000F10000007B0000003D000000070000003D
:1063B00039000000F70000008A00000052000000D1
:1063C00092000000EA0000006B000000FB000000EB
:1063D0005F000000B10000001F0000008D00000001
:1063E0005D000000080000005600000003000000EF
:1063F0003000000046000000FC0000007B000000B0
:106400006B000000AB000000F0000000CF000000B7
:10641000BC000000200000009A000000F400000012
:10642000360000001D000000A9000000E30000008D
:1064300091000000610000005E000000E600000026
:106440001B0000000800000065000000990000002B
:10645000850000005F00000014000000A0000000A4
:1064600068000000400000008D000000FF000000F8
:10647000D8000000800000004D0000007300000004
:1064800027000000310000000600000006000000A8
:106490001500000056000000CA0000007300000054
:1064A000A8000000C900000060000000E200000039
:1064B0007B000000C00000008C0000006B000000AA
:1064C00002000000030000000400000006000000BD
:1064D0000000C93F0000F0390000DA370000A233A5
:1064E0000000842E0000502B0000C2270000D022A4
:1064F0000000C41F0000C61B000044170400000079
:1065000007000000090000003863ED3EDA0F493F44
:106510005E987B3FDA0FC93F6937AC31682122337F
:10652000B40F14336821A2330000004B000000CBED
:10653000F82000204300504F534958002E000020FF
:106540002020202020202020282828282820202023
:1065500020202020202020202020202020202088D3
:106560001010101010101010101010101010100437
:106570000404040404040404041010101010101087
:10658000414141414141010101010101010101017B
:106590000101010101010101010110101010101091
:1065A000424242424242020202020202020202024B
:1065B0000202020202020202020210101010200067
:1065C00000000000000000000000000000000000CB
:1065D00000000000000000000000000000000000BB
:1065E00000000000000000000000000000000000AB
:1065F000000000000000000000000000000000009B
:10660000000000000000000000000000000000008A
:10661000000000000000000000000000000000007A
:10662000000000000000000000000000000000006A
:10663000000000000000000000000000000000005A
:046640000000000056
:10664400359103000000000055970300403A0020F4
:10665400358F030000000000B5A203000000000015
:10666400F9D5020000000000B9BE03009C400020E0
:0866740031A00200000000004B
:10667C00B57D02000000000009C902000000000006
:10668C00E9DB030000000000F5C00300000000007F
:04669C00F1A5020062
:0866A000F5DB0300000000001F
:1066A80045BD03000000000049BE030000000000D3
:1066B80021A602000000000021DA0300000000000B
:0866C80074A4FD7F0100000035
:1066D000000000006C3A0400703A0400743A0400B0
:1066E000A10D0C008C490400944904009C4904004D
:1066F0007C49040084490400303D0400D04B040070
:10670000060000007D0000000138FDD1704700BF89
:10671000112E0300112E0300152E03001D2E030061
:10672000212E0300292E0300312E0300392E0300F1
:106730003D2E0300412E0300412E0300753003005F
:10674000452E0300492E03004D2E03004D2E03005D
:10675000592E03005D2E0300FC580400FFFFFFFFCD
:10676000344400200090D0030010014011000400C8
:10677000FFFFFFFFFFFFFFFFFFFFFFFFFFFFFFFF29
:106780003D300400F8200020000000000000000060
:1067900000000000000000000000000000000000F9
:1067A00000000000000000000000000000000000E9
:1067B00000000000000000000000000000000000D9
:1067C00000000000000000000000000000000000C9
:1067D00000000000000000000000000000000000B9
:1067E0000000000000000000430000000000000066
:1067F0000000000000000000000000000000000099
:106800000000000000000000430000000000000045
:106810000000000000000000000000000000000078
:106820000000000000000000430000000000000025
:106830000000000000000000000000000000000058
:106840000000000000000000430000000000000005
:106850000000000000000000000000000000000038
:1068600000000000000000004300000000000000E5
:106870000000000000000000000000000000000018
:1068800000000000000000004300000000000000C5
:1068900000000000000000000000000000000000F8
:1068A00000000000000000004300000000000000A5
:1068B00000000000000000000000000000000000D8
:1068C00000000000000000005533040031330400D4
:1068D000000000003E6504003C6504003D650400C6
:1068E0003D6504003D6504003D6504003D65040010
:1068F0003D6504003D6504003D6504003D65040000
:10690000FFFFFFFFFFFFFFFFFFFFFFFFFFFF000095
:10691000010041534349490000000000000000000D
:106920000000000000000000000000000000000067
:1069300000004153434949000000000000000000EE
:106940000000000000000000000000000000000047
:1069500000000000F0B50F0D11F0FF01012414FA42
:1069600001F114461D4603461BE0996008220642C9
:1069700008BF5FF00302013AFDD1D960042206424C
:1069800008BF5FF00602760805D000BF00BF00BF59
:10699000013AFDD1E9E7023A013AFDD10134013D66
:1069A00005DD802620787843000AD960DDE7D960CC
:1069B000F0BD00FA0004FFFF03011818181818189A
:1069C00018180100210B020099180200F93F02007B
:1069D000159102003DD10200AD390300BD40030016
:1069E000794403002D780300FD0A02000000000036
:1069F0000000000045CF0300000000000000000080
:020000040007F3
:1070000000000220F97207002173070023730700B4
:10701000257307002773070029730700000000008D
:107020000000000000000000000000001DB5070087
:107030002D730700000000002F7307003173070055
:10704000337307003373070033730700337307008C
:10705000337307003373070033730700337307007C
:10706000337307003373070033730700337307006C
:10707000337307003373070033730700337307005C
:10708000998E0700337307003373070033730700CB
:1070900033730700337307001DB70700337307000E
:1070A000337307003373070033730700337307002C
:1070B0003373070033730700000000000000000076
:1070C000337307003373070033730700337307000C
:1070D0001D8B0700337307003373070033730700FA
:1070E00033730700000000000000000000000000F3
:1070F0000000000033730700000000003373070036
:10710000000000000000000000000000000000007F
:10711000000000000000000000000000000000006F
:10712000000000000000000000000000000000005F
:10713000000000000000000000000000000000004F
:10714000000000000000000000000000000000003F
:10715000000000000000000000000000000000002F
:10716000000000000000000000000000000000001F
:10717000000000000000000000000000000000000F
:1071800000000000000000000000000000000000FF
:1071900000000000000000000000000000000000EF
:1071A00000000000000000000000000000000000DF
:1071B00000000000000000000000000000000000CF
:1071C00000000000000000000000000000000000BF
:1071D00000000000000000000000000000000000AF
:1071E000000000000000000000000000000000009F
:1071F000000000000000000000000000000000008F
:107200000348044B834202D0034B03B11847704735
:10721000A02B0020A02B00200000000005480649FC
:107220000B1AD90F01EBA301491002D0034B03B194
:1072300018477047A02B0020A02B00200000000062
:1072400010B5064C237843B9FFF7DAFF044B13B1AE
:107250000448AFF300800123237010BDB42B00203D
:1072600000000000B0D2070008B5044B1BB1044970
:107270000448AFF30080BDE80840CFE700000000FD
:10728000B82B0020B0D20700A3F5803A704700BFAA
:10729000154B002B08BF114B9D46FFF7F5FF002152
:1072A0008B460F461148124A121A05F00FFC0C4B80
:1072B000002B00D098470B4B002B00D098470020A4
:1072C000002104000D000B4805F0DEFA05F010FB6C
:1072D0002000290001F020F905F0DCFA0000080088
:1072E000000000000000000000000220B42B00207D
:1072F0004C520020BDC807000649074A074B9B1A9D
:1073000003DD043BC858D050FBDC00F023F8FFF746
:10731000BFFF000020D30700E82A0020B42B002084
:10732000FEE7FEE7FEE7FEE7FEE7FEE7FEE7FEE735
:10733000FEE7FEE7054B1B680D2B01BF044B1868E9
:10734000B0FA80F0400918BF0020704730010010EB
:107350003401001008B5FFF7EDFF40B14FF0804356
:107360000022C3F80C21C3F81021C3F83825FFF719
:10737000E1FF002846D04FF080524D4BD2F8041464
:10738000C3F82015D2F80814C3F82415D2F80C1449
:10739000C3F82815D2F81014C3F82C15D2F8141419
:1073A000C3F83015D2F81814C3F83415D2F81C14E9
:1073B000C3F84015D2F82014C3F84415D2F82414A9
:1073C000C3F84815D2F82814C3F84C15D2F82C1479
:1073D000C3F85015D2F83014C3F85415D2F8341449
:1073E000C3F86015D2F83814C3F86415D2F83C1409
:1073F000C3F86815D2F84014C3F86C15D2F84424C9
:10740000C3F87025FFF796FF48B14FF08043D3F8DB
:107410000024D20744BF6FF00102C3F80024254ABC
:10742000D2F8883043F47003C2F88830BFF34F8F2E
:10743000BFF36F8F4FF01023D3F80022002A03DB35
:10744000D3F80432002B2FDA1B4B0122C3F804259A
:10745000D3F80024002AFBD04FF010221221C2F8EA
:107460000012D3F80024002AFBD04FF01023122280
:10747000C3F80422104B1A46D3F800140029FBD09D
:107480000021C3F80415D2F80034002BFBD0BFF361
:107490004F8F0849094BCA6802F4E0621343CB607E
:1074A000BFF34F8F00BFFDE7054B064A1A6008BDCA
:1074B00000C0004000ED00E000E001400400FA05DB
:1074C000E82A00200090D0034B1C30B5DB000446B6
:1074D00012F003009BB20DD1074D2A601A44074BEE
:1074E0001A60074B1870074B1870074B1C80074B2E
:1074F000198030BD0720FCE7D82B0020D42B0020BA
:10750000D02B0020E02B0020DC2B0020DE2B0020E5
:107510002DE9F3472B4F3B888B4206460D4690469C
:107520004BD300240DF107008DF8074000F086F8DA
:10753000254B26481A78264B008893F800C08445CE
:107540005FFA8CF138BF4C1CD2B238BFE4B2A24211
:107550002DD01C781A78D1B2904286BF0131C9B2C1
:10756000002119709DF8070000F08CF84FF6FF73AA
:107570009C4224D0DFF86090D9F800204FEAC40A7A
:1075800042F8348002EBC403A6B19DB1114B388898
:107590001B682A4604FB0030314605F0FDF9D9F896
:1075A0000030534400209D8002B0BDE8F0874FF6C4
:1075B000FF74D7E700209880F6E70920F4E704205D
:1075C000F2E700BFDC2B0020E02B0020DE2B0020A8
:1075D000D02B0020D42B0020D82B0020F8B5114C44
:1075E000114D264622782B789A4200D1F8BD0F48DB
:1075F0000F4A2378126807880E4802EBC30100681F
:1076000052F83320898803FB070090470A49227803
:107610000988D3B2914286BF0133DBB200233370B5
:10762000E0E700BFE02B0020D02B0020DC2B002067
:10763000D82B0020D42B0020DE2B002070B5EFF3D8
:10764000108672B60C4A946801239CB993600B4B68
:107650000B4DD3F8801029401160C3F88050D3F847
:10766000841051604FF0FF32C3F88420047006B9D3
:1076700062B670BD0370FAE7C04E002000E100E082
:10768000FC06FFBD10B5084B9A685AB150B9EFF32C
:10769000108172B6054A1C6814605C68546098607A
:1076A00001B962B610BD00BFC04E002000E100E08D
:1076B00030B53AB11368DB430A4D0144814204D12D
:1076C000D84330BD4FF0FF33F6E710F8012B53409D
:1076D000082213F0010418BF2C46013A84EA530330
:1076E000F7D1EBE72083B8ED10B561B1B2FBF3F44D
:1076F00003FB1424A4B244B9C0E90014846082815D
:10770000C381204610BD0E20FCE70920FAE782B0B5
:1077100050E8022FC188B2EB324F4FF0000317BF81
:1077200092B241EA014142EA014104E04268B2EB0F
:10773000324F08BF012340E80212002AE8D18DF839
:1077400007309DF80730002B0CBF1120002002B03D
:10775000704737B550E8013F9DB2C48925448489FC
:10776000A54228BF2D1B0489A54202BFBFF32F8F5E
:10777000002207E0C5EA030540E80154002CE9D1E6
:107780004FF001028DF803200193019B9DF8032027
:107790000B6002F0FF0322B10B880068184403B0AD
:1077A00030BD1846FBE70A884B889A4209D150E859
:1077B000012FC2EA024240E80123002BF7D1012049
:1077C00070470020704737B550E8023F1FFAA3F515
:1077D000C488A54202BFBFF32F8F00220DE0C489E9
:1077E00025448489A54228BF2D1BC3EA054540E8EE
:1077F0000254002CE8D14FF001028DF803200193D0
:10780000019B9DF803200B6002F0FF0322B14B881F
:107810000068184403B030BD1846FBE70A884B885F
:107820009A4209D150E8022FC2EA224240E80223DC
:10783000002BF7D1012070470020704710B5034698
:1078400053E8000F40EA010243E8002494F0000FDF
:10785000F6D110BD10B5034653E8002F02EA01002F
:1078600043E8000494F0000FF6D110BD0121FFF7AA
:10787000E5BF0021FFF7EEBF10B590B1D0E90123BD
:1078800001689B1ADBB20A60013BDBB2FF2B026886
:1078900002D10020107110BD11684C1C14600B70D7
:1078A000F2E70E20F7E737B5044600250DF1070093
:1078B0008DF80750FFF7C2FE2268616813688B429B
:1078C00010D9591E116013F8015C228AE36802FB8B
:1078D00005352268A36811685B1A1179DBB29942F9
:1078E00038BF13719DF80700FFF7CCFE284603B0A0
:1078F00030BD37B5054600230DF107000C468DF865
:107900000730FFF79BFE2A681368591C1160E9686D
:10791000641A298AB4FBF1F41C709DF80700FFF784
:10792000B1FE03B030BD01600B681146184710B4BA
:107930000468E468A4465DF8044B604710B404682A
:107940002469A4465DF8044B6047000070B550B947
:107950000E4D0F4C0026641B1423B4FBF3F4B44209
:1079600008D1002010E00368002BF1D0BDE8704082
:10797000DB6918472B6813B901361435EFE7DB696B
:10798000284698470028F7D070BD00BFA02B0020E4
:10799000B42B0020014B436000207047B4CD07009A
:1079A0000846704700207047024B1868003818BF1F
:1079B00001207047E42B002008B50248FFF759FF6B
:1079C000002008BDE42B002008B510461A4604F03C
:1079D000E3FF002008BD00002DE9F043814687B099
:1079E00014480E4615469846FFF740FF0446F0B986
:1079F0000746BD4215D10F48FFF73BFFD9F80830C5
:107A00005BB102228DF800200022CDE90126CDE9EC
:107A10000325CDF8148068469847204607B0BDE896
:107A2000F08306EB073000F07DFB0137E1E711241E
:107A3000F3E700BFE42B00202DE9F041804686B03B
:107A400011480F4616461D46FFF710FF0446C8B9F9
:107A5000AA083146384600F093FB0B48FFF709FFB0
:107A6000D8F8083053B101228DF800200C9A059205
:107A7000CDE90147CDE9036568469847204606B041
:107A8000BDE8F0811124F9E7E42B002029DF7047DD
:107A900028DF704770B50668B36886B004460D46A7
:107AA00073B114220021684605F010F8A36805930D
:107AB0002379019533B1012B0ED0B36868469847FE
:107AC00006B070BD01238DF8003023690293E3688E
:107AD000039363690493F0E702238DF80030E368B1
:107AE0001B030293F5E7084670470020704700002B
:107AF000024B187A003818BF01207047D42D00209F
:107B0000034B187A0122B0FA80F05A74400970478A
:107B1000D42D002008B510461A4604F03DFF002081
:107B200008BD000008B514220021044804F0CEFF6F
:107B30000348FFF7ECFD002008BD00BFD42D002056
:107B4000C42D002010B5094C094B43602046FFF7B7
:107B50008DFE48B903F0C8FD064920741C23064871
:107B60004FF4EE72FFF7C0FD002010BDD42D0020B1
:107B7000E0CD0700E82B0020C42D002070B5234C79
:107B8000234E237A25463BB922492348FFF71BFEA3
:107B9000306008B9606070BD022334682B722379AD
:107BA00073B1012B22D020460321FFF773FF00237E
:107BB0002B726B60BDE8704016491748FFF72EBE68
:107BC000D4E90523D21A142AD4E9031028BF1422B9
:107BD0009208012A38BF012219441844FFF756FFC2
:107BE00050B11128DFD101232B72D4E7D4E903036C
:107BF0001844FFF74DFFF3E72B7C002BCBD1014658
:107C0000BDE87040022000F009B800BFD42D00206C
:107C1000EC2D0020E82D0020C42D002038B5831E57
:107C2000012B43D8224C237A002B3FD0022B09D1C1
:107C300003282ED01F4B00221B68E2601A793AB14C
:107C4000012A20D0637C6BBBBDE83840FFF796BFAC
:107C5000D3E905128D1A142D94BF521914329A616A
:107C60009142EFD102284FF0000308BF194623725A
:107C7000104B18BF0D211868FFF70CFF0E490F4875
:107C8000FFF7CCFDDEE71A6901321A615B699A429F
:107C9000E7E7E3680133082B01D8E360D2E700236C
:107CA000E360DFE7BDE8384003F00EBD38BD00BF3C
:107CB000D42D0020EC2D0020E82D0020C42D002024
:107CC00000F0FD03012B08D1044B00225A74421E20
:107CD000504250411874FFF751BF7047D42D002017
:107CE00010B5064C201DFFF7C1FD28B9637C1BB9F8
:107CF000BDE81040FFF742BF10BD00BFD42D0020EB
:107D00002DE9F34180460D460F4801A916461F464E
:107D1000FFF71FFD0446A8B11C22002104F0D6FE87
:107D20002D0B0123237101A90748C4F80080A76027
:107D3000E5606661FFF737FDFFF7D2FF002002B074
:107D4000BDE8F0810420FAE7C42D00202DE9F743B7
:107D500081468846104801A917461E46FFF7F9FCE0
:107D60000446B0B11C22002104F0B0FE00250A9B9D
:107D7000A36001A9C4E9037807482571C4F80090FD
:107D80006661FFF710FDFFF7ABFF284603B0BDE8C3
:107D9000F0830420FAE700BFC42D002001600B68C7
:107DA00043604A68934204BF0023436070474368BE
:107DB00043B1026891680B4443605268934204BF28
:107DC00000234360704700002DE9F04FC9B008AAB6
:107DD00001F1400514464B780E781B0443EA066314
:107DE000CE7833438E78043143EA06238D4244F83B
:107DF000043BF0D11024916B16464FEAF14383EA1D
:107E0000714383EA9123716A366852F8045F314402
:107E10000B444FEAB54181EAF51181EAD5010134FD
:107E20000B44402CD363E6D1D0E914E30093836D77
:107E30000193C36D0293036E0393436E0493836EA9
:107E40000593C36E0693DDE9057BDDE9031CDDE9DF
:107E500001592B4B009E079374464FF00008079B77
:107E600053F8042B07934FEAF12383EAB11383EA13
:107E7000716A08AB53F828301A440AEB020327EA68
:107E8000010A01EA0C028AEA02021A444FEA743A31
:107E900086EA05035A448AEAB40A06EA050B234037
:107EA00083EA0B038AEAB45A08F101089A44B8F14C
:107EB000400F02EB0903BB465244A94619D1724454
:107EC0000265009A22444265019A32448265029A10
:107ED0002A44C265039A1A44049B02660B44436613
:107EE000059B63448366069B3B44C36649B0BDE87B
:107EF000F08F674635468C46264619461446AEE74F
:107F00000CCE070030B5E0B10F4A1049002400251F
:107F1000C0E91245C0E914120D4C0E4A0E4DC0E9DD
:107F200016420E4AC0E918520D4A826602F1745296
:107F3000A2F523020023A2F692420364C266184609
:107F400030BD0E20FCE700BF85AE67BB67E6096A5F
:107F500072F36E3C3AF54FA57F520E518C68059B2B
:107F6000ABD9831F70B5F0B1DAB900201CE00C4624
:107F70008D180026AC42F8D0036C14F8012BC254C3
:107F80000133402B0364F5D10146FFF71DFFD0E913
:107F9000123213F5007342F10002C0E91232066496
:107FA000E8E70029E3D10E2070BD70B50D461646F6
:107FB0000446002875D0002973D0026C8021372A2E
:107FC000815402F101034FF0000240D8382B39D11F
:107FD000D4E91201226C0823E3FB020103BAE36334
:107FE0000B0A84F83A300B0C84F839300B0EC4E9D4
:107FF000120184F83B1084F8383021462046FFF700
:10800000E3FE691E76B30023E26EDA4001F8012F29
:10801000A26EDA400A71626EDA400A72226EDA40AB
:108020000A73E26DDA400A74A26DDA400A75626D75
:10803000DA400A76226DDA400833202B0A77E3D142
:10804000002070BDE2540133C0E7E25401333F2BFE
:10805000FBD921462046FFF7B7FE3822002104F065
:1080600035FDB5E71823226DDA4001F8012F626D66
:10807000DA400A71A26DDA400A72E26DDA400A73E0
:10808000226EDA400A74626EDA400A75A26EDA4035
:108090000A76E26EDA40083B13F1080F0A77E2D164
:1080A000CEE70E20CDE743689B68184708B54368C4
:1080B00008305A7900F083F9002008BD2DE9F0411D
:1080C0000C469CB008461F460392FFF7ECFFD4F81D
:1080D0000480039998F80550BD4228BF3D460646E6
:1080E0002A4604A800F060F998F8052022990CA807
:1080F00000F065F900960CAB2A4604A904F10800CB
:1081000004F044FA002848F2425018BF00201CB086
:10811000BDE8F081024AD2F80034002BFBD0704752
:1081200000E001400A4908B50223C1F80435BFF355
:108130006F8FBFF34F8FC1F80805FFF7EBFF0023E8
:10814000C1F80435BFF36F8FBFF34F8F08BD00BF79
:1081500000E0014010B5094C0123C4F80435BFF319
:108160006F8FBFF34F8F0160FFF7D4FF0023C4F878
:108170000435BFF36F8FBFF34F8F10BD00E0014098
:108180000E4B10B50124C3F80445BFF36F8FBFF346
:108190004F8F01EB8204401AA14208D1074B002205
:1081A000C3F80425BFF36F8FBFF34F8F10BD431883
:1081B00051F8042B1A60FFF7ADFFEDE700E0014036
:1081C00028B139B10023C1E900301846704748F2A0
:1081D0001050704748F21350704738B1006848F2A9
:1081E0004053884214BF18460020704748F2105090
:1081F000704730B148F21153914214BF1846002025
:10820000704748F21050704770B506460C461D4640
:10821000FFF7D6FF50B9B3794AB1AB420AD1114644
:108220002046FFF743FF08B9044B236070BD48F2B6
:108230001050FBE748F21150F8E700BF7052464D6E
:108240002DE9F0470C4606460F492046DDE908892E
:1082500015461F46FFF7C1FFA0B963685A79494622
:1082600052004046FFF7C5FF60B94DB1CDF8208000
:108270003B462A4621463046BDE8F047FFF71EBF81
:1082800048F21050BDE8F0877052464D10B50446D4
:1082900038B149B141600B68984708B9044B236075
:1082A00010BD48F20150FBE748F21050F8E700BF5C
:1082B0006E524648F0B4134648B10768094EB742BB
:1082C0000AD161B12AB14368F0BC5B68184748F233
:1082D00001531846F0BC704748F20253F9E748F2E0
:1082E0001053F6E76E524648F0B460B107680C4E82
:1082F000B7420CD171B143681568DC68A5420CD354
:10830000F0BC9B68184748F20150F0BC704748F237
:108310000250FAE748F21350F7E748F21450F4E736
:108320006E524648F7B50446DDE9086715460193E5
:10833000FFF7ACFF68B9019A29462046FFF7BAFF5C
:1083400038B93A463146204603B0BDE8F040FFF761
:10835000CBBF03B0F0BD0000F8B50A4F0A4C0B4D7F
:10836000E41B0121E40829700026A64203D1022360
:108370002B700020F8BD57F8363098470028F9D107
:108380000136F2E7B4D20700B4D20700F02D002086
:1083900001390144814200D2704703780A7800F81D
:1083A000012B01F80139F5E7013A02440139824213
:1083B00000D2704711F8013F02F80139F7E770B5B4
:1083C00016460D46FFF7F0FF3246A9193044BDE8C6
:1083D0007040FFF7E9BF38B50D460446FFF7D8FFF8
:1083E00029466019BDE83840FFF7D2BFBFF34F8F71
:1083F0000549064BCA6802F4E0621343CB60BFF341
:108400004F8F00BFFDE700BF00ED00E00400FA055C
:10841000044A136801331360034B1B780BB100F05F
:10842000FFB87047FC2D0020F82D002010B5094C36
:1084300000F018F923785BB9074A137000F0B8F818
:10844000012323700549BDE81040A32000F0D6BBEE
:1084500010BD00BFF82D0020F12D00201184070071
:1084600008B5084B00221A7000F030F90649A32025
:1084700000F0C4FB054B1A68054B1A60054B01223E
:108480001A7008BDF82D002011840700FC2D002073
:10849000F42D0020F12D0020013870B5082823D8D4
:1084A000DFE800F00A0C23220522050E0C0011481B
:1084B000BDE87040FFF7BABF0F48F9E70F48F7E78C
:1084C00002F07AF80E4B1B787BB10E4E0E4D3468DD
:1084D0002B68E41A3B2C94BF0021012100F040F9E5
:1084E0003B2C01D933682B6070BDBDE87040FFF7AD
:1084F000B7BF00BF5DCF070058CF070062CF0700AE
:10850000F12D0020FC2D0020F42D002008B5FFF7F0
:108510006DFF08B5FFF76AFF08B500F089FC024857
:1085200000F0A6F9FFF762FF99840700F0B51B4B36
:108530001B4819781B4B1C4D5F5C0422012447FA31
:1085400002F6F60710F8013B1BD51F2B86BF03F080
:108550001F032E464FF0A04604FA03F3C6F80C356D
:10856000013AECD2114B5B5C1F2B86BF0E4903F026
:108570001F034FF0A041012202FA03F3C1F80835AE
:10858000F0BD1F2B86BF03F01F032E464FF0A04601
:1085900004FA03F3C6F80835E2E700BF052E002011
:1085A00067CF0700002E0020000300506CCF0700AB
:1085B00030B41748174D0022032410F8013B1F2B3D
:1085C00086BF03F01F0329464FF0A04103F5E07377
:1085D0000132052A41F82340EFD10F480D4D00220A
:1085E000032410F8013B1F2B86BF03F01F0329460D
:1085F0004FF0A04103F5E0730132052A41F8234012
:10860000EFD1064B00221A7030BCFFF78FBF00BFBE
:1086100067CF0700000300506CCF0700052E002035
:1086200010B40D4A0D4913780120C95C03441F2979
:10863000DBB28ABF0A4C4FF0A04401F01F01042BAB
:1086400000FA01F188BF0023C4F80C1513705DF81F
:10865000044BFFF76BBF00BF052E00206CCF070057
:108660000003005001460522014804F095B900BFFF
:10867000002E00201F2886BF054A00F01F004FF083
:10868000A042012303FA00F0C2F80805704700BFBA
:10869000000300500B4B185C1F288ABF0A4B4FF099
:1086A000A04300F01F01D3F8042598BF0146CA403B
:1086B000D20704D501228A40C3F80C257047FFF782
:1086C000D9BF00BF71CF070000030050F8B5204AA2
:1086D000204D214E002313602846032410F8012B5F
:1086E0001F2A86BF02F01F0231464FF0A04102F55B
:1086F000E0720133052B41F82240EFD1174C164FA1
:1087000020460022032610F8013B1F2B86BF03F0F2
:108710001F0339464FF0A04103F5E0730132052AEB
:1087200041F82360EFD1002115F8010BFFF7A2FFFC
:1087300001310529F8D1002114F8010BFFF79AFF48
:1087400001310529F8D1BDE8F8400020FFF7A2BFAC
:10875000082E002071CF07000003005076CF0700DD
:10876000F0B5164A164F1668DFF858C03446002593
:108770004FF0010E00EB8000642390FBF3F0A04269
:108780000BDCB042B8BF304605B11060A1B104287F
:1087900012DCBDE8F040FFF77DBFE35D1F2B8ABF11
:1087A00065464FF0A04503F01F030EFA03F3C5F82A
:1087B0000C3501340125E2E7F0BD00BF082E002092
:1087C00071CF070000030050007800F001007047EF
:1087D00041DF7047014B01221A7070472C32002094
:1087E000BFF34F8F0549064BCA6802F4E06213439A
:1087F000CB60BFF34F8F00BFFDE700BF00ED00E08F
:108800000400FA05024B034800221A7001F0F2BF7F
:108810002C320020E1870700042810B5044609D84F
:10882000022811D816D00D4B1B68B3B12046BDE805
:1088300010401847831F012BF5D8094B0948002227
:108840001A7001F0D7FFEEE707494FF4701000F0FF
:10885000A7F9E8E701F014FFE5E710BD303200208A
:108860002C320020E18707000588070000207047B0
:1088700038B5504B1860002001F0D2FF04460028A4
:1088800040F0928000F07EFA012800F088800228F3
:1088900000F08C80002840F087804FF08043D3F8B0
:1088A000004414F4803435D04FF48032C3F80024EF
:1088B0000446414D2B6A012B3FD04FF4701400F059
:1088C000F7FA3E4A20211820FEF7FEFD08B1FFF717
:1088D00020FE3B4B1A6802F0F802B02A06D11A6853
:1088E000D20742BF1A6802F04E021A60FFF7BEFFBD
:1088F000002859D12046334900F052F9324800F09F
:10890000E9FF002850D100F0F9FAFEF767FEFFF703
:108910005FFFF8E7D3F8202502F0F802A82A0AD171
:10892000D3F82025D10706D5D3F8202502F056022A
:10893000C3F82025BDE70124BBE743F204031A680E
:10894000224B9A4209D002F023F8AA69014694B159
:108950001F4802F07AFB90B9AFE76A6B1CB995F833
:108960006032012BEFD01B484FF4805102F06DFBB9
:108970000028E8D1A1E795F8A132012BE8D1104BEE
:108980001B6813F0B10F98D101F0AEFF60B9124B24
:108990001870124801F02EFF00F024F804E00E4B8E
:1089A0000F481C7001F026FF032038BD4FF4A024AF
:1089B00085E700BF30320020CC4E00200C2E002076
:1089C0001C0500400588070019880700DBE5B15148
:1089D0006D5100202C5100202C320020D58707003B
:1089E000E187070008B5074B4FF0FF32C3F880203E
:1089F000C3F8802101F060FCBDE808404FF48050CE
:108A000000F002B800E100E000B5EFF305830023B9
:108A1000D0E9001283F3148883F3108883F311885C
:108A200083F3138881F308884FF0FF339E46104785
:108A30005DF804FB00F1402000F50030002382B017
:108A4000036003680193019B02B0704738B56FF073
:108A50007F42134C057BD4F804358A4228BF0A466E
:108A6000891A13444A1E942A23F07F4305F5A872FD
:108A70009BBF963B96314160416044F82230094BE0
:108A80004FF4F86043F00103984705F1500080006F
:108A9000FFF7D0FF4FF48033AB40C4F8043338BD48
:108AA0000040024080CF070008B517490A7852BB42
:108AB0004FF080434FF48070D3F81834DB035EBF6F
:108AC000124B01221A60FFF7B5FF4FF4A070FFF7B9
:108AD000B1FF4FF4A270FFF7ADFF4FF4A470FFF7A2
:108AE000A9FF0B4B0B48A02283F8242310225A60C5
:108AF000094A0023C2F808350123036002201360ED
:108B0000C2F804030B7008BD383200200800004092
:108B100000E100E008400240004002402DE9F04141
:108B2000194B1B683BB1194A13684FF4827001332B
:108B30001360FFF77FFF164C164DDFF86080164E6E
:108B40004FF480372B68A5F5804080B25BB1FFF70A
:108B500071FF237B07FA03F3C8F80833616849B152
:108B60002046FFF773FF0435B54204F11004E9D144
:108B7000BDE8F081A16811B12046FFF767FF2368C7
:108B8000002BF0D09847EEE7044102403432002039
:108B9000EC2A0020404102404C410240004002408B
:108BA00070B50B4B1D682A7B4FF480339340094A04
:108BB0000E46C2F80833044640B1FFF775FF2E6039
:108BC00021462846BDE87040FFF740BF70BD00BF9A
:108BD0001C2B00200040024070B5074B1D680E465C
:108BE000A8600446FFF760FF2E6021462846BDE8D6
:108BF0007040FFF72BBF00BF242B002070B50E4B39
:108C00001C68237B4FF480329A400C4B0E46D3F8FD
:108C100004130A42054602D0A16881420BD0C3F872
:108C20000823A560FFF740FF266029462046BDE8DF
:108C30007040FFF70BBF70BD202B002000400240AA
:108C4000014B01221A7070473932002038B50F4BA2
:108C5000DA6A5D6A9C6CAC2A10D15B6B1C44ED1A1D
:108C60000B482A46214603F067FE68B100F046F93A
:108C700029462046BDE8384001F000BB002CEFD16A
:108C800001F09CFE0446EBE738BD00BFCC4E00204F
:108C9000007007002DE9F74F06468846A8EB060549
:108CA0002D0B02F6FF77144600F002F9802D28BF45
:108CB00080252B03DFF868B001933F0B0CB92346E6
:108CC00029E0BD422CBFBA46AA464FF000025146E9
:108CD000304634BFDDF80490A14601F0B7FA0346F0
:108CE000C8B909F1030222F003024146304601F0FF
:108CF0009FFA034678B9DBF830304B44CBF830307C
:108D000001F07EFDA7EB0A07A4EB09044E44C8441A
:108D100003460028D2D0184603B0BDE8F08F00BF4C
:108D2000CC4E002010B501F059FE154A42F2040362
:108D3000916CCC5803F1A34303F5471303F2D753C7
:108D40009C4218D1D2E90C32934216D0884204D109
:108D5000BDE81040002001F053BDD21A02F6FF72A8
:108D600022F47F6222F00F0219441844FFF792FFA9
:108D70000028EDD010BD0320FCE70020FAE700BF7B
:108D8000CC4E002070B5264CE36AAA2B37D005D80C
:108D9000012B0BD0A52B2ED0002070BDAC2BFBD10E
:108DA000FFF7C0FF48BBFFF751FF26E0A66C656ADE
:108DB00001F0EEFD864229D101F0EAFD00222946AC
:108DC000FEF776FCA36A984202BF0123C4E90703B9
:108DD000A5610025134801F0CFFD134B1348002275
:108DE0001A7001F00DFD68B975B1236A012B14BF2B
:108DF00001200220D1E7FFF795FF0125EAE7FFF701
:108E000025FFE6E70320C8E70120C6E7236BEA1A3F
:108E1000F1181844FFF73EFF0028DAD1CCE700BF75
:108E2000CC4E0020F04E002039320020418C07004B
:108E300008B540F6F8700368013302D10749FFF71F
:108E400089F940F6FC700368013305D1BDE808409C
:108E50004FF4FC21FFF77EB908BD00BF007007008A
:108E60000A4AD2F800347BB109480023D2F8081529
:108E7000D940C90748BF03F5C07103F1010348BFDA
:108E800042F82100072BF1D1704700BF00000140DC
:108E90003546526EFFF7E4BF044B002282B01A60E1
:108EA0001B680193019B02B0704700BF00010140A5
:108EB00038B50E4C2278BAB90D4BD3F800248AB1DC
:108EC000D3F80455FFF7CCFF40F61650A842B8BFC0
:108ED00028460849A0F54860FFF77EFE064B4FF490
:108EE00080321A600123237038BD00BF3A3200205F
:108EF00000000140958E070000E100E0034BD3F82D
:108F000000340BB1FFF7ACBF704700BF0000014059
:108F10000023C0E90232C0E900118B881A440261C3
:108F2000B1F906301A4442610888003818BF0120A0
:108F3000704710B5426811880346002939D002F104
:108F400010014160148A2CB9C2680168FFF7E0FF84
:108F5000204610BD9078118900F03004302C1BD1D0
:108F6000947C04F03004302C1DD190881969091AC2
:108F700019610021907810F0300F02BF986801301D
:108F80009860908A0844196901441961B2F9162061
:108F9000114459610120DCE700F0F004202C02D1DB
:108FA00050894143E6E700F0C000802808BF042153
:108FB000E0E70846CDE770B5466804460D466368AD
:108FC0001A88AA4204D19B7803F00F03082B07D11B
:108FD0002046FFF7AEFF6368B342F0D1002070BDBA
:108FE0000120FCE743681A44426011B101399A42FA
:108FF00001D10120704713F8010B01F8010FF6E7CA
:109000002DE9F34183680446884623B9002630469B
:1090100002B0BDE8F081036801220DF10701984715
:1090200006460028F2D0A3689DF80750013BA360D4
:109030009DF90730002B1ADA05F07F050727A36892
:10904000002BE3D0236801220DF107012046984749
:109050000028DBD0A3689DF80720013BA36002F045
:109060007F03BB401D43130607F1070702D4C8F86E
:109070000050CCE7232FE2D1C8E770B54268927860
:1090800002F00F01082986B003461FD103691C684E
:1090900000260CB906B070BD236826739D6862680F
:1090A00029466846FFF734FF6368049304F10C0314
:1090B0000593AB7803F0C003802B08BF231D6846DF
:1090C00008BF0493FFF7D9FFA468E2E712F0C001DC
:1090D00020D102F0300010280ED15A6911705A6860
:1090E00018699378D46803F00F03072B09D1014660
:1090F000204600F017F8CDE79006F0D55B6919809F
:10910000C8E71289214614B103F046FCC2E703F018
:10911000DDFCBFE78029BDD1006900219206016016
:10912000B8D5EBE77FB50A4601466846FFF7F0FE83
:1091300030B16846FFF7A1FF6846FFF7FAFEF7E790
:1091400007B05DF804FB000030B5044685B0154655
:10915000A9B90268114B9A4211D0102D06D82A469F
:1091600069462046FFF7F0FF05B030BD1022694682
:109170002046FFF7E9FF0028F6D0103DEDE7A36891
:10918000AB4201D20020EFE723682A4620469847E9
:109190000028F7D0A268521BA260E5E7E58F070020
:1091A000F7B50E4601A907461546FFF729FFA8B1F6
:1091B000019A0123D3184FF0000404D2B17801F0D2
:1091C000C001802901D1204608E031899942FAD3B3
:1091D00029463846FFF7B8FF019BEC5403B0F0BDB9
:1091E00073B50D4601A906461446FFF709FF98B16D
:1091F000019AB2F5803F11D2AB7803F0C003802B07
:1092000002F102010AD02B898B4207D32146304656
:1092100021F8022BFFF798FF02B070BD0020FBE79A
:1092200010B5034C82600022C0E90041C26010BD4D
:10923000E58F07002DE9F341002604460F46B046AE
:109240003546A3682BB3236801220DF107012046A0
:109250009847F0B1A3689DF807C0013B0CF07F026E
:10926000C5F12001A360A5F1200302FA03F322FA5D
:1092700001F10B43AA401CF0800F46EA020643EAC4
:10928000080805F1070502D1C7E9006802E0462D8C
:10929000D7D1002002B0BDE8F08173B50C46694615
:1092A0001646FFF7C7FF68B12389082B0CD1DDE90B
:1092B0000045C6E90045DDE90023AB4206BFA242F6
:1092C0000120002002B070BD042B04D1009B33604C
:1092D0001C460025EFE7022B4FF0000004D1009B55
:1092E00033809CB20546E6E7012BEBD1009B33703F
:1092F00003F0FF04F6E737B50D4669461446FFF75D
:1093000099FF30B12A89082ADDE9003103D1C4E987
:10931000003103B030BD042A18464FEAE37108D18A
:1093200023601A460B468B4206BF82420120002072
:10933000EFE7022A04D11BB223801AB2D317F2E757
:10934000012A03D15BB223705AB2F7E70020E0E7AD
:10935000F7B51F4600233B700D460B70136001A943
:1093600004461646FFF74CFE30B9A36813B9012333
:109370003B70002003B0F0BD019C002CF7D0E30847
:1093800004F0070433602C70F4E713B50446052994
:109390001FD8DFE801F0030F151E1E1C012201A9D2
:1093A0002046FFF7D1FE18B19DF90430002BF5DB04
:1093B00002B010BD082200212046FFF7C5FEF7E7E6
:1093C00001A9FFF71DFE0028F2D0019AF3E704225D
:1093D000F1E70020ECE773B50D4601A90446FFF75D
:1093E0000FFE064618B90026304602B070BD94E85C
:1093F0000F0085E80F0001998A42F4D3A960A368A1
:109400005B1AA360F0E700002DE9F0435768BB78D2
:1094100013F0C00489B006468C46154603D0402C94
:109420006AD000240CE003F00F025F4903F0300320
:10943000202B51F8228026D006D8CBB1102B1CD07F
:10944000204609B0BDE8F083302BF9D16B6939882B
:109450001980072A0AD16B6828691A89214603F006
:1094600035FB6B682969D868FFF75CFE2A6940E024
:109470002A693946C0470446E2E76B6901221A703F
:109480002A696968F6E7BCF1020FD5F8149024D177
:10949000042A22D804A9FFF79EFF04460028C0D062
:1094A000069B2BB16968B9F800304A899A4205D801
:1094B000059B7360069B002BC2D0B2E708892A691E
:1094C00003FB002204A8C04728B1B9F800300133DB
:1094D000A9F80030E4E70446EAE7B9F800307A89F1
:1094E0009A429ED92A693989581CA9F8000003FBC1
:1094F000012269683046BDE7D2F81080474657F828
:10950000043B13B9FFF741FFB5E7022914D104A9C1
:10951000FFF761FF002884D0D8F8003069683A4628
:1095200004A89847044600283FF47BAF069B002B15
:10953000F2D1059B736083E7012925D005292BD043
:1095400000297FF46EAF0C460DF1040901340B2C99
:109550003FF467AF012249463046FFF7F5FD00288A
:109560003FF45FAF19F9013B002BEFDB0F4B049386
:1095700001ABCDE9053400230793D8F800306968C2
:109580003A4604A8984776E7082201A9FFF7DCFDD0
:1095900008240028EAD144E704220DEB0201FFF77A
:1095A000D3FD0424F5E700BF88CF0700E58F07004F
:1095B0002DE9F04F91B00446002604A8CDE90266DB
:1095C000FFF7A6FCA3683BBBDDE9053404A89D7842
:1095D000FFF7AFFC0028F7D115F0300F03D1059B42
:1095E0001B8803B10134002C00F0A980630900221C
:1095F00002A9934240F09C8010AA02EB830304F07E
:109600001F0453F8383CC4F120044FF0FF30E04011
:10961000C31A584258410DE00DF1030301AA0DF1A0
:1096200002012046FFF794FE38B99DF80330002B65
:10963000CAD1002011B0BDE8F08F019904A8FFF74E
:10964000BAFC002850D1019BB3427DD3059D059AF9
:10965000937803F00F03082B7FD004A8FFF769FC71
:10966000059B9D42F3D14FF0FF36019FB7426BD36C
:10967000089B9DF802A0D4F808801D684FF00109EE
:10968000A368002D5DD098459CD12B68D3F800B01D
:10969000BBF1000F08D053463A4629462046D8472A
:1096A0000028C6D0AD68EBE7D3F808B0BBF80030AF
:1096B0009F42F7D16A6859460AA8FFF729FC6B68F0
:1096C0000E9305F10C030F939BF8023003F0C003D7
:1096D000802B04BF2B1D0E930AAA85F80C905146CF
:1096E0002046FFF791FEDBE7059B9B7813F0300FD8
:1096F0000FD1069A3F2A0CD8510910AB03EB810118
:1097000002F01F020123934051F8382C134341F813
:10971000383CE5682DB19DF80220019904AB204644
:10972000A8479DF8021004AA2046FFF76DFE10E03E
:1097300051F8225001357FF47DAF013259E7012005
:1097400078E798457FF43EAF9DF802102046FFF77A
:109750001CFE00287FF436AF6BE7168885E737B527
:109760000C460546114620460192FFF7DBFC019AA4
:109770002146284603B0BDE83040FFF719BF70B559
:1097800086B0CE6801920C4602A90546FFF723FE7B
:1097900068B1E06858B1A378019A03F03003202B38
:1097A000314602A805D1FFF7DAFF039B6B6006B0D4
:1097B00070BDFFF7FDFEF8E7D3B50C466946FFF72D
:1097C00039FD80B1DDE9001300274A0801F00106E8
:1097D00042EAC37256EA07014FEA53031CBFD24361
:1097E000DB43C4E9002302B0D0BD37B50D4669465E
:1097F0001446FFF7E1FF68B12B89082B0CD1DDE996
:109800000001C4E90001DDE900238B4206BF82426A
:109810000120002003B030BD042B03D1009820604C
:10982000C117F0E7022B04D1BDF90000208000B27F
:10983000F6E7012B04D19DF90000207040B2EFE75C
:109840000020E7E713B504220C460DEB0201FFF7F9
:109850007BFC08B1019B236002B010BD1146FFF7ED
:10986000F1BF13B508220C466946FFF76DFC18B12D
:10987000DDE90023C4E9002302B010BD1146FFF763
:10988000F0BF10B513681F2B144607D9002208300B
:10989000FEF78BFB08B92023236010BD48F214505B
:1098A000FBE70830FEF75EBB0830FEF72BBB00007D
:1098B000831F012B10B5044602D8002001F044F8A4
:1098C000034B1B681BB12046BDE81040184710BD74
:1098D0003C32002008B5074B18600020FFF7E8FF76
:1098E000054801F019F820B9BDE80840024800F029
:1098F0007BBE08BD3C320020B19807006EDF704788
:109900006FDF704772DF704773DF704774DF704737
:1099100075DF704776DF70477ADF70477CDF70470E
:109920007DDF70477FDF704786DF70478FDF7047CE
:1099300090DF7047A8DF7047AADF7047ADDF704740
:10994000AEDF7047AFDF7047B0DF7047B1DF704701
:10995000B5DF704762DF704766DF704713DF70471F
:109960007FB50023CDF80B308DF80F300A4BADF8E2
:1099700006109B89ADF8083001238DF80A300DF1EF
:109980000603CDE90430054B02A91888FFF7D8FF7C
:1099900007B05DF804FB00BF8E4200202A2B002098
:1099A00001460148FDF7A5BFBCD2070070B51822DB
:1099B0008CB00DEB0200002103F088F801238DF834
:1099C00018308DF82D30324B1B7828220892002B4E
:1099D0005CD0304B02AA03F110061546186859688E
:1099E000144603C40833B3422246F7D12A4C10224E
:1099F0002946204602F0A0FF002847D002238DF818
:109A00002C30012104F110036846CDE90034FFF742
:109A100075FF0122002101A8FFF772FF04231F4CEC
:109A200002941622A37003230926ADF80420E370E4
:109A300000225923CDE903220592012502226371F8
:109A400001A9FE23A019ADF80C6022706570227187
:109A5000A371FFF765FFB8B9BDF8043026725A1933
:109A6000E271BDF80C200E4C134402A906AA204650
:109A7000ADF80C30FFF746FF30B92078FFF746FF0E
:109A800020782946FFF740FF0CB070BD0623C6E7DB
:109A90000C43002080D10700D0420020A2420020C9
:109AA000282B00202DE9F0410388232B8AB004469F
:109AB00036D80F2B05D8012B00F0EB800AB0BDE89B
:109AC000F081103B132BF9D801A252F823F000BF0C
:109AD000519B07006D9B0700BD9A07003D9C070046
:109AE0008F9D0700BD9A0700BD9A0700BD9A070029
:109AF000BD9A0700BD9A0700E99D0700BD9A0700BF
:109B0000BD9A0700BD9A0700BD9A0700BD9A0700DD
:109B1000BD9A07006F9C0700BD9A07002D9C0700A7
:109B2000503B9AB2062AC9D8062BC7D801A252F8D0
:109B300023F000BF959B07009F9C0700E99D07004D
:109B4000BD9A0700BD9A0700ED9B07007F9C0700A8
:109B5000984B82881A80984A12681C460AB10120E4
:109B6000904796492088FFF7D3FEA7E7914B4FF621
:109B7000FF721A80924B1B685A0704D4FFF716FF36
:109B800008B1FEF7C6FC8C4B1B68002B96D0022058
:109B9000984793E78B4EE288B3889A428ED18A48E1
:109BA000FDF781FE0546002888D0228A04F11201C3
:109BB00002F0F2FE1822002104A802F087FF082319
:109BC0008DF81030814B0693814B0596CDE9073512
:109BD00004A8238AADF8243000F0FCFC00283FF4F0
:109BE0006DAF79482946FDF784FE67E7E188F629DD
:109BF0001AD8CB1E9B070DD0CB1F9BB2013B5A42FC
:109C000002F0030203F0030301F1FF3158BF534296
:109C1000C91A89B2674B1888FFF79AFE00283FF4EB
:109C20004DAFFEF776FC49E7F721F3E7002204A9E0
:109C30008088CDE90422FFF77BFEEFE700235D4C2F
:109C4000ADF812300223ADF81030208802AB04AA20
:109C500042F605210593FFF771FE08B1FEF759FCA6
:109C6000002320881A468521FFF75CFED6E70023F3
:109C700004A98088ADF81030FFF758FECEE7A3792D
:109C8000002B7FF41BAF4B4B13211888FFF742FECC
:109C9000C4E7484B00211888FFF75EFEBEE7A379B2
:109CA000002B3FF40BAF022B7FF408AF454920890E
:109CB0008A8990420E467FF401AFA27B012A7FF48D
:109CC000FDAE00220120CDE904228DF81600208A85
:109CD000384DADF81800608AADF81A0004F1140090
:109CE0000790ADF80A20098A28888DF8103001AF56
:109CF00002AAADF808300397FFF720FEA84660B926
:109D00003846FEF761FD40B940F2FD132888ADF8F2
:109D1000143004A9FFF718FED0E6002304A9B8F810
:109D20000000ADF81430FFF70FFE014600287FF465
:109D3000C5AE182204A802F0C9FE237D234A8DF87F
:109D40001030022B0596069218D0062B10D0012B4E
:109D500010D1204B1A88204B1A80637DD4F816202E
:109D60000893012B099205D11C4800F0EDFD01E09C
:109D7000637D089304A800F02DFC9FE6A27D637D1F
:109D800043EA0223134A1380134A1380F2E7144B69
:109D90001A7862B11349028ACB8D9A4201F104020A
:109DA00005D11C31A0880023FFF7BEFD36E7002156
:109DB000F8E700BF2A2B0020C8420020A6D10700E8
:109DC000C44200208E420020BCD20700BD9E070086
:109DD000A19907000E43002010430020B4D20700D1
:109DE0000C430020CC420020174B1B7833B3174B99
:109DF00017491C88082201232046FFF7A7FD0028E9
:109E00007FF40FAF0246014602232046FFF79EFD76
:109E100000287FF406AF0F4B4FF6FF7219882046DB
:109E2000FFF790FD43F2020398423FF447AE082843
:109E30003FF444AE11287FF4F1AE3FE6A0881A4605
:109E40001946FFF783FDE9E60C4300202A2B00208A
:109E5000044300208E42002038B5134A1368D90706
:109E600001D4002038BD11498842FAD01049088831
:109E70004FF6FF71884211D043F0040313211360A1
:109E8000FFF748FD0028EDD10A4DC82445F0010533
:109E90004FF47A40A847013CFAD1E2E7064B187824
:109EA000BDE83840FFF732BDC4420020B4D20700FD
:109EB0002A2B0020A0D10700282B002010B5044633
:109EC00086B000210D2202A8019102F0FFFD237847
:109ED000082B0BD1364A374913880988013B9BB2BE
:109EE0001380D9B1D3B9032311802370627823780A
:109EF0008DF805306021012A8DF804108DF80620B8
:109F00000ED00B2A12D100F0AFF98DF80700002017
:109F100000F0A4F9042101A8FFF722FD06B010BD4E
:109F2000062B05D0082B29D0032B27D00321F2E7DD
:109F3000E1688DF80710D4E90123080A8DF80800BC
:109F4000080C090E8DF80A10110A8DF80B208DF8F7
:109F50000C10110C120E8DF80E201A0A8DF80F300D
:109F60008DF810201A0C1B0E8DF80D108DF80900BD
:109F70008DF811208DF812300F21CCE7D4E90123A0
:109F8000110A8DF807208DF80810110C120E8DF8AB
:109F90000A201A0A8DF80B308DF80C201A0C1B0EB3
:109FA0008DF809108DF80D208DF80E300B21B2E7D9
:109FB000104300200E4300202DE9F0414D4B94B09A
:109FC00005464FF6FF721A8001204FF659632A4664
:109FD00002A98DF80A00ADF80830FFF7ABFC044683
:109FE000002840F08380444B04AA03F11007164672
:109FF00018685968144603C40833BB422246F7D197
:10A00000A91C3046FFF7A6FC044600286ED11C228E
:10A0100001460DA802F05AFD04F0F8029DF8343014
:10A02000ADF8044042F003028DF80620F42243F01C
:10A030000403CDE90A44ADF82C20304A8DF83430C1
:10A040000223ADF80C3092F80080AB788DF80E301A
:10A0500001AE212303AFCDE908768DF805300C94CD
:10A06000B8F1000F04D1012262F307138DF8053017
:10A070002B4608AA33F8040B0DA9FFF75DFC044634
:10A08000A0BB01461C220DA802F020FD9DF8343033
:10A09000ADF8044023F0180343F0180304F0E8027D
:10A0A00042F013028DF83430AB788DF80E30012178
:10A0B00021238DF806201722CDE90A44CDE9087640
:10A0C000ADF80C108DF805300C94ADF82C20B8F1DB
:10A0D000000F03D161F307138DF805302B4608AA52
:10A0E00033F80C0B0DA9FFF727FC0446204614B0EB
:10A0F000BDE8F0812A2B002090D107000C430020FE
:10A1000073B5354D2B6813F0010403D000242046AD
:10A1100002B070BD314E30603148FDF7ADFB0194A7
:10A1200000F0BDF804460028F1D12E48FFF716FCD8
:10A1300004460028EBD101F059FA04460028E6D184
:10A1400001A801F021FB04460028E0D101A901206B
:10A1500001F024FB04460028D9D101A801F082FBBC
:10A1600004460028D3D100F093FB1F4B002830D0C9
:10A170001E4A126A012A2CD11D481A7000F07CFB7D
:10A1800011231C488DF8043002F0FAFC194982B200
:10A1900001A8FFF7C3FB04460028B8D11648FFF713
:10A1A000BBFB04460028B2D11448FFF705FF044664
:10A1B0000028ACD1FFF7FAFB04460028A7D12B6892
:10A1C00043F001032B603368002B9FD00920984790
:10A1D0009DE700221A70D3E7C4420020C842002045
:10A1E000BCD20700007007000C430020CC4E0020BA
:10A1F000CC42002078D10700A6D107008E42002073
:10A2000043690BB1C06818477047000010B4054996
:10A21000054C0022904218BF214604485DF8044BCB
:10A22000FDF781BBC0CD0700ECCD0700A02B0020BF
:10A2300007B5009313460A4601460348FDF777FB2E
:10A2400003B05DF804FB00BFA02B002013460A46B4
:10A2500001460148FDF772BBA02B0020014B18708E
:10A260000B20704712430020024B002218781A700E
:10A27000704700BF1243002018DF704730B585B02B
:10A28000054610220C466846002102F01FFCA40877
:10A29000684601950294FFF7EFFF05B030BD1FB58A
:10A2A0000023CDE901330393684602230093FFF7AF
:10A2B000E3FF05B05DF804FB4FF000534FF480520C
:10A2C0001A60002070470000014B06201B681847E9
:10A2D0001C4300200A2803D90B38C0B2FFF7BEBFC9
:10A2E0007047000010B5044686B00020FDF72EFB35
:10A2F000014630B1164A18212046FDF709F906B08B
:10A3000010BD1822684602F0E1FB0423114A8DF8C3
:10A310000030114B116D1B68994211D10F4B186819
:10A3200000F0F4FF8DF80100FFF7D4FFD4E901132A
:10A330008DF8010068469847094800F061FADEE7A9
:10A3400001238DF801306846D4E901139847D6E718
:10A35000E5A20700CC4E0020144300201843002043
:10A36000C9A20700F0B5044687B01822002168464C
:10A3700002F0ACFB22788DF8002001238DF801302B
:10A38000531E0B2B00F20C81DFE813F01100330099
:10A39000110011000A0111000A0111000A010A014D
:10A3A0000A010C007F4B1B680720984721E0062A12
:10A3B0007D4901D0012A01D122690A700A78012A57
:10A3C00004D0022A51D000230B7094E0072B10D840
:10A3D000DFE803F0040F452F0F420F1C714B0320E1
:10A3E0001B689847606900F06BFDFFF773FF8DF8FD
:10A3F0000100D4E90113684698479DF80130012B0C
:10A4000000F0C380674B05201B68BDE0A18A20696E
:10A4100000F06EFDFFF75EFF644B8DF80100DA6B14
:10A420001B6C0293E3680192002BE2D020699847ED
:10A43000DFE75F495F4800F0A7FDFFF74BFF01280A
:10A440008DF80100D5D1002000F0DAF90028D0D035
:10A450000A238DF80130CCE74FF400730393534B7C
:10A46000DA6B1B6C01920293C3E7072BC1D801A2E0
:10A4700052F823F095A40700F3A3070059A507009D
:10A4800065A50700F3A307008FA50700F3A3070046
:10A49000FBA4070000F04CFD08B90823D9E7626966
:10A4A0000AB90323D5E7C2F30B0333B13F4B40494D
:10A4B0005B6D096813448B42F3D1B2F5805F01D91B
:10A4C0000423C6E7394B3A49586D096815188D427F
:10A4D000E3D85A64DA6C9A6418651863354B61697D
:10A4E0001B6801F6FF710022090B1844FFF7AEFE4E
:10A4F00000283FF47EAF0523ABE700F019FD0028EC
:10A50000CBD02A4DA18AD5E914329B1A6A6C0B4430
:10A510009342C6D8274B2F6B1B68206905F1480270
:10A520001F44FDF7C5F8E368A28A2169064638464C
:10A53000FFF77EFE08B1E36878E7A28A2B6B13442D
:10A540002B63A38A2A6DAE641344CDE901362B65D3
:10A55000144B08201B6828E7144B9A6C1B6D029261
:10A56000019346E7114BD3E91402596C821A8A42CF
:10A5700093D19A6C5865002120465964DA64FFF73C
:10A58000B1FE084B1B680420984707B0F0BD074B8D
:10A590009A6C1B6D01934FF480530292039328E74A
:10A5A000022356E71C4300202C2B0020CC4E002019
:10A5B0001443002018430020044B054A186D6423FF
:10A5C00043431068B3FBF0F0704700BFCC4E00204F
:10A5D0001443002083681BB1024A1821FCF798BF7E
:10A5E0000720704765A3070038B50546C0B10120B4
:10A5F000FFF70CFE044648B900F054FC00F098FC4C
:10A6000030B9084B00201D60FFF728FE204638BDFA
:10A610000549064800F0B8FC0128F2D00324F5E70C
:10A620000724F3E71C4300201443002018430020B4
:10A630002DE9F04115464FF46072064688461F46E4
:10A6400002F07AF928B915B90020BDE8F081A847D1
:10A65000FAE7002201213046FFF7F8FD70B94FF408
:10A6600060724146384602F097F92B464FF460720B
:10A6700039463046FFF7DCFD0028E5D00320E4E74B
:10A680002DE9F0413D4C236801335CD00022582174
:10A69000201DFDF70DF8D4F80080A8EB0002D2F1E0
:10A6A000000848EB0208364D364E2F683B680133F0
:10A6B0005ED000225821381DFCF7FAFF3B68834228
:10A6C00044D17C68012C0AD00022C32107F5187000
:10A6D000FCF7EEFFD7F85C42231A5C425C41B8F10C
:10A6E000000F35D0254927484FF4607202F054F925
:10A6F00064B1296824485422043102F04DF92968D4
:10A7000022484FF432725C3102F046F97468012C31
:10A710002CD11F49402201F5E47002F03DF91D499A
:10A720001C2201F5E47002F037F91B4986F8A142BA
:10A730000023042201F2862086F8603286F8E23295
:10A7400002F02AF910E04FF00008ACE70024C6E759
:10A7500024B129680B484FF46072D5E709484FF4DB
:10A760006072002102F0B2F902237360BDE8F0814B
:10A77000B8F1000FF2D00024B4E700BF00F00700EA
:10A78000302B0020CC4E0020D04E0020284F00203F
:10A790002850002068500020E84E002070B50D4C75
:10A7A0000546002258212046FCF782FF002244F88B
:10A7B000040CC32104F51770FCF77AFF261FC4F8B8
:10A7C00058022A463146044B0448BDE87040FFF762
:10A7D0002FBF00BFD04E00202043002000F0070014
:10A7E00002460248024B0068FFF722BF302B0020D0
:10A7F000A04600200149FFF7F3BF00BF00F00700AB
:10A8000038B505460020FFF7C9FF044618B90349CB
:10A810002846FFF7E5FF204638BD00BFCC4E00209C
:10A8200010B5FFF7F3FC044628B9FFF729FF2046CF
:10A83000FFF7E6FF00B1032010BD29DF70470000DD
:10A8400038B50C4D0446D5F8243378B101330FD117
:10A8500000223C210430FCF72BFF2060214605F547
:10A8600049701022BDE83840FFF7E7BF0E2038BD21
:10A870000820FCE700F0070008B528B10349402292
:10A8800002F08AF8002008BD0E20FCE724F3070040
:10A8900010B5064C00223C212046FCF709FF54F875
:10A8A000043C1B1A5842584110BD00BF28F3070052
:10A8B00038B50C4D0446D5F8643378B101330FD167
:10A8C000002218210430FCF7F3FE2060214605F534
:10A8D00059700722BDE83840FFF7AFBF0E2038BDE2
:10A8E0000820FCE700F0070010B50A4CD4F8243328
:10A8F000D4F864231340013309D04FF4FE20FDF750
:10A9000011FCC92221464FF4FE20FDF739FC00203E
:10A9100010BD00BFCC4E0020F8B5094E094CA41B59
:10A920000746E4080025A54201D10020F8BD56F8ED
:10A930003530384698470028F8D10135F3E700BF95
:10A94000B4D20700BCD20700F8B5094E094CA41BCD
:10A950000746E40800250436A54201D10020F8BDD1
:10A9600056F83530384698470028F8D10135F3E7D6
:10A97000B4D20700BCD2070008B50C22002102F0B7
:10A98000A5F8024B00221A6308BD00BFCC4E002080
:10A9900043F204031A68084B9A4201BF43F20803CA
:10A9A000186800F6FF7020F47F600CBF20F00F00E5
:10A9B0004FF48050704700BFDBE5B15108B5FFF799
:10A9C000E7FF054B9B69184400F6FF7020F47F6099
:10A9D00020F00F0008BD00BFCC4E00204FF4805087
:10A9E000704700002DE9F74F0193244BDFF894B036
:10A9F0001B6ADFF894900093054616464FF0000856
:10AA000043F2040AB8F1010F5FFA88F714D0022F5D
:10AA10001FD0FFF7D3FF6EB1009B013B5C425C414E
:10AA2000A9EB0000A84200D3F9B1B4B1A8421CD2EE
:10AA300004201FE03446F3E7FFF7AAFF019B33B978
:10AA4000DAF80040B4EB0B0418BF0124E8E74446F1
:10AA5000E6E701244FF48050E2E708F10108B8F17D
:10AA6000030FCFD1A842E3D300E017B10448FFF7AA
:10AA700083FF002003B0BDE8F08F00BFCC4E002064
:10AA8000E44E0020DBE5B1510040070090F855206E
:10AA900012F0FB0F07D190F8643023B1836ECBB175
:10AAA0000B600120704712F0010303D090F856307C
:10AAB00003B1836D9207F2D590F85C20002AEED0A6
:10AAC000054A006EC2F5FC22904201D80344E6E735
:10AAD000042070470F2070470070070010B5084C25
:10AAE0004FF40072FF21204601F0F0FF20220021E8
:10AAF000A4F1240001F0EAFF002344F82C3C10BD2F
:10AB0000284F00202DE9F0475A495B48DFF888813B
:10AB1000DFF88891DFF888A1584C92B00C2201F040
:10AB20000BFF064600284CD15349382204A801F0F7
:10AB300033FF4FF447723146204688F80060C9F869
:10AB40000060CAF8006001F0C1FF079D012D58D1D7
:10AB50004FF48073A3803423636143F20C0384F8C1
:10AB60006C612570A5712572E560257425831B88AD
:10AB7000E361089B2367032384F87630099BA4F8DC
:10AB80005C5084F85E50266684F86450A66684F8AB
:10AB90006C5084F87450A4F8783020220AA904F18B
:10ABA0007A0001F0F9FEA4F89A50A4F89C5084F8B9
:10ABB0009E60A4F8A06088F800500834304B1C60F8
:10ABC00020E03049304E8A6B6F465C313846FEF7E4
:10ABD00027FB97E80F0086E80F0000212B4B88F831
:10ABE00000104FF447722046C9F80010CAF8001050
:10ABF000F36001F06BFF264922463046FEF7AFFDB9
:10AC000020B90025284612B0BDE8F08798F800501A
:10AC1000002DF6D094F86C3194F800801BB3B8F195
:10AC2000000FEED194F87231002BEAD0DAF8002050
:10AC3000D9F800103846FEF7F3FA97E80F0086E8D7
:10AC40000F004FF4B272414604F5BA7001F03EFFB6
:10AC5000104904F5BA723046FEF781FD0028D0D0C5
:10AC600004F5BA74AAE7B8F1000FCAD0A379002B93
:10AC7000A3D1C6E7AED10700284F0020504A0020DC
:10AC8000284E0020CC4E00206C4D0020A5AC0700C3
:10AC900008D1070054D007004C4A0020484A002041
:10ACA000444A002030B55B68DA680D4B9A4208D1FF
:10ACB0000C490A6812B90C4A14681CB10B4B0022EB
:10ACC0001A7030BDD0E90134181913F9015B002D59
:10ACD000A0EB0304F9DB0B601460044B0122EFE7E7
:10ACE00054D00700484A0020444A00204C4A002023
:10ACF00010B543F2040319491C688C4202462BD05C
:10AD000042F20403C358581A434243418C42184646
:10AD100021D142F20403D358A3421CD14FF4405333
:10AD200002F500511B780978142B81BF43F21403FC
:10AD30000B481B68B3FBF0F398BF0023142989BFAD
:10AD400042F2140100205058054A88BFB0FBF2F0CF
:10AD5000181A18BF012010BD0023D7E7DBE5B15159
:10AD600040420F0000B591B0FDF7F6FA6846084979
:10AD70002022FDF724FB6A46064907484023FDF7D9
:10AD800043FA064B01221A7011B05DF804FB00BFB4
:10AD900018CF07007C4D00200CCF0700204A002070
:10ADA000F0B5A3B007460D4614461E467822202370
:10ADB000002104A8029301F089FE00230393194B9C
:10ADC0001B780BB9FFF7CEFF2DB337BB02AB164F85
:10ADD00001931649289B0097324604A8FDF7A2FA72
:10ADE000E8B9402C1BD1124E22462946304601F0CC
:10ADF000D3FD20213046FDF7EEFACDE90064029B39
:10AE00000C493A4603A8FDF71BFA00280CBF0120A5
:10AE1000052023B0F0BD1320FBE71620F9E70A2038
:10AE2000F7E700BF204A0020C44D0020ACCF070048
:10AE3000E44D00207C4D0020F0B5ABB004460D463B
:10AE400016461F467822202300210CA8039301F008
:10AE50003DFE114B1B780BB9FFF784FF2FB1214644
:10AE6000202204A8FDF7A0FA04AC03AB0B4F01931A
:10AE70000B49009733462A460CA8FDF753FA48B908
:10AE800020222146384601F057FDB0FA80F04009F3
:10AE90002BB0F0BD0020FBE7204A0020214A002013
:10AEA000ACCF070008B5044B986B08B1FFF72AFE3A
:10AEB000024B187008BD00BFCC4E0020244E00206D
:10AEC00010B5044658B1B0F5007F0AD8064B0022F1
:10AED0001A70FFF703FE054B01209C6310BD032091
:10AEE000FCE70420FAE700BF244E0020CC4E0020EF
:10AEF00070B50E4C0646E06BA36B42189A420D46A5
:10AF000011D85C300A462044314601F045FDE36B20
:10AF100004F140022B4429463046E363FCF7C8FBAA
:10AF20002064012070BD0320FCE700BFCC4E002050
:10AF3000014B1878704700BF244E002013B50F4C0A
:10AF400094F86C31B3B10E4B1B6800930D4BB4F801
:10AF5000DA221B6894F8D80204F53771FFF720FF56
:10AF6000012809D104F5B874201D02B0BDE81040D5
:10AF700000F0D0B90434F7E702B010BD504A002009
:10AF8000444A0020484A00202DE9F843DFF8888031
:10AF9000D8E90E329A4206460D4637D1DFF87C904A
:10AFA00099F800704FB1FFF709FD1A4B3060294640
:10AFB0001868BDE8F843FFF769BDFFF7A3FD38B394
:10AFC000FFF7BCFF0128376004462F601BD1114BEF
:10AFD00029461868FFF75AFD0128044613D198F84E
:10AFE000A112B1FA81F103463A4628684909FFF7F0
:10AFF000F9FC38B9FFF7E2FC89F8004030602046E0
:10B00000BDE8F8830424FFF769FDF8E70824F6E7B4
:10B010000524F4E7284E0020CC4E0020244E0020CA
:10B0200010B490F86C305BB190F86E404CB1B0F851
:10B03000704034B15DF8044B01237230FFF7FCBE61
:10B04000012318465DF8044B704713B504460846C3
:10B0500023781146032B03D8DFE803F021050F18EE
:10B06000002002B010BD0022D4F80140FCF720FB04
:10B07000844214BF00200120F3E70A460023014662
:10B08000601C02B0BDE81040FFF7D6BE0091034639
:10B090004022611C0020FFF783FE0128E9E7012020
:10B0A000DFE700002DE9F041A2B004460D46164648
:10B0B000002178221F4604A8202303939DF8A08036
:10B0C00001F004FD41220021204601F0FFFCB5F80B
:10B0D00094300BB195F8968084F80080B8F1030F96
:10B0E0001ED8DFE808F00902111F00223946304659
:10B0F000FCF7DEFAC4F801003A4631462046FFF775
:10B10000A4FF22B0BDE8F08103AB0193631C009360
:10B1100008493B46324604A8FDF704F90028EBD065
:10B120000020EEE7B5F8982005F19A01601C01F0C7
:10B1300033FCE1E7ACCF07002DE9F0476D4B1D680C
:10B14000A4B004460F4690460A4601462846FFF73B
:10B1500067FF002800F0CC8095F855601EBB4FF0CB
:10B160000109CDF800903B462246294613A8FFF777
:10B1700099FF00287FD0B8F1000F6DD041225E48C2
:10B1800013A901F009FC5D4BC3F82C901E626A689C
:10B190009A60002239462046FCF78AFA574B01256F
:10B1A000C3E909709FE04122002102A801F08EFC52
:10B1B00006F001094122002113A806F0020601F061
:10B1C00085FCB9F1000F4BD042F20403E15803F1C2
:10B1D000A34303F5471303F2D75399424BD1D5F854
:10B1E00058A00AF5FF520AF6FF73C3F30B031F3290
:10B1F000D21A42F20803E35893423CD343F20403C9
:10B200001B688B4213D14FF440531B78102B8ABF1D
:10B2100043F2100300221A6804F500531B78102B28
:10B220008ABF42F210030023E3589A4223D12046FA
:10B23000FFF75EFD00B1F6B10123009322465346AD
:10B24000294602A8FFF72EFFA8B1AB6DE218FB1A42
:10B250004EB9B8F1000F18D1284B01255D6110E0FF
:10B260003B462246F4E70021009113A82946FFF748
:10B2700019FF0028EDD10525B8F1000F30D1FFF7F7
:10B280002DFC284624B0BDE8F087DFF87080B9F1C6
:10B29000000F21D02046FFF72BFD18B108F1180050
:10B2A000FFF76AFB1648412202A901F075FB002E48
:10B2B00014BFAC23A523C8F82C30AB6DC8F83430CC
:10B2C000002E3FF466AF0F48412213A901F064FB42
:10B2D0006B68C8F80C305CE7AA23C8F82C30EFE79D
:10B2E0000948FFF749FBFFF7F9FB044B9C64C8E7EB
:10B2F0001725C1E7284E00206D510020CC4E0020BC
:10B300002C510020AE510020F04E00200122FFF70A
:10B3100013BF0000F0B590F854200346002A51D026
:10B3200090F8550003284DD893F86E20032A47D192
:10B330001A7A002A46D0DA68342A45D143F2040149
:10B340001A8A0C6821498C422AD152B15969E9B153
:10B35000D2B2002103F1140543F20C06CCB2A24292
:10B3600001D8122011E055F821703488A74201F16C
:10B370000101F3D11A78FAB101285B68144A15D893
:10B380009068834234BF10200120F0BD10B9012A1B
:10B39000E7D8EFE7421E18BF0122002AEAD1E0E712
:10B3A00012B15A69002ADCD11A78F6E7D0688342D4
:10B3B0008CBF01201020E8E7012818BF0F20E4E728
:10B3C0001420E2E70F20E0E71120DEE7DBE5B151D2
:10B3D000CC4E002038B1054B0360054B4360012380
:10B3E0000372002070470E20704700BF61B4070051
:10B3F00015B4070038B1054B0360054B43600123CA
:10B400000372002070470E20704700BF91B4070000
:10B410003BB4070069B10B78022B0CD1022804D091
:10B42000032814BF08201120704703230B7000204D
:10B4300070470E2070470820704769B10B78022BC7
:10B440000CD1022804D0032814BF08201120704713
:10B4500003230B70002070470E20704708207047B0
:10B4600010B50C4681B10B78012B06D00ED9033BE9
:10B47000012B94BF0820112010BDFFF7E1F900282F
:10B48000FAD102232370F7E70E20F5E70820F3E74F
:10B4900010B50C4681B10B78012B06D00ED9033BB9
:10B4A000012B94BF0820112010BDFFF701FA0028DE
:10B4B000FAD102232370F7E70E20F5E70820F3E71F
:10B4C00070B5144B144A0C21D21AB2FBF1F2816907
:10B4D00011F8025C044635B900690021914205D19A
:10B4E000012323600EE04FF0FF30F6E71E68AE4206
:10B4F0000CD1461C07D19D68D4E90001D4E9022390
:10B50000A847206070BD5E688642F4D001310C33DC
:10B51000E4E700BFD0D20700E8D207001EF0040F16
:10B520000CBFEFF30880EFF30980FFF7C9BF00BF3E
:10B5300010DF704711DF704713B5044609496846AC
:10B54000FCF72CFC019808B902B010BDD0E900212D
:10B550002046904718B16846FCF729FCF2E7112015
:10B56000F2E700BFC0D1070013B50446074968469B
:10B57000FCF714FC019B0BB902B010BD2046D3E9C7
:10B58000002190476846FCF712FCF3E7D8D107008A
:10B59000064B9A6822B11A6822F480021A6070473A
:10B5A000034B4FF48002C3F880207047C04E002048
:10B5B00000E100E00B4991F816335A09EC231341DE
:10B5C000DB0706D5084B9A683AB94FF480030B6045
:10B5D000704742F20200FCF79CBF1A6842F48002F6
:10B5E0001A60704700E100E0C04E0020F7B5194F27
:10B5F0003C7864BB184E012520463570FFF79CFF50
:10B60000112821D02046FFF7AFFF144B8DF80340DF
:10B61000186801900DF10300FCF710F8104901A81B
:10B62000FFF786FF0446B0FA80F0400938709DF8B5
:10B630000300FCF727F83CB90A4B34701C70FFF785
:10B64000B9FF2846FFF790FF204603B0F0BD08245D
:10B65000FAE700BF2D4E00202C4E0020BBD1070082
:10B660000D8507002E4E0020F7B5154F3B781BB314
:10B67000144E01203070FFF75FFF11284FF00005D6
:10B680001CD00220FFF770FF0DF107008DF8075066
:10B69000FBF7D4FFFFF74EFF04469DF807003D700F
:10B6A000FBF7F0FF2CB93470FFF772FF0320FFF7B0
:10B6B0005BFF204603B0F0BD0824FAE72C46F8E70C
:10B6C0002D4E00202C4E0020054B1B7833B1054B2E
:10B6D0001B780BB1FFF7C8BFFFF788BF0820704782
:10B6E0002C4E00202D4E0020014B1878704700BFD3
:10B6F0002D4E002007B508496846FCF74FFB019B1B
:10B7000013B903B05DF804FBD3E900209047684605
:10B71000FCF74DFBF3E700BFCCD10700FFF7EABF12
:10B7200060DF704769DF704761DF704730B5114DEA
:10B73000ADF5017D4FF4FA740DF1020103A8ADF8E7
:10B740000240FFF7F1FF70B9294601A8FCF726FB7C
:10B75000029B002BF0D003A8D3E90021904701A859
:10B76000FCF725FBF4E7052801D0FCF7D2FE0DF528
:10B77000017D30BDE4D10700024B1B780BB1FFF710
:10B78000D5BF70472F4E002018B1034B0360002037
:10B7900070470E20704700BFE82A00207FB506469C
:10B7A0000C46002959D02E4B0B600C22002101A819
:10B7B00001F08CF9012506232268ADF8083001A9B3
:10B7C00020208DF804608DF80650FFF7ABFF0C22A7
:10B7D000002101A801F07AF922688DF8055001A92D
:10B7E0004020FFF79FFF0C22002101A801F06EF915
:10B7F000F7232268ADF8063001A923208DF80460F4
:10B80000FFF790FF0C22002101A801F05FF92268E8
:10B810008DF8045001A92846FFF784FF0C2200216F
:10B8200001A801F053F94FF4B0632268019301A914
:10B83000A120FFF777FF0C22002101A801F046F9B3
:10B840009DF8043022682B4301A9A0208DF8043014
:10B85000FFF768FF002004B070BD0E20FBE700BFBB
:10B86000E82A002008B5FFF75BFF10B9014B012261
:10B870001A7008BD2F4E00204BDF70471FB50D4CCE
:10B8800001A8FFF7F9FF70B9214602A8FCF786FA74
:10B89000039B002BF4D00198D3E90021904702A824
:10B8A000FCF785FAF4E7052801D0FCF732FE04B076
:10B8B00010BD00BFF0D107008B1802448B4200D1AD
:10B8C000704713F8010D02F8010DF7E700000000C2
:10B8D000C3F10803DB0070B501330446002003A563
:10B8E0005B1920C940CAAD1920C4184720C940CAF5
:10B8F000754120C420C940CA754120C420C940CA2E
:10B90000754120C420C940CA754120C420C940CA1D
:10B91000754120C420C940CA754120C420C940CA0D
:10B92000754120C4404170BD0000000000000000CF
:10B93000C3F10803DB0070B50133002403A500BF89
:10B940005B1920C940CAAD1B20C0184720C940CA96
:10B95000B54120C020C940CAB54120C020C940CA55
:10B96000B54120C020C940CAB54120C020C940CA45
:10B97000B54120C020C940CAB54120C020C940CA35
:10B98000B54120C06441B4FA84F0400970BD00BFE5
:10B990002DE9F04F08B4F8CA04B451F8042BA3FB06
:10B9A000028940F8048B4FF0000AE4FB629A4FF0E2
:10B9B000000BE5FB62AB4FF0000CE6FB62BC4FF006
:10B9C000000EE7FB62CE51F8042B4FF00008E3FBBA
:10B9D000628940F8048BE4FB629AE5FB62ABE6FB0C
:10B9E00062BCE7FB62CE51F8042B4FF00008E3FB8A
:10B9F000628940F8048BE4FB629AE5FB62ABE6FBEC
:10BA000062BCE7FB62CE51F8042B4FF00008E3FB69
:10BA1000628940F8048BE4FB629AE5FB62ABE6FBCB
:10BA200062BCE7FB62CE51F8042B4FF00008E3FB49
:10BA3000628940F8048BE4FB629AE5FB62ABE6FBAB
:10BA400062BCE7FB62CE40F8049B40F804AB40F8D0
:10BA500004BB40F804CB40F804EB0CBC052B00F011
:10BA60001E810C68A0F11400A1F11401A2F11402CE
:10BA700052F804EB4FF0000550F8046BE4FB6E56EF
:10BA800052F804EB50F8047BE4FB6E6752F804EBC9
:10BA900050F8048BE4FB6E7852F804EB50F8049BEA
:10BAA000E4FB6E8952F804EB50F804ABE4FB6E9AA9
:10BAB000A0F1140052F8044B51F804EB4FF0000CC5
:10BAC000E4FB6EC540F804CB51F804EBE4FB6E5682
:10BAD00040F8045B51F804EBE4FB6E6740F8046B3C
:10BAE00051F804EBE4FB6E7840F8047B51F804EB6A
:10BAF000E4FB6E8940F8048B51F804EBE4FB6E9A8A
:10BB0000A0E80006062B00F0CA800C68A0F118001F
:10BB1000A1F11801A2F1180252F804EB4FF0000550
:10BB200050F8046BE4FB6E5652F804EB50F8047BBB
:10BB3000E4FB6E6752F804EB50F8048BE4FB6E787C
:10BB400052F804EB50F8049BE4FB6E8952F804EBC6
:10BB500050F804ABE4FB6E9A52F804EB50F804BBC7
:10BB6000E4FB6EABA0F1180052F8044B51F804EB63
:10BB70004FF0000CE4FB6EC540F804CB51F804EB29
:10BB8000E4FB6E5640F8045B51F804EBE4FB6E678F
:10BB900040F8046B51F804EBE4FB6E7840F8047B4A
:10BBA00051F804EBE4FB6E8940F8048B51F804EB88
:10BBB000E4FB6E9A40F8049B51F804EBE4FB6EAB97
:10BBC000A0E8000C072B6AD008B40C68A0F11C0098
:10BBD000A1F11C01A2F11C0252F804EB4FF0000588
:10BBE00050F8046BE4FB6E5652F804EB50F8047BFB
:10BBF000E4FB6E6752F804EB50F8048BE4FB6E78BC
:10BC000052F804EB50F8049BE4FB6E8952F804EB05
:10BC100050F804ABE4FB6E9A52F804EB50F804BB06
:10BC2000E4FB6EAB52F804EB50F804CBE4FB6EBCC3
:10BC3000A0F11C0052F8044B51F804EB4FF0000344
:10BC4000E4FB6E3540F8043B51F804EBE4FB6E5620
:10BC500040F8045B51F804EBE4FB6E6740F8046BBA
:10BC600051F804EBE4FB6E7840F8047B51F804EBE8
:10BC7000E4FB6E8940F8048B51F804EBE4FB6E9A08
:10BC800040F8049B51F804EBE4FB6EAB40F804ABC6
:10BC900051F804EBE4FB6EBCA0E8001808BCBDE85A
:10BCA000F08F002310B51C465AB2914200DC10BD43
:10BCB00040F823400133F7E710B500231A465CB281
:10BCC000A14203DCB2FA82F0400910BD50F82340D3
:10BCD00001332243F3E74A11012350F8220001F017
:10BCE0001F0103FA01F108407047013910B549B24C
:10BCF000041D0A06CBB204D4013954F82120002ACD
:10BD0000F7D001335BB273B103F18042013A50F8CE
:10BD10002220002022B9013B00EB431318B210BDD2
:10BD200052080130F6E71846F9E710B500235CB277
:10BD3000A24200DC10BD51F8234040F823400133FB
:10BD4000F5E710B5013A52B2130601D5002010BD37
:10BD500050F8224051F822309C4205D802F1FF32BF
:10BD6000F2D24FF0FF30F2E70120F0E700EB810163
:10BD70000023884200D3704751F8042D43EA520350
:10BD80000B60D307F5E737B51D469DF918300193D1
:10BD90000446FFF79DFD019B38B91A462146284607
:10BDA000FFF7CFFF0128019B07D02A4621462046F6
:10BDB00003B0BDE83040FFF7BBBD03B030BD37B5C1
:10BDC0001D469DF9183001930446FFF7B1FD019B14
:10BDD00038B12A462146204603B0BDE83040FFF77F
:10BDE00077BD03B030BD2DE9F04FB5B004AC9DF97F
:10BDF000F8501E4680462B462046FFF7C9FD24AB6F
:10BE000029463046CDE90234FFF76FFFC0EB8510BD
:10BE100004B2002C2146B8BF04F11F01634241F374
:10BE2000471103F01F0314A804F01F0758BF5F4217
:10BE3000FFF737FF002F08B22BDD14AB002203EB16
:10BE40008001C7F1200E1346AB4217D36B0001935C
:10BE500014AB03EB85096F1E34AB012603EB870798
:10BE6000002C54DA34AB03EB86062A4656F8C81C7D
:10BE70004046FFF75AFF35B0BDE8F08F56F823C0B3
:10BE80000CFA07F0024341F8042B01332CFA0EF2AE
:10BE9000DAE714AB2A46314603EB8000FFF745FF93
:10BEA000D4E70FFA82FE5AF8C83C53F82EB034ABF0
:10BEB00003EB8202013052F8803C0B44BBEB0303DE
:10BEC00034BF012200229B4518BF11465CF8C82CE4
:10BED00042F82E30019B42B29A42E2DB731A5E4274
:10BEE000294614A85E41FFF741FF34AB03EB8503FD
:10BEF000294653F8802C57F8803C484643EAC273E1
:10BF0000013C47F8803C24B2FFF730FFA8E734AB90
:10BF10000020C6F1010C014603EB860A03EB8C0CF2
:10BF2000D8E730B51C4691B0054693F90030684615
:10BF3000FFF72EFDD4F8AC3069462846984711B07B
:10BF400030BD13460A46FFF7ECBF2DE9F04793F9E1
:10BF5000006092B0044689461046314615461F4699
:10BF6000FFF7AAFE002840F091803A46494602A811
:10BF7000FFF7E7FF3B4602AA21460AA8FFF7D1FFD9
:10BF800002A908463A46FFF7DCFF3B462A464946E7
:10BF90004846FFF7C6FF07F104083A4629462846F7
:10BFA000FFF7CFFF43462A46214620460096FFF77B
:10BFB000EAFE43462A46294628460096FFF7E3FE56
:10BFC00043462A46214628460096FFF7F8FE3B46A0
:10BFD0002A4621462046FFF7A4FF43462246214633
:10BFE00028460096FFF7CFFE434600962A46214694
:10BFF0002046FFF7C8FE2368DB074AD53346424692
:10C0000021462046FFF764FC314682462046FFF772
:10C01000ADFE06F18043013B54F8232042EACA7288
:10C0200044F823203A4621462846FFF78AFF434634
:10C030000AAA294628460096FFF7C1FE43460AAAE7
:10C04000294628460096FFF7BAFE0AA90846434645
:10C050002A460096FFF7B3FE3B460AAA2146204631
:10C06000FFF75FFF02AA4346104621460096FFF7FE
:10C07000A6FE324629462046FFF757FE4946284687
:10C08000FFF753FE02A94846FFF74FFE12B0BDE886
:10C09000F08731462046FFF769FEC3E72DE9F041FE
:10C0A00015468AB004460E461C22002103A800F063
:10C0B0000DFD2F1D95F9008003232A4631462046A9
:10C0C0000293FFF73EFF3B4602AA21462046CDF8E9
:10C0D0000080FFF774FE2B46324621462046FFF7CC
:10C0E00020FFCDF800803B4605F184022146204622
:10C0F000FFF749FE0AB0BDE8F08100002DE9F042EB
:10C10000082288B00C468146FFF70FFECB6A0393E6
:10C110000B6B04934B6B05938B6B0693CB6B079365
:10C12000002708236A4669466846CDE901770097EB
:10C13000FFF7CEFB082305466A4649464846FFF707
:10C14000C7FB236B0393636B0493A36B0593E36BB0
:10C150000544CDE906376A46082369466846FFF775
:10C16000B7FB082305446A4649464846FFF7B0FB3B
:10C17000236A0093636A0193A36A0293A36B0693F5
:10C18000E36B0793054408236A4649464846CDE9D0
:10C1900004770397FFF79CFB636A0093A36AA26B83
:10C1A0000193E36A02930492636BE26B0393CDE91C
:10C1B0000523236A07932E1808236A4649464846F2
:10C1C000FFF786FBE36A0093236B0193636B029393
:10C1D000236A0693A36A0793351808236A464946DB
:10C1E0004846CDE904770397FFF7A2FB236B009342
:10C1F000636B0193A36B0293E36B0393636A0693F0
:10C20000E36A07932E1A08236A4649464846CDE951
:10C210000477FFF78DFB636B0093A36B0193E36BD4
:10C220000293236A0393636A0493A36ACDE90537F3
:10C23000236B0793361A08236A4649464846FFF798
:10C2400077FBA36B0093E36BCDE90137636A03933C
:10C25000A36A0493E36ACDE90537636B0793361A43
:10C2600008236A4649464846FFF762FB361A0E4CD9
:10C270000FD436B9082249462046FFF762FD01284F
:10C280000FD00823224649464846FFF751FB361A8D
:10C29000EFE70823224649464846FFF719FB3618C0
:10C2A000F7D408B0BDE8F08200D2070070B514469C
:10C2B0008AB006460D461A46214602A80193FFF7AA
:10C2C00040FE019B02AA31463046FFF72AFE02A932
:10C2D000019B22460846FFF724FE019B02AA29463D
:10C2E0002846FFF71EFE0AB070BD2DE9F0478AB060
:10C2F0001446DDF848A055461F4615F9046B009614
:10C30000804689462B460246214602A8FFF757FD84
:10C3100002A952460846FFF714FE534602AA4146B8
:10C320004046FFF7FEFD534602AA21462046FFF78E
:10C33000F8FD2B464A46394638460096FFF73FFD42
:10C340005246394602A8FFF7FCFD02A92B46424699
:10C3500008460096FFF733FD02A92B462246084601
:10C360000096FFF72CFD2B464246214620460096BC
:10C37000FFF725FD5346224649464846FFF7D1FDC3
:10C380002B4602AA414620460096FFF718FD534669
:10C39000224639463846FFF7C4FD2B464A46394601
:10C3A00038460096FFF70BFD324602A92046FFF7FC
:10C3B000BCFC0AB0BDE8F0872DE9F0479846B3F918
:10C3C0000230894613F11F0148BF03F13E01DD1D14
:10C3D00048BF03F10E05EC104E11944275B228BF10
:10C3E000144629460746FFF75CFC22464946FFF7FC
:10C3F00063FAB8F90230B3EBC40F4FEAC40220D29B
:10C40000D21A07EB86010020C2F120068F420FD31B
:10C4100008F124082A4639464046FFF792FC0128D5
:10C420000FD02B4642463846BDE8F047FFF780BAAA
:10C4300051F8044D24FA02F303430B6004FA06F0AA
:10C44000E4E7BDE8F08770B5036813F00106054620
:10C45000144605D013460A460146FFF739FA064648
:10C4600021462846FFF782FC46B104F18042013A9A
:10C4700055F8223043F0004345F8223070BDF0B546
:10C480000F46A1B006461946384615461C46FFF72A
:10C4900013FC20B13046FFF704FC21B0F0BD22466A
:10C4A00039466846FFF741FC294608A8FFF73DFCDE
:10C4B00010A82146FFF7F5FB012318A81093FFF7FA
:10C4C000F0FB224608A96846FFF73BFC28B9224644
:10C4D00010A93046FFF729FCDFE7009BDA0709D4F3
:10C4E00021466846FFF742FC2246294610A8FFF77E
:10C4F000AAFFE6E7089BDB0707D4214608A8FFF759
:10C5000035FC2246294618A8F1E7002823461CDD01
:10C5100008AA69466846FFF70BFA21466846FFF706
:10C5200025FC224618A910A8FFF70BFC002805DA05
:10C5300010A923462A460846FFF7CAF910A9234640
:10C5400018AA0846FFF7F4F9CEE708A96A46084694
:10C55000FFF7EEF9214608A8FFF708FC224610A9CC
:10C5600018A8FFF7EEFB002805DA18A923462A468B
:10C570000846FFF7ADF918A9234610AA0846FFF7A9
:10C58000D7F9BEE700487047FCD107002DE9F04F0E
:10C590002DED028BEDB08946789E05901946B6F9CF
:10C5A000023096F9004013F11F0748BF03F13E0720
:10C5B00047F3471707F1FF3B24AB002543F82B5007
:10C5C0006CAB03EB8B0307EE902A4CA896F9012085
:10C5D00043F8805C43F8605CFFF76EF996F9012040
:10C5E00054A81144FFF768F921464CA8FFF764FBF3
:10C5F0008046002840F0428154A8FFF75DFB03907D
:10C60000002840F03D8106F1240A3A464CA95046E4
:10C61000FFF797FB012840F035813A4654A9504670
:10C62000FFF78FFB0128069040F02C811CAD3B46A4
:10C63000524654A92846FFF722FF0DF13008039B0C
:10C6400048F82B3017EE902A494640463346FFF70C
:10C65000B3FE4146404653462A460097FFF7C3FBC8
:10C660000DF5B87B53462A464CA914A80097FFF74E
:10C67000BAFB224658460599FFF757FBA3000793DC
:10C68000059B0BEB840903EB84014846FFF74DFB48
:10C6900006F14403194634A80493FFF746FB049BB4
:10C6A000A10059183CA8FFF740FB331D08EE903A53
:10C6B000594634AA28460094FFF781FB4B465A4658
:10C6C0003CA934A80096FFF710FE18EE902A2346E6
:10C6D00029462846FFF7D3FE2A46494658463346A0
:10C6E000FFF7E4FD039B0893049B0993059B3946E0
:10C6F0004046CDE90A3BFFF7F8FA3946834614A8CD
:10C70000FFF7F3FA5845B8BF58461FFA80FB0BF104
:10C71000FF3109B240460491FFF7DDFA0499B0F108
:10C72000000814A818BF4FF00108FFF7D4FA00283A
:10C7300014BF0220002048EA00080DF1200922461B
:10C7400059F8281024A8FFF7F0FA0DF1B009A3005A
:10C7500019444846FFF7E9FA21462846FFF7A1FAAF
:10C76000069B2B60ABF1020824AB08EE105A0FFABF
:10C7700088F80493B8F1000F2ADA18EE902A18EE20
:10C78000101A18EE100A2346FFF779FE18EE102A49
:10C79000049833464946FFF789FD04993A465046C6
:10C7A000FFF7CFFA012805D004993B4652460846C8
:10C7B000FFF7BEF8013C64B24CAA230653D5039B95
:10C7C000B3FA83F040096DB0BDEC028BBDE8F08F89
:10C7D000334618EE102A0498D6F8A4504946A847C4
:10C7E00041460CA8FFF777FA4146B0F1000B14A8B8
:10C7F00018BF4FF0010BFFF76EFA002814BF02209C
:10C8000000204BEA000B08AB53F82B1031B3224643
:10C8100034A8FFF78AFA079B3CA81944FFF785FA6A
:10C8200018EE102A33463CA934A8FFF73FFD18EE56
:10C83000903A0499009434AA44A8FFF7C0FA049AE5
:10C8400000964B463CA934A8FFF74FFD18EE101A8E
:10C8500018EE100A334644AAFFF763FB08F1FF38CD
:10C860000FFA88F886E7049B52F8241053F8243016
:10C870004B40039919430391013C9EE72846A2E7E8
:10C880004046A0E703989EE7002301461A46184653
:10C8900000F0E4B908B5074B044613B1002100F0DD
:10C8A0002DFA054B1868836A03B19847204600F0BB
:10C8B00073FA00BFFDCC0700ACD2070038B50A4CB4
:10C8C0000A4D641BA4100AD004F18043013B05EB20
:10C8D0008305013C55F804399847002CF9D1BDE88F
:10C8E000384000F061BA00BFA02B00209C2B002034
:10C8F00070B50D4E0D4D761BB61006D000240134D8
:10C9000055F8043B9847A642F9D1094E094D761BCC
:10C9100000F044FAB61006D00024013455F8043B68
:10C920009847A642F9D170BD982B0020982B002083
:10C930009C2B0020982B0020032A70B412D940EAC7
:10C940000105AD0704460B4620D11946204653F891
:10C95000045B54F8046BAE4218D1043A032A204613
:10C960001946F2D8541E72B103780A789A4208BF69
:10C97000241806D00CE010F8013F11F8012F934263
:10C9800006D1A042F7D1002070BC7047541EEBE7DF
:10C99000981A70BC704700BF844641EA000313F048
:10C9A00003036DD1403A41D351F8043B40F8043BB6
:10C9B00051F8043B40F8043B51F8043B40F8043B79
:10C9C00051F8043B40F8043B51F8043B40F8043B69
:10C9D00051F8043B40F8043B51F8043B40F8043B59
:10C9E00051F8043B40F8043B51F8043B40F8043B49
:10C9F00051F8043B40F8043B51F8043B40F8043B39
:10CA000051F8043B40F8043B51F8043B40F8043B28
:10CA100051F8043B40F8043B51F8043B40F8043B18
:10CA200051F8043B40F8043B403ABDD2303211D3B8
:10CA300051F8043B40F8043B51F8043B40F8043BF8
:10CA400051F8043B40F8043B51F8043B40F8043BE8
:10CA5000103AEDD20C3205D351F8043B40F8043BB8
:10CA6000043AF9D2043208D0D2071CBF11F8013BB6
:10CA700000F8013B01D30B8803806046704700BF7C
:10CA8000082A13D38B078DD010F003038AD0C3F18B
:10CA90000403D21ADB071CBF11F8013B00F8013B6D
:10CAA00080D331F8023B20F8023B7BE7043AD9D32C
:10CAB000013A11F8013B00F8013BF9D20B78037001
:10CAC0004B7843708B78837060467047F0B486076C
:10CAD00046D0541E002A3CD0CAB2034602E014F1EC
:10CAE000FF3436D303F8012B9D07F8D1032C29D945
:10CAF000CDB245EA05250F2C45EA054533D9A4F109
:10CB00001006360903F1200707EB061703F11002A0
:10CB100042E9045542E902551032BA42F8D1721C7A
:10CB200014F00C0F03EB021204F00F0613D0331FA6
:10CB300023F003030433134442F8045B9342FBD114
:10CB400006F003042CB1C9B21C4403F8011B9C423B
:10CB5000FBD1F0BC704734461346002CF3D1F8E704
:10CB600014460346C2E71A462646E0E700000000E6
:10CB700000000000000000000000000000000000B5
:10CB800090F800F06DE9024520F007016FF0000C0D
:10CB900010F0070491F820F040F049804FF00004B5
:10CBA0006FF00700D1E9002391F840F000F1080090
:10CBB00082FA4CF2A4FA8CF283FA4CF3A2FA8CF3C8
:10CBC0004BBBD1E9022382FA4CF200F10800A4FA2F
:10CBD0008CF283FA4CF3A2FA8CF3E3B9D1E9042383
:10CBE00082FA4CF200F10800A4FA8CF283FA4CF3BA
:10CBF000A2FA8CF37BB9D1E9062301F1200182FA74
:10CC00004CF200F10800A4FA8CF283FA4CF3A2FA79
:10CC10008CF3002BC6D0002A04BF04301A4612BA87
:10CC2000B2FA82F2FDE8024500EBD2007047D1E98A
:10CC3000002304F00305C4F100004FEAC50514F019
:10CC4000040F91F840F00CFA05F562EA05021CBFEA
:10CC500063EA050362464FF00004A9E72DE9F843B3
:10CC6000224C25680DB36C681F2C3BDC984691461E
:10CC70000F46064688B1D5F8880028B3D0F80031B1
:10CC800040F824900122A24000EB84011343022EBD
:10CC9000C0F80031C1F8808010D0A31C01346C6052
:10CCA00045F823700020BDE8F883114E114D256032
:10CCB000002ED8D03468C5F88840D4E7D0F80431C5
:10CCC0001A43C0F80421E8E70B4B5BB14FF48470C2
:10CCD000AFF3008030B100236C68C0E94033C5F881
:10CCE0008800CDE74FF0FF30DDE700BFBC4E0020ED
:10CCF00000000000304E0020000000002DE9F04F41
:10CD0000DFF8908083B0D8F8005001900F464FF0C4
:10CD1000010A8DB16C68D5F88860013C0CD405F12E
:10CD2000080B67B12EB106F1800353F82430BB42E3
:10CD300005D014F1FF34F4D203B0BDE8F08F6B6876
:10CD40005BF82420013BA34216BF00236C604BF824
:10CD50002430002AEDD0D5F80490B6B1D6F80011F1
:10CD60000AFA04F30B4210D0D6F8040156F8241046
:10CD700003420CD1019890476B68D8F800204B45CE
:10CD800001D1AA42D5D01546C3E79047F4E708463B
:10CD90009047F1E7BC4E0020FEE700BFF8B500BFAA
:10CDA000F8BC08BC9E467047F8B500BFF8BC08BC8C
:10CDB0009E467047001000000400000001000000C3
:10CDC00095790700B9790700C9790700397A070012
:10CDD000D9790700A1790700A5790700A97907008B
:10CDE000001000000400000001000000457B070067
:10CDF000257B0700157B07004D7D0700017D07009F
:10CE0000E77A0700EB7A0700F17A0700982F8A4249
:10CE100091443771CFFBC0B5A5DBB5E95BC256398C
:10CE2000F111F159A4823F92D55E1CAB98AA07D8A4
:10CE3000015B8312BE853124C37D0C55745DBE72C7
:10CE4000FEB1DE80A706DC9B74F19BC1C1699BE447
:10CE50008647BEEFC69DC10FCCA10C246F2CE92DD7
:10CE6000AA84744ADCA9B05CDA88F97652513E98FB
:10CE70006DC631A8C82703B0C77F59BFF30BE0C602
:10CE80004791A7D55163CA0667292914850AB72790
:10CE900038211B2EFC6D2C4D130D385354730A652D
:10CEA000BB0A6A762EC9C281852C7292A1E8BFA204
:10CEB0004B661AA8708B4BC2A3516CC719E892D16C
:10CEC000240699D685350EF470A06A1016C1A419EF
:10CED000086C371E4C774827B5BCB034B30C1C39EE
:10CEE0004AAAD84E4FCA9C5BF36F2E68EE828F74AD
:10CEF0006F63A5781478C8840802C78CFAFFBE90C7
:10CF0000EB6C50A4F7A3F9BEF27871C64800280074
:10CF10000020400085C50700DDAC843D1EBD6AFCD5
:10CF2000F19B4BD0C49DB1BE608F0D7ACA0083AA1D
:10CF3000B84899DE96F7E90C05200B441BE1104A2E
:10CF4000A3418950BAD2FDB74999C850A1D379AF4E
:10CF50008939544350D9C92D06150E1506110A04F6
:10CF60000A1104041F04041C0B1F251E15160F189C
:10CF7000131C0B1F251E15160F18130000000000B0
:10CF80000338FDD870470000F79207009B92070016
:10CF9000EB9707005D9807007D980700E191070077
:10CFA000A19107007F97070000000000A9980700E3
:10CFB000A398070083980700200000007800000075
:10CFC000000000000100010000000000010000005E
:10CFD0000000000002000500010000004200000007
:10CFE0000000000000000000000000000000000041
:10CFF00000000000010011000100FFFF010000001F
:10D0000000000000020017000200FEFF64010000A3
:10D0100054D00700000000000000000000000000E5
:10D0200000000000010001000000000001000000FD
:10D0300000000000020005000100000022000000C6
:10D0400000000000000000000000000000000000E0
:10D0500000000000010011000400FCFF04000000BB
:10D0600000000000020011000400FCFF04000000AA
:10D0700000000000030021000400FCFF0400100079
:10D0800000000000040011000100FFFF010000008B
:10D0900000000000050011000200FEFF0400000077
:10D0A00000000000060011000400FCFF0400000066
:10D0B00000000000070011000400FCFF0400000055
:10D0C00000000000080017000200FEFF240000001E
:10D0D00024D00700090010000100FFFF010000003C
:10D0E00004D107000A0027000200FEFF44000300ED
:10D0F000C4CF070000000000000000000000000096
:10D100000000000000000000010017000400FCFF08
:10D1100068010000F4CF0700020017000400FCFFC4
:10D12000AC01000038D10700000000000000000042
:10D1300000000000000000000100070000000000E7
:10D1400068010000F4CF07000200010000000000A9
:10D1500001000000000000000300050001000000C5
:10D16000420000000000000000000000000000007D
:10D170000000000000000000446675546172670002
:10D18000000000000000000000000000000000009F
:10D1900050EADA308883B89F604F15F30000C98EDB
:10D1A0000338FDD870470C000C00000058026D6970
:10D1B00063726F6269745F61707000001002010039
:10D1C00008D3070010D3070008000000F8D20700BA
:10D1D00008D3070008000000F0D20700F8D20700CB
:10D1E00008000000E8D20700F0D2070008000000A5
:10D1F00010D3070018D30700080000000820000122
:10D20000FFFFFFFFFFFFFFFFFFFFFFFF000000002A
:10D21000000000000000000001000000FFFFFFFF11
:10D22000512563FCC2CAB9F3849E17A7ADFAE6BCC8
:10D23000FFFFFFFFFFFFFFFF00000000FFFFFFFFFA
:10D2400096C298D84539A1F4A033EB2D817D0377A0
:10D25000F240A463E5E6BCF847422CE1F2D1176B3B
:10D26000F551BF376840B6CBCE5E316B5733CE2B0E
:10D27000169E0F7C4AEBE78E9B7F1AFEE242E34F3D
:10D280004B60D2273E3CCE3BF6B053CCB0061D657A
:10D29000BC86987655BDEBB3E7933AAAD835C65A03
:10D2A0004BBF07009DC00700FDC00700382B0020C2
:10D2B0000000000001A10700599E07004032002035
:10D2C0007C4200208D42002048320020F400000003
:10D2D0000000000003000000F5B30700000000009C
:10D2E00002000000D5B30700A59A07000000000067
:10D2F000C17C07000000000079B7070000000000B3
:10D300007DB8070000000000017B0700000000005E
:10D310001D7C070000000000709FFF7F01000000DF
:10D320000090D0030000000000000000000000009A
:10D3300000000000000000000000000000000000ED
:10D3400001000000000000000000000000000000DC
:10D3500002000000EC2A00200C2B0020FC2A0020F8
:10D36000FF00FFFF0100000000E00700382B002055
:10D3700000000000000000000000000000000000AD
:10D38000000000000000000000000000000000009D
:10D39000000000000000000000000000000000008D
:10D3A000000000000000000000000000000000007D
:10D3B000000000000000000000000000000000006D
:10D3C000000000000000000000000000000000005D
:10D3D00069720700417207000000000000000000B1
:0CD3E00001A2070000100000000008007F
:10E00000BE361649020000000000000000000000BB
:10E0100000000000000000001CD20000105EBCF8F0
:10E0200001000000000000000000000000000000EF
:10E0300000000000000000000000000000000000E0
:10E0400000000000000000000000000000000000D0
:10E0500000000000000000000000000000000000C0
:10E0600000000000000000000000000000000000B0
:10E0700000000000000000000000000000000000A0
:10E080000000000000000000000000000000000090
:10E090000000000000000000000000000000000080
:10E0A0000000000000000000000000000000000070
:10E0B0000000000000000000000000000000000060
:10E0C0000000000000000000000000000000000050
:10E0D0000000000000000000000000000000000040
:10E0E0000000000000000000000000000000000030
:10E0F0000000000000000000000000000000000020
:10E10000000000000000000000000000000000000F
:10E1100000000000000000000000000000000000FF
:10E1200000000000000000000000000000000000EF
:10E1300000000000000000000000000000000000DF
:10E1400000000000000000000000000000000000CF
:10E1500000000000000000000000000000000000BF
:10E1600000000000000000000000000000000000AF
:10E17000000000000000000000000000000000009F
:10E18000000000000000000000000000000000008F
:10E19000000000000000000000000000000000007F
:10E1A000000000000000000000000000000000006F
:10E1B000000000000000000000000000000000005F
:10E1C000000000000000000000000000000000004F
:10E1D000000000000000000000000000000000003F
:10E1E000000000000000000000000000000000002F
:10E1F000000000000000000000000000000000001F
:10E20000000000000000000000000000000000000E
:10E2100000000000000000000000000000000000FE
:10E2200000000000000000000000000000000000EE
:10E2300000000000000000000000000000000000DE
:10E2400000000000000000000000000000000000CE
:10E25000000000000000000000000000A21BDAAC7B
:10E2600000000000000000000000000000000000AE
:10E27000000000000000000000000000000000009E
:10E28000000000000000000000000000000000008E
:10E29000000000000000000000000000000000007E
:10E2A000000000000000000000000000000000006E
:10E2B000000000000000000000000000000000005E
:10E2C000000000000000000000000000000000004E
:10E2D000000000000000000000000000000000003E
:10E2E000000000000000000000000000000000002E
:10E2F000000000000000000000000000000000001E
:10E30000000000000000000000000000000000000D
:10E3100000000000000000000000000000000000FD
:10E3200000000000000000000000000000000000ED
:10E3300000000000000000000000000000000000DD
:10E3400000000000000000000000000000000000CD
:10E3500000000000000000000000000000000000BD
:10E3600000000000000000000000000000000000AD
:10E37000000000000000000000000000000000009D
:10E38000000000000000000000000000000000008D
:10E39000000000000000000000000000000000007D
:10E3A000000000000000000000000000000000006D
:10E3B000000000000000000000000000000000005D
:10E3C000000000000000000000000000000000004D
:10E3D000000000000000000000000000000000003D
:10E3E000000000000000000000000000000000002D
:10E3F000000000000000000000000000000000001D
:10E40000000000000000000000000000000000000C
:10E4100000000000000000000000000000000000FC
:10E4200000000000000000000000000000000000EC
:10E4300000000000000000000000000000000000DC
:10E4400000000000000000000000000000000000CC
:10E4500000000000000000000000000000000000BC
:10E4600000000000000000000000000000000000AC
:10E47000000000000000000000000000000000009C
:10E48000000000000000000000000000000000008C
:10E49000000000000000000000000000000000007C
:10E4A000000000000000000000000000000000006C
:10E4B000000000000000000000000000000000005C
:10E4C000000000000000000000000000000000004C
:10E4D000000000000000000000000000000000003C
:10E4E000000000000000000000000000000000002C
:10E4F000000000000000000000000000000000001C
:10E50000000000000000000000000000000000000B
:10E5100000000000000000000000000000000000FB
:10E5200000000000000000000000000000000000EB
:10E5300000000000000000000000000000000000DB
:10E5400000000000000000000000000000000000CB
:10E5500000000000000000000000000000000000BB
:10E5600000000000000000000000000000000000AB
:10E57000000000000000000000000000000000009B
:10E58000000000000000000000000000000000008B
:10E59000000000000000000000000000000000007B
:10E5A000000000000000000000000000000000006B
:10E5B000000000000000000000000000000000005B
:10E5C000000000000000000000000000000000004B
:10E5D000000000000000000000000000000000003B
:10E5E000000000000000000000000000000000002B
:10E5F000000000000000000000000000000000001B
:10E60000000000000000000000000000000000000A
:10E6100000000000000000000000000000000000FA
:10E6200000000000000000000000000000000000EA
:10E6300000000000000000000000000000000000DA
:10E6400000000000000000000000000000000000CA
:10E6500000000000000000000000000000000000BA
:10E6600000000000000000000000000000000000AA
:10E67000000000000000000000000000000000009A
:10E68000000000000000000000000000000000008A
:10E69000000000000000000000000000000000007A
:10E6A000000000000000000000000000000000006A
:10E6B000000000000000000000000000000000005A
:10E6C000000000000000000000000000000000004A
:10E6D000000000000000000000000000000000003A
:10E6E000000000000000000000000000000000002A
:10E6F000000000000000000000000000000000001A
:10E700000000000000000000000000000000000009
:10E7100000000000000000000000000000000000F9
:10E7200000000000000000000000000000000000E9
:10E7300000000000000000000000000000000000D9
:10E7400000000000000000000000000000000000C9
:10E7500000000000000000000000000000000000B9
:10E7600000000000000000000000000000000000A9
:10E770000000000000000000000000000000000099
:10E780000000000000000000000000000000000089
:10E790000000000000000000000000000000000079
:10E7A0000000000000000000000000000000000069
:10E7B0000000000000000000000000000000000059
:10E7C0000000000000000000000000000000000049
:10E7D0000000000000000000000000000000000039
:10E7E0000000000000000000000000000000000029
:10E7F0000000000000000000000000000000000019
:10E800000000000000000000000000000000000008
:10E8100000000000000000000000000000000000F8
:10E8200000000000000000000000000000000000E8
:10E8300000000000000000000000000000000000D8
:10E8400000000000000000000000000000000000C8
:10E8500000000000000000000000000000000000B8
:10E8600000000000000000000000000000000000A8
:10E870000000000000000000000000000000000098
:10E880000000000000000000000000000000000088
:10E890000000000000000000000000000000000078
:10E8A0000000000000000000000000000000000068
:10E8B0000000000000000000000000000000000058
:10E8C0000000000000000000000000000000000048
:10E8D0000000000000000000000000000000000038
:10E8E0000000000000000000000000000000000028
:10E8F0000000000000000000000000000000000018
:10E900000000000000000000000000000000000007
:10E9100000000000000000000000000000000000F7
:10E9200000000000000000000000000000000000E7
:10E9300000000000000000000000000000000000D7
:10E9400000000000000000000000000000000000C7
:10E9500000000000000000000000000000000000B7
:10E9600000000000000000000000000000000000A7
:10E970000000000000000000000000000000000097
:10E980000000000000000000000000000000000087
:10E990000000000000000000000000000000000077
:10E9A0000000000000000000000000000000000067
:10E9B0000000000000000000000000000000000057
:10E9C0000000000000000000000000000000000047
:10E9D0000000000000000000000000000000000037
:10E9E0000000000000000000000000000000000027
:10E9F0000000000000000000000000000000000017
:10EA00000000000000000000000000000000000006
:10EA100000000000000000000000000000000000F6
:10EA200000000000000000000000000000000000E6
:10EA300000000000000000000000000000000000D6
:10EA400000000000000000000000000000000000C6
:10EA500000000000000000000000000000000000B6
:10EA600000000000000000000000000000000000A6
:10EA70000000000000000000000000000000000096
:10EA80000000000000000000000000000000000086
:10EA90000000000000000000000000000000000076
:10EAA0000000000000000000000000000000000066
:10EAB0000000000000000000000000000000000056
:10EAC0000000000000000000000000000000000046
:10EAD0000000000000000000000000000000000036
:10EAE0000000000000000000000000000000000026
:10EAF0000000000000000000000000000000000016
:10EB00000000000000000000000000000000000005
:10EB100000000000000000000000000000000000F5
:10EB200000000000000000000000000000000000E5
:10EB300000000000000000000000000000000000D5
:10EB400000000000000000000000000000000000C5
:10EB500000000000000000000000000000000000B5
:10EB600000000000000000000000000000000000A5
:10EB70000000000000000000000000000000000095
:10EB80000000000000000000000000000000000085
:10EB90000000000000000000000000000000000075
:10EBA0000000000000000000000000000000000065
:10EBB0000000000000000000000000000000000055
:10EBC0000000000000000000000000000000000045
:10EBD0000000000000000000000000000000000035
:10EBE0000000000000000000000000000000000025
:10EBF0000000000000000000000000000000000015
:10EC00000000000000000000000000000000000004
:10EC100000000000000000000000000000000000F4
:10EC200000000000000000000000000000000000E4
:10EC300000000000000000000000000000000000D4
:10EC400000000000000000000000000000000000C4
:10EC500000000000000000000000000000000000B4
:10EC600000000000000000000000000000000000A4
:10EC70000000000000000000000000000000000094
:10EC80000000000000000000000000000000000084
:10EC90000000000000000000000000000000000074
:10ECA0000000000000000000000000000000000064
:10ECB0000000000000000000000000000000000054
:10ECC0000000000000000000000000000000000044
:10ECD0000000000000000000000000000000000034
:10ECE0000000000000000000000000000000000024
:10ECF0000000000000000000000000000000000014
:10ED00000000000000000000000000000000000003
:10ED100000000000000000000000000000000000F3
:10ED200000000000000000000000000000000000E3
:10ED300000000000000000000000000000000000D3
:10ED400000000000000000000000000000000000C3
:10ED500000000000000000000000000000000000B3
:10ED600000000000000000000000000000000000A3
:10ED70000000000000000000000000000000000093
:10ED80000000000000000000000000000000000083
:10ED90000000000000000000000000000000000073
:10EDA0000000000000000000000000000000000063
:10EDB0000000000000000000000000000000000053
:10EDC0000000000000000000000000000000000043
:10EDD0000000000000000000000000000000000033
:10EDE0000000000000000000000000000000000023
:10EDF0000000000000000000000000000000000013
:10EE00000000000000000000000000000000000002
:10EE100000000000000000000000000000000000F2
:10EE200000000000000000000000000000000000E2
:10EE300000000000000000000000000000000000D2
:10EE400000000000000000000000000000000000C2
:10EE500000000000000000000000000000000000B2
:10EE600000000000000000000000000000000000A2
:10EE70000000000000000000000000000000000092
:10EE80000000000000000000000000000000000082
:10EE90000000000000000000000000000000000072
:10EEA0000000000000000000000000000000000062
:10EEB0000000000000000000000000000000000052
:10EEC0000000000000000000000000000000000042
:10EED0000000000000000000000000000000000032
:10EEE0000000000000000000000000000000000022
:10EEF0000000000000000000000000000000000012
:10EF00000000000000000000000000000000000001
:10EF100000000000000000000000000000000000F1
:10EF200000000000000000000000000000000000E1
:10EF300000000000000000000000000000000000D1
:10EF400000000000000000000000000000000000C1
:10EF500000000000000000000000000000000000B1
:10EF600000000000000000000000000000000000A1
:10EF70000000000000000000000000000000000091
:10EF80000000000000000000000000000000000081
:10EF90000000000000000000000000000000000071
:10EFA0000000000000000000000000000000000061
:10EFB0000000000000000000000000000000000051
:10EFC0000000000000000000000000000000000041
:10EFD0000000000000000000000000000000000031
:10EFE0000000000000000000000000000000000021
:10EFF0000000000000000000000000000000000011
:10F00000BE361649020000000000000000000000AB
:10F0100000000000000000001CD20000105EBCF8E0
:10F0200001000000000000000000000000000000DF
:10F0300000000000000000000000000000000000D0
:10F0400000000000000000000000000000000000C0
:10F0500000000000000000000000000000000000B0
:10F0600000000000000000000000000000000000A0
:10F070000000000000000000000000000000000090
:10F080000000000000000000000000000000000080
:10F090000000000000000000000000000000000070
:10F0A0000000000000000000000000000000000060
:10F0B0000000000000000000000000000000000050
:10F0C0000000000000000000000000000000000040
:10F0D0000000000000000000000000000000000030
:10F0E0000000000000000000000000000000000020
:10F0F0000000000000000000000000000000000010
:10F1000000000000000000000000000000000000FF
:10F1100000000000000000000000000000000000EF
:10F1200000000000000000000000000000000000DF
:10F1300000000000000000000000000000000000CF
:10F1400000000000000000000000000000000000BF
:10F1500000000000000000000000000000000000AF
:10F16000000000000000000000000000000000009F
:10F17000000000000000000000000000000000008F
:10F18000000000000000000000000000000000007F
:10F19000000000000000000000000000000000006F
:10F1A000000000000000000000000000000000005F
:10F1B000000000000000000000000000000000004F
:10F1C000000000000000000000000000000000003F
:10F1D000000000000000000000000000000000002F
:10F1E000000000000000000000000000000000001F
:10F1F000000000000000000000000000000000000F
:10F2000000000000000000000000000000000000FE
:10F2100000000000000000000000000000000000EE
:10F2200000000000000000000000000000000000DE
:10F2300000000000000000000000000000000000CE
:10F2400000000000000000000000000000000000BE
:10F25000000000000000000000000000A21BDAAC6B
:10F26000000000000000000000000000000000009E
:10F27000000000000000000000000000000000008E
:10F28000000000000000000000000000000000007E
:10F29000000000000000000000000000000000006E
:10F2A000000000000000000000000000000000005E
:10F2B000000000000000000000000000000000004E
:10F2C000000000000000000000000000000000003E
:10F2D000000000000000000000000000000000002E
:10F2E000000000000000000000000000000000001E
:10F2F000000000000000000000000000000000000E
:10F3000000000000000000000000000000000000FD
:10F3100000000000000000000000000000000000ED
:03F32000000000EA
:020000040000FA
:020000041000EA
:081014000070070000E0070076
:0400000330007C3518
:00000001FF
